timestamp,heart_rate,heart_rmssd
1581498989000,92,29
1581499289000,96,16
1581499589000,91,19
1581499889000,85,17
1581500189000,80,25
1581500489000,79,19
1581500789000,79,19
1581501089000,80,19
1581501389000,81,23
1581501689000,82,20
1581501989000,80,29
1581502289000,77,31
1581502589000,78,21
1581502889000,76,32
1581503189000,74,33
1581503489000,76,22
1581503789000,77,32
1581504089000,75,27
1581504389000,75,31
1581504689000,73,34
1581504989000,73,29
1581505289000,75,27
1581505589000,74,37
1581505889000,79,19
1581506189000,77,20
1581506489000,77,16
1581506789000,73,26
1581507089000,74,22
1581507389000,73,25
1581507689000,72,31
1581507989000,73,28
1581508289000,72,53
1581508589000,69,42
1581508889000,70,34
1581509189000,71,31
1581509489000,71,31
1581509789000,73,39
1581510089000,71,46
1581510389000,74,23
1581510689000,78,14
1581510989000,75,29
1581511289000,74,30
1581511589000,71,42
1581511889000,72,33
1581512189000,72,27
1581512489000,72,44
1581512789000,72,28
1581513089000,71,31
1581513389000,71,27
1581513689000,71,31
1581513989000,71,34
1581514289000,70,63
1581514589000,66,72
1581514889000,72,34
1581515189000,69,62
1581515489000,68,59
1581515789000,66,74
1581516089000,71,42
1581516389000,71,47
1581516689000,70,62
1581516989000,71,44
1581517289000,71,39
1581517589000,0,0
1581517889000,70,30
1581518189000,71,29
1581518489000,71,34
1581518789000,73,42
1581519089000,69,59
1581519389000,71,60
1581519689000,79,35
1581519989000,77,36
1581520289000,77,28
1581520589000,74,38
1581520889000,71,51
1581521189000,74,41
1581521489000,71,58
1581521789000,75,36
1581522089000,76,32
1581522389000,74,37
1581522689000,74,41
1581522989000,74,61
1581579312000,0,0
1581579612000,0,0
1581579912000,78,38
1581580212000,78,37
1581580512000,78,28
1581580812000,79,24
1581581112000,80,30
1581581412000,79,29
1581581712000,79,27
1581582012000,80,24
1581582312000,81,21
1581582612000,81,25
1581582912000,81,26
1581583212000,78,52
1581583512000,70,62
1581583812000,73,44
1581584112000,75,30
1581584412000,80,18
1581584712000,75,34
1581585012000,73,38
1581585312000,72,42
1581585612000,71,46
1581585912000,69,60
1581586212000,69,54
1581586512000,69,54
1581586812000,67,61
1581587112000,70,55
1581587412000,75,32
1581587712000,73,54
1581588012000,67,78
1581588312000,69,69
1581588612000,76,36
1581588912000,76,28
1581589212000,75,37
1581589512000,72,50
1581589812000,67,63
1581590112000,66,60
1581590412000,67,55
1581590712000,67,54
1581591012000,68,46
1581591312000,67,60
1581591612000,67,98
1581591912000,68,64
1581592212000,69,62
1581592512000,75,47
1581592812000,70,56
1581593112000,69,63
1581593412000,68,67
1581593712000,71,54
1581594012000,68,65
1581594312000,67,71
1581594612000,66,67
1581594912000,65,59
1581595212000,64,72
1581595512000,64,70
1581595812000,65,61
1581596112000,63,72
1581596412000,62,114
1581596712000,63,81
1581597012000,64,84
1581597312000,64,95
1581597612000,62,97
1581597912000,68,67
1581598212000,69,70
1581598512000,75,18
1581598812000,68,60
1581599112000,68,66
1581599412000,68,61
1581599712000,68,56
1581600012000,70,63
1581600312000,69,56
1581600612000,71,43
1581600912000,68,74
1581601212000,67,65
1581601512000,69,63
1581601812000,63,106
1581602112000,64,88
1581602412000,64,95
1581602712000,69,82
1581603012000,77,26
1581603312000,72,35
1581603612000,68,80
1581603912000,67,92
1581604212000,64,95
1581604512000,71,50
1581604812000,67,89
1581605112000,65,79
1581605412000,64,98
1581605712000,65,89
1581606012000,63,120
1581606312000,62,126
1581606612000,61,129
1581606912000,68,89
1581607212000,63,114
1581607512000,62,130
1581607812000,69,91
1581608112000,67,93
1581608412000,64,125
1581608712000,63,133
1581609012000,65,95
1581609312000,70,72
1581609612000,64,113
1581609912000,67,87
1581610212000,66,103
1581610512000,65,123
1581610812000,62,126
1581611112000,63,113
1581666811000,83,39
1581667111000,84,31
1581667411000,81,29
1581667711000,80,35
1581668011000,77,39
1581668311000,77,35
1581668611000,78,34
1581668911000,77,36
1581669211000,71,70
1581669511000,72,50
1581669811000,75,34
1581670111000,74,43
1581670411000,76,41
1581670711000,75,49
1581671011000,79,32
1581671311000,81,25
1581671611000,80,29
1581671911000,78,25
1581672211000,78,23
1581672511000,78,27
1581672811000,76,33
1581673111000,71,72
1581673411000,72,56
1581673711000,72,48
1581674011000,73,45
1581674311000,72,50
1581674611000,71,58
1581674911000,67,61
1581675211000,73,35
1581675511000,81,19
1581675811000,82,16
1581676111000,78,43
1581676411000,82,25
1581676711000,84,23
1581677011000,82,25
1581677311000,83,23
1581677611000,78,42
1581677911000,72,53
1581678211000,70,69
1581678511000,72,46
1581678811000,71,55
1581679111000,71,57
1581679411000,72,41
1581679711000,73,42
1581680011000,73,45
1581680311000,73,34
1581680611000,74,29
1581680911000,73,35
1581681211000,72,43
1581681511000,72,50
1581681811000,77,17
1581682111000,76,24
1581682411000,78,19
1581682711000,73,45
1581683011000,72,45
1581683311000,69,65
1581683611000,70,36
1581683911000,69,59
1581684211000,68,73
1581684511000,68,53
1581684811000,67,59
1581685111000,68,57
1581685411000,68,48
1581685711000,65,79
1581686011000,66,80
1581686311000,68,61
1581686611000,71,45
1581686911000,70,62
1581687211000,70,66
1581687511000,66,84
1581687811000,71,62
1581688111000,75,43
1581688411000,73,54
1581688711000,70,69
1581689011000,77,31
1581689311000,76,39
1581689611000,74,42
1581689911000,75,39
1581690211000,75,35
1581690511000,73,55
1581690811000,62,106
1581691111000,63,100
1581691411000,68,60
1581691711000,73,49
1581692011000,72,66
1581692311000,64,118
1581692611000,63,112
1581692911000,66,87
1581693211000,68,75
1581693511000,67,99
1581693811000,79,50
1581694111000,76,47
1581694411000,75,57
1581694711000,0,0
1581758339000,98,9
1581758639000,95,11
1581758939000,94,12
1581759239000,93,12
1581759539000,90,16
1581759839000,88,17
1581760139000,88,15
1581760439000,88,14
1581760739000,87,15
1581761039000,88,14
1581761339000,88,13
1581761639000,89,13
1581761939000,0,0
1581762239000,0,0
1581762539000,0,0
1581762839000,87,15
1581763139000,85,13
1581763439000,86,12
1581763739000,86,14
1581764039000,86,13
1581764339000,87,11
1581764639000,88,9
1581764939000,87,10
1581765239000,86,9
1581765539000,87,9
1581765839000,86,10
1581766139000,86,11
1581766439000,86,12
1581766739000,86,12
1581767039000,86,16
1581767339000,85,14
1581767639000,83,17
1581767939000,85,14
1581768239000,82,14
1581768539000,86,12
1581768839000,85,12
1581769139000,86,11
1581769439000,91,11
1581769739000,91,10
1581770039000,94,8
1581770339000,92,11
1581770639000,92,10
1581770939000,91,12
1581771239000,91,12
1581771539000,90,12
1581771839000,92,17
1581772139000,91,11
1581772439000,89,15
1581772739000,89,13
1581773039000,90,12
1581773339000,88,20
1581773639000,81,31
1581773939000,81,27
1581774239000,81,32
1581774539000,83,23
1581774839000,82,23
1581775139000,84,19
1581775439000,84,15
1581775739000,86,13
1581776039000,89,12
1581776339000,86,14
1581776639000,87,19
1581776939000,87,11
1581777239000,88,14
1581777539000,85,19
1581777839000,86,20
1581778139000,90,19
1581778439000,92,14
1581778739000,89,15
1581779039000,86,17
1581779339000,85,18
1581779639000,84,21
1581779939000,85,15
1581780239000,84,16
1581780539000,89,18
1581780839000,91,14
1581781139000,90,16
1581781439000,93,12
1581781739000,93,12
1581782039000,88,19
1581782339000,82,29
1581782639000,81,32
1581782939000,80,34
1581783239000,81,34
1581783539000,78,49
1581783839000,78,50
1581784139000,80,36
1581784439000,77,40
1581784739000,85,28
1581785039000,0,0
1581785339000,90,23
1581785639000,0,0
1581785939000,90,29
1581786239000,86,27
1581786539000,89,21
1581786839000,92,17
1581787139000,89,27
1581787439000,0,0
1581927242000,0,0
1581927542000,0,0
1581927842000,0,0
1581928142000,94,16
1581928442000,91,26
1581928742000,94,19
1581929042000,96,16
1581929342000,96,15
1581929642000,94,19
1581929942000,92,24
1581930242000,92,21
1581930542000,93,22
1581930842000,93,20
1581931142000,92,20
1581931442000,93,20
1581931742000,93,17
1581932042000,94,17
1581932342000,95,17
1581932642000,94,18
1581932942000,97,15
1581933242000,87,14
1581933542000,84,16
1581933842000,87,14
1581934142000,90,14
1581934442000,90,19
1581934742000,86,14
1581935042000,82,14
1581935342000,85,14
1581935642000,83,17
1581935942000,88,17
1581936242000,88,20
1581936542000,88,19
1581936842000,88,20
1581937142000,90,20
1581937442000,88,25
1581937742000,91,18
1581938042000,96,10
1581938342000,93,11
1581938642000,92,14
1581938942000,87,18
1581939242000,84,26
1581939542000,88,26
1581939842000,90,23
1581940142000,90,25
1581940442000,84,33
1581940742000,85,32
1581941042000,86,27
1581941342000,84,32
1581941642000,82,34
1581941942000,85,34
1581942242000,84,29
1581942542000,90,22
1581942842000,92,15
1581943142000,90,17
1581943442000,89,25
1581943742000,87,24
1581944042000,86,25
1581944342000,81,42
1581944642000,82,29
1581944942000,83,21
1581945242000,84,23
1581945542000,82,31
1581945842000,84,22
1581946142000,85,19
1581946442000,83,30
1581946742000,82,27
1581947042000,85,22
1581947342000,86,24
1581947642000,86,21
1581947942000,81,32
1581948242000,83,19
1581948542000,83,28
1581948842000,78,45
1581949142000,81,37
1581949442000,85,17
1581949742000,90,15
1581950042000,87,16
1581950342000,83,26
1581950642000,81,38
1581950942000,79,51
1581951242000,80,39
1581951542000,81,34
1581951842000,82,33
1581952142000,80,34
1581952442000,78,39
1581952742000,77,46
1581953042000,73,75
1581953342000,74,65
1581953642000,81,35
1581953942000,74,64
1581954242000,76,57
1581954542000,78,45
1581954842000,81,21
1581955142000,78,27
1581955442000,78,37
1581955742000,78,58
1581956042000,84,47
1582012413000,0,0
1582012713000,0,0
1582013013000,87,19
1582013313000,88,19
1582013613000,88,15
1582013913000,88,15
1582014213000,86,20
1582014513000,88,16
1582014813000,90,15
1582015113000,89,17
1582015413000,87,22
1582015713000,85,29
1582016013000,85,20
1582016313000,82,27
1582016613000,82,21
1582016913000,84,18
1582017213000,82,23
1582017513000,83,19
1582017813000,84,25
1582018113000,84,23
1582018413000,87,11
1582018713000,87,15
1582019013000,85,18
1582019313000,81,27
1582019613000,82,31
1582019913000,82,36
1582020213000,83,32
1582020513000,82,28
1582020813000,80,32
1582021113000,77,46
1582021413000,73,41
1582021713000,72,41
1582022013000,72,44
1582022313000,76,48
1582022613000,78,39
1582022913000,80,25
1582023213000,83,19
1582023513000,82,22
1582023813000,87,16
1582024113000,79,34
1582024413000,79,36
1582024713000,79,37
1582025013000,74,42
1582025313000,73,55
1582025613000,68,59
1582025913000,69,51
1582026213000,73,57
1582026513000,76,44
1582026813000,74,52
1582027113000,74,51
1582027413000,73,54
1582027713000,73,55
1582028013000,73,58
1582028313000,73,54
1582028613000,75,51
1582028913000,72,71
1582029213000,78,42
1582029513000,76,43
1582029813000,76,44
1582030113000,73,56
1582030413000,66,82
1582030713000,67,71
1582031013000,65,86
1582031313000,67,58
1582031613000,67,54
1582031913000,71,61
1582032213000,70,62
1582032513000,75,49
1582032813000,79,39
1582033113000,81,32
1582033413000,79,40
1582033713000,77,38
1582034013000,75,41
1582034313000,77,34
1582034613000,73,56
1582034913000,69,68
1582035213000,67,71
1582035513000,67,69
1582035813000,68,74
1582036113000,69,83
1582036413000,67,87
1582036713000,68,87
1582037013000,69,82
1582037313000,68,79
1582037613000,70,68
1582037913000,72,54
1582038213000,78,39
1582038513000,72,59
1582038813000,71,78
1582039113000,67,103
1582039413000,67,94
1582039713000,76,68
1582097461000,0,0
1582097761000,92,11
1582098061000,92,11
1582098361000,91,12
1582098661000,91,13
1582098961000,90,10
1582099261000,90,11
1582099561000,90,13
1582099861000,88,12
1582100161000,91,11
1582100461000,90,12
1582100761000,91,15
1582101061000,88,15
1582101361000,88,13
1582101661000,90,13
1582101961000,91,13
1582102261000,89,15
1582102561000,87,15
1582102861000,91,13
1582103161000,91,13
1582103461000,93,9
1582103761000,91,10
1582104061000,89,12
1582104361000,89,12
1582104661000,89,11
1582104961000,87,12
1582105261000,83,19
1582105561000,83,15
1582105861000,90,14
1582106161000,86,19
1582106461000,86,15
1582106761000,91,10
1582107061000,90,12
1582107361000,88,14
1582107661000,87,14
1582107961000,86,19
1582108261000,88,20
1582108561000,89,16
1582108861000,90,12
1582109161000,84,25
1582109461000,84,21
1582109761000,83,23
1582110061000,83,18
1582110361000,82,24
1582110661000,81,25
1582110961000,82,20
1582111261000,82,26
1582111561000,79,45
1582111861000,76,61
1582112161000,77,38
1582112461000,77,39
1582112761000,78,27
1582113061000,78,22
1582113361000,77,37
1582113661000,76,38
1582113961000,76,32
1582114261000,77,24
1582114561000,78,36
1582114861000,82,34
1582115161000,82,37
1582115461000,87,17
1582115761000,83,30
1582116061000,81,29
1582116361000,79,45
1582116661000,77,35
1582116961000,77,36
1582117261000,73,53
1582117561000,74,41
1582117861000,73,42
1582118161000,73,34
1582118461000,75,37
1582118761000,75,40
1582119061000,76,37
1582119361000,76,38
1582119661000,79,23
1582119961000,80,27
1582120261000,76,34
1582120561000,75,48
1582120861000,78,30
1582121161000,77,29
1582121461000,77,42
1582121761000,77,33
1582122061000,76,30
1582122361000,75,37
1582122661000,76,28
1582122961000,76,31
1582123261000,78,37
1582123561000,76,38
1582123861000,78,23
1582124161000,83,22
1582124461000,80,40
1582124761000,79,36
1582125061000,76,50
1582125361000,79,30
1582125661000,79,29
1582125961000,79,29
1582126261000,77,42
1582126561000,77,40
1582126861000,80,49
1582127161000,81,27
1582127461000,84,22
1582127761000,81,40
1582128061000,80,43
1582128361000,81,19
1582128661000,81,22
1582128961000,82,19
1582129261000,81,24
1582129561000,81,30
1582129861000,80,36
1582130161000,76,56
1582130461000,77,51
1582130761000,76,67
1582131061000,75,59
1582131361000,92,28
1582131661000,91,20
1582131961000,89,24
1582132261000,92,25
1582132561000,0,0
1582186020000,86,17
1582186320000,84,18
1582186620000,84,17
1582186920000,84,16
1582187220000,84,16
1582187520000,84,18
1582187820000,0,0
1582188120000,84,16
1582188420000,82,18
1582188720000,83,17
1582189020000,82,19
1582189320000,81,18
1582189620000,81,23
1582189920000,80,22
1582190220000,81,18
1582190520000,81,21
1582190820000,80,30
1582191120000,80,28
1582191420000,84,14
1582191720000,82,19
1582192020000,83,14
1582192320000,84,17
1582192620000,81,15
1582192920000,79,30
1582193220000,78,27
1582193520000,0,0
1582193820000,80,27
1582194120000,77,29
1582194420000,78,24
1582194720000,76,29
1582195020000,77,20
1582195320000,77,25
1582195620000,75,36
1582195920000,75,35
1582196220000,76,37
1582196520000,81,15
1582196820000,83,13
1582197120000,80,21
1582197420000,81,19
1582197720000,79,20
1582198020000,79,18
1582198320000,77,30
1582198620000,75,29
1582198920000,76,22
1582199220000,75,32
1582199520000,75,29
1582199820000,74,32
1582200120000,74,40
1582200420000,74,28
1582200720000,74,36
1582201020000,73,44
1582201320000,75,27
1582201620000,75,34
1582201920000,75,33
1582202220000,77,31
1582202520000,77,31
1582202820000,77,27
1582203120000,77,21
1582203420000,76,29
1582203720000,77,32
1582204020000,77,29
1582204320000,75,30
1582204620000,81,17
1582204920000,82,17
1582205220000,80,21
1582205520000,78,21
1582205820000,79,21
1582206120000,77,26
1582206420000,78,23
1582206720000,76,30
1582207020000,76,36
1582207320000,76,33
1582207620000,77,28
1582207920000,76,25
1582208220000,76,27
1582208520000,77,28
1582208820000,73,53
1582209120000,74,39
1582209420000,76,36
1582209720000,77,26
1582210020000,75,40
1582210320000,75,37
1582210620000,75,41
1582210920000,76,37
1582211220000,75,41
1582211520000,76,38
1582211820000,75,36
1582212120000,72,59
1582212420000,74,50
1582212720000,71,56
1582213020000,71,52
1582213320000,71,48
1582213620000,72,49
1582213920000,76,33
1582214220000,78,26
1582214520000,75,41
1582214820000,73,43
1582215120000,76,21
1582215420000,77,27
1582215720000,75,35
1582273622000,0,0
1582273922000,67,73
1582274222000,66,67
1582274522000,67,55
1582274822000,68,44
1582275122000,70,43
1582275422000,72,35
1582275722000,73,34
1582276022000,73,32
1582276322000,73,28
1582276622000,74,30
1582276922000,75,37
1582277222000,74,35
1582277522000,76,30
1582277822000,76,30
1582278122000,77,18
1582278422000,76,30
1582278722000,75,23
1582279022000,74,28
1582279322000,75,31
1582279622000,72,46
1582279922000,73,32
1582280222000,74,28
1582280522000,75,28
1582280822000,72,41
1582281122000,75,33
1582281422000,80,18
1582281722000,76,24
1582282022000,81,17
1582282322000,77,25
1582282622000,80,17
1582282922000,78,26
1582283222000,76,31
1582283522000,74,46
1582283822000,74,40
1582284122000,74,55
1582284422000,73,40
1582284722000,73,34
1582285022000,76,44
1582285322000,80,34
1582285622000,77,32
1582285922000,77,25
1582286222000,77,27
1582286522000,78,22
1582286822000,0,0
1582287122000,0,0
1582287422000,79,23
1582287722000,87,13
1582288022000,87,15
1582288322000,92,13
1582288622000,84,19
1582288922000,82,31
1582289222000,77,37
1582289522000,77,36
1582289822000,76,27
1582290122000,75,31
1582290422000,74,34
1582290722000,74,35
1582291022000,73,37
1582291322000,73,40
1582291622000,71,48
1582291922000,71,78
1582292222000,72,59
1582292522000,74,45
1582292822000,74,41
1582293122000,75,57
1582293422000,79,27
1582293722000,78,33
1582294022000,74,42
1582294322000,75,42
1582294622000,75,46
1582294922000,73,54
1582295222000,71,55
1582295522000,70,55
1582295822000,71,46
1582296122000,72,40
1582296422000,71,45
1582296722000,70,66
1582297022000,71,50
1582297322000,71,63
1582297622000,71,61
1582297922000,75,38
1582298222000,76,30
1582298522000,76,30
1582298822000,78,28
1582299122000,70,58
1582299422000,70,56
1582299722000,73,59
1582300022000,72,58
1582300322000,72,57
1582300622000,69,72
1582300922000,69,67
1582301222000,71,71
1582301522000,73,61
1582301822000,70,80
1582302122000,76,33
1582302422000,72,50
1582302722000,72,54
1582303022000,71,60
1582303322000,71,61
1582303622000,72,62
1582303922000,79,27
1582304222000,75,50
1582304522000,75,45
1582304822000,76,42
1582305122000,78,32
1582305422000,78,37
1582305722000,78,31
1582306022000,80,46
1582306322000,78,46
1582306622000,0,0
1582532244000,0,0
1582532544000,0,0
1582532844000,0,0
1582533144000,85,21
1582533444000,85,22
1582533744000,82,22
1582534044000,79,26
1582534344000,80,38
1582534644000,81,23
1582534944000,81,22
1582535244000,81,22
1582535544000,80,35
1582535844000,74,37
1582536144000,74,36
1582536444000,74,28
1582536744000,74,28
1582537044000,75,44
1582537344000,73,44
1582537644000,73,43
1582537944000,77,31
1582538244000,78,34
1582538544000,81,18
1582538844000,78,29
1582539144000,80,21
1582539444000,81,24
1582539744000,78,29
1582540044000,78,25
1582540344000,76,25
1582540644000,75,27
1582540944000,72,38
1582541244000,71,43
1582541544000,71,40
1582541844000,70,42
1582542144000,70,55
1582542444000,70,62
1582542744000,66,56
1582543044000,68,50
1582543344000,68,54
1582543644000,68,53
1582543944000,71,48
1582544244000,71,47
1582544544000,74,40
1582544844000,73,40
1582545144000,70,63
1582545444000,66,68
1582545744000,65,66
1582546044000,66,57
1582546344000,66,57
1582546644000,68,56
1582546944000,68,53
1582547244000,69,47
1582547544000,68,48
1582547844000,70,55
1582548144000,72,41
1582548444000,79,11
1582548744000,77,25
1582549044000,71,38
1582549344000,68,42
1582549644000,74,29
1582549944000,78,20
1582550244000,75,20
1582550544000,70,39
1582550844000,73,32
1582551144000,73,34
1582551444000,72,39
1582551744000,72,42
1582552044000,71,44
1582552344000,69,50
1582552644000,70,45
1582552944000,68,49
1582553244000,70,55
1582553544000,66,63
1582553844000,66,67
1582554144000,67,65
1582554444000,67,53
1582554744000,67,50
1582555044000,65,81
1582555344000,67,59
1582555644000,69,50
1582555944000,67,67
1582556244000,65,77
1582556544000,70,65
1582556844000,72,54
1582557144000,72,52
1582557444000,71,54
1582557744000,73,44
1582558044000,74,36
1582558344000,73,49
1582558644000,71,54
1582558944000,70,80
1582559244000,67,75
1582559544000,69,60
1582559844000,71,62
1582560144000,82,16
1582560444000,80,18
1582560744000,77,32
1582561044000,77,20
1582561344000,76,25
1582616338000,74,45
1582616638000,72,44
1582616938000,71,38
1582617238000,71,37
1582617538000,71,39
1582617838000,70,42
1582618138000,71,54
1582618438000,72,45
1582618738000,71,51
1582619038000,67,64
1582619338000,68,47
1582619638000,67,59
1582619938000,66,62
1582620238000,66,64
1582620538000,67,63
1582620838000,70,53
1582621138000,75,25
1582621438000,73,53
1582621738000,68,79
1582622038000,73,41
1582622338000,72,41
1582622638000,71,37
1582622938000,70,42
1582623238000,72,51
1582623538000,0,0
1582623838000,72,58
1582624138000,65,74
1582624438000,66,57
1582624738000,66,57
1582625038000,65,62
1582625338000,65,74
1582625638000,64,73
1582625938000,64,80
1582626238000,65,69
1582626538000,61,97
1582626838000,64,67
1582627138000,67,69
1582627438000,67,85
1582627738000,64,82
1582628038000,67,75
1582628338000,73,40
1582628638000,67,61
1582628938000,65,64
1582629238000,67,56
1582629538000,67,51
1582629838000,67,60
1582630138000,0,0
1582630438000,71,44
1582630738000,71,48
1582631038000,71,43
1582631338000,0,0
1582631638000,0,0
1582631938000,0,0
1582632238000,0,0
1582632538000,0,0
1582632838000,0,0
1582633138000,0,0
1582633438000,0,0
1582633738000,69,67
1582634038000,76,19
1582634338000,71,47
1582634638000,70,58
1582634938000,67,69
1582635238000,69,57
1582635538000,72,43
1582635838000,71,54
1582636138000,70,52
1582636438000,70,49
1582636738000,68,73
1582637038000,65,66
1582637338000,67,56
1582637638000,67,62
1582637938000,68,60
1582638238000,68,64
1582638538000,67,49
1582638838000,68,52
1582639138000,0,0
1582639438000,67,71
1582639738000,69,56
1582640038000,69,55
1582640338000,68,68
1582640638000,68,60
1582640938000,70,47
1582641238000,74,42
1582641538000,70,54
1582641838000,70,62
1582642138000,72,41
1582642438000,72,36
1582642738000,62,120
1582643038000,61,101
1582643338000,62,95
1582643638000,64,79
1582643938000,64,85
1582644238000,67,64
1582644538000,70,78
1582644838000,64,84
1582645138000,66,90
1582645438000,63,97
1582645738000,63,112
1582646038000,68,89
1582646338000,79,36
1582646638000,73,36
1582646938000,72,41
1582647238000,72,52
1582647538000,71,56
1582647838000,72,58
1582648138000,72,68
1582648438000,0,0
1582704481000,81,30
1582704781000,80,28
1582705081000,84,30
1582705381000,83,34
1582705681000,83,38
1582705981000,81,33
1582706281000,81,30
1582706581000,80,32
1582706881000,79,29
1582707181000,71,57
1582707481000,71,53
1582707781000,72,40
1582708081000,72,41
1582708381000,72,44
1582708681000,74,41
1582708981000,73,44
1582709281000,76,40
1582709581000,78,28
1582709881000,74,51
1582710181000,74,38
1582710481000,73,36
1582710781000,73,52
1582711081000,65,60
1582711381000,65,64
1582711681000,69,65
1582711981000,71,49
1582712281000,73,46
1582712581000,63,100
1582712881000,61,90
1582713181000,62,93
1582713481000,63,65
1582713781000,61,86
1582714081000,62,78
1582714381000,62,79
1582714681000,61,89
1582714981000,72,48
1582715281000,73,36
1582715581000,71,42
1582715881000,67,89
1582716181000,70,81
1582716481000,74,51
1582716781000,70,76
1582717081000,70,56
1582717381000,69,55
1582717681000,73,68
1582717981000,63,97
1582718281000,64,85
1582718581000,63,85
1582718881000,60,96
1582719181000,65,81
1582719481000,63,76
1582719781000,66,80
1582720081000,64,94
1582720381000,63,81
1582720681000,64,69
1582720981000,64,69
1582721281000,64,85
1582721581000,61,98
1582721881000,67,72
1582722181000,72,38
1582722481000,69,76
1582722781000,71,59
1582723081000,68,71
1582723381000,70,56
1582723681000,67,83
1582723981000,68,62
1582724281000,69,58
1582724581000,70,54
1582724881000,65,101
1582725181000,64,80
1582725481000,66,60
1582725781000,64,75
1582726081000,64,78
1582726381000,66,74
1582726681000,63,97
1582726981000,65,63
1582727281000,64,100
1582727581000,73,32
1582727881000,66,71
1582728181000,67,74
1582728481000,71,54
1582728781000,68,62
1582729081000,70,58
1582729381000,69,78
1582729681000,68,77
1582729981000,64,112
1582730281000,64,84
1582730581000,63,92
1582730881000,66,87
1582731181000,72,59
1582731481000,71,41
1582731781000,0,0
1582732081000,74,51
1582732381000,75,53
1582732681000,71,77
1582732981000,0,0
1582733281000,76,57
1582733581000,0,0
1582788182000,78,47
1582788482000,84,30
1582788782000,82,30
1582789082000,81,31
1582789382000,80,32
1582789682000,79,29
1582789982000,79,28
1582790282000,80,23
1582790582000,71,51
1582790882000,71,40
1582791182000,70,47
1582791482000,72,53
1582791782000,74,44
1582792082000,73,46
1582792382000,77,28
1582792682000,74,64
1582792982000,71,49
1582793282000,69,61
1582793582000,67,73
1582793882000,66,83
1582794182000,66,79
1582794482000,66,76
1582794782000,67,61
1582795082000,68,54
1582795382000,68,55
1582795682000,69,62
1582795982000,0,0
1582796282000,72,53
1582796582000,74,43
1582796882000,72,58
1582797182000,72,42
1582797482000,73,55
1582797782000,72,54
1582798082000,78,31
1582798382000,73,49
1582798682000,74,40
1582798982000,69,70
1582799282000,68,60
1582799582000,67,57
1582799882000,66,69
1582800182000,66,73
1582800482000,66,69
1582800782000,66,75
1582801082000,68,68
1582801382000,67,72
1582801682000,66,62
1582801982000,66,74
1582802282000,70,65
1582802582000,73,48
1582802882000,72,43
1582803182000,72,56
1582803482000,68,65
1582803782000,69,43
1582804082000,68,57
1582804382000,69,65
1582804682000,68,74
1582804982000,70,67
1582805282000,69,49
1582805582000,69,50
1582805882000,69,71
1582806182000,66,78
1582806482000,69,62
1582806782000,73,46
1582807082000,74,45
1582807382000,66,92
1582807682000,74,40
1582807982000,71,54
1582808282000,70,69
1582808582000,67,72
1582808882000,65,87
1582809182000,65,92
1582809482000,65,80
1582809782000,64,82
1582810082000,63,108
1582810382000,63,108
1582810682000,65,85
1582810982000,65,84
1582811282000,64,93
1582811582000,65,95
1582811882000,73,40
1582812182000,68,81
1582812482000,72,63
1582812782000,71,56
1582813082000,0,0
1582813382000,67,83
1582813682000,70,68
1582813982000,69,75
1582814282000,67,88
1582814582000,68,68
1582814882000,66,74
1582815182000,66,78
1582815482000,69,75
1582815782000,71,65
1582816082000,73,60
1582816382000,73,52
1582816682000,72,53
1582816982000,73,52
1582817282000,75,52
1582817582000,72,61
1582817882000,71,64
1582818182000,73,55
1582818482000,66,98
1582818782000,65,83
1582819082000,71,74
1582819382000,69,85
1582819682000,71,70
1582819982000,73,60
1582820282000,74,54
1582820582000,75,43
1582820882000,80,23
1582821182000,83,15
1582821482000,0,0
1582821782000,0,0
1582822082000,0,0
1582868279000,86,23
1582868579000,85,36
1582868879000,88,25
1582869179000,86,35
1582869479000,91,32
1582869779000,92,31
1582870079000,91,29
1582870379000,91,28
1582870679000,94,21
1582870979000,86,18
1582871279000,87,17
1582871579000,90,16
1582871879000,88,18
1582872179000,86,17
1582872479000,85,18
1582872779000,87,22
1582873079000,92,17
1582873379000,91,17
1582873679000,88,16
1582873979000,87,17
1582874279000,83,18
1582874579000,82,26
1582874879000,83,22
1582875179000,84,21
1582875479000,85,17
1582875779000,81,24
1582876079000,82,21
1582876379000,82,24
1582876679000,75,40
1582876979000,73,40
1582877279000,73,41
1582877579000,73,49
1582877879000,72,42
1582878179000,72,44
1582878479000,74,43
1582878779000,74,37
1582879079000,76,38
1582879379000,77,44
1582879679000,77,45
1582879979000,77,37
1582880279000,79,37
1582880579000,78,42
1582880879000,77,36
1582881179000,73,39
1582881479000,74,29
1582881779000,74,32
1582882079000,75,29
1582882379000,77,39
1582882679000,78,45
1582882979000,74,50
1582883279000,78,36
1582883579000,73,40
1582883879000,76,40
1582884179000,74,41
1582884479000,80,19
1582884779000,84,14
1582885079000,83,15
1582885379000,84,16
1582885679000,87,21
1582885979000,81,19
1582886279000,79,21
1582886579000,74,48
1582886879000,76,26
1582887179000,75,29
1582887479000,74,31
1582887779000,75,30
1582888079000,73,34
1582888379000,75,43
1582888679000,71,69
1582888979000,71,61
1582889279000,72,55
1582889579000,76,37
1582889879000,76,48
1582890179000,78,20
1582890479000,78,32
1582890779000,75,40
1582891079000,0,0
1582960860000,0,0
1582961160000,0,0
1582961460000,0,0
1582961760000,0,0
1582962060000,78,28
1582962360000,77,29
1582962660000,78,27
1582962960000,77,30
1582963260000,77,30
1582963560000,78,26
1582963860000,78,25
1582964160000,78,25
1582964460000,80,32
1582964760000,82,17
1582965060000,81,33
1582965360000,82,40
1582965660000,83,25
1582965960000,80,32
1582966260000,79,34
1582966560000,81,25
1582966860000,81,31
1582967160000,79,35
1582967460000,81,31
1582967760000,72,57
1582968060000,75,48
1582968360000,83,14
1582968660000,83,25
1582968960000,86,16
1582969260000,85,20
1582969560000,82,19
1582969860000,80,22
1582970160000,78,37
1582970460000,78,27
1582970760000,77,35
1582971060000,76,40
1582971360000,76,41
1582971660000,75,61
1582971960000,71,76
1582972260000,70,61
1582972560000,72,67
1582972860000,70,63
1582973160000,69,68
1582973460000,72,62
1582973760000,71,62
1582974060000,70,66
1582974360000,75,33
1582974660000,74,41
1582974960000,71,53
1582975260000,68,81
1582975560000,67,76
1582975860000,67,96
1582976160000,66,89
1582976460000,66,78
1582976760000,66,75
1582977060000,66,82
1582977360000,61,117
1582977660000,62,97
1582977960000,63,98
1582978260000,64,86
1582978560000,64,90
1582978860000,65,100
1582979160000,65,96
1582979460000,68,73
1582979760000,69,75
1582980060000,73,42
1582980360000,72,42
1582980660000,73,56
1582980960000,70,68
1582981260000,68,78
1582981560000,67,91
1582981860000,69,67
1582982160000,67,73
1582982460000,69,71
1582982760000,71,48
1582983060000,72,42
1582983360000,71,49
1582983660000,70,49
1582983960000,68,91
1582984260000,65,100
1582984560000,67,94
1582984860000,83,35
1582985160000,83,24
1582985460000,77,57
1583048099000,0,0
1583048399000,0,0
1583048699000,0,0
1583048999000,89,36
1583049299000,89,35
1583049599000,89,34
1583049899000,84,40
1583050199000,84,36
1583050499000,86,28
1583050799000,80,28
1583051099000,79,32
1583051399000,77,31
1583051699000,78,29
1583051999000,78,33
1583052299000,79,34
1583052599000,81,37
1583052899000,87,14
1583053199000,84,21
1583053499000,84,23
1583053799000,80,31
1583054099000,80,22
1583054399000,77,41
1583054699000,76,41
1583054999000,74,47
1583055299000,75,48
1583055599000,75,39
1583055899000,75,39
1583056199000,73,59
1583056499000,71,64
1583056799000,71,55
1583057099000,73,54
1583057399000,72,46
1583057699000,72,55
1583057999000,76,53
1583058299000,77,40
1583058599000,77,38
1583058899000,79,34
1583059199000,76,54
1583059499000,78,36
1583059799000,74,56
1583060099000,74,60
1583060399000,72,65
1583060699000,74,64
1583060999000,71,62
1583061299000,72,47
1583061599000,73,48
1583061899000,71,64
1583062199000,71,54
1583062499000,69,75
1583062799000,72,69
1583063099000,69,81
1583063399000,73,61
1583063699000,71,56
1583063999000,72,54
1583064299000,72,53
1583064599000,71,63
1583064899000,70,65
1583065199000,69,85
1583065499000,70,78
1583065799000,77,48
1583066099000,71,65
1583066399000,74,52
1583066699000,75,44
1583066999000,78,35
1583067299000,76,53
1583067599000,77,44
1583067899000,74,60
1583068199000,73,62
1583068499000,73,55
1583068799000,73,62
1583069099000,71,62
1583069399000,72,63
1583069699000,73,51
1583069999000,74,55
1583070299000,0,0
1583070599000,76,46
1583070899000,78,32
1583071199000,76,52
1583071499000,83,20
1583071799000,82,28
1583072099000,0,0
1583072399000,77,41
1583072699000,79,26
1583072999000,83,32
1583073299000,81,29
1583073599000,79,35
1583073899000,77,53
1583074199000,72,59
1583074499000,74,59
1583074799000,73,64
1583075099000,70,86
1583075399000,0,0
1583075699000,86,27
1583075999000,85,23
1583076299000,85,26
1583076599000,0,0
1583135459000,83,37
1583135759000,83,35
1583136059000,84,30
1583136359000,84,27
1583136659000,84,28
1583136959000,84,34
1583137259000,78,29
1583137559000,78,28
1583137859000,79,30
1583138159000,76,27
1583138459000,80,29
1583138759000,80,23
1583139059000,78,39
1583139359000,76,42
1583139659000,79,22
1583139959000,78,35
1583140259000,79,26
1583140559000,80,21
1583140859000,78,30
1583141159000,78,30
1583141459000,79,25
1583141759000,79,28
1583142059000,78,30
1583142359000,78,38
1583142659000,74,43
1583142959000,79,17
1583143259000,78,30
1583143559000,78,28
1583143859000,76,36
1583144159000,75,46
1583144459000,74,44
1583144759000,72,51
1583145059000,72,41
1583145359000,72,46
1583145659000,75,36
1583145959000,77,25
1583146259000,75,41
1583146559000,70,54
1583146859000,70,50
1583147159000,72,38
1583147459000,73,44
1583147759000,76,36
1583148059000,76,31
1583148359000,75,36
1583148659000,76,27
1583148959000,75,44
1583149259000,77,31
1583149559000,78,34
1583149859000,78,36
1583150159000,77,29
1583150459000,76,30
1583150759000,76,33
1583151059000,77,37
1583151359000,79,28
1583151659000,77,33
1583151959000,74,41
1583152259000,76,36
1583152559000,77,35
1583152859000,79,27
1583153159000,81,22
1583153459000,80,20
1583153759000,74,50
1583154059000,78,35
1583154359000,74,50
1583154659000,76,40
1583154959000,76,30
1583155259000,75,37
1583155559000,76,28
1583155859000,76,26
1583156159000,76,34
1583156459000,72,65
1583156759000,72,48
1583157059000,73,35
1583157359000,74,48
1583157659000,74,43
1583157959000,76,34
1583158259000,76,31
1583158559000,76,30
1583158859000,76,36
1583159159000,80,21
1583159459000,79,22
1583159759000,73,46
1583160059000,76,30
1583160359000,76,39
1583160659000,76,42
1583160959000,75,43
1583161259000,73,58
1583161559000,72,58
1583161859000,71,55
1583162159000,70,68
1583162459000,71,67
1583162759000,71,64
1583163059000,70,65
1583163359000,72,65
1583163659000,71,70
1583163959000,70,61
1583164259000,73,48
1583164559000,69,75
1583164859000,70,77
1583165159000,70,59
1583165459000,68,103
1583165759000,0,0
1583225817000,0,0
1583226117000,0,0
1583226417000,86,30
1583226717000,86,31
1583227017000,86,27
1583227317000,87,25
1583227617000,87,27
1583227917000,87,25
1583228217000,80,26
1583228517000,78,23
1583228817000,74,39
1583229117000,76,25
1583229417000,75,32
1583229717000,73,41
1583230017000,76,37
1583230317000,82,17
1583230617000,80,23
1583230917000,79,23
1583231217000,76,33
1583231517000,76,24
1583231817000,71,54
1583232117000,72,35
1583232417000,72,42
1583232717000,72,49
1583233017000,70,43
1583233317000,71,33
1583233617000,71,34
1583233917000,71,49
1583234217000,73,30
1583234517000,71,49
1583234817000,72,48
1583235117000,73,43
1583235417000,77,35
1583235717000,78,31
1583236017000,81,17
1583236317000,79,26
1583236617000,77,36
1583236917000,75,39
1583237217000,78,31
1583237517000,77,35
1583237817000,74,40
1583238117000,74,25
1583238417000,73,29
1583238717000,72,34
1583239017000,73,34
1583239317000,72,38
1583239617000,68,58
1583239917000,67,71
1583240217000,67,86
1583240517000,73,36
1583240817000,75,25
1583241117000,72,54
1583241417000,74,32
1583241717000,75,31
1583242017000,72,49
1583242317000,71,37
1583242617000,67,64
1583242917000,68,46
1583243217000,68,58
1583243517000,70,46
1583243817000,69,63
1583244117000,69,56
1583244417000,68,55
1583244717000,67,70
1583245017000,68,73
1583245317000,73,39
1583245617000,75,46
1583245917000,74,40
1583246217000,72,54
1583246517000,71,56
1583246817000,66,83
1583247117000,67,71
1583247417000,67,78
1583247717000,74,57
1583248017000,77,52
1583248317000,0,0
1583248617000,71,63
1583248917000,72,55
1583249217000,73,51
1583249517000,75,47
1583249817000,72,51
1583250117000,75,45
1583303722000,0,0
1583304022000,86,30
1583304322000,85,35
1583304622000,84,26
1583304922000,83,34
1583305222000,81,36
1583305522000,80,34
1583305822000,79,38
1583306122000,76,51
1583306422000,77,43
1583306722000,74,38
1583307022000,73,48
1583307322000,71,62
1583307622000,72,50
1583307922000,72,45
1583308222000,72,49
1583308522000,69,78
1583308822000,71,54
1583309122000,72,45
1583309422000,71,48
1583309722000,74,59
1583310022000,79,26
1583310322000,82,21
1583310622000,80,22
1583310922000,78,34
1583311222000,75,49
1583311522000,73,45
1583311822000,72,36
1583312122000,71,43
1583312422000,70,51
1583312722000,69,76
1583313022000,68,66
1583313322000,67,76
1583313622000,68,67
1583313922000,69,64
1583314222000,68,65
1583314522000,68,71
1583314822000,69,65
1583315122000,82,28
1583315422000,74,49
1583315722000,66,80
1583316022000,64,90
1583316322000,70,68
1583316622000,67,75
1583316922000,64,89
1583317222000,65,93
1583317522000,65,78
1583317822000,66,82
1583318122000,62,100
1583318422000,61,102
1583318722000,61,115
1583319022000,60,107
1583319322000,61,113
1583319622000,61,110
1583319922000,61,111
1583320222000,61,128
1583320522000,61,111
1583320822000,66,75
1583321122000,72,56
1583321422000,70,55
1583321722000,66,85
1583322022000,67,75
1583322322000,65,95
1583322622000,68,67
1583322922000,68,61
1583323222000,67,65
1583323522000,68,74
1583323822000,69,59
1583324122000,70,56
1583324422000,71,57
1583324722000,64,103
1583325022000,62,100
1583325322000,62,98
1583325622000,62,96
1583325922000,67,55
1583326222000,64,108
1583326522000,65,106
1583326822000,70,61
1583327122000,67,61
1583327422000,66,79
1583327722000,65,86
1583328022000,66,89
1583328322000,72,54
1583328622000,70,67
1583328922000,68,84
1583329222000,66,78
1583329522000,66,75
1583329822000,66,78
1583330122000,65,82
1583330422000,66,77
1583330722000,62,98
1583331022000,65,91
1583331322000,64,91
1583331622000,65,91
1583331922000,65,84
1583332222000,64,99
1583332522000,67,108
1583332822000,67,100
1583333122000,67,89
1583333422000,67,66
1583333722000,70,74
1583334022000,69,85
1583334322000,70,90
1583334622000,0,0
1583334922000,78,44
1583335222000,72,69
1583394269000,0,0
1583394569000,0,0
1583394869000,80,30
1583395169000,79,31
1583395469000,79,28
1583395769000,80,27
1583396069000,80,27
1583396369000,80,30
1583396669000,81,31
1583396969000,80,26
1583397269000,79,27
1583397569000,76,33
1583397869000,77,33
1583398169000,77,37
1583398469000,80,28
1583398769000,78,41
1583399069000,79,32
1583399369000,77,30
1583399669000,74,34
1583399969000,73,32
1583400269000,72,48
1583400569000,72,53
1583400869000,72,43
1583401169000,72,39
1583401469000,70,54
1583401769000,71,54
1583402069000,71,40
1583402369000,69,54
1583402669000,72,50
1583402969000,67,58
1583403269000,70,60
1583403569000,78,33
1583403869000,77,38
1583404169000,76,26
1583404469000,81,16
1583404769000,77,36
1583405069000,75,45
1583405369000,74,41
1583405669000,73,48
1583405969000,73,43
1583406269000,71,48
1583406569000,70,45
1583406869000,72,39
1583407169000,72,43
1583407469000,72,42
1583407769000,72,45
1583408069000,72,56
1583408369000,72,60
1583408669000,73,49
1583408969000,78,38
1583409269000,72,56
1583409569000,72,47
1583409869000,73,49
1583410169000,74,42
1583410469000,70,48
1583410769000,72,35
1583411069000,74,35
1583411369000,72,36
1583411669000,74,25
1583411969000,71,53
1583412269000,70,54
1583412569000,72,38
1583412869000,71,43
1583413169000,71,45
1583413469000,70,58
1583413769000,71,47
1583414069000,74,33
1583414369000,77,19
1583414669000,74,43
1583414969000,71,41
1583415269000,75,28
1583415569000,73,41
1583415869000,74,45
1583416169000,69,62
1583416469000,74,39
1583416769000,73,48
1583417069000,70,57
1583417369000,71,43
1583417669000,71,50
1583417969000,71,53
1583418269000,68,72
1583418569000,69,69
1583418869000,69,69
1583419169000,70,59
1583419469000,71,50
1583419769000,75,38
1583420069000,71,57
1583420369000,71,60
1583420669000,70,67
1583420969000,75,49
1583421269000,76,44
1583421569000,76,46
1583421869000,73,72
1583422169000,74,66
1583422469000,74,52
1583422769000,75,49
1583423069000,73,55
1583423369000,80,48
1583423669000,74,56
1583478510000,0,0
1583478810000,0,0
1583479110000,80,36
1583479410000,83,31
1583479710000,82,34
1583480010000,82,31
1583480310000,80,36
1583480610000,79,42
1583480910000,74,37
1583481210000,74,38
1583481510000,73,47
1583481810000,73,50
1583482110000,73,40
1583482410000,74,30
1583482710000,72,59
1583483010000,70,62
1583483310000,72,62
1583483610000,73,47
1583483910000,76,29
1583484210000,75,35
1583484510000,77,32
1583484810000,75,45
1583485110000,71,58
1583485410000,70,62
1583485710000,69,52
1583486010000,69,56
1583486310000,68,66
1583486610000,67,73
1583486910000,67,72
1583487210000,68,83
1583487510000,69,48
1583487810000,69,58
1583488110000,67,85
1583488410000,68,69
1583488710000,67,71
1583489010000,68,75
1583489310000,68,74
1583489610000,72,47
1583489910000,74,35
1583490210000,73,44
1583490510000,72,50
1583490810000,70,59
1583491110000,69,63
1583491410000,68,81
1583491710000,73,52
1583492010000,67,95
1583492310000,73,60
1583492610000,71,66
1583492910000,69,59
1583493210000,66,79
1583493510000,66,75
1583493810000,64,93
1583494110000,63,98
1583494410000,63,86
1583494710000,63,90
1583495010000,62,103
1583495310000,62,118
1583495610000,63,110
1583495910000,65,110
1583496210000,60,120
1583496510000,63,108
1583496810000,64,103
1583497110000,67,77
1583497410000,64,102
1583497710000,61,121
1583498010000,62,102
1583498310000,64,96
1583498610000,65,77
1583498910000,0,0
1583499210000,0,0
1583499510000,0,0
1583499810000,0,0
1583500110000,67,75
1583500410000,67,71
1583500710000,65,94
1583501010000,64,87
1583501310000,67,76
1583501610000,70,52
1583501910000,68,85
1583502210000,70,71
1583502510000,69,60
1583502810000,68,62
1583503110000,67,76
1583503410000,0,0
1583503710000,65,94
1583504010000,66,84
1583504310000,66,88
1583504610000,70,80
1583504910000,72,52
1583505210000,66,101
1583505510000,69,75
1583505810000,68,81
1583506110000,71,62
1583506410000,72,60
1583506710000,79,54
1583507010000,78,52
1583507310000,77,43
1583507610000,78,49
1583507910000,76,43
1583508210000,73,70
1583508510000,73,71
1583508810000,70,80
1583509110000,72,64
1583509410000,0,0
1583567118000,0,0
1583567418000,86,57
1583567718000,88,34
1583568018000,88,35
1583568318000,86,47
1583568618000,87,43
1583568918000,88,38
1583569218000,89,32
1583569518000,89,32
1583569818000,90,28
1583570118000,91,29
1583570418000,84,30
1583570718000,81,22
1583571018000,81,26
1583571318000,79,28
1583571618000,79,25
1583571918000,81,26
1583572218000,82,20
1583572518000,81,22
1583572818000,80,22
1583573118000,80,25
1583573418000,80,32
1583573718000,84,16
1583574018000,85,16
1583574318000,86,16
1583574618000,83,17
1583574918000,81,29
1583575218000,80,27
1583575518000,80,22
1583575818000,78,31
1583576118000,77,26
1583576418000,76,31
1583576718000,73,40
1583577018000,74,37
1583577318000,78,48
1583577618000,76,48
1583577918000,75,40
1583578218000,80,18
1583578518000,75,39
1583578818000,76,37
1583579118000,77,36
1583579418000,75,31
1583579718000,75,43
1583580018000,71,61
1583580318000,74,33
1583580618000,69,52
1583580918000,70,66
1583581218000,68,66
1583581518000,71,59
1583581818000,71,68
1583582118000,75,42
1583582418000,77,30
1583582718000,77,38
1583583018000,76,39
1583583318000,72,49
1583583618000,72,56
1583583918000,71,52
1583584218000,72,41
1583584518000,68,85
1583584818000,70,60
1583585118000,68,66
1583585418000,68,59
1583585718000,65,92
1583586018000,66,87
1583586318000,68,76
1583586618000,65,96
1583586918000,69,69
1583587218000,74,34
1583587518000,71,59
1583587818000,67,83
1583588118000,71,61
1583588418000,74,40
1583588718000,70,83
1583589018000,77,37
1583589318000,73,42
1583589618000,71,55
1583589918000,68,82
1583590218000,67,78
1583590518000,68,62
1583590818000,70,58
1583591118000,69,52
1583591418000,69,68
1583591718000,68,65
1583592018000,68,73
1583592318000,68,73
1583592618000,71,62
1583592918000,68,70
1583593218000,74,55
1583593518000,76,34
1583593818000,72,40
1583594118000,73,51
1583594418000,74,57
1583594718000,72,48
1583595018000,72,45
1583595318000,72,55
1583595618000,69,69
1583595918000,70,57
1583596218000,68,66
1583596518000,68,59
1583596818000,71,67
1583597118000,67,98
1583597418000,73,65
1583597718000,73,64
1583598018000,76,63
1583655153000,0,0
1583655453000,0,0
1583655753000,0,0
1583656053000,75,34
1583656353000,72,41
1583656653000,72,35
1583656953000,72,36
1583657253000,72,34
1583657553000,72,39
1583657853000,73,34
1583658153000,74,53
1583658453000,75,47
1583658753000,75,39
1583659053000,73,39
1583659353000,75,37
1583659653000,71,49
1583659953000,72,44
1583660253000,73,59
1583660553000,77,36
1583660853000,77,29
1583661153000,78,29
1583661453000,76,40
1583661753000,77,33
1583662053000,76,39
1583662353000,74,53
1583662653000,76,39
1583662953000,72,50
1583663253000,73,32
1583663553000,73,45
1583663853000,71,52
1583664153000,73,37
1583664453000,74,32
1583664753000,74,39
1583665053000,75,35
1583665353000,77,28
1583665653000,82,17
1583665953000,76,37
1583666253000,81,13
1583666553000,77,36
1583666853000,78,43
1583667153000,78,26
1583667453000,75,40
1583667753000,73,29
1583668053000,74,26
1583668353000,74,43
1583668653000,75,45
1583668953000,72,49
1583669253000,72,36
1583669553000,72,32
1583669853000,72,28
1583670153000,72,33
1583670453000,72,31
1583670753000,73,26
1583671053000,72,43
1583671353000,72,39
1583671653000,74,31
1583671953000,76,26
1583672253000,76,28
1583672553000,74,42
1583672853000,72,52
1583673153000,73,46
1583673453000,71,42
1583673753000,72,42
1583674053000,73,43
1583674353000,67,57
1583674653000,71,58
1583674953000,77,32
1583675253000,84,20
1583675553000,81,21
1583675853000,79,26
1583676153000,78,28
1583676453000,77,31
1583676753000,76,46
1583677053000,74,44
1583677353000,75,37
1583677653000,74,42
1583677953000,69,58
1583678253000,70,52
1583678553000,70,56
1583678853000,70,68
1583679153000,72,60
1583679453000,71,54
1583679753000,70,59
1583680053000,73,53
1583680353000,72,60
1583680653000,73,49
1583680953000,74,39
1583681253000,72,52
1583681553000,72,47
1583681853000,70,63
1583682153000,66,83
1583682453000,69,62
1583682753000,71,59
1583683053000,70,53
1583683353000,70,67
1583683653000,73,66
1583683953000,76,47
1583825012000,82,36
1583825312000,79,33
1583825612000,77,34
1583825912000,77,43
1583826212000,77,25
1583826512000,76,23
1583826812000,80,25
1583827112000,78,25
1583827412000,78,21
1583827712000,78,20
1583828012000,71,48
1583828312000,67,53
1583828612000,69,43
1583828912000,68,40
1583829212000,67,50
1583829512000,67,46
1583829812000,68,53
1583830112000,69,49
1583830412000,69,42
1583830712000,68,46
1583831012000,68,58
1583831312000,69,60
1583831612000,75,35
1583831912000,76,28
1583832212000,77,20
1583832512000,69,57
1583832812000,69,45
1583833112000,69,46
1583833412000,66,61
1583833712000,65,52
1583834012000,67,43
1583834312000,68,37
1583834612000,68,67
1583834912000,67,61
1583835212000,64,72
1583835512000,66,59
1583835812000,65,60
1583836112000,73,38
1583836412000,73,31
1583836712000,72,33
1583837012000,72,48
1583837312000,70,61
1583837612000,69,55
1583837912000,78,16
1583838212000,75,25
1583838512000,71,35
1583838812000,70,49
1583839112000,69,53
1583839412000,67,63
1583839712000,69,36
1583840012000,69,38
1583840312000,69,37
1583840612000,68,43
1583840912000,66,41
1583841212000,68,33
1583841512000,67,41
1583841812000,67,40
1583842112000,66,66
1583842412000,65,68
1583842712000,64,69
1583843012000,65,72
1583843312000,72,54
1583843612000,73,39
1583843912000,73,40
1583844212000,71,49
1583844512000,74,41
1583844812000,71,63
1583845112000,66,74
1583845412000,63,74
1583845712000,66,66
1583846012000,66,76
1583846312000,66,66
1583846612000,67,57
1583846912000,68,72
1583847212000,67,58
1583847512000,67,77
1583847812000,65,86
1583848112000,66,66
1583848412000,70,50
1583848712000,76,29
1583849012000,77,29
1583849312000,75,42
1583849612000,0,0
1583849912000,72,47
1583850212000,75,49
1583850512000,69,68
1583850812000,73,54
1583851112000,74,42
1583851412000,0,0
1583851712000,66,106
1583852012000,66,95
1583852312000,63,111
1583852612000,63,103
1583852912000,68,82
1583909626000,0,0
1583909926000,0,0
1583910226000,76,36
1583910526000,73,37
1583910826000,73,35
1583911126000,72,37
1583911426000,73,37
1583911726000,73,29
1583912026000,74,28
1583912326000,74,28
1583912626000,72,44
1583912926000,72,33
1583913226000,73,29
1583913526000,72,41
1583913826000,70,52
1583914126000,72,41
1583914426000,76,30
1583914726000,75,29
1583915026000,76,38
1583915326000,71,38
1583915626000,70,43
1583915926000,70,44
1583916226000,69,54
1583916526000,66,55
1583916826000,65,54
1583917126000,67,55
1583917426000,70,52
1583917726000,69,47
1583918026000,70,33
1583918326000,70,50
1583918626000,65,56
1583918926000,67,61
1583919226000,72,31
1583919526000,76,30
1583919826000,72,37
1583920126000,74,47
1583920426000,70,59
1583920726000,67,63
1583921026000,71,40
1583921326000,72,47
1583921626000,71,62
1583921926000,67,77
1583922226000,67,50
1583922526000,67,59
1583922826000,68,60
1583923126000,69,62
1583923426000,66,80
1583923726000,65,81
1583924026000,66,76
1583924326000,62,81
1583924626000,62,72
1583924926000,62,80
1583925226000,63,112
1583925526000,64,76
1583925826000,69,59
1583926126000,70,56
1583926426000,65,81
1583926726000,65,70
1583927026000,67,54
1583927326000,66,65
1583927626000,67,87
1583927926000,64,80
1583928226000,63,100
1583928526000,68,83
1583928826000,0,0
1583929126000,0,0
1583929426000,0,0
1583929726000,66,43
1583930026000,69,46
1583930326000,77,38
1583930626000,71,54
1583930926000,73,64
1583931226000,77,34
1583931526000,76,37
1583931826000,75,43
1583932126000,72,66
1583932426000,69,76
1583932726000,71,60
1583933026000,71,62
1583933326000,71,49
1583933626000,72,47
1583933926000,73,52
1583934226000,72,65
1583934526000,70,82
1583934826000,69,74
1583935126000,69,70
1583935426000,70,68
1583935726000,69,71
1583936026000,69,83
1583936326000,71,57
1583936626000,71,70
1583936926000,71,65
1583937226000,70,59
1583937526000,69,72
1583937826000,66,81
1583938126000,70,71
1583938426000,72,68
1583938726000,70,70
1583939026000,68,70
1584004268000,77,28
1584004568000,73,46
1584004868000,71,59
1584005168000,71,51
1584005468000,71,43
1584005768000,70,50
1584006068000,73,51
1584006368000,75,39
1584006668000,75,40
1584006968000,74,44
1584007268000,72,62
1584007568000,75,46
1584007868000,78,32
1584008168000,79,27
1584008468000,73,61
1584008768000,75,47
1584009068000,71,63
1584009368000,69,69
1584009668000,68,76
1584009968000,68,61
1584010268000,66,71
1584010568000,66,85
1584010868000,64,77
1584011168000,62,94
1584011468000,66,86
1584011768000,63,92
1584012068000,67,76
1584012368000,65,80
1584012668000,66,81
1584012968000,67,80
1584013268000,66,96
1584013568000,75,36
1584013868000,71,75
1584014168000,77,37
1584014468000,73,64
1584014768000,81,26
1584015068000,77,32
1584015368000,71,50
1584015668000,71,52
1584015968000,70,61
1584016268000,67,64
1584016568000,68,65
1584016868000,65,89
1584017168000,64,95
1584017468000,64,97
1584017768000,63,86
1584018068000,64,93
1584018368000,64,98
1584018668000,65,82
1584018968000,70,56
1584019268000,74,53
1584019568000,69,60
1584019868000,69,73
1584020168000,64,77
1584020468000,64,77
1584020768000,62,79
1584021068000,61,91
1584021368000,65,104
1584021668000,62,117
1584021968000,62,110
1584022268000,63,116
1584022568000,61,137
1584022868000,64,117
1584023168000,63,121
1584023468000,63,109
1584023768000,64,101
1584024068000,63,104
1584024368000,64,123
1584024668000,66,73
1584024968000,71,60
1584025268000,70,78
1584025568000,71,79
1584083583000,84,58
1584083883000,82,60
1584084183000,83,54
1584084483000,82,52
1584084783000,83,46
1584085083000,82,50
1584085383000,74,48
1584085683000,74,40
1584085983000,74,42
1584086283000,71,55
1584086583000,74,52
1584086883000,78,39
1584087183000,79,38
1584087483000,77,37
1584087783000,76,28
1584088083000,76,33
1584088383000,73,43
1584088683000,71,54
1584088983000,70,65
1584089283000,66,76
1584089583000,67,63
1584089883000,68,69
1584090183000,66,79
1584090483000,67,61
1584090783000,70,40
1584091083000,67,55
1584091383000,67,69
1584091683000,67,60
1584091983000,66,59
1584092283000,67,56
1584092583000,66,74
1584092883000,65,78
1584093183000,0,0
1584093483000,0,0
1584093783000,0,0
1584094083000,76,47
1584094383000,69,74
1584094683000,66,64
1584094983000,70,64
1584095283000,70,77
1584095583000,70,52
1584095883000,69,57
1584096183000,70,54
1584096483000,67,66
1584096783000,69,64
1584097083000,69,62
1584097383000,69,51
1584097683000,68,52
1584097983000,67,67
1584098283000,67,69
1584098583000,66,74
1584098883000,70,42
1584099183000,70,53
1584099483000,67,73
1584099783000,65,80
1584100083000,66,70
1584100383000,67,79
1584100683000,66,68
1584100983000,65,73
1584101283000,65,70
1584101583000,64,84
1584101883000,63,94
1584102183000,0,0
1584102483000,65,89
1584102783000,61,108
1584103083000,61,104
1584103383000,65,99
1584103683000,67,72
1584103983000,65,79
1584104283000,65,70
1584104583000,0,0
1584104883000,0,0
1584105183000,63,88
1584105483000,69,63
1584105783000,67,53
1584106083000,65,81
1584106383000,66,73
1584106683000,67,78
1584106983000,65,87
1584107283000,65,88
1584107583000,66,86
1584107883000,0,0
1584108183000,72,56
1584108483000,70,57
1584108783000,66,89
1584109083000,65,101
1584109383000,67,70
1584109683000,75,35
1584109983000,77,23
1584110283000,74,33
1584110583000,72,44
1584110883000,0,0
1584111183000,0,0
1584111483000,75,33
1584111783000,72,34
1584112083000,72,33
1584112383000,73,30
1584112683000,72,33
1584112983000,65,131
1584113283000,65,95
1584113583000,72,64
1584113883000,74,59
1584114183000,72,51
1584114483000,69,78
1584114783000,69,78
1584115083000,74,39
1584115383000,75,31
1584115683000,76,43
1584115983000,74,51
1584116283000,73,48
1584116583000,71,58
1584116883000,67,89
1584117183000,67,78
1584117483000,65,98
1584117783000,69,95
1584118083000,74,75
1584118383000,0,0
1584118683000,72,80
1584118983000,0,0
1584119283000,0,0
1584119583000,72,88
1584172379000,0,0
1584172679000,0,0
1584172979000,0,0
1584173279000,0,0
1584173579000,80,51
1584173879000,80,39
1584174179000,80,39
1584174479000,80,33
1584174779000,80,36
1584175079000,78,44
1584175379000,69,49
1584175679000,68,56
1584175979000,68,47
1584176279000,70,60
1584176579000,67,68
1584176879000,76,23
1584177179000,75,31
1584177479000,79,20
1584177779000,74,39
1584178079000,71,42
1584178379000,69,44
1584178679000,69,56
1584178979000,68,53
1584179279000,66,63
1584179579000,65,67
1584179879000,64,73
1584180179000,65,72
1584180479000,64,70
1584180779000,65,80
1584181079000,63,82
1584181379000,64,74
1584181679000,69,54
1584181979000,73,35
1584182279000,69,53
1584182579000,69,52
1584182879000,68,38
1584183179000,70,40
1584183479000,69,34
1584183779000,67,73
1584184079000,63,61
1584184379000,64,65
1584184679000,64,57
1584184979000,63,61
1584185279000,62,61
1584185579000,63,99
1584185879000,63,76
1584186179000,66,57
1584186479000,71,57
1584186779000,74,26
1584187079000,69,59
1584187379000,65,71
1584187679000,69,45
1584187979000,67,64
1584188279000,66,64
1584188579000,65,68
1584188879000,66,55
1584189179000,67,44
1584189479000,66,52
1584189779000,67,45
1584190079000,66,55
1584190379000,61,106
1584190679000,64,81
1584190979000,64,69
1584191279000,65,98
1584191579000,64,77
1584191879000,72,52
1584192179000,67,69
1584192479000,67,59
1584192779000,65,85
1584193079000,65,78
1584193379000,66,77
1584193679000,65,75
1584193979000,64,63
1584194279000,64,68
1584194579000,64,84
1584194879000,63,88
1584195179000,63,90
1584195479000,64,73
1584195779000,68,52
1584196079000,68,66
1584196379000,70,56
1584196679000,66,74
1584196979000,69,72
1584197279000,70,52
1584197579000,69,61
1584197879000,68,63
1584198179000,73,50
1584198479000,71,49
1584198779000,71,63
1584199079000,71,62
1584199379000,73,44
1584199679000,80,18
1584199979000,74,49
1584200279000,71,61
1584200579000,72,53
1584200879000,69,61
1584201179000,65,71
1584201479000,61,106
1584201779000,61,89
1584202079000,63,84
1584202379000,65,90
1584202679000,66,91
1584202979000,65,88
1584203279000,67,75
1584203579000,67,72
1584203879000,71,70
1584204179000,63,99
1584204479000,66,74
1584204779000,76,33
1584205079000,69,58
1584205379000,70,53
1584205679000,72,71
1584205979000,69,57
1584255749000,0,0
1584256049000,78,23
1584256349000,75,24
1584256649000,70,36
1584256949000,70,37
1584257249000,72,30
1584257549000,72,27
1584257849000,70,46
1584258149000,68,45
1584258449000,67,48
1584258749000,67,40
1584259049000,69,38
1584259349000,72,42
1584259649000,73,44
1584259949000,76,22
1584260249000,72,48
1584260549000,72,38
1584260849000,70,43
1584261149000,67,47
1584261449000,67,44
1584261749000,67,61
1584262049000,67,61
1584262349000,65,66
1584262649000,64,62
1584262949000,68,60
1584263249000,69,55
1584263549000,71,45
1584263849000,72,40
1584264149000,72,39
1584264449000,68,62
1584264749000,69,58
1584265049000,68,42
1584265349000,70,41
1584265649000,67,49
1584265949000,70,37
1584266249000,67,52
1584266549000,68,41
1584266849000,67,48
1584267149000,66,50
1584267449000,66,64
1584267749000,64,63
1584268049000,64,54
1584268349000,65,69
1584268649000,63,73
1584268949000,64,54
1584269249000,63,73
1584269549000,67,67
1584269849000,67,64
1584270149000,67,57
1584270449000,66,60
1584270749000,64,71
1584271049000,62,64
1584271349000,64,58
1584271649000,62,75
1584271949000,60,65
1584272249000,59,80
1584272549000,60,84
1584272849000,61,71
1584273149000,60,70
1584273449000,60,89
1584273749000,61,85
1584274049000,65,69
1584274349000,63,65
1584274649000,61,72
1584274949000,61,68
1584275249000,60,79
1584275549000,59,96
1584275849000,59,92
1584276149000,58,82
1584276449000,58,80
1584276749000,57,93
1584277049000,59,87
1584277349000,61,85
1584277649000,61,84
1584277949000,64,65
1584278249000,60,110
1584278549000,59,101
1584278849000,61,90
1584279149000,57,96
1584279449000,58,94
1584279749000,59,84
1584280049000,62,61
1584280349000,63,64
1584280649000,65,67
1584280949000,69,55
1584281249000,68,61
1584281549000,70,46
1584281849000,72,43
1584282149000,67,53
1584282449000,64,65
1584282749000,67,76
1584283049000,63,79
1584283349000,62,90
1584283649000,62,71
1584283949000,62,98
1584284249000,61,90
1584284549000,71,68
1584284849000,75,54
1584285149000,76,51
1584285449000,70,41
1584285749000,73,42
1584286049000,72,40
1584286349000,73,42
1584286649000,73,58
1584286949000,71,46
1584287249000,72,37
1584287549000,75,35
1584287849000,0,0
1584288149000,75,37
1584288449000,77,35
1584288749000,74,44
1584289049000,79,31
1584289349000,0,0
1584289649000,0,0
1584342809000,0,0
1584343109000,0,0
1584343409000,73,47
1584343709000,73,46
1584344009000,76,35
1584344309000,76,32
1584344609000,77,30
1584344909000,76,31
1584345209000,90,16
1584345509000,78,34
1584345809000,77,34
1584346109000,68,47
1584346409000,68,45
1584346709000,67,48
1584347009000,68,52
1584347309000,68,53
1584347609000,67,51
1584347909000,66,49
1584348209000,68,48
1584348509000,67,57
1584348809000,74,28
1584349109000,77,25
1584349409000,75,32
1584349709000,72,42
1584350009000,71,48
1584350309000,70,35
1584350609000,70,34
1584350909000,70,31
1584351209000,68,40
1584351509000,68,71
1584351809000,67,71
1584352109000,65,66
1584352409000,65,57
1584352709000,64,51
1584353009000,63,66
1584353309000,63,54
1584353609000,65,60
1584353909000,67,62
1584354209000,73,36
1584354509000,76,21
1584354809000,80,22
1584355109000,72,37
1584355409000,65,73
1584355709000,71,58
1584356009000,66,61
1584356309000,67,60
1584356609000,66,59
1584356909000,65,59
1584357209000,66,62
1584357509000,65,62
1584357809000,65,64
1584358109000,64,64
1584358409000,64,64
1584358709000,64,63
1584359009000,65,59
1584359309000,64,83
1584359609000,64,65
1584359909000,65,56
1584360209000,67,78
1584360509000,64,72
1584360809000,65,69
1584361109000,65,64
1584361409000,65,69
1584361709000,61,86
1584362009000,61,81
1584362309000,62,72
1584362609000,62,82
1584362909000,62,69
1584363209000,63,71
1584363509000,66,58
1584363809000,72,22
1584364109000,76,15
1584364409000,69,70
1584364709000,67,63
1584365009000,63,88
1584365309000,66,77
1584365609000,64,78
1584365909000,65,65
1584366209000,64,68
1584366509000,64,69
1584366809000,62,99
1584367109000,62,90
1584367409000,61,97
1584367709000,63,70
1584368009000,0,0
1584368309000,70,57
1584368609000,68,85
1584368909000,69,64
1584369209000,67,80
1584369509000,67,67
1584369809000,70,58
1584370109000,67,64
1584370409000,68,67
1584370709000,70,66
1584371009000,70,82
1584429807000,0,0
1584430107000,0,0
1584430407000,0,0
1584430707000,0,0
1584431007000,0,0
1584431307000,0,0
1584431607000,76,31
1584431907000,73,37
1584432207000,71,46
1584432507000,70,42
1584432807000,71,34
1584433107000,70,52
1584433407000,69,53
1584433707000,69,43
1584434007000,69,48
1584434307000,68,49
1584434607000,67,62
1584434907000,68,58
1584435207000,69,51
1584435507000,64,72
1584435807000,65,56
1584436107000,65,53
1584436407000,63,66
1584436707000,68,64
1584437007000,75,26
1584437307000,73,29
1584437607000,72,39
1584437907000,71,37
1584438207000,69,45
1584438507000,68,48
1584438807000,66,61
1584439107000,65,52
1584439407000,63,55
1584439707000,65,85
1584440007000,65,70
1584440307000,64,76
1584440607000,63,89
1584440907000,62,86
1584441207000,62,104
1584441507000,61,104
1584441807000,62,91
1584442107000,63,83
1584442407000,62,82
1584442707000,61,87
1584443007000,61,95
1584443307000,61,95
1584443607000,60,104
1584443907000,60,101
1584444207000,59,118
1584444507000,68,64
1584444807000,70,41
1584445107000,70,69
1584445407000,65,74
1584445707000,63,112
1584446007000,64,90
1584446307000,64,92
1584446607000,80,33
1584446907000,69,73
1584447207000,60,106
1584447507000,62,103
1584447807000,58,112
1584448107000,59,135
1584448407000,61,102
1584448707000,59,104
1584449007000,59,103
1584449307000,58,98
1584449607000,57,106
1584449907000,58,116
1584450207000,59,118
1584450507000,59,95
1584450807000,61,114
1584451107000,61,108
1584451407000,66,71
1584451707000,62,90
1584452007000,63,83
1584452307000,64,62
1584452607000,66,65
1584452907000,60,93
1584453207000,63,77
1584453507000,62,96
1584453807000,61,92
1584454107000,64,99
1584454407000,64,91
1584454707000,61,113
1584455007000,62,102
1584455307000,62,83
1584455607000,62,120
1584455907000,61,123
1584456207000,59,138
1584456507000,60,121
1584456807000,63,115
1584457107000,64,91
1584457407000,63,100
1584457707000,0,0
1584458007000,74,56
1584458307000,73,47
1584458607000,75,40
1584458907000,71,68
1584459207000,70,65
1584459507000,72,48
1584459807000,0,0
1584516267000,77,32
1584516567000,75,33
1584516867000,72,42
1584517167000,72,40
1584517467000,73,36
1584517767000,73,37
1584518067000,72,38
1584518367000,74,33
1584518667000,75,31
1584518967000,75,30
1584519267000,74,33
1584519567000,76,38
1584519867000,77,37
1584520167000,76,34
1584520467000,77,30
1584520767000,80,22
1584521067000,80,26
1584521367000,77,36
1584521667000,75,29
1584521967000,73,35
1584522267000,72,35
1584522567000,72,36
1584522867000,71,43
1584523167000,71,49
1584523467000,70,46
1584523767000,70,44
1584524067000,66,62
1584524367000,66,56
1584524667000,67,45
1584524967000,68,49
1584525267000,66,61
1584525567000,69,55
1584525867000,74,35
1584526167000,77,21
1584526467000,74,40
1584526767000,71,54
1584527067000,71,58
1584527367000,72,49
1584527667000,72,43
1584527967000,68,64
1584528267000,69,44
1584528567000,67,47
1584528867000,64,58
1584529167000,65,53
1584529467000,62,63
1584529767000,73,52
1584530067000,70,42
1584530367000,71,53
1584530667000,68,51
1584530967000,64,76
1584531267000,62,69
1584531567000,64,67
1584531867000,64,73
1584532167000,66,61
1584532467000,64,59
1584532767000,66,45
1584533067000,64,57
1584533367000,64,73
1584533667000,69,56
1584533967000,69,59
1584534267000,70,45
1584534567000,76,33
1584534867000,70,53
1584535167000,65,72
1584535467000,64,72
1584535767000,65,75
1584536067000,67,58
1584536367000,67,57
1584536667000,67,56
1584536967000,65,64
1584537267000,65,64
1584537567000,64,72
1584537867000,67,65
1584538167000,69,61
1584538467000,68,58
1584538767000,65,74
1584539067000,66,72
1584539367000,66,80
1584539667000,68,71
1584539967000,65,79
1584540267000,63,72
1584540567000,61,109
1584540867000,65,82
1584541167000,65,79
1584541467000,67,72
1584541767000,66,68
1584542067000,63,84
1584542367000,67,80
1584542667000,68,67
1584542967000,69,66
1584543267000,68,74
1584543567000,66,80
1584543867000,63,87
1584544167000,67,78
1584544467000,69,69
1584544767000,68,83
1584545067000,64,80
1584545367000,63,94
1584545667000,69,71
1584545967000,76,66
1584546267000,72,65
1584546567000,71,65
1584546867000,70,75
1584547167000,65,91
1584601409000,87,29
1584601709000,71,46
1584602009000,74,41
1584602309000,72,47
1584602609000,69,63
1584602909000,68,61
1584603209000,69,50
1584603509000,68,46
1584603809000,70,43
1584604109000,70,44
1584604409000,69,52
1584604709000,71,53
1584605009000,72,41
1584605309000,73,40
1584605609000,73,49
1584605909000,75,38
1584606209000,75,43
1584606509000,74,44
1584606809000,72,42
1584607109000,73,35
1584607409000,71,42
1584607709000,71,50
1584608009000,73,35
1584608309000,72,35
1584608609000,72,37
1584608909000,72,51
1584609209000,0,0
1584609509000,0,0
1584609809000,71,60
1584610109000,70,49
1584610409000,67,57
1584610709000,73,35
1584611009000,80,18
1584611309000,73,38
1584611609000,71,38
1584611909000,70,52
1584612209000,72,62
1584612509000,70,47
1584612809000,68,56
1584613109000,70,36
1584613409000,72,39
1584613709000,69,50
1584614009000,69,44
1584614309000,70,44
1584614609000,68,51
1584614909000,68,52
1584615209000,68,52
1584615509000,64,75
1584615809000,67,53
1584616109000,67,51
1584616409000,67,48
1584616709000,66,57
1584617009000,67,50
1584617309000,67,70
1584617609000,70,42
1584617909000,66,67
1584618209000,70,46
1584618509000,69,52
1584618809000,69,41
1584619109000,69,32
1584619409000,66,56
1584619709000,65,62
1584620009000,66,47
1584620309000,69,48
1584620609000,69,46
1584620909000,70,51
1584621209000,70,46
1584621509000,67,65
1584621809000,67,65
1584622109000,70,46
1584622409000,75,23
1584622709000,71,52
1584623009000,70,65
1584623309000,65,70
1584623609000,77,42
1584623909000,72,33
1584624209000,70,57
1584624509000,68,82
1584624809000,68,76
1584625109000,65,71
1584625409000,65,61
1584625709000,64,80
1584626009000,62,77
1584626309000,74,46
1584626609000,72,55
1584626909000,69,70
1584627209000,70,70
1584627509000,70,72
1584627809000,73,60
1584628109000,0,0
1584628409000,63,84
1584686792000,0,0
1584687092000,0,0
1584687392000,68,58
1584687692000,69,50
1584687992000,68,47
1584688292000,69,54
1584688592000,68,51
1584688892000,69,47
1584689192000,70,42
1584689492000,71,45
1584689792000,72,40
1584690092000,74,28
1584690392000,74,29
1584690692000,73,37
1584690992000,80,19
1584691292000,83,19
1584691592000,79,26
1584691892000,77,31
1584692192000,78,18
1584692492000,77,32
1584692792000,76,32
1584693092000,76,26
1584693392000,75,30
1584693692000,77,27
1584693992000,77,38
1584694292000,77,33
1584694592000,76,32
1584694892000,78,30
1584695192000,78,19
1584695492000,78,20
1584695792000,78,22
1584696092000,76,34
1584696392000,88,11
1584696692000,81,19
1584696992000,80,20
1584697292000,78,28
1584697592000,79,24
1584697892000,79,28
1584698192000,77,26
1584698492000,74,30
1584698792000,76,19
1584699092000,73,40
1584699392000,74,37
1584699692000,72,48
1584699992000,73,32
1584700292000,72,33
1584700592000,72,29
1584700892000,70,52
1584701192000,69,45
1584701492000,71,47
1584701792000,69,43
1584702092000,72,36
1584702392000,75,30
1584702692000,74,44
1584702992000,73,41
1584703292000,71,51
1584703592000,70,39
1584703892000,70,41
1584704192000,69,43
1584704492000,70,36
1584704792000,71,44
1584705092000,66,69
1584705392000,70,43
1584705692000,69,52
1584705992000,67,65
1584706292000,68,55
1584706592000,69,49
1584706892000,73,38
1584707192000,76,24
1584707492000,73,64
1584707792000,73,53
1584708092000,75,45
1584708392000,73,57
1584708692000,72,40
1584708992000,72,39
1584709292000,71,60
1584709592000,69,46
1584709892000,69,50
1584710192000,69,48
1584710492000,70,58
1584710792000,71,51
1584711092000,69,64
1584711392000,71,48
1584711692000,73,45
1584711992000,76,44
1584712292000,76,38
1584712592000,72,54
1584712892000,71,59
1584713192000,69,74
1584713492000,66,87
1584713792000,67,76
1584714092000,68,70
1584714392000,67,79
1584714692000,0,0
1584714992000,78,37
1584715292000,78,39
1584715592000,76,39
1584715892000,75,51
1584773969000,89,30
1584774269000,86,32
1584774569000,84,21
1584774869000,85,18
1584775169000,83,21
1584775469000,81,22
1584775769000,80,26
1584776069000,81,22
1584776369000,78,23
1584776669000,79,21
1584776969000,79,19
1584777269000,79,19
1584777569000,79,19
1584777869000,79,29
1584778169000,81,20
1584778469000,83,18
1584778769000,83,16
1584779069000,83,16
1584779369000,79,24
1584779669000,76,29
1584779969000,75,23
1584780269000,73,41
1584780569000,73,32
1584780869000,72,35
1584781169000,72,40
1584781469000,70,39
1584781769000,69,46
1584782069000,68,61
1584782369000,67,55
1584782669000,74,23
1584782969000,76,19
1584783269000,81,12
1584783569000,73,35
1584783869000,72,41
1584784169000,70,47
1584784469000,68,48
1584784769000,69,56
1584785069000,66,68
1584785369000,65,64
1584785669000,66,56
1584785969000,67,49
1584786269000,63,71
1584786569000,64,70
1584786869000,62,78
1584787169000,65,72
1584787469000,66,67
1584787769000,70,47
1584788069000,72,35
1584788369000,67,53
1584788669000,66,63
1584788969000,65,72
1584789269000,67,66
1584789569000,71,31
1584789869000,69,45
1584790169000,64,95
1584790469000,64,74
1584790769000,64,83
1584791069000,64,86
1584791369000,64,75
1584791669000,64,66
1584791969000,65,70
1584792269000,67,68
1584792569000,72,37
1584792869000,66,98
1584793169000,75,36
1584793469000,74,40
1584793769000,79,25
1584794069000,78,25
1584794369000,74,44
1584794669000,74,44
1584794969000,74,37
1584795269000,0,0
1584795569000,0,0
1584795869000,70,74
1584796169000,68,62
1584796469000,68,59
1584796769000,72,52
1584797069000,71,40
1584797369000,73,37
1584797669000,68,83
1584797969000,72,54
1584798269000,72,51
1584798569000,70,59
1584798869000,72,43
1584799169000,70,65
1584799469000,71,54
1584799769000,70,72
1584800069000,69,63
1584800369000,73,42
1584800669000,73,45
1584800969000,74,46
1584801269000,76,36
1584801569000,76,40
1584801869000,74,42
1584802169000,75,48
1584802469000,79,31
1584802769000,0,0
1584803069000,77,36
1584803369000,77,36
1584803669000,79,33
1584803969000,76,59
1584804269000,67,103
1584804569000,65,102
1584804869000,68,68
1584805169000,67,93
1584805469000,68,75
1584805769000,68,90
1584806069000,69,78
1584806369000,70,65
1584806669000,69,73
1584806969000,67,95
1584807269000,70,70
1584807569000,72,54
1584807869000,72,81
1584808169000,79,38
1584808469000,76,54
1584808769000,73,57
1584809069000,71,62
1584809369000,73,52
1584809669000,0,0
1584860232000,0,0
1584860532000,75,27
1584860832000,69,57
1584861132000,70,49
1584861432000,69,45
1584861732000,71,32
1584862032000,71,31
1584862332000,71,33
1584862632000,71,35
1584862932000,71,37
1584863232000,71,44
1584863532000,70,43
1584863832000,71,39
1584864132000,67,63
1584864432000,69,45
1584864732000,69,47
1584865032000,71,45
1584865332000,76,19
1584865632000,73,40
1584865932000,72,39
1584866232000,68,51
1584866532000,68,49
1584866832000,68,52
1584867132000,69,37
1584867432000,69,31
1584867732000,68,37
1584868032000,68,42
1584868332000,70,46
1584868632000,71,40
1584868932000,70,48
1584869232000,70,47
1584869532000,76,23
1584869832000,78,20
1584870132000,77,24
1584870432000,74,37
1584870732000,75,37
1584871032000,72,34
1584871332000,72,39
1584871632000,68,50
1584871932000,69,51
1584872232000,68,38
1584872532000,70,49
1584872832000,69,60
1584873132000,69,45
1584873432000,70,43
1584873732000,70,33
1584874032000,70,36
1584874332000,70,60
1584874632000,73,40
1584874932000,76,20
1584875232000,78,18
1584875532000,72,54
1584875832000,69,45
1584876132000,76,24
1584876432000,74,40
1584876732000,70,46
1584877032000,72,37
1584877332000,70,48
1584877632000,69,53
1584877932000,67,56
1584878232000,68,49
1584878532000,69,42
1584878832000,70,45
1584879132000,69,44
1584879432000,72,43
1584879732000,68,57
1584880032000,69,45
1584880332000,70,44
1584880632000,69,60
1584880932000,71,34
1584881232000,75,27
1584881532000,77,35
1584881832000,71,50
1584882132000,69,80
1584882432000,73,39
1584882732000,70,62
1584883032000,74,42
1584883332000,71,55
1584883632000,68,58
1584883932000,69,50
1584884232000,67,69
1584884532000,69,48
1584884832000,70,43
1584885132000,70,48
1584885432000,68,61
1584885732000,67,72
1584886032000,71,53
1584886332000,72,58
1584886632000,73,37
1584886932000,74,32
1584887232000,70,56
1584887532000,71,56
1584887832000,72,48
1584888132000,71,44
1584888432000,71,48
1584888732000,67,70
1584889032000,67,63
1584889332000,71,65
1584889632000,67,78
1584889932000,68,61
1584890232000,67,80
1584890532000,67,78
1584890832000,68,72
1584891132000,68,70
1584891432000,69,71
1584891732000,74,42
1584892032000,72,46
1584892332000,71,57
1584892632000,69,62
1584892932000,70,70
1584893232000,70,71
1584893532000,68,78
1584893832000,71,53
1584894132000,72,44
1584894432000,72,45
1584894732000,73,50
1584895032000,67,80
1584895332000,68,64
1584895632000,67,82
1584895932000,69,73
1584896232000,69,67
1584896532000,72,49
1584896832000,66,71
1584897132000,70,69
1584897432000,69,65
1584897732000,0,0
1584950589000,87,15
1584950889000,85,17
1584951189000,81,18
1584951489000,76,31
1584951789000,75,30
1584952089000,75,24
1584952389000,75,24
1584952689000,76,23
1584952989000,76,24
1584953289000,77,25
1584953589000,76,24
1584953889000,74,39
1584954189000,73,27
1584954489000,72,27
1584954789000,75,48
1584955089000,78,24
1584955389000,77,25
1584955689000,76,29
1584955989000,76,28
1584956289000,74,28
1584956589000,72,42
1584956889000,71,44
1584957189000,71,58
1584957489000,65,64
1584957789000,67,46
1584958089000,67,44
1584958389000,67,58
1584958689000,67,68
1584958989000,68,49
1584959289000,73,28
1584959589000,79,17
1584959889000,75,39
1584960189000,74,35
1584960489000,74,42
1584960789000,73,54
1584961089000,74,39
1584961389000,73,54
1584961689000,68,55
1584961989000,71,41
1584962289000,68,83
1584962589000,67,62
1584962889000,68,48
1584963189000,70,45
1584963489000,69,40
1584963789000,69,57
1584964089000,69,52
1584964389000,70,40
1584964689000,67,66
1584964989000,69,44
1584965289000,70,48
1584965589000,67,56
1584965889000,67,71
1584966189000,69,46
1584966489000,70,35
1584966789000,78,15
1584967089000,80,21
1584967389000,71,38
1584967689000,71,42
1584967989000,71,49
1584968289000,67,74
1584968589000,68,47
1584968889000,69,41
1584969189000,68,49
1584969489000,63,111
1584969789000,66,68
1584970089000,67,58
1584970389000,68,67
1584970689000,67,61
1584970989000,65,80
1584971289000,68,67
1584971589000,64,88
1584971889000,70,64
1584972189000,67,76
1584972489000,68,55
1584972789000,70,53
1584973089000,70,62
1584973389000,70,51
1584973689000,69,56
1584973989000,68,49
1584974289000,68,55
1584974589000,66,68
1584974889000,67,59
1584975189000,68,53
1584975489000,72,54
1584975789000,72,52
1584976089000,73,44
1584976389000,78,36
1584976689000,69,60
1584976989000,68,63
1584977289000,69,70
1584977589000,68,65
1584977889000,68,59
1584978189000,67,63
1584978489000,67,65
1584978789000,68,76
1584979089000,69,67
1584979389000,67,69
1584979689000,75,29
1584979989000,75,31
1584980289000,75,37
1584980589000,73,62
1584980889000,70,66
1584981189000,70,58
1584981489000,69,67
1584981789000,73,58
1584982089000,81,29
1584982389000,79,32
1584982689000,78,36
1584982989000,78,36
1584983289000,74,66
1584983589000,72,51
1584983889000,70,80
1585035691000,87,17
1585035991000,85,17
1585036291000,83,19
1585036591000,80,35
1585036891000,73,35
1585037191000,73,33
1585037491000,73,34
1585037791000,74,29
1585038091000,75,29
1585038391000,75,31
1585038691000,75,29
1585038991000,81,18
1585039291000,82,17
1585039591000,78,26
1585039891000,77,30
1585040191000,74,38
1585040491000,74,30
1585040791000,73,30
1585041091000,74,32
1585041391000,74,30
1585041691000,74,23
1585041991000,75,41
1585042291000,76,28
1585042591000,74,27
1585042891000,74,35
1585043191000,73,30
1585043491000,73,34
1585043791000,74,40
1585044091000,75,40
1585044391000,82,16
1585044691000,83,15
1585044991000,81,15
1585045291000,76,33
1585045591000,75,45
1585045891000,73,46
1585046191000,71,51
1585046491000,70,47
1585046791000,71,53
1585047091000,70,60
1585047391000,70,53
1585047691000,71,46
1585047991000,71,50
1585048291000,70,51
1585048591000,68,63
1585048891000,68,46
1585049191000,69,39
1585049491000,68,46
1585049791000,66,68
1585050091000,73,57
1585050391000,77,19
1585050691000,78,20
1585050991000,70,47
1585051291000,69,60
1585051591000,75,38
1585051891000,76,33
1585052191000,73,32
1585052491000,74,28
1585052791000,72,34
1585053091000,73,34
1585053391000,72,33
1585053691000,70,66
1585053991000,72,37
1585054291000,67,75
1585054591000,66,63
1585054891000,68,51
1585055191000,68,54
1585055491000,68,52
1585055791000,68,54
1585056091000,71,50
1585056391000,73,57
1585056691000,77,21
1585056991000,71,56
1585057291000,71,63
1585057591000,71,57
1585057891000,67,75
1585058191000,71,48
1585058491000,67,68
1585058791000,69,63
1585059091000,68,66
1585059391000,66,73
1585059691000,67,66
1585059991000,68,63
1585060291000,75,50
1585060591000,72,46
1585060891000,74,39
1585061191000,73,56
1585061491000,75,42
1585061791000,70,72
1585062091000,71,48
1585062391000,72,51
1585062691000,76,52
1585062991000,0,0
1585063291000,0,0
1585063591000,0,0
1585063891000,0,0
1585064191000,0,0
1585064491000,74,45
1585064791000,0,0
1585121131000,78,28
1585121431000,77,29
1585121731000,76,26
1585122031000,77,24
1585122331000,76,29
1585122631000,77,25
1585122931000,78,24
1585123231000,78,21
1585123531000,78,35
1585123831000,72,46
1585124131000,69,49
1585124431000,71,42
1585124731000,77,21
1585125031000,81,14
1585125331000,76,25
1585125631000,75,35
1585125931000,74,33
1585126231000,75,18
1585126531000,74,24
1585126831000,73,27
1585127131000,74,42
1585127431000,72,33
1585127731000,73,33
1585128031000,72,45
1585128331000,74,46
1585128631000,73,44
1585128931000,73,32
1585129231000,77,45
1585129531000,83,13
1585129831000,76,38
1585130131000,77,27
1585130431000,73,38
1585130731000,72,35
1585131031000,74,19
1585131331000,73,51
1585131631000,71,52
1585131931000,71,50
1585132231000,71,34
1585132531000,73,32
1585132831000,73,27
1585133131000,72,30
1585133431000,73,31
1585133731000,73,26
1585134031000,72,31
1585134331000,70,66
1585134631000,72,64
1585134931000,77,23
1585135231000,77,23
1585135531000,72,58
1585135831000,72,60
1585136131000,72,51
1585136431000,73,57
1585136731000,75,38
1585137031000,71,61
1585137331000,72,52
1585137631000,71,52
1585137931000,72,40
1585138231000,70,68
1585138531000,69,72
1585138831000,66,71
1585139131000,69,71
1585139431000,68,58
1585139731000,68,71
1585140031000,68,60
1585140331000,69,62
1585140631000,69,54
1585140931000,73,41
1585141231000,74,57
1585141531000,84,17
1585141831000,71,39
1585142131000,73,35
1585142431000,72,38
1585142731000,68,73
1585143031000,69,65
1585143331000,67,63
1585143631000,67,69
1585143931000,66,72
1585144231000,65,72
1585144531000,65,58
1585144831000,64,77
1585145131000,64,78
1585145431000,65,77
1585145731000,66,71
1585146031000,66,79
1585146331000,75,42
1585146631000,70,66
1585146931000,67,72
1585147231000,69,57
1585147531000,68,74
1585147831000,67,80
1585148131000,71,51
1585148431000,72,47
1585148731000,71,46
1585149031000,72,48
1585149331000,72,53
1585149631000,72,56
1585149931000,67,89
1585150231000,69,71
1585150531000,69,69
1585150831000,71,58
1585151131000,73,43
1585151431000,80,32
1585151731000,82,30
1585152031000,78,53
1585152331000,75,46
1585152631000,81,36
1585152931000,80,47
1585153231000,80,45
1585153531000,80,46
1585153831000,78,46
1585154131000,77,51
1585154431000,75,52
1585154731000,0,0
1585212254000,0,0
1585212554000,0,0
1585212854000,80,35
1585213154000,78,35
1585213454000,79,33
1585213754000,79,29
1585214054000,79,34
1585214354000,79,31
1585214654000,78,33
1585214954000,78,35
1585215254000,78,34
1585215554000,78,46
1585215854000,79,28
1585216154000,77,34
1585216454000,77,36
1585216754000,78,29
1585217054000,80,31
1585217354000,77,20
1585217654000,73,25
1585217954000,73,40
1585218254000,72,35
1585218554000,73,32
1585218854000,71,53
1585219154000,73,36
1585219454000,75,32
1585219754000,73,34
1585220054000,75,27
1585220354000,73,32
1585220654000,82,13
1585220954000,85,16
1585221254000,77,25
1585221554000,73,45
1585221854000,74,42
1585222154000,76,30
1585222454000,74,27
1585222754000,73,36
1585223054000,75,27
1585223354000,0,0
1585223654000,0,0
1585223954000,0,0
1585224254000,0,0
1585224554000,0,0
1585224854000,0,0
1585225154000,0,0
1585225454000,70,60
1585225754000,71,56
1585226054000,74,27
1585226354000,76,24
1585226654000,74,46
1585226954000,71,49
1585227254000,70,46
1585227554000,68,65
1585227854000,66,59
1585228154000,67,68
1585228454000,66,56
1585228754000,68,68
1585229054000,67,69
1585229354000,69,67
1585229654000,71,51
1585229954000,77,32
1585230254000,72,42
1585230554000,73,51
1585230854000,69,76
1585231154000,69,51
1585231454000,68,57
1585231754000,68,59
1585232054000,68,67
1585232354000,66,70
1585232654000,68,54
1585232954000,66,86
1585233254000,67,68
1585233554000,68,65
1585233854000,68,64
1585234154000,68,76
1585234454000,71,75
1585234754000,66,86
1585235054000,70,59
1585235354000,69,58
1585235654000,70,68
1585235954000,68,63
1585236254000,70,43
1585236554000,69,67
1585236854000,0,0
1585237154000,0,0
1585237454000,0,0
1585237754000,63,100
1585238054000,65,92
1585238354000,65,88
1585238654000,61,122
1585238954000,66,86
1585239254000,68,95
1585239554000,68,81
1585239854000,69,78
1585240154000,69,74
1585240454000,65,88
1585240754000,66,88
1585241054000,67,75
1585241354000,66,86
1585241654000,69,62
1585297042000,0,0
1585297342000,77,40
1585297642000,76,33
1585297942000,76,28
1585298242000,77,34
1585298542000,75,27
1585298842000,77,20
1585299142000,76,24
1585299442000,76,25
1585299742000,76,35
1585300042000,77,31
1585300342000,82,20
1585300642000,81,21
1585300942000,78,28
1585301242000,76,25
1585301542000,75,35
1585301842000,72,47
1585302142000,72,39
1585302442000,70,51
1585302742000,71,47
1585303042000,67,67
1585303342000,65,59
1585303642000,69,51
1585303942000,68,62
1585304242000,71,40
1585304542000,69,57
1585304842000,81,17
1585305142000,86,14
1585305442000,0,0
1585305742000,69,59
1585306042000,0,0
1585306342000,73,63
1585306642000,74,43
1585306942000,74,36
1585307242000,75,25
1585307542000,72,55
1585307842000,71,46
1585308142000,74,30
1585308442000,74,33
1585308742000,74,31
1585309042000,74,29
1585309342000,74,27
1585309642000,72,54
1585309942000,68,70
1585310242000,72,32
1585310542000,68,72
1585310842000,75,44
1585311142000,81,21
1585311442000,75,25
1585311742000,66,72
1585312042000,71,52
1585312342000,71,43
1585312642000,71,36
1585312942000,69,39
1585313242000,71,36
1585313542000,71,32
1585313842000,71,34
1585314142000,71,26
1585314442000,71,46
1585314742000,70,53
1585315042000,71,47
1585315342000,72,32
1585315642000,68,80
1585315942000,75,34
1585316242000,80,15
1585316542000,75,47
1585316842000,74,45
1585317142000,74,41
1585317442000,77,29
1585317742000,76,41
1585318042000,71,62
1585318342000,73,37
1585318642000,72,46
1585318942000,71,52
1585319242000,74,41
1585319542000,74,52
1585319842000,73,53
1585320142000,78,38
1585320442000,73,46
1585320742000,80,39
1585321042000,0,0
1585321342000,75,43
1585321642000,77,40
1585321942000,75,47
1585322242000,80,20
1585322542000,81,31
1585322842000,75,45
1585323142000,76,35
1585323442000,76,38
1585323742000,75,37
1585324042000,76,37
1585324342000,78,37
1585324642000,68,81
1585324942000,70,74
1585325242000,70,70
1585325542000,72,67
1585325842000,76,52
1585326142000,74,50
1585326442000,75,46
1585326742000,75,55
1585470510000,75,31
1585470810000,74,41
1585471110000,73,40
1585471410000,76,29
1585471710000,75,31
1585472010000,75,40
1585472310000,72,37
1585472610000,73,31
1585472910000,72,36
1585473210000,74,32
1585473510000,70,52
1585473810000,71,44
1585474110000,72,40
1585474410000,73,49
1585474710000,82,21
1585475010000,81,25
1585475310000,78,37
1585475610000,76,35
1585475910000,75,32
1585476210000,72,27
1585476510000,79,28
1585476810000,69,59
1585477110000,77,45
1585477410000,74,48
1585477710000,67,60
1585478010000,66,59
1585478310000,71,48
1585478610000,68,58
1585478910000,70,39
1585479210000,70,43
1585479510000,68,54
1585479810000,68,49
1585480110000,69,57
1585480410000,65,66
1585480710000,68,52
1585481010000,75,30
1585481310000,78,17
1585481610000,77,35
1585481910000,75,32
1585482210000,72,38
1585482510000,71,50
1585482810000,72,33
1585483110000,69,60
1585483410000,70,44
1585483710000,70,39
1585484010000,69,42
1585484310000,69,43
1585484610000,68,61
1585484910000,68,52
1585485210000,67,53
1585485510000,68,49
1585485810000,68,55
1585486110000,69,58
1585486410000,73,31
1585486710000,71,43
1585487010000,76,39
1585487310000,68,51
1585487610000,62,81
1585487910000,69,41
1585488210000,80,31
1585488510000,75,34
1585488810000,71,45
1585489110000,67,58
1585489410000,64,73
1585489710000,67,75
1585490010000,65,62
1585490310000,67,56
1585490610000,66,62
1585490910000,67,54
1585491210000,67,48
1585491510000,66,71
1585491810000,65,65
1585492110000,66,70
1585492410000,67,79
1585492710000,66,68
1585493010000,69,49
1585493310000,67,69
1585493610000,71,56
1585493910000,73,46
1585494210000,72,46
1585494510000,70,48
1585494810000,72,43
1585495110000,73,32
1585495410000,72,41
1585495710000,70,46
1585496010000,72,37
1585496310000,75,37
1585496610000,77,25
1585496910000,68,90
1585497210000,76,26
1585497510000,0,0
1585497810000,0,0
1585498110000,72,53
1585498410000,72,48
1585498710000,70,61
1585499010000,68,70
1585499310000,70,66
1585499610000,67,75
1585499910000,67,72
1585500210000,66,76
1585500510000,67,75
1585500810000,65,89
1585501110000,71,81
1585501410000,82,31
1585501710000,79,39
1585502010000,79,38
1585502310000,70,67
1585502610000,0,0
1585553400000,0,0
1585553700000,0,0
1585554000000,77,40
1585554300000,76,37
1585554600000,76,31
1585554900000,77,28
1585555200000,77,37
1585555500000,67,60
1585555800000,68,47
1585556100000,68,48
1585556400000,68,49
1585556700000,70,51
1585557000000,68,74
1585557300000,67,70
1585557600000,71,42
1585557900000,70,49
1585558200000,69,46
1585558500000,69,36
1585558800000,67,45
1585559100000,66,51
1585559400000,67,75
1585559700000,66,68
1585560000000,65,84
1585560300000,66,83
1585560600000,64,76
1585560900000,65,68
1585561200000,67,69
1585561500000,67,70
1585561800000,62,98
1585562100000,64,95
1585562400000,76,30
1585562700000,76,30
1585563000000,78,37
1585563300000,75,26
1585563600000,69,68
1585563900000,67,61
1585564200000,63,73
1585564500000,62,77
1585564800000,63,67
1585565100000,63,98
1585565400000,64,87
1585565700000,64,88
1585566000000,64,76
1585566300000,63,86
1585566600000,63,84
1585566900000,63,77
1585567200000,63,80
1585567500000,65,88
1585567800000,66,69
1585568100000,70,53
1585568400000,69,70
1585568700000,68,72
1585569000000,64,66
1585569300000,62,75
1585569600000,64,74
1585569900000,62,107
1585570200000,64,82
1585570500000,64,75
1585570800000,68,67
1585571100000,72,44
1585571400000,71,50
1585571700000,67,77
1585572000000,70,47
1585572300000,74,48
1585572600000,77,21
1585572900000,76,21
1585573200000,70,44
1585573500000,72,32
1585573800000,71,43
1585574100000,71,51
1585574400000,68,87
1585574700000,66,66
1585575000000,65,67
1585575300000,62,85
1585575600000,63,79
1585575900000,63,81
1585576200000,64,71
1585576500000,65,85
1585576800000,65,84
1585577100000,68,59
1585577400000,62,80
1585577700000,62,82
1585578000000,65,69
1585578300000,68,68
1585578600000,68,63
1585578900000,65,73
1585579200000,65,71
1585579500000,65,71
1585579800000,67,62
1585580100000,66,76
1585580400000,0,0
1585580700000,75,42
1585581000000,77,39
1585581300000,76,34
1585581600000,0,0
1585581900000,71,46
1585582200000,72,47
1585582500000,74,43
1585582800000,0,0
1585583100000,0,0
1585583400000,75,37
1585583700000,0,0
1585645709000,0,0
1585646009000,77,26
1585646309000,76,31
1585646609000,74,33
1585646909000,75,28
1585647209000,76,29
1585647509000,74,35
1585647809000,74,35
1585648109000,74,37
1585648409000,70,62
1585648709000,77,27
1585649009000,76,27
1585649309000,76,27
1585649609000,75,32
1585649909000,73,44
1585650209000,73,28
1585650509000,72,34
1585650809000,70,48
1585651109000,73,42
1585651409000,72,32
1585651709000,70,37
1585652009000,70,40
1585652309000,70,41
1585652609000,70,36
1585652909000,70,37
1585653209000,68,46
1585653509000,71,63
1585653809000,76,40
1585654109000,78,24
1585654409000,79,18
1585654709000,78,20
1585655009000,78,18
1585655309000,76,21
1585655609000,72,41
1585655909000,68,53
1585656209000,70,29
1585656509000,69,43
1585656809000,66,58
1585657109000,68,39
1585657409000,68,52
1585657709000,67,47
1585658009000,67,44
1585658309000,68,40
1585658609000,67,58
1585658909000,66,83
1585659209000,70,50
1585659509000,74,43
1585659809000,72,51
1585660109000,67,78
1585660409000,68,65
1585660709000,74,52
1585661009000,69,44
1585661309000,67,58
1585661609000,67,55
1585661909000,66,70
1585662209000,64,64
1585662509000,64,80
1585662809000,72,66
1585663109000,77,28
1585663409000,76,38
1585663709000,73,47
1585664009000,73,43
1585664309000,75,40
1585664609000,76,33
1585664909000,78,31
1585665209000,75,28
1585665509000,77,24
1585665809000,73,37
1585666109000,74,34
1585666409000,73,47
1585666709000,77,40
1585667009000,70,65
1585667309000,68,68
1585667609000,66,75
1585667909000,65,73
1585668209000,71,57
1585668509000,68,66
1585668809000,66,73
1585669109000,0,0
1585722949000,85,53
1585723249000,83,48
1585723549000,84,44
1585723849000,82,31
1585724149000,82,35
1585724449000,81,27
1585724749000,83,24
1585725049000,84,22
1585725349000,85,22
1585725649000,85,23
1585725949000,80,44
1585726249000,73,43
1585726549000,74,33
1585726849000,74,37
1585727149000,73,39
1585727449000,73,42
1585727749000,73,41
1585728049000,74,41
1585728349000,76,33
1585728649000,81,15
1585728949000,82,16
1585729249000,75,45
1585729549000,71,63
1585729849000,70,53
1585730149000,66,67
1585730449000,65,83
1585730749000,65,60
1585731049000,66,55
1585731349000,64,87
1585731649000,63,71
1585731949000,64,76
1585732249000,63,72
1585732549000,63,72
1585732849000,61,79
1585733149000,62,82
1585733449000,70,55
1585733749000,75,28
1585734049000,74,36
1585734349000,69,63
1585734649000,66,79
1585734949000,68,65
1585735249000,66,68
1585735549000,64,63
1585735849000,64,95
1585736149000,63,85
1585736449000,63,81
1585736749000,63,68
1585737049000,63,75
1585737349000,62,75
1585737649000,63,97
1585737949000,63,82
1585738249000,64,82
1585738549000,62,110
1585738849000,70,43
1585739149000,72,44
1585739449000,70,45
1585739749000,68,67
1585740049000,68,74
1585740349000,68,58
1585740649000,67,73
1585740949000,63,74
1585741249000,60,111
1585741549000,60,93
1585741849000,61,70
1585742149000,60,86
1585742449000,61,78
1585742749000,60,82
1585743049000,62,73
1585743349000,60,88
1585743649000,61,97
1585743949000,60,111
1585744249000,63,85
1585744549000,65,91
1585744849000,65,85
1585745149000,61,103
1585745449000,61,82
1585745749000,62,74
1585746049000,58,110
1585746349000,58,103
1585746649000,58,107
1585746949000,59,116
1585747249000,57,114
1585747549000,64,73
1585747849000,71,48
1585748149000,67,78
1585748449000,71,55
1585748749000,70,49
1585749049000,70,46
1585749349000,70,66
1585749649000,63,116
1585749949000,60,116
1585750249000,63,103
1585750549000,59,125
1585750849000,60,120
1585751149000,61,102
1585751449000,60,123
1585751749000,61,113
1585752049000,64,93
1585752349000,67,72
1585752649000,65,97
1585752949000,62,119
1585753249000,62,117
1585753549000,61,109
1585753849000,60,116
1585754149000,60,120
1585754449000,61,98
1585754749000,61,113
1585755049000,60,118
1585755349000,61,105
1585755649000,61,100
1585755949000,59,130
1585756249000,60,121
1585756549000,61,115
1585756849000,62,104
1585757149000,62,109
1585757449000,67,78
1585757749000,64,97
1585758049000,64,90
1585758349000,78,56
1585813797000,0,0
1585814097000,87,25
1585814397000,84,27
1585814697000,81,42
1585814997000,80,39
1585815297000,82,38
1585815597000,83,35
1585815897000,81,33
1585816197000,77,40
1585816497000,76,28
1585816797000,76,35
1585817097000,76,44
1585817397000,69,52
1585817697000,70,46
1585817997000,69,56
1585818297000,66,55
1585818597000,73,36
1585818897000,72,46
1585819197000,72,54
1585819497000,71,36
1585819797000,71,33
1585820097000,71,33
1585820397000,68,46
1585820697000,68,56
1585820997000,68,80
1585821297000,65,76
1585821597000,66,66
1585821897000,66,75
1585822197000,68,62
1585822497000,64,77
1585822797000,63,75
1585823097000,64,63
1585823397000,64,62
1585823697000,66,74
1585823997000,68,62
1585824297000,73,40
1585824597000,77,24
1585824897000,76,36
1585825197000,68,66
1585825497000,69,68
1585825797000,67,72
1585826097000,67,72
1585826397000,67,64
1585826697000,67,57
1585826997000,66,59
1585827297000,66,58
1585827597000,65,72
1585827897000,65,56
1585828197000,64,63
1585828497000,65,83
1585828797000,65,83
1585829097000,63,83
1585829397000,60,83
1585829697000,66,56
1585829997000,64,89
1585830297000,67,76
1585830597000,65,83
1585830897000,64,74
1585831197000,63,80
1585831497000,65,75
1585831797000,68,63
1585832097000,66,59
1585832397000,67,49
1585832697000,65,65
1585832997000,67,74
1585833297000,68,63
1585833597000,69,59
1585833897000,66,76
1585834197000,71,56
1585834497000,65,80
1585834797000,74,21
1585835097000,70,65
1585835397000,66,71
1585835697000,68,57
1585835997000,66,87
1585836297000,66,81
1585836597000,65,90
1585836897000,64,83
1585837197000,65,69
1585837497000,66,85
1585837797000,65,89
1585838097000,64,87
1585838397000,61,96
1585838697000,64,91
1585838997000,64,98
1585839297000,70,57
1585839597000,77,44
1585902328000,0,0
1585902628000,0,0
1585902928000,72,43
1585903228000,68,60
1585903528000,66,72
1585903828000,65,67
1585904128000,64,61
1585904428000,64,64
1585904728000,64,60
1585905028000,64,61
1585905328000,63,65
1585905628000,64,68
1585905928000,67,93
1585906228000,72,41
1585906528000,70,48
1585906828000,70,45
1585907128000,65,64
1585907428000,67,57
1585907728000,65,64
1585908028000,63,68
1585908328000,63,90
1585908628000,61,92
1585908928000,61,89
1585909228000,61,110
1585909528000,60,88
1585909828000,60,98
1585910128000,64,82
1585910428000,69,63
1585910728000,66,79
1585911028000,71,36
1585911328000,71,42
1585911628000,68,62
1585911928000,68,66
1585912228000,69,51
1585912528000,64,61
1585912828000,63,68
1585913128000,63,63
1585913428000,63,69
1585913728000,62,63
1585914028000,62,70
1585914328000,62,75
1585914628000,65,78
1585914928000,66,64
1585915228000,62,93
1585915528000,66,68
1585915828000,65,73
1585916128000,64,82
1585916428000,62,107
1585916728000,66,67
1585917028000,67,52
1585917328000,66,63
1585917628000,68,53
1585917928000,69,44
1585918228000,69,45
1585918528000,69,43
1585918828000,68,47
1585919128000,69,44
1585919428000,69,45
1585919728000,66,90
1585920028000,68,77
1585920328000,68,85
1585920628000,65,98
1585920928000,60,98
1585921228000,67,52
1585921528000,67,79
1585921828000,69,64
1585922128000,70,45
1585922428000,66,77
1585922728000,65,64
1585923028000,65,70
1585923328000,64,73
1585923628000,67,88
1585923928000,67,63
1585924228000,65,84
1585924528000,68,74
1585924828000,65,79
1585925128000,69,64
1585925428000,72,31
1585925728000,67,57
1585926028000,69,60
1585926328000,66,66
1585926628000,65,74
1585926928000,65,98
1585927228000,65,66
1585927528000,65,76
1585927828000,66,73
1585928128000,67,52
1585928428000,68,84
1585928728000,70,51
1585929028000,69,68
1585929328000,68,55
1585929628000,72,28
1585929928000,69,51
1585930228000,72,43
1585930528000,68,69
1585930828000,68,59
1585931128000,68,61
1585931428000,70,49
1585931728000,70,44
1585932028000,69,47
1585932328000,70,39
1585932628000,69,49
1585932928000,70,40
1585933228000,68,77
1585933528000,63,91
1585933828000,72,47
1585934128000,71,39
1585934428000,75,52
1585934728000,0,0
1585983867000,77,34
1585984167000,78,24
1585984467000,80,20
1585984767000,70,53
1585985067000,68,63
1585985367000,68,49
1585985667000,69,39
1585985967000,69,39
1585986267000,68,46
1585986567000,67,63
1585986867000,65,62
1585987167000,66,63
1585987467000,65,62
1585987767000,64,65
1585988067000,64,68
1585988367000,65,70
1585988667000,66,79
1585988967000,69,48
1585989267000,65,82
1585989567000,66,71
1585989867000,64,80
1585990167000,63,84
1585990467000,63,86
1585990767000,62,69
1585991067000,66,66
1585991367000,66,68
1585991667000,65,72
1585991967000,64,79
1585992267000,63,97
1585992567000,65,80
1585992867000,66,66
1585993167000,66,80
1585993467000,69,68
1585993767000,62,91
1585994067000,66,77
1585994367000,64,99
1585994667000,63,96
1585994967000,63,89
1585995267000,63,77
1585995567000,61,87
1585995867000,61,88
1585996167000,61,86
1585996467000,61,97
1585996767000,60,97
1585997067000,63,103
1585997367000,62,93
1585997667000,60,113
1585997967000,63,105
1585998267000,61,104
1585998567000,60,110
1585998867000,62,101
1585999167000,64,88
1585999467000,67,67
1585999767000,70,37
1586000067000,66,76
1586000367000,66,86
1586000667000,68,60
1586000967000,65,85
1586001267000,65,72
1586001567000,62,82
1586001867000,61,84
1586002167000,62,78
1586002467000,63,79
1586002767000,63,75
1586003067000,62,85
1586003367000,63,77
1586003667000,62,88
1586003967000,62,111
1586004267000,61,95
1586004567000,63,87
1586004867000,62,97
1586005167000,68,44
1586005467000,62,112
1586005767000,59,107
1586006067000,61,98
1586006367000,66,63
1586006667000,67,64
1586006967000,65,70
1586007267000,59,121
1586007567000,60,108
1586007867000,62,82
1586008167000,60,92
1586008467000,59,107
1586008767000,58,105
1586009067000,59,111
1586009367000,62,100
1586009667000,66,79
1586009967000,64,96
1586010267000,59,127
1586010567000,63,116
1586010867000,64,100
1586011167000,64,100
1586011467000,69,83
1586011767000,66,82
1586012067000,61,105
1586012367000,62,101
1586012667000,63,93
1586012967000,62,97
1586013267000,62,98
1586013567000,63,96
1586013867000,61,85
1586014167000,62,90
1586014467000,65,67
1586014767000,67,65
1586015067000,67,76
1586015367000,71,68
1586015667000,75,28
1586015967000,74,38
1586016267000,67,71
1586016567000,67,82
1586016867000,66,83
1586017167000,66,83
1586017467000,66,85
1586017767000,67,87
1586070837000,0,0
1586071137000,74,41
1586071437000,70,53
1586071737000,66,63
1586072037000,66,58
1586072337000,67,47
1586072637000,65,59
1586072937000,67,50
1586073237000,66,59
1586073537000,64,81
1586073837000,65,55
1586074137000,65,59
1586074437000,65,57
1586074737000,65,56
1586075037000,66,59
1586075337000,66,74
1586075637000,72,35
1586075937000,66,71
1586076237000,66,60
1586076537000,66,48
1586076837000,63,73
1586077137000,63,70
1586077437000,63,65
1586077737000,67,77
1586078037000,65,72
1586078337000,66,63
1586078637000,65,74
1586078937000,65,75
1586079237000,71,41
1586079537000,69,68
1586079837000,71,71
1586080137000,73,55
1586080437000,73,39
1586080737000,70,52
1586081037000,72,50
1586081337000,73,33
1586081637000,74,27
1586081937000,68,66
1586082237000,67,59
1586082537000,68,47
1586082837000,70,37
1586083137000,68,48
1586083437000,67,49
1586083737000,69,65
1586084037000,70,48
1586084337000,71,47
1586084637000,72,44
1586084937000,76,32
1586085237000,73,58
1586085537000,75,40
1586085837000,72,26
1586086137000,71,29
1586086437000,70,72
1586086737000,71,56
1586087037000,70,63
1586087337000,71,48
1586087637000,65,65
1586087937000,67,39
1586088237000,65,59
1586088537000,67,47
1586088837000,66,49
1586089137000,67,53
1586089437000,66,77
1586089737000,64,80
1586090037000,64,72
1586090337000,66,50
1586090637000,66,66
1586090937000,67,58
1586091237000,67,61
1586091537000,67,50
1586091837000,65,70
1586092137000,64,77
1586092437000,64,67
1586092737000,63,83
1586093037000,60,88
1586093337000,61,98
1586093637000,61,91
1586093937000,61,84
1586094237000,60,98
1586094537000,61,101
1586094837000,64,83
1586095137000,66,90
1586095437000,66,71
1586095737000,66,93
1586096037000,68,50
1586096337000,65,82
1586096637000,67,72
1586096937000,65,79
1586097237000,65,72
1586097537000,68,64
1586097837000,67,77
1586098137000,62,88
1586098437000,62,92
1586098737000,68,60
1586099037000,71,48
1586099337000,71,45
1586099637000,71,42
1586099937000,74,33
1586100237000,70,54
1586100537000,72,48
1586100837000,72,44
1586101137000,70,52
1586101437000,70,55
1586101737000,70,62
1586102037000,67,59
1586102337000,66,65
1586102637000,66,79
1586102937000,60,105
1586103237000,64,82
1586103537000,65,83
1586103837000,71,39
1586104137000,74,30
1586104437000,75,26
1586104737000,75,31
1586105037000,82,19
1586105337000,78,30
1586105637000,72,56
1586105937000,68,85
1586106237000,0,0
1586106537000,74,48
1586106837000,77,30
1586161471000,83,22
1586161771000,78,19
1586162071000,72,36
1586162371000,73,32
1586162671000,72,36
1586162971000,70,38
1586163271000,70,36
1586163571000,69,38
1586163871000,69,37
1586164171000,72,46
1586164471000,70,38
1586164771000,69,40
1586165071000,69,40
1586165371000,69,41
1586165671000,70,53
1586165971000,71,44
1586166271000,74,45
1586166571000,70,51
1586166871000,70,34
1586167171000,71,36
1586167471000,66,55
1586167771000,64,71
1586168071000,64,60
1586168371000,68,60
1586168671000,68,37
1586168971000,68,47
1586169271000,69,45
1586169571000,67,78
1586169871000,69,50
1586170171000,78,18
1586170471000,77,24
1586170771000,77,22
1586171071000,71,55
1586171371000,67,64
1586171671000,74,25
1586171971000,72,42
1586172271000,66,77
1586172571000,68,64
1586172871000,64,64
1586173171000,64,64
1586173471000,62,72
1586173771000,62,72
1586174071000,62,72
1586174371000,63,61
1586174671000,63,69
1586174971000,65,66
1586175271000,66,72
1586175571000,66,70
1586175871000,65,68
1586176171000,65,65
1586176471000,64,83
1586176771000,62,71
1586177071000,62,64
1586177371000,63,102
1586177671000,66,60
1586177971000,72,28
1586178271000,64,82
1586178571000,62,82
1586178871000,63,80
1586179171000,64,92
1586179471000,65,64
1586179771000,64,74
1586180071000,62,84
1586180371000,67,79
1586180671000,68,47
1586180971000,66,56
1586181271000,68,44
1586181571000,66,71
1586181871000,63,89
1586182171000,61,88
1586182471000,63,85
1586182771000,61,92
1586183071000,61,91
1586183371000,63,98
1586183671000,67,77
1586183971000,72,26
1586184271000,68,55
1586184571000,67,62
1586184871000,67,66
1586185171000,65,82
1586185471000,65,74
1586185771000,63,79
1586186071000,65,77
1586186371000,64,72
1586186671000,64,79
1586186971000,63,80
1586187271000,63,80
1586187571000,65,122
1586187871000,60,131
1586188171000,63,102
1586188471000,63,120
1586188771000,63,134
1586189071000,63,116
1586189371000,65,109
1586189671000,64,91
1586189971000,66,86
1586190271000,76,43
1586241056000,84,35
1586241356000,85,23
1586241656000,83,24
1586241956000,82,23
1586242256000,77,30
1586242556000,73,37
1586242856000,71,44
1586243156000,71,37
1586243456000,69,60
1586243756000,67,57
1586244056000,69,43
1586244356000,69,45
1586244656000,69,38
1586244956000,69,39
1586245256000,69,42
1586245556000,68,44
1586245856000,69,36
1586246156000,70,53
1586246456000,74,36
1586246756000,77,21
1586247056000,77,20
1586247356000,75,27
1586247656000,71,50
1586247956000,70,40
1586248256000,70,48
1586248556000,69,47
1586248856000,67,57
1586249156000,69,48
1586249456000,67,55
1586249756000,70,48
1586250056000,74,39
1586250356000,78,29
1586250656000,76,30
1586250956000,72,50
1586251256000,76,16
1586251556000,77,19
1586251856000,78,23
1586252156000,79,16
1586252456000,77,19
1586252756000,74,31
1586253056000,71,56
1586253356000,72,41
1586253656000,72,36
1586253956000,71,46
1586254256000,70,39
1586254556000,70,38
1586254856000,69,63
1586255156000,68,61
1586255456000,68,63
1586255756000,70,43
1586256056000,70,40
1586256356000,74,30
1586256656000,75,18
1586256956000,73,36
1586257256000,70,43
1586257556000,74,49
1586257856000,76,31
1586258156000,74,33
1586258456000,75,29
1586258756000,75,29
1586259056000,74,33
1586259356000,75,28
1586259656000,74,35
1586259956000,67,72
1586260256000,66,69
1586260556000,68,55
1586260856000,74,34
1586261156000,79,16
1586261456000,71,44
1586261756000,76,28
1586262056000,75,40
1586262356000,72,47
1586262656000,74,29
1586262956000,75,21
1586263256000,73,51
1586263556000,68,64
1586263856000,65,88
1586264156000,66,69
1586264456000,66,59
1586264756000,64,85
1586265056000,64,89
1586265356000,63,76
1586265656000,64,80
1586265956000,63,76
1586266256000,65,68
1586266556000,64,74
1586266856000,63,89
1586267156000,64,84
1586267456000,63,92
1586267756000,69,52
1586268056000,68,76
1586268356000,69,63
1586268656000,68,82
1586268956000,69,71
1586269256000,71,41
1586269556000,68,66
1586269856000,66,64
1586270156000,68,55
1586270456000,71,47
1586270756000,70,55
1586271056000,71,47
1586271356000,75,27
1586271656000,80,26
1586271956000,80,34
1586272256000,77,24
1586272556000,77,23
1586272856000,75,34
1586273156000,75,49
1586273456000,79,28
1586273756000,0,0
1586334151000,0,0
1586334451000,75,34
1586334751000,78,30
1586335051000,78,29
1586335351000,74,40
1586335651000,73,46
1586335951000,71,45
1586336251000,73,37
1586336551000,72,33
1586336851000,71,42
1586337151000,71,28
1586337451000,70,34
1586337751000,69,42
1586338051000,67,57
1586338351000,67,78
1586338651000,74,31
1586338951000,76,17
1586339251000,71,55
1586339551000,67,58
1586339851000,63,75
1586340151000,64,61
1586340451000,64,66
1586340751000,62,79
1586341051000,61,85
1586341351000,62,82
1586341651000,60,103
1586341951000,62,79
1586342251000,60,104
1586342551000,61,101
1586342851000,61,102
1586343151000,66,70
1586343451000,67,70
1586343751000,64,93
1586344051000,66,78
1586344351000,70,60
1586344651000,79,20
1586344951000,77,32
1586345251000,78,26
1586345551000,78,29
1586345851000,79,27
1586346151000,66,85
1586346451000,65,75
1586346751000,65,82
1586347051000,68,55
1586347351000,62,103
1586347651000,63,85
1586347951000,63,87
1586348251000,67,66
1586348551000,64,81
1586348851000,65,67
1586349151000,64,77
1586349451000,73,45
1586349751000,72,38
1586350051000,72,49
1586350351000,72,39
1586350651000,74,39
1586350951000,75,40
1586351251000,73,52
1586351551000,71,48
1586351851000,67,76
1586352151000,68,59
1586352451000,68,67
1586352751000,68,57
1586353051000,66,63
1586353351000,65,74
1586353651000,63,80
1586353951000,63,86
1586354251000,65,75
1586354551000,63,83
1586354851000,61,110
1586355151000,60,114
1586355451000,64,102
1586355751000,72,53
1586356051000,74,46
1586356351000,77,21
1586356651000,71,56
1586356951000,70,56
1586357251000,71,53
1586357551000,70,62
1586357851000,67,99
1586358151000,62,115
1586358451000,59,120
1586358751000,61,109
1586359051000,62,102
1586359351000,62,94
1586359651000,61,100
1586359951000,63,101
1586360251000,67,97
1586360551000,64,88
1586360851000,66,79
1586361151000,67,82
1586361451000,66,83
1586361751000,71,92
1586362051000,71,67
1586415489000,0,0
1586415789000,77,41
1586416089000,76,43
1586416389000,76,37
1586416689000,73,55
1586416989000,65,66
1586417289000,67,54
1586417589000,67,47
1586417889000,68,46
1586418189000,68,43
1586418489000,68,54
1586418789000,68,42
1586419089000,70,36
1586419389000,66,59
1586419689000,70,50
1586419989000,74,28
1586420289000,73,39
1586420589000,68,58
1586420889000,67,52
1586421189000,64,85
1586421489000,68,55
1586421789000,69,44
1586422089000,70,42
1586422389000,69,46
1586422689000,69,46
1586422989000,71,60
1586423289000,66,69
1586423589000,67,60
1586423889000,62,75
1586424189000,66,62
1586424489000,69,58
1586424789000,79,16
1586425089000,74,41
1586425389000,71,41
1586425689000,74,38
1586425989000,70,54
1586426289000,68,68
1586426589000,67,69
1586426889000,64,98
1586427189000,65,78
1586427489000,62,95
1586427789000,62,70
1586428089000,60,96
1586428389000,60,109
1586428689000,59,90
1586428989000,62,100
1586429289000,63,80
1586429589000,61,94
1586429889000,61,95
1586430189000,61,113
1586430489000,62,115
1586430789000,66,78
1586431089000,67,62
1586431389000,66,75
1586431689000,63,78
1586431989000,64,84
1586432289000,62,94
1586432589000,63,73
1586432889000,62,90
1586433189000,64,80
1586433489000,65,65
1586433789000,62,88
1586434089000,62,97
1586434389000,68,56
1586434689000,75,34
1586434989000,67,58
1586435289000,71,74
1586435589000,72,31
1586435889000,65,87
1586436189000,68,85
1586436489000,72,51
1586436789000,69,56
1586437089000,71,51
1586437389000,65,69
1586437689000,65,71
1586437989000,66,62
1586438289000,65,62
1586438589000,65,71
1586438889000,66,68
1586439189000,58,116
1586439489000,59,112
1586439789000,57,129
1586440089000,59,116
1586440389000,61,112
1586440689000,62,116
1586440989000,66,79
1586441289000,67,68
1586441589000,73,42
1586441889000,75,43
1586442189000,70,66
1586442489000,71,49
1586442789000,70,52
1586443089000,71,48
1586443389000,0,0
1586443689000,71,42
1586443989000,71,37
1586444289000,72,43
1586444589000,72,40
1586444889000,64,77
1586445189000,69,56
1586445489000,67,83
1586445789000,60,109
1586446089000,66,78
1586446389000,0,0
1586446689000,64,88
1586504012000,90,11
1586504312000,86,16
1586504612000,84,22
1586504912000,81,31
1586505212000,80,31
1586505512000,81,21
1586505812000,81,23
1586506112000,81,23
1586506412000,81,27
1586506712000,74,40
1586507012000,73,34
1586507312000,73,29
1586507612000,73,47
1586507912000,74,30
1586508212000,73,31
1586508512000,73,35
1586508812000,73,34
1586509112000,73,36
1586509412000,72,47
1586509712000,81,18
1586510012000,80,17
1586510312000,77,21
1586510612000,75,33
1586510912000,73,35
1586511212000,74,27
1586511512000,72,44
1586511812000,71,33
1586512112000,71,46
1586512412000,67,54
1586512712000,66,55
1586513012000,68,45
1586513312000,67,49
1586513612000,69,56
1586513912000,65,67
1586514212000,66,53
1586514512000,66,60
1586514812000,68,68
1586515112000,70,53
1586515412000,82,17
1586515712000,72,38
1586516012000,71,45
1586516312000,65,90
1586516612000,65,73
1586516912000,69,56
1586517212000,72,38
1586517512000,72,40
1586517812000,71,58
1586518112000,65,71
1586518412000,0,0
1586518712000,0,0
1586519012000,66,78
1586519312000,66,57
1586519612000,70,39
1586519912000,70,49
1586520212000,70,38
1586520512000,72,45
1586520812000,65,87
1586521112000,69,54
1586521412000,68,57
1586521712000,67,73
1586522012000,63,82
1586522312000,64,76
1586522612000,63,84
1586522912000,62,86
1586523212000,62,85
1586523512000,62,86
1586523812000,63,74
1586524112000,62,102
1586524412000,60,98
1586524712000,62,89
1586525012000,62,100
1586525312000,65,89
1586525612000,65,98
1586525912000,61,112
1586526212000,62,115
1586526512000,65,110
1586526812000,63,114
1586527112000,61,100
1586527412000,63,93
1586527712000,66,65
1586528012000,68,60
1586528312000,67,65
1586528612000,65,81
1586528912000,62,93
1586529212000,64,79
1586529512000,66,77
1586529812000,66,79
1586530112000,71,51
1586530412000,75,50
1586530712000,67,82
1586531012000,70,61
1586531312000,73,47
1586531612000,69,59
1586531912000,72,49
1586532212000,72,54
1586532512000,71,52
1586532812000,70,60
1586533112000,72,55
1586533412000,62,107
1586533712000,61,114
1586534012000,60,120
1586534312000,62,113
1586534612000,65,99
1586534912000,75,30
1586535212000,71,59
1586535512000,0,0
1586535812000,74,54
1586536112000,83,36
1586594193000,71,46
1586594493000,68,54
1586594793000,67,58
1586595093000,68,48
1586595393000,68,43
1586595693000,68,62
1586595993000,69,46
1586596293000,66,56
1586596593000,67,55
1586596893000,66,60
1586597193000,67,72
1586597493000,67,53
1586597793000,68,58
1586598093000,68,74
1586598393000,70,47
1586598693000,73,40
1586598993000,74,35
1586599293000,71,40
1586599593000,70,55
1586599893000,67,40
1586600193000,67,55
1586600493000,64,73
1586600793000,65,64
1586601093000,64,60
1586601393000,64,51
1586601693000,64,69
1586601993000,64,69
1586602293000,65,66
1586602593000,64,67
1586602893000,66,56
1586603193000,68,53
1586603493000,69,48
1586603793000,68,62
1586604093000,66,66
1586604393000,65,64
1586604693000,65,57
1586604993000,64,55
1586605293000,62,83
1586605593000,62,84
1586605893000,62,73
1586606193000,63,61
1586606493000,63,60
1586606793000,62,67
1586607093000,62,63
1586607393000,60,100
1586607693000,61,74
1586607993000,62,87
1586608293000,66,64
1586608593000,69,54
1586608893000,71,43
1586609193000,67,50
1586609493000,65,70
1586609793000,65,70
1586610093000,64,76
1586610393000,65,71
1586610693000,64,75
1586610993000,64,70
1586611293000,63,59
1586611593000,62,62
1586611893000,62,83
1586612193000,60,87
1586612493000,58,86
1586612793000,59,79
1586613093000,59,79
1586613393000,60,86
1586613693000,68,65
1586613993000,71,60
1586614293000,71,62
1586614593000,72,44
1586614893000,73,40
1586615193000,71,57
1586615493000,68,59
1586615793000,63,81
1586616093000,67,57
1586616393000,64,77
1586616693000,63,77
1586616993000,72,52
1586617293000,69,50
1586617593000,72,50
1586617893000,62,97
1586618193000,71,45
1586618493000,71,45
1586618793000,69,46
1586619093000,66,70
1586619393000,64,60
1586619693000,62,90
1586619993000,60,109
1586620293000,60,103
1586620593000,59,113
1586620893000,58,111
1586621193000,61,111
1586621493000,70,77
1586621793000,75,53
1586676140000,0,0
1586676440000,76,27
1586676740000,68,50
1586677040000,65,57
1586677340000,66,40
1586677640000,65,43
1586677940000,67,43
1586678240000,68,44
1586678540000,68,40
1586678840000,68,41
1586679140000,68,38
1586679440000,69,40
1586679740000,69,53
1586680040000,71,42
1586680340000,76,29
1586680640000,76,22
1586680940000,74,29
1586681240000,72,42
1586681540000,65,68
1586681840000,62,70
1586682140000,64,71
1586682440000,60,73
1586682740000,59,80
1586683040000,58,76
1586683340000,60,79
1586683640000,59,81
1586683940000,58,88
1586684240000,57,94
1586684540000,58,100
1586684840000,58,82
1586685140000,65,50
1586685440000,65,76
1586685740000,67,53
1586686040000,66,52
1586686340000,65,52
1586686640000,65,47
1586686940000,64,51
1586687240000,64,55
1586687540000,63,61
1586687840000,65,45
1586688140000,61,70
1586688440000,61,72
1586688740000,62,81
1586689040000,63,62
1586689340000,64,59
1586689640000,66,60
1586689940000,61,70
1586690240000,60,87
1586690540000,61,82
1586690840000,62,68
1586691140000,61,74
1586691440000,64,67
1586691740000,57,107
1586692040000,57,97
1586692340000,59,96
1586692640000,59,85
1586692940000,70,36
1586693240000,68,67
1586693540000,66,58
1586693840000,68,65
1586694140000,63,74
1586694440000,65,68
1586694740000,73,34
1586695040000,65,70
1586695340000,68,56
1586695640000,65,61
1586695940000,64,67
1586696240000,62,75
1586696540000,60,96
1586696840000,59,102
1586697140000,58,99
1586697440000,57,103
1586697740000,58,101
1586698040000,60,90
1586698340000,59,91
1586698640000,61,78
1586698940000,63,76
1586699240000,66,68
1586699540000,63,92
1586699840000,61,92
1586700140000,59,109
1586700440000,61,99
1586700740000,61,94
1586701040000,63,78
1586701340000,63,80
1586701640000,65,56
1586701940000,67,63
1586702240000,65,71
1586702540000,66,59
1586702840000,65,71
1586703140000,65,65
1586703440000,68,75
1586703740000,63,109
1586704040000,68,101
1586704340000,66,80
1586704640000,69,75
1586704940000,64,112
1586705240000,68,85
1586705540000,74,45
1586705840000,72,43
1586706140000,73,48
1586706440000,72,55
1586706740000,74,34
1586707040000,74,38
1586707340000,79,39
1586707640000,78,33
1586707940000,77,31
1586708240000,78,21
1586708540000,73,47
1586708840000,76,45
1586709140000,72,58
1586709440000,69,73
1586709740000,69,80
1586710040000,65,95
1586710340000,68,88
1586710640000,67,90
1586710940000,71,77
1586711240000,70,70
1586763689000,79,39
1586763989000,79,30
1586764289000,71,39
1586764589000,68,49
1586764889000,64,66
1586765189000,64,68
1586765489000,64,68
1586765789000,64,62
1586766089000,65,69
1586766389000,65,58
1586766689000,65,53
1586766989000,64,66
1586767289000,64,60
1586767589000,64,60
1586767889000,64,73
1586768189000,65,80
1586768489000,70,48
1586768789000,71,47
1586769089000,72,41
1586769389000,74,37
1586769689000,69,61
1586769989000,67,57
1586770289000,66,50
1586770589000,67,52
1586770889000,65,67
1586771189000,67,63
1586771489000,62,99
1586771789000,62,81
1586772089000,62,80
1586772389000,62,75
1586772689000,61,86
1586772989000,63,92
1586773289000,63,76
1586773589000,62,95
1586773889000,63,93
1586774189000,72,56
1586774489000,74,34
1586774789000,76,22
1586775089000,72,48
1586775389000,68,56
1586775689000,65,77
1586775989000,65,78
1586776289000,59,105
1586776589000,58,116
1586776889000,57,118
1586777189000,59,108
1586777489000,59,90
1586777789000,57,112
1586778089000,58,126
1586778389000,56,126
1586778689000,56,113
1586778989000,58,112
1586779289000,59,88
1586779589000,58,97
1586779889000,58,108
1586780189000,59,90
1586780489000,62,81
1586780789000,59,89
1586781089000,62,67
1586781389000,62,100
1586781689000,59,94
1586781989000,59,98
1586782289000,58,92
1586782589000,56,176
1586782889000,58,109
1586783189000,57,95
1586783489000,57,104
1586783789000,58,108
1586784089000,67,52
1586784389000,61,74
1586784689000,64,68
1586784989000,70,51
1586785289000,70,47
1586785589000,68,47
1586785889000,67,62
1586786189000,68,54
1586786489000,69,55
1586786789000,66,58
1586787089000,67,59
1586787389000,63,102
1586787689000,58,105
1586787989000,64,87
1586788289000,67,61
1586788589000,66,58
1586788889000,72,42
1586789189000,80,37
1586789489000,66,50
1586789789000,71,58
1586790089000,69,47
1586790389000,68,60
1586790689000,69,53
1586790989000,70,41
1586791289000,70,48
1586791589000,68,51
1586791889000,66,83
1586792189000,63,93
1586792489000,59,110
1586792789000,60,102
1586793089000,64,73
1586793389000,65,71
1586793689000,67,63
1586793989000,66,70
1586794289000,67,54
1586794589000,71,48
1586794889000,71,69
1586795189000,0,0
1586795489000,75,45
1586795789000,76,33
1586796089000,75,35
1586796389000,71,46
1586848228000,0,0
1586848528000,0,0
1586848828000,0,0
1586849128000,72,33
1586849428000,73,26
1586849728000,73,27
1586850028000,73,24
1586850328000,73,27
1586850628000,74,23
1586850928000,68,68
1586851228000,66,60
1586851528000,67,57
1586851828000,66,67
1586852128000,63,64
1586852428000,63,63
1586852728000,63,63
1586853028000,62,78
1586853328000,61,73
1586853628000,63,73
1586853928000,62,90
1586854228000,68,57
1586854528000,69,50
1586854828000,67,64
1586855128000,65,66
1586855428000,64,73
1586855728000,63,81
1586856028000,58,90
1586856328000,58,98
1586856628000,56,113
1586856928000,55,102
1586857228000,56,105
1586857528000,55,105
1586857828000,54,104
1586858128000,55,101
1586858428000,53,120
1586858728000,53,119
1586859028000,53,115
1586859328000,53,130
1586859628000,56,115
1586859928000,63,85
1586860228000,64,85
1586860528000,61,63
1586860828000,60,92
1586861128000,63,69
1586861428000,63,61
1586861728000,62,65
1586862028000,63,66
1586862328000,0,0
1586862628000,0,0
1586862928000,0,0
1586863228000,0,0
1586863528000,0,0
1586863828000,0,0
1586864128000,0,0
1586864428000,0,0
1586864728000,0,0
1586865028000,0,0
1586865328000,59,92
1586865628000,62,82
1586865928000,60,110
1586866228000,63,66
1586866528000,63,49
1586866828000,63,63
1586867128000,62,82
1586867428000,0,0
1586867728000,0,0
1586868028000,0,0
1586868328000,54,112
1586868628000,56,103
1586868928000,59,69
1586869228000,57,84
1586869528000,61,80
1586869828000,71,51
1586870128000,0,0
1586870428000,60,75
1586870728000,64,50
1586871028000,63,73
1586871328000,65,57
1586871628000,64,48
1586871928000,65,42
1586872228000,64,62
1586872528000,64,40
1586872828000,66,59
1586873128000,0,0
1586873428000,0,0
1586873728000,0,0
1586874028000,69,59
1586874328000,69,50
1586874628000,64,62
1586874928000,67,47
1586875228000,67,52
1586875528000,71,45
1586875828000,67,70
1586876128000,0,0
1586876428000,70,50
1586876728000,69,42
1586935678000,0,0
1586935978000,0,0
1586936278000,68,61
1586936578000,67,62
1586936878000,66,53
1586937178000,68,42
1586937478000,67,46
1586937778000,65,62
1586938078000,66,76
1586938378000,62,87
1586938678000,62,80
1586938978000,61,67
1586939278000,60,81
1586939578000,60,85
1586939878000,59,93
1586940178000,60,87
1586940478000,59,100
1586940778000,61,103
1586941078000,69,65
1586941378000,69,59
1586941678000,64,77
1586941978000,65,72
1586942278000,63,73
1586942578000,62,78
1586942878000,62,84
1586943178000,60,76
1586943478000,61,73
1586943778000,59,87
1586944078000,59,87
1586944378000,59,94
1586944678000,59,100
1586944978000,59,80
1586945278000,59,98
1586945578000,60,106
1586945878000,62,71
1586946178000,68,49
1586946478000,73,32
1586946778000,64,76
1586947078000,65,62
1586947378000,65,67
1586947678000,64,54
1586947978000,64,52
1586948278000,72,47
1586948578000,68,42
1586948878000,67,59
1586949178000,68,50
1586949478000,68,58
1586949778000,60,85
1586950078000,61,82
1586950378000,61,71
1586950678000,62,62
1586950978000,59,95
1586951278000,60,103
1586951578000,67,68
1586951878000,70,51
1586952178000,68,60
1586952478000,73,36
1586952778000,65,54
1586953078000,65,80
1586953378000,64,63
1586953678000,62,74
1586953978000,61,73
1586954278000,60,72
1586954578000,59,77
1586954878000,58,99
1586955178000,62,81
1586955478000,60,68
1586955778000,60,65
1586956078000,60,77
1586956378000,59,87
1586956678000,59,88
1586956978000,59,102
1586957278000,63,85
1586957578000,60,101
1586957878000,58,106
1586958178000,61,80
1586958478000,61,92
1586958778000,62,80
1586959078000,67,75
1586959378000,69,56
1586959678000,69,59
1586959978000,69,50
1586960278000,66,55
1586960578000,67,63
1586960878000,65,62
1586961178000,64,75
1586961478000,65,55
1586961778000,67,57
1586962078000,68,47
1586962378000,73,37
1586962678000,69,64
1586962978000,0,0
1586963278000,0,0
1586963578000,0,0
1586963878000,65,71
1586964178000,67,59
1586964478000,67,59
1586964778000,68,51
1586965078000,62,75
1586965378000,64,88
1586965678000,64,74
1586965978000,64,76
1586966278000,65,61
1586966578000,68,57
1586966878000,68,62
1586967178000,67,73
1586967478000,67,68
1586967778000,76,51
1586968078000,76,41
1586968378000,0,0
1586968678000,0,0
1586968978000,74,50
1586969278000,72,51
1586969578000,72,53
1586969878000,0,0
1587019291000,81,25
1587019591000,80,21
1587019891000,84,17
1587020191000,81,21
1587020491000,79,21
1587020791000,78,23
1587021091000,77,20
1587021391000,78,20
1587021691000,77,33
1587021991000,71,36
1587022291000,71,35
1587022591000,71,33
1587022891000,74,33
1587023191000,70,42
1587023491000,71,38
1587023791000,70,47
1587024091000,69,45
1587024391000,70,44
1587024691000,71,51
1587024991000,76,17
1587025291000,75,21
1587025591000,78,24
1587025891000,69,49
1587026191000,71,30
1587026491000,70,37
1587026791000,68,57
1587027091000,66,59
1587027391000,66,63
1587027691000,65,63
1587027991000,64,76
1587028291000,62,96
1587028591000,64,83
1587028891000,63,81
1587029191000,64,94
1587029491000,68,62
1587029791000,73,51
1587030091000,70,36
1587030391000,73,43
1587030691000,70,50
1587030991000,64,88
1587031291000,66,67
1587031591000,67,52
1587031891000,64,67
1587032191000,61,81
1587032491000,63,72
1587032791000,63,64
1587033091000,63,82
1587033391000,65,80
1587033691000,67,55
1587033991000,65,77
1587034291000,63,84
1587034591000,62,105
1587034891000,64,104
1587035191000,72,32
1587035491000,72,35
1587035791000,72,45
1587036091000,69,52
1587036391000,70,37
1587036691000,69,34
1587036991000,69,44
1587037291000,68,83
1587037591000,66,69
1587037891000,64,77
1587038191000,63,100
1587038491000,64,61
1587038791000,64,60
1587039091000,65,72
1587039391000,66,50
1587039691000,64,68
1587039991000,65,59
1587040291000,66,64
1587040591000,69,53
1587040891000,76,29
1587041191000,70,67
1587041491000,70,46
1587041791000,75,28
1587042091000,70,38
1587042391000,68,57
1587042691000,68,59
1587042991000,67,65
1587043291000,67,60
1587043591000,68,50
1587043891000,66,61
1587044191000,66,68
1587044491000,66,77
1587044791000,66,66
1587045091000,64,87
1587045391000,64,90
1587045691000,64,87
1587045991000,64,99
1587046291000,65,86
1587046591000,69,60
1587046891000,70,51
1587047191000,70,57
1587047491000,68,64
1587047791000,65,73
1587048091000,64,88
1587048391000,62,84
1587048691000,65,79
1587048991000,62,99
1587049291000,61,100
1587049591000,60,92
1587049891000,63,98
1587050191000,64,100
1587050491000,77,35
1587050791000,75,31
1587051091000,0,0
1587051391000,80,37
1587051691000,77,38
1587051991000,0,0
1587110489000,78,28
1587110789000,75,36
1587111089000,73,39
1587111389000,73,38
1587111689000,72,40
1587111989000,72,51
1587112289000,71,45
1587112589000,71,39
1587112889000,68,46
1587113189000,69,51
1587113489000,72,35
1587113789000,73,31
1587114089000,72,39
1587114389000,74,35
1587114689000,77,28
1587114989000,80,17
1587115289000,79,22
1587115589000,74,42
1587115889000,68,45
1587116189000,67,50
1587116489000,65,75
1587116789000,70,66
1587117089000,63,70
1587117389000,65,51
1587117689000,64,57
1587117989000,63,63
1587118289000,63,63
1587118589000,64,63
1587118889000,66,53
1587119189000,71,50
1587119489000,77,28
1587119789000,76,36
1587120089000,71,45
1587120389000,70,48
1587120689000,68,57
1587120989000,68,46
1587121289000,67,56
1587121589000,66,59
1587121889000,65,68
1587122189000,66,56
1587122489000,66,75
1587122789000,65,62
1587123089000,66,75
1587123389000,65,70
1587123689000,64,79
1587123989000,65,65
1587124289000,65,64
1587124589000,64,72
1587124889000,65,76
1587125189000,69,58
1587125489000,74,31
1587125789000,70,70
1587126089000,69,51
1587126389000,70,56
1587126689000,67,67
1587126989000,67,62
1587127289000,67,54
1587127589000,66,59
1587127889000,65,53
1587128189000,67,58
1587128489000,69,42
1587128789000,68,50
1587129089000,68,50
1587129389000,67,79
1587129689000,67,73
1587129989000,68,64
1587130289000,67,65
1587130589000,71,50
1587130889000,69,55
1587131189000,68,61
1587131489000,65,80
1587131789000,71,60
1587132089000,70,49
1587132389000,71,50
1587132689000,70,44
1587132989000,71,45
1587133289000,72,52
1587133589000,72,53
1587133889000,69,48
1587134189000,71,51
1587134489000,71,62
1587134789000,71,56
1587135089000,76,27
1587135389000,78,31
1587135689000,72,44
1587135989000,75,24
1587136289000,75,31
1587136589000,76,41
1587136889000,72,48
1587137189000,73,44
1587137489000,69,61
1587137789000,68,73
1587138089000,61,90
1587138389000,63,93
1587138689000,63,82
1587138989000,65,94
1587139289000,65,95
1587139589000,70,74
1587139889000,76,41
1587140189000,75,38
1587140489000,75,38
1587140789000,74,66
1587141089000,74,50
1587141389000,72,57
1587197130000,77,34
1587197430000,78,26
1587197730000,80,33
1587198030000,74,37
1587198330000,71,44
1587198630000,70,48
1587198930000,70,44
1587199230000,70,46
1587199530000,71,42
1587199830000,70,49
1587200130000,71,44
1587200430000,72,54
1587200730000,72,52
1587201030000,74,35
1587201330000,77,26
1587201630000,74,36
1587201930000,73,41
1587202230000,71,39
1587202530000,69,46
1587202830000,67,54
1587203130000,69,58
1587203430000,68,52
1587203730000,69,47
1587204030000,68,74
1587204330000,67,69
1587204630000,67,60
1587204930000,68,52
1587205230000,66,68
1587205530000,66,65
1587205830000,66,70
1587206130000,76,18
1587206430000,81,18
1587206730000,73,34
1587207030000,71,56
1587207330000,67,72
1587207630000,68,53
1587207930000,70,43
1587208230000,68,51
1587208530000,64,69
1587208830000,63,90
1587209130000,63,93
1587209430000,62,90
1587209730000,62,95
1587210030000,62,98
1587210330000,62,89
1587210630000,63,86
1587210930000,64,76
1587211230000,68,59
1587211530000,69,59
1587211830000,64,92
1587212130000,64,72
1587212430000,67,62
1587212730000,64,68
1587213030000,64,70
1587213330000,66,63
1587213630000,0,0
1587213930000,0,0
1587214230000,0,0
1587214530000,66,67
1587214830000,69,52
1587215130000,0,0
1587215430000,68,55
1587215730000,70,43
1587216030000,70,79
1587216330000,68,57
1587216630000,66,80
1587216930000,68,68
1587217230000,64,84
1587217530000,65,82
1587217830000,67,73
1587218130000,64,82
1587218430000,65,71
1587218730000,63,82
1587219030000,65,67
1587219330000,64,76
1587219630000,63,92
1587219930000,65,93
1587220230000,64,89
1587220530000,65,80
1587220830000,66,92
1587221130000,65,80
1587221430000,65,89
1587221730000,73,53
1587222030000,67,91
1587222330000,65,106
1587222630000,65,99
1587222930000,66,78
1587223230000,68,58
1587223530000,68,63
1587223830000,67,61
1587224130000,67,65
1587224430000,68,60
1587224730000,69,67
1587225030000,68,69
1587225330000,68,74
1587225630000,70,55
1587225930000,69,67
1587226230000,67,86
1587226530000,66,85
1587226830000,66,95
1587227130000,61,111
1587227430000,66,92
1587281069000,83,29
1587281369000,78,24
1587281669000,75,34
1587281969000,73,38
1587282269000,75,27
1587282569000,74,29
1587282869000,75,26
1587283169000,76,24
1587283469000,71,58
1587283769000,69,62
1587284069000,67,68
1587284369000,68,75
1587284669000,65,65
1587284969000,68,48
1587285269000,66,54
1587285569000,64,61
1587285869000,66,60
1587286169000,66,67
1587286469000,66,55
1587286769000,67,55
1587287069000,66,85
1587287369000,62,86
1587287669000,62,91
1587287969000,66,73
1587288269000,66,76
1587288569000,70,63
1587288869000,78,26
1587289169000,76,21
1587289469000,78,20
1587289769000,71,51
1587290069000,71,47
1587290369000,68,60
1587290669000,68,55
1587290969000,67,63
1587291269000,66,49
1587291569000,66,55
1587291869000,65,58
1587292169000,67,68
1587292469000,63,97
1587292769000,66,76
1587293069000,67,73
1587293369000,62,108
1587293669000,64,102
1587293969000,65,94
1587294269000,63,90
1587294569000,68,67
1587294869000,68,46
1587295169000,69,50
1587295469000,69,43
1587295769000,66,79
1587296069000,67,54
1587296369000,69,60
1587296669000,62,97
1587296969000,70,44
1587297269000,79,28
1587297569000,81,22
1587297869000,75,33
1587298169000,68,74
1587298469000,66,79
1587298769000,66,61
1587299069000,68,63
1587299369000,64,77
1587299669000,63,92
1587299969000,62,105
1587300269000,63,104
1587300569000,63,91
1587300869000,63,103
1587301169000,62,94
1587301469000,63,85
1587301769000,62,95
1587302069000,62,96
1587302369000,68,56
1587302669000,69,61
1587302969000,67,67
1587303269000,67,67
1587303569000,67,78
1587303869000,68,51
1587304169000,68,66
1587304469000,63,87
1587304769000,66,71
1587305069000,66,67
1587305369000,65,70
1587305669000,65,81
1587305969000,67,68
1587306269000,66,84
1587306569000,70,62
1587306869000,66,88
1587307169000,69,59
1587307469000,67,69
1587307769000,63,77
1587308069000,67,89
1587308369000,70,61
1587308669000,69,55
1587308969000,68,50
1587309269000,69,72
1587309569000,64,106
1587309869000,60,115
1587310169000,61,107
1587310469000,67,92
1587310769000,66,78
1587311069000,67,101
1587311369000,69,64
1587311669000,67,69
1587311969000,69,59
1587312269000,68,59
1587312569000,68,67
1587312869000,69,86
1587313169000,67,74
1587313469000,68,71
1587313769000,69,70
1587314069000,71,66
1587314369000,73,55
1587314669000,78,36
1587314969000,77,47
1587315269000,76,34
1587315569000,75,34
1587315869000,69,77
1587316169000,0,0
1587370108000,76,31
1587370408000,78,23
1587370708000,78,25
1587371008000,77,21
1587371308000,71,53
1587371608000,68,64
1587371908000,64,89
1587372208000,63,75
1587372508000,63,72
1587372808000,64,66
1587373108000,62,83
1587373408000,61,82
1587373708000,63,86
1587374008000,64,71
1587374308000,63,84
1587374608000,66,76
1587374908000,65,72
1587375208000,72,47
1587375508000,74,38
1587375808000,72,49
1587376108000,72,48
1587376408000,67,63
1587376708000,69,46
1587377008000,66,75
1587377308000,64,99
1587377608000,66,64
1587377908000,74,39
1587378208000,72,41
1587378508000,71,47
1587378808000,62,102
1587379108000,61,104
1587379408000,64,88
1587379708000,69,51
1587380008000,77,38
1587380308000,75,29
1587380608000,67,88
1587380908000,71,53
1587381208000,69,57
1587381508000,71,43
1587381808000,72,37
1587382108000,70,48
1587382408000,68,51
1587382708000,67,57
1587383008000,66,81
1587383308000,65,90
1587383608000,64,75
1587383908000,63,85
1587384208000,63,92
1587384508000,61,107
1587384808000,61,111
1587385108000,66,90
1587385408000,65,94
1587385708000,70,54
1587386008000,66,74
1587386308000,66,75
1587386608000,65,92
1587386908000,69,54
1587387208000,69,49
1587387508000,70,40
1587387808000,70,38
1587388108000,69,41
1587388408000,68,59
1587388708000,70,45
1587389008000,70,36
1587389308000,70,35
1587389608000,67,86
1587389908000,65,81
1587390208000,67,68
1587390508000,68,74
1587390808000,72,52
1587391108000,64,100
1587391408000,63,93
1587391708000,64,80
1587392008000,63,80
1587392308000,62,89
1587392608000,67,73
1587392908000,61,115
1587393208000,61,96
1587393508000,61,112
1587393808000,59,120
1587394108000,65,89
1587394408000,75,27
1587394708000,74,40
1587395008000,66,75
1587395308000,66,85
1587395608000,65,90
1587395908000,62,100
1587396208000,61,98
1587396508000,63,80
1587396808000,62,88
1587397108000,63,76
1587397408000,61,96
1587397708000,64,88
1587398008000,64,81
1587398308000,65,77
1587398608000,67,68
1587398908000,71,48
1587399208000,72,31
1587399508000,70,82
1587399808000,65,83
1587400108000,63,93
1587400408000,61,103
1587400708000,60,110
1587401008000,61,108
1587401308000,58,119
1587401608000,69,70
1587401908000,64,98
1587402208000,66,94
1587402508000,64,106
1587402808000,64,104
1587403108000,63,113
1587403408000,64,104
1587403708000,65,103
1587404008000,65,106
1587453122000,0,0
1587453422000,0,0
1587453722000,0,0
1587454022000,0,0
1587454322000,72,31
1587454622000,72,40
1587454922000,70,48
1587455222000,69,43
1587455522000,71,32
1587455822000,71,49
1587456122000,69,45
1587456422000,69,47
1587456722000,70,40
1587457022000,70,37
1587457322000,70,37
1587457622000,70,41
1587457922000,72,38
1587458222000,77,17
1587458522000,78,18
1587458822000,70,59
1587459122000,68,59
1587459422000,69,46
1587459722000,66,74
1587460022000,64,70
1587460322000,66,70
1587460622000,65,72
1587460922000,65,71
1587461222000,62,100
1587461522000,60,105
1587461822000,66,67
1587462122000,71,44
1587462422000,75,23
1587462722000,77,27
1587463022000,79,30
1587463322000,74,31
1587463622000,71,49
1587463922000,66,98
1587464222000,63,97
1587464522000,62,99
1587464822000,63,93
1587465122000,61,116
1587465422000,61,126
1587465722000,62,109
1587466022000,61,107
1587466322000,64,59
1587466622000,63,71
1587466922000,62,79
1587467222000,62,75
1587467522000,62,84
1587467822000,65,75
1587468122000,70,57
1587468422000,67,68
1587468722000,68,68
1587469022000,65,70
1587469322000,65,75
1587469622000,67,61
1587469922000,71,38
1587470222000,68,52
1587470522000,62,98
1587470822000,66,67
1587471122000,66,57
1587471422000,64,91
1587471722000,62,94
1587472022000,62,92
1587472322000,62,95
1587472622000,64,73
1587472922000,60,116
1587473222000,62,91
1587473522000,62,115
1587473822000,62,103
1587474122000,69,57
1587474422000,68,53
1587474722000,64,84
1587475022000,63,106
1587475322000,61,102
1587475622000,62,115
1587475922000,64,108
1587476222000,60,103
1587476522000,60,116
1587476822000,58,121
1587477122000,65,83
1587477422000,67,77
1587477722000,64,74
1587478022000,64,78
1587478322000,67,66
1587478622000,67,68
1587478922000,69,61
1587479222000,64,93
1587479522000,69,61
1587479822000,69,57
1587480122000,63,94
1587480422000,70,57
1587480722000,74,43
1587481022000,77,34
1587481322000,75,31
1587481622000,74,33
1587481922000,73,43
1587482222000,71,50
1587540268000,0,0
1587540568000,0,0
1587540868000,0,0
1587541168000,77,30
1587541468000,77,25
1587541768000,77,24
1587542068000,78,22
1587542368000,78,23
1587542668000,78,21
1587542968000,80,22
1587543268000,80,21
1587543568000,80,20
1587543868000,81,20
1587544168000,79,31
1587544468000,83,16
1587544768000,82,19
1587545068000,84,17
1587545368000,82,21
1587545668000,73,27
1587545968000,72,26
1587546268000,71,34
1587546568000,70,42
1587546868000,68,53
1587547168000,70,46
1587547468000,69,43
1587547768000,69,41
1587548068000,69,41
1587548368000,66,80
1587548668000,68,67
1587548968000,72,43
1587549268000,74,37
1587549568000,74,30
1587549868000,75,32
1587550168000,78,23
1587550468000,71,43
1587550768000,73,30
1587551068000,70,43
1587551368000,71,41
1587551668000,66,59
1587551968000,65,59
1587552268000,67,71
1587552568000,66,63
1587552868000,66,56
1587553168000,67,61
1587553468000,67,42
1587553768000,68,52
1587554068000,67,74
1587554368000,71,50
1587554668000,70,39
1587554968000,71,46
1587555268000,70,47
1587555568000,71,48
1587555868000,66,81
1587556168000,65,70
1587556468000,70,47
1587556768000,68,74
1587557068000,63,89
1587557368000,65,89
1587557668000,66,64
1587557968000,63,87
1587558268000,65,64
1587558568000,66,69
1587558868000,68,43
1587559168000,68,46
1587559468000,66,87
1587559768000,68,77
1587560068000,69,60
1587560368000,67,75
1587560668000,68,59
1587560968000,70,64
1587561268000,69,59
1587561568000,69,63
1587561868000,69,62
1587562168000,69,65
1587562468000,69,49
1587562768000,69,48
1587563068000,65,73
1587563368000,65,75
1587563668000,63,85
1587563968000,70,55
1587564268000,73,37
1587564568000,69,81
1587564868000,69,66
1587565168000,70,56
1587565468000,74,52
1587565768000,72,59
1587566068000,70,51
1587566368000,76,36
1587566668000,74,42
1587566968000,75,47
1587567268000,68,67
1587567568000,70,59
1587567868000,74,43
1587568168000,71,50
1587568468000,71,50
1587568768000,73,33
1587569068000,73,35
1587569368000,73,38
1587569668000,72,57
1587569968000,74,41
1587570268000,84,37
1587570568000,78,44
1587570868000,75,45
1587571168000,73,42
1587571468000,73,61
1587571768000,70,75
1587572068000,73,44
1587572368000,71,58
1587572668000,71,56
1587572968000,69,83
1587573268000,70,72
1587573568000,67,81
1587630328000,0,0
1587630628000,0,0
1587630928000,71,47
1587631228000,69,47
1587631528000,68,50
1587631828000,69,41
1587632128000,69,41
1587632428000,68,53
1587632728000,67,58
1587633028000,67,72
1587633328000,68,68
1587633628000,71,58
1587633928000,79,15
1587634228000,70,60
1587634528000,70,51
1587634828000,69,39
1587635128000,67,64
1587635428000,64,75
1587635728000,62,93
1587636028000,64,80
1587636328000,64,67
1587636628000,64,65
1587636928000,64,58
1587637228000,63,70
1587637528000,64,61
1587637828000,65,76
1587638128000,66,80
1587638428000,72,42
1587638728000,75,46
1587639028000,68,59
1587639328000,69,70
1587639628000,71,42
1587639928000,71,30
1587640228000,70,49
1587640528000,70,60
1587640828000,66,62
1587641128000,67,53
1587641428000,68,62
1587641728000,67,56
1587642028000,68,45
1587642328000,68,47
1587642628000,69,45
1587642928000,70,61
1587643228000,64,84
1587643528000,72,54
1587643828000,72,45
1587644128000,73,33
1587644428000,65,91
1587644728000,69,65
1587645028000,69,55
1587645328000,75,37
1587645628000,76,26
1587645928000,72,44
1587646228000,70,39
1587646528000,68,51
1587646828000,66,57
1587647128000,60,115
1587647428000,65,75
1587647728000,67,46
1587648028000,68,72
1587648328000,64,76
1587648628000,70,50
1587648928000,68,80
1587649228000,69,74
1587649528000,68,86
1587649828000,72,41
1587650128000,68,74
1587650428000,73,47
1587650728000,73,40
1587651028000,74,36
1587651328000,70,69
1587651628000,65,73
1587651928000,65,69
1587652228000,68,73
1587652528000,70,52
1587652828000,69,57
1587653128000,73,46
1587653428000,76,42
1587653728000,73,55
1587654028000,69,67
1587654328000,73,56
1587654628000,72,46
1587654928000,74,61
1587655228000,76,44
1587655528000,73,44
1587655828000,69,85
1587656128000,66,95
1587656428000,70,53
1587656728000,0,0
1587712111000,0,0
1587712411000,0,0
1587712711000,75,32
1587713011000,72,37
1587713311000,72,39
1587713611000,73,32
1587713911000,72,32
1587714211000,71,39
1587714511000,71,52
1587714811000,70,43
1587715111000,71,39
1587715411000,73,34
1587715711000,71,35
1587716011000,71,57
1587716311000,72,48
1587716611000,75,33
1587716911000,75,29
1587717211000,73,38
1587717511000,71,49
1587717811000,66,60
1587718111000,64,66
1587718411000,63,75
1587718711000,64,77
1587719011000,68,81
1587719311000,66,69
1587719611000,63,93
1587719911000,62,88
1587720211000,66,75
1587720511000,65,78
1587720811000,64,72
1587721111000,65,65
1587721411000,68,55
1587721711000,75,31
1587722011000,81,15
1587722311000,81,26
1587722611000,78,28
1587722911000,79,25
1587723211000,78,31
1587723511000,67,78
1587723811000,66,73
1587724111000,67,58
1587724411000,68,61
1587724711000,65,75
1587725011000,65,69
1587725311000,66,76
1587725611000,62,89
1587725911000,65,80
1587726211000,64,99
1587726511000,66,81
1587726811000,65,80
1587727111000,65,88
1587727411000,69,51
1587727711000,69,72
1587728011000,70,60
1587728311000,68,67
1587728611000,67,69
1587728911000,67,53
1587729211000,65,68
1587729511000,65,67
1587729811000,64,80
1587730111000,63,97
1587730411000,64,78
1587730711000,64,74
1587731011000,67,65
1587731311000,69,56
1587731611000,67,55
1587731911000,72,45
1587732211000,78,25
1587732511000,79,15
1587732811000,75,34
1587733111000,72,68
1587733411000,64,87
1587733711000,60,114
1587734011000,61,108
1587734311000,61,102
1587734611000,62,107
1587734911000,62,104
1587735211000,61,106
1587735511000,63,99
1587735811000,61,107
1587736111000,60,120
1587736411000,62,93
1587736711000,65,97
1587737011000,68,66
1587737311000,70,68
1587737611000,66,70
1587737911000,67,79
1587738211000,68,81
1587738511000,68,65
1587738811000,68,56
1587739111000,69,67
1587739411000,69,61
1587739711000,69,56
1587740011000,69,67
1587740311000,69,77
1587740611000,65,84
1587740911000,67,73
1587741211000,71,65
1587741511000,68,67
1587741811000,69,77
1587742111000,63,94
1587742411000,74,45
1587742711000,69,70
1587743011000,71,63
1587743311000,70,69
1587743611000,67,77
1587743911000,70,73
1587744211000,71,62
1587744511000,72,65
1587744811000,71,68
1587745111000,71,68
1587745411000,73,54
1587745711000,74,56
1587746011000,71,69
1587746311000,68,108
1587746611000,68,93
1587746911000,66,101
1587747211000,67,96
1587747511000,71,87
1587747811000,0,0
1587748111000,0,0
1587801451000,84,29
1587801751000,80,23
1587802051000,75,33
1587802351000,73,32
1587802651000,71,39
1587802951000,72,32
1587803251000,72,32
1587803551000,73,44
1587803851000,72,40
1587804151000,70,45
1587804451000,70,44
1587804751000,69,42
1587805051000,69,48
1587805351000,71,50
1587805651000,77,16
1587805951000,75,29
1587806251000,71,48
1587806551000,70,47
1587806851000,70,48
1587807151000,69,42
1587807451000,68,46
1587807751000,66,59
1587808051000,66,59
1587808351000,67,56
1587808651000,65,69
1587808951000,70,58
1587809251000,70,54
1587809551000,69,61
1587809851000,75,20
1587810151000,77,21
1587810451000,73,39
1587810751000,71,47
1587811051000,71,48
1587811351000,68,54
1587811651000,64,77
1587811951000,67,66
1587812251000,70,50
1587812551000,70,38
1587812851000,69,40
1587813151000,70,32
1587813451000,70,44
1587813751000,68,44
1587814051000,69,37
1587814351000,69,41
1587814651000,67,89
1587814951000,73,43
1587815251000,73,41
1587815551000,71,52
1587815851000,70,48
1587816151000,71,55
1587816451000,72,41
1587816751000,71,38
1587817051000,70,50
1587817351000,63,112
1587817651000,62,95
1587817951000,63,85
1587818251000,62,85
1587818551000,64,78
1587818851000,64,70
1587819151000,63,76
1587819451000,64,88
1587819751000,62,93
1587820051000,65,72
1587820351000,67,76
1587820651000,70,55
1587820951000,66,82
1587821251000,61,130
1587821551000,63,97
1587821851000,59,125
1587822151000,60,108
1587822451000,60,103
1587822751000,62,97
1587823051000,62,97
1587823351000,66,70
1587823651000,67,48
1587823951000,68,50
1587824251000,67,54
1587824551000,69,39
1587824851000,60,120
1587825151000,64,85
1587825451000,67,84
1587825751000,69,64
1587826051000,72,53
1587826351000,69,61
1587826651000,69,66
1587826951000,71,56
1587827251000,68,82
1587827551000,63,107
1587827851000,64,99
1587828151000,57,125
1587828451000,65,87
1587828751000,66,77
1587829051000,67,69
1587829351000,68,78
1587829651000,64,106
1587829951000,62,125
1587830251000,69,80
1587830551000,65,100
1587830851000,76,49
1587831151000,77,42
1587831451000,78,40
1587831751000,77,45
1587832051000,76,48
1587832351000,75,42
1587832651000,76,38
1587832951000,74,43
1587833251000,66,97
1587833551000,0,0
1587888995000,76,36
1587889295000,78,29
1587889595000,82,23
1587889895000,77,28
1587890195000,75,32
1587890495000,71,35
1587890795000,72,31
1587891095000,72,45
1587891395000,70,38
1587891695000,70,41
1587891995000,72,34
1587892295000,71,55
1587892595000,73,46
1587892895000,81,14
1587893195000,82,13
1587893495000,79,23
1587893795000,77,24
1587894095000,75,36
1587894395000,70,50
1587894695000,68,47
1587894995000,67,58
1587895295000,67,68
1587895595000,70,47
1587895895000,69,49
1587896195000,68,56
1587896495000,70,65
1587896795000,68,52
1587897095000,69,39
1587897395000,71,45
1587897695000,66,78
1587897995000,72,44
1587898295000,72,31
1587898595000,76,31
1587898895000,71,61
1587899195000,69,48
1587899495000,69,49
1587899795000,65,68
1587900095000,63,95
1587900395000,60,100
1587900695000,61,91
1587900995000,60,95
1587901295000,60,105
1587901595000,59,105
1587901895000,59,99
1587902195000,59,99
1587902495000,61,113
1587902795000,62,109
1587903095000,65,83
1587903395000,64,82
1587903695000,66,89
1587903995000,69,73
1587904295000,68,66
1587904595000,66,69
1587904895000,64,88
1587905195000,67,57
1587905495000,66,48
1587905795000,67,49
1587906095000,66,53
1587906395000,67,46
1587906695000,67,68
1587906995000,63,104
1587907295000,63,103
1587907595000,72,45
1587907895000,72,37
1587908195000,69,70
1587908495000,64,109
1587908795000,61,117
1587909095000,61,116
1587909395000,63,100
1587909695000,62,112
1587909995000,59,114
1587910295000,60,109
1587910595000,58,128
1587910895000,59,126
1587911195000,59,123
1587911495000,59,128
1587911795000,60,144
1587912095000,63,112
1587912395000,62,120
1587912695000,63,97
1587912995000,62,113
1587913295000,61,113
1587913595000,67,92
1587913895000,66,87
1587914195000,62,114
1587914495000,60,113
1587914795000,61,131
1587915095000,59,145
1587915395000,61,126
1587915695000,66,83
1587915995000,66,85
1587916295000,61,130
1587916595000,71,76
1587916895000,76,49
1587917195000,76,40
1587917495000,74,44
1587917795000,72,47
1587918095000,71,58
1587918395000,74,43
1587918695000,78,32
1587918995000,76,37
1587919295000,77,38
1587919595000,76,42
1587919895000,0,0
1587971128000,0,0
1587971428000,83,26
1587971728000,80,28
1587972028000,79,26
1587972328000,79,26
1587972628000,80,26
1587972928000,79,26
1587973228000,73,32
1587973528000,75,28
1587973828000,75,37
1587974128000,67,72
1587974428000,66,67
1587974728000,68,64
1587975028000,66,68
1587975328000,67,62
1587975628000,66,74
1587975928000,66,67
1587976228000,68,39
1587976528000,68,70
1587976828000,69,59
1587977128000,70,51
1587977428000,69,67
1587977728000,75,44
1587978028000,76,28
1587978328000,74,32
1587978628000,73,42
1587978928000,66,62
1587979228000,66,53
1587979528000,64,67
1587979828000,62,88
1587980128000,62,90
1587980428000,63,90
1587980728000,64,89
1587981028000,68,92
1587981328000,66,86
1587981628000,65,76
1587981928000,67,72
1587982228000,68,58
1587982528000,73,44
1587982828000,72,43
1587983128000,70,77
1587983428000,74,57
1587983728000,80,18
1587984028000,77,38
1587984328000,76,34
1587984628000,80,22
1587984928000,77,34
1587985228000,74,38
1587985528000,75,29
1587985828000,69,78
1587986128000,64,81
1587986428000,64,82
1587986728000,63,86
1587987028000,64,86
1587987328000,63,83
1587987628000,62,86
1587987928000,61,87
1587988228000,63,85
1587988528000,61,97
1587988828000,63,91
1587989128000,65,102
1587989428000,67,73
1587989728000,66,81
1587990028000,71,55
1587990328000,70,59
1587990628000,69,60
1587990928000,66,69
1587991228000,64,92
1587991528000,62,100
1587991828000,64,79
1587992128000,64,66
1587992428000,66,53
1587992728000,66,56
1587993028000,66,54
1587993328000,64,91
1587993628000,71,42
1587993928000,73,34
1587994228000,73,45
1587994528000,74,49
1587994828000,77,19
1587995128000,73,52
1587995428000,75,43
1587995728000,71,59
1587996028000,62,120
1587996328000,62,110
1587996628000,63,101
1587996928000,63,100
1587997228000,63,95
1587997528000,65,98
1587997828000,67,97
1587998128000,63,103
1587998428000,64,97
1587998728000,69,82
1587999028000,71,63
1587999328000,70,62
1587999628000,66,94
1587999928000,66,86
1588000228000,66,100
1588000528000,64,106
1588000828000,64,92
1588001128000,63,104
1588001428000,67,86
1588001728000,67,75
1588002028000,69,83
1588002328000,63,99
1588002628000,60,121
1588002928000,59,129
1588003228000,60,117
1588003528000,64,98
1588003828000,68,73
1588004128000,72,49
1588004428000,72,47
1588004728000,71,66
1588005028000,70,63
1588005328000,80,31
1588005628000,78,33
1588005928000,78,36
1588006228000,78,46
1588006528000,80,24
1588006828000,77,25
1588007128000,75,38
1588007428000,0,0
1588146027000,0,0
1588146327000,0,0
1588146627000,77,29
1588146927000,70,59
1588147227000,71,60
1588147527000,70,56
1588147827000,70,43
1588148127000,69,49
1588148427000,70,45
1588148727000,70,57
1588149027000,70,51
1588149327000,72,43
1588149627000,72,58
1588149927000,63,94
1588150227000,64,86
1588150527000,63,87
1588150827000,65,76
1588151127000,66,64
1588151427000,66,58
1588151727000,65,63
1588152027000,64,77
1588152327000,67,72
1588152627000,68,68
1588152927000,76,24
1588153227000,72,65
1588153527000,72,39
1588153827000,69,54
1588154127000,70,26
1588154427000,0,0
1588154727000,64,84
1588155027000,64,78
1588155327000,65,69
1588155627000,67,54
1588155927000,63,95
1588156227000,62,93
1588156527000,61,103
1588156827000,62,112
1588157127000,65,89
1588157427000,73,41
1588157727000,71,66
1588158027000,65,100
1588158327000,64,92
1588158627000,63,94
1588158927000,61,107
1588159227000,62,103
1588159527000,64,69
1588159827000,61,111
1588160127000,60,109
1588160427000,57,134
1588160727000,57,132
1588161027000,59,114
1588161327000,61,97
1588161627000,62,86
1588161927000,63,71
1588162227000,0,0
1588162527000,63,88
1588162827000,77,21
1588163127000,79,15
1588163427000,72,39
1588163727000,70,43
1588164027000,62,125
1588164327000,61,108
1588164627000,64,85
1588164927000,67,64
1588165227000,65,83
1588165527000,60,115
1588165827000,62,94
1588166127000,61,86
1588166427000,61,92
1588166727000,63,85
1588167027000,60,118
1588167327000,62,104
1588167627000,64,94
1588167927000,63,94
1588168227000,61,116
1588168527000,64,97
1588168827000,61,131
1588169127000,61,124
1588169427000,61,122
1588169727000,60,110
1588170027000,59,121
1588170327000,59,115
1588170627000,60,130
1588170927000,59,124
1588171227000,61,109
1588171527000,60,119
1588171827000,63,104
1588172127000,64,113
1588172427000,73,58
1588172727000,74,44
1588173027000,0,0
1588173327000,68,73
1588173627000,69,58
1588173927000,70,45
1588174227000,72,40
1588174527000,66,67
1588174827000,71,48
1588175127000,74,40
1588175427000,76,44
1588234049000,79,44
1588234349000,76,42
1588234649000,76,36
1588234949000,75,32
1588235249000,77,37
1588235549000,74,41
1588235849000,72,45
1588236149000,72,42
1588236449000,70,46
1588236749000,74,36
1588237049000,72,57
1588237349000,67,54
1588237649000,66,67
1588237949000,68,74
1588238249000,76,27
1588238549000,77,26
1588238849000,75,37
1588239149000,68,58
1588239449000,67,56
1588239749000,66,53
1588240049000,63,74
1588240349000,64,74
1588240649000,62,104
1588240949000,70,73
1588241249000,65,88
1588241549000,66,76
1588241849000,66,75
1588242149000,71,35
1588242449000,70,42
1588242749000,68,66
1588243049000,65,82
1588243349000,74,36
1588243649000,80,20
1588243949000,78,28
1588244249000,76,29
1588244549000,70,58
1588244849000,70,52
1588245149000,63,97
1588245449000,63,90
1588245749000,62,93
1588246049000,62,94
1588246349000,61,118
1588246649000,60,119
1588246949000,61,111
1588247249000,58,144
1588247549000,61,128
1588247849000,62,120
1588248149000,65,96
1588248449000,63,113
1588248749000,60,125
1588249049000,63,110
1588249349000,65,81
1588249649000,0,0
1588249949000,0,0
1588250249000,0,0
1588250549000,61,119
1588250849000,58,134
1588251149000,62,115
1588251449000,0,0
1588251749000,0,0
1588252049000,0,0
1588252349000,0,0
1588252649000,0,0
1588252949000,67,91
1588253249000,66,102
1588253549000,66,72
1588253849000,66,83
1588254149000,67,67
1588254449000,63,107
1588254749000,61,106
1588255049000,68,58
1588255349000,66,89
1588255649000,63,90
1588255949000,61,109
1588256249000,62,120
1588256549000,0,0
1588256849000,68,65
1588257149000,72,46
1588257449000,72,58
1588257749000,68,68
1588258049000,67,70
1588258349000,70,52
1588258649000,69,65
1588258949000,69,48
1588259249000,70,45
1588259549000,63,113
1588259849000,58,136
1588260149000,59,125
1588260449000,59,132
1588260749000,63,108
1588261049000,71,87
1588261349000,74,65
1588261649000,75,54
1588261949000,74,50
1588262249000,74,50
1588262549000,71,54
1588262849000,76,51
1588263149000,73,66
1588263449000,70,94
1588263749000,66,89
1588264049000,0,0
1588318769000,0,0
1588319069000,0,0
1588319369000,67,69
1588319669000,64,73
1588319969000,63,69
1588320269000,65,62
1588320569000,67,79
1588320869000,65,78
1588321169000,63,90
1588321469000,61,106
1588321769000,61,85
1588322069000,62,79
1588322369000,62,79
1588322669000,63,94
1588322969000,61,104
1588323269000,69,57
1588323569000,69,61
1588323869000,68,72
1588324169000,69,49
1588324469000,69,47
1588324769000,68,48
1588325069000,65,74
1588325369000,65,84
1588325669000,64,82
1588325969000,61,94
1588326269000,63,92
1588326569000,63,99
1588326869000,68,64
1588327169000,75,50
1588327469000,75,31
1588327769000,71,55
1588328069000,75,30
1588328369000,72,41
1588328669000,72,45
1588328969000,72,40
1588329269000,71,43
1588329569000,70,45
1588329869000,61,118
1588330169000,61,93
1588330469000,60,107
1588330769000,63,109
1588331069000,64,75
1588331369000,63,71
1588331669000,62,96
1588331969000,63,105
1588332269000,66,75
1588332569000,66,81
1588332869000,69,72
1588333169000,65,84
1588333469000,64,82
1588333769000,63,92
1588334069000,63,88
1588334369000,63,78
1588334669000,64,102
1588334969000,62,85
1588335269000,63,72
1588335569000,64,69
1588335869000,62,80
1588336169000,63,73
1588336469000,63,102
1588336769000,68,69
1588337069000,70,60
1588337369000,72,44
1588337669000,72,42
1588337969000,67,80
1588338269000,66,70
1588338569000,64,86
1588338869000,64,75
1588339169000,64,86
1588339469000,62,93
1588339769000,63,90
1588340069000,61,108
1588340369000,63,125
1588340669000,61,113
1588340969000,64,78
1588341269000,65,76
1588341569000,63,105
1588341869000,63,114
1588342169000,66,107
1588342469000,66,94
1588342769000,66,97
1588343069000,64,115
1588343369000,63,106
1588343669000,62,113
1588343969000,62,105
1588344269000,61,116
1588344569000,61,109
1588344869000,62,104
1588345169000,65,93
1588345469000,76,45
1588345769000,77,32
1588346069000,76,39
1588346369000,76,41
1588346669000,74,39
1588346969000,76,30
1588347269000,74,32
1588347569000,73,42
1588347869000,75,31
1588348169000,73,42
1588348469000,76,27
1588348769000,73,53
1588349069000,62,109
1588349369000,68,75
1588349669000,0,0
1588403823000,73,39
1588404123000,69,56
1588404423000,69,48
1588404723000,70,39
1588405023000,70,38
1588405323000,70,44
1588405623000,71,41
1588405923000,70,50
1588406223000,64,64
1588406523000,66,69
1588406823000,66,67
1588407123000,66,62
1588407423000,66,62
1588407723000,71,51
1588408023000,69,49
1588408323000,76,24
1588408623000,73,30
1588408923000,75,38
1588409223000,75,47
1588409523000,73,33
1588409823000,69,40
1588410123000,70,33
1588410423000,68,60
1588410723000,68,53
1588411023000,70,37
1588411323000,70,44
1588411623000,71,44
1588411923000,69,49
1588412223000,69,46
1588412523000,70,44
1588412823000,70,45
1588413123000,71,46
1588413423000,71,59
1588413723000,74,37
1588414023000,80,17
1588414323000,72,46
1588414623000,69,48
1588414923000,70,61
1588415223000,67,58
1588415523000,67,59
1588415823000,65,72
1588416123000,64,68
1588416423000,64,65
1588416723000,64,60
1588417023000,64,73
1588417323000,63,73
1588417623000,65,84
1588417923000,66,87
1588418223000,69,58
1588418523000,69,57
1588418823000,69,79
1588419123000,63,96
1588419423000,69,56
1588419723000,68,49
1588420023000,69,40
1588420323000,69,48
1588420623000,68,39
1588420923000,67,44
1588421223000,67,57
1588421523000,67,74
1588421823000,62,96
1588422123000,63,112
1588422423000,70,51
1588422723000,71,55
1588423023000,65,92
1588423323000,66,76
1588423623000,69,71
1588423923000,67,70
1588424223000,66,90
1588424523000,67,84
1588424823000,67,48
1588425123000,64,88
1588425423000,61,104
1588425723000,61,92
1588426023000,59,123
1588426323000,61,98
1588426623000,62,106
1588426923000,64,86
1588427223000,64,87
1588427523000,62,127
1588427823000,62,130
1588428123000,61,119
1588428423000,60,129
1588428723000,64,109
1588429023000,60,140
1588429323000,65,104
1588429623000,63,132
1588429923000,59,135
1588430223000,60,134
1588430523000,59,127
1588430823000,64,100
1588431123000,67,58
1588431423000,68,70
1588431723000,59,135
1588432023000,57,131
1588432323000,67,82
1588432623000,65,88
1588432923000,61,124
1588433223000,68,83
1588433523000,71,50
1588433823000,69,72
1588434123000,61,100
1588434423000,66,82
1588434723000,67,60
1588435023000,67,59
1588435323000,67,60
1588435623000,66,84
1588435923000,69,89
1588436223000,66,68
1588436523000,65,68
1588436823000,70,57
1588437123000,75,52
1588437423000,68,86
1588437723000,67,106
1588438023000,68,84
1588438323000,65,102
1588438623000,65,120
1588438923000,0,0
1588492349000,0,0
1588492649000,74,39
1588492949000,76,31
1588493249000,0,0
1588493549000,76,25
1588493849000,74,41
1588494149000,72,43
1588494449000,73,36
1588494749000,69,61
1588495049000,70,45
1588495349000,69,59
1588495649000,64,82
1588495949000,63,70
1588496249000,65,59
1588496549000,65,58
1588496849000,65,64
1588497149000,67,52
1588497449000,71,73
1588497749000,74,32
1588498049000,71,52
1588498349000,69,51
1588498649000,66,81
1588498949000,64,70
1588499249000,63,87
1588499549000,63,83
1588499849000,64,80
1588500149000,63,89
1588500449000,63,69
1588500749000,61,81
1588501049000,62,79
1588501349000,64,89
1588501649000,67,60
1588501949000,75,34
1588502249000,78,28
1588502549000,76,47
1588502849000,77,33
1588503149000,73,42
1588503449000,72,49
1588503749000,75,51
1588504049000,70,50
1588504349000,67,67
1588504649000,67,69
1588504949000,68,56
1588505249000,67,55
1588505549000,66,58
1588505849000,66,62
1588506149000,65,55
1588506449000,65,78
1588506749000,65,88
1588507049000,63,66
1588507349000,64,57
1588507649000,66,68
1588507949000,65,67
1588508249000,66,90
1588508549000,63,101
1588508849000,64,104
1588509149000,62,97
1588509449000,68,62
1588509749000,70,74
1588510049000,66,70
1588510349000,63,94
1588510649000,63,100
1588510949000,60,99
1588511249000,64,69
1588511549000,66,62
1588511849000,66,60
1588512149000,65,90
1588512449000,70,54
1588512749000,65,92
1588513049000,70,52
1588513349000,67,89
1588513649000,69,64
1588513949000,69,51
1588514249000,69,72
1588514549000,70,54
1588514849000,70,56
1588515149000,71,47
1588515449000,69,54
1588515749000,62,110
1588516049000,60,107
1588516349000,60,132
1588516649000,59,122
1588516949000,60,118
1588517249000,63,111
1588517549000,64,98
1588517849000,65,104
1588518149000,67,81
1588518449000,65,94
1588518749000,64,101
1588519049000,62,85
1588519349000,64,103
1588519649000,65,79
1588519949000,66,82
1588520249000,64,89
1588520549000,65,103
1588520849000,74,45
1588521149000,74,50
1588521449000,73,53
1588521749000,71,52
1588522049000,0,0
1588522349000,0,0
1588522649000,0,0
1588522949000,0,0
1588523249000,0,0
1588523549000,0,0
1588523849000,73,47
1588524149000,73,34
1588524449000,0,0
1588576645000,0,0
1588576945000,0,0
1588577245000,72,57
1588577545000,71,52
1588577845000,67,64
1588578145000,67,60
1588578445000,66,63
1588578745000,66,65
1588579045000,67,59
1588579345000,68,44
1588579645000,66,49
1588579945000,69,75
1588580245000,68,73
1588580545000,72,52
1588580845000,77,30
1588581145000,75,32
1588581445000,73,31
1588581745000,65,103
1588582045000,62,111
1588582345000,61,106
1588582645000,61,100
1588582945000,60,107
1588583245000,59,116
1588583545000,58,137
1588583845000,59,108
1588584145000,58,113
1588584445000,57,127
1588584745000,57,123
1588585045000,58,117
1588585345000,59,97
1588585645000,71,39
1588585945000,71,35
1588586245000,0,0
1588586545000,0,0
1588586845000,0,0
1588587145000,61,111
1588587445000,59,115
1588587745000,60,103
1588588045000,59,107
1588588345000,59,114
1588588645000,59,110
1588588945000,59,113
1588589245000,61,102
1588589545000,60,106
1588589845000,65,71
1588590145000,68,64
1588590445000,72,40
1588590745000,65,60
1588591045000,64,71
1588591345000,60,103
1588591645000,61,98
1588591945000,68,65
1588592245000,68,40
1588592545000,67,48
1588592845000,66,55
1588593145000,66,57
1588593445000,66,62
1588593745000,65,85
1588594045000,0,0
1588594345000,0,0
1588594645000,0,0
1588594945000,67,60
1588595245000,68,66
1588595545000,66,87
1588595845000,64,85
1588596145000,67,65
1588596445000,68,47
1588596745000,70,55
1588597045000,67,70
1588597345000,62,104
1588597645000,68,50
1588597945000,66,67
1588598245000,65,65
1588598545000,66,50
1588598845000,66,50
1588599145000,67,62
1588599445000,67,65
1588599745000,73,42
1588600045000,78,25
1588600345000,70,46
1588600645000,69,68
1588600945000,78,23
1588601245000,72,40
1588601545000,70,73
1588601845000,66,89
1588602145000,67,74
1588602445000,64,87
1588602745000,64,94
1588603045000,62,107
1588603345000,64,78
1588603645000,62,104
1588603945000,62,94
1588604245000,62,90
1588604545000,60,106
1588604845000,61,90
1588605145000,67,83
1588605445000,64,100
1588605745000,74,31
1588606045000,71,44
1588606345000,68,73
1588606645000,66,95
1588606945000,67,76
1588607245000,71,60
1588607545000,70,54
1588607845000,71,54
1588608145000,75,41
1588608445000,73,41
1588608745000,74,41
1588609045000,75,33
1588609345000,73,50
1588609645000,74,41
1588609945000,0,0
1588610245000,70,56
1588610545000,68,70
1588610845000,0,0
1588666651000,0,0
1588666951000,66,78
1588667251000,64,80
1588667551000,63,91
1588667851000,64,82
1588668151000,64,76
1588668451000,64,84
1588668751000,64,82
1588669051000,64,83
1588669351000,65,99
1588669651000,62,109
1588669951000,62,113
1588670251000,62,109
1588670551000,63,96
1588670851000,62,75
1588671151000,61,76
1588671451000,60,92
1588671751000,61,91
1588672051000,64,86
1588672351000,65,64
1588672651000,66,53
1588672951000,66,70
1588673251000,65,63
1588673551000,67,54
1588673851000,65,84
1588674151000,63,85
1588674451000,72,34
1588674751000,74,29
1588675051000,70,71
1588675351000,79,28
1588675651000,70,53
1588675951000,69,63
1588676251000,66,66
1588676551000,65,89
1588676851000,66,82
1588677151000,66,62
1588677451000,66,50
1588677751000,66,57
1588678051000,66,59
1588678351000,66,54
1588678651000,64,107
1588678951000,63,96
1588679251000,65,96
1588679551000,63,101
1588679851000,69,86
1588680151000,72,44
1588680451000,74,32
1588680751000,73,48
1588681051000,76,26
1588681351000,71,50
1588681651000,72,41
1588681951000,70,61
1588682251000,67,99
1588682551000,60,116
1588682851000,63,90
1588683151000,67,53
1588683451000,67,68
1588683751000,67,58
1588684051000,68,47
1588684351000,66,61
1588684651000,61,115
1588684951000,64,101
1588685251000,65,91
1588685551000,64,95
1588685851000,70,63
1588686151000,69,62
1588686451000,68,74
1588686751000,65,82
1588687051000,70,55
1588687351000,71,44
1588687651000,69,45
1588687951000,69,57
1588688251000,68,51
1588688551000,68,50
1588688851000,70,64
1588689151000,69,52
1588689451000,70,61
1588689751000,64,99
1588690051000,62,120
1588690351000,64,93
1588690651000,68,70
1588690951000,68,63
1588691251000,68,56
1588691551000,71,49
1588691851000,76,48
1588692151000,69,83
1588692451000,68,68
1588692751000,69,63
1588693051000,69,62
1588693351000,59,121
1588693651000,77,33
1588693951000,75,43
1588694251000,74,52
1588694551000,77,56
1588694851000,0,0
1588753712000,79,32
1588754012000,80,30
1588754312000,78,30
1588754612000,75,35
1588754912000,73,41
1588755212000,70,45
1588755512000,70,40
1588755812000,70,48
1588756112000,70,44
1588756412000,70,41
1588756712000,71,62
1588757012000,71,55
1588757312000,72,52
1588757612000,74,41
1588757912000,80,17
1588758212000,78,33
1588758512000,77,24
1588758812000,74,36
1588759112000,72,39
1588759412000,71,39
1588759712000,69,71
1588760012000,69,56
1588760312000,67,73
1588760612000,67,107
1588760912000,61,142
1588761212000,60,143
1588761512000,60,145
1588761812000,61,120
1588762112000,62,94
1588762412000,66,77
1588762712000,64,125
1588763012000,0,0
1588763312000,67,81
1588763612000,74,48
1588763912000,71,76
1588764212000,76,34
1588764512000,71,56
1588764812000,73,58
1588765112000,70,56
1588765412000,68,70
1588765712000,67,86
1588766012000,65,89
1588766312000,61,117
1588766612000,62,126
1588766912000,60,125
1588767212000,59,132
1588767512000,59,125
1588767812000,65,62
1588768112000,66,71
1588768412000,67,71
1588768712000,62,94
1588769012000,61,116
1588769312000,58,151
1588769612000,58,141
1588769912000,60,154
1588770212000,60,128
1588770512000,61,122
1588770812000,61,116
1588771112000,65,73
1588771412000,64,77
1588771712000,64,78
1588772012000,64,70
1588772312000,65,83
1588772612000,57,139
1588772912000,61,128
1588773212000,63,116
1588773512000,70,72
1588773812000,71,63
1588774112000,69,70
1588774412000,74,51
1588774712000,75,40
1588775012000,72,43
1588775312000,68,89
1588775612000,68,75
1588775912000,63,98
1588776212000,63,106
1588776512000,63,107
1588776812000,64,99
1588777112000,68,83
1588777412000,69,64
1588777712000,62,121
1588778012000,58,148
1588778312000,66,115
1588778612000,61,151
1588778912000,62,134
1588779212000,62,150
1588779512000,70,102
1588779812000,80,33
1588780112000,77,39
1588780412000,76,44
1588780712000,73,57
1588781012000,72,56
1588781312000,73,56
1588781612000,73,53
1588781912000,73,63
1588782212000,73,55
1588782512000,72,90
1588782812000,70,100
1588783112000,72,83
1588783412000,70,87
1588783712000,71,66
1588784012000,0,0
1588839209000,0,0
1588839509000,0,0
1588839809000,0,0
1588840109000,78,31
1588840409000,80,25
1588840709000,73,38
1588841009000,68,59
1588841309000,66,74
1588841609000,67,58
1588841909000,66,63
1588842209000,65,85
1588842509000,64,88
1588842809000,62,99
1588843109000,62,102
1588843409000,66,92
1588843709000,64,91
1588844009000,64,105
1588844309000,74,45
1588844609000,79,29
1588844909000,73,52
1588845209000,73,37
1588845509000,73,36
1588845809000,67,69
1588846109000,62,94
1588846409000,61,99
1588846709000,63,114
1588847009000,62,96
1588847309000,63,100
1588847609000,60,137
1588847909000,61,118
1588848209000,63,106
1588848509000,65,81
1588848809000,73,44
1588849109000,72,51
1588849409000,70,66
1588849709000,67,74
1588850009000,74,39
1588850309000,70,65
1588850609000,71,46
1588850909000,76,46
1588851209000,74,40
1588851509000,68,56
1588851809000,67,47
1588852109000,66,71
1588852409000,67,59
1588852709000,64,58
1588853009000,63,72
1588853309000,63,54
1588853609000,65,60
1588853909000,65,65
1588854209000,66,65
1588854509000,72,47
1588854809000,67,62
1588855109000,55,140
1588855409000,58,135
1588855709000,60,113
1588856009000,57,119
1588856309000,58,116
1588856609000,60,103
1588856909000,64,87
1588857209000,59,118
1588857509000,58,122
1588857809000,60,117
1588858109000,63,117
1588858409000,66,89
1588858709000,72,52
1588859009000,62,97
1588859309000,63,87
1588859609000,63,107
1588859909000,60,107
1588860209000,61,100
1588860509000,59,97
1588860809000,63,89
1588861109000,63,73
1588861409000,61,103
1588861709000,63,102
1588862009000,64,79
1588862309000,65,85
1588862609000,61,123
1588862909000,58,133
1588863209000,60,147
1588863509000,63,94
1588863809000,62,112
1588864109000,65,95
1588925307000,0,0
1588925607000,0,0
1588925907000,72,54
1588926207000,66,79
1588926507000,66,65
1588926807000,64,81
1588927107000,65,91
1588927407000,64,84
1588927707000,64,85
1588928007000,68,71
1588928307000,65,89
1588928607000,70,57
1588928907000,70,80
1588929207000,63,105
1588929507000,63,94
1588929807000,69,48
1588930107000,66,50
1588930407000,64,64
1588930707000,64,67
1588931007000,67,72
1588931307000,66,80
1588931607000,59,119
1588931907000,59,106
1588932207000,60,111
1588932507000,59,107
1588932807000,61,109
1588933107000,68,68
1588933407000,75,41
1588933707000,76,54
1588934007000,78,29
1588934307000,73,60
1588934607000,66,67
1588934907000,69,49
1588935207000,69,55
1588935507000,68,57
1588935807000,68,59
1588936107000,67,68
1588936407000,66,51
1588936707000,61,122
1588937007000,59,130
1588937307000,57,149
1588937607000,57,146
1588937907000,60,142
1588938207000,59,139
1588938507000,60,125
1588938807000,60,114
1588939107000,65,96
1588939407000,66,95
1588939707000,61,137
1588940007000,61,122
1588940307000,58,135
1588940607000,59,131
1588940907000,59,131
1588941207000,59,127
1588941507000,65,71
1588941807000,60,108
1588942107000,56,146
1588942407000,57,131
1588942707000,56,143
1588943007000,56,141
1588943307000,59,132
1588943607000,67,75
1588943907000,68,100
1588944207000,67,90
1588944507000,68,85
1588944807000,65,101
1588945107000,63,109
1588945407000,60,130
1588945707000,61,122
1588946007000,61,119
1588946307000,70,78
1588946607000,75,49
1588946907000,73,46
1588947207000,76,47
1588947507000,74,51
1588947807000,74,44
1588948107000,76,37
1588948407000,76,64
1588948707000,67,108
1588949007000,0,0
1589008471000,0,0
1589008771000,80,38
1589009071000,72,39
1589009371000,62,123
1589009671000,62,117
1589009971000,64,103
1589010271000,63,107
1589010571000,63,100
1589010871000,65,114
1589011171000,62,121
1589011471000,64,74
1589011771000,64,71
1589012071000,63,86
1589012371000,62,96
1589012671000,62,99
1589012971000,63,119
1589013271000,67,92
1589013571000,69,60
1589013871000,67,75
1589014171000,66,92
1589014471000,66,91
1589014771000,59,118
1589015071000,59,123
1589015371000,58,141
1589015671000,58,150
1589015971000,60,134
1589016271000,62,109
1589016571000,61,122
1589016871000,62,107
1589017171000,63,101
1589017471000,62,104
1589017771000,69,74
1589018071000,65,80
1589018371000,69,65
1589018671000,67,62
1589018971000,66,76
1589019271000,68,58
1589019571000,66,75
1589019871000,63,102
1589020171000,64,84
1589020471000,63,89
1589020771000,60,108
1589021071000,59,141
1589021371000,59,134
1589021671000,58,154
1589021971000,58,143
1589022271000,58,124
1589022571000,58,114
1589022871000,63,106
1589023171000,68,70
1589023471000,59,125
1589023771000,58,115
1589024071000,57,136
1589024371000,58,128
1589024671000,58,130
1589024971000,57,135
1589025271000,56,132
1589025571000,56,125
1589025871000,57,118
1589026171000,58,123
1589026471000,0,0
1589026771000,60,129
1589027071000,0,0
1589027371000,67,81
1589027671000,68,74
1589027971000,67,64
1589028271000,64,93
1589028571000,67,68
1589028871000,63,108
1589029171000,62,105
1589029471000,62,90
1589029771000,61,102
1589030071000,59,118
1589030371000,59,114
1589030671000,59,112
1589030971000,59,115
1589031271000,59,118
1589031571000,61,101
1589031871000,64,95
1589032171000,60,113
1589032471000,58,136
1589032771000,58,124
1589033071000,60,119
1589033371000,57,132
1589033671000,59,106
1589033971000,60,115
1589034271000,61,97
1589034571000,0,0
1589034871000,0,0
1589035171000,59,120
1589035471000,59,116
1589035771000,60,111
1589036071000,58,136
1589036371000,65,99
1589036671000,65,92
1589036971000,63,120
1589037271000,59,119
1589037571000,64,112
1589037871000,62,101
1589038171000,59,121
1589038471000,58,130
1589038771000,59,138
1589039071000,58,127
1589039371000,60,118
1589039671000,65,88
1589039971000,74,69
1589040271000,71,70
1589040571000,74,68
1589040871000,75,52
1589041171000,70,69
1589041471000,71,59
1589041771000,74,48
1589042071000,78,40
1589042371000,75,29
1589098532000,0,0
1589098832000,74,34
1589099132000,69,42
1589099432000,68,36
1589099732000,68,27
1589100032000,70,26
1589100332000,70,28
1589100632000,71,24
1589100932000,72,28
1589101232000,72,25
1589101532000,72,27
1589101832000,72,29
1589102132000,69,73
1589102432000,69,52
1589102732000,72,36
1589103032000,71,43
1589103332000,70,52
1589103632000,66,65
1589103932000,65,66
1589104232000,64,57
1589104532000,63,63
1589104832000,67,57
1589105132000,71,37
1589105432000,71,31
1589105732000,70,65
1589106032000,63,78
1589106332000,71,41
1589106632000,77,26
1589106932000,77,27
1589107232000,73,42
1589107532000,70,44
1589107832000,69,56
1589108132000,69,47
1589108432000,70,59
1589108732000,68,50
1589109032000,68,44
1589109332000,67,52
1589109632000,68,56
1589109932000,64,74
1589110232000,64,63
1589110532000,65,59
1589110832000,65,59
1589111132000,63,81
1589111432000,62,85
1589111732000,63,76
1589112032000,66,53
1589112332000,68,63
1589112632000,64,83
1589112932000,65,83
1589113232000,65,69
1589113532000,64,62
1589113832000,62,78
1589114132000,58,110
1589114432000,60,102
1589114732000,54,128
1589115032000,55,124
1589115332000,58,126
1589115632000,56,139
1589115932000,56,134
1589116232000,56,115
1589116532000,59,120
1589116832000,60,143
1589117132000,58,133
1589117432000,59,126
1589117732000,63,85
1589118032000,65,86
1589118332000,62,94
1589118632000,62,108
1589118932000,63,82
1589119232000,60,109
1589119532000,61,106
1589119832000,59,106
1589120132000,59,107
1589120432000,61,90
1589120732000,61,97
1589121032000,60,109
1589121332000,63,84
1589121632000,63,74
1589121932000,64,74
1589122232000,68,66
1589122532000,62,91
1589122832000,64,86
1589123132000,68,65
1589123432000,64,74
1589123732000,65,84
1589124032000,58,131
1589124332000,66,69
1589124632000,63,62
1589124932000,62,83
1589125232000,64,82
1589125532000,60,106
1589125832000,61,99
1589126132000,69,79
1589126432000,0,0
1589126732000,66,74
1589127032000,76,55
1589127332000,67,89
1589127632000,76,54
1589127932000,64,103
1589128232000,63,96
1589128532000,65,96
1589128832000,63,116
1589129132000,58,126
1589129432000,0,0
1589185322000,73,37
1589185622000,73,35
1589185922000,74,30
1589186222000,71,53
1589186522000,68,45
1589186822000,67,47
1589187122000,67,48
1589187422000,67,46
1589187722000,66,57
1589188022000,69,51
1589188322000,73,34
1589188622000,75,24
1589188922000,76,29
1589189222000,75,25
1589189522000,69,36
1589189822000,68,66
1589190122000,66,72
1589190422000,69,67
1589190722000,69,52
1589191022000,68,60
1589191322000,68,58
1589191622000,64,82
1589191922000,0,0
1589192222000,0,0
1589192522000,71,57
1589192822000,74,35
1589193122000,79,20
1589193422000,74,62
1589193722000,74,36
1589194022000,73,31
1589194322000,74,58
1589194622000,64,81
1589194922000,63,87
1589195222000,62,85
1589195522000,61,108
1589195822000,62,86
1589196122000,61,91
1589196422000,60,104
1589196722000,64,86
1589197022000,63,97
1589197322000,60,97
1589197622000,59,109
1589197922000,60,92
1589198222000,60,113
1589198522000,60,108
1589198822000,61,98
1589199122000,58,112
1589199422000,59,94
1589199722000,68,72
1589200022000,64,110
1589200322000,71,55
1589200622000,67,69
1589200922000,69,70
1589201222000,65,81
1589201522000,64,91
1589201822000,63,85
1589202122000,63,79
1589202422000,61,96
1589202722000,65,62
1589203022000,65,54
1589203322000,64,59
1589203622000,64,63
1589203922000,63,78
1589204222000,67,63
1589204522000,67,79
1589204822000,64,87
1589205122000,64,89
1589205422000,73,35
1589205722000,72,37
1589206022000,0,0
1589206322000,57,138
1589206622000,57,133
1589206922000,60,143
1589207222000,0,0
1589270579000,77,43
1589270879000,73,41
1589271179000,71,49
1589271479000,71,46
1589271779000,72,38
1589272079000,73,34
1589272379000,68,53
1589272679000,63,79
1589272979000,63,76
1589273279000,61,83
1589273579000,63,72
1589273879000,63,73
1589274179000,67,69
1589274479000,74,30
1589274779000,78,20
1589275079000,78,21
1589275379000,77,28
1589275679000,76,26
1589275979000,65,72
1589276279000,65,61
1589276579000,62,73
1589276879000,61,85
1589277179000,57,124
1589277479000,59,86
1589277779000,61,69
1589278079000,60,79
1589278379000,59,100
1589278679000,59,115
1589278979000,60,102
1589279279000,61,97
1589279579000,61,81
1589279879000,61,81
1589280179000,62,88
1589280479000,72,34
1589280779000,71,72
1589281079000,66,67
1589281379000,67,74
1589281679000,69,48
1589281979000,65,77
1589282279000,62,116
1589282579000,63,99
1589282879000,64,77
1589283179000,64,59
1589283479000,63,68
1589283779000,0,0
1589284079000,0,0
1589284379000,0,0
1589284679000,58,129
1589284979000,56,120
1589285279000,59,117
1589285579000,60,81
1589285879000,60,88
1589286179000,61,99
1589286479000,65,78
1589286779000,69,52
1589287079000,70,44
1589287379000,76,30
1589287679000,69,51
1589287979000,68,58
1589288279000,65,89
1589288579000,64,102
1589288879000,65,85
1589289179000,61,96
1589289479000,58,94
1589289779000,67,59
1589290079000,64,79
1589290379000,64,89
1589290679000,57,121
1589290979000,57,122
1589291279000,57,131
1589291579000,62,121
1589291879000,66,84
1589292179000,69,67
1589292479000,70,50
1589292779000,74,49
1589293079000,73,41
1589293379000,72,46
1589293679000,69,58
1589293979000,70,63
1589294279000,68,57
1589294579000,69,56
1589294879000,68,61
1589295179000,57,146
1589295479000,63,110
1589295779000,77,35
1589296079000,74,47
1589296379000,73,43
1589296679000,72,49
1589296979000,73,37
1589297279000,76,37
1589297579000,75,36
1589297879000,73,47
1589354999000,75,31
1589355299000,70,45
1589355599000,69,41
1589355899000,69,41
1589356199000,70,36
1589356499000,69,40
1589356799000,70,33
1589357099000,71,61
1589357399000,69,57
1589357699000,68,64
1589357999000,72,43
1589358299000,72,45
1589358599000,68,65
1589358899000,66,67
1589359199000,65,76
1589359499000,64,90
1589359799000,67,50
1589360099000,67,66
1589360399000,66,60
1589360699000,66,62
1589360999000,66,59
1589361299000,66,58
1589361599000,62,96
1589361899000,61,83
1589362199000,63,92
1589362499000,63,107
1589362799000,65,91
1589363099000,65,101
1589363399000,65,99
1589363699000,67,68
1589363999000,65,66
1589364299000,60,109
1589364599000,60,106
1589364899000,60,88
1589365199000,60,94
1589365499000,60,91
1589365799000,59,99
1589366099000,59,98
1589366399000,58,110
1589366699000,58,141
1589366999000,59,112
1589367299000,60,100
1589367599000,60,104
1589367899000,59,106
1589368199000,60,102
1589368499000,62,99
1589368799000,62,94
1589369099000,67,62
1589369399000,68,47
1589369699000,70,53
1589369999000,70,53
1589370299000,71,55
1589370599000,73,42
1589370899000,73,45
1589371199000,69,61
1589371499000,63,74
1589371799000,63,74
1589372099000,63,72
1589372399000,63,81
1589372699000,63,83
1589372999000,61,105
1589373299000,62,93
1589373599000,62,85
1589373899000,63,74
1589374199000,62,95
1589374499000,62,85
1589374799000,65,64
1589375099000,71,37
1589375399000,66,65
1589375699000,64,100
1589375999000,67,71
1589376299000,69,61
1589376599000,65,86
1589376899000,67,70
1589377199000,68,53
1589377499000,69,48
1589377799000,67,60
1589378099000,66,69
1589378399000,66,69
1589378699000,72,46
1589378999000,62,99
1589379299000,60,114
1589379599000,64,87
1589379899000,68,60
1589380199000,67,73
1589380499000,62,97
1589380799000,64,121
1589381099000,64,91
1589381399000,62,115
1589381699000,65,92
1589381999000,63,103
1589382299000,65,84
1589382599000,65,87
1589382899000,63,101
1589383199000,61,111
1589383499000,60,110
1589383799000,62,104
1589384099000,62,125
1589384399000,74,54
1589384699000,73,67
1589384999000,0,0
1589385299000,73,59
1589385599000,0,0
1589385899000,0,0
1589386199000,69,75
1589386499000,70,65
1589386799000,0,0
1589387099000,72,68
1589387399000,0,0
1589443019000,89,17
1589443319000,87,15
1589443619000,88,16
1589443919000,86,15
1589444219000,84,17
1589444519000,81,22
1589444819000,82,20
1589445119000,76,23
1589445419000,73,26
1589445719000,74,31
1589446019000,74,28
1589446319000,76,25
1589446619000,74,33
1589446919000,76,22
1589447219000,77,20
1589447519000,77,19
1589447819000,79,20
1589448119000,81,17
1589448419000,84,17
1589448719000,80,26
1589449019000,81,15
1589449319000,78,16
1589449619000,78,25
1589449919000,77,26
1589450219000,76,19
1589450519000,76,18
1589450819000,75,19
1589451119000,75,36
1589451419000,74,32
1589451719000,73,27
1589452019000,73,32
1589452319000,73,29
1589452619000,73,31
1589452919000,73,42
1589453219000,69,45
1589453519000,76,32
1589453819000,82,16
1589454119000,75,37
1589454419000,81,17
1589454719000,74,27
1589455019000,73,35
1589455319000,74,32
1589455619000,71,37
1589455919000,72,27
1589456219000,70,39
1589456519000,70,38
1589456819000,68,41
1589457119000,69,43
1589457419000,69,57
1589457719000,73,47
1589458019000,72,40
1589458319000,71,53
1589458619000,67,60
1589458919000,69,39
1589459219000,71,30
1589459519000,71,30
1589459819000,67,48
1589460119000,66,50
1589460419000,71,48
1589460719000,74,27
1589461019000,73,44
1589461319000,69,58
1589461619000,69,58
1589461919000,68,56
1589462219000,70,42
1589462519000,70,53
1589462819000,67,61
1589463119000,66,59
1589463419000,65,55
1589463719000,65,66
1589464019000,65,63
1589464319000,67,72
1589464619000,65,89
1589464919000,63,86
1589465219000,64,81
1589465519000,65,88
1589465819000,0,0
1589466119000,0,0
1589466419000,69,71
1589466719000,68,69
1589467019000,66,69
1589467319000,66,64
1589467619000,65,72
1589467919000,66,55
1589468219000,66,66
1589468519000,71,68
1589468819000,77,25
1589469119000,79,25
1589469419000,75,29
1589469719000,72,34
1589470019000,72,33
1589470319000,73,30
1589470619000,76,26
1589470919000,74,32
1589471219000,69,55
1589471519000,74,42
1589471819000,0,0
1589472119000,0,0
1589472419000,68,86
1589472719000,66,85
1589473019000,69,76
1589473319000,69,82
1589473619000,65,79
1589473919000,65,83
1589474219000,0,0
1589530020000,0,0
1589530320000,0,0
1589530620000,0,0
1589530920000,0,0
1589531220000,0,0
1589531520000,79,21
1589531820000,78,27
1589532120000,77,25
1589532420000,77,22
1589532720000,76,40
1589533020000,66,60
1589533320000,66,60
1589533620000,66,58
1589533920000,70,49
1589534220000,72,48
1589534520000,79,20
1589534820000,75,36
1589535120000,74,40
1589535420000,71,51
1589535720000,72,46
1589536020000,69,38
1589536320000,67,47
1589536620000,67,49
1589536920000,67,51
1589537220000,66,55
1589537520000,68,42
1589537820000,68,46
1589538120000,66,52
1589538420000,68,51
1589538720000,68,86
1589539020000,75,33
1589539320000,82,18
1589539620000,80,14
1589539920000,74,34
1589540220000,74,34
1589540520000,72,40
1589540820000,70,50
1589541120000,71,46
1589541420000,69,67
1589541720000,67,68
1589542020000,65,73
1589542320000,64,81
1589542620000,65,98
1589542920000,66,82
1589543220000,64,78
1589543520000,64,81
1589543820000,65,69
1589544120000,64,86
1589544420000,66,77
1589544720000,71,52
1589545020000,69,79
1589545320000,70,60
1589545620000,72,57
1589545920000,68,76
1589546220000,70,66
1589546520000,66,68
1589546820000,65,78
1589547120000,65,77
1589547420000,64,85
1589547720000,65,77
1589548020000,64,89
1589548320000,64,89
1589548620000,64,81
1589548920000,64,80
1589549220000,65,100
1589549520000,65,96
1589549820000,64,112
1589550120000,69,78
1589550420000,63,127
1589550720000,74,40
1589551020000,72,52
1589551320000,0,0
1589551620000,67,70
1589551920000,68,56
1589552220000,68,68
1589552520000,68,60
1589552820000,71,50
1589553120000,70,47
1589553420000,71,54
1589553720000,76,45
1589554020000,72,43
1589554320000,78,22
1589554620000,84,14
1589554920000,81,43
1589555220000,79,34
1589555520000,77,31
1589555820000,78,31
1589556120000,79,22
1589556420000,78,32
1589556720000,79,21
1589557020000,78,25
1589557320000,79,20
1589557620000,79,25
1589557920000,81,20
1589558220000,80,25
1589558520000,0,0
1589614082000,82,18
1589614382000,83,18
1589614682000,81,20
1589614982000,79,26
1589615282000,78,23
1589615582000,78,27
1589615882000,77,27
1589616182000,76,28
1589616482000,75,29
1589616782000,73,51
1589617082000,68,79
1589617382000,70,58
1589617682000,73,33
1589617982000,72,44
1589618282000,72,36
1589618582000,74,32
1589618882000,73,39
1589619182000,83,15
1589619482000,81,17
1589619782000,78,27
1589620082000,70,56
1589620382000,68,50
1589620682000,68,57
1589620982000,68,69
1589621282000,67,48
1589621582000,66,55
1589621882000,65,69
1589622182000,67,53
1589622482000,68,69
1589622782000,68,54
1589623082000,70,59
1589623382000,71,57
1589623682000,78,19
1589623982000,82,17
1589624282000,75,24
1589624582000,73,33
1589624882000,74,51
1589625182000,73,44
1589625482000,70,49
1589625782000,70,40
1589626082000,70,40
1589626382000,65,99
1589626682000,67,65
1589626982000,68,45
1589627282000,68,49
1589627582000,67,51
1589627882000,69,65
1589628182000,69,70
1589628482000,73,41
1589628782000,78,22
1589629082000,80,16
1589629382000,74,44
1589629682000,72,40
1589629982000,70,77
1589630282000,71,59
1589630582000,70,46
1589630882000,67,63
1589631182000,68,61
1589631482000,66,83
1589631782000,67,60
1589632082000,69,45
1589632382000,68,46
1589632682000,67,86
1589632982000,66,83
1589633282000,67,89
1589633582000,70,69
1589633882000,71,51
1589634182000,70,85
1589634482000,66,79
1589634782000,66,77
1589635082000,66,80
1589635382000,65,85
1589635682000,67,92
1589635982000,67,76
1589636282000,69,48
1589636582000,69,49
1589636882000,70,74
1589637182000,64,116
1589637482000,63,129
1589637782000,67,90
1589638082000,73,58
1589638382000,71,54
1589638682000,64,106
1589638982000,64,100
1589639282000,65,86
1589639582000,65,75
1589639882000,64,73
1589640182000,67,74
1589640482000,69,63
1589640782000,69,66
1589641082000,64,116
1589641382000,63,120
1589641682000,67,86
1589641982000,67,89
1589642282000,69,71
1589642582000,72,75
1589642882000,72,62
1589643182000,67,95
1589643482000,72,56
1589643782000,66,120
1589644082000,62,114
1589644382000,62,125
1589644682000,63,110
1589644982000,63,107
1589645282000,67,96
1589645582000,68,89
1589645882000,71,78
1589646182000,71,82
1589646482000,73,66
1589646782000,74,61
1589647082000,73,66
1589647382000,71,65
1589647682000,73,58
1589647982000,0,0
1589701200000,86,20
1589701500000,84,23
1589701800000,82,21
1589702100000,84,19
1589702400000,83,19
1589702700000,77,27
1589703000000,75,34
1589703300000,72,43
1589703600000,73,37
1589703900000,75,31
1589704200000,71,47
1589704500000,71,43
1589704800000,71,44
1589705100000,71,51
1589705400000,73,46
1589705700000,72,49
1589706000000,74,43
1589706300000,75,44
1589706600000,78,27
1589706900000,74,39
1589707200000,73,39
1589707500000,71,41
1589707800000,71,47
1589708100000,69,52
1589708400000,69,54
1589708700000,69,60
1589709000000,69,58
1589709300000,70,56
1589709600000,68,70
1589709900000,70,66
1589710200000,68,63
1589710500000,75,28
1589710800000,78,23
1589711100000,84,17
1589711400000,81,20
1589711700000,78,23
1589712000000,77,30
1589712300000,79,19
1589712600000,76,35
1589712900000,75,38
1589713200000,72,63
1589713500000,69,53
1589713800000,68,59
1589714100000,68,71
1589714400000,65,81
1589714700000,65,77
1589715000000,65,89
1589715300000,65,93
1589715600000,71,61
1589715900000,72,54
1589716200000,71,47
1589716500000,71,50
1589716800000,70,52
1589717100000,72,45
1589717400000,72,48
1589717700000,70,59
1589718000000,68,59
1589718300000,70,84
1589718600000,68,60
1589718900000,71,54
1589719200000,72,34
1589719500000,69,46
1589719800000,63,100
1589720100000,63,86
1589720400000,65,92
1589720700000,64,110
1589721000000,66,79
1589721300000,77,35
1589721600000,68,92
1589721900000,66,106
1589722200000,70,75
1589722500000,65,91
1589722800000,66,97
1589723100000,66,93
1589723400000,66,89
1589723700000,68,71
1589724000000,68,59
1589724300000,70,64
1589724600000,69,57
1589724900000,70,48
1589725200000,70,54
1589725500000,68,85
1589725800000,63,109
1589726100000,69,86
1589726400000,63,125
1589726700000,63,111
1589727000000,69,76
1589727300000,70,56
1589727600000,72,61
1589727900000,72,57
1589728200000,69,73
1589728500000,71,54
1589728800000,70,47
1589729100000,70,47
1589729400000,70,63
1589729700000,63,106
1589730000000,68,65
1589730300000,73,57
1589730600000,72,53
1589730900000,74,40
1589731200000,71,54
1589731500000,71,51
1589731800000,73,70
1589732100000,70,71
1589732400000,69,99
1589732700000,0,0
1589733000000,81,55
1589733300000,0,0
1589733600000,76,48
1589733900000,0,0
1589734200000,65,130
1589734500000,0,0
1589792460000,84,21
1589792760000,84,21
1589793060000,85,18
1589793360000,84,18
1589793660000,84,19
1589793960000,79,33
1589794260000,75,46
1589794560000,74,42
1589794860000,75,42
1589795160000,75,33
1589795460000,75,33
1589795760000,77,37
1589796060000,72,56
1589796360000,75,38
1589796660000,76,27
1589796960000,77,28
1589797260000,75,46
1589797560000,75,30
1589797860000,78,18
1589798160000,76,32
1589798460000,72,44
1589798760000,71,52
1589799060000,72,50
1589799360000,71,43
1589799660000,73,53
1589799960000,74,36
1589800260000,73,36
1589800560000,72,66
1589800860000,71,49
1589801160000,73,36
1589801460000,73,38
1589801760000,73,29
1589802060000,73,40
1589802360000,75,33
1589802660000,88,15
1589802960000,84,15
1589803260000,85,14
1589803560000,82,14
1589803860000,77,39
1589804160000,72,58
1589804460000,71,60
1589804760000,74,32
1589805060000,72,63
1589805360000,69,59
1589805660000,64,95
1589805960000,63,97
1589806260000,62,99
1589806560000,62,102
1589806860000,62,107
1589807160000,61,123
1589807460000,63,110
1589807760000,60,125
1589808060000,72,82
1589808360000,72,55
1589808660000,69,58
1589808960000,66,74
1589809260000,67,76
1589809560000,65,109
1589809860000,72,66
1589810160000,73,62
1589810460000,69,78
1589810760000,69,69
1589811060000,68,71
1589811360000,69,73
1589811660000,67,76
1589811960000,67,68
1589812260000,66,91
1589812560000,66,75
1589812860000,66,82
1589813160000,67,88
1589813460000,67,80
1589813760000,0,0
1589814060000,71,73
1589814360000,72,56
1589814660000,67,92
1589814960000,64,113
1589815260000,65,98
1589815560000,66,70
1589815860000,68,66
1589816160000,66,94
1589816460000,66,79
1589816760000,66,76
1589817060000,68,80
1589817360000,66,96
1589817660000,69,66
1589817960000,62,120
1589818260000,78,45
1589818560000,79,32
1589818860000,81,29
1589819160000,80,33
1589819460000,80,38
1589819760000,75,45
1589820060000,72,52
1589820360000,74,50
1589820660000,74,46
1589876642000,69,52
1589876942000,69,52
1589877242000,70,51
1589877542000,71,38
1589877842000,71,39
1589878142000,71,40
1589878442000,70,60
1589878742000,69,57
1589879042000,69,63
1589879342000,69,55
1589879642000,69,56
1589879942000,68,59
1589880242000,71,53
1589880542000,74,38
1589880842000,82,16
1589881142000,80,25
1589881442000,80,21
1589881742000,77,31
1589882042000,73,49
1589882342000,66,57
1589882642000,66,59
1589882942000,64,72
1589883242000,70,57
1589883542000,69,64
1589883842000,68,55
1589884142000,68,56
1589884442000,69,43
1589884742000,70,39
1589885042000,71,33
1589885342000,70,61
1589885642000,67,76
1589885942000,76,30
1589886242000,76,46
1589886542000,80,30
1589886842000,74,33
1589887142000,75,45
1589887442000,72,56
1589887742000,72,52
1589888042000,75,41
1589888342000,74,46
1589888642000,73,39
1589888942000,72,45
1589889242000,71,47
1589889542000,72,53
1589889842000,67,89
1589890142000,69,60
1589890442000,70,40
1589890742000,70,55
1589891042000,72,43
1589891342000,0,0
1589891642000,0,0
1589891942000,77,23
1589892242000,75,38
1589892542000,75,32
1589892842000,76,45
1589893142000,69,86
1589893442000,66,65
1589893742000,66,77
1589894042000,66,77
1589894342000,65,75
1589894642000,65,73
1589894942000,64,89
1589895242000,65,86
1589895542000,65,75
1589895842000,70,80
1589896142000,69,58
1589896442000,70,60
1589896742000,72,48
1589897042000,75,36
1589897342000,77,33
1589897642000,73,45
1589897942000,75,39
1589898242000,74,53
1589898542000,72,45
1589898842000,72,42
1589899142000,71,55
1589899442000,71,59
1589899742000,66,79
1589900042000,67,77
1589900342000,65,87
1589900642000,66,86
1589900942000,68,79
1589901242000,67,86
1589901542000,69,70
1589901842000,76,31
1589902142000,75,33
1589902442000,75,46
1589902742000,70,52
1589903042000,74,48
1589903342000,70,76
1589903642000,69,74
1589903942000,74,60
1589904242000,74,38
1589904542000,77,34
1589904842000,79,32
1589905142000,77,40
1589905442000,0,0
1589905742000,0,0
1589906042000,0,0
1589906342000,0,0
1589906642000,76,47
1589906942000,75,42
1589907242000,78,42
1589907542000,0,0
1589907842000,0,0
1589908142000,0,0
1589908442000,0,0
1589908742000,0,0
1589909042000,0,0
1589909342000,0,0
1589909642000,0,0
1589961602000,0,0
1589961902000,77,34
1589962202000,75,50
1589962502000,76,42
1589962802000,74,41
1589963102000,74,36
1589963402000,77,29
1589963702000,77,30
1589964002000,78,28
1589964302000,79,32
1589964602000,70,57
1589964902000,71,62
1589965202000,73,42
1589965502000,75,31
1589965802000,74,39
1589966102000,74,36
1589966402000,74,34
1589966702000,74,41
1589967002000,81,19
1589967302000,77,46
1589967602000,76,31
1589967902000,76,29
1589968202000,72,36
1589968502000,70,60
1589968802000,66,82
1589969102000,66,74
1589969402000,67,65
1589969702000,68,79
1589970002000,67,72
1589970302000,65,81
1589970602000,64,102
1589970902000,64,105
1589971202000,67,91
1589971502000,70,66
1589971802000,69,73
1589972102000,72,57
1589972402000,75,32
1589972702000,71,56
1589973002000,77,25
1589973302000,73,49
1589973602000,73,37
1589973902000,70,57
1589974202000,69,89
1589974502000,73,43
1589974802000,71,45
1589975102000,70,45
1589975402000,69,55
1589975702000,65,111
1589976002000,64,108
1589976302000,65,75
1589976602000,68,67
1589976902000,69,51
1589977202000,70,47
1589977502000,72,38
1589977802000,66,101
1589978102000,71,55
1589978402000,75,39
1589978702000,79,19
1589979002000,72,51
1589979302000,78,33
1589979602000,78,33
1589979902000,74,64
1589980202000,72,43
1589980502000,70,50
1589980802000,71,40
1589981102000,72,34
1589981402000,71,65
1589981702000,69,60
1589982002000,69,66
1589982302000,69,74
1589982602000,69,54
1589982902000,71,47
1589983202000,68,85
1589983502000,67,86
1589983802000,73,49
1589984102000,76,23
1589984402000,71,70
1589984702000,69,66
1589985002000,68,80
1589985302000,70,52
1589985602000,69,60
1589985902000,68,64
1589986202000,72,67
1589986502000,68,83
1589986802000,64,105
1589987102000,63,110
1589987402000,64,80
1589987702000,65,77
1589988002000,65,95
1589988302000,66,87
1589988602000,65,90
1589988902000,66,80
1589989202000,66,97
1589989502000,70,53
1589989802000,77,32
1589990102000,67,92
1589990402000,66,88
1589990702000,68,77
1589991002000,66,80
1589991302000,67,101
1589991602000,63,120
1589991902000,62,120
1589992202000,65,114
1589992502000,73,67
1589992802000,73,55
1589993102000,71,72
1589993402000,71,68
1589993702000,71,70
1589994002000,0,0
1590046080000,0,0
1590046380000,0,0
1590046680000,74,47
1590046980000,71,56
1590047280000,70,51
1590047580000,71,48
1590047880000,70,46
1590048180000,72,45
1590048480000,79,49
1590048780000,69,53
1590049080000,68,55
1590049380000,65,93
1590049680000,66,73
1590049980000,66,70
1590050280000,65,81
1590050580000,67,61
1590050880000,65,90
1590051180000,71,52
1590051480000,75,23
1590051780000,75,34
1590052080000,72,62
1590052380000,68,73
1590052680000,66,81
1590052980000,65,79
1590053280000,64,106
1590053580000,62,120
1590053880000,63,118
1590054180000,62,109
1590054480000,67,70
1590054780000,67,66
1590055080000,67,65
1590055380000,66,93
1590055680000,63,111
1590055980000,64,78
1590056280000,65,77
1590056580000,63,102
1590056880000,62,107
1590057180000,69,57
1590057480000,71,51
1590057780000,77,30
1590058080000,72,44
1590058380000,70,52
1590058680000,69,58
1590058980000,68,47
1590059280000,69,60
1590059580000,63,87
1590059880000,63,95
1590060180000,63,94
1590060480000,64,81
1590060780000,66,89
1590061080000,67,71
1590061380000,72,33
1590061680000,79,20
1590061980000,74,41
1590062280000,73,43
1590062580000,74,31
1590062880000,73,37
1590063180000,74,35
1590063480000,72,50
1590063780000,70,53
1590064080000,65,72
1590064380000,68,70
1590064680000,72,39
1590064980000,70,47
1590065280000,69,48
1590065580000,69,52
1590065880000,64,99
1590066180000,65,65
1590066480000,66,64
1590066780000,68,71
1590067080000,68,62
1590067380000,69,52
1590067680000,74,36
1590067980000,80,16
1590068280000,77,45
1590068580000,71,45
1590068880000,70,63
1590069180000,68,74
1590069480000,71,61
1590069780000,72,61
1590070080000,63,85
1590070380000,63,91
1590070680000,64,81
1590070980000,64,75
1590071280000,68,75
1590071580000,71,58
1590071880000,72,54
1590072180000,76,26
1590072480000,72,48
1590072780000,80,23
1590073080000,77,33
1590073380000,68,90
1590073680000,63,118
1590073980000,64,106
1590074280000,64,98
1590074580000,64,94
1590074880000,66,93
1590075180000,64,101
1590075480000,65,99
1590075780000,65,101
1590076080000,77,40
1590076380000,79,26
1590076680000,78,33
1590076980000,74,44
1590077280000,73,45
1590077580000,76,42
1590077880000,75,36
1590078180000,77,35
1590078480000,77,45
1590133919000,85,27
1590134219000,84,25
1590134519000,74,33
1590134819000,72,39
1590135119000,70,45
1590135419000,71,39
1590135719000,70,40
1590136019000,70,43
1590136319000,70,49
1590136619000,70,72
1590136919000,71,52
1590137219000,74,44
1590137519000,71,53
1590137819000,72,62
1590138119000,67,82
1590138419000,67,68
1590138719000,67,73
1590139019000,68,60
1590139319000,66,69
1590139619000,66,70
1590139919000,66,93
1590140219000,66,93
1590140519000,62,106
1590140819000,63,88
1590141119000,73,23
1590141419000,75,19
1590141719000,75,20
1590142019000,72,40
1590142319000,71,46
1590142619000,71,43
1590142919000,73,60
1590143219000,71,40
1590143519000,69,44
1590143819000,68,63
1590144119000,65,73
1590144419000,67,71
1590144719000,67,84
1590145019000,70,66
1590145319000,67,73
1590145619000,69,69
1590145919000,68,57
1590146219000,69,43
1590146519000,71,45
1590146819000,71,37
1590147119000,71,41
1590147419000,77,37
1590147719000,82,17
1590148019000,81,18
1590148319000,80,25
1590148619000,77,36
1590148919000,77,30
1590149219000,75,49
1590149519000,69,56
1590149819000,68,60
1590150119000,67,61
1590150419000,66,52
1590150719000,67,45
1590151019000,66,57
1590151319000,71,50
1590151619000,71,43
1590151919000,67,74
1590152219000,65,67
1590152519000,68,60
1590152819000,71,53
1590153119000,76,32
1590153419000,69,65
1590153719000,76,33
1590154019000,76,33
1590154319000,73,41
1590154619000,72,42
1590154919000,71,62
1590155219000,74,44
1590155519000,72,53
1590155819000,78,38
1590156119000,80,31
1590156419000,74,50
1590156719000,80,44
1590157019000,76,45
1590157319000,0,0
1590157619000,0,0
1590157919000,71,58
1590219721000,81,28
1590220021000,82,21
1590220321000,82,23
1590220621000,84,18
1590220921000,81,23
1590221221000,80,26
1590221521000,80,23
1590221821000,72,43
1590222121000,69,48
1590222421000,69,52
1590222721000,69,48
1590223021000,69,47
1590223321000,69,51
1590223621000,68,55
1590223921000,70,64
1590224221000,75,31
1590224521000,78,18
1590224821000,75,30
1590225121000,71,51
1590225421000,68,50
1590225721000,67,64
1590226021000,66,71
1590226321000,65,80
1590226621000,64,79
1590226921000,64,87
1590227221000,63,72
1590227521000,64,73
1590227821000,63,122
1590228121000,62,119
1590228421000,72,62
1590228721000,67,69
1590229021000,77,19
1590229321000,71,36
1590229621000,70,49
1590229921000,71,73
1590230221000,69,55
1590230521000,69,50
1590230821000,68,53
1590231121000,66,82
1590231421000,65,83
1590231721000,65,85
1590232021000,65,93
1590232321000,67,62
1590232621000,67,55
1590232921000,64,98
1590233221000,64,106
1590233521000,62,101
1590233821000,67,79
1590234121000,64,100
1590234421000,64,85
1590234721000,64,81
1590235021000,64,80
1590235321000,66,73
1590235621000,64,93
1590235921000,65,89
1590236221000,66,78
1590236521000,67,74
1590236821000,71,64
1590237121000,71,59
1590237421000,65,75
1590237721000,75,24
1590238021000,69,59
1590238321000,69,74
1590238621000,74,52
1590238921000,0,0
1590239221000,74,46
1590239521000,73,36
1590239821000,68,74
1590240121000,66,74
1590240421000,65,72
1590240721000,65,75
1590241021000,65,85
1590241321000,64,85
1590241621000,66,80
1590241921000,69,59
1590242221000,67,72
1590242521000,65,72
1590242821000,66,63
1590243121000,66,73
1590243421000,66,85
1590243721000,66,91
1590244021000,65,86
1590244321000,66,85
1590244621000,66,100
1590244921000,61,120
1590245221000,62,112
1590245521000,66,76
1590245821000,69,55
1590246121000,66,62
1590246421000,69,70
1590246721000,67,60
1590247021000,70,51
1590247321000,72,39
1590247621000,69,57
1590247921000,70,67
1590248221000,68,56
1590248521000,0,0
1590248821000,63,107
1590249121000,61,118
1590249421000,0,0
1590249721000,0,0
1590250021000,0,0
1590250321000,77,36
1590250621000,75,42
1590250921000,76,41
1590251221000,70,57
1590251521000,69,71
1590251821000,66,81
1590252121000,68,81
1590252421000,63,105
1590252721000,70,75
1590253021000,0,0
1590304397000,68,57
1590304697000,68,49
1590304997000,68,51
1590305297000,68,55
1590305597000,65,60
1590305897000,70,61
1590306197000,70,63
1590306497000,68,56
1590306797000,68,53
1590307097000,64,95
1590307397000,64,82
1590307697000,64,86
1590307997000,62,84
1590308297000,62,108
1590308597000,62,93
1590308897000,63,92
1590309197000,62,76
1590309497000,62,80
1590309797000,61,82
1590310097000,61,87
1590310397000,62,82
1590310697000,64,104
1590310997000,72,46
1590311297000,75,22
1590311597000,73,24
1590311897000,73,28
1590312197000,70,63
1590312497000,66,86
1590312797000,70,38
1590313097000,70,40
1590313397000,68,44
1590313697000,68,50
1590313997000,63,112
1590314297000,60,123
1590314597000,61,115
1590314897000,60,112
1590315197000,62,107
1590315497000,64,119
1590315797000,68,83
1590316097000,0,0
1590316397000,67,89
1590316697000,67,90
1590316997000,73,52
1590317297000,72,44
1590317597000,66,90
1590317897000,65,85
1590318197000,61,104
1590318497000,0,0
1590318797000,0,0
1590319097000,0,0
1590319397000,0,0
1590319697000,0,0
1590319997000,62,98
1590320297000,60,131
1590320597000,66,68
1590320897000,67,65
1590321197000,71,33
1590321497000,69,61
1590321797000,66,87
1590322097000,63,100
1590322397000,62,107
1590322697000,61,101
1590322997000,63,82
1590323297000,63,80
1590323597000,63,84
1590323897000,59,102
1590324197000,62,87
1590324497000,62,91
1590324797000,65,75
1590325097000,72,44
1590325397000,69,61
1590325697000,70,65
1590325997000,71,85
1590326297000,0,0
1590326597000,0,0
1590326897000,67,89
1590327197000,65,90
1590327497000,64,91
1590327797000,64,89
1590328097000,61,113
1590328397000,61,102
1590328697000,60,121
1590328997000,61,113
1590329297000,65,95
1590329597000,65,85
1590329897000,70,59
1590330197000,70,56
1590330497000,77,39
1590330797000,75,37
1590331097000,74,54
1590331397000,0,0
1590331697000,0,0
1590331997000,58,136
1590332297000,59,131
1590332597000,58,131
1590332897000,59,122
1590333197000,59,128
1590333497000,61,116
1590333797000,60,125
1590334097000,60,122
1590334397000,64,95
1590334697000,62,127
1590334997000,62,111
1590335297000,65,101
1590335597000,70,49
1590335897000,0,0
1590336197000,0,0
1590336497000,60,90
1590336797000,63,85
1590337097000,63,75
1590337397000,64,85
1590337697000,65,65
1590337997000,73,51
1590338297000,71,61
1590338597000,64,87
1590338897000,61,102
1590339197000,64,108
1590339497000,71,53
1590392220000,0,0
1590392520000,0,0
1590392820000,0,0
1590393120000,0,0
1590393420000,0,0
1590393720000,73,43
1590394020000,72,41
1590394320000,71,45
1590394620000,71,44
1590394920000,67,47
1590395220000,68,60
1590395520000,69,46
1590395820000,67,54
1590396120000,68,44
1590396420000,70,56
1590396720000,71,42
1590397020000,74,30
1590397320000,71,58
1590397620000,71,42
1590397920000,71,42
1590398220000,0,0
1590398520000,69,50
1590398820000,67,55
1590399120000,68,51
1590399420000,67,54
1590399720000,67,59
1590400020000,70,69
1590400320000,69,52
1590400620000,69,46
1590400920000,70,62
1590401220000,68,64
1590401520000,72,44
1590401820000,79,16
1590402120000,80,14
1590402420000,76,35
1590402720000,74,29
1590403020000,74,29
1590403320000,75,33
1590403620000,72,48
1590403920000,0,0
1590404220000,0,0
1590404520000,66,71
1590404820000,65,68
1590405120000,64,80
1590405420000,63,82
1590405720000,64,74
1590406020000,62,100
1590406320000,63,92
1590406620000,64,79
1590406920000,65,72
1590407220000,67,88
1590407520000,69,53
1590407820000,73,40
1590408120000,70,53
1590408420000,70,40
1590408720000,66,75
1590409020000,65,82
1590409320000,68,57
1590409620000,69,45
1590409920000,68,56
1590410220000,67,81
1590410520000,65,76
1590410820000,67,64
1590411120000,69,53
1590411420000,68,46
1590411720000,68,48
1590412020000,70,49
1590412320000,60,119
1590412620000,69,59
1590412920000,72,44
1590413220000,71,47
1590413520000,70,54
1590413820000,67,55
1590414120000,67,64
1590414420000,67,69
1590414720000,66,71
1590415020000,68,58
1590415320000,70,55
1590415620000,64,92
1590415920000,59,117
1590416220000,63,92
1590416520000,63,89
1590416820000,66,70
1590417120000,0,0
1590417420000,0,0
1590417720000,0,0
1590418020000,0,0
1590418320000,74,38
1590418620000,72,55
1590418920000,69,56
1590419220000,68,77
1590419520000,61,107
1590419820000,61,102
1590420120000,62,100
1590420420000,61,98
1590420720000,63,102
1590421020000,62,123
1590421320000,62,111
1590421620000,66,79
1590421920000,0,0
1590422220000,0,0
1590422520000,68,75
1590422820000,0,0
1590476550000,73,28
1590476850000,73,29
1590477150000,71,39
1590477450000,69,60
1590477750000,65,65
1590478050000,65,71
1590478350000,66,65
1590478650000,65,63
1590478950000,69,54
1590479250000,67,62
1590479550000,65,64
1590479850000,67,71
1590480150000,69,67
1590480450000,64,95
1590480750000,68,80
1590481050000,72,45
1590481350000,72,49
1590481650000,78,21
1590481950000,73,33
1590482250000,69,49
1590482550000,68,56
1590482850000,65,79
1590483150000,66,84
1590483450000,68,49
1590483750000,66,68
1590484050000,61,122
1590484350000,65,77
1590484650000,66,66
1590484950000,61,106
1590485250000,60,105
1590485550000,63,88
1590485850000,62,90
1590486150000,59,111
1590486450000,63,90
1590486750000,76,38
1590487050000,66,80
1590487350000,65,69
1590487650000,66,79
1590487950000,66,82
1590488250000,63,81
1590488550000,62,87
1590488850000,61,92
1590489150000,60,107
1590489450000,61,97
1590489750000,65,98
1590490050000,61,92
1590490350000,62,69
1590490650000,61,110
1590490950000,62,74
1590491250000,62,66
1590491550000,63,64
1590491850000,63,69
1590492150000,63,72
1590492450000,63,63
1590492750000,62,70
1590493050000,61,102
1590493350000,58,130
1590493650000,64,105
1590493950000,64,89
1590494250000,62,98
1590494550000,61,105
1590494850000,63,97
1590495150000,63,110
1590495450000,0,0
1590495750000,65,77
1590496050000,67,55
1590496350000,64,63
1590496650000,62,94
1590496950000,56,157
1590497250000,58,145
1590497550000,59,138
1590497850000,57,131
1590498150000,57,125
1590498450000,61,98
1590498750000,61,82
1590499050000,63,92
1590499350000,65,83
1590499650000,71,54
1590499950000,78,21
1590500250000,74,37
1590500550000,69,65
1590500850000,69,57
1590501150000,67,83
1590501450000,68,62
1590501750000,68,45
1590502050000,68,46
1590502350000,65,66
1590502650000,66,47
1590502950000,60,121
1590503250000,65,78
1590503550000,68,64
1590503850000,69,59
1590504150000,75,31
1590504450000,73,46
1590504750000,75,35
1590505050000,72,44
1590505350000,76,32
1590505650000,74,37
1590505950000,66,65
1590506250000,62,111
1590506550000,59,113
1590506850000,72,69
1590507150000,76,40
1590507450000,74,45
1590507750000,74,45
1590508050000,72,42
1590508350000,70,45
1590508650000,75,39
1590508950000,79,25
1590509250000,0,0
1590564212000,0,0
1590564512000,72,48
1590564812000,72,46
1590565112000,69,52
1590565412000,69,51
1590565712000,69,50
1590566012000,69,59
1590566312000,67,59
1590566612000,68,57
1590566912000,65,75
1590567212000,68,62
1590567512000,62,95
1590567812000,68,86
1590568112000,72,45
1590568412000,71,50
1590568712000,67,53
1590569012000,61,93
1590569312000,62,78
1590569612000,62,89
1590569912000,62,101
1590570212000,60,91
1590570512000,62,111
1590570812000,62,119
1590571112000,66,73
1590571412000,67,54
1590571712000,67,50
1590572012000,66,48
1590572312000,66,54
1590572612000,66,72
1590572912000,67,58
1590573212000,68,51
1590573512000,68,49
1590573812000,76,28
1590574112000,79,20
1590574412000,84,13
1590574712000,77,22
1590575012000,76,29
1590575312000,71,49
1590575612000,65,86
1590575912000,65,63
1590576212000,65,76
1590576512000,65,67
1590576812000,65,66
1590577112000,64,70
1590577412000,61,89
1590577712000,62,83
1590578012000,61,92
1590578312000,61,86
1590578612000,67,76
1590578912000,64,80
1590579212000,62,88
1590579512000,62,97
1590579812000,66,72
1590580112000,73,31
1590580412000,72,44
1590580712000,68,69
1590581012000,63,88
1590581312000,64,84
1590581612000,63,68
1590581912000,64,74
1590582212000,62,89
1590582512000,63,75
1590582812000,60,111
1590583112000,61,99
1590583412000,61,79
1590583712000,0,0
1590584012000,0,0
1590584312000,0,0
1590584612000,59,116
1590584912000,64,86
1590585212000,70,54
1590585512000,71,57
1590585812000,0,0
1590586112000,70,62
1590586412000,0,0
1590586712000,0,0
1590587012000,0,0
1590587312000,0,0
1590587612000,66,59
1590587912000,65,73
1590588212000,66,78
1590588512000,65,72
1590588812000,65,73
1590589112000,0,0
1590589412000,65,71
1590589712000,70,56
1590590012000,74,31
1590590312000,71,37
1590590612000,68,72
1590590912000,67,59
1590591212000,65,73
1590591512000,66,67
1590591812000,65,67
1590592112000,61,96
1590592412000,64,78
1590592712000,68,65
1590593012000,70,63
1590650553000,72,46
1590650853000,69,59
1590651153000,68,60
1590651453000,68,60
1590651753000,67,63
1590652053000,68,66
1590652353000,67,69
1590652653000,69,66
1590652953000,64,87
1590653253000,63,92
1590653553000,69,73
1590653853000,66,87
1590654153000,66,82
1590654453000,65,86
1590654753000,68,70
1590655053000,68,54
1590655353000,67,53
1590655653000,64,70
1590655953000,67,95
1590656253000,64,78
1590656553000,65,64
1590656853000,66,55
1590657153000,65,73
1590657453000,66,56
1590657753000,68,52
1590658053000,68,55
1590658353000,68,58
1590658653000,75,40
1590658953000,82,16
1590659253000,76,37
1590659553000,75,30
1590659853000,75,31
1590660153000,73,35
1590660453000,74,46
1590660753000,65,70
1590661053000,64,85
1590661353000,65,89
1590661653000,67,79
1590661953000,65,76
1590662253000,64,86
1590662553000,63,103
1590662853000,63,81
1590663153000,64,73
1590663453000,62,94
1590663753000,66,94
1590664053000,70,58
1590664353000,71,48
1590664653000,72,44
1590664953000,68,78
1590665253000,69,57
1590665553000,70,48
1590665853000,70,37
1590666153000,70,38
1590666453000,67,97
1590666753000,64,103
1590667053000,62,104
1590667353000,65,93
1590667653000,66,67
1590667953000,73,54
1590668253000,0,0
1590668553000,0,0
1590668853000,73,25
1590669153000,72,31
1590669453000,69,39
1590669753000,69,60
1590670053000,65,73
1590670353000,66,84
1590670653000,69,64
1590670953000,70,46
1590671253000,71,79
1590671553000,76,19
1590671853000,70,54
1590672153000,69,57
1590672453000,73,39
1590672753000,72,38
1590673053000,73,51
1590673353000,63,98
1590673653000,63,93
1590673953000,62,102
1590674253000,66,74
1590674553000,68,49
1590674853000,67,61
1590675153000,70,59
1590675453000,74,42
1590675753000,75,27
1590676053000,71,51
1590676353000,70,57
1590676653000,72,41
1590676953000,64,103
1590677253000,64,92
1590677553000,66,80
1590677853000,70,56
1590678153000,71,46
1590678453000,63,109
1590678753000,65,85
1590679053000,69,55
1590679353000,71,46
1590679653000,75,40
1590679953000,71,53
1590680253000,70,52
1590680553000,67,90
1590680853000,70,63
1590681153000,74,32
1590681453000,69,64
1590681753000,68,75
1590682053000,72,47
1590682353000,70,56
1590682653000,70,60
1590682953000,71,66
1590683253000,0,0
1590736107000,73,50
1590736407000,0,0
1590736707000,0,0
1590737007000,75,41
1590737307000,78,25
1590737607000,74,36
1590737907000,70,58
1590738207000,69,54
1590738507000,72,44
1590738807000,71,37
1590739107000,70,57
1590739407000,65,71
1590739707000,65,69
1590740007000,65,65
1590740307000,63,79
1590740607000,65,95
1590740907000,68,63
1590741207000,75,32
1590741507000,74,39
1590741807000,72,37
1590742107000,70,42
1590742407000,72,52
1590742707000,65,87
1590743007000,67,54
1590743307000,67,55
1590743607000,67,62
1590743907000,65,73
1590744207000,67,63
1590744507000,65,79
1590744807000,66,84
1590745107000,66,92
1590745407000,63,99
1590745707000,63,109
1590746007000,65,96
1590746307000,68,61
1590746607000,70,45
1590746907000,74,41
1590747207000,81,16
1590747507000,78,25
1590747807000,78,22
1590748107000,75,31
1590748407000,74,38
1590748707000,75,39
1590749007000,68,80
1590749307000,66,81
1590749607000,64,111
1590749907000,65,95
1590750207000,64,89
1590750507000,66,77
1590750807000,64,83
1590751107000,65,93
1590751407000,66,110
1590751707000,65,92
1590752007000,64,86
1590752307000,61,115
1590752607000,64,90
1590752907000,69,43
1590753207000,70,37
1590753507000,69,43
1590753807000,64,107
1590754107000,62,100
1590754407000,70,47
1590754707000,71,47
1590755007000,74,29
1590755307000,67,67
1590755607000,65,89
1590755907000,66,75
1590756207000,66,86
1590756507000,65,93
1590756807000,64,93
1590757107000,65,75
1590757407000,64,80
1590757707000,62,99
1590758007000,64,91
1590758307000,65,72
1590758607000,66,66
1590758907000,68,54
1590759207000,65,96
1590759507000,69,59
1590759807000,71,64
1590760107000,70,40
1590760407000,69,56
1590760707000,63,111
1590761007000,62,117
1590761307000,62,96
1590761607000,63,101
1590761907000,63,90
1590762207000,63,81
1590762507000,0,0
1590762807000,0,0
1590763107000,0,0
1590763407000,0,0
1590763707000,0,0
1590764007000,0,0
1590764307000,64,92
1590764607000,64,101
1590764907000,70,61
1590765207000,73,51
1590765507000,0,0
1590765807000,0,0
1590766107000,0,0
1590766407000,0,0
1590766707000,0,0
1590767007000,0,0
1590767307000,0,0
1590767607000,0,0
1590767907000,71,52
1590768207000,71,57
1590768507000,71,59
1590768807000,0,0
1590769107000,0,0
1590825272000,82,20
1590825572000,76,27
1590825872000,84,27
1590826172000,81,31
1590826472000,79,29
1590826772000,78,29
1590827072000,71,52
1590827372000,66,57
1590827672000,68,42
1590827972000,68,48
1590828272000,69,37
1590828572000,68,80
1590828872000,68,52
1590829172000,68,66
1590829472000,67,70
1590829772000,63,102
1590830072000,64,84
1590830372000,64,81
1590830672000,63,92
1590830972000,66,94
1590831272000,72,39
1590831572000,77,19
1590831872000,74,39
1590832172000,70,46
1590832472000,65,76
1590832772000,63,97
1590833072000,0,0
1590833372000,65,67
1590833672000,64,70
1590833972000,66,58
1590834272000,65,86
1590834572000,64,77
1590834872000,64,85
1590835172000,66,86
1590835472000,67,60
1590835772000,68,51
1590836072000,68,57
1590836372000,69,53
1590836672000,77,24
1590836972000,70,63
1590837272000,72,33
1590837572000,70,62
1590837872000,68,53
1590838172000,69,49
1590838472000,0,0
1590838772000,65,58
1590839072000,67,64
1590839372000,66,70
1590839672000,68,51
1590839972000,68,47
1590840272000,68,49
1590840572000,67,63
1590840872000,62,93
1590841172000,62,101
1590841472000,61,97
1590841772000,67,51
1590842072000,72,41
1590842372000,77,18
1590842672000,0,0
1590842972000,0,0
1590843272000,0,0
1590843572000,0,0
1590843872000,0,0
1590844172000,63,81
1590844472000,65,66
1590844772000,62,82
1590845072000,63,82
1590845372000,60,111
1590845672000,60,102
1590845972000,62,103
1590846272000,61,110
1590846572000,66,71
1590846872000,67,63
1590847172000,69,50
1590847472000,73,42
1590847772000,70,46
1590848072000,71,43
1590848372000,71,43
1590848672000,67,66
1590848972000,67,52
1590849272000,61,108
1590849572000,58,110
1590849872000,61,107
1590850172000,62,89
1590850472000,63,83
1590850772000,69,74
1590851072000,69,64
1590851372000,69,58
1590851672000,74,35
1590851972000,73,38
1590852272000,81,19
1590852572000,73,48
1590852872000,71,61
1590853172000,65,92
1590853472000,63,98
1590853772000,66,75
1590854072000,65,67
1590854372000,69,62
1590854672000,77,34
1590854972000,74,41
1590855272000,73,47
1590855572000,72,58
1590855872000,73,40
1590856172000,74,39
1590856472000,76,33
1590856772000,74,37
1590857072000,68,80
1590857372000,0,0
1590909810000,0,0
1590910110000,86,23
1590910410000,83,28
1590910710000,86,26
1590911010000,85,20
1590911310000,83,26
1590911610000,85,23
1590911910000,78,32
1590912210000,80,42
1590912510000,80,33
1590912810000,77,38
1590913110000,80,36
1590913410000,73,36
1590913710000,70,49
1590914010000,69,57
1590914310000,70,52
1590914610000,67,67
1590914910000,68,51
1590915210000,67,62
1590915510000,67,76
1590915810000,65,68
1590916110000,65,65
1590916410000,66,89
1590916710000,64,100
1590917010000,68,88
1590917310000,75,34
1590917610000,73,58
1590917910000,69,59
1590918210000,67,59
1590918510000,63,99
1590918810000,63,96
1590919110000,62,93
1590919410000,63,87
1590919710000,62,98
1590920010000,63,96
1590920310000,62,103
1590920610000,63,90
1590920910000,63,97
1590921210000,74,39
1590921510000,80,32
1590921810000,78,20
1590922110000,78,18
1590922410000,76,30
1590922710000,74,39
1590923010000,75,33
1590923310000,64,101
1590923610000,63,85
1590923910000,65,86
1590924210000,61,124
1590924510000,60,121
1590924810000,61,123
1590925110000,59,130
1590925410000,61,120
1590925710000,62,114
1590926010000,65,97
1590926310000,66,74
1590926610000,68,59
1590926910000,72,38
1590927210000,72,45
1590927510000,67,68
1590927810000,67,70
1590928110000,67,51
1590928410000,67,56
1590928710000,65,63
1590929010000,66,66
1590929310000,66,59
1590929610000,66,64
1590929910000,65,76
1590930210000,64,80
1590930510000,64,76
1590930810000,63,80
1590931110000,59,126
1590931410000,65,87
1590931710000,71,49
1590932010000,66,80
1590932310000,68,67
1590932610000,68,75
1590932910000,66,70
1590933210000,65,87
1590933510000,65,79
1590933810000,63,83
1590934110000,64,72
1590934410000,64,70
1590934710000,64,75
1590935010000,64,73
1590935310000,64,80
1590935610000,68,62
1590935910000,67,91
1590936210000,66,65
1590936510000,69,66
1590936810000,65,88
1590937110000,63,113
1590937410000,63,99
1590937710000,62,90
1590938010000,64,85
1590938310000,60,120
1590938610000,61,108
1590938910000,62,105
1590939210000,63,105
1590939510000,62,117
1590939810000,63,111
1590940110000,73,57
1590940410000,66,86
1590940710000,66,87
1590941010000,61,118
1590941310000,63,113
1590941610000,64,103
1590941910000,66,99
1590942210000,74,41
1590942510000,66,103
1590942810000,65,113
1590943110000,0,0
1590996332000,0,0
1590996632000,79,21
1590996932000,75,36
1590997232000,74,33
1590997532000,76,29
1590997832000,76,29
1590998132000,75,46
1590998432000,68,63
1590998732000,70,40
1590999032000,71,38
1590999332000,72,50
1590999632000,72,54
1590999932000,75,42
1591000232000,78,28
1591000532000,74,45
1591000832000,69,54
1591001132000,68,56
1591001432000,70,56
1591001732000,70,47
1591002032000,70,48
1591002332000,71,51
1591002632000,71,60
1591002932000,70,46
1591003232000,68,64
1591003532000,62,94
1591003832000,63,87
1591004132000,72,50
1591004432000,72,47
1591004732000,82,15
1591005032000,79,25
1591005332000,81,16
1591005632000,82,18
1591005932000,85,15
1591006232000,81,18
1591006532000,83,18
1591006832000,77,42
1591007132000,72,45
1591007432000,71,42
1591007732000,69,53
1591008032000,68,51
1591008332000,68,51
1591008632000,67,72
1591008932000,66,57
1591009232000,68,60
1591009532000,70,53
1591009832000,67,60
1591010132000,66,75
1591010432000,64,79
1591010732000,70,43
1591011032000,69,43
1591011332000,73,42
1591011632000,71,55
1591011932000,69,58
1591012232000,71,50
1591012532000,74,37
1591012832000,73,38
1591013132000,73,48
1591013432000,70,46
1591013732000,72,31
1591014032000,70,45
1591014332000,71,32
1591014632000,70,41
1591014932000,70,36
1591015232000,65,80
1591015532000,72,33
1591015832000,75,27
1591016132000,76,25
1591016432000,78,27
1591016732000,86,16
1591017032000,73,38
1591017332000,70,58
1591017632000,69,63
1591017932000,65,91
1591018232000,66,67
1591018532000,68,41
1591018832000,67,50
1591019132000,67,42
1591019432000,67,60
1591019732000,68,62
1591020032000,71,51
1591020332000,70,48
1591020632000,72,42
1591020932000,77,30
1591021232000,71,67
1591021532000,70,52
1591021832000,66,74
1591022132000,68,66
1591022432000,66,86
1591022732000,64,81
1591023032000,65,65
1591023332000,64,73
1591023632000,66,67
1591023932000,69,72
1591024232000,72,43
1591024532000,71,56
1591024832000,70,53
1591025132000,70,56
1591025432000,68,67
1591025732000,70,60
1591026032000,0,0
1591026332000,72,69
1591026632000,68,68
1591026932000,80,23
1591027232000,83,28
1591083687000,74,41
1591083987000,76,19
1591084287000,75,26
1591084587000,74,42
1591084887000,69,44
1591085187000,69,42
1591085487000,70,39
1591085787000,69,45
1591086087000,70,51
1591086387000,69,43
1591086687000,69,43
1591086987000,70,42
1591087287000,69,40
1591087587000,68,44
1591087887000,68,45
1591088187000,67,48
1591088487000,67,76
1591088787000,72,41
1591089087000,74,34
1591089387000,73,35
1591089687000,71,35
1591089987000,67,66
1591090287000,69,44
1591090587000,74,40
1591090887000,66,78
1591091187000,65,86
1591091487000,61,81
1591091787000,64,76
1591092087000,63,74
1591092387000,64,64
1591092687000,64,73
1591092987000,63,66
1591093287000,66,83
1591093587000,66,65
1591093887000,76,22
1591094187000,72,50
1591094487000,78,12
1591094787000,74,35
1591095087000,70,43
1591095387000,70,49
1591095687000,70,43
1591095987000,69,42
1591096287000,69,55
1591096587000,64,71
1591096887000,63,67
1591097187000,62,93
1591097487000,63,95
1591097787000,62,76
1591098087000,66,65
1591098387000,60,103
1591098687000,62,103
1591098987000,59,107
1591099287000,61,103
1591099587000,61,88
1591099887000,61,110
1591100187000,67,52
1591100487000,77,17
1591100787000,71,46
1591101087000,81,26
1591101387000,77,26
1591101687000,73,37
1591101987000,69,55
1591102287000,69,53
1591102587000,69,55
1591102887000,62,92
1591103187000,61,104
1591103487000,65,67
1591103787000,66,49
1591104087000,62,94
1591104387000,59,95
1591104687000,61,96
1591104987000,61,95
1591105287000,67,56
1591105587000,66,68
1591105887000,67,70
1591106187000,71,48
1591106487000,71,43
1591106787000,69,51
1591107087000,70,48
1591107387000,73,37
1591107687000,59,108
1591107987000,61,100
1591108287000,65,73
1591108587000,64,71
1591108887000,68,50
1591109187000,71,53
1591109487000,69,48
1591109787000,72,46
1591110087000,71,38
1591110387000,68,61
1591110687000,67,66
1591110987000,66,49
1591111287000,66,39
1591111587000,66,41
1591111887000,67,49
1591112187000,66,54
1591112487000,67,53
1591112787000,68,64
1591113087000,60,107
1591113387000,63,105
1591113687000,65,86
1591113987000,68,76
1591114287000,64,84
1591114587000,73,49
1591114887000,0,0
1591115187000,0,0
1591172609000,85,19
1591172909000,78,28
1591173209000,77,30
1591173509000,76,32
1591173809000,78,23
1591174109000,77,27
1591174409000,73,45
1591174709000,66,74
1591175009000,65,60
1591175309000,65,61
1591175609000,65,65
1591175909000,65,63
1591176209000,65,69
1591176509000,68,67
1591176809000,70,55
1591177109000,73,40
1591177409000,71,45
1591177709000,67,65
1591178009000,63,68
1591178309000,66,53
1591178609000,63,94
1591178909000,64,113
1591179209000,65,57
1591179509000,67,47
1591179809000,65,93
1591180109000,64,118
1591180409000,64,78
1591180709000,67,61
1591181009000,67,81
1591181309000,74,44
1591181609000,73,44
1591181909000,74,46
1591182209000,76,43
1591182509000,70,49
1591182809000,67,69
1591183109000,67,57
1591183409000,67,69
1591183709000,66,73
1591184009000,60,121
1591184309000,58,116
1591184609000,59,121
1591184909000,60,108
1591185209000,61,88
1591185509000,61,102
1591185809000,60,115
1591186109000,59,131
1591186409000,62,96
1591186709000,60,138
1591187009000,59,128
1591187309000,60,107
1591187609000,65,57
1591187909000,66,55
1591188209000,61,125
1591188509000,58,127
1591188809000,55,123
1591189109000,58,117
1591189409000,58,120
1591189709000,58,141
1591190009000,57,136
1591190309000,59,137
1591190609000,59,121
1591190909000,60,113
1591191209000,67,63
1591191509000,65,80
1591191809000,67,70
1591192109000,67,74
1591192409000,60,130
1591192709000,65,88
1591193009000,64,74
1591193309000,65,56
1591193609000,65,53
1591193909000,61,121
1591194209000,59,136
1591194509000,62,122
1591194809000,69,77
1591195109000,64,115
1591195409000,62,124
1591195709000,63,129
1591196009000,61,137
1591196309000,73,56
1591196609000,71,49
1591196909000,67,76
1591197209000,65,83
1591197509000,58,146
1591197809000,62,119
1591198109000,61,82
1591198409000,61,136
1591198709000,61,144
1591199009000,72,50
1591199309000,72,52
1591199609000,71,50
1591199909000,70,44
1591200209000,69,52
1591200509000,0,0
1591200809000,67,64
1591201109000,0,0
1591201409000,70,75
1591201709000,65,99
1591202009000,68,103
1591202309000,0,0
1591202609000,0,0
1591255409000,68,101
1591255709000,72,68
1591256009000,72,43
1591256309000,71,52
1591256609000,71,48
1591256909000,66,88
1591257209000,64,105
1591257509000,64,92
1591257809000,63,99
1591258109000,64,104
1591258409000,65,85
1591258709000,65,75
1591259009000,63,90
1591259309000,62,85
1591259609000,62,88
1591259909000,63,96
1591260209000,62,106
1591260509000,67,87
1591260809000,66,92
1591261109000,66,71
1591261409000,65,76
1591261709000,63,112
1591262009000,64,83
1591262309000,66,78
1591262609000,65,80
1591262909000,64,104
1591263209000,57,140
1591263509000,57,136
1591263809000,59,120
1591264109000,61,133
1591264409000,59,144
1591264709000,66,105
1591265009000,73,54
1591265309000,69,64
1591265609000,67,96
1591265909000,60,129
1591266209000,63,102
1591266509000,67,74
1591266809000,65,69
1591267109000,60,112
1591267409000,55,126
1591267709000,56,132
1591268009000,56,141
1591268309000,54,159
1591268609000,54,164
1591268909000,54,172
1591269209000,54,150
1591269509000,56,132
1591269809000,57,120
1591270109000,57,125
1591270409000,60,122
1591270709000,58,124
1591271009000,63,85
1591271309000,60,133
1591271609000,58,140
1591271909000,59,118
1591272209000,58,128
1591272509000,59,109
1591272809000,57,154
1591273109000,57,153
1591273409000,56,135
1591273709000,0,0
1591274009000,55,168
1591274309000,56,130
1591274609000,57,135
1591274909000,56,137
1591275209000,56,137
1591275509000,57,135
1591275809000,60,114
1591276109000,61,111
1591276409000,57,131
1591276709000,59,131
1591277009000,66,80
1591277309000,59,146
1591277609000,58,140
1591277909000,56,147
1591278209000,0,0
1591278509000,59,72
1591278809000,61,75
1591279109000,0,0
1591279409000,72,56
1591279709000,0,0
1591280009000,68,77
1591280309000,69,63
1591280609000,68,62
1591280909000,0,0
1591281209000,0,0
1591281509000,0,0
1591281809000,57,151
1591282109000,58,151
1591282409000,58,157
1591282709000,58,142
1591283009000,58,127
1591283309000,60,150
1591283609000,60,140
1591283909000,0,0
1591341780000,0,0
1591342080000,0,0
1591342380000,0,0
1591342680000,0,0
1591342980000,73,41
1591343280000,71,48
1591343580000,65,78
1591343880000,64,82
1591344180000,62,93
1591344480000,63,88
1591344780000,61,90
1591345080000,61,81
1591345380000,63,77
1591345680000,63,66
1591345980000,62,80
1591346280000,61,110
1591346580000,65,88
1591346880000,66,76
1591347180000,66,74
1591347480000,63,91
1591347780000,64,78
1591348080000,59,108
1591348380000,60,100
1591348680000,59,102
1591348980000,59,106
1591349280000,58,112
1591349580000,58,119
1591349880000,58,112
1591350180000,57,112
1591350480000,58,112
1591350780000,56,140
1591351080000,56,160
1591351380000,56,152
1591351680000,58,152
1591351980000,58,122
1591352280000,66,74
1591352580000,71,29
1591352880000,63,120
1591353180000,61,113
1591353480000,60,128
1591353780000,58,124
1591354080000,58,112
1591354380000,57,120
1591354680000,56,117
1591354980000,57,132
1591355280000,56,144
1591355580000,58,138
1591355880000,56,122
1591356180000,57,119
1591356480000,56,135
1591356780000,56,125
1591357080000,57,126
1591357380000,56,137
1591357680000,61,119
1591357980000,64,93
1591358280000,64,110
1591358580000,64,87
1591358880000,63,100
1591359180000,59,113
1591359480000,60,136
1591359780000,67,69
1591360080000,62,104
1591360380000,73,53
1591360680000,66,63
1591360980000,67,59
1591361280000,69,60
1591361580000,64,112
1591361880000,57,137
1591362180000,59,106
1591362480000,60,115
1591362780000,55,128
1591363080000,56,140
1591363380000,59,117
1591363680000,61,124
1591363980000,59,123
1591364280000,62,108
1591364580000,62,126
1591364880000,63,113
1591365180000,63,109
1591365480000,68,51
1591365780000,64,102
1591366080000,63,93
1591366380000,63,96
1591366680000,63,88
1591366980000,59,118
1591367280000,57,127
1591367580000,60,116
1591367880000,61,103
1591368180000,60,103
1591368480000,60,114
1591368780000,61,101
1591369080000,59,124
1591369380000,63,100
1591369680000,66,74
1591369980000,70,58
1591370280000,64,95
1591370580000,64,91
1591370880000,64,82
1591371180000,66,62
1591371480000,65,58
1591371780000,62,100
1591372080000,61,118
1591372380000,60,119
1591372680000,61,129
1591372980000,68,62
1591373280000,71,47
1591373580000,0,0
1591373880000,72,89
1591374180000,73,66
1591374480000,68,76
1591374780000,66,108
1591375080000,67,93
1591375380000,66,92
1591375680000,65,107
1591375980000,64,107
1591376280000,0,0
1591431361000,75,38
1591431661000,0,0
1591431961000,70,66
1591432261000,74,42
1591432561000,71,41
1591432861000,69,51
1591433161000,66,67
1591433461000,67,60
1591433761000,71,35
1591434061000,72,35
1591434361000,71,44
1591434661000,61,75
1591434961000,63,61
1591435261000,63,89
1591435561000,59,109
1591435861000,58,118
1591436161000,57,126
1591436461000,57,125
1591436761000,61,107
1591437061000,66,58
1591437361000,70,28
1591437661000,65,100
1591437961000,65,65
1591438261000,63,63
1591438561000,63,62
1591438861000,63,63
1591439161000,63,78
1591439461000,61,115
1591439761000,58,119
1591440061000,59,125
1591440361000,59,120
1591440661000,59,123
1591440961000,58,111
1591441261000,58,108
1591441561000,59,91
1591441861000,60,103
1591442161000,62,83
1591442461000,62,62
1591442761000,61,73
1591443061000,62,98
1591443361000,62,81
1591443661000,60,113
1591443961000,66,65
1591444261000,74,15
1591444561000,72,43
1591444861000,71,20
1591445161000,69,43
1591445461000,67,80
1591445761000,67,78
1591446061000,65,85
1591446361000,67,78
1591446661000,64,66
1591446961000,63,64
1591447261000,61,85
1591447561000,61,96
1591447861000,64,99
1591448161000,61,113
1591448461000,61,98
1591448761000,66,52
1591449061000,66,51
1591449361000,65,56
1591449661000,58,125
1591449961000,63,77
1591450261000,65,83
1591450561000,67,64
1591450861000,63,113
1591451161000,61,112
1591451461000,65,70
1591451761000,62,111
1591452061000,64,81
1591452361000,64,85
1591452661000,61,91
1591452961000,62,87
1591453261000,61,106
1591453561000,62,80
1591453861000,60,116
1591454161000,59,132
1591454461000,59,117
1591454761000,63,103
1591455061000,66,76
1591455361000,65,83
1591455661000,64,108
1591455961000,62,118
1591456261000,63,111
1591456561000,62,110
1591456861000,64,84
1591457161000,64,72
1591457461000,65,81
1591457761000,58,138
1591458061000,65,97
1591458361000,61,108
1591458661000,61,119
1591458961000,65,109
1591459261000,0,0
1591459561000,0,0
1591459861000,0,0
1591460161000,67,89
1591460461000,0,0
1591460761000,67,81
1591461061000,74,48
1591461361000,72,51
1591461661000,72,54
1591461961000,73,48
1591462261000,71,64
1591462561000,70,66
1591513561000,0,0
1591513861000,0,0
1591514161000,0,0
1591514461000,0,0
1591514761000,73,36
1591515061000,71,38
1591515361000,68,50
1591515661000,66,47
1591515961000,66,54
1591516261000,64,58
1591516561000,65,50
1591516861000,65,69
1591517161000,65,62
1591517461000,64,60
1591517761000,65,57
1591518061000,64,65
1591518361000,64,70
1591518661000,64,78
1591518961000,63,73
1591519261000,67,53
1591519561000,66,61
1591519861000,62,94
1591520161000,62,70
1591520461000,63,79
1591520761000,60,85
1591521061000,62,79
1591521361000,60,74
1591521661000,60,64
1591521961000,61,68
1591522261000,61,81
1591522561000,60,97
1591522861000,60,91
1591523161000,65,55
1591523461000,69,53
1591523761000,73,35
1591524061000,65,63
1591524361000,65,62
1591524661000,65,59
1591524961000,64,87
1591525261000,63,73
1591525561000,62,74
1591525861000,60,81
1591526161000,60,70
1591526461000,59,83
1591526761000,59,91
1591527061000,58,102
1591527361000,57,107
1591527661000,58,107
1591527961000,60,91
1591528261000,63,79
1591528561000,65,52
1591528861000,66,56
1591529161000,70,42
1591529461000,68,46
1591529761000,68,42
1591530061000,63,91
1591530361000,60,83
1591530661000,61,92
1591530961000,60,113
1591531261000,60,97
1591531561000,60,86
1591531861000,60,118
1591532161000,59,103
1591532461000,59,99
1591532761000,60,100
1591533061000,62,87
1591533361000,68,49
1591533661000,64,68
1591533961000,65,51
1591534261000,64,64
1591534561000,66,58
1591534861000,66,58
1591535161000,65,58
1591535461000,61,109
1591535761000,61,81
1591536061000,61,84
1591536361000,59,107
1591536661000,59,101
1591536961000,54,126
1591537261000,57,103
1591537561000,63,72
1591537861000,63,55
1591538161000,64,52
1591538461000,68,58
1591538761000,69,55
1591539061000,70,55
1591539361000,0,0
1591539661000,64,67
1591539961000,66,66
1591540261000,66,55
1591540561000,58,129
1591540861000,0,0
1591541161000,60,92
1591541461000,59,94
1591541761000,61,82
1591542061000,64,73
1591542361000,65,57
1591542661000,63,70
1591542961000,64,75
1591543261000,66,58
1591543561000,60,103
1591543861000,61,89
1591544161000,63,91
1591544461000,63,80
1591544761000,62,86
1591545061000,60,108
1591545361000,63,76
1591545661000,63,73
1591545961000,62,63
1591546261000,58,99
1591546561000,58,112
1591546861000,61,85
1591547161000,64,96
1591547461000,67,80
1591547761000,68,70
1591548061000,70,55
1591548361000,71,51
1591548661000,71,50
1591548961000,72,51
1591549261000,0,0
1591601879000,0,0
1591602179000,0,0
1591602479000,77,33
1591602779000,71,42
1591603079000,67,63
1591603379000,64,81
1591603679000,63,83
1591603979000,63,81
1591604279000,58,89
1591604579000,58,93
1591604879000,59,92
1591605179000,59,82
1591605479000,58,133
1591605779000,55,130
1591606079000,57,119
1591606379000,62,93
1591606679000,66,73
1591606979000,65,92
1591607279000,61,108
1591607579000,61,73
1591607879000,61,87
1591608179000,59,92
1591608479000,59,97
1591608779000,55,123
1591609079000,53,110
1591609379000,54,110
1591609679000,54,119
1591609979000,59,98
1591610279000,65,54
1591610579000,62,65
1591610879000,70,37
1591611179000,77,20
1591611479000,72,36
1591611779000,66,78
1591612079000,71,55
1591612379000,65,81
1591612679000,62,90
1591612979000,62,88
1591613279000,64,86
1591613579000,63,85
1591613879000,60,93
1591614179000,61,94
1591614479000,62,86
1591614779000,55,138
1591615079000,54,127
1591615379000,54,139
1591615679000,57,120
1591615979000,55,141
1591616279000,55,143
1591616579000,57,140
1591616879000,59,111
1591617179000,64,97
1591617479000,56,120
1591617779000,61,110
1591618079000,63,96
1591618379000,64,80
1591618679000,62,90
1591618979000,60,92
1591619279000,55,116
1591619579000,55,139
1591619879000,54,128
1591620179000,54,136
1591620479000,54,133
1591620779000,59,107
1591621079000,59,96
1591621379000,59,107
1591621679000,57,118
1591621979000,53,134
1591622279000,58,116
1591622579000,60,114
1591622879000,66,99
1591623179000,79,47
1591623479000,64,123
1591623779000,61,101
1591624079000,57,133
1591624379000,56,127
1591624679000,56,121
1591624979000,56,127
1591625279000,58,116
1591625579000,56,114
1591625879000,55,126
1591626179000,54,120
1591626479000,55,120
1591626779000,55,127
1591627079000,51,130
1591627379000,50,143
1591627679000,52,133
1591627979000,53,150
1591628279000,57,145
1591628579000,57,112
1591628879000,58,108
1591629179000,59,118
1591629479000,59,112
1591629779000,59,126
1591630079000,60,98
1591630379000,58,82
1591630679000,58,81
1591630979000,58,93
1591631279000,58,74
1591631579000,59,76
1591631879000,57,93
1591632179000,52,127
1591632479000,56,138
1591632779000,62,101
1591633079000,62,93
1591633379000,60,94
1591633679000,58,108
1591633979000,61,82
1591634279000,0,0
1591634579000,63,118
1591634879000,0,0
1591635179000,66,100
1591687441000,0,0
1591687741000,0,0
1591688041000,0,0
1591688341000,0,0
1591688641000,72,40
1591688941000,69,50
1591689241000,62,82
1591689541000,61,82
1591689841000,60,80
1591690141000,60,80
1591690441000,62,81
1591690741000,62,71
1591691041000,61,66
1591691341000,60,75
1591691641000,61,76
1591691941000,61,62
1591692241000,66,63
1591692541000,67,59
1591692841000,71,39
1591693141000,66,56
1591693441000,63,61
1591693741000,57,106
1591694041000,55,119
1591694341000,56,111
1591694641000,56,100
1591694941000,62,77
1591695241000,59,79
1591695541000,59,91
1591695841000,59,89
1591696141000,59,98
1591696441000,59,87
1591696741000,63,75
1591697041000,67,48
1591697341000,65,55
1591697641000,61,102
1591697941000,64,76
1591698241000,63,84
1591698541000,61,89
1591698841000,59,106
1591699141000,58,104
1591699441000,57,107
1591699741000,55,107
1591700041000,55,115
1591700341000,55,114
1591700641000,54,115
1591700941000,54,102
1591701241000,54,119
1591701541000,53,115
1591701841000,55,114
1591702141000,62,90
1591702441000,56,111
1591702741000,59,119
1591703041000,54,139
1591703341000,55,115
1591703641000,56,108
1591703941000,54,110
1591704241000,58,102
1591704541000,54,114
1591704841000,56,95
1591705141000,55,106
1591705441000,53,111
1591705741000,53,111
1591706041000,54,110
1591706341000,54,106
1591706641000,56,109
1591706941000,57,98
1591707241000,60,89
1591707541000,60,101
1591707841000,59,109
1591708141000,65,66
1591708441000,62,81
1591708741000,63,66
1591709041000,0,0
1591709341000,0,0
1591709641000,63,64
1591709941000,61,90
1591710241000,53,114
1591710541000,54,108
1591710841000,60,77
1591711141000,59,73
1591711441000,57,125
1591711741000,59,108
1591712041000,56,111
1591712341000,61,77
1591712641000,70,48
1591712941000,69,48
1591713241000,67,50
1591713541000,71,39
1591713841000,71,49
1591714141000,68,49
1591714441000,64,74
1591714741000,66,51
1591715041000,75,24
1591715341000,70,49
1591715641000,66,45
1591773719000,0,0
1591774019000,78,33
1591774319000,76,36
1591774619000,73,38
1591774919000,72,34
1591775219000,73,29
1591775519000,72,28
1591775819000,68,63
1591776119000,65,63
1591776419000,65,57
1591776719000,67,52
1591777019000,68,43
1591777319000,66,46
1591777619000,66,49
1591777919000,65,53
1591778219000,66,50
1591778519000,66,49
1591778819000,66,61
1591779119000,71,55
1591779419000,73,32
1591779719000,73,23
1591780019000,71,35
1591780319000,67,57
1591780619000,67,74
1591780919000,63,77
1591781219000,63,89
1591781519000,61,80
1591781819000,63,74
1591782119000,67,55
1591782419000,68,42
1591782719000,66,52
1591783019000,66,52
1591783319000,68,50
1591783619000,64,100
1591783919000,65,67
1591784219000,69,55
1591784519000,74,26
1591784819000,72,37
1591785119000,72,30
1591785419000,69,46
1591785719000,66,65
1591786019000,64,71
1591786319000,64,76
1591786619000,63,75
1591786919000,60,88
1591787219000,62,59
1591787519000,61,70
1591787819000,61,85
1591788119000,60,81
1591788419000,60,88
1591788719000,59,87
1591789019000,59,85
1591789319000,59,74
1591789619000,60,104
1591789919000,65,75
1591790219000,66,61
1591790519000,68,50
1591790819000,69,43
1591791119000,70,42
1591791419000,65,60
1591791719000,67,59
1591792019000,65,49
1591792319000,65,49
1591792619000,66,62
1591792919000,66,55
1591793219000,66,47
1591793519000,67,51
1591793819000,62,95
1591794119000,61,104
1591794419000,63,99
1591794719000,65,98
1591795019000,60,123
1591795319000,62,106
1591795619000,64,97
1591795919000,62,101
1591796219000,75,22
1591796519000,74,32
1591796819000,71,38
1591797119000,69,50
1591797419000,68,61
1591797719000,69,43
1591798019000,0,0
1591798319000,65,66
1591798619000,66,51
1591798919000,62,74
1591799219000,65,75
1591799519000,62,96
1591799819000,59,122
1591800119000,57,135
1591800419000,57,138
1591800719000,60,110
1591801019000,61,124
1591801319000,60,117
1591801619000,68,66
1591801919000,71,57
1591802219000,71,46
1591802519000,70,60
1591802819000,67,77
1591803119000,69,80
1591803419000,71,62
1591803719000,68,59
1591859462000,0,0
1591859762000,0,0
1591860062000,0,0
1591860362000,0,0
1591860662000,73,38
1591860962000,70,47
1591861262000,69,44
1591861562000,70,38
1591861862000,69,39
1591862162000,72,29
1591862462000,65,64
1591862762000,64,73
1591863062000,61,87
1591863362000,64,85
1591863662000,65,81
1591863962000,65,73
1591864262000,71,55
1591864562000,70,68
1591864862000,69,61
1591865162000,67,70
1591865462000,68,61
1591865762000,65,75
1591866062000,63,74
1591866362000,63,84
1591866662000,65,72
1591866962000,61,90
1591867262000,61,83
1591867562000,60,88
1591867862000,60,93
1591868162000,60,84
1591868462000,61,88
1591868762000,61,99
1591869062000,65,69
1591869362000,73,22
1591869662000,68,71
1591869962000,67,60
1591870262000,65,76
1591870562000,66,63
1591870862000,65,64
1591871162000,0,0
1591871462000,0,0
1591871762000,0,0
1591872062000,64,85
1591872362000,60,93
1591872662000,61,82
1591872962000,62,77
1591873262000,61,104
1591873562000,63,76
1591873862000,63,74
1591874162000,66,82
1591874462000,64,81
1591874762000,70,42
1591875062000,71,57
1591875362000,70,62
1591875662000,70,54
1591875962000,69,56
1591876262000,67,75
1591876562000,65,86
1591876862000,62,89
1591877162000,64,79
1591877462000,63,77
1591877762000,62,85
1591878062000,61,112
1591878362000,62,104
1591878662000,62,105
1591878962000,63,92
1591879262000,65,55
1591879562000,65,51
1591879862000,65,59
1591880162000,64,68
1591880462000,61,124
1591880762000,68,56
1591881062000,70,50
1591881362000,65,101
1591881662000,64,96
1591881962000,63,103
1591882262000,66,56
1591882562000,66,55
1591882862000,66,69
1591883162000,66,57
1591883462000,67,47
1591883762000,67,63
1591884062000,60,128
1591884362000,62,101
1591884662000,63,92
1591884962000,65,90
1591885262000,67,69
1591885562000,70,59
1591885862000,66,94
1591886162000,61,122
1591886462000,72,52
1591886762000,71,46
1591887062000,68,75
1591887362000,65,87
1591887662000,65,79
1591887962000,66,67
1591888262000,64,96
1591888562000,62,108
1591888862000,64,98
1591889162000,72,45
1591889462000,69,58
1591889762000,69,51
1591890062000,67,55
1591890362000,70,55
1591890662000,72,52
1591890962000,71,48
1591891262000,70,56
1591891562000,72,30
1591891862000,66,118
1591943697000,0,0
1591943997000,0,0
1591944297000,0,0
1591944597000,78,30
1591944897000,80,27
1591945197000,82,22
1591945497000,82,19
1591945797000,75,31
1591946097000,72,42
1591946397000,71,46
1591946697000,71,44
1591946997000,71,38
1591947297000,71,37
1591947597000,71,39
1591947897000,71,40
1591948197000,71,55
1591948497000,71,66
1591948797000,65,92
1591949097000,69,64
1591949397000,69,60
1591949697000,67,73
1591949997000,67,87
1591950297000,65,68
1591950597000,64,96
1591950897000,61,109
1591951197000,60,114
1591951497000,60,116
1591951797000,64,106
1591952097000,61,109
1591952397000,63,106
1591952697000,63,88
1591952997000,63,88
1591953297000,64,73
1591953597000,64,75
1591953897000,65,65
1591954197000,63,82
1591954497000,64,73
1591954797000,67,92
1591955097000,72,19
1591955397000,71,68
1591955697000,68,60
1591955997000,73,33
1591956297000,75,44
1591956597000,69,69
1591956897000,68,63
1591957197000,67,73
1591957497000,63,96
1591957797000,63,110
1591958097000,64,81
1591958397000,66,64
1591958697000,65,77
1591958997000,63,108
1591959297000,66,80
1591959597000,67,59
1591959897000,68,64
1591960197000,65,95
1591960497000,67,86
1591960797000,70,44
1591961097000,67,89
1591961397000,67,69
1591961697000,71,57
1591961997000,70,60
1591962297000,72,49
1591962597000,69,63
1591962897000,69,57
1591963197000,70,51
1591963497000,68,50
1591963797000,67,55
1591964097000,67,59
1591964397000,67,52
1591964697000,67,76
1591964997000,65,87
1591965297000,67,72
1591965597000,62,97
1591965897000,63,106
1591966197000,63,95
1591966497000,67,65
1591966797000,70,44
1591967097000,67,87
1591967397000,67,74
1591967697000,68,68
1591967997000,65,103
1591968297000,67,74
1591968597000,65,91
1591968897000,62,125
1591969197000,67,72
1591969497000,69,54
1591969797000,69,58
1591970097000,69,45
1591970397000,69,52
1591970697000,67,80
1591970997000,70,57
1591971297000,72,51
1591971597000,68,81
1591971897000,65,98
1591972197000,68,86
1591972497000,71,63
1591972797000,71,63
1591973097000,71,64
1591973397000,76,39
1591973697000,77,26
1591973997000,77,30
1591974297000,74,51
1591974597000,76,39
1591974897000,76,32
1591975197000,78,25
1591975497000,77,29
1591975797000,74,42
1591976097000,64,120
1591976397000,62,125
1591976697000,62,124
1591976997000,71,56
1591977297000,69,95
1591977597000,65,99
1592036042000,0,0
1592036342000,0,0
1592036642000,73,42
1592036942000,70,43
1592037242000,66,81
1592037542000,66,74
1592037842000,65,66
1592038142000,65,67
1592038442000,70,46
1592038742000,69,50
1592039042000,69,45
1592039342000,70,38
1592039642000,70,45
1592039942000,75,50
1592040242000,74,42
1592040542000,77,28
1592040842000,77,30
1592041142000,73,36
1592041442000,71,51
1592041742000,69,48
1592042042000,70,44
1592042342000,69,44
1592042642000,69,42
1592042942000,69,66
1592043242000,65,69
1592043542000,65,65
1592043842000,65,81
1592044142000,66,64
1592044442000,66,82
1592044742000,66,71
1592045042000,74,24
1592045342000,78,17
1592045642000,74,28
1592045942000,77,23
1592046242000,70,48
1592046542000,70,54
1592046842000,70,50
1592047142000,68,52
1592047442000,68,50
1592047742000,65,73
1592048042000,66,65
1592048342000,64,91
1592048642000,66,50
1592048942000,65,71
1592049242000,63,81
1592049542000,64,93
1592049842000,67,64
1592050142000,70,45
1592050442000,74,28
1592050742000,70,52
1592051042000,67,67
1592051342000,62,95
1592051642000,63,73
1592051942000,63,79
1592052242000,63,93
1592052542000,67,64
1592052842000,67,47
1592053142000,67,51
1592053442000,64,88
1592053742000,63,88
1592054042000,68,65
1592054342000,69,68
1592054642000,66,68
1592054942000,67,81
1592055242000,65,73
1592055542000,63,107
1592055842000,63,101
1592056142000,67,63
1592056442000,67,57
1592056742000,68,43
1592057042000,68,51
1592057342000,69,50
1592057642000,63,103
1592057942000,65,103
1592058242000,71,49
1592058542000,66,84
1592058842000,65,91
1592059142000,71,56
1592059442000,70,50
1592059742000,71,51
1592060042000,71,61
1592060342000,65,83
1592060642000,68,66
1592060942000,67,76
1592061242000,68,74
1592061542000,64,79
1592061842000,65,78
1592062142000,67,69
1592062442000,69,66
1592062742000,74,42
1592063042000,64,112
1592063342000,73,36
1592063642000,72,45
1592063942000,65,86
1592064242000,63,91
1592064542000,65,93
1592064842000,64,101
1592065142000,70,66
1592065442000,70,65
1592065742000,67,69
1592066042000,67,90
1592066342000,63,107
1592066642000,67,79
1592066942000,67,80
1592067242000,69,70
1592120486000,73,47
1592120786000,74,41
1592121086000,72,48
1592121386000,69,65
1592121686000,66,74
1592121986000,66,64
1592122286000,67,57
1592122586000,67,55
1592122886000,67,71
1592123186000,66,60
1592123486000,66,61
1592123786000,64,103
1592124086000,61,107
1592124386000,61,105
1592124686000,60,115
1592124986000,63,101
1592125286000,62,96
1592125586000,68,66
1592125886000,69,66
1592126186000,67,79
1592126486000,65,69
1592126786000,65,66
1592127086000,67,62
1592127386000,63,80
1592127686000,60,110
1592127986000,66,59
1592128286000,68,61
1592128586000,65,69
1592128886000,65,66
1592129186000,70,52
1592129486000,73,39
1592129786000,76,29
1592130086000,80,26
1592130386000,80,30
1592130686000,75,43
1592130986000,74,34
1592131286000,70,61
1592131586000,65,88
1592131886000,76,57
1592132186000,69,48
1592132486000,68,58
1592132786000,67,67
1592133086000,67,58
1592133386000,67,62
1592133686000,68,63
1592133986000,69,72
1592134286000,69,52
1592134586000,66,56
1592134886000,66,69
1592135186000,65,64
1592135486000,66,42
1592135786000,65,74
1592136086000,74,57
1592136386000,64,71
1592136686000,62,77
1592136986000,62,100
1592137286000,61,100
1592137586000,63,89
1592137886000,64,93
1592138186000,69,74
1592138486000,75,33
1592138786000,78,27
1592139086000,69,75
1592139386000,69,64
1592139686000,68,76
1592139986000,66,67
1592140286000,68,53
1592140586000,65,80
1592140886000,63,79
1592141186000,63,83
1592141486000,62,103
1592141786000,64,79
1592142086000,64,90
1592142386000,62,111
1592142686000,0,0
1592142986000,0,0
1592143286000,61,135
1592143586000,65,86
1592143886000,63,94
1592144186000,63,107
1592144486000,63,106
1592144786000,60,130
1592145086000,62,119
1592145386000,61,136
1592145686000,67,97
1592145986000,64,99
1592146286000,63,106
1592146586000,64,90
1592146886000,61,107
1592147186000,0,0
1592147486000,0,0
1592147786000,0,0
1592148086000,67,80
1592148386000,65,84
1592148686000,66,82
1592148986000,66,79
1592149286000,62,98
1592149586000,64,85
1592149886000,76,37
1592150186000,72,56
1592150486000,68,80
1592150786000,64,93
1592151086000,63,100
1592151386000,65,77
1592151686000,61,97
1592151986000,0,0
1592205991000,0,0
1592206291000,0,0
1592206591000,83,21
1592206891000,83,19
1592207191000,0,0
1592207491000,82,23
1592207791000,81,25
1592208091000,82,21
1592208391000,83,17
1592208691000,76,37
1592208991000,69,53
1592209291000,69,51
1592209591000,70,50
1592209891000,72,43
1592210191000,71,39
1592210491000,73,34
1592210791000,72,44
1592211091000,68,61
1592211391000,69,54
1592211691000,68,59
1592211991000,68,61
1592212291000,68,58
1592212591000,67,63
1592212891000,68,57
1592213191000,71,65
1592213491000,79,16
1592213791000,74,25
1592214091000,70,52
1592214391000,73,39
1592214691000,76,30
1592214991000,72,55
1592215291000,72,45
1592215591000,72,41
1592215891000,72,34
1592216191000,69,62
1592216491000,67,65
1592216791000,68,64
1592217091000,67,62
1592217391000,71,45
1592217691000,74,45
1592217991000,77,39
1592218291000,72,49
1592218591000,79,26
1592218891000,74,52
1592219191000,74,42
1592219491000,73,56
1592219791000,73,45
1592220091000,70,60
1592220391000,69,51
1592220691000,68,69
1592220991000,68,61
1592221291000,69,53
1592221591000,65,90
1592221891000,67,61
1592222191000,66,68
1592222491000,68,69
1592222791000,67,64
1592223091000,65,92
1592223391000,66,81
1592223691000,68,57
1592223991000,68,82
1592224291000,67,79
1592224591000,68,75
1592224891000,65,86
1592225191000,68,65
1592225491000,66,81
1592225791000,67,67
1592226091000,62,84
1592226391000,66,65
1592226691000,65,75
1592226991000,66,70
1592227291000,66,80
1592227591000,68,65
1592227891000,68,52
1592228191000,67,55
1592228491000,68,58
1592228791000,64,90
1592229091000,69,61
1592229391000,66,78
1592229691000,69,68
1592229991000,66,82
1592230291000,68,62
1592230591000,73,41
1592230891000,70,54
1592231191000,68,75
1592231491000,67,78
1592231791000,70,55
1592232091000,68,48
1592232391000,67,47
1592232691000,68,88
1592232991000,67,70
1592233291000,67,61
1592233591000,70,65
1592233891000,68,66
1592234191000,72,54
1592234491000,75,37
1592234791000,78,24
1592235091000,74,46
1592235391000,78,42
1592235691000,72,39
1592235991000,70,58
1592236291000,69,71
1592236591000,72,56
1592236891000,70,61
1592237191000,0,0
1592237491000,0,0
1592237791000,0,0
1592238091000,68,74
1592238391000,70,76
1592238691000,70,71
1592238991000,74,68
1592239291000,77,52
1592239591000,0,0
1592291670000,74,52
1592291970000,77,28
1592292270000,79,31
1592292570000,80,28
1592292870000,72,46
1592293170000,66,72
1592293470000,65,67
1592293770000,67,62
1592294070000,66,61
1592294370000,65,82
1592294670000,61,86
1592294970000,61,82
1592295270000,62,91
1592295570000,61,92
1592295870000,62,84
1592296170000,72,56
1592296470000,77,26
1592296770000,77,30
1592297070000,69,75
1592297370000,68,57
1592297670000,66,77
1592297970000,63,83
1592298270000,62,92
1592298570000,67,63
1592298870000,68,50
1592299170000,66,60
1592299470000,64,97
1592299770000,62,107
1592300070000,64,90
1592300370000,65,90
1592300670000,62,104
1592300970000,64,102
1592301270000,65,93
1592301570000,77,20
1592301870000,77,27
1592302170000,77,29
1592302470000,76,41
1592302770000,70,59
1592303070000,68,63
1592303370000,68,56
1592303670000,71,75
1592303970000,63,113
1592304270000,60,116
1592304570000,60,121
1592304870000,61,110
1592305170000,67,85
1592305470000,69,47
1592305770000,69,52
1592306070000,69,48
1592306370000,70,42
1592306670000,73,53
1592306970000,64,121
1592307270000,60,110
1592307570000,64,100
1592307870000,63,73
1592308170000,68,66
1592308470000,71,56
1592308770000,67,91
1592309070000,63,92
1592309370000,66,57
1592309670000,64,70
1592309970000,65,69
1592310270000,63,69
1592310570000,66,57
1592310870000,65,54
1592311170000,64,66
1592311470000,65,81
1592311770000,65,84
1592312070000,58,137
1592312370000,61,137
1592312670000,66,80
1592312970000,61,129
1592313270000,65,80
1592313570000,62,117
1592313870000,61,127
1592314170000,63,106
1592314470000,61,102
1592314770000,61,106
1592315070000,60,99
1592315370000,59,110
1592315670000,60,107
1592315970000,62,108
1592316270000,69,51
1592316570000,65,72
1592316870000,66,59
1592317170000,59,117
1592317470000,62,101
1592317770000,65,72
1592318070000,68,50
1592318370000,71,53
1592318670000,67,73
1592318970000,67,74
1592319270000,65,85
1592319570000,57,143
1592319870000,66,56
1592320170000,66,59
1592320470000,66,63
1592320770000,66,63
1592321070000,65,74
1592321370000,66,54
1592321670000,67,57
1592321970000,68,60
1592322270000,57,126
1592322570000,59,130
1592322870000,62,115
1592323170000,63,82
1592323470000,63,110
1592323770000,60,111
1592324070000,65,78
1592324370000,64,82
1592324670000,67,73
1592324970000,74,55
1592325270000,71,68
1592325570000,73,47
1592325870000,71,48
1592326170000,0,0
1592382090000,73,38
1592382390000,66,74
1592382690000,66,64
1592382990000,68,56
1592383290000,69,43
1592383590000,72,59
1592383890000,69,66
1592384190000,69,58
1592384490000,69,64
1592384790000,67,76
1592385090000,67,61
1592385390000,68,54
1592385690000,68,58
1592385990000,66,71
1592386290000,65,79
1592386590000,66,68
1592386890000,64,81
1592387190000,74,47
1592387490000,82,18
1592387790000,80,25
1592388090000,78,27
1592388390000,74,46
1592388690000,69,55
1592388990000,69,61
1592389290000,67,74
1592389590000,68,49
1592389890000,67,64
1592390190000,65,84
1592390490000,64,85
1592390790000,67,69
1592391090000,66,58
1592391390000,66,62
1592391690000,66,63
1592391990000,65,72
1592392290000,65,90
1592392590000,73,45
1592392890000,74,47
1592393190000,74,21
1592393490000,72,48
1592393790000,69,67
1592394090000,71,57
1592394390000,71,60
1592394690000,67,62
1592394990000,68,68
1592395290000,67,59
1592395590000,67,64
1592395890000,66,65
1592396190000,65,95
1592396490000,63,108
1592396790000,69,74
1592397090000,74,38
1592397390000,76,34
1592397690000,75,39
1592397990000,77,31
1592398290000,77,34
1592398590000,76,38
1592398890000,74,27
1592399190000,73,47
1592399490000,72,43
1592399790000,71,33
1592400090000,70,57
1592400390000,68,67
1592400690000,72,64
1592400990000,71,77
1592401290000,70,73
1592401590000,69,66
1592401890000,70,67
1592402190000,66,90
1592402490000,73,58
1592402790000,68,67
1592403090000,68,60
1592403390000,69,43
1592403690000,69,47
1592403990000,71,50
1592404290000,62,112
1592404590000,65,100
1592404890000,70,56
1592405190000,70,59
1592405490000,69,86
1592405790000,64,122
1592406090000,67,91
1592406390000,71,48
1592406690000,71,50
1592406990000,71,45
1592407290000,74,40
1592407590000,64,108
1592407890000,62,105
1592408190000,63,116
1592408490000,74,48
1592408790000,70,54
1592409090000,71,62
1592409390000,66,93
1592409690000,63,97
1592409990000,64,87
1592410290000,65,77
1592410590000,65,69
1592410890000,65,77
1592411190000,76,53
1592411490000,78,40
1592411790000,78,41
1592412090000,76,50
1592412390000,73,48
1592412690000,73,61
1592412990000,72,59
1592413290000,71,76
1592413590000,0,0
1592466213000,77,38
1592466513000,76,30
1592466813000,72,37
1592467113000,70,44
1592467413000,69,45
1592467713000,71,42
1592468013000,0,0
1592468313000,67,53
1592468613000,67,58
1592468913000,66,68
1592469213000,67,63
1592469513000,68,63
1592469813000,67,65
1592470113000,71,45
1592470413000,76,22
1592470713000,77,25
1592471013000,75,52
1592471313000,69,48
1592471613000,70,47
1592471913000,64,82
1592472213000,64,73
1592472513000,64,79
1592472813000,64,85
1592473113000,67,73
1592473413000,68,58
1592473713000,63,94
1592474013000,64,81
1592474313000,64,82
1592474613000,66,86
1592474913000,69,56
1592475213000,78,19
1592475513000,77,18
1592475813000,72,43
1592476113000,71,43
1592476413000,70,46
1592476713000,67,65
1592477013000,69,54
1592477313000,69,55
1592477613000,70,46
1592477913000,68,56
1592478213000,68,50
1592478513000,68,49
1592478813000,68,47
1592479113000,68,43
1592479413000,68,43
1592479713000,64,97
1592480013000,63,97
1592480313000,64,83
1592480613000,69,49
1592480913000,73,31
1592481213000,66,79
1592481513000,70,46
1592481813000,72,45
1592482113000,69,60
1592482413000,67,59
1592482713000,66,84
1592483013000,66,64
1592483313000,66,48
1592483613000,67,53
1592483913000,69,42
1592484213000,68,47
1592484513000,67,45
1592484813000,64,84
1592485113000,67,67
1592485413000,69,82
1592485713000,67,62
1592486013000,74,38
1592486313000,73,44
1592486613000,69,57
1592486913000,69,53
1592487213000,69,50
1592487513000,68,75
1592487813000,63,100
1592488113000,0,0
1592488413000,60,109
1592488713000,62,77
1592489013000,63,97
1592489313000,62,96
1592489613000,60,112
1592489913000,62,102
1592490213000,64,92
1592490513000,61,113
1592490813000,64,91
1592491113000,69,60
1592491413000,70,70
1592491713000,66,91
1592492013000,68,70
1592492313000,64,94
1592492613000,68,76
1592492913000,68,60
1592493213000,67,68
1592493513000,69,59
1592493813000,66,64
1592494113000,66,66
1592494413000,68,53
1592494713000,67,64
1592495013000,68,61
1592495313000,60,123
1592495613000,63,110
1592495913000,67,72
1592496213000,72,41
1592496513000,79,34
1592496813000,75,51
1592497113000,71,49
1592497413000,70,65
1592497713000,68,62
1592498013000,69,51
1592498313000,65,79
1592498613000,60,118
1592498913000,73,49
1592499213000,75,58
1592499513000,71,61
1592499813000,73,51
1592500113000,0,0
1592554048000,80,25
1592554348000,85,31
1592554648000,85,21
1592554948000,86,17
1592555248000,82,25
1592555548000,83,30
1592555848000,71,43
1592556148000,69,48
1592556448000,72,36
1592556748000,73,33
1592557048000,72,36
1592557348000,71,45
1592557648000,72,43
1592557948000,76,37
1592558248000,79,30
1592558548000,81,22
1592558848000,78,38
1592559148000,77,28
1592559448000,77,29
1592559748000,77,33
1592560048000,78,27
1592560348000,76,38
1592560648000,71,50
1592560948000,71,30
1592561248000,71,32
1592561548000,77,34
1592561848000,78,25
1592562148000,72,52
1592562448000,68,57
1592562748000,79,18
1592563048000,88,17
1592563348000,82,23
1592563648000,80,20
1592563948000,79,27
1592564248000,73,43
1592564548000,74,37
1592564848000,70,51
1592565148000,70,43
1592565448000,68,61
1592565748000,71,54
1592566048000,71,42
1592566348000,71,50
1592566648000,70,40
1592566948000,70,71
1592567248000,71,70
1592567548000,72,40
1592567848000,75,33
1592568148000,71,39
1592568448000,72,34
1592568748000,72,52
1592569048000,70,55
1592569348000,70,52
1592569648000,71,47
1592569948000,70,43
1592570248000,69,60
1592570548000,69,72
1592570848000,65,88
1592571148000,64,81
1592571448000,66,79
1592571748000,64,88
1592572048000,65,76
1592572348000,64,84
1592572648000,63,99
1592572948000,62,100
1592573248000,61,115
1592573548000,62,112
1592573848000,67,88
1592574148000,73,39
1592574448000,71,64
1592574748000,70,55
1592575048000,68,77
1592575348000,69,56
1592575648000,69,47
1592575948000,69,45
1592576248000,68,51
1592576548000,67,68
1592576848000,68,68
1592577148000,67,68
1592577448000,67,70
1592577748000,68,57
1592578048000,70,53
1592578348000,67,94
1592578648000,65,97
1592578948000,71,54
1592579248000,77,32
1592579548000,66,98
1592579848000,68,62
1592580148000,70,57
1592580448000,69,54
1592580748000,69,48
1592581048000,63,100
1592581348000,60,97
1592581648000,64,107
1592581948000,64,108
1592582248000,75,49
1592582548000,0,0
1592582848000,73,51
1592583148000,74,54
1592583448000,73,49
1592583748000,72,58
1592584048000,74,47
1592584348000,74,45
1592584648000,75,44
1592584948000,74,59
1592585248000,73,49
1592641562000,83,24
1592641862000,83,23
1592642162000,83,26
1592642462000,73,56
1592642762000,68,64
1592643062000,71,55
1592643362000,68,86
1592643662000,67,76
1592643962000,66,71
1592644262000,65,68
1592644562000,65,70
1592644862000,64,90
1592645162000,64,87
1592645462000,64,82
1592645762000,64,83
1592646062000,65,82
1592646362000,65,72
1592646662000,64,91
1592646962000,65,102
1592647262000,74,44
1592647562000,74,37
1592647862000,73,50
1592648162000,67,82
1592648462000,64,75
1592648762000,69,47
1592649062000,71,47
1592649362000,72,43
1592649662000,72,67
1592649962000,59,133
1592650262000,62,111
1592650562000,64,87
1592650862000,64,93
1592651162000,62,108
1592651462000,66,80
1592651762000,64,83
1592652062000,70,53
1592652362000,74,37
1592652662000,77,33
1592652962000,69,53
1592653262000,69,51
1592653562000,69,63
1592653862000,70,52
1592654162000,64,94
1592654462000,63,106
1592654762000,0,0
1592655062000,0,0
1592655362000,0,0
1592655662000,60,105
1592655962000,63,93
1592656262000,62,88
1592656562000,61,96
1592656862000,60,111
1592657162000,60,106
1592657462000,61,107
1592657762000,61,105
1592658062000,61,102
1592658362000,61,102
1592658662000,70,50
1592658962000,67,68
1592659262000,59,132
1592659562000,60,122
1592659862000,62,112
1592660162000,65,91
1592660462000,69,72
1592660762000,0,0
1592661062000,0,0
1592661362000,64,78
1592661662000,62,93
1592661962000,62,119
1592662262000,61,110
1592662562000,62,91
1592662862000,62,86
1592663162000,60,104
1592663462000,60,117
1592663762000,59,125
1592664062000,62,105
1592664362000,70,71
1592664662000,73,54
1592664962000,65,94
1592665262000,70,64
1592665562000,0,0
1592665862000,63,92
1592666162000,65,86
1592666462000,65,75
1592666762000,65,79
1592667062000,60,109
1592667362000,64,74
1592667662000,0,0
1592667962000,0,0
1592668262000,71,57
1592668562000,73,42
1592668862000,75,37
1592669162000,72,45
1592669462000,72,51
1592669762000,67,76
1592670062000,63,83
1592670362000,64,66
1592670662000,59,118
1592670962000,66,80
1592671262000,65,65
1592671562000,66,74
1592671862000,63,100
1592672162000,59,122
1592672462000,71,82
1592672762000,74,63
1592673062000,70,71
1592673362000,70,79
1592673662000,0,0
1592726338000,0,0
1592726638000,73,56
1592726938000,75,43
1592727238000,75,43
1592727538000,76,28
1592727838000,79,33
1592728138000,80,25
1592728438000,80,26
1592728738000,85,23
1592729038000,89,18
1592729338000,85,21
1592729638000,86,19
1592729938000,82,18
1592730238000,83,18
1592730538000,77,29
1592730838000,76,29
1592731138000,75,32
1592731438000,75,40
1592731738000,72,33
1592732038000,73,40
1592732338000,73,43
1592732638000,74,34
1592732938000,73,35
1592733238000,72,45
1592733538000,71,48
1592733838000,74,41
1592734138000,81,17
1592734438000,80,18
1592734738000,74,49
1592735038000,77,32
1592735338000,77,27
1592735638000,76,28
1592735938000,75,40
1592736238000,72,31
1592736538000,72,37
1592736838000,77,32
1592737138000,67,60
1592737438000,67,53
1592737738000,68,58
1592738038000,68,72
1592738338000,69,57
1592738638000,73,43
1592738938000,85,13
1592739238000,86,18
1592739538000,79,21
1592739838000,74,33
1592740138000,80,21
1592740438000,78,24
1592740738000,77,24
1592741038000,75,39
1592741338000,73,44
1592741638000,72,36
1592741938000,71,37
1592742238000,72,44
1592742538000,71,36
1592742838000,70,68
1592743138000,64,94
1592743438000,66,79
1592743738000,64,85
1592744038000,63,86
1592744338000,66,66
1592744638000,69,43
1592744938000,64,100
1592745238000,69,47
1592745538000,74,52
1592745838000,76,32
1592746138000,74,48
1592746438000,71,44
1592746738000,63,81
1592747038000,64,73
1592747338000,67,52
1592747638000,68,39
1592747938000,69,49
1592748238000,64,88
1592748538000,69,52
1592748838000,71,47
1592749138000,76,30
1592749438000,76,28
1592749738000,75,35
1592750038000,73,46
1592750338000,73,39
1592750638000,72,56
1592750938000,73,35
1592751238000,73,48
1592751538000,76,40
1592751838000,70,51
1592752138000,67,69
1592752438000,72,45
1592752738000,69,51
1592753038000,70,49
1592753338000,71,36
1592753638000,79,47
1592753938000,74,36
1592754238000,73,46
1592754538000,73,38
1592754838000,80,49
1592755138000,79,38
1592755438000,78,31
1592755738000,75,35
1592756038000,79,28
1592756338000,80,28
1592798760000,0,0
1592799060000,83,18
1592799360000,82,10
1592799660000,81,10
1592799960000,81,18
1592800260000,78,14
1592800560000,77,16
1592800860000,76,16
1592801160000,76,14
1592801460000,77,14
1592801760000,78,13
1592802060000,76,11
1592802360000,74,12
1592802660000,74,12
1592802960000,74,12
1592803260000,74,12
1592803560000,75,11
1592803860000,75,12
1592804160000,75,12
1592804460000,75,14
1592804760000,72,14
1592805060000,74,12
1592805360000,72,15
1592805660000,72,17
1592805960000,77,18
1592806260000,77,11
1592806560000,0,0
1592806860000,0,0
1592807160000,0,0
1592807460000,0,0
1592807760000,0,0
1592808060000,0,0
1592808360000,0,0
1592808660000,0,0
1592808960000,0,0
1592809260000,67,83
1592809560000,65,72
1592809860000,63,49
1592810160000,62,35
1592810460000,63,38
1592810760000,64,34
1592811060000,65,36
1592811360000,65,41
1592811660000,62,34
1592811960000,61,39
1592812260000,60,49
1592812560000,60,45
1592812860000,61,41
1592813160000,61,41
1592813460000,60,47
1592813760000,58,44
1592814060000,60,49
1592814360000,58,47
1592814660000,58,43
1592814960000,58,49
1592815260000,58,49
1592815560000,63,34
1592815860000,61,35
1592816160000,60,43
1592816460000,61,47
1592816760000,64,26
1592817060000,65,42
1592817360000,66,27
1592817660000,65,28
1592817960000,67,22
1592818260000,61,27
1592818560000,60,31
1592818860000,58,45
1592819160000,72,13
1592819460000,69,74
1592819760000,69,20
1592820060000,66,30
1592820360000,62,43
1592820660000,61,45
1592820960000,61,44
1592821260000,60,35
1592821560000,60,34
1592821860000,0,0
1592822160000,0,0
1592822460000,0,0
1592822760000,0,0
1592823060000,0,0
1592823360000,0,0
1592823660000,0,0
1592823960000,64,43
1592824260000,66,37
1592824560000,68,18
1592824860000,0,0
1592825160000,0,0
1592825460000,62,29
1592825760000,62,24
1592826060000,62,27
1592826360000,62,29
1592826660000,0,0
1592826960000,0,0
1592827260000,60,32
1592827560000,59,30
1592827860000,59,31
1592828160000,59,34
1592828460000,59,28
1592828760000,61,26
1592829060000,61,35
1592829360000,64,36
1592829660000,60,38
1592829960000,67,27
1592830260000,67,20
1592830560000,67,24
1592830860000,64,21
1592831160000,63,33
1592831460000,61,42
1592831760000,59,42
1592832060000,58,47
1592832360000,69,28
1592832660000,66,39
1592832960000,70,39
1592833260000,71,91
1592886240000,0,0
1592886540000,69,20
1592886840000,68,26
1592887140000,68,24
1592887440000,66,27
1592887740000,66,30
1592888040000,66,33
1592888340000,66,36
1592888640000,66,34
1592888940000,65,41
1592889240000,65,30
1592889540000,68,19
1592889840000,67,27
1592890140000,67,22
1592890440000,65,32
1592890740000,69,38
1592891040000,63,43
1592891340000,59,26
1592891640000,59,30
1592891940000,58,32
1592892240000,59,32
1592892540000,59,45
1592892840000,59,28
1592893140000,59,32
1592893440000,58,33
1592893740000,59,31
1592894040000,56,55
1592894340000,56,66
1592894640000,57,48
1592894940000,64,30
1592895240000,64,33
1592895540000,57,41
1592895840000,0,0
1592896140000,0,0
1592896440000,0,0
1592896740000,56,45
1592897040000,0,0
1592897340000,0,0
1592897640000,0,0
1592897940000,56,44
1592898240000,56,82
1592898540000,53,71
1592898840000,59,27
1592899140000,61,25
1592899440000,59,57
1592899740000,63,59
1592900040000,60,78
1592900340000,59,47
1592900640000,55,29
1592900940000,53,35
1592901240000,54,42
1592901540000,54,55
1592901840000,56,39
1592902140000,55,38
1592902440000,55,35
1592902740000,55,46
1592903040000,56,34
1592903340000,55,33
1592903640000,57,27
1592903940000,58,28
1592904240000,59,24
1592904540000,60,23
1592904840000,60,22
1592905140000,59,26
1592905440000,60,23
1592905740000,59,30
1592906040000,63,16
1592906340000,62,27
1592906640000,60,18
1592906940000,60,24
1592907240000,58,29
1592907540000,60,22
1592907840000,61,25
1592908140000,61,32
1592908440000,60,36
1592908740000,59,30
1592909040000,59,33
1592909340000,58,26
1592909640000,58,25
1592909940000,59,28
1592910240000,59,33
1592910540000,59,25
1592910840000,58,34
1592911140000,58,30
1592911440000,59,28
1592911740000,58,28
1592912040000,60,25
1592912340000,60,28
1592912640000,59,22
1592912940000,60,26
1592913240000,59,22
1592913540000,61,28
1592913840000,64,34
1592914140000,62,31
1592914440000,70,19
1592914740000,69,23
1592915040000,63,27
1592915340000,61,25
1592915640000,67,23
1592915940000,66,22
1592916240000,70,31
1592916540000,68,17
1592916840000,71,25
1592917140000,70,19
1592917440000,70,17
1592917740000,70,17
1592974380000,0,0
1592974680000,73,18
1592974980000,72,33
1592975280000,0,0
1592975580000,0,0
1592975880000,0,0
1592976180000,0,0
1592976480000,0,0
1592976780000,0,0
1592977080000,0,0
1592977380000,67,55
1592977680000,66,61
1592977980000,67,40
1592978280000,64,51
1592978580000,65,24
1592978880000,65,33
1592979180000,0,0
1592979480000,60,64
1592979780000,62,46
1592980080000,62,36
1592980380000,61,37
1592980680000,62,36
1592980980000,61,34
1592981280000,61,32
1592981580000,60,35
1592981880000,60,35
1592982180000,58,34
1592982480000,60,30
1592982780000,58,39
1592983080000,59,48
1592983380000,58,32
1592983680000,60,41
1592983980000,59,36
1592984280000,59,34
1592984580000,59,35
1592984880000,59,43
1592985180000,58,44
1592985480000,54,43
1592985780000,55,51
1592986080000,64,52
1592986380000,60,28
1592986680000,57,45
1592986980000,57,40
1592987280000,58,40
1592987580000,57,39
1592987880000,57,51
1592988180000,59,41
1592988480000,58,35
1592988780000,58,34
1592989080000,58,38
1592989380000,58,33
1592989680000,61,30
1592989980000,65,26
1592990280000,61,26
1592990580000,61,26
1592990880000,61,23
1592991180000,62,22
1592991480000,62,20
1592991780000,64,17
1592992080000,63,17
1592992380000,62,18
1592992680000,62,16
1592992980000,63,22
1592993280000,62,31
1592993580000,62,19
1592993880000,63,18
1592994180000,63,18
1592994480000,62,23
1592994780000,60,20
1592995080000,60,27
1592995380000,63,23
1592995680000,64,21
1592995980000,64,22
1592996280000,67,18
1592996580000,64,27
1592996880000,62,26
1592997180000,61,26
1592997480000,61,30
1592997780000,63,31
1592998080000,61,25
1592998380000,62,30
1592998680000,61,29
1592998980000,63,26
1592999280000,62,37
1592999580000,61,32
1592999880000,63,27
1593000180000,64,21
1593000480000,63,31
1593000780000,63,26
1593001080000,63,31
1593001380000,64,29
1593001680000,64,30
1593001980000,61,33
1593002280000,61,28
1593002580000,62,30
1593002880000,61,37
1593003180000,61,35
1593003480000,63,31
1593003780000,66,21
1593004080000,65,27
1593004380000,61,37
1593004680000,63,33
1593004980000,66,24
1593005280000,66,22
1593005580000,65,23
1593005880000,67,18
1593006180000,65,19
1593006480000,70,23
1593006780000,73,18
1593158668000,0,0
1593158968000,0,0
1593159268000,0,0
1593159568000,0,0
1593159868000,80,25
1593160168000,79,26
1593160468000,73,39
1593160768000,71,56
1593161068000,69,55
1593161368000,71,52
1593161668000,69,52
1593161968000,70,46
1593162268000,69,54
1593162568000,69,68
1593162868000,67,76
1593163168000,66,80
1593163468000,68,63
1593163768000,68,63
1593164068000,73,58
1593164368000,78,26
1593164668000,78,38
1593164968000,75,43
1593165268000,73,39
1593165568000,69,59
1593165868000,69,53
1593166168000,67,69
1593166468000,67,86
1593166768000,66,62
1593167068000,66,80
1593167368000,64,86
1593167668000,65,69
1593167968000,64,84
1593168268000,68,87
1593168568000,65,87
1593168868000,71,51
1593169168000,75,32
1593169468000,77,39
1593169768000,70,74
1593170068000,66,65
1593170368000,67,72
1593170668000,69,62
1593170968000,69,58
1593171268000,68,57
1593171568000,67,56
1593171868000,65,78
1593172168000,62,90
1593172468000,62,97
1593172768000,63,88
1593173068000,62,106
1593173368000,65,81
1593173668000,62,100
1593173968000,66,85
1593174268000,69,73
1593174568000,69,59
1593174868000,67,68
1593175168000,65,83
1593175468000,0,0
1593175768000,0,0
1593176068000,71,56
1593176368000,67,90
1593176668000,65,84
1593176968000,65,84
1593177268000,65,78
1593177568000,67,79
1593177868000,65,74
1593178168000,61,108
1593178468000,62,97
1593178768000,63,115
1593179068000,62,104
1593179368000,63,110
1593179668000,64,107
1593179968000,61,114
1593180268000,67,89
1593180568000,64,99
1593180868000,66,86
1593181168000,65,71
1593181468000,69,65
1593181768000,62,121
1593182068000,61,133
1593182368000,61,121
1593182668000,62,115
1593182968000,66,84
1593183268000,67,72
1593183568000,62,119
1593183868000,62,130
1593184168000,0,0
1593184468000,0,0
1593184768000,0,0
1593185068000,0,0
1593185368000,75,90
1593185668000,73,79
1593185968000,73,68
1593186268000,71,84
1593186568000,73,75
1593186868000,72,66
1593187168000,77,53
1593187468000,74,76
1593187768000,74,74
1593188068000,75,66
1593188368000,0,0
1593188668000,74,77
1593188968000,0,0
1593241948000,0,0
1593242248000,73,70
1593242548000,74,45
1593242848000,0,0
1593243148000,69,52
1593243448000,69,46
1593243748000,66,85
1593244048000,63,84
1593244348000,63,99
1593244648000,66,78
1593244948000,65,67
1593245248000,66,61
1593245548000,66,63
1593245848000,65,70
1593246148000,64,69
1593246448000,66,65
1593246748000,66,90
1593247048000,73,37
1593247348000,70,47
1593247648000,70,63
1593247948000,66,73
1593248248000,66,88
1593248548000,66,78
1593248848000,62,107
1593249148000,63,91
1593249448000,63,90
1593249748000,65,90
1593250048000,65,99
1593250348000,69,74
1593250648000,81,19
1593250948000,74,40
1593251248000,73,49
1593251548000,77,31
1593251848000,80,33
1593252148000,76,46
1593252448000,70,63
1593252748000,69,61
1593253048000,67,65
1593253348000,66,75
1593253648000,66,74
1593253948000,67,78
1593254248000,66,82
1593254548000,67,70
1593254848000,67,64
1593255148000,65,95
1593255448000,65,88
1593255748000,68,69
1593256048000,63,119
1593256348000,64,112
1593256648000,66,78
1593256948000,66,99
1593257248000,65,74
1593257548000,66,64
1593257848000,68,51
1593258148000,67,63
1593258448000,65,60
1593258748000,0,0
1593259048000,0,0
1593259348000,0,0
1593259648000,68,53
1593259948000,69,51
1593260248000,72,41
1593260548000,74,43
1593260848000,79,24
1593261148000,73,43
1593261448000,72,44
1593261748000,72,50
1593262048000,64,100
1593262348000,64,102
1593262648000,62,103
1593262948000,63,102
1593263248000,64,89
1593263548000,63,84
1593263848000,63,88
1593264148000,63,84
1593264448000,63,98
1593264748000,61,89
1593265048000,65,85
1593265348000,65,80
1593265648000,65,76
1593265948000,67,77
1593266248000,67,78
1593266548000,68,71
1593266848000,67,78
1593267148000,64,97
1593267448000,66,79
1593267748000,68,72
1593268048000,69,61
1593268348000,62,100
1593268648000,62,114
1593268948000,60,113
1593269248000,66,81
1593269548000,73,60
1593269848000,71,49
1593270148000,67,63
1593270448000,68,75
1593270748000,69,55
1593271048000,65,85
1593271348000,63,100
1593271648000,64,95
1593271948000,63,90
1593272248000,64,100
1593272548000,69,73
1593272848000,72,61
1593273148000,74,60
1593273448000,71,43
1593273748000,71,70
1593274048000,68,82
1593274348000,67,89
1593274648000,72,76
1593274948000,77,49
1593275248000,0,0
1593275548000,79,42
1593275848000,74,79
1593276148000,0,0
1593418020000,77,28
1593418320000,81,21
1593418620000,82,22
1593418920000,0,0
1593419220000,0,0
1593419520000,74,43
1593419820000,77,33
1593420120000,70,69
1593420420000,72,38
1593420720000,72,40
1593421020000,71,38
1593421320000,71,56
1593421620000,68,59
1593421920000,68,58
1593422220000,70,56
1593422520000,70,48
1593422820000,70,50
1593423120000,70,39
1593423420000,69,43
1593423720000,69,43
1593424020000,69,50
1593424320000,72,58
1593424620000,76,31
1593424920000,79,19
1593425220000,76,33
1593425520000,73,35
1593425820000,72,52
1593426120000,71,44
1593426420000,71,43
1593426720000,69,46
1593427020000,70,40
1593427320000,69,47
1593427620000,68,67
1593427920000,68,57
1593428220000,65,72
1593428520000,67,67
1593428820000,71,45
1593429120000,75,31
1593429420000,73,42
1593429720000,74,40
1593430020000,76,43
1593430320000,70,50
1593430620000,72,48
1593430920000,72,41
1593431220000,69,67
1593431520000,64,74
1593431820000,63,74
1593432120000,66,65
1593432420000,65,70
1593432720000,61,83
1593433020000,61,79
1593433320000,63,82
1593433620000,64,77
1593433920000,63,85
1593434220000,63,104
1593434520000,65,90
1593434820000,69,56
1593435120000,68,64
1593435420000,69,65
1593435720000,75,31
1593436020000,72,45
1593436320000,69,56
1593436620000,71,55
1593436920000,67,70
1593437220000,67,64
1593437520000,65,80
1593437820000,64,79
1593438120000,65,72
1593438420000,64,86
1593438720000,63,83
1593439020000,69,61
1593439320000,65,81
1593439620000,60,104
1593439920000,63,95
1593440220000,68,68
1593440520000,66,72
1593440820000,68,65
1593441120000,69,54
1593441420000,69,56
1593441720000,69,56
1593442020000,66,77
1593442320000,59,119
1593442620000,65,91
1593442920000,67,60
1593443220000,66,65
1593443520000,68,64
1593443820000,71,60
1593444120000,64,96
1593444420000,67,65
1593444720000,67,67
1593445020000,68,67
1593445320000,69,51
1593445620000,69,53
1593445920000,68,57
1593446220000,79,33
1593446520000,0,0
1593446820000,0,0
1593447120000,0,0
1593447420000,0,0
1593447720000,0,0
1593448020000,0,0
1593448320000,0,0
1593448620000,0,0
1593448920000,0,0
1593449220000,0,0
1593449520000,0,0
1593449820000,0,0
1593501963000,0,0
1593502263000,78,29
1593502563000,76,33
1593502863000,77,38
1593503163000,71,52
1593503463000,67,73
1593503763000,69,48
1593504063000,69,50
1593504363000,68,50
1593504663000,67,60
1593504963000,68,76
1593505263000,68,57
1593505563000,69,42
1593505863000,66,79
1593506163000,63,85
1593506463000,64,72
1593506763000,65,74
1593507063000,69,45
1593507363000,63,108
1593507663000,72,39
1593507963000,72,43
1593508263000,78,32
1593508563000,73,36
1593508863000,73,36
1593509163000,72,38
1593509463000,73,36
1593509763000,71,40
1593510063000,0,0
1593510363000,63,109
1593510663000,64,71
1593510963000,65,81
1593511263000,65,70
1593511563000,67,70
1593511863000,65,79
1593512163000,68,62
1593512463000,69,51
1593512763000,72,46
1593513063000,72,40
1593513363000,73,40
1593513663000,72,45
1593513963000,70,43
1593514263000,70,62
1593514563000,69,52
1593514863000,68,52
1593515163000,67,64
1593515463000,66,72
1593515763000,66,71
1593516063000,67,76
1593516363000,66,79
1593516663000,66,83
1593516963000,63,100
1593517263000,66,85
1593517563000,67,84
1593517863000,63,98
1593518163000,65,71
1593518463000,73,40
1593518763000,74,35
1593519063000,68,64
1593519363000,70,53
1593519663000,70,53
1593519963000,75,44
1593520263000,68,62
1593520563000,64,74
1593520863000,64,80
1593521163000,64,82
1593521463000,63,89
1593521763000,63,79
1593522063000,65,86
1593522363000,66,75
1593522663000,62,104
1593522963000,61,105
1593523263000,60,116
1593523563000,64,97
1593523863000,68,78
1593524163000,67,73
1593524463000,68,79
1593524763000,67,82
1593525063000,68,73
1593525363000,69,67
1593525663000,72,46
1593525963000,75,40
1593526263000,73,43
1593526563000,71,61
1593526863000,60,128
1593527163000,66,101
1593527463000,68,65
1593527763000,66,66
1593528063000,66,81
1593528363000,64,100
1593528663000,59,128
1593528963000,64,106
1593529263000,78,41
1593529563000,76,36
1593529863000,76,37
1593530163000,76,42
1593530463000,74,39
1593530763000,76,28
1593531063000,75,30
1593531363000,0,0
1593531663000,63,133
1593531963000,63,122
1593532263000,64,105
1593532563000,65,107
1593532863000,66,117
1593533163000,65,105
1593533463000,63,119
1593533763000,64,109
1593534063000,64,112
1593534363000,68,74
1593534663000,0,0
1593586471000,79,30
1593586771000,84,26
1593587071000,87,19
1593587371000,0,0
1593587671000,0,0
1593587971000,0,0
1593588271000,0,0
1593588571000,0,0
1593588871000,0,0
1593589171000,0,0
1593589471000,0,0
1593589771000,0,0
1593590071000,71,50
1593590371000,70,62
1593590671000,74,34
1593590971000,70,63
1593591271000,68,64
1593591571000,69,50
1593591871000,70,49
1593592171000,64,79
1593592471000,65,91
1593592771000,65,69
1593593071000,64,65
1593593371000,63,68
1593593671000,62,80
1593593971000,64,98
1593594271000,65,90
1593594571000,64,97
1593594871000,67,71
1593595171000,73,40
1593595471000,68,74
1593595771000,67,81
1593596071000,67,79
1593596371000,67,82
1593596671000,68,94
1593596971000,62,102
1593597271000,60,130
1593597571000,58,148
1593597871000,57,161
1593598171000,58,161
1593598471000,0,0
1593598771000,65,88
1593599071000,65,79
1593599371000,58,119
1593599671000,57,144
1593599971000,58,124
1593600271000,61,108
1593600571000,73,41
1593600871000,70,47
1593601171000,68,68
1593601471000,66,77
1593601771000,65,75
1593602071000,65,79
1593602371000,66,68
1593602671000,62,96
1593602971000,60,109
1593603271000,59,103
1593603571000,59,105
1593603871000,62,106
1593604171000,63,86
1593604471000,61,102
1593604771000,61,105
1593605071000,57,129
1593605371000,58,100
1593605671000,58,113
1593605971000,57,129
1593606271000,56,141
1593606571000,62,80
1593606871000,67,52
1593607171000,68,66
1593607471000,65,74
1593607771000,64,92
1593608071000,69,60
1593608371000,68,50
1593608671000,70,46
1593608971000,70,52
1593609271000,68,53
1593609571000,60,125
1593609871000,57,114
1593610171000,58,120
1593610471000,59,112
1593610771000,58,113
1593611071000,60,92
1593611371000,60,94
1593611671000,62,95
1593611971000,67,62
1593612271000,67,55
1593612571000,64,66
1593612871000,68,48
1593613171000,72,37
1593613471000,69,65
1593613771000,65,66
1593614071000,67,63
1593614371000,67,63
1593614671000,61,100
1593614971000,62,107
1593615271000,60,115
1593615571000,68,64
1593615871000,68,53
1593616171000,61,109
1593616471000,59,109
1593616771000,70,54
1593617071000,63,90
1593617371000,64,73
1593617671000,64,86
1593617971000,68,61
1593618271000,69,53
1593618571000,66,53
1593618871000,67,52
1593619171000,67,71
1593619471000,75,67
1593675988000,74,46
1593676288000,75,39
1593676588000,76,35
1593676888000,70,58
1593677188000,67,63
1593677488000,66,61
1593677788000,67,53
1593678088000,66,60
1593678388000,65,63
1593678688000,64,91
1593678988000,61,94
1593679288000,61,98
1593679588000,60,105
1593679888000,60,117
1593680188000,60,105
1593680488000,63,108
1593680788000,65,81
1593681088000,64,88
1593681388000,0,0
1593681688000,62,95
1593681988000,65,48
1593682288000,66,44
1593682588000,66,45
1593682888000,0,0
1593683188000,61,109
1593683488000,59,105
1593683788000,61,83
1593684088000,61,92
1593684388000,60,107
1593684688000,60,103
1593684988000,62,103
1593685288000,61,129
1593685588000,65,97
1593685888000,63,98
1593686188000,64,98
1593686488000,0,0
1593686788000,0,0
1593687088000,0,0
1593687388000,0,0
1593687688000,0,0
1593687988000,68,66
1593688288000,68,58
1593688588000,66,79
1593688888000,0,0
1593689188000,0,0
1593689488000,62,101
1593689788000,62,78
1593690088000,62,84
1593690388000,62,82
1593690688000,59,118
1593690988000,61,103
1593691288000,61,105
1593691588000,65,78
1593691888000,64,92
1593692188000,62,113
1593692488000,67,69
1593692788000,77,32
1593693088000,72,54
1593693388000,68,79
1593693688000,66,73
1593693988000,63,110
1593694288000,58,143
1593694588000,57,151
1593694888000,63,78
1593695188000,62,70
1593695488000,62,74
1593695788000,61,101
1593696088000,55,150
1593696388000,55,146
1593696688000,57,136
1593696988000,57,138
1593697288000,61,127
1593697588000,61,108
1593697888000,59,122
1593698188000,64,100
1593698488000,63,99
1593698788000,59,124
1593699088000,57,134
1593699388000,58,119
1593699688000,58,125
1593699988000,63,82
1593700288000,62,79
1593700588000,62,118
1593700888000,62,123
1593701188000,61,144
1593701488000,62,134
1593701788000,61,143
1593702088000,60,133
1593702388000,60,133
1593702688000,0,0
1593702988000,63,123
1593703288000,63,117
1593703588000,0,0
1593703888000,64,86
1593704188000,68,61
1593760111000,79,51
1593760411000,80,50
1593760711000,82,23
1593761011000,76,35
1593761311000,76,34
1593761611000,77,32
1593761911000,77,30
1593762211000,82,27
1593762511000,72,48
1593762811000,70,48
1593763111000,72,38
1593763411000,66,63
1593763711000,66,60
1593764011000,70,56
1593764311000,70,42
1593764611000,69,44
1593764911000,68,60
1593765211000,74,33
1593765511000,74,42
1593765811000,69,60
1593766111000,67,58
1593766411000,65,72
1593766711000,65,70
1593767011000,65,78
1593767311000,67,75
1593767611000,67,63
1593767911000,67,60
1593768211000,68,46
1593768511000,67,64
1593768811000,66,60
1593769111000,65,65
1593769411000,66,60
1593769711000,63,107
1593770011000,72,36
1593770311000,71,39
1593770611000,71,47
1593770911000,72,35
1593771211000,70,47
1593771511000,68,68
1593771811000,66,75
1593772111000,63,84
1593772411000,61,79
1593772711000,62,95
1593773011000,62,124
1593773311000,61,81
1593773611000,62,90
1593773911000,58,111
1593774211000,60,108
1593774511000,59,119
1593774811000,60,105
1593775111000,61,127
1593775411000,63,101
1593775711000,65,96
1593776011000,66,76
1593776311000,66,76
1593776611000,64,91
1593776911000,62,99
1593777211000,60,102
1593777511000,63,76
1593777811000,61,80
1593778111000,61,74
1593778411000,59,79
1593778711000,58,106
1593779011000,58,126
1593779311000,55,138
1593779611000,56,137
1593779911000,58,119
1593780211000,56,126
1593780511000,59,115
1593780811000,65,72
1593781111000,62,126
1593781411000,66,62
1593781711000,0,0
1593782011000,0,0
1593782311000,0,0
1593782611000,60,87
1593782911000,60,89
1593783211000,60,97
1593783511000,61,106
1593783811000,62,76
1593784111000,60,102
1593784411000,61,94
1593784711000,69,68
1593785011000,73,42
1593785311000,78,22
1593785611000,70,38
1593785911000,67,56
1593786211000,66,62
1593786511000,64,83
1593786811000,66,70
1593787111000,66,80
1593787411000,60,118
1593787711000,61,109
1593788011000,60,109
1593788311000,69,71
1593788611000,64,87
1593788911000,63,75
1593789211000,66,77
1593789511000,68,72
1593789811000,62,92
1593790111000,62,101
1593790411000,63,77
1593790711000,64,66
1593791011000,76,56
1593791311000,75,48
1593791611000,73,51
1593791911000,76,45
1593792211000,74,46
1593792511000,74,49
1593792811000,72,56
1593793111000,73,66
1593793411000,0,0
1593849512000,84,20
1593849812000,79,33
1593850112000,76,30
1593850412000,74,34
1593850712000,69,62
1593851012000,69,64
1593851312000,68,47
1593851612000,70,43
1593851912000,68,47
1593852212000,66,54
1593852512000,68,61
1593852812000,66,64
1593853112000,67,54
1593853412000,69,52
1593853712000,70,41
1593854012000,71,50
1593854312000,74,38
1593854612000,80,14
1593854912000,81,21
1593855212000,78,22
1593855512000,76,31
1593855812000,70,52
1593856112000,68,58
1593856412000,66,67
1593856712000,66,66
1593857012000,65,65
1593857312000,64,71
1593857612000,65,78
1593857912000,68,74
1593858212000,63,87
1593858512000,63,75
1593858812000,63,87
1593859112000,64,81
1593859412000,69,56
1593859712000,70,48
1593860012000,71,49
1593860312000,69,58
1593860612000,70,47
1593860912000,68,62
1593861212000,68,55
1593861512000,67,67
1593861812000,60,92
1593862112000,61,83
1593862412000,60,87
1593862712000,59,95
1593863012000,59,94
1593863312000,63,83
1593863612000,62,76
1593863912000,62,83
1593864212000,63,86
1593864512000,68,73
1593864812000,67,50
1593865112000,70,52
1593865412000,66,57
1593865712000,83,18
1593866012000,72,38
1593866312000,70,48
1593866612000,71,47
1593866912000,63,113
1593867212000,63,86
1593867512000,62,87
1593867812000,62,88
1593868112000,62,76
1593868412000,62,76
1593868712000,59,108
1593869012000,58,118
1593869312000,57,121
1593869612000,59,105
1593869912000,62,80
1593870212000,62,87
1593870512000,66,61
1593870812000,62,97
1593871112000,65,88
1593871412000,63,80
1593871712000,68,63
1593872012000,65,67
1593872312000,65,100
1593872612000,66,66
1593872912000,62,87
1593873212000,62,72
1593873512000,64,66
1593873812000,63,74
1593874112000,64,77
1593874412000,61,85
1593874712000,59,110
1593875012000,60,119
1593875312000,60,103
1593875612000,67,73
1593875912000,67,63
1593876212000,65,86
1593876512000,62,84
1593876812000,62,89
1593877112000,64,92
1593877412000,59,103
1593877712000,61,99
1593878012000,66,105
1593878312000,63,94
1593878612000,67,92
1593878912000,65,108
1593879212000,0,0
1593879512000,0,0
1593936812000,66,82
1593937112000,0,0
1593937412000,0,0
1593937712000,66,90
1593938012000,0,0
1593938312000,0,0
1593938612000,0,0
1593938912000,0,0
1593939212000,0,0
1593939512000,0,0
1593939812000,0,0
1593940112000,0,0
1593940412000,0,0
1593940712000,61,110
1593941012000,68,60
1593941312000,66,68
1593941612000,61,101
1593941912000,60,91
1593942212000,59,112
1593942512000,57,129
1593942812000,57,124
1593943112000,59,111
1593943412000,58,91
1593943712000,57,93
1593944012000,58,118
1593944312000,56,101
1593944612000,57,126
1593944912000,55,131
1593945212000,68,41
1593945512000,70,29
1593945812000,71,31
1593946112000,66,58
1593946412000,69,40
1593946712000,0,0
1593947012000,67,86
1593947312000,62,85
1593947612000,62,79
1593947912000,61,84
1593948212000,61,87
1593948512000,60,93
1593948812000,59,93
1593949112000,59,92
1593949412000,59,96
1593949712000,58,99
1593950012000,59,97
1593950312000,59,98
1593950612000,60,116
1593950912000,58,122
1593951212000,58,124
1593951512000,58,135
1593951812000,60,101
1593952112000,58,106
1593952412000,56,121
1593952712000,56,134
1593953012000,58,114
1593953312000,58,111
1593953612000,57,112
1593953912000,56,116
1593954212000,56,135
1593954512000,56,130
1593954812000,56,113
1593955112000,65,66
1593955412000,62,96
1593955712000,57,117
1593956012000,58,108
1593956312000,57,121
1593956612000,55,130
1593956912000,55,134
1593957212000,56,120
1593957512000,57,104
1593957812000,56,102
1593958112000,55,117
1593958412000,56,123
1593958712000,62,93
1593959012000,62,65
1593959312000,61,63
1593959612000,67,66
1593959912000,71,43
1593960212000,0,0
1593960512000,67,47
1593960812000,67,58
1593961112000,65,90
1593961412000,0,0
1593961712000,0,0
1593962012000,0,0
1593962312000,0,0
1593962612000,0,0
1593962912000,0,0
1593963212000,0,0
1593963512000,63,106
1593963812000,0,0
1593964112000,76,46
1593964412000,77,32
1593964712000,76,39
1593965012000,77,33
1593965312000,74,37
1593965612000,73,31
1593965912000,75,39
1593966212000,71,86
1593966512000,62,92
1594279981000,71,71
1594280281000,71,60
1594280581000,72,47
1594280881000,67,67
1594281181000,65,71
1594281481000,66,53
1594281781000,66,56
1594282081000,65,62
1594282381000,64,65
1594282681000,66,70
1594282981000,64,66
1594283281000,63,65
1594283581000,63,73
1594283881000,62,74
1594284181000,61,86
1594284481000,62,82
1594284781000,61,88
1594285081000,62,79
1594285381000,65,84
1594285681000,72,39
1594285981000,69,60
1594286281000,68,64
1594286581000,65,71
1594286881000,62,80
1594287181000,65,78
1594287481000,62,86
1594287781000,62,103
1594288081000,65,68
1594288381000,65,87
1594288681000,64,77
1594288981000,63,81
1594289281000,61,92
1594289581000,64,81
1594289881000,67,70
1594290181000,76,27
1594290481000,77,27
1594290781000,75,43
1594291081000,71,58
1594291381000,72,57
1594291681000,67,64
1594291981000,70,49
1594292281000,72,44
1594292581000,75,27
1594292881000,74,37
1594293181000,72,50
1594293481000,72,41
1594293781000,73,42
1594294081000,67,71
1594294381000,67,72
1594294681000,64,84
1594294981000,66,69
1594295281000,64,74
1594295581000,66,68
1594295881000,65,81
1594296181000,65,70
1594296481000,69,72
1594296781000,65,89
1594297081000,66,74
1594297381000,66,87
1594297681000,68,83
1594297981000,69,66
1594298281000,66,75
1594298581000,71,50
1594298881000,68,65
1594299181000,67,66
1594299481000,63,99
1594299781000,62,105
1594300081000,63,104
1594300381000,64,85
1594300681000,62,92
1594300981000,66,75
1594301281000,67,75
1594301581000,66,68
1594301881000,68,66
1594302181000,68,70
1594302481000,68,78
1594302781000,68,81
1594303081000,73,43
1594303381000,71,65
1594303681000,68,65
1594303981000,68,68
1594304281000,64,96
1594304581000,64,91
1594304881000,64,81
1594305181000,63,99
1594305481000,62,97
1594305781000,62,121
1594306081000,60,125
1594306381000,63,112
1594306681000,62,115
1594306981000,65,90
1594307281000,65,88
1594307581000,67,78
1594307881000,63,112
1594308181000,68,93
1594308481000,66,100
1594308781000,66,97
1594309081000,66,97
1594309381000,69,74
1594309681000,69,65
1594309981000,67,74
1594310281000,69,54
1594310581000,77,59
1594310881000,73,60
1594311181000,0,0
1594363619000,0,0
1594363919000,75,29
1594364219000,73,46
1594364519000,71,48
1594364819000,71,46
1594365119000,71,49
1594365419000,70,52
1594365719000,70,49
1594366019000,69,64
1594366319000,69,58
1594366619000,69,60
1594366919000,69,67
1594367219000,66,96
1594367519000,70,67
1594367819000,69,54
1594368119000,67,70
1594368419000,65,83
1594368719000,62,109
1594369019000,62,98
1594369319000,66,62
1594369619000,66,62
1594369919000,66,63
1594370219000,67,63
1594370519000,64,79
1594370819000,66,73
1594371119000,75,33
1594371419000,74,28
1594371719000,69,49
1594372019000,0,0
1594372319000,0,0
1594372619000,0,0
1594372919000,64,83
1594373219000,63,82
1594373519000,0,0
1594373819000,0,0
1594374119000,0,0
1594374419000,63,95
1594374719000,64,84
1594375019000,64,85
1594375319000,62,91
1594375619000,61,92
1594375919000,65,68
1594376219000,63,94
1594376519000,69,48
1594376819000,77,56
1594377119000,73,58
1594377419000,72,44
1594377719000,70,52
1594378019000,70,56
1594378319000,73,39
1594378619000,71,43
1594378919000,70,45
1594379219000,70,44
1594379519000,70,47
1594379819000,74,40
1594380119000,68,71
1594380419000,69,67
1594380719000,66,81
1594381019000,68,69
1594381319000,67,65
1594381619000,66,76
1594381919000,66,84
1594382219000,71,45
1594382519000,71,49
1594382819000,0,0
1594383119000,73,40
1594383419000,73,31
1594383719000,77,33
1594384019000,75,35
1594384319000,74,43
1594384619000,81,20
1594384919000,72,53
1594385219000,71,54
1594385519000,76,41
1594385819000,73,47
1594386119000,74,51
1594386419000,75,38
1594386719000,70,61
1594387019000,72,47
1594387319000,73,53
1594387619000,74,41
1594387919000,74,49
1594388219000,75,39
1594388519000,74,41
1594388819000,66,92
1594389119000,65,94
1594389419000,70,76
1594389719000,69,70
1594390019000,69,69
1594390319000,69,72
1594390619000,70,56
1594390919000,69,59
1594391219000,71,66
1594391519000,72,47
1594391819000,72,48
1594392119000,75,36
1594392419000,74,45
1594392719000,75,57
1594393019000,70,47
1594393319000,75,49
1594393619000,77,35
1594393919000,76,39
1594394219000,74,42
1594394519000,73,44
1594394819000,71,53
1594395119000,69,66
1594395419000,66,86
1594395719000,67,92
1594396019000,65,92
1594396319000,65,93
1594396619000,75,59
1594396919000,89,17
1594397219000,89,23
1594452928000,77,29
1594453228000,75,25
1594453528000,75,30
1594453828000,71,37
1594454128000,72,32
1594454428000,72,32
1594454728000,70,51
1594455028000,69,46
1594455328000,68,51
1594455628000,67,64
1594455928000,67,64
1594456228000,66,69
1594456528000,78,41
1594456828000,77,51
1594457128000,78,32
1594457428000,76,31
1594457728000,72,54
1594458028000,69,58
1594458328000,63,89
1594458628000,64,80
1594458928000,64,86
1594459228000,62,97
1594459528000,62,85
1594459828000,62,71
1594460128000,62,72
1594460428000,63,74
1594460728000,63,79
1594461028000,67,81
1594461328000,68,65
1594461628000,73,37
1594461928000,75,48
1594462228000,78,41
1594462528000,76,38
1594462828000,78,23
1594463128000,77,32
1594463428000,75,44
1594463728000,73,45
1594464028000,0,0
1594464328000,67,67
1594464628000,67,76
1594464928000,65,77
1594465228000,67,66
1594465528000,66,55
1594465828000,65,81
1594466128000,65,67
1594466428000,67,65
1594466728000,67,56
1594467028000,65,80
1594467328000,70,71
1594467628000,73,46
1594467928000,69,70
1594468228000,70,56
1594468528000,70,59
1594468828000,69,56
1594469128000,69,57
1594469428000,70,46
1594469728000,67,72
1594470028000,0,0
1594470328000,0,0
1594470628000,64,90
1594470928000,61,104
1594471228000,61,97
1594471528000,62,90
1594471828000,62,93
1594472128000,62,96
1594472428000,62,95
1594472728000,0,0
1594473028000,0,0
1594473328000,0,0
1594473628000,68,64
1594473928000,70,49
1594474228000,67,92
1594474528000,70,55
1594474828000,68,67
1594475128000,69,69
1594475428000,69,74
1594475728000,70,65
1594476028000,0,0
1594476328000,70,66
1594476628000,73,42
1594476928000,74,43
1594477228000,71,52
1594477528000,72,58
1594477828000,72,60
1594478128000,73,59
1594478428000,68,89
1594478728000,64,123
1594479028000,0,0
1594479328000,0,0
1594479628000,68,85
1594479928000,71,62
1594480228000,70,54
1594480528000,74,50
1594480828000,73,62
1594481128000,69,66
1594481428000,71,71
1594481728000,67,89
1594482028000,0,0
1594482328000,0,0
1594482628000,72,69
1594482928000,71,72
1594483228000,63,100
1594483528000,65,81
1594483828000,68,80
1594484128000,74,39
1594484428000,69,80
1594484728000,68,80
1594485028000,71,52
1594485328000,0,0
1594627231000,78,32
1594627531000,74,41
1594627831000,70,48
1594628131000,72,42
1594628431000,74,31
1594628731000,73,33
1594629031000,74,35
1594629331000,74,32
1594629631000,74,43
1594629931000,69,75
1594630231000,69,66
1594630531000,69,61
1594630831000,70,53
1594631131000,69,44
1594631431000,69,51
1594631731000,69,64
1594632031000,69,56
1594632331000,70,45
1594632631000,69,46
1594632931000,69,46
1594633231000,71,53
1594633531000,68,56
1594633831000,69,51
1594634131000,70,50
1594634431000,71,42
1594634731000,72,40
1594635031000,68,79
1594635331000,77,20
1594635631000,79,17
1594635931000,80,22
1594636231000,76,20
1594636531000,75,38
1594636831000,73,42
1594637131000,71,40
1594637431000,70,46
1594637731000,70,46
1594638031000,71,54
1594638331000,73,37
1594638631000,73,40
1594638931000,67,70
1594639231000,66,76
1594639531000,67,82
1594639831000,69,70
1594640131000,77,37
1594640431000,74,41
1594640731000,76,31
1594641031000,74,54
1594641331000,73,38
1594641631000,72,57
1594641931000,65,87
1594642231000,67,65
1594642531000,68,60
1594642831000,68,61
1594643131000,67,68
1594643431000,66,71
1594643731000,64,94
1594644031000,63,86
1594644331000,62,92
1594644631000,64,101
1594644931000,63,101
1594645231000,64,82
1594645531000,64,96
1594645831000,62,109
1594646131000,67,81
1594646431000,65,75
1594646731000,66,93
1594647031000,68,78
1594647331000,63,94
1594647631000,67,70
1594647931000,62,103
1594648231000,63,98
1594648531000,67,72
1594648831000,69,63
1594649131000,68,53
1594649431000,68,49
1594649731000,68,61
1594650031000,66,73
1594650331000,70,58
1594650631000,72,51
1594650931000,76,32
1594651231000,78,38
1594651531000,73,39
1594651831000,74,48
1594652131000,74,55
1594652431000,76,46
1594652731000,70,63
1594653031000,72,61
1594653331000,82,23
1594653631000,79,25
1594653931000,79,30
1594654231000,0,0
1594654531000,0,0
1594654831000,77,41
1594655131000,76,45
1594655431000,84,27
1594713091000,0,0
1594713391000,0,0
1594713691000,0,0
1594713991000,81,26
1594714291000,78,25
1594714591000,76,32
1594714891000,74,40
1594715191000,73,49
1594715491000,67,65
1594715791000,66,71
1594716091000,65,65
1594716391000,66,66
1594716691000,65,71
1594716991000,69,73
1594717291000,67,64
1594717591000,68,74
1594717891000,71,57
1594718191000,72,52
1594718491000,73,43
1594718791000,70,54
1594719091000,69,53
1594719391000,68,55
1594719691000,68,69
1594719991000,66,77
1594720291000,64,77
1594720591000,67,72
1594720891000,65,79
1594721191000,65,77
1594721491000,67,67
1594721791000,66,67
1594722091000,65,76
1594722391000,65,66
1594722691000,66,70
1594722991000,73,52
1594723291000,73,57
1594723591000,75,38
1594723891000,78,28
1594724191000,79,22
1594724491000,75,43
1594724791000,79,35
1594725091000,72,49
1594725391000,81,28
1594725691000,78,32
1594725991000,77,35
1594726291000,72,55
1594726591000,68,68
1594726891000,66,63
1594727191000,65,63
1594727491000,65,65
1594727791000,65,69
1594728091000,65,65
1594728391000,64,66
1594728691000,63,74
1594728991000,64,68
1594729291000,63,80
1594729591000,64,74
1594729891000,66,85
1594730191000,63,106
1594730491000,64,94
1594730791000,65,97
1594731091000,64,90
1594731391000,63,93
1594731691000,63,91
1594731991000,66,79
1594732291000,65,79
1594732591000,67,69
1594732891000,0,0
1594733191000,70,55
1594733491000,69,51
1594733791000,69,50
1594734091000,68,49
1594734391000,69,49
1594734691000,69,44
1594734991000,67,85
1594735291000,64,90
1594735591000,65,94
1594735891000,68,68
1594736191000,68,66
1594736491000,68,71
1594736791000,69,70
1594737091000,67,66
1594737391000,69,63
1594737691000,69,70
1594737991000,65,89
1594738291000,66,84
1594738591000,66,89
1594738891000,67,76
1594739191000,68,80
1594739491000,75,47
1594739791000,0,0
1594797992000,0,0
1594798292000,0,0
1594798592000,70,51
1594798892000,71,37
1594799192000,0,0
1594799492000,70,49
1594799792000,73,32
1594800092000,72,34
1594800392000,72,34
1594800692000,71,39
1594800992000,66,110
1594801292000,66,90
1594801592000,67,90
1594801892000,65,82
1594802192000,64,95
1594802492000,64,82
1594802792000,0,0
1594803092000,61,111
1594803392000,60,118
1594803692000,59,127
1594803992000,60,116
1594804292000,62,84
1594804592000,61,92
1594804892000,61,93
1594805192000,63,90
1594805492000,63,112
1594805792000,62,122
1594806092000,72,54
1594806392000,73,38
1594806692000,74,44
1594806992000,79,30
1594807292000,67,79
1594807592000,63,97
1594807892000,62,110
1594808192000,59,121
1594808492000,59,124
1594808792000,59,137
1594809092000,59,132
1594809392000,59,134
1594809692000,59,116
1594809992000,60,121
1594810292000,0,0
1594810592000,0,0
1594810892000,0,0
1594811192000,69,61
1594811492000,0,0
1594811792000,66,75
1594812092000,65,84
1594812392000,65,84
1594812692000,62,100
1594812992000,60,127
1594813292000,60,127
1594813592000,62,92
1594813892000,62,96
1594814192000,64,78
1594814492000,63,89
1594814792000,65,84
1594815092000,0,0
1594815392000,0,0
1594815692000,0,0
1594815992000,67,79
1594816292000,68,76
1594816592000,68,81
1594816892000,67,75
1594817192000,67,76
1594817492000,61,112
1594817792000,62,83
1594818092000,64,61
1594818392000,66,48
1594818692000,65,56
1594818992000,0,0
1594819292000,0,0
1594819592000,0,0
1594819892000,59,132
1594820192000,69,69
1594820492000,65,111
1594820792000,66,87
1594821092000,61,109
1594821392000,65,97
1594821692000,64,92
1594821992000,69,74
1594822292000,68,60
1594822592000,66,61
1594822892000,67,64
1594823192000,66,59
1594823492000,0,0
1594823792000,63,114
1594824092000,62,121
1594824392000,64,107
1594824692000,64,114
1594824992000,67,91
1594825292000,68,68
1594825592000,69,72
1594825892000,77,52
1594826192000,75,48
1594826492000,76,48
1594826792000,76,49
1594827092000,77,39
1594827392000,79,31
1594827692000,75,48
1594827992000,73,52
1594828292000,66,114
1594828592000,0,0
1594884212000,0,0
1594884512000,0,0
1594884812000,73,40
1594885112000,71,54
1594885412000,69,57
1594885712000,68,57
1594886012000,69,51
1594886312000,69,48
1594886612000,67,62
1594886912000,67,57
1594887212000,67,59
1594887512000,67,65
1594887812000,66,70
1594888112000,67,77
1594888412000,71,57
1594888712000,76,30
1594889012000,76,34
1594889312000,76,37
1594889612000,67,76
1594889912000,67,72
1594890212000,66,84
1594890512000,67,76
1594890812000,65,103
1594891112000,63,98
1594891412000,62,103
1594891712000,63,98
1594892012000,63,93
1594892312000,63,97
1594892612000,63,105
1594892912000,62,101
1594893212000,68,88
1594893512000,72,58
1594893812000,75,37
1594894112000,77,29
1594894412000,0,0
1594894712000,0,0
1594895012000,69,57
1594895312000,72,47
1594895612000,64,102
1594895912000,64,81
1594896212000,65,86
1594896512000,62,118
1594896812000,68,64
1594897112000,67,63
1594897412000,64,88
1594897712000,65,88
1594898012000,64,82
1594898312000,65,83
1594898612000,66,75
1594898912000,68,79
1594899212000,74,51
1594899512000,78,38
1594899812000,75,36
1594900112000,71,49
1594900412000,71,45
1594900712000,71,44
1594901012000,66,72
1594901312000,67,60
1594901612000,69,60
1594901912000,65,81
1594902212000,66,86
1594902512000,68,70
1594902812000,75,30
1594903112000,77,20
1594903412000,83,15
1594903712000,72,55
1594904012000,70,55
1594904312000,70,57
1594904612000,71,42
1594904912000,72,43
1594905212000,69,58
1594905512000,67,76
1594905812000,68,66
1594906112000,66,66
1594906412000,67,67
1594906712000,67,77
1594907012000,66,75
1594907312000,66,80
1594907612000,71,56
1594907912000,71,68
1594908212000,74,42
1594908512000,73,46
1594908812000,73,43
1594909112000,66,77
1594909412000,71,57
1594909712000,70,55
1594910012000,70,58
1594910312000,70,51
1594910612000,69,53
1594910912000,68,59
1594911212000,70,50
1594911512000,75,44
1594911812000,79,34
1594912112000,0,0
1594912412000,67,76
1594912712000,73,51
1594913012000,70,56
1594913312000,72,65
1594913612000,71,58
1594913912000,70,58
1594914212000,71,59
1594914512000,72,63
1594914812000,0,0
1594915112000,71,51
1594915412000,74,52
1594915712000,0,0
1594916012000,65,101
1594916312000,63,126
1594916612000,72,78
1594916912000,70,71
1594917212000,70,67
1594917512000,73,46
1594917812000,74,38
1594918112000,72,53
1594918412000,0,0
1594973010000,0,0
1594973310000,82,20
1594973610000,79,23
1594973910000,75,40
1594974210000,69,63
1594974510000,69,78
1594974810000,64,94
1594975110000,66,78
1594975410000,66,79
1594975710000,66,77
1594976010000,67,78
1594976310000,68,56
1594976610000,68,51
1594976910000,70,47
1594977210000,73,44
1594977510000,78,21
1594977810000,80,24
1594978110000,73,40
1594978410000,68,67
1594978710000,67,68
1594979010000,69,47
1594979310000,68,57
1594979610000,67,61
1594979910000,65,89
1594980210000,64,98
1594980510000,63,106
1594980810000,68,74
1594981110000,67,83
1594981410000,79,48
1594981710000,79,29
1594982010000,0,0
1594982310000,73,48
1594982610000,72,49
1594982910000,73,51
1594983210000,70,65
1594983510000,69,57
1594983810000,70,57
1594984110000,69,59
1594984410000,70,52
1594984710000,70,51
1594985010000,69,57
1594985310000,69,73
1594985610000,69,78
1594985910000,69,69
1594986210000,73,50
1594986510000,73,56
1594986810000,71,60
1594987110000,73,38
1594987410000,74,35
1594987710000,0,0
1594988010000,0,0
1594988310000,67,97
1594988610000,64,90
1594988910000,66,78
1594989210000,68,75
1594989510000,69,43
1594989810000,69,44
1594990110000,69,68
1594990410000,69,64
1594990710000,72,57
1594991010000,73,68
1594991310000,70,56
1594991610000,74,51
1594991910000,69,60
1594992210000,67,81
1594992510000,69,73
1594992810000,71,61
1594993110000,70,68
1594993410000,70,56
1594993710000,70,52
1594994010000,70,47
1594994310000,70,61
1594994610000,67,81
1594994910000,68,77
1594995210000,68,69
1594995510000,72,58
1594995810000,70,74
1594996110000,67,80
1594996410000,68,86
1594996710000,72,51
1594997010000,73,44
1594997310000,69,80
1594997610000,65,96
1594997910000,65,92
1594998210000,70,68
1594998510000,66,100
1594998810000,71,86
1594999110000,61,120
1594999410000,59,120
1594999710000,61,137
1595000010000,62,108
1595000310000,0,0
1595000610000,67,84
1595000910000,79,29
1595001210000,77,36
1595001510000,77,33
1595001810000,79,32
1595002110000,0,0
1595002410000,64,109
1595002710000,0,0
1595057370000,0,0
1595057670000,79,31
1595057970000,75,33
1595058270000,70,62
1595058570000,71,56
1595058870000,70,56
1595059170000,71,58
1595059470000,71,58
1595059770000,70,60
1595060070000,69,66
1595060370000,65,75
1595060670000,68,58
1595060970000,68,69
1595061270000,70,72
1595061570000,72,41
1595061870000,69,57
1595062170000,69,52
1595062470000,69,44
1595062770000,68,56
1595063070000,67,64
1595063370000,66,65
1595063670000,66,58
1595063970000,66,69
1595064270000,67,57
1595064570000,69,62
1595064870000,69,68
1595065170000,69,78
1595065470000,65,96
1595065770000,64,97
1595066070000,66,62
1595066370000,66,61
1595066670000,66,63
1595066970000,68,50
1595067270000,70,61
1595067570000,78,23
1595067870000,76,30
1595068170000,83,15
1595068470000,79,23
1595068770000,73,50
1595069070000,72,40
1595069370000,71,46
1595069670000,68,49
1595069970000,68,43
1595070270000,67,60
1595070570000,66,62
1595070870000,65,72
1595071170000,66,71
1595071470000,65,92
1595071770000,64,82
1595072070000,64,83
1595072370000,64,89
1595072670000,63,99
1595072970000,64,101
1595073270000,61,98
1595073570000,64,93
1595073870000,66,66
1595074170000,69,59
1595074470000,66,80
1595074770000,69,47
1595075070000,67,86
1595075370000,69,66
1595075670000,68,55
1595075970000,68,56
1595076270000,66,87
1595076570000,64,75
1595076870000,66,64
1595077170000,66,64
1595077470000,64,73
1595077770000,65,74
1595078070000,60,118
1595078370000,62,108
1595078670000,63,106
1595078970000,64,89
1595079270000,65,74
1595079570000,67,63
1595079870000,72,55
1595080170000,69,48
1595080470000,66,79
1595080770000,67,83
1595081070000,67,71
1595081370000,69,58
1595081670000,67,62
1595081970000,69,52
1595082270000,68,61
1595082570000,70,53
1595082870000,58,143
1595083170000,60,115
1595083470000,62,109
1595083770000,63,92
1595084070000,71,55
1595084370000,70,64
1595084670000,67,85
1595084970000,69,92
1595085270000,67,62
1595085570000,68,61
1595085870000,69,72
1595086170000,66,76
1595086470000,68,55
1595086770000,68,57
1595087070000,68,52
1595087370000,69,52
1595087670000,67,69
1595087970000,63,118
1595088270000,70,80
1595088570000,78,31
1595088870000,66,99
1595089170000,64,104
1595089470000,63,112
1595089770000,68,83
1595090070000,73,58
1595090370000,0,0
1595090670000,69,82
1595090970000,71,75
1595091270000,0,0
1595144727000,0,0
1595145027000,0,0
1595145327000,74,29
1595145627000,74,25
1595145927000,75,25
1595146227000,74,23
1595146527000,76,23
1595146827000,77,22
1595147127000,78,20
1595147427000,78,20
1595147727000,78,31
1595148027000,76,34
1595148327000,77,29
1595148627000,76,31
1595148927000,74,25
1595149227000,72,40
1595149527000,70,49
1595149827000,68,57
1595150127000,67,57
1595150427000,68,47
1595150727000,68,61
1595151027000,70,64
1595151327000,68,63
1595151627000,71,48
1595151927000,69,52
1595152227000,68,58
1595152527000,66,71
1595152827000,64,73
1595153127000,66,69
1595153427000,64,72
1595153727000,64,66
1595154027000,64,73
1595154327000,65,80
1595154627000,69,65
1595154927000,78,22
1595155227000,67,79
1595155527000,70,69
1595155827000,67,78
1595156127000,66,67
1595156427000,66,77
1595156727000,65,74
1595157027000,68,73
1595157327000,65,70
1595157627000,65,70
1595157927000,62,81
1595158227000,64,74
1595158527000,63,79
1595158827000,63,78
1595159127000,64,68
1595159427000,64,70
1595159727000,63,96
1595160027000,65,87
1595160327000,70,55
1595160627000,73,44
1595160927000,70,58
1595161227000,69,61
1595161527000,70,61
1595161827000,70,62
1595162127000,68,61
1595162427000,68,72
1595162727000,66,80
1595163027000,67,92
1595163327000,64,96
1595163627000,64,74
1595163927000,66,90
1595164227000,68,67
1595164527000,69,64
1595164827000,67,55
1595165127000,68,53
1595165427000,67,62
1595165727000,71,54
1595166027000,73,35
1595166327000,74,33
1595166627000,73,48
1595166927000,72,35
1595167227000,77,38
1595167527000,76,34
1595167827000,71,61
1595168127000,67,80
1595168427000,67,63
1595168727000,67,76
1595169027000,64,76
1595169327000,64,75
1595169627000,66,65
1595169927000,68,66
1595170227000,67,70
1595170527000,70,54
1595170827000,65,90
1595171127000,67,74
1595171427000,71,53
1595171727000,70,69
1595172027000,70,71
1595172327000,69,55
1595172627000,67,63
1595172927000,70,80
1595173227000,77,46
1595228547000,0,0
1595228847000,0,0
1595229147000,0,0
1595229447000,0,0
1595229747000,78,27
1595230047000,73,33
1595230347000,71,42
1595230647000,72,36
1595230947000,71,36
1595231247000,73,42
1595231547000,73,32
1595231847000,73,36
1595232147000,72,30
1595232447000,72,40
1595232747000,73,32
1595233047000,72,57
1595233347000,73,56
1595233647000,72,47
1595233947000,70,53
1595234247000,69,66
1595234547000,68,58
1595234847000,67,57
1595235147000,69,54
1595235447000,67,56
1595235747000,65,67
1595236047000,67,64
1595236347000,70,46
1595236647000,71,38
1595236947000,68,63
1595237247000,69,63
1595237547000,67,80
1595237847000,74,47
1595238147000,75,40
1595238447000,78,28
1595238747000,71,54
1595239047000,71,62
1595239347000,71,53
1595239647000,70,65
1595239947000,67,73
1595240247000,67,64
1595240547000,66,58
1595240847000,67,59
1595241147000,65,75
1595241447000,66,83
1595241747000,65,80
1595242047000,65,76
1595242347000,63,102
1595242647000,64,87
1595242947000,66,70
1595243247000,64,93
1595243547000,61,92
1595243847000,62,75
1595244147000,65,85
1595244447000,66,73
1595244747000,71,54
1595245047000,68,75
1595245347000,66,66
1595245647000,77,46
1595245947000,69,51
1595246247000,67,69
1595246547000,68,59
1595246847000,66,83
1595247147000,63,86
1595247447000,67,58
1595247747000,67,48
1595248047000,66,51
1595248347000,65,59
1595248647000,66,60
1595248947000,62,110
1595249247000,63,93
1595249547000,66,60
1595249847000,66,68
1595250147000,63,95
1595250447000,65,84
1595250747000,62,100
1595251047000,66,86
1595251347000,65,91
1595251647000,69,64
1595251947000,68,79
1595252247000,65,96
1595252547000,60,106
1595252847000,62,101
1595253147000,67,83
1595253447000,67,78
1595253747000,68,52
1595254047000,67,55
1595254347000,66,56
1595254647000,66,62
1595254947000,66,54
1595255247000,68,66
1595255547000,64,82
1595255847000,66,73
1595256147000,69,60
1595256447000,68,75
1595256747000,69,75
1595257047000,66,84
1595257347000,67,65
1595257647000,64,96
1595257947000,64,88
1595258247000,72,51
1595258547000,73,54
1595258847000,0,0
1595259147000,70,50
1595259447000,72,48
1595316481000,75,31
1595316781000,79,30
1595317081000,75,39
1595317381000,68,60
1595317681000,68,61
1595317981000,69,49
1595318281000,69,59
1595318581000,68,61
1595318881000,67,57
1595319181000,67,55
1595319481000,67,59
1595319781000,67,55
1595320081000,66,67
1595320381000,68,58
1595320681000,68,85
1595320981000,70,66
1595321281000,75,34
1595321581000,73,45
1595321881000,69,54
1595322181000,69,58
1595322481000,69,54
1595322781000,66,66
1595323081000,62,90
1595323381000,62,102
1595323681000,63,87
1595323981000,64,79
1595324281000,63,94
1595324581000,63,89
1595324881000,65,92
1595325181000,62,96
1595325481000,67,70
1595325781000,72,33
1595326081000,75,43
1595326381000,72,35
1595326681000,65,73
1595326981000,66,67
1595327281000,66,64
1595327581000,66,72
1595327881000,59,107
1595328181000,61,98
1595328481000,60,106
1595328781000,62,88
1595329081000,61,84
1595329381000,61,92
1595329681000,62,81
1595329981000,64,94
1595330281000,63,91
1595330581000,61,109
1595330881000,64,81
1595331181000,65,67
1595331481000,65,62
1595331781000,66,77
1595332081000,71,44
1595332381000,71,49
1595332681000,70,43
1595332981000,68,65
1595333281000,0,0
1595333581000,66,78
1595333881000,67,67
1595334181000,65,64
1595334481000,66,78
1595334781000,65,63
1595335081000,65,65
1595335381000,64,68
1595335681000,63,66
1595335981000,64,57
1595336281000,63,75
1595336581000,61,103
1595336881000,61,91
1595337181000,61,105
1595337481000,61,91
1595337781000,62,90
1595338081000,61,91
1595338381000,61,85
1595338681000,62,77
1595338981000,65,68
1595339281000,72,51
1595339581000,66,63
1595339881000,62,100
1595340181000,64,86
1595340481000,65,84
1595340781000,64,98
1595341081000,65,90
1595341381000,62,102
1595341681000,67,81
1595341981000,63,109
1595342281000,66,78
1595342581000,66,78
1595342881000,62,103
1595343181000,63,99
1595343481000,71,61
1595343781000,70,63
1595344081000,70,62
1595344381000,68,67
1595344681000,67,83
1595403480000,73,46
1595403780000,75,42
1595404080000,79,37
1595404380000,80,30
1595404680000,77,30
1595404980000,80,23
1595405280000,76,35
1595405580000,74,50
1595405880000,75,45
1595406180000,77,26
1595406480000,76,38
1595406780000,74,48
1595407080000,72,46
1595407380000,66,84
1595407680000,63,82
1595407980000,64,77
1595408280000,63,79
1595408580000,62,87
1595408880000,62,95
1595409180000,61,100
1595409480000,62,94
1595409780000,63,92
1595410080000,65,95
1595410380000,72,52
1595410680000,76,33
1595410980000,75,41
1595411280000,74,36
1595411580000,70,67
1595411880000,66,62
1595412180000,64,89
1595412480000,65,90
1595412780000,63,92
1595413080000,63,84
1595413380000,64,80
1595413680000,62,89
1595413980000,62,95
1595414280000,61,109
1595414580000,60,108
1595414880000,62,90
1595415180000,69,48
1595415480000,73,47
1595415780000,73,37
1595416080000,68,73
1595416380000,67,75
1595416680000,69,54
1595416980000,69,63
1595417280000,67,67
1595417580000,63,92
1595417880000,66,77
1595418180000,64,81
1595418480000,61,112
1595418780000,62,96
1595419080000,62,99
1595419380000,63,101
1595419680000,62,108
1595419980000,62,102
1595420280000,62,95
1595420580000,63,93
1595420880000,63,114
1595421180000,63,105
1595421480000,72,34
1595421780000,71,49
1595422080000,63,89
1595422380000,67,75
1595422680000,65,85
1595422980000,63,84
1595423280000,68,54
1595423580000,67,53
1595423880000,67,50
1595424180000,65,82
1595424480000,62,101
1595424780000,61,105
1595425080000,62,92
1595425380000,59,120
1595425680000,63,114
1595425980000,67,77
1595426280000,78,30
1595426580000,69,63
1595426880000,63,91
1595427180000,65,84
1595427480000,63,103
1595427780000,67,80
1595428080000,66,74
1595428380000,67,64
1595428680000,66,80
1595428980000,66,96
1595429280000,79,26
1595429580000,77,43
1595429880000,72,73
1595430180000,66,89
1595430480000,63,117
1595430780000,67,92
1595431080000,63,103
1595431380000,65,87
1595431680000,66,84
1595431980000,77,50
1595432280000,72,72
1595432580000,60,121
1595432880000,62,119
1595433180000,63,98
1595433480000,81,38
1595433780000,75,60
1595434080000,78,38
1595434380000,73,57
1595434680000,70,52
1595434980000,0,0
1595435280000,0,0
1595484300000,0,0
1595484600000,0,0
1595484900000,75,43
1595485200000,73,47
1595485500000,69,65
1595485800000,67,80
1595486100000,66,77
1595486400000,66,63
1595486700000,67,69
1595487000000,67,67
1595487300000,70,57
1595487600000,69,50
1595487900000,67,64
1595488200000,68,68
1595488500000,66,69
1595488800000,63,114
1595489100000,66,86
1595489400000,64,95
1595489700000,69,69
1595490000000,73,38
1595490300000,75,41
1595490600000,69,55
1595490900000,66,79
1595491200000,66,77
1595491500000,66,81
1595491800000,65,85
1595492100000,66,105
1595492400000,66,66
1595492700000,66,62
1595493000000,65,67
1595493300000,64,74
1595493600000,65,71
1595493900000,64,70
1595494200000,65,63
1595494500000,70,75
1595494800000,71,61
1595495100000,73,50
1595495400000,78,26
1595495700000,74,39
1595496000000,72,48
1595496300000,71,47
1595496600000,71,55
1595496900000,67,60
1595497200000,67,56
1595497500000,67,75
1595497800000,65,63
1595498100000,66,71
1595498400000,65,83
1595498700000,65,87
1595499000000,65,94
1595499300000,65,78
1595499600000,66,71
1595499900000,66,73
1595500200000,68,74
1595500500000,67,65
1595500800000,76,29
1595501100000,75,33
1595501400000,70,64
1595501700000,67,65
1595502000000,70,51
1595502300000,69,53
1595502600000,68,66
1595502900000,65,68
1595503200000,67,52
1595503500000,66,71
1595503800000,67,48
1595504100000,66,60
1595504400000,63,77
1595504700000,63,76
1595505000000,63,80
1595505300000,64,79
1595505600000,62,79
1595505900000,64,77
1595506200000,62,90
1595506500000,70,52
1595506800000,66,72
1595507100000,69,68
1595507400000,74,37
1595507700000,80,20
1595508000000,74,43
1595508300000,75,39
1595508600000,71,41
1595508900000,71,54
1595509200000,72,46
1595509500000,71,53
1595509800000,71,56
1595510100000,66,60
1595510400000,0,0
1595510700000,75,51
1595659591000,84,23
1595659891000,79,27
1595660191000,75,37
1595660491000,76,36
1595660791000,69,56
1595661091000,70,50
1595661391000,70,51
1595661691000,69,51
1595661991000,70,50
1595662291000,69,58
1595662591000,66,78
1595662891000,66,65
1595663191000,65,66
1595663491000,66,65
1595663791000,66,84
1595664091000,67,83
1595664391000,71,47
1595664691000,72,56
1595664991000,68,62
1595665291000,67,62
1595665591000,66,77
1595665891000,63,73
1595666191000,63,70
1595666491000,62,88
1595666791000,63,97
1595667091000,64,87
1595667391000,63,88
1595667691000,64,94
1595667991000,60,114
1595668291000,59,127
1595668591000,62,105
1595668891000,62,106
1595669191000,63,92
1595669491000,72,42
1595669791000,77,24
1595670091000,78,25
1595670391000,66,83
1595670691000,69,61
1595670991000,66,68
1595671291000,65,73
1595671591000,65,67
1595671891000,65,87
1595672191000,61,88
1595672491000,66,69
1595672791000,66,72
1595673091000,63,84
1595673391000,63,87
1595673691000,63,78
1595673991000,64,79
1595674291000,64,77
1595674591000,64,74
1595674891000,64,75
1595675191000,68,70
1595675491000,66,75
1595675791000,64,77
1595676091000,65,82
1595676391000,68,74
1595676691000,72,53
1595676991000,67,65
1595677291000,66,68
1595677591000,72,54
1595677891000,68,59
1595678191000,68,57
1595678491000,69,53
1595678791000,70,49
1595679091000,69,47
1595679391000,69,59
1595679691000,67,60
1595679991000,68,59
1595680291000,69,55
1595680591000,64,87
1595680891000,66,81
1595681191000,69,62
1595681491000,69,67
1595681791000,70,67
1595682091000,71,51
1595682391000,73,51
1595682691000,61,101
1595682991000,64,88
1595683291000,69,67
1595683591000,70,51
1595683891000,74,46
1595684191000,65,87
1595684491000,66,84
1595684791000,65,72
1595685091000,67,61
1595685391000,65,76
1595685691000,64,73
1595685991000,64,81
1595686291000,66,69
1595686591000,66,63
1595686891000,65,77
1595687191000,67,57
1595687491000,75,37
1595687791000,73,41
1595688091000,69,58
1595688391000,69,69
1595688691000,66,82
1595688991000,66,74
1595689291000,67,60
1595689591000,68,55
1595689891000,68,56
1595690191000,67,88
1595690491000,64,99
1595690791000,61,114
1595691091000,63,92
1595691391000,69,62
1595691691000,69,67
1595691991000,69,94
1595692291000,64,89
1595692591000,67,81
1595692891000,76,54
1595693191000,76,50
1595693491000,76,42
1595693791000,77,37
1595694091000,0,0
1595746590000,81,40
1595746890000,81,40
1595747190000,77,39
1595747490000,74,39
1595747790000,69,52
1595748090000,70,47
1595748390000,72,43
1595748690000,70,48
1595748990000,69,56
1595749290000,70,45
1595749590000,70,43
1595749890000,70,43
1595750190000,70,52
1595750490000,70,44
1595750790000,70,47
1595751090000,68,53
1595751390000,72,58
1595751690000,73,47
1595751990000,75,41
1595752290000,77,36
1595752590000,75,35
1595752890000,74,37
1595753190000,69,52
1595753490000,69,48
1595753790000,66,71
1595754090000,70,53
1595754390000,67,63
1595754690000,67,77
1595754990000,65,78
1595755290000,68,70
1595755590000,69,61
1595755890000,70,68
1595756190000,76,27
1595756490000,77,42
1595756790000,78,26
1595757090000,0,0
1595757390000,0,0
1595757690000,67,84
1595757990000,65,110
1595758290000,63,101
1595758590000,64,96
1595758890000,62,105
1595759190000,62,114
1595759490000,63,113
1595759790000,64,80
1595760090000,63,82
1595760390000,63,81
1595760690000,64,76
1595760990000,60,107
1595761290000,63,107
1595761590000,66,91
1595761890000,66,84
1595762190000,63,99
1595762490000,63,109
1595762790000,66,89
1595763090000,67,76
1595763390000,67,70
1595763690000,66,63
1595763990000,65,60
1595764290000,66,63
1595764590000,62,85
1595764890000,61,85
1595765190000,63,80
1595765490000,64,72
1595765790000,65,69
1595766090000,63,98
1595766390000,61,103
1595766690000,68,72
1595766990000,70,49
1595767290000,70,56
1595767590000,69,57
1595767890000,69,65
1595768190000,69,59
1595768490000,72,46
1595768790000,70,45
1595769090000,68,43
1595769390000,67,70
1595769690000,69,59
1595769990000,65,88
1595770290000,60,124
1595770590000,59,127
1595770890000,60,118
1595771190000,63,96
1595771490000,69,61
1595771790000,78,40
1595772090000,66,77
1595772390000,70,52
1595772690000,70,58
1595772990000,67,61
1595773290000,67,59
1595773590000,66,67
1595773890000,66,62
1595774190000,66,68
1595774490000,63,86
1595774790000,64,75
1595775090000,62,109
1595775390000,62,112
1595775690000,64,89
1595775990000,64,95
1595776290000,64,79
1595776590000,65,77
1595776890000,64,72
1595777190000,76,51
1595777490000,75,51
1595777790000,74,45
1595778090000,71,47
1595778390000,0,0
1595778690000,0,0
1595778990000,0,0
1595779290000,0,0
1595779590000,66,94
1595779890000,0,0
1595780190000,69,72
1595780490000,0,0
1595780790000,0,0
1595831821000,80,33
1595832121000,78,30
1595832421000,74,41
1595832721000,68,64
1595833021000,66,82
1595833321000,65,86
1595833621000,65,83
1595833921000,64,80
1595834221000,65,74
1595834521000,65,82
1595834821000,64,84
1595835121000,68,82
1595835421000,64,102
1595835721000,63,97
1595836021000,65,107
1595836321000,65,102
1595836621000,64,106
1595836921000,64,87
1595837221000,71,40
1595837521000,69,45
1595837821000,69,47
1595838121000,65,78
1595838421000,66,76
1595838721000,58,126
1595839021000,60,110
1595839321000,60,97
1595839621000,0,0
1595839921000,61,92
1595840221000,60,105
1595840521000,63,96
1595840821000,63,93
1595841121000,77,32
1595841421000,77,42
1595841721000,65,69
1595842021000,65,55
1595842321000,68,57
1595842621000,67,59
1595842921000,67,66
1595843221000,65,66
1595843521000,62,83
1595843821000,63,80
1595844121000,64,60
1595844421000,64,59
1595844721000,63,72
1595845021000,60,114
1595845321000,59,117
1595845621000,59,123
1595845921000,61,116
1595846221000,60,110
1595846521000,59,106
1595846821000,60,100
1595847121000,60,101
1595847421000,60,93
1595847721000,60,104
1595848021000,62,90
1595848321000,64,87
1595848621000,70,61
1595848921000,76,26
1595849221000,70,64
1595849521000,64,86
1595849821000,65,80
1595850121000,65,65
1595850421000,66,73
1595850721000,62,94
1595851021000,63,81
1595851321000,62,72
1595851621000,64,69
1595851921000,63,81
1595852221000,60,111
1595852521000,59,122
1595852821000,62,116
1595853121000,63,91
1595853421000,61,84
1595853721000,68,50
1595854021000,71,46
1595854321000,65,72
1595854621000,64,78
1595854921000,62,95
1595855221000,61,105
1595855521000,63,77
1595855821000,62,87
1595856121000,62,88
1595856421000,62,99
1595856721000,62,98
1595857021000,60,109
1595857321000,61,103
1595857621000,63,95
1595857921000,70,58
1595858221000,0,0
1595858521000,64,96
1595858821000,67,77
1595859121000,68,61
1595859421000,68,60
1595859721000,68,56
1595860021000,68,55
1595860321000,66,96
1595860621000,63,92
1595860921000,66,82
1595861221000,74,49
1595861521000,73,50
1595861821000,71,53
1595862121000,71,50
1595862421000,69,67
1595862721000,0,0
1595863021000,0,0
1595916358000,0,0
1595916658000,0,0
1595916958000,0,0
1595917258000,0,0
1595917558000,83,17
1595917858000,76,31
1595918158000,75,31
1595918458000,75,28
1595918758000,77,31
1595919058000,72,42
1595919358000,75,37
1595919658000,76,26
1595919958000,73,51
1595920258000,70,49
1595920558000,72,40
1595920858000,70,42
1595921158000,69,49
1595921458000,72,41
1595921758000,69,64
1595922058000,73,36
1595922358000,73,31
1595922658000,80,13
1595922958000,78,20
1595923258000,73,27
1595923558000,73,26
1595923858000,71,41
1595924158000,67,80
1595924458000,68,52
1595924758000,66,64
1595925058000,65,73
1595925358000,64,86
1595925658000,64,93
1595925958000,66,82
1595926258000,64,89
1595926558000,65,74
1595926858000,66,82
1595927158000,64,105
1595927458000,66,72
1595927758000,68,67
1595928058000,69,62
1595928358000,70,52
1595928658000,72,41
1595928958000,66,91
1595929258000,66,83
1595929558000,67,74
1595929858000,65,92
1595930158000,62,91
1595930458000,62,108
1595930758000,61,122
1595931058000,63,112
1595931358000,60,103
1595931658000,61,114
1595931958000,61,120
1595932258000,62,96
1595932558000,61,114
1595932858000,60,111
1595933158000,61,102
1595933458000,66,70
1595933758000,67,70
1595934058000,71,59
1595934358000,72,47
1595934658000,71,54
1595934958000,72,44
1595935258000,69,64
1595935558000,69,52
1595935858000,71,71
1595936158000,68,56
1595936458000,68,59
1595936758000,69,52
1595937058000,68,64
1595937358000,69,57
1595937658000,69,58
1595937958000,69,53
1595938258000,67,78
1595938558000,68,62
1595938858000,70,56
1595939158000,72,51
1595939458000,69,65
1595939758000,70,58
1595940058000,70,50
1595940358000,72,61
1595940658000,67,71
1595940958000,66,65
1595941258000,69,57
1595941558000,68,52
1595941858000,68,82
1595942158000,67,87
1595942458000,65,93
1595942758000,74,54
1595943058000,81,18
1595943358000,79,24
1595943658000,78,35
1595943958000,76,27
1595944258000,76,39
1595944558000,73,59
1595944858000,72,49
1595945158000,68,89
1595945458000,65,91
1595945758000,66,92
1595946058000,66,75
1595946358000,67,83
1595946658000,66,83
1595946958000,72,53
1595947258000,70,59
1595947558000,75,35
1595947858000,75,35
1595948158000,73,49
1595948458000,71,50
1595948758000,71,48
1595949058000,75,41
1595949358000,76,27
1595949658000,77,26
1595949958000,75,36
1595950258000,75,41
1595950558000,78,27
1595950858000,78,23
1595951158000,78,25
1595951458000,73,40
1595951758000,0,0
1596001441000,0,0
1596001741000,0,0
1596002041000,0,0
1596002341000,79,31
1596002641000,78,51
1596002941000,80,38
1596003241000,79,41
1596003541000,85,25
1596003841000,84,19
1596004141000,81,22
1596004441000,80,21
1596004741000,76,27
1596005041000,76,28
1596005341000,74,33
1596005641000,76,29
1596005941000,78,28
1596006241000,78,16
1596006541000,71,31
1596006841000,70,37
1596007141000,70,32
1596007441000,70,37
1596007741000,69,39
1596008041000,69,38
1596008341000,69,37
1596008641000,68,41
1596008941000,69,38
1596009241000,73,46
1596009541000,77,27
1596009841000,72,49
1596010141000,75,40
1596010441000,73,50
1596010741000,67,64
1596011041000,68,53
1596011341000,65,73
1596011641000,64,103
1596011941000,62,93
1596012241000,62,86
1596012541000,61,100
1596012841000,62,87
1596013141000,61,94
1596013441000,65,85
1596013741000,67,58
1596014041000,72,42
1596014341000,77,23
1596014641000,77,19
1596014941000,0,0
1596015241000,72,59
1596015541000,70,49
1596015841000,68,62
1596016141000,69,62
1596016441000,70,41
1596016741000,70,52
1596017041000,68,66
1596017341000,66,74
1596017641000,67,67
1596017941000,66,67
1596018241000,67,63
1596018541000,66,67
1596018841000,66,74
1596019141000,66,67
1596019441000,65,89
1596019741000,70,47
1596020041000,67,88
1596020341000,73,49
1596020641000,73,52
1596020941000,69,66
1596021241000,68,79
1596021541000,71,57
1596021841000,66,75
1596022141000,67,80
1596022441000,66,65
1596022741000,65,68
1596023041000,66,71
1596023341000,65,82
1596023641000,67,53
1596023941000,66,58
1596024241000,65,63
1596024541000,67,59
1596024841000,63,112
1596025141000,63,95
1596025441000,67,66
1596025741000,68,80
1596026041000,69,63
1596026341000,68,62
1596026641000,67,82
1596026941000,67,76
1596027241000,65,73
1596027541000,65,98
1596027841000,65,67
1596028141000,66,75
1596028441000,62,105
1596028741000,58,131
1596029041000,61,120
1596029341000,62,106
1596029641000,64,90
1596029941000,66,65
1596030241000,71,53
1596030541000,68,63
1596030841000,64,86
1596031141000,63,82
1596031441000,62,121
1596031741000,59,130
1596032041000,59,120
1596032341000,60,130
1596032641000,61,121
1596032941000,66,75
1596033241000,61,129
1596033541000,58,152
1596033841000,65,104
1596034141000,64,134
1596034441000,68,103
1596034741000,65,97
1596035041000,69,85
1596035341000,65,108
1596092132000,0,0
1596092432000,78,34
1596092732000,74,43
1596093032000,76,28
1596093332000,76,32
1596093632000,77,28
1596093932000,74,37
1596094232000,68,73
1596094532000,63,82
1596094832000,65,66
1596095132000,65,70
1596095432000,63,82
1596095732000,62,87
1596096032000,63,70
1596096332000,63,71
1596096632000,63,85
1596096932000,62,83
1596097232000,62,87
1596097532000,62,80
1596097832000,66,85
1596098132000,69,56
1596098432000,71,41
1596098732000,68,55
1596099032000,65,86
1596099332000,61,103
1596099632000,62,116
1596099932000,60,87
1596100232000,61,81
1596100532000,60,82
1596100832000,61,84
1596101132000,62,91
1596101432000,62,88
1596101732000,60,111
1596102032000,61,101
1596102332000,62,82
1596102632000,63,80
1596102932000,62,89
1596103232000,0,0
1596103532000,63,77
1596103832000,63,75
1596104132000,64,104
1596104432000,64,89
1596104732000,64,88
1596105032000,67,77
1596105332000,70,56
1596105632000,64,99
1596105932000,66,86
1596106232000,64,95
1596106532000,63,98
1596106832000,61,104
1596107132000,60,117
1596107432000,61,116
1596107732000,59,118
1596108032000,61,90
1596108332000,60,109
1596108632000,58,132
1596108932000,0,0
1596109232000,0,0
1596109532000,0,0
1596109832000,58,124
1596110132000,62,101
1596110432000,0,0
1596110732000,0,0
1596111032000,71,60
1596111332000,65,71
1596111632000,64,90
1596111932000,61,109
1596112232000,60,113
1596112532000,60,121
1596112832000,65,63
1596113132000,65,70
1596113432000,63,77
1596113732000,63,57
1596114032000,61,131
1596114332000,59,103
1596114632000,57,136
1596114932000,57,134
1596115232000,58,129
1596115532000,58,128
1596115832000,69,63
1596116132000,65,93
1596116432000,62,133
1596116732000,58,128
1596117032000,57,116
1596117332000,57,130
1596117632000,61,124
1596117932000,58,142
1596118232000,57,113
1596118532000,58,119
1596118832000,60,114
1596119132000,58,110
1596119432000,62,91
1596119732000,60,98
1596120032000,0,0
1596120332000,0,0
1596120632000,68,105
1596120932000,67,93
1596121232000,65,80
1596181410000,0,0
1596181710000,72,53
1596182010000,72,49
1596182310000,0,0
1596182610000,73,51
1596182910000,71,56
1596183210000,67,90
1596183510000,64,105
1596183810000,64,101
1596184110000,64,98
1596184410000,63,102
1596184710000,64,92
1596185010000,64,102
1596185310000,64,104
1596185610000,63,92
1596185910000,67,88
1596186210000,71,54
1596186510000,63,124
1596186810000,62,124
1596187110000,62,135
1596187410000,59,124
1596187710000,59,113
1596188010000,58,122
1596188310000,59,131
1596188610000,57,152
1596188910000,57,147
1596189210000,56,166
1596189510000,55,171
1596189810000,56,156
1596190110000,56,125
1596190410000,0,0
1596190710000,64,85
1596191010000,64,100
1596191310000,62,114
1596191610000,57,137
1596191910000,59,136
1596192210000,62,113
1596192510000,59,113
1596192810000,59,112
1596193110000,56,129
1596193410000,56,141
1596193710000,56,126
1596194010000,56,121
1596194310000,57,130
1596194610000,57,137
1596194910000,57,130
1596195210000,57,131
1596195510000,56,138
1596195810000,56,152
1596196110000,68,87
1596196410000,60,131
1596196710000,60,108
1596197010000,59,114
1596197310000,59,103
1596197610000,58,113
1596197910000,57,118
1596198210000,57,113
1596198510000,58,109
1596198810000,58,120
1596199110000,58,117
1596199410000,58,127
1596199710000,57,136
1596200010000,60,102
1596200310000,67,80
1596200610000,66,71
1596200910000,67,72
1596201210000,65,81
1596201510000,66,79
1596201810000,62,83
1596202110000,63,87
1596202410000,62,99
1596202710000,63,56
1596203010000,61,118
1596203310000,58,123
1596203610000,58,123
1596203910000,57,138
1596204210000,57,116
1596204510000,58,116
1596204810000,59,111
1596205110000,60,122
1596205410000,69,57
1596205710000,65,84
1596206010000,64,130
1596206310000,60,125
1596206610000,61,125
1596206910000,63,102
1596207210000,65,100
1596207510000,64,82
1596207810000,56,150
1596208110000,63,122
1596208410000,65,118
1596208710000,67,95
1596209010000,66,106
1596209310000,66,113
1596264450000,76,37
1596264750000,78,32
1596265050000,74,44
1596265350000,69,74
1596265650000,66,77
1596265950000,66,73
1596266250000,65,78
1596266550000,65,81
1596266850000,63,86
1596267150000,62,93
1596267450000,65,91
1596267750000,65,69
1596268050000,64,68
1596268350000,63,72
1596268650000,63,78
1596268950000,63,102
1596269250000,60,128
1596269550000,64,101
1596269850000,66,93
1596270150000,64,108
1596270450000,61,104
1596270750000,61,113
1596271050000,59,134
1596271350000,60,132
1596271650000,58,146
1596271950000,58,141
1596272250000,58,149
1596272550000,58,151
1596272850000,60,135
1596273150000,60,141
1596273450000,60,128
1596273750000,58,107
1596274050000,58,107
1596274350000,58,115
1596274650000,60,113
1596274950000,58,118
1596275250000,65,91
1596275550000,72,41
1596275850000,69,71
1596276150000,64,94
1596276450000,67,68
1596276750000,63,91
1596277050000,68,73
1596277350000,67,72
1596277650000,61,102
1596277950000,61,96
1596278250000,64,58
1596278550000,65,59
1596278850000,63,61
1596279150000,62,93
1596279450000,66,77
1596279750000,65,86
1596280050000,60,111
1596280350000,65,72
1596280650000,63,77
1596280950000,59,99
1596281250000,60,103
1596281550000,67,67
1596281850000,66,61
1596282150000,66,61
1596282450000,66,64
1596282750000,65,67
1596283050000,65,68
1596283350000,65,67
1596283650000,72,49
1596283950000,73,52
1596284250000,71,65
1596284550000,0,0
1596284850000,68,65
1596285150000,68,65
1596285450000,65,87
1596285750000,65,83
1596286050000,61,100
1596286350000,66,62
1596286650000,65,61
1596286950000,59,100
1596287250000,61,105
1596287550000,67,55
1596287850000,66,62
1596288150000,63,99
1596288450000,60,108
1596288750000,63,97
1596289050000,64,79
1596289350000,65,81
1596289650000,62,91
1596289950000,70,57
1596290250000,65,86
1596290550000,65,83
1596290850000,64,87
1596291150000,62,96
1596291450000,62,77
1596291750000,62,100
1596292050000,62,77
1596292350000,63,80
1596292650000,61,92
1596292950000,61,90
1596293250000,67,67
1596293550000,69,67
1596293850000,68,68
1596294150000,0,0
1596294450000,68,62
1596294750000,65,89
1596295050000,62,72
1596295350000,67,71
1596295650000,61,96
1596295950000,62,80
1596296250000,63,88
1596296550000,63,88
1596296850000,65,80
1596297150000,64,90
1596297450000,75,81
1596297750000,71,80
1596298050000,69,87
1596298350000,71,71
1596298650000,68,81
1596298950000,71,68
1596299250000,72,69
1596299550000,70,69
1596357270000,0,0
1596357570000,71,43
1596357870000,69,56
1596358170000,71,49
1596358470000,69,68
1596358770000,71,46
1596359070000,74,39
1596359370000,72,34
1596359670000,70,31
1596359970000,71,27
1596360270000,71,30
1596360570000,71,29
1596360870000,72,27
1596361170000,72,27
1596361470000,72,31
1596361770000,73,30
1596362070000,73,28
1596362370000,74,30
1596362670000,72,38
1596362970000,75,30
1596363270000,74,42
1596363570000,73,32
1596363870000,72,24
1596364170000,72,28
1596364470000,69,41
1596364770000,69,41
1596365070000,69,44
1596365370000,68,56
1596365670000,60,83
1596365970000,59,99
1596366270000,59,101
1596366570000,61,104
1596366870000,60,97
1596367170000,60,94
1596367470000,61,71
1596367770000,62,77
1596368070000,64,79
1596368370000,70,55
1596368670000,75,48
1596368970000,64,83
1596369270000,63,81
1596369570000,64,89
1596369870000,63,94
1596370170000,63,75
1596370470000,63,70
1596370770000,61,88
1596371070000,62,95
1596371370000,61,81
1596371670000,58,102
1596371970000,59,115
1596372270000,60,85
1596372570000,60,87
1596372870000,59,102
1596373170000,61,89
1596373470000,61,112
1596373770000,61,115
1596374070000,58,122
1596374370000,58,122
1596374670000,61,100
1596374970000,62,103
1596375270000,66,72
1596375570000,58,103
1596375870000,58,105
1596376170000,57,111
1596376470000,60,111
1596376770000,58,125
1596377070000,55,121
1596377370000,58,96
1596377670000,57,122
1596377970000,57,117
1596378270000,59,101
1596378570000,58,117
1596378870000,65,96
1596379170000,68,66
1596379470000,67,54
1596379770000,74,27
1596380070000,65,81
1596380370000,66,77
1596380670000,64,74
1596380970000,62,96
1596381270000,63,99
1596381570000,55,158
1596381870000,61,115
1596382170000,58,111
1596382470000,66,75
1596382770000,63,75
1596383070000,65,75
1596383370000,68,66
1596383670000,74,58
1596383970000,74,50
1596384270000,69,63
1596384570000,67,71
1596384870000,68,59
1596385170000,66,67
1596385470000,66,58
1596385770000,0,0
1596386070000,68,76
1596386370000,69,36
1596386670000,70,62
1596386970000,0,0
1596439559000,0,0
1596439859000,69,74
1596440159000,70,49
1596440459000,70,51
1596440759000,63,103
1596441059000,63,82
1596441359000,62,81
1596441659000,62,76
1596441959000,63,70
1596442259000,64,65
1596442559000,68,58
1596442859000,67,91
1596443159000,61,86
1596443459000,60,112
1596443759000,62,85
1596444059000,59,110
1596444359000,59,97
1596444659000,61,95
1596444959000,62,87
1596445259000,72,41
1596445559000,68,54
1596445859000,67,73
1596446159000,65,88
1596446459000,62,73
1596446759000,62,75
1596447059000,61,101
1596447359000,60,103
1596447659000,59,144
1596447959000,60,97
1596448259000,59,119
1596448559000,59,139
1596448859000,61,120
1596449159000,64,93
1596449459000,59,127
1596449759000,56,165
1596450059000,58,148
1596450359000,60,134
1596450659000,61,92
1596450959000,67,82
1596451259000,64,105
1596451559000,60,102
1596451859000,61,96
1596452159000,63,82
1596452459000,61,87
1596452759000,61,89
1596453059000,61,82
1596453359000,60,95
1596453659000,60,99
1596453959000,59,88
1596454259000,60,95
1596454559000,59,97
1596454859000,58,115
1596455159000,59,104
1596455459000,63,114
1596455759000,61,85
1596456059000,62,74
1596456359000,62,105
1596456659000,58,104
1596456959000,60,69
1596457259000,63,69
1596457559000,64,42
1596457859000,64,63
1596458159000,63,63
1596458459000,63,76
1596458759000,56,107
1596459059000,57,106
1596459359000,62,86
1596459659000,70,50
1596459959000,72,29
1596460259000,70,43
1596460559000,68,50
1596460859000,67,56
1596461159000,68,59
1596461459000,65,47
1596461759000,69,34
1596462059000,71,45
1596462359000,67,49
1596462659000,65,55
1596462959000,59,102
1596463259000,57,104
1596463559000,57,98
1596463859000,58,86
1596464159000,58,85
1596464459000,60,90
1596464759000,63,91
1596465059000,62,71
1596465359000,59,111
1596465659000,60,84
1596465959000,58,117
1596466259000,69,56
1596466559000,69,66
1596466859000,61,97
1596467159000,63,99
1596467459000,64,93
1596467759000,63,95
1596468059000,63,87
1596468359000,62,131
1596468659000,0,0
1596468959000,0,0
1596523621000,76,35
1596523921000,73,51
1596524221000,73,42
1596524521000,64,81
1596524821000,62,87
1596525121000,63,82
1596525421000,62,88
1596525721000,62,86
1596526021000,62,87
1596526321000,63,80
1596526621000,0,0
1596526921000,0,0
1596527221000,0,0
1596527521000,58,113
1596527821000,63,94
1596528121000,63,106
1596528421000,63,107
1596528721000,64,92
1596529021000,64,81
1596529321000,64,76
1596529621000,63,84
1596529921000,62,86
1596530221000,61,93
1596530521000,57,135
1596530821000,57,124
1596531121000,57,124
1596531421000,58,121
1596531721000,59,130
1596532021000,60,123
1596532321000,57,146
1596532621000,56,144
1596532921000,57,135
1596533221000,56,138
1596533521000,56,142
1596533821000,57,137
1596534121000,56,137
1596534421000,58,113
1596534721000,61,95
1596535021000,64,87
1596535321000,70,48
1596535621000,63,110
1596535921000,64,61
1596536221000,59,118
1596536521000,58,133
1596536821000,61,96
1596537121000,58,126
1596537421000,57,135
1596537721000,57,123
1596538021000,55,117
1596538321000,55,120
1596538621000,55,122
1596538921000,55,128
1596539221000,56,126
1596539521000,55,119
1596539821000,56,142
1596540121000,54,141
1596540421000,56,119
1596540721000,55,127
1596541021000,58,138
1596541321000,58,125
1596541621000,61,91
1596541921000,0,0
1596542221000,55,121
1596542521000,57,110
1596542821000,55,124
1596543121000,57,109
1596543421000,57,100
1596543721000,58,94
1596544021000,58,89
1596544321000,57,104
1596544621000,56,107
1596544921000,56,119
1596545221000,59,98
1596545521000,63,74
1596545821000,58,110
1596546121000,61,104
1596546421000,58,133
1596546721000,56,146
1596547021000,55,157
1596547321000,57,115
1596547621000,58,129
1596547921000,56,130
1596548221000,61,115
1596548521000,59,113
1596548821000,57,118
1596549121000,57,110
1596549421000,58,111
1596549721000,0,0
1596550021000,0,0
1596550321000,0,0
1596550621000,55,123
1596550921000,0,0
1596551221000,60,109
1596551521000,61,98
1596551821000,60,111
1596552121000,57,134
1596552421000,58,126
1596552721000,58,120
1596553021000,0,0
1596553321000,58,110
1596553621000,59,103
1596553921000,62,107
1596554221000,61,154
1596554521000,62,120
1596554821000,0,0
1596611521000,0,0
1596611821000,0,0
1596612121000,0,0
1596612421000,72,46
1596612721000,72,41
1596613021000,69,57
1596613321000,72,43
1596613621000,70,58
1596613921000,64,88
1596614221000,61,102
1596614521000,59,120
1596614821000,59,110
1596615121000,59,107
1596615421000,59,108
1596615721000,59,108
1596616021000,59,102
1596616321000,58,96
1596616621000,58,106
1596616921000,58,92
1596617221000,59,94
1596617521000,59,110
1596617821000,60,107
1596618121000,60,92
1596618421000,67,56
1596618721000,63,88
1596619021000,62,88
1596619321000,62,83
1596619621000,62,77
1596619921000,60,84
1596620221000,60,76
1596620521000,60,78
1596620821000,59,84
1596621121000,60,88
1596621421000,60,85
1596621721000,59,104
1596622021000,61,103
1596622321000,61,90
1596622621000,60,88
1596622921000,62,82
1596623221000,61,94
1596623521000,63,81
1596623821000,69,55
1596624121000,66,65
1596624421000,70,58
1596624721000,64,69
1596625021000,67,46
1596625321000,65,68
1596625621000,63,79
1596625921000,62,85
1596626221000,63,75
1596626521000,62,82
1596626821000,59,97
1596627121000,58,93
1596627421000,58,109
1596627721000,57,81
1596628021000,59,91
1596628321000,57,101
1596628621000,58,102
1596628921000,59,99
1596629221000,57,109
1596629521000,59,99
1596629821000,57,121
1596630121000,58,105
1596630421000,60,86
1596630721000,61,87
1596631021000,64,62
1596631321000,0,0
1596631621000,61,116
1596631921000,60,92
1596632221000,59,93
1596632521000,59,113
1596632821000,63,78
1596633121000,63,73
1596633421000,64,74
1596633721000,62,82
1596634021000,64,70
1596634321000,57,116
1596634621000,58,103
1596634921000,57,119
1596635221000,58,100
1596635521000,58,102
1596635821000,58,110
1596636121000,60,94
1596636421000,60,104
1596636721000,66,75
1596637021000,64,66
1596637321000,65,69
1596637621000,63,99
1596637921000,59,113
1596638221000,59,107
1596638521000,59,106
1596638821000,59,105
1596639121000,59,102
1596639421000,62,75
1596639721000,62,75
1596640021000,59,105
1596640321000,59,111
1596640621000,63,82
1596640921000,61,103
1596641221000,63,90
1596641521000,61,88
1596641821000,63,85
1596642121000,63,87
1596642421000,66,115
1596642721000,69,76
1596643021000,69,60
1596643321000,72,52
1596643621000,69,50
1596643921000,69,61
1596644221000,71,71
1596644521000,0,0
1596693658000,0,0
1596693958000,0,0
1596694258000,75,43
1596694558000,75,41
1596694858000,76,38
1596695158000,75,44
1596695458000,81,26
1596695758000,82,19
1596696058000,77,28
1596696358000,74,33
1596696658000,73,35
1596696958000,73,32
1596697258000,74,27
1596697558000,73,28
1596697858000,74,27
1596698158000,75,25
1596698458000,77,22
1596698758000,76,24
1596699058000,75,31
1596699358000,74,31
1596699658000,76,38
1596699958000,69,54
1596700258000,68,62
1596700558000,71,47
1596700858000,70,53
1596701158000,66,69
1596701458000,63,67
1596701758000,63,62
1596702058000,65,63
1596702358000,65,75
1596702658000,63,83
1596702958000,65,73
1596703258000,61,89
1596703558000,65,63
1596703858000,67,62
1596704158000,63,74
1596704458000,65,83
1596704758000,61,125
1596705058000,67,70
1596705358000,64,98
1596705658000,65,96
1596705958000,62,102
1596706258000,64,89
1596706558000,65,79
1596706858000,64,92
1596707158000,66,71
1596707458000,65,73
1596707758000,66,77
1596708058000,62,88
1596708358000,64,75
1596708658000,64,73
1596708958000,63,74
1596709258000,63,82
1596709558000,62,90
1596709858000,61,103
1596710158000,61,104
1596710458000,64,88
1596710758000,64,78
1596711058000,65,66
1596711358000,71,47
1596711658000,69,32
1596711958000,65,85
1596712258000,67,54
1596712558000,67,50
1596712858000,66,48
1596713158000,64,69
1596713458000,63,67
1596713758000,63,66
1596714058000,61,73
1596714358000,63,70
1596714658000,65,69
1596714958000,64,71
1596715258000,64,76
1596715558000,63,86
1596715858000,62,86
1596716158000,63,88
1596716458000,60,103
1596716758000,64,76
1596717058000,64,72
1596717358000,63,94
1596717658000,65,73
1596717958000,65,78
1596718258000,63,101
1596718558000,68,62
1596718858000,68,73
1596719158000,59,111
1596719458000,60,108
1596719758000,59,112
1596720058000,61,97
1596720358000,60,106
1596720658000,62,89
1596720958000,59,111
1596721258000,62,103
1596721558000,65,80
1596721858000,61,95
1596722158000,62,96
1596722458000,63,83
1596722758000,62,74
1596723058000,59,126
1596723358000,62,93
1596723658000,0,0
1596723958000,65,90
1596724258000,62,90
1596724558000,66,66
1596724858000,65,96
1596725158000,64,98
1596725458000,65,78
1596725758000,65,66
1596726058000,67,76
1596726358000,70,56
1596782339000,0,0
1596782639000,75,34
1596782939000,72,45
1596783239000,70,45
1596783539000,70,39
1596783839000,70,39
1596784139000,72,35
1596784439000,73,33
1596784739000,73,33
1596785039000,73,50
1596785339000,63,89
1596785639000,63,97
1596785939000,64,81
1596786239000,66,75
1596786539000,64,66
1596786839000,65,55
1596787139000,66,71
1596787439000,63,83
1596787739000,63,78
1596788039000,61,79
1596788339000,63,91
1596788639000,62,96
1596788939000,63,86
1596789239000,59,106
1596789539000,59,100
1596789839000,58,104
1596790139000,60,108
1596790439000,67,57
1596790739000,71,50
1596791039000,62,91
1596791339000,61,79
1596791639000,62,71
1596791939000,61,96
1596792239000,59,89
1596792539000,59,74
1596792839000,62,86
1596793139000,60,87
1596793439000,61,82
1596793739000,60,97
1596794039000,60,92
1596794339000,59,100
1596794639000,60,88
1596794939000,64,89
1596795239000,60,115
1596795539000,58,110
1596795839000,58,97
1596796139000,58,92
1596796439000,70,56
1596796739000,65,75
1596797039000,66,74
1596797339000,65,65
1596797639000,65,65
1596797939000,65,61
1596798239000,67,51
1596798539000,68,51
1596798839000,61,110
1596799139000,63,70
1596799439000,63,79
1596799739000,62,107
1596800039000,59,113
1596800339000,0,0
1596800639000,0,0
1596800939000,0,0
1596801239000,67,69
1596801539000,67,59
1596801839000,69,56
1596802139000,65,66
1596802439000,0,0
1596802739000,0,0
1596803039000,0,0
1596803339000,0,0
1596803639000,0,0
1596803939000,0,0
1596804239000,0,0
1596804539000,64,88
1596804839000,62,97
1596805139000,68,66
1596805439000,69,52
1596805739000,67,66
1596806039000,71,45
1596806339000,71,59
1596806639000,70,59
1596806939000,68,71
1596807239000,0,0
1596807539000,0,0
1596807839000,61,102
1596808139000,60,106
1596808439000,61,102
1596808739000,61,80
1596809039000,61,98
1596809339000,62,103
1596809639000,61,102
1596809939000,64,80
1596810239000,64,93
1596810539000,67,75
1596810839000,69,59
1596811139000,66,69
1596811439000,67,70
1596811739000,68,69
1596812039000,63,100
1596812339000,0,0
1596812639000,74,68
1596812939000,70,71
1596813239000,72,70
1596813539000,68,87
1596813839000,68,77
1596869850000,0,0
1596870150000,73,39
1596870450000,71,54
1596870750000,69,55
1596871050000,68,54
1596871350000,68,59
1596871650000,68,55
1596871950000,67,63
1596872250000,66,67
1596872550000,67,63
1596872850000,67,67
1596873150000,67,62
1596873450000,66,93
1596873750000,68,63
1596874050000,68,64
1596874350000,66,64
1596874650000,64,65
1596874950000,68,58
1596875250000,66,63
1596875550000,63,90
1596875850000,62,87
1596876150000,60,100
1596876450000,59,109
1596876750000,61,119
1596877050000,58,119
1596877350000,65,91
1596877650000,67,84
1596877950000,71,48
1596878250000,69,52
1596878550000,74,34
1596878850000,72,32
1596879150000,0,0
1596879450000,70,50
1596879750000,68,51
1596880050000,69,52
1596880350000,68,79
1596880650000,67,58
1596880950000,0,0
1596881250000,60,111
1596881550000,61,97
1596881850000,62,84
1596882150000,62,81
1596882450000,60,103
1596882750000,61,85
1596883050000,62,94
1596883350000,63,82
1596883650000,62,83
1596883950000,62,101
1596884250000,65,72
1596884550000,65,75
1596884850000,64,94
1596885150000,70,48
1596885450000,70,53
1596885750000,63,81
1596886050000,67,62
1596886350000,67,68
1596886650000,66,67
1596886950000,65,72
1596887250000,65,69
1596887550000,64,70
1596887850000,0,0
1596888150000,0,0
1596888450000,64,85
1596888750000,65,93
1596889050000,61,112
1596889350000,61,104
1596889650000,63,96
1596889950000,61,101
1596890250000,64,85
1596890550000,64,96
1596890850000,68,71
1596891150000,66,64
1596891450000,66,72
1596891750000,61,90
1596892050000,0,0
1596892350000,61,96
1596892650000,63,102
1596892950000,66,70
1596893250000,62,93
1596893550000,63,84
1596893850000,64,87
1596894150000,65,85
1596894450000,66,85
1596894750000,65,89
1596895050000,0,0
1596895350000,0,0
1596895650000,73,42
1596895950000,69,58
1596896250000,72,53
1596896550000,70,57
1596896850000,0,0
1596897150000,68,66
1596897450000,60,110
1596897750000,61,104
1596898050000,62,89
1596898350000,63,93
1596898650000,65,88
1596898950000,64,83
1596899250000,0,0
1596955351000,0,0
1596955651000,0,0
1596955951000,0,0
1596956251000,76,32
1596956551000,71,44
1596956851000,70,49
1596957151000,69,45
1596957451000,70,39
1596957751000,70,42
1596958051000,70,41
1596958351000,70,45
1596958651000,69,45
1596958951000,70,40
1596959251000,70,40
1596959551000,70,41
1596959851000,70,39
1596960151000,71,44
1596960451000,70,48
1596960751000,73,46
1596961051000,79,26
1596961351000,74,36
1596961651000,73,31
1596961951000,67,66
1596962251000,69,69
1596962551000,67,68
1596962851000,66,72
1596963151000,65,64
1596963451000,65,76
1596963751000,62,95
1596964051000,64,86
1596964351000,63,87
1596964651000,62,88
1596964951000,61,99
1596965251000,64,90
1596965551000,63,85
1596965851000,66,72
1596966151000,66,84
1596966451000,72,40
1596966751000,75,39
1596967051000,69,48
1596967351000,65,69
1596967651000,68,60
1596967951000,73,33
1596968251000,69,41
1596968551000,66,64
1596968851000,70,61
1596969151000,68,59
1596969451000,67,59
1596969751000,66,64
1596970051000,65,64
1596970351000,64,78
1596970651000,65,69
1596970951000,64,71
1596971251000,64,84
1596971551000,64,85
1596971851000,63,69
1596972151000,63,71
1596972451000,61,98
1596972751000,65,64
1596973051000,70,63
1596973351000,70,57
1596973651000,70,54
1596973951000,62,95
1596974251000,61,81
1596974551000,62,95
1596974851000,64,79
1596975151000,64,83
1596975451000,71,81
1596975751000,77,37
1596976051000,68,57
1596976351000,67,56
1596976651000,65,68
1596976951000,67,68
1596977251000,72,43
1596977551000,65,78
1596977851000,69,68
1596978151000,69,58
1596978451000,69,63
1596978751000,68,68
1596979051000,64,79
1596979351000,62,95
1596979651000,64,74
1596979951000,64,76
1596980251000,63,99
1596980551000,64,85
1596980851000,67,69
1596981151000,69,58
1596981451000,65,84
1596981751000,68,69
1596982051000,69,62
1596982351000,67,58
1596982651000,67,67
1596982951000,67,77
1596983251000,64,79
1596983551000,64,76
1596983851000,64,73
1596984151000,63,89
1596984451000,63,79
1596984751000,63,82
1596985051000,65,94
1596985351000,66,91
1596985651000,68,65
1596985951000,70,53
1596986251000,67,76
1596986551000,66,92
1596986851000,65,82
1596987151000,64,88
1596987451000,64,87
1596987751000,63,95
1596988051000,67,84
1596988351000,64,99
1596988651000,66,65
1596988951000,67,72
1596989251000,73,80
1596989551000,69,89
1596989851000,72,72
1596990151000,72,76
1596990451000,71,65
1596990751000,71,79
1597042528000,80,31
1597042828000,81,24
1597043128000,76,33
1597043428000,77,28
1597043728000,78,24
1597044028000,81,22
1597044328000,83,19
1597044628000,78,24
1597044928000,73,34
1597045228000,72,38
1597045528000,72,33
1597045828000,75,26
1597046128000,76,34
1597046428000,75,30
1597046728000,74,36
1597047028000,68,48
1597047328000,68,44
1597047628000,70,52
1597047928000,73,39
1597048228000,76,27
1597048528000,74,38
1597048828000,71,51
1597049128000,68,50
1597049428000,68,49
1597049728000,69,43
1597050028000,71,54
1597050328000,66,53
1597050628000,66,57
1597050928000,65,56
1597051228000,64,66
1597051528000,64,72
1597051828000,65,61
1597052128000,64,85
1597052428000,65,63
1597052728000,73,37
1597053028000,70,43
1597053328000,68,63
1597053628000,69,52
1597053928000,70,49
1597054228000,69,61
1597054528000,67,67
1597054828000,67,73
1597055128000,65,86
1597055428000,65,78
1597055728000,64,73
1597056028000,63,82
1597056328000,0,0
1597056628000,0,0
1597056928000,0,0
1597057228000,63,95
1597057528000,60,98
1597057828000,61,85
1597058128000,62,75
1597058428000,61,91
1597058728000,63,95
1597059028000,71,41
1597059328000,70,54
1597059628000,70,49
1597059928000,66,82
1597060228000,66,83
1597060528000,66,70
1597060828000,66,67
1597061128000,62,77
1597061428000,62,83
1597061728000,62,89
1597062028000,61,88
1597062328000,63,79
1597062628000,62,68
1597062928000,62,83
1597063228000,61,79
1597063528000,61,77
1597063828000,59,111
1597064128000,61,94
1597064428000,66,69
1597064728000,64,93
1597065028000,63,89
1597065328000,66,77
1597065628000,61,105
1597065928000,68,70
1597066228000,63,102
1597066528000,63,96
1597066828000,60,126
1597067128000,66,75
1597067428000,62,100
1597067728000,61,94
1597068028000,63,75
1597068328000,66,73
1597068628000,78,46
1597068928000,75,53
1597069228000,71,59
1597069528000,64,79
1597125773000,0,0
1597126073000,83,18
1597126373000,83,19
1597126673000,78,31
1597126973000,74,33
1597127273000,74,36
1597127573000,75,30
1597127873000,74,32
1597128173000,74,33
1597128473000,74,31
1597128773000,75,31
1597129073000,76,28
1597129373000,75,29
1597129673000,75,31
1597129973000,77,31
1597130273000,75,41
1597130573000,76,43
1597130873000,78,31
1597131173000,74,39
1597131473000,73,39
1597131773000,73,39
1597132073000,72,42
1597132373000,72,43
1597132673000,73,51
1597132973000,72,53
1597133273000,72,53
1597133573000,72,50
1597133873000,72,47
1597134173000,70,51
1597134473000,71,46
1597134773000,74,47
1597135073000,72,56
1597135373000,71,51
1597135673000,79,15
1597135973000,83,11
1597136273000,78,24
1597136573000,76,31
1597136873000,78,28
1597137173000,77,30
1597137473000,73,38
1597137773000,73,41
1597138073000,71,52
1597138373000,69,58
1597138673000,69,57
1597138973000,66,80
1597139273000,66,56
1597139573000,65,56
1597139873000,67,86
1597140173000,65,62
1597140473000,63,79
1597140773000,65,75
1597141073000,63,87
1597141373000,62,93
1597141673000,61,95
1597141973000,64,86
1597142273000,64,92
1597142573000,65,80
1597142873000,65,77
1597143173000,64,76
1597143473000,63,87
1597143773000,62,86
1597144073000,61,84
1597144373000,61,89
1597144673000,63,76
1597144973000,61,108
1597145273000,63,105
1597145573000,61,92
1597145873000,61,116
1597146173000,62,100
1597146473000,69,59
1597146773000,70,83
1597147073000,67,83
1597147373000,64,102
1597147673000,64,92
1597147973000,66,73
1597148273000,64,85
1597148573000,63,67
1597148873000,64,107
1597149173000,65,88
1597149473000,64,85
1597149773000,63,82
1597150073000,63,91
1597150373000,64,76
1597150673000,66,73
1597150973000,68,61
1597151273000,65,105
1597151573000,66,84
1597151873000,74,44
1597152173000,68,59
1597152473000,69,53
1597152773000,66,74
1597153073000,69,76
1597153373000,66,71
1597153673000,66,75
1597153973000,67,83
1597154273000,65,77
1597154573000,66,66
1597154873000,66,82
1597155173000,0,0
1597155473000,75,53
1597213050000,76,31
1597213350000,71,47
1597213650000,70,53
1597213950000,71,45
1597214250000,74,39
1597214550000,74,38
1597214850000,76,35
1597215150000,78,33
1597215450000,76,31
1597215750000,74,36
1597216050000,73,48
1597216350000,71,40
1597216650000,72,37
1597216950000,73,36
1597217250000,72,37
1597217550000,72,44
1597217850000,75,40
1597218150000,74,47
1597218450000,79,22
1597218750000,78,29
1597219050000,79,30
1597219350000,74,49
1597219650000,70,37
1597219950000,73,39
1597220250000,75,47
1597220550000,78,34
1597220850000,76,42
1597221150000,72,44
1597221450000,70,64
1597221750000,67,54
1597222050000,66,45
1597222350000,68,52
1597222650000,65,70
1597222950000,67,60
1597223250000,66,65
1597223550000,66,65
1597223850000,66,84
1597224150000,66,86
1597224450000,72,52
1597224750000,72,66
1597225050000,72,55
1597225350000,73,44
1597225650000,72,43
1597225950000,71,64
1597226250000,66,80
1597226550000,66,71
1597226850000,67,65
1597227150000,65,80
1597227450000,64,79
1597227750000,64,95
1597228050000,67,76
1597228350000,65,78
1597228650000,68,78
1597228950000,65,88
1597229250000,72,42
1597229550000,70,67
1597229850000,69,73
1597230150000,69,58
1597230450000,68,63
1597230750000,70,60
1597231050000,69,50
1597231350000,68,68
1597231650000,67,60
1597231950000,68,50
1597232250000,66,73
1597232550000,66,76
1597232850000,68,77
1597233150000,65,87
1597233450000,66,78
1597233750000,70,78
1597234050000,65,81
1597234350000,69,62
1597234650000,71,65
1597234950000,71,53
1597235250000,71,59
1597235550000,71,49
1597235850000,68,64
1597236150000,69,61
1597236450000,68,61
1597236750000,64,96
1597237050000,70,74
1597237350000,66,83
1597237650000,65,101
1597237950000,65,104
1597238250000,72,50
1597238550000,69,70
1597238850000,69,56
1597239150000,67,85
1597239450000,65,111
1597239750000,64,97
1597240050000,66,102
1597240350000,77,51
1597240650000,73,65
1597240950000,75,57
1597241250000,72,90
1597241550000,77,54
1597241850000,77,47
1597242150000,0,0
1597298791000,0,0
1597299091000,0,0
1597299391000,0,0
1597299691000,75,33
1597299991000,75,42
1597300291000,71,47
1597300591000,71,42
1597300891000,68,42
1597301191000,72,31
1597301491000,72,50
1597301791000,67,52
1597302091000,68,48
1597302391000,69,41
1597302691000,69,46
1597302991000,72,54
1597303291000,71,64
1597303591000,73,46
1597303891000,68,75
1597304191000,67,62
1597304491000,67,54
1597304791000,67,66
1597305091000,63,83
1597305391000,63,90
1597305691000,66,74
1597305991000,68,49
1597306291000,67,46
1597306591000,68,48
1597306891000,69,44
1597307191000,68,40
1597307491000,69,77
1597307791000,72,50
1597308091000,74,46
1597308391000,71,51
1597308691000,70,55
1597308991000,73,40
1597309291000,74,51
1597309591000,67,75
1597309891000,69,43
1597310191000,69,59
1597310491000,67,64
1597310791000,69,49
1597311091000,68,44
1597311391000,68,57
1597311691000,69,52
1597311991000,69,47
1597312291000,70,54
1597312591000,73,45
1597312891000,79,30
1597313191000,80,20
1597313491000,76,36
1597313791000,76,32
1597314091000,0,0
1597314391000,74,45
1597314691000,73,52
1597314991000,71,58
1597315291000,71,44
1597315591000,70,40
1597315891000,71,54
1597316191000,71,38
1597316491000,71,34
1597316791000,71,40
1597317091000,71,43
1597317391000,72,42
1597317691000,67,77
1597317991000,69,58
1597318291000,73,38
1597318591000,73,48
1597318891000,73,57
1597319191000,70,69
1597319491000,70,62
1597319791000,74,56
1597320091000,71,68
1597320391000,70,66
1597320691000,69,67
1597320991000,71,46
1597321291000,72,32
1597321591000,72,33
1597321891000,68,75
1597322191000,70,48
1597322491000,70,52
1597322791000,69,59
1597323091000,70,48
1597323391000,69,79
1597323691000,69,65
1597323991000,67,73
1597324291000,74,46
1597324591000,71,68
1597324891000,69,78
1597325191000,70,79
1597325491000,72,68
1597325791000,71,61
1597326091000,71,71
1597326391000,67,90
1597326691000,69,86
1597326991000,68,83
1597327291000,68,83
1597327591000,70,93
1597327891000,74,61
1597328191000,77,53
1597328491000,76,45
1597328791000,75,45
1597329091000,80,33
1597329391000,78,38
1597329691000,75,53
1597386149000,73,35
1597386449000,71,42
1597386749000,72,40
1597387049000,71,45
1597387349000,69,55
1597387649000,68,61
1597387949000,69,53
1597388249000,69,53
1597388549000,69,55
1597388849000,68,65
1597389149000,69,54
1597389449000,68,55
1597389749000,68,57
1597390049000,68,57
1597390349000,68,59
1597390649000,69,71
1597390949000,68,73
1597391249000,72,46
1597391549000,75,34
1597391849000,69,53
1597392149000,65,66
1597392449000,65,64
1597392749000,66,76
1597393049000,61,91
1597393349000,62,96
1597393649000,62,81
1597393949000,61,84
1597394249000,60,94
1597394549000,60,106
1597394849000,61,88
1597395149000,60,99
1597395449000,59,104
1597395749000,70,56
1597396049000,65,64
1597396349000,61,112
1597396649000,60,106
1597396949000,60,109
1597397249000,60,111
1597397549000,59,101
1597397849000,59,91
1597398149000,58,114
1597398449000,58,116
1597398749000,57,112
1597399049000,57,118
1597399349000,58,125
1597399649000,56,129
1597399949000,57,124
1597400249000,62,94
1597400549000,66,70
1597400849000,70,52
1597401149000,71,54
1597401449000,70,40
1597401749000,73,53
1597402049000,0,0
1597402349000,64,103
1597402649000,59,108
1597402949000,57,125
1597403249000,58,110
1597403549000,60,116
1597403849000,60,113
1597404149000,58,111
1597404449000,59,111
1597404749000,60,102
1597405049000,61,110
1597405349000,61,111
1597405649000,63,103
1597405949000,70,56
1597406249000,65,77
1597406549000,66,73
1597406849000,66,73
1597407149000,68,82
1597407449000,63,73
1597407749000,64,89
1597408049000,64,89
1597408349000,64,82
1597408649000,64,85
1597408949000,64,68
1597409249000,62,100
1597409549000,63,89
1597409849000,63,95
1597410149000,64,90
1597410449000,62,121
1597410749000,70,72
1597411049000,65,84
1597411349000,67,71
1597411649000,72,57
1597411949000,68,73
1597412249000,69,64
1597412549000,0,0
1597412849000,66,69
1597413149000,60,120
1597413449000,58,113
1597413749000,70,66
1597414049000,74,64
1597414349000,74,61
1597414649000,74,56
1597414949000,74,58
1597415249000,75,45
1597471933000,0,0
1597472233000,80,42
1597472533000,76,49
1597472833000,74,44
1597473133000,74,41
1597473433000,73,43
1597473733000,74,40
1597474033000,75,40
1597474333000,78,38
1597474633000,79,39
1597474933000,79,37
1597475233000,72,61
1597475533000,72,56
1597475833000,72,56
1597476133000,71,58
1597476433000,71,56
1597476733000,76,41
1597477033000,72,46
1597477333000,72,61
1597477633000,69,63
1597477933000,70,63
1597478233000,72,51
1597478533000,74,51
1597478833000,72,45
1597479133000,72,46
1597479433000,72,44
1597479733000,71,40
1597480033000,72,43
1597480333000,75,36
1597480633000,75,41
1597480933000,74,57
1597481233000,82,34
1597481533000,90,11
1597481833000,86,21
1597482133000,85,20
1597482433000,81,22
1597482733000,83,20
1597483033000,78,39
1597483333000,73,43
1597483633000,77,41
1597483933000,76,40
1597484233000,72,44
1597484533000,72,57
1597484833000,74,39
1597485133000,75,35
1597485433000,73,48
1597485733000,72,60
1597486033000,68,59
1597486333000,69,62
1597486633000,72,56
1597486933000,71,53
1597487233000,78,17
1597487533000,73,47
1597487833000,78,22
1597488133000,77,34
1597488433000,77,29
1597488733000,73,56
1597489033000,72,49
1597489333000,73,45
1597489633000,72,51
1597489933000,71,67
1597490233000,69,58
1597490533000,68,63
1597490833000,69,54
1597491133000,69,78
1597491433000,65,89
1597491733000,66,77
1597492033000,67,74
1597492333000,66,78
1597492633000,65,100
1597492933000,70,59
1597493233000,70,57
1597493533000,68,66
1597493833000,72,69
1597494133000,68,80
1597494433000,69,78
1597494733000,69,72
1597495033000,65,94
1597495333000,66,94
1597495633000,66,78
1597495933000,66,80
1597496233000,66,76
1597496533000,67,75
1597496833000,70,65
1597497133000,79,35
1597497433000,78,35
1597497733000,0,0
1597498033000,0,0
1597498333000,76,60
1597498633000,71,62
1597498933000,71,57
1597499233000,70,62
1597499533000,72,42
1597499833000,71,42
1597500133000,72,49
1597500433000,72,43
1597500733000,71,47
1597501033000,72,48
1597501333000,67,98
1597501633000,63,124
1597501933000,71,81
1597502233000,73,82
1597502533000,69,89
1597502833000,71,71
1597503133000,66,98
1597503433000,68,95
1597503733000,70,69
1597504033000,72,58
1597504333000,72,88
1597504633000,0,0
1597504933000,69,65
1597505233000,69,89
1597505533000,76,63
1597505833000,74,72
1597559850000,63,107
1597560150000,64,95
1597560450000,64,78
1597560750000,65,69
1597561050000,66,63
1597561350000,66,65
1597561650000,68,59
1597561950000,66,66
1597562250000,65,70
1597562550000,67,93
1597562850000,65,103
1597563150000,68,74
1597563450000,70,65
1597563750000,71,62
1597564050000,70,74
1597564350000,63,101
1597564650000,62,80
1597564950000,65,72
1597565250000,65,70
1597565550000,64,81
1597565850000,65,76
1597566150000,61,122
1597566450000,62,88
1597566750000,64,93
1597567050000,64,83
1597567350000,66,62
1597567650000,67,57
1597567950000,68,59
1597568250000,71,55
1597568550000,73,65
1597568850000,77,27
1597569150000,80,20
1597569450000,78,29
1597569750000,79,23
1597570050000,79,23
1597570350000,75,38
1597570650000,73,45
1597570950000,67,61
1597571250000,69,62
1597571550000,68,61
1597571850000,68,70
1597572150000,68,83
1597572450000,67,80
1597572750000,67,71
1597573050000,67,81
1597573350000,65,75
1597573650000,66,60
1597573950000,69,64
1597574250000,65,88
1597574550000,72,32
1597574850000,74,43
1597575150000,75,45
1597575450000,69,79
1597575750000,68,58
1597576050000,69,49
1597576350000,68,62
1597576650000,66,80
1597576950000,66,90
1597577250000,64,86
1597577550000,64,87
1597577850000,61,110
1597578150000,61,112
1597578450000,61,118
1597578750000,62,104
1597579050000,61,121
1597579350000,61,106
1597579650000,64,81
1597579950000,64,102
1597580250000,63,90
1597580550000,64,94
1597580850000,67,72
1597581150000,67,86
1597581450000,64,97
1597581750000,62,106
1597582050000,64,85
1597582350000,60,115
1597582650000,60,109
1597582950000,61,103
1597583250000,59,126
1597583550000,61,114
1597583850000,62,116
1597584150000,66,96
1597584450000,63,97
1597584750000,69,72
1597585050000,66,100
1597585350000,61,129
1597585650000,62,111
1597585950000,62,116
1597586250000,65,80
1597586550000,65,71
1597586850000,64,76
1597587150000,61,111
1597587450000,64,81
1597587750000,64,80
1597588050000,69,97
1597588350000,64,98
1597588650000,61,138
1597588950000,67,83
1597589250000,68,93
1597589550000,76,38
1597589850000,79,26
1597590150000,75,50
1597590450000,74,49
1597590750000,77,41
1597591050000,77,39
1597591350000,73,63
1597591650000,72,77
1597591950000,71,54
1597592250000,71,57
1597592550000,68,77
1597592850000,72,64
1597593150000,71,61
1597593450000,74,45
1597593750000,73,54
1597594050000,74,54
1597594350000,74,52
1597644422000,0,0
1597644722000,0,0
1597645022000,75,52
1597645322000,75,49
1597645622000,76,45
1597645922000,80,38
1597646222000,78,29
1597646522000,80,33
1597646822000,78,36
1597647122000,75,34
1597647422000,73,37
1597647722000,70,42
1597648022000,70,59
1597648322000,65,71
1597648622000,69,49
1597648922000,69,49
1597649222000,67,59
1597649522000,67,58
1597649822000,67,61
1597650122000,67,61
1597650422000,75,42
1597650722000,72,63
1597651022000,69,75
1597651322000,73,40
1597651622000,75,36
1597651922000,70,62
1597652222000,71,41
1597652522000,70,39
1597652822000,70,46
1597653122000,65,75
1597653422000,66,68
1597653722000,0,0
1597654022000,0,0
1597654322000,67,57
1597654622000,68,57
1597654922000,64,92
1597655222000,67,75
1597655522000,70,71
1597655822000,79,24
1597656122000,70,72
1597656422000,69,65
1597656722000,71,47
1597657022000,75,31
1597657322000,76,28
1597657622000,74,39
1597657922000,73,47
1597658222000,70,56
1597658522000,68,46
1597658822000,67,59
1597659122000,67,79
1597659422000,65,69
1597659722000,65,68
1597660022000,64,75
1597660322000,64,81
1597660622000,64,74
1597660922000,63,77
1597661222000,67,69
1597661522000,64,88
1597661822000,68,73
1597662122000,66,74
1597662422000,67,73
1597662722000,64,94
1597663022000,63,84
1597663322000,63,73
1597663622000,65,77
1597663922000,0,0
1597664222000,0,0
1597664522000,0,0
1597664822000,62,81
1597665122000,63,69
1597665422000,65,58
1597665722000,66,53
1597666022000,64,103
1597666322000,66,78
1597666622000,72,46
1597666922000,73,48
1597667222000,70,51
1597667522000,67,80
1597667822000,64,100
1597668122000,64,78
1597668422000,63,86
1597668722000,65,67
1597669022000,65,82
1597669322000,71,47
1597669622000,74,47
1597669922000,0,0
1597670222000,74,39
1597670522000,75,49
1597670822000,74,48
1597671122000,75,45
1597671422000,75,47
1597671722000,75,43
1597672022000,78,35
1597672322000,76,31
1597672622000,76,52
1597672922000,72,54
1597673222000,74,49
1597673522000,70,66
1597732223000,77,32
1597732523000,79,21
1597732823000,79,25
1597733123000,80,24
1597733423000,80,25
1597733723000,79,22
1597734023000,74,30
1597734323000,72,32
1597734623000,72,32
1597734923000,73,24
1597735223000,72,27
1597735523000,72,26
1597735823000,68,60
1597736123000,67,65
1597736423000,67,67
1597736723000,65,72
1597737023000,65,69
1597737323000,64,69
1597737623000,64,73
1597737923000,62,85
1597738223000,61,89
1597738523000,60,96
1597738823000,65,89
1597739123000,62,89
1597739423000,63,80
1597739723000,63,81
1597740023000,65,68
1597740323000,70,51
1597740623000,69,46
1597740923000,68,55
1597741223000,66,71
1597741523000,64,67
1597741823000,62,90
1597742123000,61,93
1597742423000,62,106
1597742723000,60,100
1597743023000,61,92
1597743323000,59,110
1597743623000,58,107
1597743923000,56,118
1597744223000,56,120
1597744523000,56,124
1597744823000,56,122
1597745123000,60,109
1597745423000,58,134
1597745723000,59,121
1597746023000,61,108
1597746323000,65,79
1597746623000,63,101
1597746923000,63,91
1597747223000,61,106
1597747523000,61,120
1597747823000,58,116
1597748123000,57,111
1597748423000,57,120
1597748723000,58,112
1597749023000,59,114
1597749323000,59,115
1597749623000,61,102
1597749923000,61,110
1597750223000,63,74
1597750523000,63,69
1597750823000,64,68
1597751123000,64,65
1597751423000,64,104
1597751723000,65,100
1597752023000,68,83
1597752323000,67,88
1597752623000,65,108
1597752923000,66,82
1597753223000,65,103
1597753523000,64,111
1597753823000,62,109
1597754123000,61,112
1597754423000,61,116
1597754723000,63,84
1597755023000,62,77
1597755323000,65,84
1597755623000,85,43
1597755923000,0,0
1597756223000,0,0
1597756523000,71,54
1597756823000,73,64
1597757123000,73,48
1597757423000,70,53
1597757723000,66,81
1597758023000,66,91
1597758323000,66,100
1597758623000,62,121
1597758923000,59,133
1597759223000,64,100
1597759523000,62,113
1597759823000,67,84
1597760123000,74,45
1597760423000,72,52
1597760723000,69,93
1597761023000,66,111
1597761323000,65,108
1597761623000,67,69
1597820052000,82,24
1597820352000,77,25
1597820652000,70,50
1597820952000,69,70
1597821252000,68,59
1597821552000,68,60
1597821852000,68,55
1597822152000,68,62
1597822452000,69,57
1597822752000,68,59
1597823052000,68,61
1597823352000,68,63
1597823652000,67,62
1597823952000,67,75
1597824252000,67,70
1597824552000,70,45
1597824852000,72,58
1597825152000,68,50
1597825452000,67,61
1597825752000,65,73
1597826052000,64,91
1597826352000,64,83
1597826652000,64,91
1597826952000,65,70
1597827252000,66,66
1597827552000,66,82
1597827852000,64,85
1597828152000,66,98
1597828452000,65,78
1597828752000,65,86
1597829052000,69,72
1597829352000,66,76
1597829652000,67,68
1597829952000,68,65
1597830252000,65,66
1597830552000,67,73
1597830852000,72,43
1597831152000,79,15
1597831452000,78,19
1597831752000,71,70
1597832052000,69,57
1597832352000,68,55
1597832652000,67,59
1597832952000,67,65
1597833252000,67,65
1597833552000,66,73
1597833852000,66,75
1597834152000,65,79
1597834452000,67,77
1597834752000,65,88
1597835052000,66,70
1597835352000,67,72
1597835652000,71,37
1597835952000,75,24
1597836252000,72,43
1597836552000,76,27
1597836852000,71,48
1597837152000,66,74
1597837452000,66,71
1597837752000,68,33
1597838052000,67,36
1597838352000,67,53
1597838652000,64,68
1597838952000,65,68
1597839252000,63,91
1597839552000,62,87
1597839852000,64,61
1597840152000,62,104
1597840452000,63,98
1597840752000,68,65
1597841052000,70,38
1597841352000,69,66
1597841652000,74,27
1597841952000,69,71
1597842252000,67,68
1597842552000,63,98
1597842852000,63,116
1597843152000,63,112
1597843452000,61,95
1597843752000,63,107
1597844052000,64,110
1597905060000,73,38
1597905360000,73,42
1597905660000,68,67
1597905960000,66,66
1597906260000,66,62
1597906560000,65,69
1597906860000,65,67
1597907160000,65,63
1597907460000,65,68
1597907760000,65,69
1597908060000,65,69
1597908360000,65,70
1597908660000,66,86
1597908960000,66,71
1597909260000,68,72
1597909560000,67,80
1597909860000,65,89
1597910160000,64,83
1597910460000,64,84
1597910760000,64,73
1597911060000,62,92
1597911360000,62,91
1597911660000,60,100
1597911960000,62,109
1597912260000,61,105
1597912560000,59,92
1597912860000,59,115
1597913160000,59,118
1597913460000,60,91
1597913760000,60,103
1597914060000,58,100
1597914360000,59,91
1597914660000,60,98
1597914960000,60,93
1597915260000,59,102
1597915560000,59,101
1597915860000,60,102
1597916160000,61,105
1597916460000,72,44
1597916760000,74,40
1597917060000,66,85
1597917360000,67,69
1597917660000,71,53
1597917960000,75,38
1597918260000,64,112
1597918560000,64,104
1597918860000,66,103
1597919160000,63,100
1597919460000,60,110
1597919760000,60,96
1597920060000,61,91
1597920360000,61,89
1597920660000,61,85
1597920960000,61,93
1597921260000,61,86
1597921560000,61,101
1597921860000,60,107
1597922160000,60,102
1597922460000,62,110
1597922760000,63,97
1597923060000,65,81
1597923360000,66,90
1597923660000,62,91
1597923960000,63,108
1597924260000,63,86
1597924560000,64,74
1597924860000,64,79
1597925160000,66,65
1597925460000,66,63
1597925760000,59,127
1597926060000,61,110
1597926360000,62,110
1597926660000,61,123
1597926960000,64,113
1597927260000,71,55
1597927560000,71,70
1597927860000,65,86
1597928160000,66,98
1597928460000,60,142
1597928760000,62,144
1597929060000,62,129
1597929360000,63,112
1597929660000,63,103
1597929960000,63,125
1597930260000,61,119
1597930560000,62,102
1597930860000,63,91
1597931160000,63,106
1597931460000,62,135
1597931760000,72,64
1597932060000,73,51
1597932360000,69,79
1597932660000,70,104
1597932960000,69,94
1597933260000,69,91
1597933560000,69,80
1597989319000,0,0
1597989619000,76,32
1597989919000,74,36
1597990219000,75,31
1597990519000,72,46
1597990819000,70,43
1597991119000,69,49
1597991419000,72,39
1597991719000,72,41
1597992019000,72,39
1597992319000,73,34
1597992619000,72,44
1597992919000,73,49
1597993219000,73,43
1597993519000,78,29
1597993819000,79,21
1597994119000,77,39
1597994419000,75,29
1597994719000,76,24
1597995019000,73,35
1597995319000,73,42
1597995619000,69,75
1597995919000,64,106
1597996219000,65,93
1597996519000,64,94
1597996819000,67,90
1597997119000,68,81
1597997419000,75,43
1597997719000,78,21
1597998019000,78,29
1597998319000,75,49
1597998619000,70,80
1597998919000,64,108
1597999219000,62,110
1597999519000,63,115
1597999819000,65,111
1598000119000,60,123
1598000419000,61,104
1598000719000,68,94
1598001019000,63,105
1598001319000,62,107
1598001619000,61,102
1598001919000,61,102
1598002219000,61,103
1598002519000,59,115
1598002819000,60,100
1598003119000,62,119
1598003419000,62,120
1598003719000,66,76
1598004019000,67,80
1598004319000,66,115
1598004619000,70,58
1598004919000,72,53
1598005219000,67,69
1598005519000,65,95
1598005819000,62,116
1598006119000,63,93
1598006419000,62,112
1598006719000,61,134
1598007019000,62,123
1598007319000,62,100
1598007619000,65,83
1598007919000,65,74
1598008219000,66,53
1598008519000,67,63
1598008819000,67,53
1598009119000,65,92
1598009419000,60,130
1598009719000,67,83
1598010019000,70,50
1598010319000,71,48
1598010619000,70,46
1598010919000,69,86
1598011219000,68,75
1598011519000,66,78
1598011819000,67,65
1598012119000,68,72
1598012419000,66,98
1598012719000,66,98
1598013019000,64,105
1598013319000,64,113
1598013619000,64,110
1598013919000,64,111
1598014219000,71,66
1598014519000,65,102
1598014819000,68,94
1598015119000,71,64
1598015419000,67,101
1598015719000,65,113
1598016019000,0,0
1598078968000,0,0
1598079268000,80,34
1598079568000,75,46
1598079868000,74,45
1598080168000,73,43
1598080468000,74,38
1598080768000,75,35
1598081068000,0,0
1598081368000,74,40
1598081668000,75,31
1598081968000,76,29
1598082268000,77,39
1598082568000,70,60
1598082868000,71,60
1598083168000,74,49
1598083468000,76,38
1598083768000,75,33
1598084068000,69,63
1598084368000,69,52
1598084668000,70,52
1598084968000,70,50
1598085268000,71,61
1598085568000,66,76
1598085868000,65,73
1598086168000,67,69
1598086468000,67,80
1598086768000,74,40
1598087068000,77,39
1598087368000,76,35
1598087668000,78,18
1598087968000,75,42
1598088268000,73,34
1598088568000,73,36
1598088868000,72,40
1598089168000,71,50
1598089468000,70,73
1598089768000,69,68
1598090068000,64,83
1598090368000,67,64
1598090668000,67,72
1598090968000,65,92
1598091268000,67,92
1598091568000,72,56
1598091868000,76,41
1598092168000,75,46
1598092468000,76,32
1598092768000,80,24
1598093068000,79,23
1598093368000,77,27
1598093668000,75,43
1598093968000,71,62
1598094268000,66,64
1598094568000,65,71
1598094868000,64,84
1598095168000,64,88
1598095468000,63,99
1598095768000,64,91
1598096068000,66,84
1598096368000,61,114
1598096668000,63,96
1598096968000,67,65
1598097268000,68,65
1598097568000,72,38
1598097868000,71,66
1598098168000,70,64
1598098468000,72,50
1598098768000,73,41
1598099068000,67,72
1598099368000,67,58
1598099668000,67,67
1598099968000,67,80
1598100268000,68,72
1598100568000,67,89
1598100868000,68,76
1598101168000,65,97
1598101468000,69,69
1598101768000,69,78
1598102068000,66,111
1598102368000,66,106
1598102668000,68,91
1598102968000,65,94
1598103268000,64,107
1598103568000,64,96
1598103868000,66,76
1598104168000,67,89
1598104468000,62,117
1598104768000,69,74
1598105068000,0,0
1598105368000,0,0
1598105668000,0,0
1598105968000,0,0
1598106268000,66,92
1598106568000,65,116
1598106868000,63,113
1598107168000,70,78
1598107468000,68,80
1598107768000,68,81
1598108068000,67,84
1598108368000,71,75
1598108668000,68,81
1598108968000,65,86
1598109268000,65,99
1598109568000,67,88
1598109868000,0,0
1598165880000,0,0
1598166180000,70,58
1598166480000,66,86
1598166780000,66,80
1598167080000,66,74
1598167380000,66,69
1598167680000,64,92
1598167980000,62,85
1598168280000,62,90
1598168580000,64,79
1598168880000,63,79
1598169180000,63,77
1598169480000,64,93
1598169780000,69,70
1598170080000,77,19
1598170380000,80,18
1598170680000,75,49
1598170980000,70,78
1598171280000,65,102
1598171580000,66,69
1598171880000,65,79
1598172180000,63,93
1598172480000,62,101
1598172780000,62,105
1598173080000,62,103
1598173380000,63,101
1598173680000,63,94
1598173980000,64,64
1598174280000,65,69
1598174580000,64,87
1598174880000,64,90
1598175180000,69,66
1598175480000,73,45
1598175780000,69,47
1598176080000,68,55
1598176380000,70,54
1598176680000,68,66
1598176980000,68,55
1598177280000,66,82
1598177580000,69,45
1598177880000,69,42
1598178180000,68,49
1598178480000,68,50
1598178780000,67,62
1598179080000,67,86
1598179380000,65,95
1598179680000,63,79
1598179980000,67,63
1598180280000,65,92
1598180580000,65,85
1598180880000,66,80
1598181180000,69,54
1598181480000,69,68
1598181780000,69,62
1598182080000,69,63
1598182380000,67,68
1598182680000,66,55
1598182980000,66,74
1598183280000,66,71
1598183580000,65,83
1598183880000,64,97
1598184180000,63,97
1598184480000,63,85
1598184780000,65,84
1598185080000,66,70
1598185380000,70,56
1598185680000,77,26
1598185980000,76,22
1598186280000,68,78
1598186580000,69,62
1598186880000,70,49
1598187180000,69,54
1598187480000,69,48
1598187780000,71,60
1598188080000,67,85
1598188380000,71,46
1598188680000,70,64
1598188980000,66,72
1598189280000,68,61
1598189580000,68,77
1598189880000,65,83
1598190180000,70,59
1598190480000,69,59
1598190780000,66,91
1598191080000,62,109
1598191380000,64,87
1598191680000,64,88
1598191980000,64,82
1598192280000,63,95
1598192580000,63,92
1598192880000,68,73
1598193180000,69,68
1598193480000,72,63
1598193780000,72,52
1598194080000,73,44
1598194380000,74,40
1598194680000,70,65
1598194980000,71,55
1598195280000,75,47
1598195580000,69,62
1598195880000,66,102
1598196180000,70,78
1598196480000,68,70
1598196780000,69,74
1598197080000,69,65
1598197380000,72,60
1598197680000,74,77
1598250420000,0,0
1598250720000,0,0
1598251020000,0,0
1598251320000,75,38
1598251620000,71,49
1598251920000,68,50
1598252220000,69,53
1598252520000,68,53
1598252820000,68,61
1598253120000,65,82
1598253420000,65,68
1598253720000,65,73
1598254020000,65,87
1598254320000,65,91
1598254620000,72,63
1598254920000,73,38
1598255220000,72,50
1598255520000,70,64
1598255820000,68,50
1598256120000,67,51
1598256420000,66,60
1598256720000,64,69
1598257020000,62,106
1598257320000,66,68
1598257620000,64,76
1598257920000,63,81
1598258220000,63,99
1598258520000,63,102
1598258820000,62,87
1598259120000,63,104
1598259420000,61,102
1598259720000,62,100
1598260020000,61,102
1598260320000,62,107
1598260620000,60,91
1598260920000,61,90
1598261220000,63,84
1598261520000,63,104
1598261820000,72,44
1598262120000,72,47
1598262420000,75,37
1598262720000,73,40
1598263020000,73,57
1598263320000,76,26
1598263620000,73,48
1598263920000,72,52
1598264220000,72,48
1598264520000,67,80
1598264820000,69,60
1598265120000,68,54
1598265420000,66,62
1598265720000,66,76
1598266020000,64,68
1598266320000,74,52
1598266620000,68,60
1598266920000,66,85
1598267220000,66,66
1598267520000,65,64
1598267820000,68,58
1598268120000,66,62
1598268420000,66,86
1598268720000,63,89
1598269020000,69,55
1598269320000,66,84
1598269620000,65,81
1598269920000,67,62
1598270220000,67,77
1598270520000,62,105
1598270820000,62,95
1598271120000,64,79
1598271420000,63,82
1598271720000,62,83
1598272020000,63,103
1598272320000,65,82
1598272620000,65,88
1598272920000,63,97
1598273220000,62,107
1598273520000,61,118
1598273820000,62,96
1598274120000,69,70
1598274420000,68,64
1598274720000,70,70
1598275020000,66,87
1598275320000,64,95
1598275620000,72,41
1598275920000,70,64
1598276220000,72,49
1598276520000,70,50
1598276820000,70,67
1598277120000,66,81
1598277420000,69,55
1598277720000,69,52
1598278020000,69,56
1598278320000,68,57
1598278620000,68,60
1598278920000,63,103
1598279220000,67,101
1598336120000,78,28
1598336420000,75,38
1598336720000,71,55
1598337020000,70,53
1598337320000,70,52
1598337620000,69,62
1598337920000,70,60
1598338220000,73,54
1598338520000,68,69
1598338820000,69,56
1598339120000,70,56
1598339420000,68,67
1598339720000,71,60
1598340020000,67,94
1598340320000,70,73
1598340620000,74,46
1598340920000,75,41
1598341220000,71,61
1598341520000,66,69
1598341820000,67,68
1598342120000,65,91
1598342420000,66,103
1598342720000,67,73
1598343020000,69,57
1598343320000,65,89
1598343620000,66,85
1598343920000,66,72
1598344220000,62,113
1598344520000,61,102
1598344820000,61,106
1598345120000,61,114
1598345420000,61,119
1598345720000,63,96
1598346020000,62,111
1598346320000,63,110
1598346620000,70,82
1598346920000,69,81
1598347220000,64,110
1598347520000,65,111
1598347820000,62,117
1598348120000,60,122
1598348420000,62,111
1598348720000,63,94
1598349020000,64,95
1598349320000,63,76
1598349620000,61,119
1598349920000,62,104
1598350220000,61,116
1598350520000,61,119
1598350820000,60,117
1598351120000,60,120
1598351420000,61,126
1598351720000,59,137
1598352020000,60,138
1598352320000,59,126
1598352620000,61,113
1598352920000,61,110
1598353220000,62,115
1598353520000,61,133
1598353820000,60,105
1598354120000,60,112
1598354420000,64,86
1598354720000,65,70
1598355020000,0,0
1598355320000,64,79
1598355620000,64,77
1598355920000,65,80
1598356220000,58,121
1598356520000,60,113
1598356820000,62,95
1598357120000,70,62
1598357420000,68,67
1598357720000,65,90
1598358020000,64,100
1598358320000,65,85
1598358620000,65,105
1598358920000,60,130
1598359220000,61,101
1598359520000,61,117
1598359820000,61,114
1598360120000,64,88
1598360420000,0,0
1598360720000,0,0
1598361020000,0,0
1598361320000,68,68
1598361620000,71,74
1598361920000,72,60
1598362220000,66,77
1598362520000,63,109
1598362820000,67,105
1598363120000,67,102
1598363420000,73,59
1598363720000,71,60
1598364020000,71,53
1598364320000,66,94
1598364620000,65,91
1598364920000,64,94
1598365220000,69,85
1598365520000,69,80
1598365820000,63,104
1598366120000,61,119
1598366420000,62,117
1598366720000,67,97
1598367020000,66,92
1598367320000,63,117
1598367620000,70,90
1598367920000,80,41
1598368220000,87,26
1598368520000,80,30
1598368820000,0,0
1598422852000,83,23
1598423152000,83,19
1598423452000,75,35
1598423752000,71,41
1598424052000,69,44
1598424352000,71,44
1598424652000,73,37
1598424952000,66,59
1598425252000,65,68
1598425552000,67,58
1598425852000,67,57
1598426152000,67,61
1598426452000,70,60
1598426752000,69,65
1598427052000,75,39
1598427352000,74,33
1598427652000,73,37
1598427952000,71,36
1598428252000,71,34
1598428552000,68,63
1598428852000,66,60
1598429152000,64,69
1598429452000,68,69
1598429752000,67,67
1598430052000,66,70
1598430352000,66,65
1598430652000,66,69
1598430952000,65,83
1598431252000,64,88
1598431552000,64,80
1598431852000,64,85
1598432152000,63,97
1598432452000,63,101
1598432752000,65,113
1598433052000,69,65
1598433352000,79,16
1598433652000,75,28
1598433952000,72,44
1598434252000,75,30
1598434552000,69,72
1598434852000,76,46
1598435152000,73,42
1598435452000,78,18
1598435752000,70,43
1598436052000,68,66
1598436352000,64,87
1598436652000,65,76
1598436952000,65,62
1598437252000,63,78
1598437552000,62,85
1598437852000,63,84
1598438152000,60,108
1598438452000,63,86
1598438752000,63,104
1598439052000,66,63
1598439352000,64,100
1598439652000,64,88
1598439952000,65,80
1598440252000,65,73
1598440552000,63,91
1598440852000,62,101
1598441152000,61,80
1598441452000,59,116
1598441752000,61,106
1598442052000,67,57
1598442352000,67,59
1598442652000,67,73
1598442952000,68,65
1598443252000,74,46
1598443552000,67,70
1598443852000,70,53
1598444152000,73,51
1598444452000,72,57
1598444752000,71,47
1598445052000,70,61
1598445352000,66,76
1598445652000,66,73
1598445952000,65,71
1598446252000,63,86
1598446552000,65,87
1598446852000,64,97
1598447152000,69,67
1598447452000,64,94
1598447752000,62,94
1598448052000,71,74
1598509232000,0,0
1598509532000,0,0
1598509832000,77,34
1598510132000,77,33
1598510432000,75,38
1598510732000,77,32
1598511032000,77,29
1598511332000,77,29
1598511632000,77,27
1598511932000,77,31
1598512232000,72,53
1598512532000,72,56
1598512832000,76,43
1598513132000,78,24
1598513432000,79,30
1598513732000,72,51
1598514032000,70,54
1598514332000,71,47
1598514632000,69,53
1598514932000,67,70
1598515232000,66,83
1598515532000,66,83
1598515832000,65,106
1598516132000,64,80
1598516432000,64,74
1598516732000,68,69
1598517032000,69,67
1598517332000,76,35
1598517632000,79,25
1598517932000,74,42
1598518232000,68,76
1598518532000,67,58
1598518832000,67,69
1598519132000,66,74
1598519432000,68,66
1598519732000,64,80
1598520032000,67,60
1598520332000,66,97
1598520632000,65,98
1598520932000,66,81
1598521232000,69,59
1598521532000,74,63
1598521832000,71,51
1598522132000,72,53
1598522432000,65,71
1598522732000,70,51
1598523032000,70,49
1598523332000,71,46
1598523632000,66,81
1598523932000,66,97
1598524232000,63,103
1598524532000,65,97
1598524832000,65,96
1598525132000,67,88
1598525432000,64,99
1598525732000,65,103
1598526032000,64,105
1598526332000,63,122
1598526632000,64,115
1598526932000,64,122
1598527232000,63,117
1598527532000,67,85
1598527832000,76,39
1598528132000,66,103
1598528432000,62,120
1598528732000,65,92
1598529032000,64,82
1598529332000,61,122
1598529632000,62,93
1598529932000,63,85
1598530232000,62,101
1598530532000,63,103
1598530832000,58,113
1598531132000,63,81
1598531432000,65,67
1598531732000,66,62
1598532032000,65,106
1598532332000,67,84
1598532632000,69,63
1598532932000,66,95
1598533232000,73,54
1598533532000,70,48
1598533832000,69,75
1598534132000,68,85
1598534432000,65,104
1598534732000,63,118
1598535032000,66,78
1598535332000,67,74
1598535632000,67,92
1598535932000,62,123
1598536232000,0,0
1598593828000,0,0
1598594128000,75,37
1598594428000,75,43
1598594728000,79,41
1598595028000,77,33
1598595328000,77,32
1598595628000,79,25
1598595928000,79,26
1598596228000,80,28
1598596528000,71,56
1598596828000,72,46
1598597128000,72,46
1598597428000,74,36
1598597728000,75,32
1598598028000,75,32
1598598328000,75,34
1598598628000,74,37
1598598928000,74,40
1598599228000,74,38
1598599528000,75,47
1598599828000,81,18
1598600128000,81,24
1598600428000,76,42
1598600728000,72,41
1598601028000,69,53
1598601328000,68,51
1598601628000,69,44
1598601928000,68,62
1598602228000,67,65
1598602528000,67,66
1598602828000,67,59
1598603128000,67,70
1598603428000,69,55
1598603728000,71,44
1598604028000,73,54
1598604328000,77,35
1598604628000,74,55
1598604928000,69,68
1598605228000,69,71
1598605528000,65,91
1598605828000,62,102
1598606128000,63,90
1598606428000,63,77
1598606728000,62,92
1598607028000,62,114
1598607328000,62,127
1598607628000,61,102
1598607928000,62,100
1598608228000,63,103
1598608528000,63,96
1598608828000,63,110
1598609128000,61,110
1598609428000,65,95
1598609728000,69,56
1598610028000,68,62
1598610328000,70,55
1598610628000,68,66
1598610928000,65,84
1598611228000,66,64
1598611528000,70,48
1598611828000,69,50
1598612128000,67,60
1598612428000,66,67
1598612728000,68,46
1598613028000,68,42
1598613328000,66,73
1598613628000,60,128
1598613928000,59,139
1598614228000,61,135
1598614528000,64,103
1598614828000,65,86
1598615128000,63,118
1598615428000,67,75
1598615728000,66,67
1598616028000,65,80
1598616328000,64,88
1598616628000,66,81
1598616928000,63,83
1598617228000,63,73
1598617528000,63,79
1598617828000,63,87
1598618128000,63,85
1598618428000,63,113
1598618728000,64,98
1598619028000,61,121
1598619328000,64,108
1598619628000,64,116
1598619928000,67,94
1598683766000,0,0
1598684066000,0,0
1598684366000,80,38
1598684666000,82,29
1598684966000,82,36
1598685266000,83,32
1598685566000,85,23
1598685866000,81,24
1598686166000,79,23
1598686466000,80,24
1598686766000,79,24
1598687066000,79,22
1598687366000,79,25
1598687666000,79,25
1598687966000,79,22
1598688266000,80,27
1598688566000,79,25
1598688866000,75,49
1598689166000,74,50
1598689466000,80,22
1598689766000,0,0
1598690066000,74,52
1598690366000,69,49
1598690666000,70,52
1598690966000,68,60
1598691266000,67,68
1598691566000,67,72
1598691866000,68,64
1598692166000,69,67
1598692466000,64,90
1598692766000,64,82
1598693066000,64,80
1598693366000,65,82
1598693666000,66,85
1598693966000,76,35
1598694266000,72,50
1598694566000,68,103
1598694866000,67,90
1598695166000,64,102
1598695466000,63,117
1598695766000,69,76
1598696066000,65,85
1598696366000,67,81
1598696666000,64,83
1598696966000,64,83
1598697266000,64,82
1598697566000,62,101
1598697866000,62,91
1598698166000,61,87
1598698466000,61,95
1598698766000,66,79
1598699066000,65,73
1598699366000,65,88
1598699666000,70,79
1598699966000,68,75
1598700266000,58,134
1598700566000,66,99
1598700866000,67,83
1598701166000,65,82
1598701466000,66,68
1598701766000,66,71
1598702066000,67,50
1598702366000,67,46
1598702666000,66,66
1598702966000,67,56
1598703266000,63,81
1598703566000,61,84
1598703866000,66,49
1598704166000,64,91
1598704466000,63,101
1598704766000,66,86
1598705066000,66,85
1598705366000,66,94
1598705666000,65,71
1598705966000,64,87
1598706266000,66,74
1598706566000,64,69
1598706866000,65,61
1598707166000,63,89
1598707466000,63,99
1598707766000,61,82
1598708066000,63,88
1598708366000,64,86
1598708666000,71,56
1598708966000,69,64
1598709266000,66,90
1598709566000,67,61
1598709866000,67,47
1598710166000,66,62
1598710466000,66,55
1598710766000,66,67
1598711066000,65,59
1598711366000,65,76
1598711666000,61,85
1598711966000,65,96
1598712266000,63,87
1598712566000,66,88
1598712866000,66,88
1598713166000,63,97
1598713466000,64,94
1598713766000,65,99
1598714066000,67,56
1598714366000,65,103
1598714666000,65,97
1598714966000,63,94
1598715266000,65,81
1598715566000,65,94
1598715866000,69,66
1598716166000,73,40
1598772507000,75,55
1598772807000,68,61
1598773107000,65,39
1598773407000,67,42
1598773707000,68,39
1598774007000,67,41
1598774307000,67,45
1598774607000,68,38
1598774907000,68,39
1598775207000,68,49
1598775507000,61,107
1598775807000,72,73
1598776107000,71,55
1598776407000,65,94
1598776707000,63,90
1598777007000,60,95
1598777307000,60,99
1598777607000,57,113
1598777907000,56,114
1598778207000,55,117
1598778507000,56,115
1598778807000,58,139
1598779107000,62,87
1598779407000,59,123
1598779707000,66,91
1598780007000,66,89
1598780307000,56,119
1598780607000,62,102
1598780907000,58,107
1598781207000,56,133
1598781507000,57,129
1598781807000,57,127
1598782107000,56,117
1598782407000,57,115
1598782707000,57,140
1598783007000,57,131
1598783307000,57,120
1598783607000,59,112
1598783907000,58,129
1598784207000,59,121
1598784507000,56,126
1598784807000,61,103
1598785107000,60,124
1598785407000,58,134
1598785707000,58,129
1598786007000,59,111
1598786307000,69,72
1598786607000,68,60
1598786907000,0,0
1598787207000,0,0
1598787507000,62,117
1598787807000,62,76
1598788107000,62,97
1598788407000,60,84
1598788707000,60,97
1598789007000,61,80
1598789307000,60,84
1598789607000,60,94
1598789907000,56,121
1598790207000,58,121
1598790507000,57,134
1598790807000,59,111
1598791107000,66,69
1598791407000,65,67
1598791707000,64,80
1598792007000,64,68
1598792307000,63,91
1598792607000,57,140
1598792907000,55,131
1598793207000,58,109
1598793507000,63,57
1598793807000,61,84
1598794107000,61,96
1598794407000,64,76
1598794707000,68,53
1598795007000,68,50
1598795307000,68,52
1598795607000,67,51
1598795907000,73,41
1598796207000,69,52
1598796507000,68,48
1598796807000,67,57
1598797107000,63,71
1598797407000,65,55
1598797707000,63,60
1598798007000,64,47
1598798307000,63,78
1598798607000,64,91
1598798907000,59,114
1598799207000,58,123
1598799507000,60,104
1598799807000,64,79
1598800107000,61,106
1598800407000,62,103
1598800707000,63,84
1598801007000,60,104
1598801307000,67,69
1598801607000,68,50
1598801907000,67,61
1598802207000,64,80
1598802507000,64,103
1598802807000,61,116
1598803107000,67,87
1598803407000,63,120
1598803707000,0,0
1598804007000,60,126
1598804307000,0,0
1598804607000,0,0
1598854977000,76,35
1598855277000,75,33
1598855577000,68,50
1598855877000,64,51
1598856177000,65,50
1598856477000,66,64
1598856777000,65,55
1598857077000,67,53
1598857377000,60,89
1598857677000,60,81
1598857977000,59,88
1598858277000,61,87
1598858577000,60,78
1598858877000,62,84
1598859177000,65,71
1598859477000,64,81
1598859777000,66,80
1598860077000,62,86
1598860377000,62,72
1598860677000,60,92
1598860977000,59,87
1598861277000,61,92
1598861577000,57,119
1598861877000,60,93
1598862177000,59,94
1598862477000,60,77
1598862777000,58,111
1598863077000,59,93
1598863377000,62,87
1598863677000,69,48
1598863977000,68,50
1598864277000,69,48
1598864577000,70,46
1598864877000,68,48
1598865177000,65,49
1598865477000,67,45
1598865777000,66,44
1598866077000,63,78
1598866377000,61,83
1598866677000,64,58
1598866977000,62,69
1598867277000,62,78
1598867577000,61,86
1598867877000,61,75
1598868177000,63,72
1598868477000,61,72
1598868777000,62,64
1598869077000,60,77
1598869377000,62,62
1598869677000,62,81
1598869977000,66,58
1598870277000,70,43
1598870577000,0,0
1598870877000,64,51
1598871177000,63,61
1598871477000,60,93
1598871777000,62,62
1598872077000,61,63
1598872377000,61,66
1598872677000,60,83
1598872977000,60,94
1598873277000,64,87
1598873577000,60,86
1598873877000,57,102
1598874177000,0,0
1598874477000,60,77
1598874777000,59,112
1598875077000,57,106
1598875377000,0,0
1598875677000,0,0
1598875977000,0,0
1598876277000,0,0
1598876577000,66,58
1598876877000,62,92
1598877177000,64,64
1598877477000,61,80
1598877777000,62,71
1598878077000,62,84
1598878377000,62,65
1598878677000,65,66
1598878977000,62,86
1598879277000,62,82
1598879577000,61,94
1598879877000,64,78
1598880177000,64,59
1598880477000,63,68
1598880777000,61,97
1598881077000,57,118
1598881377000,57,123
1598881677000,59,106
1598881977000,63,74
1598882277000,60,97
1598882577000,65,78
1598882877000,66,72
1598883177000,63,73
1598883477000,0,0
1598940057000,0,0
1598940357000,0,0
1598940657000,76,47
1598940957000,77,37
1598941257000,79,36
1598941557000,80,44
1598941857000,84,29
1598942157000,82,26
1598942457000,82,26
1598942757000,76,45
1598943057000,74,36
1598943357000,73,35
1598943657000,74,30
1598943957000,77,34
1598944257000,75,41
1598944557000,72,32
1598944857000,69,36
1598945157000,69,37
1598945457000,71,32
1598945757000,71,36
1598946057000,71,37
1598946357000,73,42
1598946657000,70,53
1598946957000,73,38
1598947257000,73,38
1598947557000,71,45
1598947857000,70,49
1598948157000,68,43
1598948457000,67,45
1598948757000,66,52
1598949057000,63,88
1598949357000,64,68
1598949657000,64,63
1598949957000,64,67
1598950257000,64,84
1598950557000,64,71
1598950857000,65,59
1598951157000,65,66
1598951457000,61,76
1598951757000,69,41
1598952057000,69,50
1598952357000,61,102
1598952657000,59,115
1598952957000,60,111
1598953257000,62,99
1598953557000,65,82
1598953857000,61,86
1598954157000,64,70
1598954457000,64,68
1598954757000,63,76
1598955057000,62,81
1598955357000,66,87
1598955657000,64,81
1598955957000,63,73
1598956257000,64,76
1598956557000,63,61
1598956857000,64,70
1598957157000,64,82
1598957457000,65,74
1598957757000,68,59
1598958057000,70,53
1598958357000,66,76
1598958657000,67,47
1598958957000,69,49
1598959257000,64,84
1598959557000,64,71
1598959857000,64,59
1598960157000,63,77
1598960457000,63,75
1598960757000,61,85
1598961057000,63,77
1598961357000,60,96
1598961657000,62,91
1598961957000,63,86
1598962257000,61,119
1598962557000,64,68
1598962857000,65,90
1598963157000,66,66
1598963457000,62,90
1598963757000,68,72
1598964057000,67,66
1598964357000,65,67
1598964657000,66,75
1598964957000,68,72
1598965257000,65,70
1598965557000,65,77
1598965857000,63,78
1598966157000,62,93
1598966457000,61,109
1598966757000,65,95
1598967057000,65,97
1598967357000,63,88
1598967657000,60,114
1598967957000,61,116
1598968257000,60,130
1598968557000,63,109
1598968857000,64,96
1598969157000,61,115
1598969457000,74,48
1598969757000,72,51
1598970057000,72,49
1598970357000,65,82
1598970657000,70,48
1598970957000,0,0
1599027597000,79,39
1599027897000,80,46
1599028197000,76,42
1599028497000,73,38
1599028797000,74,35
1599029097000,76,23
1599029397000,68,38
1599029697000,69,43
1599029997000,69,38
1599030297000,69,32
1599030597000,68,40
1599030897000,69,55
1599031197000,65,64
1599031497000,65,65
1599031797000,64,62
1599032097000,64,63
1599032397000,64,71
1599032697000,63,69
1599032997000,63,78
1599033297000,62,84
1599033597000,63,89
1599033897000,73,49
1599034197000,78,25
1599034497000,79,28
1599034797000,77,26
1599035097000,70,59
1599035397000,67,60
1599035697000,63,81
1599035997000,63,77
1599036297000,63,60
1599036597000,64,64
1599036897000,62,70
1599037197000,63,83
1599037497000,61,91
1599037797000,62,84
1599038097000,63,74
1599038397000,64,89
1599038697000,65,80
1599038997000,63,95
1599039297000,64,90
1599039597000,66,74
1599039897000,66,76
1599040197000,64,85
1599040497000,68,65
1599040797000,64,88
1599041097000,62,97
1599041397000,63,87
1599041697000,63,77
1599041997000,64,75
1599042297000,63,68
1599042597000,62,69
1599042897000,62,68
1599043197000,61,115
1599043497000,62,83
1599043797000,60,104
1599044097000,59,86
1599044397000,59,89
1599044697000,60,83
1599044997000,62,108
1599045297000,62,87
1599045597000,62,110
1599045897000,61,111
1599046197000,64,93
1599046497000,61,94
1599046797000,63,85
1599047097000,63,87
1599047397000,57,107
1599047697000,62,90
1599047997000,60,103
1599048297000,61,98
1599048597000,65,68
1599048897000,65,73
1599049197000,66,53
1599049497000,65,96
1599049797000,61,102
1599050097000,66,94
1599050397000,66,62
1599050697000,71,41
1599050997000,68,63
1599051297000,67,88
1599051597000,66,100
1599051897000,62,99
1599052197000,64,79
1599052497000,62,106
1599052797000,65,85
1599053097000,63,101
1599053397000,62,122
1599053697000,63,113
1599053997000,66,83
1599054297000,68,71
1599054597000,70,65
1599054897000,67,80
1599055197000,63,104
1599055497000,64,83
1599055797000,65,107
1599056097000,70,85
1599056397000,75,60
1599056697000,76,53
1599056997000,0,0
1599057297000,0,0
1599057597000,73,61
1599115229000,0,0
1599115529000,0,0
1599115829000,81,25
1599116129000,83,35
1599116429000,77,34
1599116729000,79,26
1599117029000,79,23
1599117329000,77,25
1599117629000,73,39
1599117929000,72,42
1599118229000,73,32
1599118529000,74,27
1599118829000,74,29
1599119129000,73,35
1599119429000,73,31
1599119729000,73,33
1599120029000,75,38
1599120329000,72,45
1599120629000,73,37
1599120929000,71,49
1599121229000,68,53
1599121529000,68,49
1599121829000,69,48
1599122129000,69,35
1599122429000,68,35
1599122729000,67,43
1599123029000,67,46
1599123329000,66,52
1599123629000,68,52
1599123929000,65,77
1599124229000,69,46
1599124529000,71,41
1599124829000,73,43
1599125129000,75,44
1599125429000,73,32
1599125729000,71,52
1599126029000,67,65
1599126329000,67,70
1599126629000,65,68
1599126929000,64,60
1599127229000,64,65
1599127529000,62,83
1599127829000,61,80
1599128129000,61,97
1599128429000,61,90
1599128729000,61,85
1599129029000,63,93
1599129329000,62,91
1599129629000,65,71
1599129929000,67,63
1599130229000,69,62
1599130529000,71,46
1599130829000,71,60
1599131129000,71,53
1599131429000,73,41
1599131729000,71,52
1599132029000,71,49
1599132329000,70,52
1599132629000,70,52
1599132929000,71,70
1599133229000,66,66
1599133529000,68,50
1599133829000,72,38
1599134129000,71,44
1599134429000,62,98
1599134729000,64,76
1599135029000,64,91
1599135329000,67,89
1599135629000,69,72
1599135929000,70,52
1599136229000,73,36
1599136529000,66,61
1599136829000,68,48
1599137129000,69,57
1599137429000,66,59
1599137729000,70,48
1599138029000,70,60
1599138329000,68,51
1599138629000,68,61
1599138929000,69,69
1599139229000,67,76
1599139529000,67,81
1599139829000,67,81
1599140129000,77,40
1599140429000,71,63
1599140729000,67,70
1599141029000,66,88
1599141329000,67,87
1599141629000,67,90
1599141929000,0,0
1599142229000,78,34
1599142529000,73,54
1599142829000,0,0
1599143129000,0,0
1599143429000,69,72
1599143729000,61,109
1599144029000,62,102
1599144329000,63,112
1599144629000,63,106
1599144929000,63,97
1599145229000,65,81
1599145529000,65,78
1599145829000,66,78
1599146129000,66,82
1599146429000,66,72
1599146729000,0,0
1599200310000,0,0
1599200610000,0,0
1599200910000,0,0
1599201210000,0,0
1599201510000,84,34
1599201810000,84,30
1599202110000,85,34
1599202410000,80,35
1599202710000,79,34
1599203010000,79,27
1599203310000,80,24
1599203610000,81,22
1599203910000,82,21
1599204210000,80,34
1599204510000,77,25
1599204810000,77,28
1599205110000,77,27
1599205410000,77,27
1599205710000,77,38
1599206010000,78,30
1599206310000,81,22
1599206610000,81,22
1599206910000,79,25
1599207210000,77,28
1599207510000,75,31
1599207810000,73,29
1599208110000,75,33
1599208410000,76,27
1599208710000,77,36
1599209010000,75,37
1599209310000,76,40
1599209610000,0,0
1599209910000,0,0
1599210210000,79,40
1599210510000,83,27
1599210810000,85,19
1599211110000,81,24
1599211410000,81,23
1599211710000,79,25
1599212010000,80,25
1599212310000,78,32
1599212610000,81,27
1599212910000,81,21
1599213210000,78,32
1599213510000,78,36
1599213810000,77,36
1599214110000,73,52
1599214410000,75,35
1599214710000,77,32
1599215010000,75,30
1599215310000,76,28
1599215610000,74,36
1599215910000,72,45
1599216210000,67,57
1599216510000,66,61
1599216810000,67,61
1599217110000,72,50
1599217410000,70,61
1599217710000,73,41
1599218010000,77,22
1599218310000,75,34
1599218610000,75,40
1599218910000,76,44
1599219210000,81,21
1599219510000,77,18
1599219810000,78,26
1599220110000,77,38
1599220410000,74,50
1599220710000,74,39
1599221010000,74,41
1599221310000,76,24
1599221610000,77,19
1599221910000,75,22
1599222210000,74,41
1599222510000,72,42
1599222810000,72,53
1599223110000,71,57
1599223410000,65,97
1599223710000,68,70
1599224010000,69,67
1599224310000,74,41
1599224610000,82,32
1599224910000,86,25
1599225210000,75,56
1599225510000,80,28
1599225810000,80,33
1599226110000,82,26
1599226410000,78,41
1599226710000,74,51
1599227010000,71,57
1599227310000,71,44
1599227610000,70,64
1599227910000,70,71
1599228210000,71,53
1599228510000,70,72
1599228810000,70,70
1599229110000,70,69
1599229410000,71,61
1599229710000,80,52
1599230010000,84,36
1599230310000,79,36
1599230610000,79,31
1599230910000,77,38
1599287224000,82,27
1599287524000,79,22
1599287824000,80,22
1599288124000,88,18
1599288424000,85,22
1599288724000,81,26
1599289024000,80,32
1599289324000,77,37
1599289624000,75,34
1599289924000,76,36
1599290224000,77,31
1599290524000,78,29
1599290824000,76,37
1599291124000,77,33
1599291424000,73,42
1599291724000,70,43
1599292024000,72,52
1599292324000,76,42
1599292624000,79,18
1599292924000,77,24
1599293224000,75,35
1599293524000,75,27
1599293824000,74,30
1599294124000,73,36
1599294424000,71,46
1599294724000,70,57
1599295024000,70,47
1599295324000,69,47
1599295624000,71,49
1599295924000,72,48
1599296224000,71,64
1599296524000,68,62
1599296824000,72,45
1599297124000,73,43
1599297424000,75,44
1599297724000,72,43
1599298024000,75,37
1599298324000,75,30
1599298624000,81,22
1599298924000,81,20
1599299224000,80,26
1599299524000,79,21
1599299824000,71,65
1599300124000,69,59
1599300424000,69,54
1599300724000,71,54
1599301024000,71,40
1599301324000,70,68
1599301624000,68,58
1599301924000,72,58
1599302224000,70,54
1599302524000,70,56
1599302824000,72,37
1599303124000,72,40
1599303424000,74,36
1599303724000,73,48
1599304024000,73,43
1599304324000,73,32
1599304624000,72,37
1599304924000,71,44
1599305224000,70,63
1599305524000,71,48
1599305824000,69,59
1599306124000,68,84
1599306424000,67,68
1599306724000,70,48
1599307024000,70,57
1599307324000,74,35
1599307624000,70,68
1599307924000,79,35
1599308224000,82,17
1599308524000,80,30
1599308824000,77,33
1599309124000,75,43
1599309424000,70,69
1599309724000,69,66
1599310024000,66,74
1599310324000,66,75
1599310624000,69,67
1599310924000,71,49
1599311224000,72,55
1599311524000,66,82
1599311824000,72,52
1599312124000,74,46
1599312424000,74,50
1599312724000,77,43
1599313024000,75,38
1599313324000,76,32
1599313624000,77,42
1599313924000,76,44
1599314224000,76,41
1599314524000,77,31
1599314824000,70,79
1599315124000,65,93
1599315424000,66,84
1599315724000,69,76
1599316024000,70,65
1599316324000,70,73
1599316624000,74,51
1599316924000,72,68
1599317224000,70,66
1599317524000,74,62
1599317824000,69,93
1599318124000,76,51
1599318424000,71,61
1599318724000,67,86
1599319024000,68,67
1599319324000,71,61
1599319624000,75,56
1599319924000,82,32
1599320224000,0,0
1599375302000,78,26
1599375602000,81,27
1599375902000,74,41
1599376202000,71,64
1599376502000,71,54
1599376802000,71,44
1599377102000,71,49
1599377402000,71,36
1599377702000,70,41
1599378002000,70,47
1599378302000,70,45
1599378602000,73,41
1599378902000,75,45
1599379202000,76,44
1599379502000,80,21
1599379802000,79,26
1599380102000,75,38
1599380402000,72,29
1599380702000,71,59
1599381002000,70,47
1599381302000,70,48
1599381602000,69,56
1599381902000,70,61
1599382202000,72,54
1599382502000,72,42
1599382802000,71,43
1599383102000,70,59
1599383402000,74,39
1599383702000,82,16
1599384002000,80,16
1599384302000,82,18
1599384602000,77,29
1599384902000,76,35
1599385202000,76,31
1599385502000,73,44
1599385802000,71,47
1599386102000,71,47
1599386402000,70,76
1599386702000,70,53
1599387002000,71,36
1599387302000,69,53
1599387602000,69,50
1599387902000,68,54
1599388202000,69,58
1599388502000,66,69
1599388802000,69,60
1599389102000,68,59
1599389402000,66,85
1599389702000,71,56
1599390002000,75,29
1599390302000,71,62
1599390602000,72,50
1599390902000,69,53
1599391202000,68,59
1599391502000,69,67
1599391802000,70,57
1599392102000,69,48
1599392402000,70,38
1599392702000,68,91
1599393002000,69,60
1599393302000,69,54
1599393602000,68,66
1599393902000,66,74
1599394202000,77,21
1599394502000,79,18
1599394802000,76,22
1599395102000,76,36
1599395402000,74,48
1599395702000,70,57
1599396002000,72,44
1599396302000,70,78
1599396602000,68,59
1599396902000,70,57
1599397202000,75,42
1599397502000,74,46
1599397802000,72,39
1599398102000,66,96
1599398402000,65,87
1599398702000,67,85
1599399002000,68,72
1599399302000,71,61
1599399602000,74,53
1599399902000,75,41
1599400202000,75,38
1599400502000,77,25
1599400802000,73,49
1599401102000,70,49
1599401402000,70,52
1599401702000,69,62
1599402002000,70,70
1599402302000,71,51
1599402602000,71,57
1599402902000,72,58
1599403202000,70,65
1599403502000,70,63
1599403802000,72,40
1599404102000,73,56
1599404402000,77,35
1599404702000,76,42
1599405002000,75,47
1599405302000,76,48
1599405602000,70,71
1599405902000,68,79
1599406202000,68,83
1599406502000,73,55
1599406802000,0,0
1599407102000,83,21
1599407402000,85,19
1599407702000,85,23
1599408002000,85,18
1599408302000,86,19
1599408602000,81,28
1599408902000,0,0
1599409202000,0,0
1599461941000,0,0
1599462241000,0,0
1599462541000,74,40
1599462841000,73,33
1599463141000,72,37
1599463441000,73,34
1599463741000,73,43
1599464041000,70,46
1599464341000,71,41
1599464641000,70,45
1599464941000,72,47
1599465241000,72,41
1599465541000,73,32
1599465841000,73,31
1599466141000,72,55
1599466441000,79,28
1599466741000,78,20
1599467041000,75,31
1599467341000,73,39
1599467641000,74,47
1599467941000,74,42
1599468241000,75,32
1599468541000,73,45
1599468841000,70,46
1599469141000,70,44
1599469441000,69,48
1599469741000,68,48
1599470041000,72,50
1599470341000,66,70
1599470641000,67,76
1599470941000,73,37
1599471241000,73,46
1599471541000,72,48
1599471841000,82,17
1599472141000,79,19
1599472441000,79,20
1599472741000,79,35
1599473041000,73,36
1599473341000,75,40
1599473641000,71,48
1599473941000,67,62
1599474241000,70,49
1599474541000,68,59
1599474841000,67,50
1599475141000,67,54
1599475441000,67,53
1599475741000,67,64
1599476041000,69,59
1599476341000,69,57
1599476641000,68,56
1599476941000,69,69
1599477241000,68,60
1599477541000,69,53
1599477841000,70,69
1599478141000,68,65
1599478441000,67,58
1599478741000,67,62
1599479041000,66,75
1599479341000,68,43
1599479641000,68,60
1599479941000,69,47
1599480241000,70,37
1599480541000,70,69
1599480841000,65,89
1599481141000,65,83
1599481441000,70,60
1599481741000,72,45
1599482041000,67,63
1599482341000,67,58
1599482641000,69,49
1599482941000,69,37
1599483241000,66,59
1599483541000,70,52
1599483841000,72,40
1599484141000,72,41
1599484441000,69,52
1599484741000,68,57
1599485041000,69,57
1599485341000,71,39
1599485641000,73,40
1599485941000,74,46
1599486241000,73,40
1599486541000,74,45
1599486841000,76,27
1599487141000,79,20
1599487441000,77,31
1599487741000,69,55
1599488041000,71,43
1599488341000,69,48
1599488641000,67,56
1599488941000,68,67
1599489241000,71,66
1599489541000,64,98
1599489841000,65,80
1599490141000,66,66
1599490441000,72,34
1599490741000,76,43
1599491041000,74,60
1599491341000,71,50
1599491641000,69,48
1599491941000,72,59
1599492241000,70,69
1599492541000,71,56
1599492841000,72,61
1599493141000,66,56
1599493441000,71,44
1599493741000,79,43
1599494041000,80,42
1599494341000,80,34
1599494641000,77,45
1599494941000,76,42
1599495241000,76,40
1599495541000,76,47
1599495841000,0,0
1599547443000,76,37
1599547743000,76,33
1599548043000,73,38
1599548343000,72,51
1599548643000,65,83
1599548943000,67,74
1599549243000,65,80
1599549543000,68,60
1599549843000,68,52
1599550143000,65,75
1599550443000,72,50
1599550743000,73,32
1599551043000,72,34
1599551343000,73,38
1599551643000,73,34
1599551943000,74,33
1599552243000,75,43
1599552543000,70,61
1599552843000,72,41
1599553143000,79,16
1599553443000,80,17
1599553743000,77,34
1599554043000,75,37
1599554343000,76,25
1599554643000,74,36
1599554943000,72,41
1599555243000,69,57
1599555543000,72,35
1599555843000,73,48
1599556143000,73,42
1599556443000,74,33
1599556743000,74,32
1599557043000,74,50
1599557343000,71,46
1599557643000,72,45
1599557943000,72,47
1599558243000,75,29
1599558543000,73,41
1599558843000,75,40
1599559143000,72,49
1599559443000,75,38
1599559743000,72,36
1599560043000,72,46
1599560343000,75,37
1599560643000,76,49
1599560943000,79,21
1599561243000,78,32
1599561543000,77,32
1599561843000,74,36
1599562143000,73,49
1599562443000,71,46
1599562743000,72,33
1599563043000,72,38
1599563343000,71,42
1599563643000,71,42
1599563943000,73,32
1599564243000,72,49
1599564543000,73,46
1599564843000,79,24
1599565143000,83,14
1599565443000,81,16
1599565743000,79,38
1599566043000,74,47
1599566343000,74,55
1599566643000,69,52
1599566943000,71,40
1599567243000,70,56
1599567543000,70,53
1599567843000,70,51
1599568143000,69,51
1599568443000,70,49
1599568743000,69,59
1599569043000,68,76
1599569343000,65,84
1599569643000,72,33
1599569943000,73,44
1599570243000,65,99
1599570543000,67,78
1599570843000,68,70
1599571143000,69,56
1599571443000,63,92
1599571743000,62,102
1599572043000,0,0
1599572343000,70,64
1599572643000,70,67
1599572943000,0,0
1599633870000,78,36
1599634170000,76,48
1599634470000,76,41
1599634770000,78,27
1599635070000,79,30
1599635370000,68,72
1599635670000,69,54
1599635970000,68,57
1599636270000,71,56
1599636570000,67,83
1599636870000,69,66
1599637170000,67,68
1599637470000,66,76
1599637770000,67,65
1599638070000,66,68
1599638370000,66,69
1599638670000,72,66
1599638970000,69,62
1599639270000,70,56
1599639570000,68,54
1599639870000,68,47
1599640170000,66,59
1599640470000,66,68
1599640770000,66,78
1599641070000,66,82
1599641370000,66,77
1599641670000,64,102
1599641970000,74,38
1599642270000,72,42
1599642570000,71,50
1599642870000,70,67
1599643170000,66,75
1599643470000,68,65
1599643770000,65,82
1599644070000,64,75
1599644370000,64,102
1599644670000,63,90
1599644970000,65,76
1599645270000,64,89
1599645570000,66,81
1599645870000,65,69
1599646170000,68,59
1599646470000,63,92
1599646770000,64,81
1599647070000,62,107
1599647370000,62,110
1599647670000,63,109
1599647970000,65,104
1599648270000,73,50
1599648570000,68,88
1599648870000,67,80
1599649170000,72,30
1599649470000,66,98
1599649770000,66,86
1599650070000,67,70
1599650370000,66,91
1599650670000,64,89
1599650970000,64,82
1599651270000,62,107
1599651570000,63,91
1599651870000,62,117
1599652170000,61,110
1599652470000,63,103
1599652770000,64,109
1599653070000,60,118
1599653370000,63,119
1599653670000,68,73
1599653970000,67,80
1599654270000,70,72
1599654570000,64,111
1599654870000,68,69
1599655170000,69,69
1599655470000,71,63
1599655770000,69,61
1599656070000,70,48
1599656370000,63,123
1599656670000,80,40
1599656970000,0,0
1599657270000,0,0
1599657570000,0,0
1599657870000,0,0
1599658170000,0,0
1599658470000,0,0
1599658770000,0,0
1599659070000,80,31
1599659370000,79,22
1599659670000,74,37
1599659970000,71,57
1599660270000,70,66
1599660570000,74,37
1599660870000,72,73
1599661170000,69,80
1599661470000,69,75
1599661770000,66,77
1599662070000,68,70
1599720796000,0,0
1599721096000,76,44
1599721396000,80,32
1599721696000,75,41
1599721996000,73,43
1599722296000,73,40
1599722596000,73,37
1599722896000,74,39
1599723196000,72,63
1599723496000,70,53
1599723796000,70,50
1599724096000,70,46
1599724396000,71,48
1599724696000,70,51
1599724996000,70,48
1599725296000,72,44
1599725596000,69,71
1599725896000,70,55
1599726196000,71,60
1599726496000,74,41
1599726796000,70,55
1599727096000,67,69
1599727396000,66,70
1599727696000,67,68
1599727996000,65,83
1599728296000,66,62
1599728596000,65,64
1599728896000,68,54
1599729196000,63,111
1599729496000,63,116
1599729796000,63,94
1599730096000,62,110
1599730396000,62,101
1599730696000,63,92
1599730996000,62,110
1599731296000,62,115
1599731596000,68,81
1599731896000,75,36
1599732196000,69,71
1599732496000,78,29
1599732796000,74,19
1599733096000,67,71
1599733396000,69,78
1599733696000,66,84
1599733996000,64,83
1599734296000,64,101
1599734596000,64,89
1599734896000,63,102
1599735196000,61,114
1599735496000,62,115
1599735796000,60,147
1599736096000,60,129
1599736396000,59,127
1599736696000,60,116
1599736996000,62,114
1599737296000,63,104
1599737596000,62,113
1599737896000,61,131
1599738196000,0,0
1599738496000,64,100
1599738796000,67,94
1599739096000,69,73
1599739396000,66,106
1599739696000,62,109
1599739996000,0,0
1599740296000,0,0
1599740596000,64,115
1599740896000,62,121
1599741196000,62,123
1599741496000,63,112
1599741796000,62,106
1599742096000,0,0
1599742396000,0,0
1599742696000,0,0
1599742996000,74,63
1599743296000,65,97
1599743596000,61,136
1599743896000,75,45
1599744196000,68,80
1599744496000,68,93
1599744796000,65,77
1599745096000,65,116
1599745396000,66,104
1599745696000,71,59
1599745996000,71,59
1599746296000,65,110
1599746596000,0,0
1599746896000,62,136
1599747196000,68,79
1599747496000,72,51
1599747796000,73,70
1599748096000,70,82
1599748396000,72,77
1599804633000,77,42
1599804933000,0,0
1599805233000,77,35
1599805533000,73,44
1599805833000,73,46
1599806133000,72,49
1599806433000,73,37
1599806733000,73,34
1599807033000,73,35
1599807333000,73,36
1599807633000,73,33
1599807933000,69,69
1599808233000,70,52
1599808533000,70,57
1599808833000,71,48
1599809133000,70,50
1599809433000,70,44
1599809733000,71,50
1599810033000,71,62
1599810333000,74,45
1599810633000,79,24
1599810933000,78,27
1599811233000,74,50
1599811533000,73,47
1599811833000,72,48
1599812133000,0,0
1599812433000,0,0
1599812733000,0,0
1599813033000,0,0
1599813333000,0,0
1599813633000,69,71
1599813933000,68,80
1599814233000,65,78
1599814533000,66,67
1599814833000,73,41
1599815133000,0,0
1599815433000,0,0
1599815733000,78,29
1599816033000,76,47
1599816333000,73,44
1599816633000,73,35
1599816933000,71,47
1599817233000,72,43
1599817533000,64,98
1599817833000,67,56
1599818133000,65,70
1599818433000,65,77
1599818733000,65,66
1599819033000,65,69
1599819333000,66,70
1599819633000,66,94
1599819933000,65,93
1599820233000,70,55
1599820533000,73,38
1599820833000,0,0
1599821133000,0,0
1599821433000,70,64
1599821733000,70,58
1599822033000,68,70
1599822333000,69,69
1599822633000,65,71
1599822933000,65,77
1599823233000,68,73
1599823533000,66,81
1599823833000,66,85
1599824133000,66,75
1599824433000,71,49
1599824733000,72,52
1599825033000,74,39
1599825333000,77,33
1599825633000,74,35
1599825933000,76,25
1599826233000,82,16
1599826533000,76,41
1599826833000,71,48
1599827133000,72,53
1599827433000,74,39
1599827733000,74,38
1599828033000,73,41
1599828333000,73,64
1599828633000,66,74
1599828933000,69,51
1599829233000,73,63
1599829533000,68,82
1599829833000,67,81
1599830133000,76,51
1599830433000,72,61
1599830733000,75,58
1599831033000,72,54
1599831333000,74,43
1599831633000,70,61
1599831933000,72,62
1599832233000,71,77
1599832533000,71,65
1599832833000,72,57
1599833133000,67,96
1599833433000,74,63
1599893813000,82,25
1599894113000,84,31
1599894413000,86,26
1599894713000,87,20
1599895013000,88,21
1599895313000,88,18
1599895613000,79,33
1599895913000,76,41
1599896213000,76,41
1599896513000,76,34
1599896813000,77,34
1599897113000,76,40
1599897413000,76,42
1599897713000,76,38
1599898013000,76,55
1599898313000,78,37
1599898613000,81,20
1599898913000,80,26
1599899213000,79,24
1599899513000,77,38
1599899813000,74,38
1599900113000,76,28
1599900413000,75,30
1599900713000,73,35
1599901013000,72,55
1599901313000,66,63
1599901613000,68,55
1599901913000,67,53
1599902213000,68,49
1599902513000,66,83
1599902813000,66,63
1599903113000,71,65
1599903413000,71,65
1599903713000,71,39
1599904013000,72,32
1599904313000,74,25
1599904613000,71,57
1599904913000,68,55
1599905213000,67,68
1599905513000,68,62
1599905813000,69,48
1599906113000,67,62
1599906413000,66,65
1599906713000,65,85
1599907013000,60,126
1599907313000,63,86
1599907613000,63,89
1599907913000,64,84
1599908213000,64,86
1599908513000,64,74
1599908813000,67,83
1599909113000,68,66
1599909413000,66,86
1599909713000,68,67
1599910013000,69,57
1599910313000,67,83
1599910613000,65,96
1599910913000,66,66
1599911213000,66,71
1599911513000,64,76
1599911813000,65,73
1599912113000,68,78
1599912413000,68,64
1599912713000,66,81
1599913013000,66,71
1599913313000,66,90
1599913613000,71,47
1599913913000,71,63
1599914213000,75,45
1599914513000,69,63
1599914813000,67,86
1599915113000,66,60
1599915413000,69,70
1599915713000,73,50
1599916013000,66,76
1599916313000,64,96
1599916613000,65,95
1599916913000,65,83
1599917213000,65,82
1599917513000,66,67
1599917813000,71,65
1599918113000,72,55
1599918413000,69,75
1599918713000,71,54
1599919013000,75,49
1599919313000,70,74
1599919613000,76,36
1599919913000,70,81
1599920213000,65,88
1599920513000,71,47
1599920813000,71,54
1599921113000,74,51
1599921413000,75,42
1599921713000,69,84
1599922013000,64,108
1599922313000,66,88
1599922613000,68,70
1599922913000,71,72
1599923213000,69,77
1599923513000,69,63
1599923813000,71,52
1599924113000,70,55
1599924413000,66,103
1599924713000,65,100
1599925013000,68,91
1599925313000,67,118
1599925613000,66,76
1599925913000,72,59
1599926213000,69,83
1599926513000,67,86
1599926813000,66,93
1599927113000,66,86
1599927413000,71,68
1599927713000,69,86
1599928013000,79,66
1599928313000,76,66
1599980375000,0,0
1599980675000,73,61
1599980975000,74,61
1599981275000,77,50
1599981575000,78,37
1599981875000,82,29
1599982175000,81,33
1599982475000,76,32
1599982775000,80,26
1599983075000,79,23
1599983375000,77,30
1599983675000,73,41
1599983975000,73,41
1599984275000,74,34
1599984575000,74,39
1599984875000,74,39
1599985175000,73,44
1599985475000,73,46
1599985775000,73,39
1599986075000,73,44
1599986375000,71,51
1599986675000,73,60
1599986975000,70,70
1599987275000,70,58
1599987575000,74,35
1599987875000,73,40
1599988175000,0,0
1599988475000,70,45
1599988775000,70,45
1599989075000,71,41
1599989375000,73,51
1599989675000,71,52
1599989975000,72,56
1599990275000,69,63
1599990575000,67,60
1599990875000,68,57
1599991175000,70,39
1599991475000,70,50
1599991775000,71,49
1599992075000,82,15
1599992375000,79,19
1599992675000,77,23
1599992975000,80,20
1599993275000,78,23
1599993575000,75,22
1599993875000,75,29
1599994175000,72,42
1599994475000,72,47
1599994775000,72,46
1599995075000,72,41
1599995375000,72,40
1599995675000,69,61
1599995975000,71,48
1599996275000,67,55
1599996575000,68,58
1599996875000,68,60
1599997175000,75,29
1599997475000,75,45
1599997775000,75,47
1599998075000,71,47
1599998375000,70,54
1599998675000,73,37
1599998975000,74,67
1599999275000,74,70
1599999575000,66,65
1599999875000,66,72
1600000175000,64,66
1600000475000,66,58
1600000775000,67,56
1600001075000,66,52
1600001375000,65,65
1600001675000,66,65
1600001975000,70,55
1600002275000,74,52
1600002575000,68,82
1600002875000,66,76
1600003175000,77,31
1600003475000,77,38
1600003775000,73,39
1600004075000,73,48
1600004375000,73,48
1600004675000,71,58
1600004975000,68,65
1600005275000,69,51
1600005575000,68,53
1600005875000,68,50
1600006175000,68,63
1600006475000,66,84
1600006775000,67,69
1600007075000,67,78
1600007375000,68,60
1600007675000,68,56
1600007975000,67,66
1600008275000,66,72
1600008575000,70,64
1600008875000,72,46
1600009175000,76,32
1600009475000,73,53
1600009775000,70,64
1600010075000,68,71
1600010375000,71,48
1600010675000,71,51
1600010975000,65,85
1600011275000,68,72
1600011575000,66,87
1600011875000,68,68
1600012175000,68,77
1600012475000,73,43
1600012775000,70,60
1600013075000,75,68
1600013375000,0,0
1600067160000,85,22
1600067460000,84,23
1600067760000,86,28
1600068060000,85,28
1600068360000,87,18
1600068660000,88,27
1600068960000,86,22
1600069260000,84,18
1600069560000,83,24
1600069860000,80,24
1600070160000,80,18
1600070460000,77,35
1600070760000,74,43
1600071060000,74,41
1600071360000,75,32
1600071660000,75,31
1600071960000,72,38
1600072260000,72,41
1600072560000,73,38
1600072860000,76,34
1600073160000,73,53
1600073460000,72,44
1600073760000,72,48
1600074060000,71,45
1600074360000,72,43
1600074660000,70,57
1600074960000,70,52
1600075260000,68,64
1600075560000,72,57
1600075860000,77,30
1600076160000,78,25
1600076460000,78,14
1600076760000,76,22
1600077060000,73,30
1600077360000,73,33
1600077660000,71,47
1600077960000,70,51
1600078260000,0,0
1600078560000,0,0
1600078860000,67,65
1600079160000,0,0
1600079460000,71,35
1600079760000,76,36
1600080060000,71,51
1600080360000,71,50
1600080660000,70,62
1600080960000,69,55
1600081260000,68,56
1600081560000,68,45
1600081860000,69,46
1600082160000,68,49
1600082460000,68,51
1600082760000,68,58
1600083060000,67,52
1600083360000,68,44
1600083660000,67,58
1600083960000,67,56
1600084260000,67,54
1600084560000,72,46
1600084860000,77,21
1600085160000,70,58
1600085460000,72,60
1600085760000,78,19
1600086060000,69,53
1600086360000,71,43
1600086660000,67,57
1600086960000,67,56
1600087260000,68,53
1600087560000,64,87
1600087860000,62,81
1600088160000,65,68
1600088460000,65,83
1600088760000,65,76
1600089060000,61,88
1600089360000,62,93
1600089660000,64,88
1600089960000,66,89
1600090260000,67,79
1600090560000,75,53
1600090860000,78,42
1600091160000,0,0
1600149481000,0,0
1600149781000,82,27
1600150081000,78,38
1600150381000,79,32
1600150681000,79,27
1600150981000,79,27
1600151281000,80,27
1600151581000,80,27
1600151881000,81,21
1600152181000,80,28
1600152481000,84,19
1600152781000,75,29
1600153081000,76,34
1600153381000,76,33
1600153681000,78,24
1600153981000,77,22
1600154281000,74,41
1600154581000,73,30
1600154881000,73,31
1600155181000,71,37
1600155481000,71,43
1600155781000,71,37
1600156081000,71,39
1600156381000,71,39
1600156681000,71,40
1600156981000,74,39
1600157281000,78,23
1600157581000,82,13
1600157881000,82,14
1600158181000,78,34
1600158481000,75,40
1600158781000,71,49
1600159081000,71,47
1600159381000,69,63
1600159681000,70,51
1600159981000,70,39
1600160281000,69,40
1600160581000,71,47
1600160881000,68,58
1600161181000,69,59
1600161481000,70,53
1600161781000,69,70
1600162081000,68,48
1600162381000,68,47
1600162681000,70,40
1600162981000,73,33
1600163281000,79,18
1600163581000,0,0
1600163881000,0,0
1600164181000,80,28
1600164481000,79,23
1600164781000,77,26
1600165081000,74,46
1600165381000,73,42
1600165681000,72,53
1600165981000,69,51
1600166281000,68,60
1600166581000,69,63
1600166881000,69,65
1600167181000,71,49
1600167481000,70,51
1600167781000,67,67
1600168081000,68,53
1600168381000,70,48
1600168681000,70,52
1600168981000,70,47
1600169281000,71,46
1600169581000,71,49
1600169881000,74,52
1600170181000,72,45
1600170481000,73,44
1600170781000,74,35
1600171081000,69,55
1600171381000,69,54
1600171681000,70,49
1600171981000,68,65
1600172281000,68,65
1600172581000,65,62
1600172881000,64,73
1600173181000,65,83
1600173481000,66,62
1600173781000,66,85
1600174081000,67,74
1600174381000,67,83
1600174681000,70,74
1600174981000,75,36
1600175281000,76,37
1600414531000,84,31
1600414831000,82,34
1600415131000,80,29
1600415431000,84,24
1600415731000,85,25
1600416031000,85,28
1600416331000,77,32
1600416631000,75,31
1600416931000,75,33
1600417231000,73,39
1600417531000,74,38
1600417831000,72,46
1600418131000,78,37
1600418431000,77,39
1600418731000,78,28
1600419031000,78,28
1600419331000,75,37
1600419631000,73,51
1600419931000,71,41
1600420231000,70,42
1600420531000,69,50
1600420831000,69,59
1600421131000,67,54
1600421431000,67,54
1600421731000,66,63
1600422031000,67,54
1600422331000,66,63
1600422631000,66,94
1600422931000,71,49
1600423231000,78,19
1600423531000,78,19
1600423831000,73,35
1600424131000,71,53
1600424431000,73,40
1600424731000,68,78
1600425031000,69,52
1600425331000,69,56
1600425631000,66,80
1600425931000,67,80
1600426231000,67,61
1600426531000,67,61
1600426831000,67,64
1600427131000,66,72
1600427431000,67,82
1600427731000,64,90
1600428031000,66,84
1600428331000,67,85
1600428631000,69,62
1600428931000,71,46
1600429231000,67,95
1600429531000,71,55
1600429831000,70,67
1600430131000,70,70
1600430431000,71,48
1600430731000,70,62
1600431031000,69,64
1600431331000,70,45
1600431631000,70,42
1600431931000,69,43
1600432231000,70,70
1600432531000,73,41
1600432831000,73,42
1600433131000,73,52
1600433431000,73,43
1600433731000,74,51
1600434031000,72,62
1600434331000,71,59
1600434631000,76,49
1600434931000,78,28
1600435231000,78,38
1600435531000,78,26
1600435831000,76,32
1600436131000,77,36
1600436431000,76,33
1600436731000,76,39
1600437031000,68,76
1600437331000,70,62
1600437631000,76,47
1600437931000,76,37
1600438231000,75,42
1600438531000,73,56
1600438831000,71,58
1600439131000,0,0
1600439431000,89,17
1600439731000,86,18
1600440031000,86,20
1600440331000,87,17
1600440631000,84,17
1600440931000,0,0
1600441231000,88,22
1600441531000,90,22
1600441831000,0,0
1600442131000,0,0
1600442431000,0,0
1600442731000,0,0
1600443031000,0,0
1600443331000,0,0
1600443631000,0,0
1600443931000,0,0
1600444231000,0,0
1600444531000,0,0
1600499012000,0,0
1600499312000,80,24
1600499612000,80,22
1600499912000,79,22
1600500212000,79,24
1600500512000,79,26
1600500812000,80,24
1600501112000,82,26
1600501412000,75,48
1600501712000,75,49
1600502012000,76,43
1600502312000,78,33
1600502612000,79,36
1600502912000,77,38
1600503212000,75,33
1600503512000,73,43
1600503812000,70,53
1600504112000,70,58
1600504412000,69,63
1600504712000,69,68
1600505012000,68,72
1600505312000,68,68
1600505612000,68,67
1600505912000,68,70
1600506212000,69,71
1600506512000,72,64
1600506812000,71,52
1600507112000,79,25
1600507412000,77,27
1600507712000,77,28
1600508012000,74,40
1600508312000,73,46
1600508612000,71,51
1600508912000,73,38
1600509212000,69,71
1600509512000,68,79
1600509812000,69,63
1600510112000,67,61
1600510412000,67,71
1600510712000,68,67
1600511012000,69,85
1600511312000,66,93
1600511612000,70,73
1600511912000,77,27
1600512212000,71,71
1600512512000,72,53
1600512812000,71,80
1600513112000,70,66
1600513412000,71,57
1600513712000,70,63
1600514012000,70,66
1600514312000,68,78
1600514612000,68,88
1600514912000,69,61
1600515212000,68,65
1600515512000,68,82
1600515812000,67,84
1600516112000,68,72
1600516412000,68,68
1600516712000,69,71
1600517012000,70,59
1600517312000,74,37
1600517612000,73,51
1600517912000,73,55
1600518212000,70,49
1600518512000,72,63
1600518812000,70,70
1600519112000,71,62
1600519412000,72,48
1600519712000,72,55
1600520012000,73,46
1600520312000,72,43
1600520612000,68,74
1600520912000,69,66
1600521212000,67,77
1600521512000,69,68
1600521812000,70,70
1600522112000,74,42
1600522412000,77,33
1600522712000,75,71
1600523012000,67,81
1600523312000,69,74
1600523612000,75,43
1600523912000,73,58
1600524212000,75,41
1600524512000,73,49
1600524812000,75,37
1600525112000,74,36
1600525412000,72,61
1600525712000,65,95
1600526012000,68,61
1600526312000,68,56
1600526612000,68,64
1600526912000,69,66
1600527212000,68,68
1600527512000,67,60
1600527812000,70,90
1600528112000,67,93
1600528412000,66,91
1600528712000,67,79
1600529012000,71,72
1600529312000,67,83
1600529612000,70,81
1600529912000,67,72
1600530212000,68,88
1600530512000,69,83
1600530812000,77,59
1600531112000,74,80
1600531412000,78,72
1600531712000,76,62
1600532012000,79,60
1600583252000,0,0
1600583552000,0,0
1600583852000,80,41
1600584152000,78,39
1600584452000,74,53
1600584752000,76,42
1600585052000,78,34
1600585352000,79,31
1600585652000,76,34
1600585952000,78,27
1600586252000,81,19
1600586552000,77,28
1600586852000,75,38
1600587152000,74,40
1600587452000,74,36
1600587752000,75,33
1600588052000,77,30
1600588352000,77,35
1600588652000,75,43
1600588952000,68,65
1600589252000,68,58
1600589552000,69,50
1600589852000,70,46
1600590152000,74,41
1600590452000,78,30
1600590752000,82,14
1600591052000,81,19
1600591352000,77,30
1600591652000,69,67
1600591952000,70,51
1600592252000,70,41
1600592552000,70,52
1600592852000,70,55
1600593152000,70,57
1600593452000,69,57
1600593752000,70,44
1600594052000,70,44
1600594352000,71,35
1600594652000,71,34
1600594952000,72,39
1600595252000,82,18
1600595552000,86,14
1600595852000,82,17
1600596152000,79,25
1600596452000,82,16
1600596752000,76,40
1600597052000,79,29
1600597352000,0,0
1600597652000,72,60
1600597952000,68,65
1600598252000,69,50
1600598552000,69,56
1600598852000,67,66
1600599152000,68,62
1600599452000,68,75
1600599752000,67,66
1600600052000,69,62
1600600352000,70,59
1600600652000,65,92
1600600952000,67,75
1600601252000,67,68
1600601552000,74,42
1600601852000,74,60
1600602152000,0,0
1600602452000,74,51
1600602752000,73,49
1600603052000,69,64
1600603352000,69,67
1600603652000,68,58
1600603952000,67,70
1600604252000,67,65
1600604552000,68,51
1600604852000,67,58
1600605152000,66,71
1600605452000,67,92
1600605752000,68,71
1600606052000,71,56
1600606352000,73,45
1600606652000,75,55
1600606952000,72,65
1600607252000,68,68
1600607552000,0,0
1600607852000,0,0
1600608152000,67,79
1600608452000,68,72
1600608752000,69,62
1600609052000,69,59
1600609352000,71,52
1600609652000,70,52
1600609952000,71,50
1600610252000,69,63
1600610552000,71,54
1600610852000,78,26
1600611152000,80,28
1600611452000,73,62
1600611752000,73,44
1600612052000,71,71
1600612352000,71,64
1600612652000,71,56
1600612952000,73,58
1600613252000,72,66
1600613552000,73,56
1600613852000,72,61
1600614152000,68,77
1600614452000,64,92
1600614752000,66,85
1600615052000,67,84
1600615352000,65,94
1600615652000,65,91
1600615952000,64,97
1600616252000,67,91
1600616552000,68,81
1600616852000,69,77
1600617152000,73,63
1600617452000,70,73
1600617752000,69,79
1600618052000,63,121
1600618352000,66,107
1600618652000,65,113
1600618952000,60,129
1600619252000,66,106
1600619552000,73,79
1600670551000,0,0
1600670851000,71,61
1600671151000,77,32
1600671451000,79,27
1600671751000,79,34
1600672051000,76,35
1600672351000,74,50
1600672651000,70,57
1600672951000,68,58
1600673251000,70,46
1600673551000,68,60
1600673851000,64,81
1600674151000,65,70
1600674451000,65,73
1600674751000,65,72
1600675051000,65,69
1600675351000,66,91
1600675651000,73,47
1600675951000,75,29
1600676251000,72,50
1600676551000,71,59
1600676851000,68,69
1600677151000,70,58
1600677451000,67,69
1600677751000,65,88
1600678051000,69,72
1600678351000,69,62
1600678651000,68,59
1600678951000,73,48
1600679251000,70,46
1600679551000,72,52
1600679851000,69,70
1600680151000,75,36
1600680451000,79,29
1600680751000,80,18
1600681051000,76,30
1600681351000,76,39
1600681651000,76,36
1600681951000,69,58
1600682251000,72,63
1600682551000,68,71
1600682851000,64,94
1600683151000,66,78
1600683451000,65,79
1600683751000,63,92
1600684051000,70,71
1600684351000,68,77
1600684651000,70,55
1600684951000,70,51
1600685251000,66,80
1600685551000,66,80
1600685851000,68,54
1600686151000,64,91
1600686451000,64,81
1600686751000,68,57
1600687051000,71,38
1600687351000,72,35
1600687651000,71,57
1600687951000,71,46
1600688251000,70,61
1600688551000,69,76
1600688851000,70,64
1600689151000,67,85
1600689451000,70,51
1600689751000,68,59
1600690051000,68,55
1600690351000,69,50
1600690651000,68,46
1600690951000,69,73
1600691251000,65,74
1600691551000,66,69
1600691851000,68,98
1600692151000,67,105
1600692451000,71,49
1600692751000,71,51
1600693051000,68,92
1600693351000,66,91
1600693651000,67,90
1600693951000,68,71
1600694251000,65,93
1600694551000,62,88
1600694851000,64,90
1600695151000,64,97
1600695451000,66,76
1600695751000,68,73
1600696051000,73,58
1600696351000,79,22
1600696651000,81,22
1600696951000,78,24
1600697251000,74,46
1600697551000,71,68
1600697851000,71,56
1600698151000,69,84
1600698451000,62,122
1600698751000,70,81
1600699051000,66,91
1600699351000,68,85
1600699651000,78,50
1600699951000,73,58
1600700251000,75,59
1600700551000,76,52
1600700851000,74,50
1600701151000,76,47
1600701451000,0,0
1600701751000,80,42
1600702051000,72,63
1600756591000,0,0
1600756891000,81,31
1600757191000,82,30
1600757491000,82,24
1600757791000,83,17
1600758091000,83,19
1600758391000,83,18
1600758691000,83,19
1600758991000,83,18
1600759291000,78,43
1600759591000,75,35
1600759891000,79,30
1600760191000,80,28
1600760491000,79,22
1600760791000,77,31
1600761091000,75,39
1600761391000,74,36
1600761691000,73,43
1600761991000,71,60
1600762291000,74,46
1600762591000,74,47
1600762891000,74,41
1600763191000,75,37
1600763491000,76,39
1600763791000,76,38
1600764091000,77,40
1600764391000,73,46
1600764691000,76,21
1600764991000,76,33
1600765291000,75,35
1600765591000,74,37
1600765891000,72,53
1600766191000,71,66
1600766491000,70,54
1600766791000,72,61
1600767091000,71,62
1600767391000,84,30
1600767691000,85,20
1600767991000,80,18
1600768291000,77,24
1600768591000,74,33
1600768891000,72,46
1600769191000,72,44
1600769491000,72,38
1600769791000,73,35
1600770091000,71,56
1600770391000,72,36
1600770691000,71,40
1600770991000,72,39
1600771291000,71,42
1600771591000,69,71
1600771891000,69,77
1600772191000,76,30
1600772491000,71,61
1600772791000,71,53
1600773091000,72,36
1600773391000,73,35
1600773691000,74,41
1600773991000,75,22
1600774291000,73,40
1600774591000,72,48
1600774891000,72,41
1600775191000,72,37
1600775491000,71,49
1600775791000,70,50
1600776091000,70,59
1600776391000,68,57
1600776691000,71,49
1600776991000,69,51
1600777291000,70,80
1600777591000,67,90
1600777891000,70,60
1600778191000,72,53
1600778491000,70,71
1600778791000,72,63
1600779091000,67,70
1600779391000,69,72
1600779691000,69,76
1600779991000,71,57
1600780291000,68,68
1600780591000,69,68
1600780891000,67,77
1600781191000,67,90
1600781491000,71,53
1600781791000,71,62
1600782091000,70,79
1600782391000,68,87
1600782691000,74,46
1600782991000,66,101
1600783291000,65,83
1600783591000,71,63
1600783891000,68,80
1600784191000,65,90
1600784491000,67,72
1600784791000,68,68
1600785091000,69,63
1600785391000,80,50
1600785691000,82,27
1600785991000,82,31
1600786291000,83,35
1600786591000,79,30
1600786891000,83,31
1600787191000,84,29
1600787491000,82,37
1600787791000,87,22
1600844191000,78,46
1600844491000,78,35
1600844791000,78,38
1600845091000,78,30
1600845391000,79,29
1600845691000,78,31
1600845991000,78,33
1600846291000,77,32
1600846591000,76,32
1600846891000,76,32
1600847191000,77,35
1600847491000,76,44
1600847791000,75,45
1600848091000,78,33
1600848391000,78,29
1600848691000,80,35
1600848991000,0,0
1600849291000,79,25
1600849591000,81,27
1600849891000,76,39
1600850191000,77,33
1600850491000,68,74
1600850791000,69,61
1600851091000,69,56
1600851391000,73,55
1600851691000,72,62
1600851991000,71,61
1600852291000,74,48
1600852591000,74,65
1600852891000,80,21
1600853191000,74,33
1600853491000,76,31
1600853791000,74,42
1600854091000,72,47
1600854391000,71,59
1600854691000,69,60
1600854991000,68,83
1600855291000,67,88
1600855591000,67,80
1600855891000,67,96
1600856191000,67,77
1600856491000,67,69
1600856791000,69,66
1600857091000,68,60
1600857391000,68,60
1600857691000,69,56
1600857991000,66,92
1600858291000,66,93
1600858591000,70,60
1600858891000,70,66
1600859191000,68,70
1600859491000,68,77
1600859791000,70,54
1600860091000,66,82
1600860391000,68,74
1600860691000,68,68
1600860991000,67,76
1600861291000,66,83
1600861591000,67,68
1600861891000,66,71
1600862191000,68,85
1600862491000,68,69
1600862791000,66,88
1600863091000,67,89
1600863391000,70,80
1600863691000,74,40
1600863991000,70,77
1600864291000,71,61
1600864591000,73,46
1600864891000,72,49
1600865191000,70,68
1600865491000,75,45
1600865791000,67,102
1600866091000,69,91
1600866391000,69,90
1600866691000,66,84
1600866991000,67,87
1600867291000,68,72
1600867591000,67,114
1600867891000,64,122
1600868191000,67,108
1600868491000,68,98
1600868791000,67,120
1600869091000,67,114
1600869391000,72,67
1600869691000,67,97
1600869991000,68,99
1600870291000,67,105
1600870591000,66,90
1600870891000,0,0
1601103080000,0,0
1601103380000,79,35
1601103680000,75,42
1601103980000,72,53
1601104280000,74,48
1601104580000,74,38
1601104880000,75,39
1601105180000,73,71
1601105480000,64,81
1601105780000,64,72
1601106080000,64,72
1601106380000,64,109
1601106680000,66,78
1601106980000,65,104
1601107280000,73,45
1601107580000,72,50
1601107880000,71,54
1601108180000,70,67
1601108480000,68,70
1601108780000,66,68
1601109080000,65,82
1601109380000,64,84
1601109680000,63,91
1601109980000,62,95
1601110280000,63,90
1601110580000,67,79
1601110880000,68,52
1601111180000,68,69
1601111480000,64,75
1601111780000,64,109
1601112080000,65,91
1601112380000,72,55
1601112680000,71,64
1601112980000,70,56
1601113280000,71,49
1601113580000,66,125
1601113880000,65,86
1601114180000,68,52
1601114480000,69,48
1601114780000,68,57
1601115080000,68,64
1601115380000,59,132
1601115680000,61,101
1601115980000,62,100
1601116280000,62,105
1601116580000,64,77
1601116880000,64,76
1601117180000,64,83
1601117480000,65,85
1601117780000,76,36
1601118080000,69,82
1601118380000,72,48
1601118680000,0,0
1601118980000,0,0
1601119280000,70,61
1601119580000,66,72
1601119880000,66,81
1601120180000,66,97
1601120480000,65,77
1601120780000,63,84
1601121080000,62,110
1601121380000,61,124
1601121680000,65,95
1601121980000,64,93
1601122280000,61,108
1601122580000,61,114
1601122880000,66,77
1601123180000,69,60
1601123480000,70,66
1601123780000,71,60
1601124080000,0,0
1601124380000,0,0
1601124680000,69,102
1601124980000,70,76
1601125280000,69,69
1601125580000,67,94
1601125880000,62,114
1601126180000,63,103
1601126480000,64,101
1601126780000,62,98
1601127080000,64,84
1601127380000,61,109
1601127680000,64,85
1601127980000,65,96
1601128280000,67,88
1601128580000,66,100
1601128880000,76,31
1601129180000,68,83
1601129480000,62,143
1601129780000,69,82
1601130080000,63,115
1601130380000,64,110
1601130680000,67,81
1601130980000,66,82
1601131280000,66,82
1601131580000,67,77
1601131880000,67,75
1601132180000,70,56
1601132480000,69,87
1601132780000,61,121
1601133080000,61,113
1601133380000,63,116
1601133680000,69,84
1601133980000,76,38
1601134280000,0,0
1601134580000,76,49
1601134880000,72,50
1601135180000,71,63
1601135480000,72,50
1601135780000,71,51
1601136080000,72,50
1601136380000,71,52
1601136680000,61,130
1601136980000,0,0
1601137280000,0,0
1601137580000,67,114
1601137880000,63,118
1601138180000,64,116
1601138480000,67,86
1601138780000,68,75
1601139080000,0,0
1601191620000,0,0
1601191920000,79,32
1601192220000,77,33
1601192520000,78,29
1601192820000,77,29
1601193120000,75,31
1601193420000,71,46
1601193720000,69,50
1601194020000,70,45
1601194320000,70,46
1601194620000,69,45
1601194920000,69,48
1601195220000,70,88
1601195520000,66,67
1601195820000,69,56
1601196120000,72,44
1601196420000,72,43
1601196720000,69,60
1601197020000,71,45
1601197320000,73,32
1601197620000,73,37
1601197920000,71,39
1601198220000,71,41
1601198520000,70,45
1601198820000,72,58
1601199120000,69,56
1601199420000,69,57
1601199720000,69,55
1601200020000,69,44
1601200320000,69,40
1601200620000,69,43
1601200920000,69,61
1601201220000,64,93
1601201520000,69,61
1601201820000,73,37
1601202120000,75,23
1601202420000,77,22
1601202720000,74,33
1601203020000,72,47
1601203320000,69,52
1601203620000,70,45
1601203920000,72,41
1601204220000,66,82
1601204520000,63,71
1601204820000,63,72
1601205120000,63,78
1601205420000,63,88
1601205720000,63,94
1601206020000,62,91
1601206320000,62,89
1601206620000,64,80
1601206920000,67,70
1601207220000,68,57
1601207520000,76,41
1601207820000,69,51
1601208120000,65,93
1601208420000,64,89
1601208720000,64,70
1601209020000,63,70
1601209320000,63,85
1601209620000,60,84
1601209920000,61,93
1601210220000,60,99
1601210520000,61,93
1601210820000,61,103
1601211120000,61,101
1601211420000,61,118
1601211720000,61,121
1601212020000,66,77
1601212320000,73,40
1601212620000,72,45
1601212920000,71,58
1601213220000,63,102
1601213520000,62,93
1601213820000,62,88
1601214120000,63,89
1601214420000,62,92
1601214720000,62,77
1601215020000,62,74
1601215320000,62,88
1601215620000,61,112
1601215920000,62,102
1601216220000,64,91
1601216520000,66,87
1601216820000,68,67
1601217120000,69,65
1601217420000,70,49
1601217720000,69,54
1601218020000,69,71
1601218320000,67,76
1601218620000,68,52
1601218920000,66,58
1601219220000,66,55
1601219520000,65,79
1601219820000,64,79
1601220120000,64,97
1601220420000,60,121
1601220720000,61,127
1601221020000,59,132
1601221320000,63,106
1601221620000,63,88
1601221920000,67,82
1601222220000,66,78
1601222520000,66,87
1601222820000,65,78
1601223120000,64,76
1601223420000,65,78
1601223720000,73,57
1601224020000,71,59
1601224320000,69,78
1601224620000,73,73
1601279941000,75,34
1601280241000,73,36
1601280541000,72,42
1601280841000,72,40
1601281141000,73,40
1601281441000,65,74
1601281741000,65,63
1601282041000,63,73
1601282341000,64,72
1601282641000,69,71
1601282941000,71,41
1601283241000,70,43
1601283541000,69,59
1601283841000,64,70
1601284141000,63,96
1601284441000,68,67
1601284741000,71,49
1601285041000,69,56
1601285341000,70,62
1601285641000,65,68
1601285941000,66,53
1601286241000,66,56
1601286541000,64,61
1601286841000,64,61
1601287141000,63,68
1601287441000,63,69
1601287741000,61,81
1601288041000,61,83
1601288341000,65,93
1601288641000,65,66
1601288941000,64,73
1601289241000,63,79
1601289541000,63,80
1601289841000,63,79
1601290141000,63,96
1601290441000,59,115
1601290741000,65,81
1601291041000,70,55
1601291341000,67,70
1601291641000,62,87
1601291941000,63,91
1601292241000,63,88
1601292541000,64,78
1601292841000,62,74
1601293141000,62,79
1601293441000,61,86
1601293741000,61,92
1601294041000,0,0
1601294341000,61,74
1601294641000,58,114
1601294941000,62,84
1601295241000,60,81
1601295541000,61,91
1601295841000,61,82
1601296141000,62,82
1601296441000,61,91
1601296741000,65,73
1601297041000,66,59
1601297341000,61,93
1601297641000,67,56
1601297941000,69,68
1601298241000,63,91
1601298541000,0,0
1601298841000,60,105
1601299141000,61,101
1601299441000,59,101
1601299741000,59,100
1601300041000,59,104
1601300341000,59,97
1601300641000,58,118
1601300941000,58,111
1601301241000,58,113
1601301541000,62,84
1601301841000,71,43
1601302141000,67,49
1601302441000,0,0
1601302741000,62,116
1601303041000,62,92
1601303341000,0,0
1601303641000,63,105
1601303941000,0,0
