timestamp,hypnogram_level,hypnogram_class
1595664228000,4,awake
1595664528000,4,awake
1595664828000,2,light
1595665128000,2,light
1595665428000,2,light
1595665728000,1,deep
1595666028000,1,deep
1595666328000,1,deep
1595666628000,1,deep
1595666928000,1,deep
1595667228000,1,deep
1595667528000,1,deep
1595667828000,1,deep
1595668128000,1,deep
1595668428000,1,deep
1595668728000,2,light
1595669028000,2,light
1595669328000,2,light
1595669628000,3,REM
1595669928000,2,light
1595670228000,2,light
1595670528000,1,deep
1595670828000,1,deep
1595671128000,1,deep
1595671428000,2,light
1595671728000,1,deep
1595672028000,1,deep
1595672328000,1,deep
1595672628000,1,deep
1595672928000,2,light
1595673228000,1,deep
1595673528000,1,deep
1595673828000,2,light
1595674128000,2,light
1595674428000,2,light
1595674728000,3,REM
1595675028000,3,REM
1595675328000,3,REM
1595675628000,3,REM
1595675928000,4,awake
1595676228000,2,light
1595676528000,2,light
1595676828000,2,light
1595677128000,2,light
1595677428000,2,light
1595677728000,2,light
1595678028000,2,light
1595678328000,1,deep
1595678628000,1,deep
1595678928000,1,deep
1595679228000,1,deep
1595679528000,1,deep
1595679828000,1,deep
1595680128000,1,deep
1595680428000,1,deep
1595680728000,2,light
1595681028000,2,light
1595681328000,3,REM
1595681628000,2,light
1595681928000,3,REM
1595682228000,3,REM
1595682528000,2,light
1595682828000,2,light
1595683128000,2,light
1595683428000,1,deep
1595683728000,1,deep
1595684028000,2,light
1595684328000,2,light
1595684628000,3,REM
1595684928000,2,light
1595685228000,2,light
1595685528000,2,light
1595685828000,3,REM
1595686128000,3,REM
1595686428000,2,light
1595686728000,2,light
1595687028000,2,light
1595687328000,3,REM
1595687628000,4,awake
1595687928000,2,light
1595688228000,2,light
1595688528000,4,awake
1595688828000,4,awake
1595689128000,4,awake
1595689428000,4,awake
1595689728000,4,awake
1595690028000,2,light
1595690328000,2,light
1595690628000,2,light
1595690928000,2,light
1595691228000,4,awake
1595691528000,4,awake
1595691828000,4,awake
1595747085000,4,awake
1595747385000,4,awake
1595747685000,2,light
1595747985000,1,deep
1595748285000,1,deep
1595748585000,1,deep
1595748885000,1,deep
1595749185000,1,deep
1595749485000,1,deep
1595749785000,1,deep
1595750085000,1,deep
1595750385000,1,deep
1595750685000,1,deep
1595750985000,2,light
1595751285000,2,light
1595751585000,2,light
1595751885000,2,light
1595752185000,2,light
1595752485000,2,light
1595752785000,2,light
1595753085000,2,light
1595753385000,2,light
1595753685000,2,light
1595753985000,1,deep
1595754285000,1,deep
1595754585000,1,deep
1595754885000,1,deep
1595755185000,1,deep
1595755485000,1,deep
1595755785000,1,deep
1595756085000,1,deep
1595756385000,1,deep
1595756685000,1,deep
1595756985000,1,deep
1595757285000,2,light
1595757585000,3,REM
1595757885000,3,REM
1595758185000,2,light
1595758485000,2,light
1595758785000,2,light
1595759085000,2,light
1595759385000,3,REM
1595759685000,2,light
1595759985000,2,light
1595760285000,2,light
1595760585000,1,deep
1595760885000,1,deep
1595761185000,1,deep
1595761485000,1,deep
1595761785000,1,deep
1595762085000,2,light
1595762385000,2,light
1595762685000,1,deep
1595762985000,1,deep
1595763285000,2,light
1595763585000,2,light
1595763885000,2,light
1595764185000,2,light
1595764485000,2,light
1595764785000,2,light
1595765085000,2,light
1595765385000,2,light
1595765685000,2,light
1595765985000,3,REM
1595766285000,3,REM
1595766585000,4,awake
1595766885000,2,light
1595767185000,2,light
1595767485000,2,light
1595767785000,1,deep
1595768085000,1,deep
1595768385000,1,deep
1595768685000,1,deep
1595768985000,2,light
1595769285000,2,light
1595769585000,1,deep
1595769885000,1,deep
1595770185000,2,light
1595770485000,2,light
1595770785000,3,REM
1595771085000,3,REM
1595771385000,3,REM
1595771685000,3,REM
1595771985000,4,awake
1595772285000,4,awake
1595772585000,2,light
1595772885000,2,light
1595773185000,2,light
1595773485000,2,light
1595773785000,2,light
1595774085000,2,light
1595774385000,2,light
1595774685000,2,light
1595774985000,1,deep
1595775285000,1,deep
1595775585000,1,deep
1595775885000,2,light
1595776185000,2,light
1595776485000,2,light
1595776785000,2,light
1595777085000,2,light
1595777385000,2,light
1595777685000,2,light
1595777985000,2,light
1595778285000,2,light
1595778585000,3,REM
1595778885000,2,light
1595779185000,4,awake
1595779485000,4,awake
1595779785000,4,awake
1595780085000,4,awake
1595780385000,4,awake
1595780685000,4,awake
1595780985000,4,awake
1595781285000,4,awake
1595781585000,4,awake
1595781885000,4,awake
1595782185000,4,awake
1595782485000,4,awake
1595832039000,4,awake
1595832339000,2,light
1595832639000,1,deep
1595832939000,1,deep
1595833239000,1,deep
1595833539000,1,deep
1595833839000,1,deep
1595834139000,1,deep
1595834439000,1,deep
1595834739000,1,deep
1595835039000,1,deep
1595835339000,2,light
1595835639000,2,light
1595835939000,2,light
1595836239000,2,light
1595836539000,2,light
1595836839000,1,deep
1595837139000,1,deep
1595837439000,1,deep
1595837739000,1,deep
1595838039000,1,deep
1595838339000,1,deep
1595838639000,1,deep
1595838939000,2,light
1595839239000,2,light
1595839539000,1,deep
1595839839000,1,deep
1595840139000,2,light
1595840439000,4,awake
1595840739000,4,awake
1595841039000,2,light
1595841339000,2,light
1595841639000,2,light
1595841939000,2,light
1595842239000,2,light
1595842539000,1,deep
1595842839000,1,deep
1595843139000,1,deep
1595843439000,2,light
1595843739000,1,deep
1595844039000,1,deep
1595844339000,1,deep
1595844639000,3,REM
1595844939000,2,light
1595845239000,2,light
1595845539000,2,light
1595845839000,2,light
1595846139000,4,awake
1595846439000,4,awake
1595846739000,4,awake
1595847039000,2,light
1595847339000,2,light
1595847639000,2,light
1595847939000,2,light
1595848239000,2,light
1595848539000,2,light
1595848839000,2,light
1595849139000,2,light
1595849439000,1,deep
1595849739000,1,deep
1595850039000,1,deep
1595850339000,1,deep
1595850639000,1,deep
1595850939000,1,deep
1595851239000,1,deep
1595851539000,1,deep
1595851839000,1,deep
1595852139000,3,REM
1595852439000,3,REM
1595852739000,4,awake
1595853039000,4,awake
1595853339000,3,REM
1595853639000,4,awake
1595853939000,4,awake
1595854239000,4,awake
1595854539000,4,awake
1595854839000,4,awake
1595918364000,4,awake
1595918664000,4,awake
1595918964000,4,awake
1595919264000,2,light
1595919564000,1,deep
1595919864000,1,deep
1595920164000,1,deep
1595920464000,1,deep
1595920764000,1,deep
1595921064000,1,deep
1595921364000,1,deep
1595921664000,1,deep
1595921964000,1,deep
1595922264000,1,deep
1595922564000,2,light
1595922864000,2,light
1595923164000,2,light
1595923464000,2,light
1595923764000,2,light
1595924064000,2,light
1595924364000,1,deep
1595924664000,1,deep
1595924964000,1,deep
1595925264000,1,deep
1595925564000,1,deep
1595925864000,1,deep
1595926164000,1,deep
1595926464000,1,deep
1595926764000,1,deep
1595927064000,1,deep
1595927364000,1,deep
1595927664000,1,deep
1595927964000,3,REM
1595928264000,3,REM
1595928564000,2,light
1595928864000,2,light
1595929164000,2,light
1595929464000,2,light
1595929764000,2,light
1595930064000,2,light
1595930364000,2,light
1595930664000,2,light
1595930964000,2,light
1595931264000,2,light
1595931564000,2,light
1595931864000,2,light
1595932164000,2,light
1595932464000,2,light
1595932764000,2,light
1595933064000,1,deep
1595933364000,1,deep
1595933664000,1,deep
1595933964000,2,light
1595934264000,2,light
1595934564000,2,light
1595934864000,2,light
1595935164000,2,light
1595935464000,3,REM
1595935764000,3,REM
1595936064000,4,awake
1595936364000,4,awake
1595936664000,2,light
1595936964000,1,deep
1595937264000,1,deep
1595937564000,1,deep
1595937864000,2,light
1595938164000,4,awake
1595938464000,2,light
1595938764000,2,light
1595939064000,2,light
1595939364000,2,light
1595939664000,2,light
1595939964000,3,REM
1595940264000,3,REM
1595940564000,4,awake
1595940864000,4,awake
1595941164000,4,awake
1595941464000,2,light
1595941764000,2,light
1595942064000,2,light
1595942364000,2,light
1595942664000,2,light
1595942964000,2,light
1595943264000,1,deep
1595943564000,1,deep
1595943864000,1,deep
1595944164000,1,deep
1595944464000,3,REM
1595944764000,3,REM
1595945064000,2,light
1595945364000,3,REM
1595945664000,4,awake
1595945964000,4,awake
1595946264000,4,awake
1595946564000,4,awake
1595946864000,2,light
1595947164000,2,light
1595947464000,2,light
1595947764000,4,awake
1595948064000,4,awake
1596010701000,4,awake
1596011001000,2,light
1596011301000,2,light
1596011601000,1,deep
1596011901000,1,deep
1596012201000,1,deep
1596012501000,1,deep
1596012801000,1,deep
1596013101000,1,deep
1596013401000,1,deep
1596013701000,1,deep
1596014001000,1,deep
1596014301000,1,deep
1596014601000,1,deep
1596014901000,4,awake
1596015201000,2,light
1596015501000,2,light
1596015801000,2,light
1596016101000,2,light
1596016401000,2,light
1596016701000,1,deep
1596017001000,1,deep
1596017301000,1,deep
1596017601000,1,deep
1596017901000,1,deep
1596018201000,1,deep
1596018501000,1,deep
1596018801000,1,deep
1596019101000,1,deep
1596019401000,1,deep
1596019701000,1,deep
1596020001000,1,deep
1596020301000,1,deep
1596020601000,3,REM
1596020901000,3,REM
1596021201000,3,REM
1596021501000,2,light
1596021801000,2,light
1596022101000,2,light
1596022401000,2,light
1596022701000,2,light
1596023001000,1,deep
1596023301000,1,deep
1596023601000,1,deep
1596023901000,2,light
1596024201000,2,light
1596024501000,1,deep
1596024801000,2,light
1596025101000,3,REM
1596025401000,2,light
1596025701000,4,awake
1596026001000,2,light
1596026301000,3,REM
1596026601000,3,REM
1596026901000,3,REM
1596027201000,3,REM
1596027501000,3,REM
1596027801000,3,REM
1596028101000,4,awake
1596028401000,2,light
1596028701000,2,light
1596029001000,1,deep
1596029301000,1,deep
1596029601000,1,deep
1596029901000,1,deep
1596030201000,2,light
1596030501000,2,light
1596030801000,2,light
1596031101000,2,light
1596031401000,3,REM
1596031701000,2,light
1596032001000,3,REM
1596032301000,3,REM
1596032601000,4,awake
1596032901000,4,awake
1596033201000,2,light
1596033501000,2,light
1596033801000,2,light
1596034101000,2,light
1596034401000,2,light
1596034701000,4,awake
1596035001000,2,light
1596035301000,2,light
1596035601000,4,awake
1596099056000,2,light
1596099356000,2,light
1596099656000,2,light
1596099956000,1,deep
1596100256000,1,deep
1596100556000,1,deep
1596100856000,1,deep
1596101156000,1,deep
1596101456000,1,deep
1596101756000,1,deep
1596102056000,1,deep
1596102356000,1,deep
1596102656000,2,light
1596102956000,2,light
1596103256000,2,light
1596103556000,2,light
1596103856000,2,light
1596104156000,2,light
1596104456000,2,light
1596104756000,1,deep
1596105056000,1,deep
1596105356000,1,deep
1596105656000,1,deep
1596105956000,1,deep
1596106256000,1,deep
1596106556000,1,deep
1596106856000,2,light
1596107156000,2,light
1596107456000,2,light
1596107756000,2,light
1596108056000,2,light
1596108356000,2,light
1596108656000,1,deep
1596108956000,2,light
1596109256000,2,light
1596109556000,3,REM
1596109856000,3,REM
1596110156000,3,REM
1596110456000,2,light
1596110756000,2,light
1596111056000,3,REM
1596111356000,2,light
1596111656000,2,light
1596111956000,2,light
1596112256000,2,light
1596112556000,2,light
1596112856000,2,light
1596113156000,1,deep
1596113456000,1,deep
1596113756000,2,light
1596114056000,1,deep
1596114356000,1,deep
1596114656000,1,deep
1596114956000,1,deep
1596115256000,1,deep
1596115556000,1,deep
1596115856000,1,deep
1596116156000,1,deep
1596116456000,1,deep
1596116756000,1,deep
1596117056000,1,deep
1596117356000,4,awake
1596117656000,4,awake
1596183328000,4,awake
1596183628000,2,light
1596183928000,2,light
1596184228000,1,deep
1596184528000,1,deep
1596184828000,1,deep
1596185128000,1,deep
1596185428000,1,deep
1596185728000,1,deep
1596186028000,1,deep
1596186328000,1,deep
1596186628000,1,deep
1596186928000,1,deep
1596187228000,1,deep
1596187528000,1,deep
1596187828000,2,light
1596188128000,4,awake
1596188428000,4,awake
1596188728000,2,light
1596189028000,2,light
1596189328000,2,light
1596189628000,2,light
1596189928000,1,deep
1596190228000,1,deep
1596190528000,1,deep
1596190828000,1,deep
1596191128000,1,deep
1596191428000,1,deep
1596191728000,1,deep
1596192028000,1,deep
1596192328000,1,deep
1596192628000,1,deep
1596192928000,1,deep
1596193228000,2,light
1596193528000,2,light
1596193828000,2,light
1596194128000,2,light
1596194428000,2,light
1596194728000,2,light
1596195028000,2,light
1596195328000,2,light
1596195628000,1,deep
1596195928000,1,deep
1596196228000,2,light
1596196528000,2,light
1596196828000,2,light
1596197128000,2,light
1596197428000,4,awake
1596197728000,4,awake
1596198028000,2,light
1596198328000,3,REM
1596198628000,4,awake
1596198928000,4,awake
1596199228000,4,awake
1596199528000,4,awake
1596199828000,2,light
1596200128000,2,light
1596200428000,2,light
1596200728000,2,light
1596201028000,2,light
1596201328000,1,deep
1596201628000,1,deep
1596201928000,1,deep
1596202228000,1,deep
1596202528000,1,deep
1596202828000,1,deep
1596203128000,1,deep
1596203428000,2,light
1596203728000,4,awake
1596204028000,2,light
1596204328000,4,awake
1596204628000,3,REM
1596204928000,4,awake
1596205228000,3,REM
1596205528000,4,awake
1596205828000,2,light
1596206128000,2,light
1596206428000,2,light
1596206728000,2,light
1596207028000,2,light
1596207328000,4,awake
1596264400000,4,awake
1596264700000,4,awake
1596265000000,2,light
1596265300000,2,light
1596265600000,2,light
1596265900000,1,deep
1596266200000,1,deep
1596266500000,1,deep
1596266800000,1,deep
1596267100000,1,deep
1596267400000,1,deep
1596267700000,1,deep
1596268000000,1,deep
1596268300000,1,deep
1596268600000,4,awake
1596268900000,4,awake
1596269200000,4,awake
1596269500000,4,awake
1596269800000,2,light
1596270100000,2,light
1596270400000,2,light
1596270700000,2,light
1596271000000,2,light
1596271300000,1,deep
1596271600000,2,light
1596271900000,2,light
1596272200000,2,light
1596272500000,2,light
1596272800000,1,deep
1596273100000,1,deep
1596273400000,1,deep
1596273700000,2,light
1596274000000,2,light
1596274300000,2,light
1596274600000,2,light
1596274900000,2,light
1596275200000,3,REM
1596275500000,3,REM
1596275800000,3,REM
1596276100000,2,light
1596276400000,2,light
1596276700000,2,light
1596277000000,2,light
1596277300000,2,light
1596277600000,2,light
1596277900000,2,light
1596278200000,2,light
1596278500000,1,deep
1596278800000,1,deep
1596279100000,1,deep
1596279400000,1,deep
1596279700000,2,light
1596280000000,2,light
1596280300000,2,light
1596280600000,3,REM
1596280900000,2,light
1596281200000,2,light
1596281500000,2,light
1596281800000,2,light
1596282100000,2,light
1596282400000,2,light
1596282700000,2,light
1596283000000,2,light
1596283300000,2,light
1596283600000,2,light
1596283900000,2,light
1596284200000,2,light
1596284500000,2,light
1596284800000,2,light
1596285100000,3,REM
1596285400000,3,REM
1596285700000,4,awake
1596286000000,3,REM
1596286300000,3,REM
1596286600000,3,REM
1596286900000,3,REM
1596287200000,3,REM
1596287500000,2,light
1596287800000,2,light
1596288100000,2,light
1596288400000,2,light
1596288700000,2,light
1596289000000,2,light
1596289300000,2,light
1596289600000,1,deep
1596289900000,2,light
1596290200000,1,deep
1596290500000,3,REM
1596290800000,3,REM
1596291100000,3,REM
1596291400000,4,awake
1596291700000,4,awake
1596292000000,2,light
1596292300000,2,light
1596292600000,2,light
1596292900000,3,REM
1596293200000,3,REM
1596293500000,3,REM
1596293800000,4,awake
1596294100000,2,light
1596294400000,2,light
1596294700000,2,light
1596295000000,4,awake
1596295300000,4,awake
1596357143000,4,awake
1596357443000,4,awake
1596357743000,4,awake
1596358043000,2,light
1596358343000,2,light
1596358643000,1,deep
1596358943000,1,deep
1596359243000,1,deep
1596359543000,1,deep
1596359843000,1,deep
1596360143000,1,deep
1596360443000,1,deep
1596360743000,1,deep
1596361043000,1,deep
1596361343000,1,deep
1596361643000,1,deep
1596361943000,2,light
1596362243000,2,light
1596362543000,2,light
1596362843000,2,light
1596363143000,2,light
1596363443000,1,deep
1596363743000,1,deep
1596364043000,1,deep
1596364343000,1,deep
1596364643000,1,deep
1596364943000,1,deep
1596365243000,2,light
1596365543000,1,deep
1596365843000,1,deep
1596366143000,2,light
1596366443000,2,light
1596366743000,2,light
1596367043000,2,light
1596367343000,2,light
1596367643000,2,light
1596367943000,2,light
1596368243000,2,light
1596368543000,2,light
1596368843000,2,light
1596369143000,2,light
1596369443000,2,light
1596369743000,1,deep
1596370043000,1,deep
1596370343000,1,deep
1596370643000,2,light
1596370943000,2,light
1596371243000,1,deep
1596371543000,1,deep
1596371843000,1,deep
1596372143000,1,deep
1596372443000,1,deep
1596372743000,1,deep
1596373043000,1,deep
1596373343000,1,deep
1596373643000,1,deep
1596373943000,3,REM
1596374243000,3,REM
1596374543000,2,light
1596374843000,2,light
1596375143000,3,REM
1596375443000,3,REM
1596375743000,4,awake
1596376043000,3,REM
1596376343000,4,awake
1596376643000,2,light
1596376943000,4,awake
1596377243000,2,light
1596377543000,4,awake
1596377843000,2,light
1596378143000,3,REM
1596378443000,3,REM
1596378743000,3,REM
1596379043000,3,REM
1596379343000,4,awake
1596379643000,4,awake
1596379943000,2,light
1596380243000,2,light
1596380543000,4,awake
1596380843000,4,awake
1596381143000,4,awake
1596381443000,3,REM
1596381743000,3,REM
1596382043000,2,light
1596382343000,2,light
1596382643000,4,awake
1596382943000,4,awake
1596383243000,2,light
1596383543000,2,light
1596383843000,2,light
1596384143000,2,light
1596384443000,1,deep
1596384743000,1,deep
1596385043000,1,deep
1596385343000,1,deep
1596385643000,1,deep
1596385943000,2,light
1596386243000,2,light
1596386543000,2,light
1596386843000,3,REM
1596387143000,4,awake
1596442464000,4,awake
1596442764000,2,light
1596443064000,1,deep
1596443364000,1,deep
1596443664000,1,deep
1596443964000,1,deep
1596444264000,1,deep
1596444564000,1,deep
1596444864000,1,deep
1596445164000,1,deep
1596445464000,1,deep
1596445764000,1,deep
1596446064000,1,deep
1596446364000,2,light
1596446664000,2,light
1596446964000,1,deep
1596447264000,1,deep
1596447564000,1,deep
1596447864000,1,deep
1596448164000,1,deep
1596448464000,1,deep
1596448764000,4,awake
1596449064000,2,light
1596449364000,2,light
1596449664000,2,light
1596449964000,2,light
1596450264000,1,deep
1596450564000,1,deep
1596450864000,1,deep
1596451164000,1,deep
1596451464000,1,deep
1596451764000,1,deep
1596452064000,2,light
1596452364000,1,deep
1596452664000,1,deep
1596452964000,1,deep
1596453264000,1,deep
1596453564000,1,deep
1596453864000,2,light
1596454164000,3,REM
1596454464000,3,REM
1596454764000,3,REM
1596455064000,3,REM
1596455364000,4,awake
1596455664000,2,light
1596455964000,2,light
1596456264000,2,light
1596456564000,2,light
1596456864000,2,light
1596457164000,2,light
1596457464000,2,light
1596457764000,1,deep
1596458064000,4,awake
1596458364000,4,awake
1596458664000,2,light
1596458964000,2,light
1596459264000,3,REM
1596459564000,4,awake
1596459864000,4,awake
1596460164000,4,awake
1596460464000,4,awake
1596460764000,4,awake
1596461064000,2,light
1596461364000,4,awake
1596461664000,4,awake
1596461964000,4,awake
1596462264000,4,awake
1596462564000,2,light
1596462864000,2,light
1596463164000,2,light
1596463464000,1,deep
1596463764000,1,deep
1596464064000,1,deep
1596464364000,2,light
1596464664000,2,light
1596464964000,2,light
1596465264000,3,REM
1596465564000,3,REM
1596465864000,2,light
1596466164000,2,light
1596466464000,4,awake
1596466764000,4,awake
1596525127000,4,awake
1596525427000,4,awake
1596525727000,4,awake
1596526027000,2,light
1596526327000,1,deep
1596526627000,1,deep
1596526927000,1,deep
1596527227000,1,deep
1596527527000,1,deep
1596527827000,1,deep
1596528127000,1,deep
1596528427000,1,deep
1596528727000,1,deep
1596529027000,1,deep
1596529327000,2,light
1596529627000,2,light
1596529927000,4,awake
1596530227000,2,light
1596530527000,2,light
1596530827000,2,light
1596531127000,2,light
1596531427000,2,light
1596531727000,2,light
1596532027000,1,deep
1596532327000,1,deep
1596532627000,1,deep
1596532927000,1,deep
1596533227000,1,deep
1596533527000,1,deep
1596533827000,2,light
1596534127000,1,deep
1596534427000,1,deep
1596534727000,1,deep
1596535027000,3,REM
1596535327000,3,REM
1596535627000,2,light
1596535927000,2,light
1596536227000,2,light
1596536527000,1,deep
1596536827000,1,deep
1596537127000,1,deep
1596537427000,2,light
1596537727000,2,light
1596538027000,2,light
1596538327000,1,deep
1596538627000,1,deep
1596538927000,1,deep
1596539227000,2,light
1596539527000,2,light
1596539827000,1,deep
1596540127000,2,light
1596540427000,3,REM
1596540727000,3,REM
1596541027000,2,light
1596541327000,2,light
1596541627000,2,light
1596541927000,2,light
1596542227000,2,light
1596542527000,2,light
1596542827000,2,light
1596543127000,1,deep
1596543427000,1,deep
1596543727000,2,light
1596544027000,2,light
1596544327000,2,light
1596544627000,2,light
1596544927000,2,light
1596545227000,1,deep
1596545527000,3,REM
1596545827000,3,REM
1596546127000,2,light
1596546427000,2,light
1596546727000,2,light
1596547027000,2,light
1596547327000,2,light
1596547627000,2,light
1596547927000,2,light
1596548227000,2,light
1596548527000,2,light
1596548827000,3,REM
1596549127000,3,REM
1596549427000,3,REM
1596549727000,3,REM
1596550027000,3,REM
1596550327000,3,REM
1596550627000,3,REM
1596550927000,3,REM
1596551227000,4,awake
1596551527000,2,light
1596551827000,2,light
1596552127000,2,light
1596552427000,2,light
1596552727000,4,awake
1596553027000,4,awake
1596613083000,4,awake
1596613383000,4,awake
1596613683000,2,light
1596613983000,2,light
1596614283000,1,deep
1596614583000,1,deep
1596614883000,1,deep
1596615183000,1,deep
1596615483000,1,deep
1596615783000,1,deep
1596616083000,1,deep
1596616383000,1,deep
1596616683000,1,deep
1596616983000,1,deep
1596617283000,1,deep
1596617583000,1,deep
1596617883000,1,deep
1596618183000,2,light
1596618483000,2,light
1596618783000,2,light
1596619083000,2,light
1596619383000,1,deep
1596619683000,1,deep
1596619983000,2,light
1596620283000,1,deep
1596620583000,1,deep
1596620883000,1,deep
1596621183000,1,deep
1596621483000,1,deep
1596621783000,1,deep
1596622083000,1,deep
1596622383000,1,deep
1596622683000,1,deep
1596622983000,1,deep
1596623283000,1,deep
1596623583000,2,light
1596623883000,2,light
1596624183000,3,REM
1596624483000,4,awake
1596624783000,4,awake
1596625083000,3,REM
1596625383000,4,awake
1596625683000,4,awake
1596625983000,4,awake
1596626283000,2,light
1596626583000,2,light
1596626883000,2,light
1596627183000,2,light
1596627483000,2,light
1596627783000,2,light
1596628083000,2,light
1596628383000,2,light
1596628683000,2,light
1596628983000,2,light
1596629283000,3,REM
1596629583000,2,light
1596629883000,2,light
1596630183000,4,awake
1596630483000,3,REM
1596630783000,3,REM
1596631083000,4,awake
1596631383000,3,REM
1596631683000,2,light
1596631983000,2,light
1596632283000,4,awake
1596632583000,3,REM
1596632883000,2,light
1596633183000,2,light
1596633483000,2,light
1596633783000,2,light
1596634083000,2,light
1596634383000,1,deep
1596634683000,1,deep
1596634983000,1,deep
1596635283000,1,deep
1596635583000,2,light
1596635883000,2,light
1596636183000,4,awake
1596636483000,4,awake
1596636783000,2,light
1596637083000,2,light
1596637383000,4,awake
1596637683000,4,awake
1596637983000,2,light
1596638283000,2,light
1596638583000,4,awake
1596638883000,2,light
1596639183000,4,awake
1596639483000,4,awake
1596639783000,4,awake
1596640083000,4,awake
1596640383000,2,light
1596640683000,2,light
1596640983000,2,light
1596641283000,3,REM
1596641583000,3,REM
1596641883000,4,awake
1596642183000,2,light
1596642483000,2,light
1596642783000,2,light
1596643083000,2,light
1596643383000,2,light
1596643683000,2,light
1596643983000,1,deep
1596644283000,2,light
1596644583000,3,REM
1596644883000,3,REM
1596645183000,3,REM
1596645483000,3,REM
1596645783000,2,light
1596646083000,3,REM
1596646383000,3,REM
1596646683000,4,awake
1596646983000,4,awake
1596700170000,4,awake
1596700470000,4,awake
1596700770000,2,light
1596701070000,1,deep
1596701370000,1,deep
1596701670000,1,deep
1596701970000,1,deep
1596702270000,2,light
1596702570000,2,light
1596702870000,1,deep
1596703170000,1,deep
1596703470000,1,deep
1596703770000,1,deep
1596704070000,1,deep
1596704370000,1,deep
1596704670000,2,light
1596704970000,2,light
1596705270000,2,light
1596705570000,2,light
1596705870000,2,light
1596706170000,2,light
1596706470000,1,deep
1596706770000,1,deep
1596707070000,1,deep
1596707370000,1,deep
1596707670000,1,deep
1596707970000,1,deep
1596708270000,3,REM
1596708570000,4,awake
1596708870000,2,light
1596709170000,2,light
1596709470000,2,light
1596709770000,2,light
1596710070000,2,light
1596710370000,2,light
1596710670000,2,light
1596710970000,2,light
1596711270000,3,REM
1596711570000,3,REM
1596711870000,3,REM
1596712170000,4,awake
1596712470000,2,light
1596712770000,2,light
1596713070000,2,light
1596713370000,2,light
1596713670000,2,light
1596713970000,2,light
1596714270000,1,deep
1596714570000,1,deep
1596714870000,1,deep
1596715170000,2,light
1596715470000,2,light
1596715770000,2,light
1596716070000,2,light
1596716370000,2,light
1596716670000,3,REM
1596716970000,3,REM
1596717270000,3,REM
1596717570000,4,awake
1596717870000,4,awake
1596718170000,2,light
1596718470000,3,REM
1596718770000,2,light
1596719070000,2,light
1596719370000,2,light
1596719670000,2,light
1596719970000,2,light
1596720270000,2,light
1596720570000,2,light
1596720870000,1,deep
1596721170000,1,deep
1596721470000,2,light
1596721770000,1,deep
1596722070000,1,deep
1596722370000,1,deep
1596722670000,1,deep
1596722970000,1,deep
1596723270000,1,deep
1596723570000,3,REM
1596723870000,3,REM
1596724170000,3,REM
1596724470000,3,REM
1596724770000,3,REM
1596725070000,4,awake
1596725370000,4,awake
1596725670000,2,light
1596725970000,4,awake
1596726270000,2,light
1596726570000,2,light
1596726870000,2,light
1596727170000,2,light
1596727470000,2,light
1596727770000,2,light
1596728070000,2,light
1596728370000,2,light
1596728670000,1,deep
1596728970000,2,light
1596729270000,2,light
1596729570000,4,awake
1596729870000,4,awake
1596730170000,2,light
1596730470000,4,awake
1596788564000,4,awake
1596788864000,2,light
1596789164000,2,light
1596789464000,2,light
1596789764000,1,deep
1596790064000,1,deep
1596790364000,1,deep
1596790664000,1,deep
1596790964000,1,deep
1596791264000,1,deep
1596791564000,1,deep
1596791864000,2,light
1596792164000,2,light
1596792464000,3,REM
1596792764000,2,light
1596793064000,2,light
1596793364000,2,light
1596793664000,2,light
1596793964000,1,deep
1596794264000,1,deep
1596794564000,1,deep
1596794864000,1,deep
1596795164000,1,deep
1596795464000,1,deep
1596795764000,4,awake
1596796064000,4,awake
1596796364000,2,light
1596796664000,1,deep
1596796964000,1,deep
1596797264000,3,REM
1596797564000,2,light
1596797864000,2,light
1596798164000,2,light
1596798464000,4,awake
1596798764000,3,REM
1596799064000,2,light
1596799364000,2,light
1596799664000,1,deep
1596799964000,1,deep
1596800264000,1,deep
1596800564000,1,deep
1596800864000,1,deep
1596801164000,1,deep
1596801464000,1,deep
1596801764000,1,deep
1596802064000,1,deep
1596802364000,1,deep
1596802664000,2,light
1596802964000,2,light
1596803264000,3,REM
1596803564000,4,awake
1596803864000,2,light
1596804164000,4,awake
1596804464000,4,awake
1596804764000,3,REM
1596805064000,4,awake
1596805364000,2,light
1596805664000,2,light
1596805964000,1,deep
1596806264000,1,deep
1596806564000,4,awake
1596806864000,4,awake
1596807164000,3,REM
1596807464000,4,awake
1596807764000,2,light
1596808064000,4,awake
1596808364000,4,awake
1596808664000,2,light
1596808964000,4,awake
1596809264000,2,light
1596809564000,2,light
1596809864000,1,deep
1596810164000,1,deep
1596810464000,1,deep
1596810764000,4,awake
1596811064000,4,awake
1596811364000,4,awake
1596811664000,4,awake
1596873371000,4,awake
1596873671000,2,light
1596873971000,1,deep
1596874271000,1,deep
1596874571000,1,deep
1596874871000,1,deep
1596875171000,1,deep
1596875471000,1,deep
1596875771000,1,deep
1596876071000,1,deep
1596876371000,1,deep
1596876671000,1,deep
1596876971000,1,deep
1596877271000,1,deep
1596877571000,2,light
1596877871000,2,light
1596878171000,2,light
1596878471000,2,light
1596878771000,2,light
1596879071000,2,light
1596879371000,2,light
1596879671000,1,deep
1596879971000,1,deep
1596880271000,2,light
1596880571000,1,deep
1596880871000,1,deep
1596881171000,1,deep
1596881471000,1,deep
1596881771000,1,deep
1596882071000,1,deep
1596882371000,1,deep
1596882671000,1,deep
1596882971000,1,deep
1596883271000,2,light
1596883571000,2,light
1596883871000,2,light
1596884171000,2,light
1596884471000,2,light
1596884771000,2,light
1596885071000,2,light
1596885371000,2,light
1596885671000,2,light
1596885971000,2,light
1596886271000,2,light
1596886571000,1,deep
1596886871000,1,deep
1596887171000,4,awake
1596887471000,2,light
1596887771000,2,light
1596888071000,4,awake
1596888371000,2,light
1596888671000,2,light
1596888971000,2,light
1596889271000,1,deep
1596889571000,3,REM
1596889871000,4,awake
1596890171000,4,awake
1596890471000,4,awake
1596890771000,2,light
1596891071000,2,light
1596891371000,2,light
1596891671000,2,light
1596891971000,2,light
1596892271000,2,light
1596892571000,4,awake
1596892871000,3,REM
1596893171000,3,REM
1596893471000,3,REM
1596893771000,3,REM
1596894071000,3,REM
1596894371000,3,REM
1596894671000,3,REM
1596894971000,3,REM
1596895271000,4,awake
1596895571000,4,awake
1596895871000,4,awake
1596896171000,2,light
1596896471000,2,light
1596896771000,1,deep
1596897071000,1,deep
1596897371000,1,deep
1596897671000,3,REM
1596897971000,3,REM
1596898271000,3,REM
1596898571000,3,REM
1596898871000,3,REM
1596899171000,3,REM
1596899471000,2,light
1596899771000,4,awake
1596900071000,4,awake
1596900371000,2,light
1596900671000,2,light
1596900971000,2,light
1596901271000,2,light
1596901571000,2,light
1596901871000,2,light
1596902171000,1,deep
1596902471000,2,light
1596902771000,3,REM
1596903071000,3,REM
1596903371000,4,awake
1596903671000,4,awake
1596960375000,4,awake
1596960675000,4,awake
1596960975000,4,awake
1596961275000,2,light
1596961575000,2,light
1596961875000,2,light
1596962175000,1,deep
1596962475000,1,deep
1596962775000,1,deep
1596963075000,1,deep
1596963375000,1,deep
1596963675000,1,deep
1596963975000,1,deep
1596964275000,1,deep
1596964575000,1,deep
1596964875000,1,deep
1596965175000,1,deep
1596965475000,3,REM
1596965775000,2,light
1596966075000,2,light
1596966375000,2,light
1596966675000,2,light
1596966975000,2,light
1596967275000,1,deep
1596967575000,1,deep
1596967875000,1,deep
1596968175000,1,deep
1596968475000,1,deep
1596968775000,1,deep
1596969075000,1,deep
1596969375000,1,deep
1596969675000,1,deep
1596969975000,4,awake
1596970275000,4,awake
1596970575000,2,light
1596970875000,2,light
1596971175000,3,REM
1596971475000,2,light
1596971775000,2,light
1596972075000,2,light
1596972375000,2,light
1596972675000,2,light
1596972975000,3,REM
1596973275000,3,REM
1596973575000,3,REM
1596973875000,3,REM
1596974175000,3,REM
1596974475000,2,light
1596974775000,2,light
1596975075000,2,light
1596975375000,1,deep
1596975675000,1,deep
1596975975000,1,deep
1596976275000,1,deep
1596976575000,1,deep
1596976875000,1,deep
1596977175000,1,deep
1596977475000,2,light
1596977775000,2,light
1596978075000,2,light
1596978375000,2,light
1596978675000,2,light
1596978975000,2,light
1596979275000,4,awake
1596979575000,3,REM
1596979875000,4,awake
1596980175000,2,light
1596980475000,2,light
1596980775000,2,light
1596981075000,2,light
1596981375000,2,light
1596981675000,2,light
1596981975000,2,light
1596982275000,2,light
1596982575000,1,deep
1596982875000,1,deep
1596983175000,1,deep
1596983475000,1,deep
1596983775000,1,deep
1596984075000,3,REM
1596984375000,3,REM
1596984675000,3,REM
1596984975000,4,awake
1596985275000,2,light
1596985575000,3,REM
1596985875000,3,REM
1596986175000,3,REM
1596986475000,2,light
1596986775000,2,light
1596987075000,2,light
1596987375000,2,light
1596987675000,2,light
1596987975000,2,light
1596988275000,2,light
1596988575000,2,light
1596988875000,1,deep
1596989175000,1,deep
1596989475000,4,awake
1596989775000,4,awake
1596990075000,4,awake
1596990375000,4,awake
1596990675000,4,awake
1597046853000,4,awake
1597047153000,4,awake
1597047453000,4,awake
1597047753000,4,awake
1597048053000,2,light
1597048353000,1,deep
1597048653000,1,deep
1597048953000,2,light
1597049253000,1,deep
1597049553000,1,deep
1597049853000,1,deep
1597050153000,1,deep
1597050453000,1,deep
1597050753000,1,deep
1597051053000,1,deep
1597051353000,1,deep
1597051653000,2,light
1597051953000,2,light
1597052253000,2,light
1597052553000,2,light
1597052853000,1,deep
1597053153000,1,deep
1597053453000,1,deep
1597053753000,1,deep
1597054053000,2,light
1597054353000,2,light
1597054653000,2,light
1597054953000,1,deep
1597055253000,2,light
1597055553000,2,light
1597055853000,2,light
1597056153000,2,light
1597056453000,1,deep
1597056753000,2,light
1597057053000,2,light
1597057353000,4,awake
1597057653000,2,light
1597057953000,3,REM
1597058253000,2,light
1597058553000,2,light
1597058853000,2,light
1597059153000,2,light
1597059453000,2,light
1597059753000,2,light
1597060053000,2,light
1597060353000,2,light
1597060653000,2,light
1597060953000,2,light
1597061253000,1,deep
1597061553000,1,deep
1597061853000,2,light
1597062153000,1,deep
1597062453000,1,deep
1597062753000,2,light
1597063053000,2,light
1597063353000,2,light
1597063653000,4,awake
1597063953000,2,light
1597064253000,4,awake
1597064553000,4,awake
1597064853000,4,awake
1597065153000,3,REM
1597065453000,4,awake
1597065753000,4,awake
1597066053000,4,awake
1597066353000,2,light
1597066653000,2,light
1597066953000,2,light
1597067253000,2,light
1597067553000,2,light
1597067853000,2,light
1597068153000,1,deep
1597068453000,3,REM
1597068753000,3,REM
1597069053000,3,REM
1597069353000,3,REM
1597069653000,3,REM
1597069953000,3,REM
1597070253000,4,awake
1597070553000,4,awake
1597070853000,4,awake
1597071153000,4,awake
1597128454000,4,awake
1597128754000,4,awake
1597129054000,2,light
1597129354000,1,deep
1597129654000,1,deep
1597129954000,1,deep
1597130254000,1,deep
1597130554000,4,awake
1597130854000,4,awake
1597131154000,2,light
1597131454000,2,light
1597131754000,2,light
1597132054000,1,deep
1597132354000,1,deep
1597132654000,1,deep
1597132954000,1,deep
1597133254000,1,deep
1597133554000,1,deep
1597133854000,1,deep
1597134154000,2,light
1597134454000,2,light
1597134754000,2,light
1597135054000,2,light
1597135354000,2,light
1597135654000,1,deep
1597135954000,1,deep
1597136254000,2,light
1597136554000,4,awake
1597136854000,2,light
1597137154000,2,light
1597137454000,2,light
1597137754000,2,light
1597138054000,1,deep
1597138354000,1,deep
1597138654000,1,deep
1597138954000,1,deep
1597139254000,1,deep
1597139554000,1,deep
1597139854000,1,deep
1597140154000,2,light
1597140454000,2,light
1597140754000,2,light
1597141054000,2,light
1597141354000,2,light
1597141654000,2,light
1597141954000,2,light
1597142254000,2,light
1597142554000,3,REM
1597142854000,3,REM
1597143154000,3,REM
1597143454000,3,REM
1597143754000,3,REM
1597144054000,2,light
1597144354000,2,light
1597144654000,2,light
1597144954000,2,light
1597145254000,2,light
1597145554000,2,light
1597145854000,1,deep
1597146154000,1,deep
1597146454000,2,light
1597146754000,1,deep
1597147054000,1,deep
1597147354000,1,deep
1597147654000,1,deep
1597147954000,1,deep
1597148254000,1,deep
1597148554000,2,light
1597148854000,2,light
1597149154000,3,REM
1597149454000,4,awake
1597149754000,2,light
1597150054000,2,light
1597150354000,2,light
1597150654000,2,light
1597150954000,2,light
1597151254000,4,awake
1597151554000,4,awake
1597151854000,3,REM
1597152154000,4,awake
1597152454000,4,awake
1597152754000,4,awake
1597153054000,4,awake
1597153354000,2,light
1597153654000,2,light
1597153954000,2,light
1597154254000,2,light
1597154554000,2,light
1597154854000,1,deep
1597155154000,1,deep
1597155454000,3,REM
1597155754000,3,REM
1597156054000,3,REM
1597156354000,3,REM
1597156654000,3,REM
1597156954000,3,REM
1597157254000,4,awake
1597157554000,4,awake
1597157854000,4,awake
1597158154000,4,awake
1597158454000,4,awake
1597158754000,4,awake
1597159054000,2,light
1597159354000,2,light
1597159654000,2,light
1597159954000,2,light
1597160254000,2,light
1597160554000,2,light
1597160854000,1,deep
1597161154000,4,awake
1597161454000,4,awake
1597220592000,4,awake
1597220892000,2,light
1597221192000,1,deep
1597221492000,1,deep
1597221792000,1,deep
1597222092000,1,deep
1597222392000,1,deep
1597222692000,1,deep
1597222992000,1,deep
1597223292000,1,deep
1597223592000,1,deep
1597223892000,1,deep
1597224192000,1,deep
1597224492000,1,deep
1597224792000,4,awake
1597225092000,2,light
1597225392000,1,deep
1597225692000,1,deep
1597225992000,2,light
1597226292000,3,REM
1597226592000,3,REM
1597226892000,2,light
1597227192000,2,light
1597227492000,2,light
1597227792000,1,deep
1597228092000,1,deep
1597228392000,1,deep
1597228692000,1,deep
1597228992000,2,light
1597229292000,1,deep
1597229592000,1,deep
1597229892000,1,deep
1597230192000,1,deep
1597230492000,1,deep
1597230792000,1,deep
1597231092000,1,deep
1597231392000,2,light
1597231692000,4,awake
1597231992000,2,light
1597232292000,2,light
1597232592000,2,light
1597232892000,2,light
1597233192000,2,light
1597233492000,2,light
1597233792000,2,light
1597234092000,1,deep
1597234392000,2,light
1597234692000,2,light
1597234992000,2,light
1597235292000,2,light
1597235592000,2,light
1597235892000,3,REM
1597236192000,2,light
1597236492000,2,light
1597236792000,3,REM
1597237092000,4,awake
1597237392000,3,REM
1597237692000,3,REM
1597237992000,3,REM
1597238292000,3,REM
1597238592000,3,REM
1597238892000,4,awake
1597239192000,4,awake
1597239492000,2,light
1597239792000,1,deep
1597240092000,1,deep
1597240392000,2,light
1597240692000,2,light
1597240992000,2,light
1597241292000,1,deep
1597241592000,2,light
1597241892000,2,light
1597242192000,3,REM
1597242492000,3,REM
1597242792000,3,REM
1597243092000,3,REM
1597243392000,3,REM
1597243692000,4,awake
1597243992000,4,awake
1597244292000,4,awake
1597244592000,2,light
1597244892000,2,light
1597245192000,2,light
1597245492000,2,light
1597245792000,2,light
1597246092000,4,awake
1597246392000,4,awake
1597246692000,3,REM
1597246992000,2,light
1597247292000,2,light
1597247592000,2,light
1597247892000,2,light
1597248192000,2,light
1597248492000,2,light
1597248792000,3,REM
1597249092000,3,REM
1597249392000,3,REM
1597249692000,4,awake
1597306803000,4,awake
1597307103000,4,awake
1597307403000,2,light
1597307703000,1,deep
1597308003000,1,deep
1597308303000,1,deep
1597308603000,1,deep
1597308903000,1,deep
1597309203000,1,deep
1597309503000,1,deep
1597309803000,1,deep
1597310103000,1,deep
1597310403000,1,deep
1597310703000,1,deep
1597311003000,1,deep
1597311303000,1,deep
1597311603000,1,deep
1597311903000,1,deep
1597312203000,1,deep
1597312503000,2,light
1597312803000,2,light
1597313103000,2,light
1597313403000,2,light
1597313703000,2,light
1597314003000,2,light
1597314303000,2,light
1597314603000,1,deep
1597314903000,1,deep
1597315203000,1,deep
1597315503000,1,deep
1597315803000,2,light
1597316103000,2,light
1597316403000,2,light
1597316703000,2,light
1597317003000,2,light
1597317303000,2,light
1597317603000,2,light
1597317903000,2,light
1597318203000,2,light
1597318503000,2,light
1597318803000,2,light
1597319103000,4,awake
1597319403000,4,awake
1597319703000,3,REM
1597320003000,2,light
1597320303000,2,light
1597320603000,2,light
1597320903000,2,light
1597321203000,1,deep
1597321503000,1,deep
1597321803000,1,deep
1597322103000,1,deep
1597322403000,2,light
1597322703000,2,light
1597323003000,1,deep
1597323303000,1,deep
1597323603000,1,deep
1597323903000,3,REM
1597324203000,4,awake
1597324503000,3,REM
1597324803000,2,light
1597325103000,3,REM
1597325403000,3,REM
1597325703000,3,REM
1597326003000,2,light
1597326303000,2,light
1597326603000,2,light
1597326903000,1,deep
1597327203000,1,deep
1597327503000,2,light
1597327803000,2,light
1597328103000,4,awake
1597328403000,4,awake
1597328703000,2,light
1597329003000,2,light
1597329303000,3,REM
1597329603000,3,REM
1597329903000,3,REM
1597330203000,4,awake
1597330503000,2,light
1597330803000,2,light
1597331103000,4,awake
1597331403000,4,awake
1597331703000,4,awake
1597332003000,4,awake
1597332303000,2,light
1597332603000,2,light
1597332903000,2,light
1597333203000,2,light
1597333503000,2,light
1597333803000,2,light
1597334103000,2,light
1597334403000,2,light
1597334703000,3,REM
1597335003000,3,REM
1597335303000,3,REM
1597335603000,3,REM
1597335903000,3,REM
1597336203000,2,light
1597336503000,2,light
1597336803000,3,REM
1597337103000,4,awake
1597337403000,4,awake
1597394175000,4,awake
1597394475000,4,awake
1597394775000,2,light
1597395075000,2,light
1597395375000,2,light
1597395675000,1,deep
1597395975000,1,deep
1597396275000,1,deep
1597396575000,1,deep
1597396875000,1,deep
1597397175000,1,deep
1597397475000,1,deep
1597397775000,1,deep
1597398075000,1,deep
1597398375000,1,deep
1597398675000,1,deep
1597398975000,1,deep
1597399275000,2,light
1597399575000,2,light
1597399875000,2,light
1597400175000,2,light
1597400475000,2,light
1597400775000,2,light
1597401075000,4,awake
1597401375000,4,awake
1597401675000,2,light
1597401975000,2,light
1597402275000,2,light
1597402575000,2,light
1597402875000,2,light
1597403175000,1,deep
1597403475000,1,deep
1597403775000,1,deep
1597404075000,2,light
1597404375000,1,deep
1597404675000,1,deep
1597404975000,1,deep
1597405275000,1,deep
1597405575000,1,deep
1597405875000,3,REM
1597406175000,3,REM
1597406475000,4,awake
1597406775000,4,awake
1597407075000,2,light
1597407375000,4,awake
1597407675000,2,light
1597407975000,3,REM
1597408275000,3,REM
1597408575000,2,light
1597408875000,2,light
1597409175000,2,light
1597409475000,2,light
1597409775000,2,light
1597410075000,1,deep
1597410375000,1,deep
1597410675000,1,deep
1597410975000,2,light
1597411275000,1,deep
1597411575000,1,deep
1597411875000,1,deep
1597412175000,1,deep
1597412475000,3,REM
1597412775000,3,REM
1597413075000,3,REM
1597413375000,3,REM
1597413675000,2,light
1597413975000,2,light
1597414275000,2,light
1597414575000,2,light
1597414875000,2,light
1597415175000,2,light
1597415475000,2,light
1597415775000,2,light
1597416075000,4,awake
1597416375000,4,awake
1597477690000,4,awake
1597477990000,4,awake
1597478290000,4,awake
1597478590000,4,awake
1597478890000,1,deep
1597479190000,1,deep
1597479490000,1,deep
1597479790000,1,deep
1597480090000,1,deep
1597480390000,1,deep
1597480690000,1,deep
1597480990000,4,awake
1597481290000,2,light
1597481590000,2,light
1597481890000,2,light
1597482190000,2,light
1597482490000,2,light
1597482790000,2,light
1597483090000,2,light
1597483390000,2,light
1597483690000,1,deep
1597483990000,1,deep
1597484290000,1,deep
1597484590000,1,deep
1597484890000,1,deep
1597485190000,1,deep
1597485490000,1,deep
1597485790000,1,deep
1597486090000,1,deep
1597486390000,2,light
1597486690000,2,light
1597486990000,2,light
1597487290000,2,light
1597487590000,2,light
1597487890000,2,light
1597488190000,2,light
1597488490000,2,light
1597488790000,2,light
1597489090000,2,light
1597489390000,3,REM
1597489690000,3,REM
1597489990000,4,awake
1597490290000,2,light
1597490590000,2,light
1597490890000,2,light
1597491190000,2,light
1597491490000,2,light
1597491790000,1,deep
1597492090000,1,deep
1597492390000,1,deep
1597492690000,1,deep
1597492990000,1,deep
1597493290000,2,light
1597493590000,2,light
1597493890000,1,deep
1597494190000,1,deep
1597494490000,1,deep
1597494790000,2,light
1597495090000,2,light
1597495390000,4,awake
1597495690000,4,awake
1597495990000,4,awake
1597496290000,4,awake
1597496590000,4,awake
1597496890000,4,awake
1597497190000,4,awake
1597497490000,4,awake
1597497790000,2,light
1597498090000,2,light
1597498390000,2,light
1597498690000,2,light
1597498990000,2,light
1597499290000,2,light
1597499590000,2,light
1597499890000,2,light
1597500190000,2,light
1597500490000,2,light
1597500790000,3,REM
1597501090000,2,light
1597501390000,3,REM
1597501690000,2,light
1597501990000,2,light
1597502290000,4,awake
1597502590000,4,awake
1597562153000,4,awake
1597562453000,4,awake
1597562753000,2,light
1597563053000,1,deep
1597563353000,1,deep
1597563653000,1,deep
1597563953000,1,deep
1597564253000,1,deep
1597564553000,1,deep
1597564853000,1,deep
1597565153000,1,deep
1597565453000,1,deep
1597565753000,1,deep
1597566053000,1,deep
1597566353000,1,deep
1597566653000,1,deep
1597566953000,1,deep
1597567253000,1,deep
1597567553000,2,light
1597567853000,2,light
1597568153000,2,light
1597568453000,1,deep
1597568753000,1,deep
1597569053000,1,deep
1597569353000,1,deep
1597569653000,1,deep
1597569953000,1,deep
1597570253000,1,deep
1597570553000,1,deep
1597570853000,1,deep
1597571153000,2,light
1597571453000,2,light
1597571753000,2,light
1597572053000,2,light
1597572353000,4,awake
1597572653000,2,light
1597572953000,2,light
1597573253000,4,awake
1597573553000,2,light
1597573853000,2,light
1597574153000,2,light
1597574453000,2,light
1597574753000,2,light
1597575053000,2,light
1597575353000,2,light
1597575653000,2,light
1597575953000,1,deep
1597576253000,1,deep
1597576553000,1,deep
1597576853000,1,deep
1597577153000,2,light
1597577453000,2,light
1597577753000,2,light
1597578053000,2,light
1597578353000,2,light
1597578653000,1,deep
1597578953000,1,deep
1597579253000,1,deep
1597579553000,1,deep
1597579853000,3,REM
1597580153000,3,REM
1597580453000,4,awake
1597580753000,2,light
1597581053000,2,light
1597581353000,2,light
1597581653000,2,light
1597581953000,2,light
1597582253000,2,light
1597582553000,1,deep
1597582853000,1,deep
1597583153000,1,deep
1597583453000,1,deep
1597583753000,1,deep
1597584053000,1,deep
1597584353000,1,deep
1597584653000,2,light
1597584953000,2,light
1597585253000,3,REM
1597585553000,4,awake
1597585853000,2,light
1597586153000,2,light
1597586453000,3,REM
1597586753000,4,awake
1597587053000,3,REM
1597587353000,4,awake
1597587653000,4,awake
1597587953000,2,light
1597588253000,2,light
1597588553000,2,light
1597588853000,1,deep
1597589153000,2,light
1597589453000,2,light
1597589753000,2,light
1597590053000,2,light
1597590353000,3,REM
1597590653000,4,awake
1597590953000,3,REM
1597591253000,3,REM
1597591553000,3,REM
1597591853000,3,REM
1597592153000,3,REM
1597592453000,3,REM
1597592753000,3,REM
1597593053000,3,REM
1597593353000,2,light
1597593653000,2,light
1597593953000,2,light
1597594253000,2,light
1597594553000,3,REM
1597594853000,3,REM
1597595153000,2,light
1597595453000,4,awake
1597595753000,4,awake
1597596053000,3,REM
1597596353000,3,REM
1597596653000,4,awake
1597596953000,4,awake
1597597253000,4,awake
1597597553000,4,awake
1597653633000,4,awake
1597653933000,4,awake
1597654233000,4,awake
1597654533000,4,awake
1597654833000,2,light
1597655133000,1,deep
1597655433000,1,deep
1597655733000,1,deep
1597656033000,1,deep
1597656333000,1,deep
1597656633000,1,deep
1597656933000,1,deep
1597657233000,1,deep
1597657533000,1,deep
1597657833000,1,deep
1597658133000,1,deep
1597658433000,2,light
1597658733000,2,light
1597659033000,3,REM
1597659333000,2,light
1597659633000,2,light
1597659933000,2,light
1597660233000,2,light
1597660533000,2,light
1597660833000,2,light
1597661133000,1,deep
1597661433000,1,deep
1597661733000,2,light
1597662033000,2,light
1597662333000,1,deep
1597662633000,1,deep
1597662933000,1,deep
1597663233000,1,deep
1597663533000,1,deep
1597663833000,1,deep
1597664133000,1,deep
1597664433000,1,deep
1597664733000,2,light
1597665033000,3,REM
1597665333000,3,REM
1597665633000,3,REM
1597665933000,2,light
1597666233000,2,light
1597666533000,3,REM
1597666833000,2,light
1597667133000,2,light
1597667433000,2,light
1597667733000,2,light
1597668033000,2,light
1597668333000,2,light
1597668633000,2,light
1597668933000,1,deep
1597669233000,1,deep
1597669533000,1,deep
1597669833000,1,deep
1597670133000,4,awake
1597670433000,3,REM
1597670733000,2,light
1597671033000,3,REM
1597671333000,4,awake
1597671633000,4,awake
1597671933000,2,light
1597672233000,4,awake
1597672533000,3,REM
1597672833000,4,awake
1597673133000,4,awake
1597673433000,2,light
1597673733000,2,light
1597674033000,3,REM
1597674333000,3,REM
1597674633000,3,REM
1597674933000,2,light
1597675233000,4,awake
1597675533000,4,awake
1597675833000,2,light
1597676133000,2,light
1597676433000,2,light
1597676733000,2,light
1597677033000,2,light
1597677333000,2,light
1597677633000,3,REM
1597677933000,4,awake
1597678233000,2,light
1597678533000,2,light
1597678833000,2,light
1597679133000,2,light
1597679433000,3,REM
1597679733000,2,light
1597680033000,4,awake
1597680333000,2,light
1597680633000,2,light
1597680933000,2,light
1597681233000,4,awake
1597681533000,4,awake
1597681833000,4,awake
1597682133000,4,awake
1597682433000,4,awake
1597736699000,4,awake
1597736999000,2,light
1597737299000,1,deep
1597737599000,1,deep
1597737899000,1,deep
1597738199000,1,deep
1597738499000,1,deep
1597738799000,1,deep
1597739099000,1,deep
1597739399000,1,deep
1597739699000,1,deep
1597739999000,1,deep
1597740299000,1,deep
1597740599000,1,deep
1597740899000,1,deep
1597741199000,1,deep
1597741499000,1,deep
1597741799000,2,light
1597742099000,2,light
1597742399000,2,light
1597742699000,2,light
1597742999000,1,deep
1597743299000,1,deep
1597743599000,1,deep
1597743899000,1,deep
1597744199000,1,deep
1597744499000,2,light
1597744799000,2,light
1597745099000,2,light
1597745399000,2,light
1597745699000,2,light
1597745999000,1,deep
1597746299000,2,light
1597746599000,2,light
1597746899000,2,light
1597747199000,3,REM
1597747499000,3,REM
1597747799000,2,light
1597748099000,2,light
1597748399000,2,light
1597748699000,2,light
1597748999000,2,light
1597749299000,2,light
1597749599000,2,light
1597749899000,2,light
1597750199000,1,deep
1597750499000,1,deep
1597750799000,1,deep
1597751099000,1,deep
1597751399000,1,deep
1597751699000,1,deep
1597751999000,2,light
1597752299000,2,light
1597752599000,2,light
1597752899000,2,light
1597753199000,2,light
1597753499000,2,light
1597753799000,2,light
1597754099000,2,light
1597754399000,2,light
1597754699000,2,light
1597754999000,2,light
1597755299000,2,light
1597755599000,1,deep
1597755899000,1,deep
1597756199000,1,deep
1597756499000,2,light
1597756799000,2,light
1597757099000,4,awake
1597757399000,3,REM
1597757699000,4,awake
1597757999000,4,awake
1597758299000,2,light
1597758599000,2,light
1597758899000,2,light
1597759199000,3,REM
1597759499000,3,REM
1597759799000,3,REM
1597760099000,3,REM
1597760399000,3,REM
1597760699000,4,awake
1597760999000,3,REM
1597761299000,3,REM
1597761599000,2,light
1597761899000,2,light
1597762199000,2,light
1597762499000,2,light
1597762799000,2,light
1597763099000,4,awake
1597763399000,4,awake
1597763699000,4,awake
1597763999000,4,awake
1597764299000,4,awake
1597764599000,4,awake
1597764899000,4,awake
1597765199000,4,awake
1597765499000,4,awake
1597765799000,4,awake
1597766099000,4,awake
1597766399000,4,awake
1597766699000,4,awake
1597766999000,4,awake
1597767299000,4,awake
1597767599000,4,awake
1597767899000,4,awake
1597768199000,4,awake
1597768499000,4,awake
1597768799000,4,awake
1597769099000,2,light
1597769399000,2,light
1597769699000,3,REM
1597769999000,3,REM
1597770299000,3,REM
1597770599000,2,light
1597770899000,2,light
1597771199000,3,REM
1597771499000,3,REM
1597771799000,3,REM
1597772099000,3,REM
1597772399000,1,deep
1597772699000,1,deep
1597772999000,1,deep
1597773299000,1,deep
1597773599000,1,deep
1597773899000,1,deep
1597774199000,1,deep
1597774499000,1,deep
1597774799000,4,awake
1597775099000,4,awake
1597775399000,4,awake
1597775699000,4,awake
1597825034000,4,awake
1597825334000,4,awake
1597825634000,1,deep
1597825934000,1,deep
1597826234000,1,deep
1597826534000,1,deep
1597826834000,1,deep
1597827134000,1,deep
1597827434000,1,deep
1597827734000,1,deep
1597828034000,1,deep
1597828334000,2,light
1597828634000,2,light
1597828934000,2,light
1597829234000,2,light
1597829534000,1,deep
1597829834000,2,light
1597830134000,1,deep
1597830434000,2,light
1597830734000,2,light
1597831034000,2,light
1597831334000,2,light
1597831634000,2,light
1597831934000,2,light
1597832234000,1,deep
1597832534000,1,deep
1597832834000,1,deep
1597833134000,1,deep
1597833434000,1,deep
1597833734000,1,deep
1597834034000,1,deep
1597834334000,1,deep
1597834634000,1,deep
1597834934000,1,deep
1597835234000,1,deep
1597835534000,1,deep
1597835834000,2,light
1597836134000,2,light
1597836434000,2,light
1597836734000,2,light
1597837034000,3,REM
1597837334000,2,light
1597837634000,2,light
1597837934000,2,light
1597838234000,2,light
1597838534000,2,light
1597838834000,2,light
1597839134000,2,light
1597839434000,2,light
1597839734000,2,light
1597840034000,2,light
1597840334000,2,light
1597840634000,2,light
1597840934000,2,light
1597841234000,2,light
1597841534000,2,light
1597841834000,4,awake
1597842134000,4,awake
1597842434000,4,awake
1597842734000,2,light
1597843034000,2,light
1597843334000,3,REM
1597843634000,3,REM
1597843934000,3,REM
1597844234000,2,light
1597844534000,2,light
1597844834000,2,light
1597845134000,2,light
1597845434000,2,light
1597845734000,1,deep
1597846034000,1,deep
1597846334000,2,light
1597846634000,2,light
1597846934000,2,light
1597847234000,2,light
1597847534000,2,light
1597847834000,2,light
1597848134000,4,awake
1597848434000,4,awake
1597909614000,4,awake
1597909914000,2,light
1597910214000,1,deep
1597910514000,1,deep
1597910814000,1,deep
1597911114000,1,deep
1597911414000,1,deep
1597911714000,1,deep
1597912014000,1,deep
1597912314000,1,deep
1597912614000,1,deep
1597912914000,1,deep
1597913214000,2,light
1597913514000,2,light
1597913814000,2,light
1597914114000,2,light
1597914414000,1,deep
1597914714000,1,deep
1597915014000,2,light
1597915314000,1,deep
1597915614000,1,deep
1597915914000,1,deep
1597916214000,1,deep
1597916514000,2,light
1597916814000,2,light
1597917114000,2,light
1597917414000,2,light
1597917714000,2,light
1597918014000,1,deep
1597918314000,3,REM
1597918614000,3,REM
1597918914000,3,REM
1597919214000,2,light
1597919514000,2,light
1597919814000,2,light
1597920114000,2,light
1597920414000,2,light
1597920714000,2,light
1597921014000,1,deep
1597921314000,1,deep
1597921614000,1,deep
1597921914000,1,deep
1597922214000,1,deep
1597922514000,1,deep
1597922814000,1,deep
1597923114000,1,deep
1597923414000,2,light
1597923714000,3,REM
1597924014000,2,light
1597924314000,2,light
1597924614000,2,light
1597924914000,1,deep
1597925214000,1,deep
1597925514000,1,deep
1597925814000,2,light
1597926114000,3,REM
1597926414000,3,REM
1597926714000,3,REM
1597927014000,4,awake
1597927314000,2,light
1597927614000,2,light
1597927914000,2,light
1597928214000,1,deep
1597928514000,1,deep
1597928814000,2,light
1597929114000,1,deep
1597929414000,1,deep
1597929714000,1,deep
1597930014000,3,REM
1597930314000,3,REM
1597930614000,2,light
1597930914000,2,light
1597931214000,2,light
1597931514000,2,light
1597931814000,3,REM
1597932114000,4,awake
1597932414000,4,awake
1597932714000,4,awake
1597933014000,3,REM
1597933314000,2,light
1597933614000,2,light
1597933914000,2,light
1597934214000,2,light
1597934514000,2,light
1597934814000,2,light
1597935114000,2,light
1597935414000,3,REM
1597935714000,3,REM
1597936014000,3,REM
1597936314000,3,REM
1597936614000,3,REM
1597936914000,4,awake
1597937214000,2,light
1597937514000,2,light
1597937814000,2,light
1597938114000,2,light
1597938414000,2,light
1597938714000,4,awake
1597939014000,4,awake
1597939314000,2,light
1597939614000,2,light
1597939914000,2,light
1597940214000,2,light
1597940514000,2,light
1597940814000,2,light
1597941114000,1,deep
1597941414000,4,awake
1597941714000,4,awake
1597998177000,4,awake
1597998477000,4,awake
1597998777000,2,light
1597999077000,1,deep
1597999377000,1,deep
1597999677000,1,deep
1597999977000,1,deep
1598000277000,1,deep
1598000577000,1,deep
1598000877000,1,deep
1598001177000,1,deep
1598001477000,1,deep
1598001777000,1,deep
1598002077000,2,light
1598002377000,1,deep
1598002677000,1,deep
1598002977000,1,deep
1598003277000,1,deep
1598003577000,1,deep
1598003877000,3,REM
1598004177000,3,REM
1598004477000,3,REM
1598004777000,3,REM
1598005077000,3,REM
1598005377000,2,light
1598005677000,2,light
1598005977000,2,light
1598006277000,2,light
1598006577000,2,light
1598006877000,1,deep
1598007177000,1,deep
1598007477000,1,deep
1598007777000,1,deep
1598008077000,2,light
1598008377000,1,deep
1598008677000,1,deep
1598008977000,1,deep
1598009277000,1,deep
1598009577000,1,deep
1598009877000,1,deep
1598010177000,1,deep
1598010477000,2,light
1598010777000,3,REM
1598011077000,2,light
1598011377000,2,light
1598011677000,2,light
1598011977000,2,light
1598012277000,2,light
1598012577000,2,light
1598012877000,1,deep
1598013177000,2,light
1598013477000,2,light
1598013777000,2,light
1598014077000,3,REM
1598014377000,2,light
1598014677000,2,light
1598014977000,2,light
1598015277000,2,light
1598015577000,3,REM
1598015877000,3,REM
1598016177000,3,REM
1598016477000,3,REM
1598016777000,3,REM
1598017077000,3,REM
1598017377000,3,REM
1598017677000,3,REM
1598017977000,3,REM
1598018277000,2,light
1598018577000,2,light
1598018877000,2,light
1598019177000,2,light
1598019477000,3,REM
1598019777000,4,awake
1598020077000,4,awake
1598020377000,4,awake
1598020677000,4,awake
1598020977000,4,awake
1598021277000,4,awake
1598021577000,4,awake
1598021877000,4,awake
1598022177000,4,awake
1598022477000,4,awake
1598022777000,4,awake
1598023077000,4,awake
1598023377000,4,awake
1598023677000,4,awake
1598023977000,4,awake
1598024277000,4,awake
1598024577000,4,awake
1598024877000,4,awake
1598025177000,4,awake
1598025477000,4,awake
1598025777000,4,awake
1598026077000,4,awake
1598026377000,4,awake
1598026677000,4,awake
1598026977000,4,awake
1598027277000,2,light
1598027577000,2,light
1598027877000,2,light
1598028177000,2,light
1598028477000,2,light
1598028777000,2,light
1598029077000,4,awake
1598029377000,2,light
1598029677000,2,light
1598029977000,2,light
1598030277000,3,REM
1598030577000,3,REM
1598030877000,4,awake
1598031177000,2,light
1598031477000,2,light
1598031777000,2,light
1598032077000,2,light
1598032377000,1,deep
1598032677000,1,deep
1598032977000,1,deep
1598033277000,1,deep
1598033577000,1,deep
1598033877000,4,awake
1598034177000,2,light
1598034477000,3,REM
1598034777000,3,REM
1598035077000,3,REM
1598035377000,2,light
1598035677000,2,light
1598035977000,2,light
1598036277000,4,awake
1598036577000,2,light
1598036877000,2,light
1598037177000,2,light
1598037477000,4,awake
1598037777000,4,awake
1598038077000,4,awake
1598084697000,4,awake
1598084997000,4,awake
1598085297000,2,light
1598085597000,2,light
1598085897000,1,deep
1598086197000,1,deep
1598086497000,1,deep
1598086797000,1,deep
1598087097000,2,light
1598087397000,2,light
1598087697000,1,deep
1598087997000,1,deep
1598088297000,1,deep
1598088597000,2,light
1598088897000,2,light
1598089197000,1,deep
1598089497000,2,light
1598089797000,4,awake
1598090097000,2,light
1598090397000,2,light
1598090697000,3,REM
1598090997000,2,light
1598091297000,2,light
1598091597000,2,light
1598091897000,2,light
1598092197000,2,light
1598092497000,1,deep
1598092797000,1,deep
1598093097000,2,light
1598093397000,2,light
1598093697000,2,light
1598093997000,2,light
1598094297000,2,light
1598094597000,4,awake
1598094897000,4,awake
1598095197000,2,light
1598095497000,2,light
1598095797000,2,light
1598096097000,2,light
1598096397000,2,light
1598096697000,1,deep
1598096997000,1,deep
1598097297000,1,deep
1598097597000,1,deep
1598097897000,1,deep
1598098197000,1,deep
1598098497000,1,deep
1598098797000,1,deep
1598099097000,1,deep
1598099397000,1,deep
1598099697000,4,awake
1598099997000,4,awake
1598100297000,4,awake
1598100597000,4,awake
1598100897000,4,awake
1598101197000,2,light
1598101497000,2,light
1598101797000,2,light
1598102097000,4,awake
1598102397000,3,REM
1598102697000,3,REM
1598102997000,4,awake
1598103297000,4,awake
1598103597000,4,awake
1598103897000,2,light
1598104197000,4,awake
1598104497000,2,light
1598104797000,2,light
1598105097000,2,light
1598105397000,2,light
1598105697000,2,light
1598105997000,1,deep
1598106297000,1,deep
1598106597000,1,deep
1598106897000,2,light
1598107197000,2,light
1598107497000,4,awake
1598107797000,4,awake
1598108097000,4,awake
1598108397000,3,REM
1598108697000,2,light
1598108997000,3,REM
1598109297000,3,REM
1598109597000,2,light
1598109897000,2,light
1598110197000,2,light
1598110497000,3,REM
1598110797000,3,REM
1598111097000,2,light
1598111397000,2,light
1598111697000,2,light
1598111997000,2,light
1598112297000,2,light
1598112597000,3,REM
1598112897000,3,REM
1598113197000,3,REM
1598113497000,4,awake
1598167270000,4,awake
1598167570000,2,light
1598167870000,2,light
1598168170000,1,deep
1598168470000,1,deep
1598168770000,1,deep
1598169070000,1,deep
1598169370000,1,deep
1598169670000,1,deep
1598169970000,1,deep
1598170270000,1,deep
1598170570000,1,deep
1598170870000,1,deep
1598171170000,2,light
1598171470000,2,light
1598171770000,2,light
1598172070000,2,light
1598172370000,2,light
1598172670000,2,light
1598172970000,1,deep
1598173270000,1,deep
1598173570000,1,deep
1598173870000,2,light
1598174170000,2,light
1598174470000,2,light
1598174770000,2,light
1598175070000,3,REM
1598175370000,3,REM
1598175670000,4,awake
1598175970000,4,awake
1598176270000,4,awake
1598176570000,4,awake
1598176870000,4,awake
1598177170000,2,light
1598177470000,2,light
1598177770000,2,light
1598178070000,2,light
1598178370000,4,awake
1598178670000,2,light
1598178970000,2,light
1598179270000,2,light
1598179570000,2,light
1598179870000,2,light
1598180170000,2,light
1598180470000,1,deep
1598180770000,1,deep
1598181070000,1,deep
1598181370000,1,deep
1598181670000,1,deep
1598181970000,2,light
1598182270000,2,light
1598182570000,2,light
1598182870000,2,light
1598183170000,2,light
1598183470000,3,REM
1598183770000,3,REM
1598184070000,2,light
1598184370000,2,light
1598184670000,3,REM
1598184970000,3,REM
1598185270000,2,light
1598185570000,2,light
1598185870000,2,light
1598186170000,3,REM
1598186470000,2,light
1598186770000,2,light
1598187070000,2,light
1598187370000,1,deep
1598187670000,1,deep
1598187970000,1,deep
1598188270000,1,deep
1598188570000,1,deep
1598188870000,1,deep
1598189170000,1,deep
1598189470000,4,awake
1598189770000,4,awake
1598190070000,4,awake
1598190370000,4,awake
1598190670000,3,REM
1598190970000,3,REM
1598191270000,2,light
1598191570000,2,light
1598191870000,2,light
1598192170000,2,light
1598192470000,2,light
1598192770000,2,light
1598193070000,2,light
1598193370000,2,light
1598193670000,2,light
1598193970000,3,REM
1598194270000,3,REM
1598194570000,2,light
1598194870000,3,REM
1598195170000,2,light
1598195470000,2,light
1598195770000,3,REM
1598196070000,4,awake
1598196370000,3,REM
1598196670000,2,light
1598196970000,2,light
1598197270000,2,light
1598197570000,1,deep
1598197870000,3,REM
1598198170000,3,REM
1598198470000,3,REM
1598198770000,2,light
1598199070000,2,light
1598199370000,4,awake
1598199670000,3,REM
1598199970000,4,awake
1598200270000,4,awake
1598256790000,4,awake
1598257090000,2,light
1598257390000,2,light
1598257690000,2,light
1598257990000,1,deep
1598258290000,1,deep
1598258590000,1,deep
1598258890000,1,deep
1598259190000,1,deep
1598259490000,2,light
1598259790000,1,deep
1598260090000,1,deep
1598260390000,1,deep
1598260690000,2,light
1598260990000,2,light
1598261290000,2,light
1598261590000,2,light
1598261890000,2,light
1598262190000,2,light
1598262490000,2,light
1598262790000,2,light
1598263090000,2,light
1598263390000,2,light
1598263690000,1,deep
1598263990000,1,deep
1598264290000,1,deep
1598264590000,1,deep
1598264890000,1,deep
1598265190000,1,deep
1598265490000,2,light
1598265790000,2,light
1598266090000,4,awake
1598266390000,4,awake
1598266690000,2,light
1598266990000,2,light
1598267290000,2,light
1598267590000,2,light
1598267890000,2,light
1598268190000,2,light
1598268490000,2,light
1598268790000,2,light
1598269090000,2,light
1598269390000,2,light
1598269690000,1,deep
1598269990000,1,deep
1598270290000,1,deep
1598270590000,2,light
1598270890000,2,light
1598271190000,2,light
1598271490000,2,light
1598271790000,3,REM
1598272090000,4,awake
1598272390000,4,awake
1598272690000,3,REM
1598272990000,4,awake
1598273290000,2,light
1598273590000,2,light
1598273890000,1,deep
1598274190000,1,deep
1598274490000,1,deep
1598274790000,1,deep
1598275090000,2,light
1598275390000,2,light
1598275690000,2,light
1598275990000,2,light
1598276290000,2,light
1598276590000,3,REM
1598276890000,3,REM
1598277190000,3,REM
1598277490000,3,REM
1598277790000,4,awake
1598278090000,2,light
1598278390000,2,light
1598278690000,3,REM
1598278990000,4,awake
1598279290000,4,awake
1598279590000,4,awake
1598279890000,3,REM
1598280190000,4,awake
1598343299000,4,awake
1598343599000,2,light
1598343899000,1,deep
1598344199000,1,deep
1598344499000,1,deep
1598344799000,1,deep
1598345099000,1,deep
1598345399000,1,deep
1598345699000,1,deep
1598345999000,1,deep
1598346299000,1,deep
1598346599000,2,light
1598346899000,2,light
1598347199000,3,REM
1598347499000,2,light
1598347799000,2,light
1598348099000,2,light
1598348399000,1,deep
1598348699000,2,light
1598348999000,1,deep
1598349299000,1,deep
1598349599000,3,REM
1598349899000,1,deep
1598350199000,1,deep
1598350499000,3,REM
1598350799000,1,deep
1598351099000,1,deep
1598351399000,4,awake
1598351699000,2,light
1598351999000,2,light
1598352299000,2,light
1598352599000,2,light
1598352899000,2,light
1598353199000,2,light
1598353499000,2,light
1598353799000,2,light
1598354099000,2,light
1598354399000,2,light
1598354699000,2,light
1598354999000,2,light
1598355299000,4,awake
1598355599000,2,light
1598355899000,2,light
1598356199000,2,light
1598356499000,3,REM
1598356799000,3,REM
1598357099000,2,light
1598357399000,2,light
1598357699000,2,light
1598357999000,3,REM
1598358299000,4,awake
1598358599000,3,REM
1598358899000,3,REM
1598359199000,2,light
1598359499000,2,light
1598359799000,2,light
1598360099000,2,light
1598360399000,2,light
1598360699000,1,deep
1598360999000,1,deep
1598361299000,1,deep
1598361599000,1,deep
1598361899000,1,deep
1598362199000,1,deep
1598362499000,1,deep
1598362799000,1,deep
1598363099000,1,deep
1598363399000,3,REM
1598363699000,4,awake
1598363999000,2,light
1598364299000,2,light
1598364599000,2,light
1598364899000,3,REM
1598365199000,3,REM
1598365499000,3,REM
1598365799000,2,light
1598366099000,2,light
1598366399000,3,REM
1598366699000,2,light
1598366999000,4,awake
1598367299000,4,awake
1598367599000,4,awake
1598367899000,4,awake
1598368199000,4,awake
1598368499000,2,light
1598368799000,2,light
1598369099000,2,light
1598369399000,2,light
1598369699000,2,light
1598369999000,4,awake
1598370299000,2,light
1598370599000,2,light
1598370899000,2,light
1598371199000,2,light
1598371499000,2,light
1598371799000,1,deep
1598372099000,2,light
1598372399000,2,light
1598372699000,3,REM
1598372999000,4,awake
1598429977000,4,awake
1598430277000,4,awake
1598430577000,4,awake
1598430877000,4,awake
1598431177000,2,light
1598431477000,1,deep
1598431777000,1,deep
1598432077000,1,deep
1598432377000,2,light
1598432677000,2,light
1598432977000,1,deep
1598433277000,2,light
1598433577000,2,light
1598433877000,2,light
1598434177000,2,light
1598434477000,2,light
1598434777000,2,light
1598435077000,2,light
1598435377000,2,light
1598435677000,2,light
1598435977000,1,deep
1598436277000,1,deep
1598436577000,1,deep
1598436877000,1,deep
1598437177000,1,deep
1598437477000,1,deep
1598437777000,1,deep
1598438077000,1,deep
1598438377000,1,deep
1598438677000,2,light
1598438977000,2,light
1598439277000,2,light
1598439577000,2,light
1598439877000,2,light
1598440177000,2,light
1598440477000,2,light
1598440777000,2,light
1598441077000,4,awake
1598441377000,2,light
1598441677000,2,light
1598441977000,2,light
1598442277000,2,light
1598442577000,2,light
1598442877000,2,light
1598443177000,1,deep
1598443477000,1,deep
1598443777000,1,deep
1598444077000,1,deep
1598444377000,1,deep
1598444677000,3,REM
1598444977000,4,awake
1598445277000,4,awake
1598445577000,4,awake
1598445877000,3,REM
1598446177000,3,REM
1598446477000,3,REM
1598446777000,3,REM
1598447077000,3,REM
1598447377000,3,REM
1598447677000,4,awake
1598447977000,2,light
1598448277000,2,light
1598448577000,2,light
1598448877000,2,light
1598449177000,1,deep
1598449477000,2,light
1598449777000,2,light
1598450077000,1,deep
1598450377000,1,deep
1598450677000,1,deep
1598450977000,1,deep
1598451277000,1,deep
1598451577000,1,deep
1598451877000,1,deep
1598452177000,1,deep
1598452477000,1,deep
1598452777000,3,REM
1598453077000,3,REM
1598453377000,4,awake
1598453677000,4,awake
1598453977000,2,light
1598454277000,4,awake
1598454577000,2,light
1598454877000,2,light
1598455177000,4,awake
1598455477000,2,light
1598455777000,2,light
1598456077000,2,light
1598456377000,2,light
1598456677000,2,light
1598456977000,2,light
1598457277000,2,light
1598457577000,4,awake
1598457877000,4,awake
1598458177000,2,light
1598458477000,2,light
1598458777000,2,light
1598459077000,4,awake
1598459377000,4,awake
1598459677000,4,awake
1598459977000,3,REM
1598460277000,2,light
1598460577000,2,light
1598460877000,2,light
1598461177000,1,deep
1598461477000,3,REM
1598461777000,2,light
1598462077000,3,REM
1598462377000,4,awake
1598462677000,4,awake
1598462977000,4,awake
1598517366000,4,awake
1598517666000,2,light
1598517966000,2,light
1598518266000,1,deep
1598518566000,1,deep
1598518866000,1,deep
1598519166000,1,deep
1598519466000,1,deep
1598519766000,1,deep
1598520066000,1,deep
1598520366000,1,deep
1598520666000,1,deep
1598520966000,1,deep
1598521266000,1,deep
1598521566000,1,deep
1598521866000,1,deep
1598522166000,1,deep
1598522466000,2,light
1598522766000,2,light
1598523066000,2,light
1598523366000,2,light
1598523666000,2,light
1598523966000,2,light
1598524266000,2,light
1598524566000,2,light
1598524866000,2,light
1598525166000,2,light
1598525466000,2,light
1598525766000,1,deep
1598526066000,1,deep
1598526366000,1,deep
1598526666000,1,deep
1598526966000,1,deep
1598527266000,1,deep
1598527566000,2,light
1598527866000,2,light
1598528166000,2,light
1598528466000,2,light
1598528766000,4,awake
1598529066000,4,awake
1598529366000,2,light
1598529666000,4,awake
1598529966000,4,awake
1598530266000,2,light
1598530566000,2,light
1598530866000,2,light
1598531166000,1,deep
1598531466000,1,deep
1598531766000,2,light
1598532066000,2,light
1598532366000,2,light
1598532666000,2,light
1598532966000,2,light
1598533266000,2,light
1598533566000,2,light
1598533866000,2,light
1598534166000,3,REM
1598534466000,3,REM
1598534766000,3,REM
1598535066000,3,REM
1598535366000,2,light
1598535666000,3,REM
1598535966000,3,REM
1598536266000,3,REM
1598536566000,2,light
1598536866000,2,light
1598537166000,2,light
1598537466000,2,light
1598537766000,2,light
1598538066000,2,light
1598538366000,1,deep
1598538666000,1,deep
1598538966000,1,deep
1598539266000,2,light
1598539566000,3,REM
1598539866000,4,awake
1598540166000,4,awake
1598603222000,4,awake
1598603522000,4,awake
1598603822000,2,light
1598604122000,1,deep
1598604422000,1,deep
1598604722000,1,deep
1598605022000,1,deep
1598605322000,1,deep
1598605622000,2,light
1598605922000,2,light
1598606222000,2,light
1598606522000,2,light
1598606822000,2,light
1598607122000,1,deep
1598607422000,1,deep
1598607722000,1,deep
1598608022000,2,light
1598608322000,2,light
1598608622000,1,deep
1598608922000,1,deep
1598609222000,1,deep
1598609522000,1,deep
1598609822000,1,deep
1598610122000,1,deep
1598610422000,1,deep
1598610722000,1,deep
1598611022000,1,deep
1598611322000,2,light
1598611622000,1,deep
1598611922000,1,deep
1598612222000,1,deep
1598612522000,4,awake
1598612822000,2,light
1598613122000,2,light
1598613422000,2,light
1598613722000,1,deep
1598614022000,1,deep
1598614322000,2,light
1598614622000,2,light
1598614922000,2,light
1598615222000,1,deep
1598615522000,1,deep
1598615822000,1,deep
1598616122000,2,light
1598616422000,1,deep
1598616722000,1,deep
1598617022000,1,deep
1598617322000,4,awake
1598617622000,4,awake
1598617922000,2,light
1598618222000,2,light
1598618522000,2,light
1598618822000,2,light
1598619122000,2,light
1598619422000,2,light
1598619722000,3,REM
1598620022000,4,awake
1598620322000,3,REM
1598620622000,3,REM
1598620922000,2,light
1598621222000,2,light
1598621522000,2,light
1598621822000,2,light
1598622122000,2,light
1598622422000,3,REM
1598622722000,1,deep
1598623022000,1,deep
1598623322000,2,light
1598623622000,2,light
1598623922000,2,light
1598624222000,2,light
1598624522000,4,awake
1598624822000,3,REM
1598625122000,3,REM
1598625422000,4,awake
1598625722000,2,light
1598626022000,2,light
1598626322000,3,REM
1598626622000,3,REM
1598626922000,4,awake
1598627222000,4,awake
1598627522000,4,awake
1598627822000,2,light
1598628122000,2,light
1598628422000,2,light
1598628722000,2,light
1598629022000,2,light
1598629322000,2,light
1598629622000,2,light
1598629922000,3,REM
1598630222000,3,REM
1598630522000,3,REM
1598630822000,3,REM
1598631122000,2,light
1598631422000,2,light
1598631722000,4,awake
1598632022000,4,awake
1598632322000,2,light
1598632622000,2,light
1598632922000,2,light
1598633222000,2,light
1598633522000,2,light
1598633822000,2,light
1598634122000,4,awake
1598634422000,4,awake
1598634722000,4,awake
1598635022000,4,awake
1598635322000,4,awake
1598635622000,4,awake
1598689921000,4,awake
1598690221000,4,awake
1598690521000,4,awake
1598690821000,4,awake
1598691121000,2,light
1598691421000,2,light
1598691721000,1,deep
1598692021000,1,deep
1598692321000,1,deep
1598692621000,1,deep
1598692921000,1,deep
1598693221000,1,deep
1598693521000,1,deep
1598693821000,1,deep
1598694121000,1,deep
1598694421000,1,deep
1598694721000,1,deep
1598695021000,1,deep
1598695321000,1,deep
1598695621000,2,light
1598695921000,2,light
1598696221000,4,awake
1598696521000,2,light
1598696821000,2,light
1598697121000,2,light
1598697421000,2,light
1598697721000,2,light
1598698021000,1,deep
1598698321000,2,light
1598698621000,1,deep
1598698921000,1,deep
1598699221000,2,light
1598699521000,2,light
1598699821000,2,light
1598700121000,2,light
1598700421000,2,light
1598700721000,2,light
1598701021000,3,REM
1598701321000,3,REM
1598701621000,3,REM
1598701921000,2,light
1598702221000,2,light
1598702521000,2,light
1598702821000,1,deep
1598703121000,1,deep
1598703421000,1,deep
1598703721000,1,deep
1598704021000,1,deep
1598704321000,1,deep
1598704621000,1,deep
1598704921000,1,deep
1598705221000,1,deep
1598705521000,2,light
1598705821000,2,light
1598706121000,2,light
1598706421000,2,light
1598706721000,3,REM
1598707021000,3,REM
1598707321000,4,awake
1598707621000,3,REM
1598707921000,4,awake
1598708221000,3,REM
1598708521000,3,REM
1598708821000,2,light
1598709121000,2,light
1598709421000,2,light
1598709721000,2,light
1598710021000,2,light
1598710321000,2,light
1598710621000,2,light
1598710921000,2,light
1598711221000,2,light
1598711521000,2,light
1598711821000,3,REM
1598712121000,3,REM
1598712421000,4,awake
1598712721000,4,awake
1598713021000,3,REM
1598713321000,2,light
1598713621000,2,light
1598713921000,2,light
1598714221000,2,light
1598714521000,2,light
1598714821000,2,light
1598715121000,2,light
1598715421000,2,light
1598715721000,1,deep
1598716021000,1,deep
1598716321000,3,REM
1598716621000,4,awake
1598716921000,4,awake
1598772238000,4,awake
1598772538000,2,light
1598772838000,2,light
1598773138000,2,light
1598773438000,2,light
1598773738000,1,deep
1598774038000,1,deep
1598774338000,1,deep
1598774638000,1,deep
1598774938000,1,deep
1598775238000,1,deep
1598775538000,1,deep
1598775838000,1,deep
1598776138000,1,deep
1598776438000,1,deep
1598776738000,1,deep
1598777038000,2,light
1598777338000,2,light
1598777638000,2,light
1598777938000,2,light
1598778238000,2,light
1598778538000,2,light
1598778838000,1,deep
1598779138000,1,deep
1598779438000,1,deep
1598779738000,1,deep
1598780038000,1,deep
1598780338000,1,deep
1598780638000,1,deep
1598780938000,1,deep
1598781238000,3,REM
1598781538000,2,light
1598781838000,3,REM
1598782138000,3,REM
1598782438000,3,REM
1598782738000,2,light
1598783038000,2,light
1598783338000,2,light
1598783638000,1,deep
1598783938000,3,REM
1598784238000,3,REM
1598784538000,2,light
1598784838000,2,light
1598785138000,2,light
1598785438000,2,light
1598785738000,1,deep
1598786038000,1,deep
1598786338000,1,deep
1598786638000,1,deep
1598786938000,1,deep
1598787238000,1,deep
1598787538000,1,deep
1598787838000,1,deep
1598788138000,2,light
1598788438000,2,light
1598788738000,3,REM
1598789038000,3,REM
1598789338000,2,light
1598789638000,2,light
1598789938000,2,light
1598790238000,2,light
1598790538000,2,light
1598790838000,3,REM
1598791138000,3,REM
1598791438000,4,awake
1598791738000,2,light
1598792038000,2,light
1598792338000,2,light
1598792638000,4,awake
1598792938000,4,awake
1598793238000,4,awake
1598793538000,2,light
1598793838000,3,REM
1598794138000,2,light
1598794438000,2,light
1598794738000,4,awake
1598795038000,4,awake
1598795338000,4,awake
1598795638000,4,awake
1598795938000,4,awake
1598796238000,4,awake
1598796538000,4,awake
1598796838000,4,awake
1598797138000,4,awake
1598797438000,4,awake
1598797738000,2,light
1598798038000,2,light
1598798338000,3,REM
1598798638000,3,REM
1598798938000,3,REM
1598799238000,3,REM
1598799538000,4,awake
1598799838000,4,awake
1598800138000,3,REM
1598800438000,2,light
1598800738000,2,light
1598801038000,2,light
1598801338000,2,light
1598801638000,1,deep
1598801938000,3,REM
1598802238000,2,light
1598802538000,2,light
1598802838000,2,light
1598803138000,2,light
1598803438000,4,awake
1598803738000,4,awake
1598804038000,3,REM
1598804338000,4,awake
1598864577000,4,awake
1598864877000,2,light
1598865177000,1,deep
1598865477000,1,deep
1598865777000,1,deep
1598866077000,1,deep
1598866377000,1,deep
1598866677000,1,deep
1598866977000,1,deep
1598867277000,1,deep
1598867577000,1,deep
1598867877000,1,deep
1598868177000,1,deep
1598868477000,1,deep
1598868777000,1,deep
1598869077000,1,deep
1598869377000,2,light
1598869677000,4,awake
1598869977000,2,light
1598870277000,3,REM
1598870577000,3,REM
1598870877000,2,light
1598871177000,2,light
1598871477000,1,deep
1598871777000,1,deep
1598872077000,1,deep
1598872377000,1,deep
1598872677000,1,deep
1598872977000,1,deep
1598873277000,4,awake
1598873577000,4,awake
1598873877000,2,light
1598874177000,4,awake
1598874477000,4,awake
1598874777000,4,awake
1598875077000,2,light
1598875377000,2,light
1598875677000,3,REM
1598875977000,3,REM
1598876277000,4,awake
1598876577000,4,awake
1598876877000,2,light
1598877177000,2,light
1598877477000,2,light
1598877777000,2,light
1598878077000,2,light
1598878377000,2,light
1598878677000,1,deep
1598878977000,1,deep
1598879277000,1,deep
1598879577000,1,deep
1598879877000,1,deep
1598880177000,1,deep
1598880477000,1,deep
1598880777000,2,light
1598881077000,3,REM
1598881377000,3,REM
1598881677000,2,light
1598881977000,2,light
1598882277000,3,REM
1598882577000,3,REM
1598882877000,3,REM
1598883177000,2,light
1598883477000,1,deep
1598883777000,2,light
1598884077000,2,light
1598884377000,2,light
1598884677000,2,light
1598884977000,2,light
1598885277000,2,light
1598885577000,2,light
1598885877000,4,awake
1598886177000,4,awake
1598886477000,4,awake
1598886777000,4,awake
1598887077000,4,awake
1598887377000,4,awake
1598887677000,4,awake
1598887977000,4,awake
1598888277000,4,awake
1598888577000,2,light
1598888877000,2,light
1598889177000,2,light
1598889477000,2,light
1598889777000,3,REM
1598890077000,2,light
1598890377000,2,light
1598890677000,2,light
1598890977000,2,light
1598891277000,2,light
1598891577000,2,light
1598891877000,2,light
1598892177000,1,deep
1598892477000,1,deep
1598892777000,1,deep
1598893077000,2,light
1598893377000,2,light
1598893677000,2,light
1598893977000,4,awake
1598894277000,4,awake
1598894577000,2,light
1598894877000,4,awake
1598895177000,4,awake
1598949331000,4,awake
1598949631000,4,awake
1598949931000,4,awake
1598950231000,4,awake
1598950531000,2,light
1598950831000,1,deep
1598951131000,1,deep
1598951431000,1,deep
1598951731000,1,deep
1598952031000,1,deep
1598952331000,1,deep
1598952631000,1,deep
1598952931000,1,deep
1598953231000,1,deep
1598953531000,1,deep
1598953831000,1,deep
1598954131000,1,deep
1598954431000,1,deep
1598954731000,2,light
1598955031000,2,light
1598955331000,2,light
1598955631000,3,REM
1598955931000,2,light
1598956231000,2,light
1598956531000,2,light
1598956831000,1,deep
1598957131000,1,deep
1598957431000,1,deep
1598957731000,1,deep
1598958031000,1,deep
1598958331000,1,deep
1598958631000,1,deep
1598958931000,2,light
1598959231000,2,light
1598959531000,2,light
1598959831000,2,light
1598960131000,2,light
1598960431000,1,deep
1598960731000,4,awake
1598961031000,4,awake
1598961331000,4,awake
1598961631000,4,awake
1598961931000,4,awake
1598962231000,3,REM
1598962531000,3,REM
1598962831000,2,light
1598963131000,2,light
1598963431000,4,awake
1598963731000,2,light
1598964031000,2,light
1598964331000,2,light
1598964631000,2,light
1598964931000,2,light
1598965231000,2,light
1598965531000,1,deep
1598965831000,1,deep
1598966131000,1,deep
1598966431000,1,deep
1598966731000,1,deep
1598967031000,2,light
1598967331000,2,light
1598967631000,2,light
1598967931000,2,light
1598968231000,1,deep
1598968531000,2,light
1598968831000,2,light
1598969131000,2,light
1598969431000,2,light
1598969731000,2,light
1598970031000,2,light
1598970331000,2,light
1598970631000,1,deep
1598970931000,2,light
1598971231000,2,light
1598971531000,2,light
1598971831000,2,light
1598972131000,4,awake
1598972431000,4,awake
1598972731000,3,REM
1598973031000,2,light
1598973331000,2,light
1598973631000,2,light
1598973931000,2,light
1598974231000,2,light
1598974531000,2,light
1598974831000,2,light
1598975131000,3,REM
1598975431000,2,light
1598975731000,3,REM
1598976031000,3,REM
1598976331000,3,REM
1598976631000,4,awake
1598976931000,4,awake
1598977231000,2,light
1598977531000,2,light
1598977831000,2,light
1598978131000,2,light
1598978431000,2,light
1598978731000,1,deep
1598979031000,1,deep
1598979331000,1,deep
1598979631000,4,awake
1598979931000,4,awake
1599033871000,4,awake
1599034171000,2,light
1599034471000,1,deep
1599034771000,1,deep
1599035071000,1,deep
1599035371000,1,deep
1599035671000,1,deep
1599035971000,1,deep
1599036271000,1,deep
1599036571000,1,deep
1599036871000,1,deep
1599037171000,1,deep
1599037471000,1,deep
1599037771000,1,deep
1599038071000,1,deep
1599038371000,1,deep
1599038671000,1,deep
1599038971000,3,REM
1599039271000,3,REM
1599039571000,2,light
1599039871000,2,light
1599040171000,2,light
1599040471000,1,deep
1599040771000,1,deep
1599041071000,1,deep
1599041371000,2,light
1599041671000,2,light
1599041971000,2,light
1599042271000,2,light
1599042571000,2,light
1599042871000,2,light
1599043171000,2,light
1599043471000,2,light
1599043771000,2,light
1599044071000,2,light
1599044371000,3,REM
1599044671000,3,REM
1599044971000,3,REM
1599045271000,3,REM
1599045571000,2,light
1599045871000,2,light
1599046171000,2,light
1599046471000,2,light
1599046771000,2,light
1599047071000,1,deep
1599047371000,1,deep
1599047671000,1,deep
1599047971000,1,deep
1599048271000,1,deep
1599048571000,1,deep
1599048871000,1,deep
1599049171000,2,light
1599049471000,2,light
1599049771000,2,light
1599050071000,2,light
1599050371000,2,light
1599050671000,2,light
1599050971000,3,REM
1599051271000,2,light
1599051571000,3,REM
1599051871000,3,REM
1599052171000,3,REM
1599052471000,2,light
1599052771000,2,light
1599053071000,2,light
1599053371000,1,deep
1599053671000,2,light
1599053971000,2,light
1599054271000,1,deep
1599054571000,1,deep
1599054871000,2,light
1599055171000,1,deep
1599055471000,2,light
1599055771000,2,light
1599056071000,3,REM
1599056371000,3,REM
1599056671000,3,REM
1599056971000,3,REM
1599057271000,3,REM
1599057571000,4,awake
1599057871000,4,awake
1599058171000,4,awake
1599058471000,4,awake
1599058771000,4,awake
1599120631000,4,awake
1599120931000,2,light
1599121231000,1,deep
1599121531000,1,deep
1599121831000,1,deep
1599122131000,1,deep
1599122431000,1,deep
1599122731000,1,deep
1599123031000,1,deep
1599123331000,1,deep
1599123631000,1,deep
1599123931000,2,light
1599124231000,2,light
1599124531000,2,light
1599124831000,2,light
1599125131000,2,light
1599125431000,1,deep
1599125731000,1,deep
1599126031000,1,deep
1599126331000,1,deep
1599126631000,2,light
1599126931000,2,light
1599127231000,1,deep
1599127531000,1,deep
1599127831000,1,deep
1599128131000,1,deep
1599128431000,1,deep
1599128731000,1,deep
1599129031000,1,deep
1599129331000,1,deep
1599129631000,1,deep
1599129931000,1,deep
1599130231000,2,light
1599130531000,3,REM
1599130831000,2,light
1599131131000,2,light
1599131431000,2,light
1599131731000,2,light
1599132031000,1,deep
1599132331000,1,deep
1599132631000,1,deep
1599132931000,2,light
1599133231000,2,light
1599133531000,2,light
1599133831000,2,light
1599134131000,2,light
1599134431000,2,light
1599134731000,2,light
1599135031000,2,light
1599135331000,3,REM
1599135631000,3,REM
1599135931000,3,REM
1599136231000,3,REM
1599136531000,3,REM
1599136831000,3,REM
1599137131000,2,light
1599137431000,2,light
1599137731000,2,light
1599138031000,1,deep
1599138331000,1,deep
1599138631000,2,light
1599138931000,2,light
1599139231000,1,deep
1599139531000,2,light
1599139831000,2,light
1599140131000,2,light
1599140431000,1,deep
1599140731000,1,deep
1599141031000,3,REM
1599141331000,3,REM
1599141631000,3,REM
1599141931000,3,REM
1599142231000,3,REM
1599142531000,3,REM
1599142831000,2,light
1599143131000,2,light
1599143431000,2,light
1599143731000,1,deep
1599144031000,1,deep
1599144331000,2,light
1599144631000,4,awake
1599144931000,4,awake
1599145231000,4,awake
1599145531000,4,awake
1599145831000,4,awake
1599146131000,4,awake
1599146431000,4,awake
1599146731000,4,awake
1599147031000,4,awake
1599147331000,4,awake
1599147631000,4,awake
1599147931000,4,awake
1599148231000,2,light
1599148531000,2,light
1599148831000,2,light
1599149131000,2,light
1599149431000,2,light
1599149731000,2,light
1599150031000,2,light
1599150331000,1,deep
1599150631000,1,deep
1599150931000,1,deep
1599151231000,4,awake
1599151531000,3,REM
1599151831000,3,REM
1599152131000,3,REM
1599152431000,3,REM
1599152731000,2,light
1599153031000,2,light
1599153331000,2,light
1599153631000,2,light
1599153931000,2,light
1599154231000,3,REM
1599154531000,3,REM
1599154831000,2,light
1599155131000,2,light
1599155431000,3,REM
1599155731000,4,awake
1599156031000,4,awake
1599156331000,4,awake
1599207812000,4,awake
1599208112000,1,deep
1599208412000,1,deep
1599208712000,1,deep
1599209012000,1,deep
1599209312000,1,deep
1599209612000,1,deep
1599209912000,1,deep
1599210212000,1,deep
1599210512000,1,deep
1599210812000,1,deep
1599211112000,2,light
1599211412000,4,awake
1599211712000,4,awake
1599212012000,4,awake
1599212312000,4,awake
1599212612000,4,awake
1599212912000,4,awake
1599213212000,4,awake
1599213512000,4,awake
1599213812000,4,awake
1599214112000,4,awake
1599214412000,4,awake
1599214712000,4,awake
1599215012000,4,awake
1599215312000,2,light
1599215612000,2,light
1599215912000,2,light
1599216212000,1,deep
1599216512000,1,deep
1599216812000,2,light
1599217112000,2,light
1599217412000,2,light
1599217712000,2,light
1599218012000,2,light
1599218312000,1,deep
1599218612000,2,light
1599218912000,2,light
1599219212000,2,light
1599219512000,1,deep
1599219812000,2,light
1599220112000,2,light
1599220412000,2,light
1599220712000,2,light
1599221012000,2,light
1599221312000,3,REM
1599221612000,3,REM
1599221912000,3,REM
1599222212000,3,REM
1599222512000,3,REM
1599222812000,3,REM
1599223112000,2,light
1599223412000,2,light
1599223712000,2,light
1599224012000,2,light
1599224312000,2,light
1599224612000,2,light
1599224912000,1,deep
1599225212000,1,deep
1599225512000,1,deep
1599225812000,1,deep
1599226112000,1,deep
1599226412000,1,deep
1599226712000,1,deep
1599227012000,1,deep
1599227312000,1,deep
1599227612000,4,awake
1599227912000,4,awake
1599228212000,4,awake
1599292893000,4,awake
1599293193000,4,awake
1599293493000,2,light
1599293793000,1,deep
1599294093000,1,deep
1599294393000,1,deep
1599294693000,1,deep
1599294993000,1,deep
1599295293000,1,deep
1599295593000,1,deep
1599295893000,1,deep
1599296193000,1,deep
1599296493000,1,deep
1599296793000,1,deep
1599297093000,1,deep
1599297393000,1,deep
1599297693000,2,light
1599297993000,2,light
1599298293000,2,light
1599298593000,2,light
1599298893000,2,light
1599299193000,2,light
1599299493000,1,deep
1599299793000,2,light
1599300093000,2,light
1599300393000,2,light
1599300693000,1,deep
1599300993000,1,deep
1599301293000,2,light
1599301593000,2,light
1599301893000,2,light
1599302193000,2,light
1599302493000,2,light
1599302793000,2,light
1599303093000,2,light
1599303393000,2,light
1599303693000,3,REM
1599303993000,3,REM
1599304293000,3,REM
1599304593000,3,REM
1599304893000,2,light
1599305193000,2,light
1599305493000,2,light
1599305793000,2,light
1599306093000,2,light
1599306393000,2,light
1599306693000,2,light
1599306993000,4,awake
1599307293000,4,awake
1599307593000,4,awake
1599307893000,2,light
1599308193000,2,light
1599308493000,2,light
1599308793000,1,deep
1599309093000,1,deep
1599309393000,1,deep
1599309693000,1,deep
1599309993000,1,deep
1599310293000,4,awake
1599310593000,4,awake
1599310893000,3,REM
1599311193000,3,REM
1599311493000,3,REM
1599311793000,2,light
1599312093000,2,light
1599312393000,1,deep
1599312693000,2,light
1599312993000,2,light
1599313293000,2,light
1599313593000,4,awake
1599313893000,4,awake
1599314193000,4,awake
1599314493000,4,awake
1599314793000,3,REM
1599315093000,3,REM
1599315393000,3,REM
1599315693000,3,REM
1599315993000,4,awake
1599316293000,4,awake
1599316593000,2,light
1599316893000,2,light
1599317193000,2,light
1599317493000,2,light
1599317793000,2,light
1599318093000,3,REM
1599318393000,3,REM
1599318693000,4,awake
1599381992000,2,light
1599382292000,2,light
1599382592000,1,deep
1599382892000,1,deep
1599383192000,1,deep
1599383492000,1,deep
1599383792000,1,deep
1599384092000,1,deep
1599384392000,1,deep
1599384692000,1,deep
1599384992000,2,light
1599385292000,1,deep
1599385592000,2,light
1599385892000,2,light
1599386192000,2,light
1599386492000,2,light
1599386792000,2,light
1599387092000,2,light
1599387392000,2,light
1599387692000,2,light
1599387992000,1,deep
1599388292000,1,deep
1599388592000,1,deep
1599388892000,2,light
1599389192000,2,light
1599389492000,1,deep
1599389792000,1,deep
1599390092000,2,light
1599390392000,2,light
1599390692000,2,light
1599390992000,2,light
1599391292000,1,deep
1599391592000,2,light
1599391892000,2,light
1599392192000,1,deep
1599392492000,2,light
1599392792000,3,REM
1599393092000,4,awake
1599393392000,2,light
1599393692000,2,light
1599393992000,2,light
1599394292000,2,light
1599394592000,2,light
1599394892000,1,deep
1599395192000,1,deep
1599395492000,1,deep
1599395792000,2,light
1599396092000,2,light
1599396392000,2,light
1599396692000,1,deep
1599396992000,2,light
1599397292000,2,light
1599397592000,4,awake
1599397892000,4,awake
1599398192000,2,light
1599398492000,3,REM
1599398792000,3,REM
1599399092000,3,REM
1599399392000,3,REM
1599399692000,3,REM
1599399992000,2,light
1599400292000,2,light
1599400592000,3,REM
1599400892000,3,REM
1599401192000,3,REM
1599401492000,3,REM
1599401792000,3,REM
1599402092000,3,REM
1599402392000,2,light
1599402692000,2,light
1599402992000,2,light
1599403292000,2,light
1599403592000,4,awake
1599403892000,4,awake
1599404192000,4,awake
1599404492000,4,awake
1599404792000,2,light
1599405092000,2,light
1599405392000,2,light
1599405692000,2,light
1599405992000,2,light
1599406292000,2,light
1599406592000,2,light
1599406892000,2,light
1599407192000,2,light
1599407492000,3,REM
1599407792000,3,REM
1599408092000,4,awake
1599467370000,4,awake
1599467670000,2,light
1599467970000,2,light
1599468270000,1,deep
1599468570000,1,deep
1599468870000,1,deep
1599469170000,1,deep
1599469470000,1,deep
1599469770000,1,deep
1599470070000,1,deep
1599470370000,1,deep
1599470670000,1,deep
1599470970000,2,light
1599471270000,2,light
1599471570000,2,light
1599471870000,2,light
1599472170000,2,light
1599472470000,2,light
1599472770000,2,light
1599473070000,2,light
1599473370000,1,deep
1599473670000,1,deep
1599473970000,1,deep
1599474270000,1,deep
1599474570000,1,deep
1599474870000,1,deep
1599475170000,1,deep
1599475470000,1,deep
1599475770000,2,light
1599476070000,2,light
1599476370000,2,light
1599476670000,2,light
1599476970000,2,light
1599477270000,2,light
1599477570000,3,REM
1599477870000,3,REM
1599478170000,3,REM
1599478470000,2,light
1599478770000,2,light
1599479070000,2,light
1599479370000,2,light
1599479670000,1,deep
1599479970000,1,deep
1599480270000,1,deep
1599480570000,1,deep
1599480870000,1,deep
1599481170000,1,deep
1599481470000,1,deep
1599481770000,1,deep
1599482070000,1,deep
1599482370000,1,deep
1599482670000,1,deep
1599482970000,2,light
1599483270000,3,REM
1599483570000,3,REM
1599483870000,3,REM
1599484170000,2,light
1599484470000,2,light
1599484770000,2,light
1599485070000,2,light
1599485370000,2,light
1599485670000,2,light
1599485970000,1,deep
1599486270000,1,deep
1599486570000,1,deep
1599486870000,1,deep
1599487170000,1,deep
1599487470000,1,deep
1599487770000,2,light
1599488070000,3,REM
1599488370000,3,REM
1599488670000,3,REM
1599488970000,3,REM
1599489270000,3,REM
1599489570000,3,REM
1599489870000,3,REM
1599490170000,4,awake
1599490470000,4,awake
1599490770000,2,light
1599491070000,4,awake
1599491370000,4,awake
1599491670000,4,awake
1599491970000,4,awake
1599492270000,4,awake
1599492570000,4,awake
1599492870000,4,awake
1599493170000,2,light
1599493470000,2,light
1599493770000,2,light
1599494070000,2,light
1599494370000,2,light
1599494670000,2,light
1599494970000,1,deep
1599495270000,2,light
1599495570000,2,light
1599495870000,3,REM
1599496170000,3,REM
1599496470000,3,REM
1599496770000,3,REM
1599497070000,3,REM
1599497370000,4,awake
1599497670000,2,light
1599497970000,2,light
1599498270000,4,awake
1599498570000,4,awake
1599554842000,4,awake
1599555142000,4,awake
1599555442000,4,awake
1599555742000,4,awake
1599556042000,4,awake
1599556342000,2,light
1599556642000,2,light
1599556942000,2,light
1599557242000,2,light
1599557542000,1,deep
1599557842000,1,deep
1599558142000,1,deep
1599558442000,1,deep
1599558742000,1,deep
1599559042000,1,deep
1599559342000,1,deep
1599559642000,1,deep
1599559942000,1,deep
1599560242000,4,awake
1599560542000,2,light
1599560842000,2,light
1599561142000,2,light
1599561442000,2,light
1599561742000,1,deep
1599562042000,1,deep
1599562342000,1,deep
1599562642000,1,deep
1599562942000,2,light
1599563242000,2,light
1599563542000,1,deep
1599563842000,1,deep
1599564142000,1,deep
1599564442000,1,deep
1599564742000,1,deep
1599565042000,1,deep
1599565342000,2,light
1599565642000,3,REM
1599565942000,4,awake
1599566242000,3,REM
1599566542000,4,awake
1599566842000,2,light
1599567142000,2,light
1599567442000,2,light
1599567742000,3,REM
1599568042000,3,REM
1599568342000,4,awake
1599568642000,2,light
1599568942000,2,light
1599569242000,2,light
1599569542000,2,light
1599569842000,2,light
1599570142000,2,light
1599570442000,1,deep
1599570742000,1,deep
1599571042000,1,deep
1599571342000,1,deep
1599571642000,1,deep
1599571942000,1,deep
1599572242000,1,deep
1599572542000,1,deep
1599572842000,4,awake
1599573142000,4,awake
1599573442000,3,REM
1599573742000,2,light
1599574042000,2,light
1599574342000,2,light
1599574642000,4,awake
1599574942000,2,light
1599575242000,3,REM
1599575542000,3,REM
1599575842000,3,REM
1599576142000,2,light
1599576442000,2,light
1599576742000,4,awake
1599577042000,2,light
1599577342000,2,light
1599577642000,4,awake
1599577942000,4,awake
1599578242000,2,light
1599578542000,2,light
1599578842000,2,light
1599579142000,1,deep
1599579442000,2,light
1599579742000,2,light
1599580042000,2,light
1599580342000,1,deep
1599580642000,2,light
1599580942000,3,REM
1599581242000,4,awake
1599581542000,4,awake
1599581842000,4,awake
1599582142000,4,awake
1599638250000,4,awake
1599638550000,2,light
1599638850000,2,light
1599639150000,1,deep
1599639450000,1,deep
1599639750000,1,deep
1599640050000,1,deep
1599640350000,1,deep
1599640650000,1,deep
1599640950000,1,deep
1599641250000,1,deep
1599641550000,1,deep
1599641850000,1,deep
1599642150000,1,deep
1599642450000,1,deep
1599642750000,1,deep
1599643050000,1,deep
1599643350000,2,light
1599643650000,2,light
1599643950000,2,light
1599644250000,2,light
1599644550000,2,light
1599644850000,2,light
1599645150000,2,light
1599645450000,1,deep
1599645750000,1,deep
1599646050000,2,light
1599646350000,1,deep
1599646650000,1,deep
1599646950000,1,deep
1599647250000,2,light
1599647550000,1,deep
1599647850000,1,deep
1599648150000,1,deep
1599648450000,1,deep
1599648750000,1,deep
1599649050000,1,deep
1599649350000,3,REM
1599649650000,3,REM
1599649950000,2,light
1599650250000,2,light
1599650550000,4,awake
1599650850000,2,light
1599651150000,2,light
1599651450000,2,light
1599651750000,2,light
1599652050000,2,light
1599652350000,2,light
1599652650000,2,light
1599652950000,2,light
1599653250000,2,light
1599653550000,4,awake
1599653850000,4,awake
1599654150000,2,light
1599654450000,3,REM
1599654750000,3,REM
1599655050000,3,REM
1599655350000,3,REM
1599655650000,4,awake
1599655950000,2,light
1599656250000,3,REM
1599656550000,3,REM
1599656850000,2,light
1599657150000,2,light
1599657450000,2,light
1599657750000,2,light
1599658050000,2,light
1599658350000,1,deep
1599658650000,1,deep
1599658950000,3,REM
1599659250000,2,light
1599659550000,3,REM
1599659850000,3,REM
1599660150000,3,REM
1599660450000,3,REM
1599660750000,4,awake
1599661050000,2,light
1599661350000,2,light
1599661650000,2,light
1599661950000,2,light
1599662250000,4,awake
1599723542000,2,light
1599723842000,2,light
1599724142000,1,deep
1599724442000,1,deep
1599724742000,1,deep
1599725042000,1,deep
1599725342000,1,deep
1599725642000,1,deep
1599725942000,1,deep
1599726242000,1,deep
1599726542000,1,deep
1599726842000,1,deep
1599727142000,1,deep
1599727442000,1,deep
1599727742000,1,deep
1599728042000,2,light
1599728342000,2,light
1599728642000,2,light
1599728942000,2,light
1599729242000,2,light
1599729542000,2,light
1599729842000,1,deep
1599730142000,1,deep
1599730442000,1,deep
1599730742000,1,deep
1599731042000,2,light
1599731342000,2,light
1599731642000,1,deep
1599731942000,1,deep
1599732242000,1,deep
1599732542000,1,deep
1599732842000,2,light
1599733142000,4,awake
1599733442000,4,awake
1599733742000,3,REM
1599734042000,2,light
1599734342000,3,REM
1599734642000,2,light
1599734942000,2,light
1599735242000,2,light
1599735542000,2,light
1599735842000,2,light
1599736142000,1,deep
1599736442000,1,deep
1599736742000,1,deep
1599737042000,1,deep
1599737342000,1,deep
1599737642000,2,light
1599737942000,3,REM
1599738242000,3,REM
1599738542000,2,light
1599738842000,2,light
1599739142000,2,light
1599739442000,2,light
1599739742000,4,awake
1599740042000,2,light
1599740342000,2,light
1599740642000,4,awake
1599740942000,4,awake
1599741242000,3,REM
1599741542000,2,light
1599741842000,2,light
1599742142000,2,light
1599742442000,2,light
1599742742000,3,REM
1599743042000,3,REM
1599743342000,2,light
1599743642000,2,light
1599743942000,2,light
1599744242000,2,light
1599744542000,1,deep
1599744842000,1,deep
1599745142000,1,deep
1599745442000,1,deep
1599745742000,1,deep
1599746042000,1,deep
1599746342000,1,deep
1599746642000,4,awake
1599746942000,2,light
1599747242000,2,light
1599747542000,4,awake
1599747842000,4,awake
1599812731000,4,awake
1599813031000,2,light
1599813331000,1,deep
1599813631000,1,deep
1599813931000,1,deep
1599814231000,1,deep
1599814531000,1,deep
1599814831000,1,deep
1599815131000,1,deep
1599815431000,1,deep
1599815731000,2,light
1599816031000,1,deep
1599816331000,2,light
1599816631000,2,light
1599816931000,2,light
1599817231000,2,light
1599817531000,2,light
1599817831000,3,REM
1599818131000,3,REM
1599818431000,3,REM
1599818731000,3,REM
1599819031000,2,light
1599819331000,2,light
1599819631000,1,deep
1599819931000,1,deep
1599820231000,1,deep
1599820531000,1,deep
1599820831000,1,deep
1599821131000,1,deep
1599821431000,1,deep
1599821731000,1,deep
1599822031000,1,deep
1599822331000,1,deep
1599822631000,1,deep
1599822931000,1,deep
1599823231000,1,deep
1599823531000,2,light
1599823831000,2,light
1599824131000,2,light
1599824431000,2,light
1599824731000,2,light
1599825031000,2,light
1599825331000,2,light
1599825631000,1,deep
1599825931000,1,deep
1599826231000,1,deep
1599826531000,1,deep
1599826831000,1,deep
1599827131000,2,light
1599827431000,3,REM
1599827731000,4,awake
1599828031000,2,light
1599828331000,2,light
1599828631000,3,REM
1599828931000,3,REM
1599829231000,3,REM
1599829531000,3,REM
1599829831000,4,awake
1599830131000,4,awake
1599830431000,4,awake
1599830731000,3,REM
1599831031000,3,REM
1599831331000,3,REM
1599831631000,3,REM
1599831931000,4,awake
1599832231000,2,light
1599832531000,2,light
1599832831000,2,light
1599833131000,2,light
1599833431000,1,deep
1599833731000,1,deep
1599834031000,1,deep
1599834331000,2,light
1599834631000,2,light
1599834931000,2,light
1599835231000,2,light
1599835531000,4,awake
1599835831000,4,awake
1599836131000,4,awake
1599900809000,4,awake
1599901109000,1,deep
1599901409000,1,deep
1599901709000,1,deep
1599902009000,1,deep
1599902309000,1,deep
1599902609000,1,deep
1599902909000,1,deep
1599903209000,1,deep
1599903509000,2,light
1599903809000,2,light
1599904109000,2,light
1599904409000,2,light
1599904709000,2,light
1599905009000,2,light
1599905309000,2,light
1599905609000,1,deep
1599905909000,1,deep
1599906209000,1,deep
1599906509000,1,deep
1599906809000,1,deep
1599907109000,1,deep
1599907409000,1,deep
1599907709000,1,deep
1599908009000,1,deep
1599908309000,1,deep
1599908609000,1,deep
1599908909000,1,deep
1599909209000,1,deep
1599909509000,1,deep
1599909809000,1,deep
1599910109000,1,deep
1599910409000,2,light
1599910709000,2,light
1599911009000,2,light
1599911309000,2,light
1599911609000,2,light
1599911909000,2,light
1599912209000,2,light
1599912509000,1,deep
1599912809000,1,deep
1599913109000,2,light
1599913409000,2,light
1599913709000,2,light
1599914009000,2,light
1599914309000,2,light
1599914609000,3,REM
1599914909000,2,light
1599915209000,2,light
1599915509000,2,light
1599915809000,2,light
1599916109000,2,light
1599916409000,3,REM
1599916709000,2,light
1599917009000,2,light
1599917309000,2,light
1599917609000,1,deep
1599917909000,1,deep
1599918209000,1,deep
1599918509000,1,deep
1599918809000,1,deep
1599919109000,2,light
1599919409000,3,REM
1599919709000,4,awake
1599920009000,4,awake
1599920309000,4,awake
1599920609000,4,awake
1599920909000,4,awake
1599921209000,4,awake
1599921509000,2,light
1599921809000,2,light
1599922109000,2,light
1599922409000,3,REM
1599922709000,3,REM
1599923009000,3,REM
1599923309000,4,awake
1599923609000,4,awake
1599923909000,2,light
1599924209000,2,light
1599924509000,4,awake
1599924809000,2,light
1599925109000,3,REM
1599925409000,3,REM
1599925709000,3,REM
1599926009000,4,awake
1599926309000,4,awake
1599926609000,4,awake
1599926909000,4,awake
1599927209000,2,light
1599927509000,2,light
1599927809000,2,light
1599928109000,2,light
1599928409000,1,deep
1599928709000,1,deep
1599929009000,4,awake
1599929309000,2,light
1599929609000,2,light
1599929909000,2,light
1599930209000,2,light
1599930509000,4,awake
1599978928000,4,awake
1599979228000,4,awake
1599979528000,4,awake
1599979828000,1,deep
1599980128000,1,deep
1599980428000,1,deep
1599980728000,1,deep
1599981028000,1,deep
1599981328000,1,deep
1599981628000,1,deep
1599981928000,1,deep
1599982228000,1,deep
1599982528000,4,awake
1599982828000,4,awake
1599983128000,4,awake
1599983428000,4,awake
1599983728000,4,awake
1599984028000,2,light
1599984328000,2,light
1599984628000,2,light
1599984928000,2,light
1599985228000,2,light
1599985528000,2,light
1599985828000,2,light
1599986128000,2,light
1599986428000,2,light
1599986728000,2,light
1599987028000,2,light
1599987328000,2,light
1599987628000,2,light
1599987928000,1,deep
1599988228000,1,deep
1599988528000,1,deep
1599988828000,2,light
1599989128000,3,REM
1599989428000,3,REM
1599989728000,2,light
1599990028000,4,awake
1599990328000,2,light
1599990628000,2,light
1599990928000,2,light
1599991228000,2,light
1599991528000,2,light
1599991828000,1,deep
1599992128000,1,deep
1599992428000,1,deep
1599992728000,1,deep
1599993028000,1,deep
1599993328000,1,deep
1599993628000,1,deep
1599993928000,1,deep
1599994228000,1,deep
1599994528000,1,deep
1599994828000,2,light
1599995128000,2,light
1599995428000,2,light
1599995728000,4,awake
1599996028000,2,light
1599996328000,2,light
1599996628000,2,light
1599996928000,2,light
1599997228000,2,light
1599997528000,2,light
1599997828000,1,deep
1599998128000,1,deep
1599998428000,2,light
1599998728000,2,light
1599999028000,2,light
1599999328000,2,light
1599999628000,2,light
1599999928000,4,awake
1600000228000,3,REM
1600000528000,4,awake
1600000828000,4,awake
1600001128000,3,REM
1600001428000,3,REM
1600001728000,3,REM
1600002028000,4,awake
1600002328000,4,awake
1600002628000,2,light
1600002928000,2,light
1600003228000,2,light
1600003528000,2,light
1600003828000,2,light
1600004128000,1,deep
1600004428000,1,deep
1600004728000,3,REM
1600005028000,4,awake
1600005328000,4,awake
1600005628000,4,awake
1600005928000,4,awake
1600006228000,2,light
1600006528000,2,light
1600006828000,2,light
1600007128000,2,light
1600007428000,2,light
1600007728000,2,light
1600008028000,2,light
1600008328000,3,REM
1600008628000,2,light
1600008928000,2,light
1600009228000,4,awake
1600009528000,2,light
1600009828000,2,light
1600010128000,2,light
1600010428000,4,awake
1600010728000,4,awake
1600072469000,4,awake
1600072769000,2,light
1600073069000,1,deep
1600073369000,1,deep
1600073669000,1,deep
1600073969000,1,deep
1600074269000,1,deep
1600074569000,1,deep
1600074869000,1,deep
1600075169000,1,deep
1600075469000,1,deep
1600075769000,1,deep
1600076069000,1,deep
1600076369000,1,deep
1600076669000,2,light
1600076969000,3,REM
1600077269000,2,light
1600077569000,2,light
1600077869000,2,light
1600078169000,2,light
1600078469000,2,light
1600078769000,1,deep
1600079069000,2,light
1600079369000,2,light
1600079669000,1,deep
1600079969000,1,deep
1600080269000,1,deep
1600080569000,1,deep
1600080869000,1,deep
1600081169000,1,deep
1600081469000,1,deep
1600081769000,1,deep
1600082069000,1,deep
1600082369000,1,deep
1600082669000,1,deep
1600082969000,2,light
1600083269000,3,REM
1600083569000,4,awake
1600083869000,3,REM
1600084169000,3,REM
1600084469000,3,REM
1600084769000,2,light
1600085069000,2,light
1600085369000,2,light
1600085669000,1,deep
1600085969000,1,deep
1600086269000,1,deep
1600086569000,1,deep
1600086869000,1,deep
1600087169000,2,light
1600087469000,2,light
1600087769000,2,light
1600088069000,2,light
1600088369000,4,awake
1600088669000,4,awake
1600088969000,4,awake
1600089269000,3,REM
1600089569000,3,REM
1600089869000,4,awake
1600090169000,2,light
1600090469000,2,light
1600090769000,2,light
1600091069000,2,light
1600091369000,1,deep
1600091669000,1,deep
1600091969000,1,deep
1600092269000,2,light
1600092569000,2,light
1600092869000,2,light
1600093169000,3,REM
1600093469000,3,REM
1600093769000,3,REM
1600094069000,4,awake
1600094369000,2,light
1600094669000,4,awake
1600094969000,4,awake
1600095269000,4,awake
1600241040000,2,light
1600241340000,2,light
1600241640000,1,deep
1600241940000,1,deep
1600242240000,1,deep
1600242540000,1,deep
1600242840000,1,deep
1600243140000,1,deep
1600243440000,1,deep
1600243740000,1,deep
1600244040000,1,deep
1600244340000,1,deep
1600244640000,1,deep
1600244940000,1,deep
1600245240000,1,deep
1600245540000,1,deep
1600245840000,2,light
1600246140000,2,light
1600246440000,2,light
1600246740000,1,deep
1600247040000,1,deep
1600247340000,1,deep
1600247640000,1,deep
1600247940000,1,deep
1600248240000,1,deep
1600248540000,1,deep
1600248840000,2,light
1600249140000,2,light
1600249440000,2,light
1600249740000,2,light
1600250040000,1,deep
1600250340000,1,deep
1600250640000,2,light
1600250940000,1,deep
1600251240000,2,light
1600251540000,2,light
1600251840000,2,light
1600252140000,2,light
1600252440000,2,light
1600252740000,2,light
1600253040000,2,light
1600253340000,2,light
1600253640000,2,light
1600253940000,1,deep
1600254240000,1,deep
1600254540000,1,deep
1600254840000,1,deep
1600255140000,2,light
1600255440000,2,light
1600255740000,2,light
1600256040000,2,light
1600256340000,2,light
1600256640000,2,light
1600256940000,4,awake
1600257240000,3,REM
1600257540000,3,REM
1600257840000,3,REM
1600258140000,4,awake
1600258440000,2,light
1600258740000,2,light
1600259040000,3,REM
1600259340000,3,REM
1600259640000,2,light
1600259940000,2,light
1600260240000,2,light
1600260540000,2,light
1600260840000,2,light
1600261140000,2,light
1600261440000,2,light
1600261740000,1,deep
1600262040000,1,deep
1600262340000,1,deep
1600262640000,1,deep
1600262940000,1,deep
1600263240000,1,deep
1600263540000,1,deep
1600263840000,3,REM
1600264140000,3,REM
1600264440000,4,awake
1600264740000,4,awake
1600265040000,3,REM
1600265340000,4,awake
1600265640000,4,awake
1600265940000,3,REM
1600266240000,3,REM
1600266540000,4,awake
1600266840000,4,awake
1600267140000,4,awake
1600267440000,4,awake
1600267740000,4,awake
1600329998000,4,awake
1600330298000,2,light
1600330598000,1,deep
1600330898000,1,deep
1600331198000,1,deep
1600331498000,1,deep
1600331798000,1,deep
1600332098000,1,deep
1600332398000,1,deep
1600332698000,1,deep
1600332998000,1,deep
1600333298000,1,deep
1600333598000,1,deep
1600333898000,1,deep
1600334198000,1,deep
1600334498000,1,deep
1600334798000,1,deep
1600335098000,1,deep
1600335398000,4,awake
1600335698000,4,awake
1600335998000,2,light
1600336298000,2,light
1600336598000,2,light
1600336898000,2,light
1600337198000,2,light
1600337498000,2,light
1600337798000,2,light
1600338098000,2,light
1600338398000,1,deep
1600338698000,1,deep
1600338998000,1,deep
1600339298000,1,deep
1600339598000,1,deep
1600339898000,1,deep
1600340198000,1,deep
1600340498000,1,deep
1600340798000,2,light
1600341098000,2,light
1600341398000,3,REM
1600341698000,3,REM
1600341998000,2,light
1600342298000,2,light
1600342598000,1,deep
1600342898000,1,deep
1600343198000,4,awake
1600343498000,2,light
1600343798000,2,light
1600344098000,3,REM
1600344398000,4,awake
1600344698000,2,light
1600344998000,2,light
1600345298000,4,awake
1600345598000,4,awake
1600345898000,2,light
1600346198000,2,light
1600346498000,2,light
1600346798000,1,deep
1600347098000,1,deep
1600347398000,1,deep
1600347698000,1,deep
1600347998000,1,deep
1600348298000,1,deep
1600348598000,2,light
1600348898000,2,light
1600349198000,3,REM
1600349498000,3,REM
1600349798000,3,REM
1600350098000,2,light
1600350398000,3,REM
1600350698000,2,light
1600350998000,2,light
1600351298000,2,light
1600351598000,2,light
1600351898000,2,light
1600352198000,2,light
1600352498000,2,light
1600352798000,2,light
1600353098000,2,light
1600353398000,1,deep
1600353698000,1,deep
1600353998000,4,awake
1600354298000,4,awake
1600416301000,4,awake
1600416601000,4,awake
1600416901000,4,awake
1600417201000,2,light
1600417501000,1,deep
1600417801000,1,deep
1600418101000,1,deep
1600418401000,1,deep
1600418701000,1,deep
1600419001000,1,deep
1600419301000,1,deep
1600419601000,1,deep
1600419901000,1,deep
1600420201000,1,deep
1600420501000,2,light
1600420801000,2,light
1600421101000,2,light
1600421401000,2,light
1600421701000,1,deep
1600422001000,1,deep
1600422301000,1,deep
1600422601000,1,deep
1600422901000,1,deep
1600423201000,1,deep
1600423501000,1,deep
1600423801000,1,deep
1600424101000,1,deep
1600424401000,1,deep
1600424701000,2,light
1600425001000,2,light
1600425301000,2,light
1600425601000,2,light
1600425901000,2,light
1600426201000,2,light
1600426501000,2,light
1600426801000,2,light
1600427101000,2,light
1600427401000,2,light
1600427701000,2,light
1600428001000,1,deep
1600428301000,1,deep
1600428601000,1,deep
1600428901000,1,deep
1600429201000,2,light
1600429501000,2,light
1600429801000,2,light
1600430101000,2,light
1600430401000,2,light
1600430701000,2,light
1600431001000,3,REM
1600431301000,4,awake
1600431601000,3,REM
1600431901000,4,awake
1600432201000,3,REM
1600432501000,3,REM
1600432801000,3,REM
1600433101000,3,REM
1600433401000,3,REM
1600433701000,2,light
1600434001000,2,light
1600434301000,2,light
1600434601000,1,deep
1600434901000,1,deep
1600435201000,1,deep
1600435501000,3,REM
1600435801000,3,REM
1600436101000,4,awake
1600436401000,4,awake
1600436701000,4,awake
1600437001000,2,light
1600437301000,4,awake
1600437601000,4,awake
1600437901000,2,light
1600438201000,2,light
1600438501000,3,REM
1600438801000,3,REM
1600439101000,3,REM
1600439401000,2,light
1600439701000,2,light
1600440001000,2,light
1600440301000,2,light
1600440601000,2,light
1600440901000,2,light
1600441201000,4,awake
1600498077000,4,awake
1600498377000,2,light
1600498677000,1,deep
1600498977000,1,deep
1600499277000,1,deep
1600499577000,1,deep
1600499877000,1,deep
1600500177000,1,deep
1600500477000,1,deep
1600500777000,1,deep
1600501077000,1,deep
1600501377000,1,deep
1600501677000,1,deep
1600501977000,2,light
1600502277000,2,light
1600502577000,2,light
1600502877000,2,light
1600503177000,1,deep
1600503477000,1,deep
1600503777000,1,deep
1600504077000,1,deep
1600504377000,1,deep
1600504677000,1,deep
1600504977000,1,deep
1600505277000,1,deep
1600505577000,1,deep
1600505877000,2,light
1600506177000,2,light
1600506477000,2,light
1600506777000,2,light
1600507077000,2,light
1600507377000,2,light
1600507677000,2,light
1600507977000,2,light
1600508277000,2,light
1600508577000,2,light
1600508877000,2,light
1600509177000,2,light
1600509477000,4,awake
1600509777000,2,light
1600510077000,2,light
1600510377000,2,light
1600510677000,1,deep
1600510977000,1,deep
1600511277000,1,deep
1600511577000,1,deep
1600511877000,2,light
1600512177000,2,light
1600512477000,2,light
1600512777000,3,REM
1600513077000,4,awake
1600513377000,4,awake
1600513677000,3,REM
1600513977000,3,REM
1600514277000,3,REM
1600514577000,2,light
1600514877000,2,light
1600515177000,2,light
1600515477000,2,light
1600515777000,2,light
1600516077000,2,light
1600516377000,1,deep
1600516677000,1,deep
1600516977000,1,deep
1600517277000,1,deep
1600517577000,1,deep
1600517877000,1,deep
1600518177000,1,deep
1600518477000,1,deep
1600518777000,1,deep
1600519077000,2,light
1600519377000,3,REM
1600519677000,3,REM
1600519977000,4,awake
1600520277000,4,awake
1600520577000,4,awake
1600520877000,2,light
1600521177000,2,light
1600521477000,2,light
1600521777000,2,light
1600522077000,3,REM
1600522377000,3,REM
1600522677000,3,REM
1600522977000,3,REM
1600523277000,4,awake
1600523577000,4,awake
1600523877000,4,awake
1600524177000,4,awake
1600524477000,4,awake
1600524777000,4,awake
1600525077000,4,awake
1600584303000,4,awake
1600584603000,4,awake
1600584903000,2,light
1600585203000,2,light
1600585503000,2,light
1600585803000,1,deep
1600586103000,1,deep
1600586403000,1,deep
1600586703000,4,awake
1600587003000,2,light
1600587303000,1,deep
1600587603000,1,deep
1600587903000,1,deep
1600588203000,1,deep
1600588503000,1,deep
1600588803000,2,light
1600589103000,2,light
1600589403000,2,light
1600589703000,2,light
1600590003000,2,light
1600590303000,2,light
1600590603000,2,light
1600590903000,2,light
1600591203000,2,light
1600591503000,2,light
1600591803000,2,light
1600592103000,1,deep
1600592403000,1,deep
1600592703000,2,light
1600593003000,1,deep
1600593303000,1,deep
1600593603000,1,deep
1600593903000,1,deep
1600594203000,1,deep
1600594503000,1,deep
1600594803000,1,deep
1600595103000,2,light
1600595403000,2,light
1600595703000,2,light
1600596003000,2,light
1600596303000,3,REM
1600596603000,4,awake
1600596903000,4,awake
1600597203000,2,light
1600597503000,1,deep
1600597803000,1,deep
1600598103000,1,deep
1600598403000,1,deep
1600598703000,1,deep
1600599003000,1,deep
1600599303000,1,deep
1600599603000,1,deep
1600599903000,2,light
1600600203000,2,light
1600600503000,3,REM
1600600803000,3,REM
1600601103000,4,awake
1600601403000,3,REM
1600601703000,3,REM
1600602003000,3,REM
1600602303000,3,REM
1600602603000,2,light
1600602903000,4,awake
1600603203000,2,light
1600603503000,1,deep
1600603803000,1,deep
1600604103000,1,deep
1600604403000,1,deep
1600604703000,1,deep
1600605003000,1,deep
1600605303000,1,deep
1600605603000,1,deep
1600605903000,3,REM
1600606203000,3,REM
1600606503000,3,REM
1600606803000,3,REM
1600607103000,4,awake
1600607403000,4,awake
1600607703000,2,light
1600608003000,2,light
1600608303000,4,awake
1600608603000,2,light
1600608903000,2,light
1600609203000,2,light
1600609503000,2,light
1600609803000,3,REM
1600610103000,3,REM
1600610403000,3,REM
1600610703000,3,REM
1600611003000,2,light
1600611303000,2,light
1600611603000,2,light
1600611903000,2,light
1600612203000,2,light
1600612503000,3,REM
1600612803000,3,REM
1600613103000,3,REM
1600613403000,4,awake
1600613703000,4,awake
1600614003000,4,awake
1600614303000,2,light
1600614603000,2,light
1600614903000,4,awake
1600615203000,4,awake
1600615503000,4,awake
1600615803000,2,light
1600616103000,4,awake
1600616403000,4,awake
1600674719000,4,awake
1600675019000,4,awake
1600675319000,2,light
1600675619000,1,deep
1600675919000,1,deep
1600676219000,1,deep
1600676519000,1,deep
1600676819000,1,deep
1600677119000,1,deep
1600677419000,1,deep
1600677719000,1,deep
1600678019000,1,deep
1600678319000,2,light
1600678619000,2,light
1600678919000,2,light
1600679219000,2,light
1600679519000,2,light
1600679819000,1,deep
1600680119000,1,deep
1600680419000,1,deep
1600680719000,2,light
1600681019000,2,light
1600681319000,2,light
1600681619000,4,awake
1600681919000,2,light
1600682219000,2,light
1600682519000,2,light
1600682819000,4,awake
1600683119000,2,light
1600683419000,1,deep
1600683719000,1,deep
1600684019000,1,deep
1600684319000,1,deep
1600684619000,1,deep
1600684919000,1,deep
1600685219000,1,deep
1600685519000,1,deep
1600685819000,1,deep
1600686119000,2,light
1600686419000,1,deep
1600686719000,1,deep
1600687019000,2,light
1600687319000,2,light
1600687619000,4,awake
1600687919000,4,awake
1600688219000,3,REM
1600688519000,3,REM
1600688819000,3,REM
1600689119000,3,REM
1600689419000,2,light
1600689719000,2,light
1600690019000,2,light
1600690319000,1,deep
1600690619000,1,deep
1600690919000,1,deep
1600691219000,2,light
1600691519000,2,light
1600691819000,2,light
1600692119000,2,light
1600692419000,2,light
1600692719000,2,light
1600693019000,2,light
1600693319000,3,REM
1600693619000,3,REM
1600693919000,3,REM
1600694219000,3,REM
1600694519000,3,REM
1600694819000,4,awake
1600695119000,2,light
1600695419000,2,light
1600695719000,2,light
1600696019000,2,light
1600696319000,2,light
1600696619000,2,light
1600696919000,2,light
1600697219000,3,REM
1600697519000,3,REM
1600697819000,2,light
1600698119000,2,light
1600698419000,4,awake
1600698719000,4,awake
1600699019000,3,REM
1600699319000,4,awake
1600699619000,4,awake
1600761418000,4,awake
1600761718000,4,awake
1600762018000,2,light
1600762318000,1,deep
1600762618000,1,deep
1600762918000,1,deep
1600763218000,1,deep
1600763518000,1,deep
1600763818000,1,deep
1600764118000,2,light
1600764418000,2,light
1600764718000,2,light
1600765018000,2,light
1600765318000,2,light
1600765618000,2,light
1600765918000,2,light
1600766218000,2,light
1600766518000,1,deep
1600766818000,1,deep
1600767118000,1,deep
1600767418000,1,deep
1600767718000,1,deep
1600768018000,1,deep
1600768318000,2,light
1600768618000,2,light
1600768918000,1,deep
1600769218000,2,light
1600769518000,2,light
1600769818000,2,light
1600770118000,1,deep
1600770418000,1,deep
1600770718000,1,deep
1600771018000,3,REM
1600771318000,3,REM
1600771618000,3,REM
1600771918000,3,REM
1600772218000,3,REM
1600772518000,3,REM
1600772818000,2,light
1600773118000,2,light
1600773418000,2,light
1600773718000,2,light
1600774018000,2,light
1600774318000,1,deep
1600774618000,1,deep
1600774918000,1,deep
1600775218000,1,deep
1600775518000,1,deep
1600775818000,1,deep
1600776118000,1,deep
1600776418000,1,deep
1600776718000,1,deep
1600777018000,1,deep
1600777318000,1,deep
1600777618000,4,awake
1600777918000,4,awake
1600778218000,4,awake
1600778518000,2,light
1600778818000,4,awake
1600779118000,4,awake
1600779418000,4,awake
1600779718000,4,awake
1600780018000,4,awake
1600780318000,4,awake
1600780618000,4,awake
1600780918000,2,light
1600781218000,4,awake
1600781518000,2,light
1600781818000,2,light
1600782118000,2,light
1600782418000,1,deep
1600782718000,1,deep
1600783018000,3,REM
1600783318000,3,REM
1600783618000,3,REM
1600783918000,3,REM
1600784218000,4,awake
1600784518000,3,REM
1600784818000,3,REM
1600785118000,4,awake
1600785418000,2,light
1600785718000,2,light
1600786018000,4,awake
1600786318000,4,awake
1600847820000,4,awake
1600848120000,1,deep
1600848420000,1,deep
1600848720000,1,deep
1600849020000,1,deep
1600849320000,1,deep
1600849620000,1,deep
1600849920000,1,deep
1600850220000,1,deep
1600850520000,1,deep
1600850820000,1,deep
1600851120000,1,deep
1600851420000,1,deep
1600851720000,1,deep
1600852020000,1,deep
1600852320000,2,light
1600852620000,2,light
1600852920000,2,light
1600853220000,2,light
1600853520000,2,light
1600853820000,2,light
1600854120000,1,deep
1600854420000,1,deep
1600854720000,1,deep
1600855020000,1,deep
1600855320000,1,deep
1600855620000,1,deep
1600855920000,1,deep
1600856220000,1,deep
1600856520000,1,deep
1600856820000,1,deep
1600857120000,2,light
1600857420000,2,light
1600857720000,2,light
1600858020000,2,light
1600858320000,4,awake
1600858620000,4,awake
1600858920000,2,light
1600859220000,2,light
1600859520000,2,light
1600859820000,2,light
1600860120000,2,light
1600860420000,2,light
1600860720000,2,light
1600861020000,2,light
1600861320000,1,deep
1600861620000,1,deep
1600861920000,1,deep
1600862220000,1,deep
1600862520000,1,deep
1600862820000,1,deep
1600863120000,2,light
1600863420000,3,REM
1600863720000,3,REM
1600864020000,3,REM
1600864320000,3,REM
1600864620000,3,REM
1600864920000,3,REM
1600865220000,2,light
1600865520000,2,light
1600865820000,4,awake
1600866120000,3,REM
1600866420000,2,light
1600866720000,2,light
1600867020000,2,light
1600867320000,2,light
1600867620000,2,light
1600867920000,2,light
1600868220000,2,light
1600868520000,1,deep
1600868820000,2,light
1600869120000,2,light
1600869420000,2,light
1600869720000,2,light
1600870020000,3,REM
1600870320000,4,awake
1600870620000,4,awake
1600870920000,2,light
1600871220000,2,light
1600871520000,2,light
1600871820000,2,light
1600872120000,4,awake
1600872420000,4,awake
1600928278000,4,awake
1600928578000,2,light
1600928878000,2,light
1600929178000,2,light
1600929478000,2,light
1600929778000,2,light
1600930078000,1,deep
1600930378000,1,deep
1600930678000,1,deep
1600930978000,1,deep
1600931278000,1,deep
1600931578000,1,deep
1600931878000,1,deep
1600932178000,1,deep
1600932478000,1,deep
1600932778000,1,deep
1600933078000,1,deep
1600933378000,1,deep
1600933678000,1,deep
1600933978000,1,deep
1600934278000,1,deep
1600934578000,1,deep
1600934878000,1,deep
1600935178000,1,deep
1600935478000,2,light
1600935778000,4,awake
1600936078000,2,light
1600936378000,2,light
1600936678000,2,light
1600936978000,2,light
1600937278000,2,light
1600937578000,1,deep
1600937878000,1,deep
1600938178000,1,deep
1600938478000,2,light
1600938778000,2,light
1600939078000,4,awake
1600939378000,2,light
1600939678000,2,light
1600939978000,2,light
1600940278000,2,light
1600940578000,2,light
1600940878000,4,awake
1600941178000,4,awake
1600941478000,2,light
1600941778000,2,light
1600942078000,2,light
1600942378000,2,light
1600942678000,2,light
1600942978000,2,light
1600943278000,2,light
1600943578000,1,deep
1600943878000,1,deep
1600944178000,1,deep
1600944478000,1,deep
1600944778000,1,deep
1600945078000,1,deep
1600945378000,1,deep
1600945678000,1,deep
1600945978000,1,deep
1600946278000,1,deep
1600946578000,3,REM
1600946878000,1,deep
1600947178000,3,REM
1600947478000,3,REM
1600947778000,4,awake
1600948078000,4,awake
1600948378000,2,light
1600948678000,3,REM
1600948978000,3,REM
1600949278000,3,REM
1600949578000,2,light
1600949878000,2,light
1600950178000,2,light
1600950478000,2,light
1600950778000,4,awake
1600951078000,2,light
1600951378000,2,light
1600951678000,2,light
1600951978000,2,light
1600952278000,2,light
1600952578000,4,awake
1600952878000,4,awake
1600953178000,4,awake
1600953478000,4,awake
1600953778000,4,awake
1600954078000,2,light
1600954378000,2,light
1600954678000,2,light
1600954978000,2,light
1600955278000,2,light
1600955578000,2,light
1600955878000,2,light
1600956178000,3,REM
1600956478000,3,REM
1600956778000,3,REM
1600957078000,3,REM
1600957378000,3,REM
1600957678000,4,awake
1600957978000,4,awake
1600958278000,2,light
1600958578000,4,awake
1601019960000,4,awake
1601020260000,4,awake
1601020560000,2,light
1601020860000,2,light
1601021160000,1,deep
1601021460000,1,deep
1601021760000,1,deep
1601022060000,1,deep
1601022360000,1,deep
1601022660000,1,deep
1601022960000,1,deep
1601023260000,1,deep
1601023560000,2,light
1601023860000,2,light
1601024160000,2,light
1601024460000,2,light
1601024760000,2,light
1601025060000,1,deep
1601025360000,1,deep
1601025660000,1,deep
1601025960000,1,deep
1601026260000,1,deep
1601026560000,1,deep
1601026860000,1,deep
1601027160000,1,deep
1601027460000,1,deep
1601027760000,1,deep
1601028060000,1,deep
1601028360000,2,light
1601028660000,2,light
1601028960000,4,awake
1601029260000,2,light
1601029560000,2,light
1601029860000,2,light
1601030160000,2,light
1601030460000,2,light
1601030760000,2,light
1601031060000,1,deep
1601031360000,1,deep
1601031660000,2,light
1601031960000,2,light
1601032260000,2,light
1601032560000,2,light
1601032860000,2,light
1601033160000,2,light
1601033460000,2,light
1601033760000,2,light
1601034060000,2,light
1601034360000,2,light
1601034660000,3,REM
1601034960000,3,REM
1601035260000,3,REM
1601035560000,4,awake
1601035860000,4,awake
1601036160000,2,light
1601036460000,4,awake
1601036760000,3,REM
1601037060000,2,light
1601037360000,2,light
1601037660000,2,light
1601037960000,2,light
1601038260000,2,light
1601038560000,1,deep
1601038860000,1,deep
1601039160000,1,deep
1601039460000,1,deep
1601039760000,1,deep
1601040060000,1,deep
1601040360000,1,deep
1601040660000,1,deep
1601040960000,2,light
1601041260000,3,REM
1601041560000,3,REM
1601041860000,4,awake
1601042160000,4,awake
1601042460000,4,awake
1601042760000,4,awake
1601043060000,4,awake
1601043360000,2,light
1601043660000,2,light
1601043960000,2,light
1601044260000,2,light
1601044560000,2,light
1601044860000,1,deep
1601045160000,1,deep
1601045460000,1,deep
1601045760000,2,light
1601046060000,2,light
1601046360000,3,REM
1601046660000,4,awake
1601046960000,4,awake
1601047260000,4,awake
1601047560000,2,light
1601047860000,2,light
1601048160000,1,deep
1601048460000,2,light
1601048760000,2,light
1601049060000,4,awake
1601049360000,4,awake
1601107561000,4,awake
1601107861000,2,light
1601108161000,2,light
1601108461000,2,light
1601108761000,1,deep
1601109061000,1,deep
1601109361000,1,deep
1601109661000,1,deep
1601109961000,1,deep
1601110261000,1,deep
1601110561000,1,deep
1601110861000,1,deep
1601111161000,2,light
1601111461000,2,light
1601111761000,2,light
1601112061000,2,light
1601112361000,2,light
1601112661000,1,deep
1601112961000,1,deep
1601113261000,1,deep
1601113561000,1,deep
1601113861000,1,deep
1601114161000,1,deep
1601114461000,1,deep
1601114761000,1,deep
1601115061000,2,light
1601115361000,2,light
1601115661000,2,light
1601115961000,4,awake
1601116261000,2,light
1601116561000,2,light
1601116861000,2,light
1601117161000,1,deep
1601117461000,3,REM
1601117761000,4,awake
1601118061000,2,light
1601118361000,3,REM
1601118661000,4,awake
1601118961000,3,REM
1601119261000,3,REM
1601119561000,3,REM
1601119861000,3,REM
1601120161000,2,light
1601120461000,2,light
1601120761000,2,light
1601121061000,1,deep
1601121361000,1,deep
1601121661000,1,deep
1601121961000,1,deep
1601122261000,1,deep
1601122561000,1,deep
1601122861000,1,deep
1601123161000,1,deep
1601123461000,1,deep
1601123761000,1,deep
1601124061000,2,light
1601124361000,2,light
1601124661000,3,REM
1601124961000,3,REM
1601125261000,4,awake
1601125561000,4,awake
1601125861000,4,awake
1601126161000,3,REM
1601126461000,3,REM
1601126761000,2,light
1601127061000,2,light
1601127361000,2,light
1601127661000,2,light
1601127961000,2,light
1601128261000,2,light
1601128561000,2,light
1601128861000,2,light
1601129161000,2,light
1601129461000,2,light
1601129761000,2,light
1601130061000,2,light
1601130361000,3,REM
1601130661000,3,REM
1601130961000,3,REM
1601131261000,2,light
1601131561000,2,light
1601131861000,2,light
1601132161000,2,light
1601132461000,2,light
1601132761000,2,light
1601133061000,2,light
1601133361000,1,deep
1601133661000,3,REM
1601133961000,1,deep
1601134261000,4,awake
1601134561000,4,awake
1601134861000,4,awake
1601135161000,2,light
1601135461000,2,light
1601135761000,3,REM
1601136061000,3,REM
1601136361000,3,REM
1601136661000,2,light
1601136961000,2,light
1601137261000,2,light
1601137561000,2,light
1601137861000,2,light
1601138161000,2,light
1601138461000,2,light
1601138761000,2,light
1601139061000,2,light
1601139361000,4,awake
1601190349000,4,awake
1601190649000,4,awake
1601190949000,4,awake
1601191249000,4,awake
1601191549000,4,awake
1601191849000,4,awake
1601192149000,4,awake
1601192449000,4,awake
1601192749000,2,light
1601193049000,2,light
1601193349000,2,light
1601193649000,1,deep
1601193949000,1,deep
1601194249000,1,deep
1601194549000,2,light
1601194849000,2,light
1601195149000,2,light
1601195449000,1,deep
1601195749000,1,deep
1601196049000,1,deep
1601196349000,4,awake
1601196649000,2,light
1601196949000,2,light
1601197249000,2,light
1601197549000,2,light
1601197849000,2,light
1601198149000,2,light
1601198449000,2,light
1601198749000,2,light
1601199049000,2,light
1601199349000,1,deep
1601199649000,1,deep
1601199949000,1,deep
1601200249000,1,deep
1601200549000,1,deep
1601200849000,1,deep
1601201149000,1,deep
1601201449000,1,deep
1601201749000,1,deep
1601202049000,1,deep
1601202349000,2,light
1601202649000,2,light
1601202949000,4,awake
1601203249000,2,light
1601203549000,2,light
1601203849000,4,awake
1601204149000,2,light
1601204449000,2,light
1601204749000,2,light
1601205049000,2,light
1601205349000,2,light
1601205649000,2,light
1601205949000,1,deep
1601206249000,2,light
1601206549000,2,light
1601206849000,2,light
1601207149000,2,light
1601207449000,2,light
1601207749000,3,REM
1601208049000,3,REM
1601208349000,4,awake
1601208649000,4,awake
1601208949000,4,awake
1601209249000,2,light
1601209549000,2,light
1601209849000,2,light
1601210149000,2,light
1601210449000,2,light
1601210749000,2,light
1601211049000,2,light
1601211349000,2,light
1601211649000,3,REM
1601211949000,1,deep
1601212249000,1,deep
1601212549000,2,light
1601212849000,4,awake
1601213149000,4,awake
1601213449000,4,awake
1601213749000,4,awake
1601214049000,4,awake
1601214349000,4,awake
1601214649000,3,REM
1601214949000,3,REM
1601215249000,2,light
1601215549000,2,light
1601215849000,2,light
1601216149000,2,light
1601216449000,2,light
1601216749000,2,light
1601217049000,2,light
1601217349000,2,light
1601217649000,2,light
1601217949000,2,light
1601218249000,3,REM
1601218549000,2,light
1601218849000,1,deep
1601219149000,3,REM
1601219449000,3,REM
1601219749000,3,REM
1601220049000,3,REM
1601220349000,4,awake
1601220649000,4,awake
1601220949000,4,awake
1601221249000,2,light
1601221549000,2,light
1601221849000,2,light
1601222149000,2,light
1601222449000,2,light
1601222749000,2,light
1601223049000,3,REM
1601223349000,3,REM
1601223649000,1,deep
1601223949000,1,deep
1601224249000,2,light
1601224549000,2,light
1601224849000,4,awake
1601225149000,4,awake
1601282820000,4,awake
1601283120000,2,light
1601283420000,2,light
1601283720000,2,light
1601284020000,1,deep
1601284320000,1,deep
1601284620000,1,deep
1601284920000,1,deep
1601285220000,1,deep
1601285520000,1,deep
1601285820000,2,light
1601286120000,1,deep
1601286420000,1,deep
1601286720000,2,light
1601287020000,2,light
1601287320000,3,REM
1601287620000,2,light
1601287920000,2,light
1601288220000,2,light
1601288520000,2,light
1601288820000,2,light
1601289120000,1,deep
1601289420000,1,deep
1601289720000,1,deep
1601290020000,2,light
1601290320000,2,light
1601290620000,2,light
1601290920000,2,light
1601291220000,2,light
1601291520000,1,deep
1601291820000,1,deep
1601292120000,1,deep
1601292420000,1,deep
1601292720000,1,deep
1601293020000,1,deep
1601293320000,1,deep
1601293620000,2,light
1601293920000,4,awake
1601294220000,3,REM
1601294520000,4,awake
1601294820000,2,light
1601295120000,2,light
1601295420000,2,light
1601295720000,2,light
1601296020000,2,light
1601296320000,2,light
1601296620000,2,light
1601296920000,1,deep
1601297220000,1,deep
1601297520000,2,light
1601297820000,3,REM
1601298120000,4,awake
1601298420000,2,light
1601298720000,4,awake
1601299020000,4,awake
1601299320000,3,REM
1601299620000,3,REM
1601299920000,3,REM
1601300220000,3,REM
1601300520000,3,REM
1601300820000,2,light
1601301120000,2,light
1601301420000,2,light
1601301720000,2,light
1601302020000,2,light
1601302320000,2,light
1601302620000,2,light
1601302920000,1,deep
1601303220000,2,light
1601303520000,2,light
1601303820000,2,light
1601304120000,4,awake
1601304420000,4,awake
1601304720000,2,light
1601305020000,2,light
1601305320000,4,awake
1601305620000,4,awake
1601366523000,4,awake
1601366823000,2,light
1601367123000,1,deep
1601367423000,1,deep
1601367723000,1,deep
1601368023000,1,deep
1601368323000,1,deep
1601368623000,1,deep
1601368923000,2,light
1601369223000,1,deep
1601369523000,2,light
1601369823000,2,light
1601370123000,2,light
1601370423000,2,light
1601370723000,2,light
1601371023000,2,light
1601371323000,2,light
1601371623000,2,light
1601371923000,2,light
1601372223000,1,deep
1601372523000,1,deep
1601372823000,1,deep
1601373123000,1,deep
1601373423000,1,deep
1601373723000,1,deep
1601374023000,1,deep
1601374323000,1,deep
1601374623000,2,light
1601374923000,1,deep
1601375223000,1,deep
1601375523000,1,deep
1601375823000,1,deep
1601376123000,1,deep
1601376423000,2,light
1601376723000,2,light
1601377023000,4,awake
1601377323000,3,REM
1601377623000,4,awake
1601377923000,2,light
1601378223000,3,REM
1601378523000,2,light
1601378823000,2,light
1601379123000,2,light
1601379423000,1,deep
1601379723000,1,deep
1601380023000,1,deep
1601380323000,1,deep
1601380623000,2,light
1601380923000,2,light
1601381223000,2,light
1601381523000,2,light
1601381823000,2,light
1601382123000,2,light
1601382423000,2,light
1601382723000,4,awake
1601383023000,4,awake
1601383323000,4,awake
1601383623000,2,light
1601383923000,2,light
1601384223000,3,REM
1601384523000,3,REM
1601384823000,3,REM
1601385123000,2,light
1601385423000,2,light
1601385723000,2,light
1601386023000,2,light
1601386323000,1,deep
1601386623000,1,deep
1601386923000,1,deep
1601387223000,1,deep
1601387523000,2,light
1601387823000,1,deep
1601388123000,4,awake
1601388423000,3,REM
1601388723000,3,REM
1601389023000,4,awake
1601389323000,4,awake
1601389623000,3,REM
1601389923000,3,REM
1601390223000,4,awake
1601390523000,4,awake
1601390823000,4,awake
1601391123000,4,awake
1601453583000,2,light
1601453883000,1,deep
1601454183000,1,deep
1601454483000,1,deep
1601454783000,1,deep
1601455083000,1,deep
1601455383000,1,deep
1601455683000,1,deep
1601455983000,1,deep
1601456283000,1,deep
1601456583000,1,deep
1601456883000,1,deep
1601457183000,2,light
1601457483000,1,deep
1601457783000,3,REM
1601458083000,3,REM
1601458383000,2,light
1601458683000,2,light
1601458983000,1,deep
1601459283000,1,deep
1601459583000,1,deep
1601459883000,1,deep
1601460183000,1,deep
1601460483000,1,deep
1601460783000,1,deep
1601461083000,2,light
1601461383000,2,light
1601461683000,2,light
1601461983000,2,light
1601462283000,2,light
1601462583000,2,light
1601462883000,2,light
1601463183000,3,REM
1601463483000,3,REM
1601463783000,3,REM
1601464083000,3,REM
1601464383000,2,light
1601464683000,2,light
1601464983000,2,light
1601465283000,3,REM
1601465583000,2,light
1601465883000,2,light
1601466183000,2,light
1601466483000,2,light
1601466783000,1,deep
1601467083000,1,deep
1601467383000,1,deep
1601467683000,1,deep
1601467983000,1,deep
1601468283000,1,deep
1601468583000,1,deep
1601468883000,1,deep
1601469183000,1,deep
1601469483000,1,deep
1601469783000,1,deep
1601470083000,1,deep
1601470383000,2,light
1601470683000,3,REM
1601470983000,3,REM
1601471283000,3,REM
1601471583000,3,REM
1601471883000,3,REM
1601472183000,3,REM
1601472483000,2,light
1601472783000,2,light
1601473083000,2,light
1601473383000,2,light
1601473683000,1,deep
1601473983000,2,light
1601474283000,2,light
1601474583000,2,light
1601474883000,2,light
1601475183000,3,REM
1601475483000,3,REM
1601475783000,3,REM
1601476083000,4,awake
1601476383000,4,awake
1601476683000,3,REM
1601476983000,3,REM
1601477283000,3,REM
1601477583000,3,REM
1601477883000,3,REM
1601478183000,4,awake
1601537221000,4,awake
1601537521000,2,light
1601537821000,2,light
1601538121000,1,deep
1601538421000,1,deep
1601538721000,1,deep
1601539021000,1,deep
1601539321000,1,deep
1601539621000,1,deep
1601539921000,1,deep
1601540221000,1,deep
1601540521000,1,deep
1601540821000,1,deep
1601541121000,1,deep
1601541421000,1,deep
1601541721000,1,deep
1601542021000,2,light
1601542321000,2,light
1601542621000,2,light
1601542921000,2,light
1601543221000,2,light
1601543521000,1,deep
1601543821000,1,deep
1601544121000,1,deep
1601544421000,1,deep
1601544721000,2,light
1601545021000,1,deep
1601545321000,1,deep
1601545621000,1,deep
1601545921000,1,deep
1601546221000,1,deep
1601546521000,1,deep
1601546821000,2,light
1601547121000,2,light
1601547421000,2,light
1601547721000,3,REM
1601548021000,3,REM
1601548321000,4,awake
1601548621000,2,light
1601548921000,2,light
1601549221000,2,light
1601549521000,2,light
1601549821000,2,light
1601550121000,1,deep
1601550421000,1,deep
1601550721000,1,deep
1601551021000,2,light
1601551321000,2,light
1601551621000,2,light
1601551921000,2,light
1601552221000,2,light
1601552521000,2,light
1601552821000,2,light
1601553121000,2,light
1601553421000,4,awake
1601553721000,4,awake
1601554021000,4,awake
1601554321000,4,awake
1601554621000,2,light
1601554921000,2,light
1601555221000,2,light
1601555521000,2,light
1601555821000,1,deep
1601556121000,1,deep
1601556421000,1,deep
1601556721000,1,deep
1601557021000,1,deep
1601557321000,1,deep
1601557621000,3,REM
1601557921000,3,REM
1601558221000,3,REM
1601558521000,2,light
1601558821000,2,light
1601559121000,2,light
1601559421000,2,light
1601559721000,2,light
1601560021000,4,awake
1601560321000,4,awake
1601560621000,4,awake
1601560921000,4,awake
1601561221000,2,light
1601561521000,2,light
1601561821000,2,light
1601562121000,3,REM
1601562421000,3,REM
1601562721000,3,REM
1601563021000,2,light
1601563321000,2,light
1601563621000,4,awake
1601563921000,4,awake
1601627703000,4,awake
1601628003000,2,light
1601628303000,2,light
1601628603000,1,deep
1601628903000,1,deep
1601629203000,1,deep
1601629503000,1,deep
1601629803000,2,light
1601630103000,2,light
1601630403000,1,deep
1601630703000,2,light
1601631003000,1,deep
1601631303000,1,deep
1601631603000,1,deep
1601631903000,1,deep
1601632203000,1,deep
1601632503000,1,deep
1601632803000,1,deep
1601633103000,2,light
1601633403000,2,light
1601633703000,2,light
1601634003000,2,light
1601634303000,2,light
1601634603000,2,light
1601634903000,2,light
1601635203000,2,light
1601635503000,2,light
1601635803000,2,light
1601636103000,1,deep
1601636403000,1,deep
1601636703000,1,deep
1601637003000,1,deep
1601637303000,1,deep
1601637603000,2,light
1601637903000,2,light
1601638203000,2,light
1601638503000,2,light
1601638803000,4,awake
1601639103000,2,light
1601639403000,2,light
1601639703000,2,light
1601640003000,1,deep
1601640303000,1,deep
1601640603000,2,light
1601640903000,1,deep
1601641203000,1,deep
1601641503000,1,deep
1601641803000,1,deep
1601642103000,1,deep
1601642403000,1,deep
1601642703000,1,deep
1601643003000,1,deep
1601643303000,1,deep
1601643603000,1,deep
1601643903000,1,deep
1601644203000,1,deep
1601644503000,3,REM
1601644803000,3,REM
1601645103000,4,awake
1601645403000,3,REM
1601645703000,4,awake
1601646003000,3,REM
1601646303000,4,awake
1601646603000,4,awake
1601646903000,4,awake
1601647203000,2,light
1601647503000,2,light
1601647803000,2,light
1601648103000,2,light
1601648403000,2,light
1601648703000,2,light
1601649003000,2,light
1601649303000,2,light
1601649603000,2,light
1601649903000,4,awake
1601650203000,4,awake
1601650503000,4,awake
1601650803000,4,awake
1601651103000,3,REM
1601651403000,4,awake
1601651703000,4,awake
1601652003000,2,light
1601652303000,2,light
1601652603000,2,light
1601652903000,2,light
1601653203000,2,light
1601653503000,2,light
1601653803000,2,light
1601654103000,2,light
1601654403000,3,REM
1601654703000,3,REM
1601655003000,4,awake
1601655303000,4,awake
1601655603000,2,light
1601655903000,2,light
1601656203000,2,light
1601656503000,2,light
1601656803000,2,light
1601657103000,2,light
1601657403000,3,REM
1601657703000,3,REM
1601658003000,2,light
1601658303000,2,light
1601658603000,4,awake
1601712241000,4,awake
1601712541000,2,light
1601712841000,1,deep
1601713141000,1,deep
1601713441000,1,deep
1601713741000,1,deep
1601714041000,1,deep
1601714341000,1,deep
1601714641000,1,deep
1601714941000,1,deep
1601715241000,1,deep
1601715541000,1,deep
1601715841000,1,deep
1601716141000,1,deep
1601716441000,2,light
1601716741000,2,light
1601717041000,2,light
1601717341000,2,light
1601717641000,1,deep
1601717941000,1,deep
1601718241000,1,deep
1601718541000,1,deep
1601718841000,1,deep
1601719141000,1,deep
1601719441000,1,deep
1601719741000,1,deep
1601720041000,1,deep
1601720341000,2,light
1601720641000,2,light
1601720941000,2,light
1601721241000,2,light
1601721541000,2,light
1601721841000,3,REM
1601722141000,2,light
1601722441000,2,light
1601722741000,2,light
1601723041000,1,deep
1601723341000,1,deep
1601723641000,1,deep
1601723941000,2,light
1601724241000,1,deep
1601724541000,1,deep
1601724841000,2,light
1601725141000,1,deep
1601725441000,1,deep
1601725741000,1,deep
1601726041000,2,light
1601726341000,2,light
1601726641000,2,light
1601726941000,4,awake
1601727241000,4,awake
1601727541000,3,REM
1601727841000,3,REM
1601728141000,3,REM
1601728441000,2,light
1601728741000,2,light
1601729041000,2,light
1601729341000,2,light
1601729641000,2,light
1601729941000,2,light
1601730241000,1,deep
1601730541000,1,deep
1601730841000,1,deep
1601731141000,2,light
1601731441000,2,light
1601731741000,1,deep
1601732041000,1,deep
1601732341000,2,light
1601732641000,2,light
1601732941000,2,light
1601733241000,4,awake
1601733541000,4,awake
1601733841000,3,REM
1601734141000,3,REM
1601734441000,3,REM
1601734741000,3,REM
1601735041000,2,light
1601735341000,2,light
1601735641000,2,light
1601735941000,2,light
1601736241000,2,light
1601736541000,1,deep
1601736841000,2,light
1601737141000,2,light
1601737441000,2,light
1601737741000,2,light
1601738041000,3,REM
1601738341000,3,REM
1601738641000,3,REM
1601738941000,2,light
1601739241000,4,awake
1601739541000,2,light
1601739841000,3,REM
1601740141000,4,awake
1601740441000,4,awake
1601793901000,4,awake
1601794201000,2,light
1601794501000,2,light
1601794801000,1,deep
1601795101000,2,light
1601795401000,2,light
1601795701000,1,deep
1601796001000,1,deep
1601796301000,1,deep
1601796601000,1,deep
1601796901000,1,deep
1601797201000,1,deep
1601797501000,1,deep
1601797801000,1,deep
1601798101000,1,deep
1601798401000,2,light
1601798701000,2,light
1601799001000,4,awake
1601799301000,2,light
1601799601000,2,light
1601799901000,2,light
1601800201000,3,REM
1601800501000,2,light
1601800801000,2,light
1601801101000,1,deep
1601801401000,1,deep
1601801701000,1,deep
1601802001000,1,deep
1601802301000,1,deep
1601802601000,1,deep
1601802901000,1,deep
1601803201000,1,deep
1601803501000,1,deep
1601803801000,1,deep
1601804101000,1,deep
1601804401000,1,deep
1601804701000,1,deep
1601805001000,2,light
1601805301000,2,light
1601805601000,2,light
1601805901000,2,light
1601806201000,2,light
1601806501000,2,light
1601806801000,2,light
1601807101000,2,light
1601807401000,3,REM
1601807701000,3,REM
1601808001000,3,REM
1601808301000,2,light
1601808601000,2,light
1601808901000,2,light
1601809201000,2,light
1601809501000,1,deep
1601809801000,1,deep
1601810101000,3,REM
1601810401000,1,deep
1601810701000,1,deep
1601811001000,1,deep
1601811301000,2,light
1601811601000,2,light
1601811901000,2,light
1601812201000,2,light
1601812501000,4,awake
1601812801000,4,awake
1601813101000,3,REM
1601813401000,4,awake
1601813701000,4,awake
1601814001000,4,awake
1601814301000,2,light
1601814601000,2,light
1601814901000,2,light
1601815201000,2,light
1601815501000,2,light
1601815801000,1,deep
1601816101000,1,deep
1601816401000,1,deep
1601816701000,1,deep
1601817001000,2,light
1601817301000,3,REM
1601817601000,2,light
1601817901000,2,light
1601818201000,4,awake
1601818501000,4,awake
1601818801000,4,awake
1601819101000,2,light
1601819401000,2,light
1601819701000,4,awake
1601820001000,2,light
1601820301000,2,light
1601820601000,2,light
1601820901000,4,awake
1601821201000,4,awake
1601821501000,2,light
1601821801000,2,light
1601822101000,2,light
1601822401000,2,light
1601822701000,1,deep
1601823001000,1,deep
1601823301000,2,light
1601823601000,2,light
1601823901000,3,REM
1601824201000,3,REM
1601824501000,4,awake
1601824801000,3,REM
1601825101000,2,light
1601825401000,3,REM
1601825701000,3,REM
1601826001000,4,awake
1601826301000,4,awake
1601826601000,4,awake
1601974258000,2,light
1601974558000,1,deep
1601974858000,1,deep
1601975158000,1,deep
1601975458000,1,deep
1601975758000,1,deep
1601976058000,1,deep
1601976358000,2,light
1601976658000,2,light
1601976958000,1,deep
1601977258000,1,deep
1601977558000,1,deep
1601977858000,1,deep
1601978158000,1,deep
1601978458000,2,light
1601978758000,2,light
1601979058000,4,awake
1601979358000,2,light
1601979658000,2,light
1601979958000,2,light
1601980258000,2,light
1601980558000,2,light
1601980858000,2,light
1601981158000,1,deep
1601981458000,1,deep
1601981758000,1,deep
1601982058000,1,deep
1601982358000,1,deep
1601982658000,1,deep
1601982958000,1,deep
1601983258000,1,deep
1601983558000,2,light
1601983858000,1,deep
1601984158000,1,deep
1601984458000,1,deep
1601984758000,1,deep
1601985058000,1,deep
1601985358000,3,REM
1601985658000,2,light
1601985958000,3,REM
1601986258000,4,awake
1601986558000,4,awake
1601986858000,2,light
1601987158000,2,light
1601987458000,2,light
1601987758000,2,light
1601988058000,2,light
1601988358000,4,awake
1601988658000,4,awake
1601988958000,4,awake
1601989258000,2,light
1601989558000,2,light
1601989858000,1,deep
1601990158000,1,deep
1601990458000,2,light
1601990758000,2,light
1601991058000,3,REM
1601991358000,3,REM
1601991658000,3,REM
1601991958000,3,REM
1601992258000,4,awake
1601992558000,2,light
1601992858000,2,light
1601993158000,2,light
1601993458000,1,deep
1601993758000,1,deep
1601994058000,1,deep
1601994358000,4,awake
1601994658000,3,REM
1601994958000,4,awake
1601995258000,2,light
1601995558000,4,awake
1601995858000,4,awake
1602059760000,4,awake
1602060060000,2,light
1602060360000,1,deep
1602060660000,1,deep
1602060960000,1,deep
1602061260000,1,deep
1602061560000,1,deep
1602061860000,1,deep
1602062160000,1,deep
1602062460000,1,deep
1602062760000,1,deep
1602063060000,1,deep
1602063360000,1,deep
1602063660000,1,deep
1602063960000,2,light
1602064260000,2,light
1602064560000,2,light
1602064860000,2,light
1602065160000,2,light
1602065460000,1,deep
1602065760000,1,deep
1602066060000,1,deep
1602066360000,1,deep
1602066660000,1,deep
1602066960000,1,deep
1602067260000,1,deep
1602067560000,1,deep
1602067860000,1,deep
1602068160000,1,deep
1602068460000,1,deep
1602068760000,1,deep
1602069060000,1,deep
1602069360000,1,deep
1602069660000,1,deep
1602069960000,2,light
1602070260000,3,REM
1602070560000,4,awake
1602070860000,4,awake
1602071160000,3,REM
1602071460000,2,light
1602071760000,2,light
1602072060000,2,light
1602072360000,2,light
1602072660000,2,light
1602072960000,2,light
1602073260000,1,deep
1602073560000,1,deep
1602073860000,1,deep
1602074160000,1,deep
1602074460000,1,deep
1602074760000,1,deep
1602075060000,1,deep
1602075360000,1,deep
1602075660000,3,REM
1602075960000,4,awake
1602076260000,3,REM
1602076560000,4,awake
1602076860000,4,awake
1602077160000,4,awake
1602077460000,3,REM
1602077760000,3,REM
1602078060000,4,awake
1602078360000,4,awake
1602078660000,4,awake
1602078960000,4,awake
1602079260000,2,light
1602079560000,2,light
1602079860000,2,light
1602080160000,2,light
1602080460000,1,deep
1602080760000,1,deep
1602081060000,2,light
1602081360000,2,light
1602081660000,3,REM
1602081960000,4,awake
1602082260000,4,awake
1602082560000,2,light
1602082860000,2,light
1602083160000,2,light
1602083460000,4,awake
1602083760000,4,awake
1602084060000,4,awake
1602146939000,4,awake
1602147239000,2,light
1602147539000,1,deep
1602147839000,1,deep
1602148139000,1,deep
1602148439000,1,deep
1602148739000,1,deep
1602149039000,1,deep
1602149339000,1,deep
1602149639000,1,deep
1602149939000,1,deep
1602150239000,2,light
1602150539000,2,light
1602150839000,2,light
1602151139000,2,light
1602151439000,2,light
1602151739000,1,deep
1602152039000,1,deep
1602152339000,1,deep
1602152639000,1,deep
1602152939000,1,deep
1602153239000,1,deep
1602153539000,1,deep
1602153839000,1,deep
1602154139000,2,light
1602154439000,2,light
1602154739000,1,deep
1602155039000,1,deep
1602155339000,1,deep
1602155639000,1,deep
1602155939000,1,deep
1602156239000,1,deep
1602156539000,1,deep
1602156839000,1,deep
1602157139000,3,REM
1602157439000,4,awake
1602157739000,3,REM
1602158039000,4,awake
1602158339000,2,light
1602158639000,2,light
1602158939000,2,light
1602159239000,2,light
1602159539000,1,deep
1602159839000,1,deep
1602160139000,1,deep
1602160439000,2,light
1602160739000,4,awake
1602161039000,4,awake
1602161339000,2,light
1602161639000,2,light
1602161939000,4,awake
1602162239000,2,light
1602162539000,4,awake
1602162839000,4,awake
1602163139000,4,awake
1602163439000,4,awake
1602163739000,2,light
1602164039000,2,light
1602164339000,2,light
1602164639000,2,light
1602164939000,2,light
1602165239000,1,deep
1602165539000,1,deep
1602165839000,1,deep
1602166139000,1,deep
1602166439000,1,deep
1602166739000,2,light
1602167039000,1,deep
1602167339000,1,deep
1602167639000,3,REM
1602167939000,3,REM
1602168239000,4,awake
1602168539000,4,awake
1602168839000,4,awake
1602169139000,4,awake
1602233880000,4,awake
1602234180000,2,light
1602234480000,2,light
1602234780000,1,deep
1602235080000,1,deep
1602235380000,1,deep
1602235680000,1,deep
1602235980000,1,deep
1602236280000,1,deep
1602236580000,1,deep
1602236880000,1,deep
1602237180000,1,deep
1602237480000,1,deep
1602237780000,1,deep
1602238080000,2,light
1602238380000,2,light
1602238680000,2,light
1602238980000,2,light
1602239280000,2,light
1602239580000,2,light
1602239880000,2,light
1602240180000,1,deep
1602240480000,1,deep
1602240780000,1,deep
1602241080000,1,deep
1602241380000,1,deep
1602241680000,1,deep
1602241980000,1,deep
1602242280000,1,deep
1602242580000,1,deep
1602242880000,1,deep
1602243180000,2,light
1602243480000,2,light
1602243780000,3,REM
1602244080000,3,REM
1602244380000,4,awake
1602244680000,2,light
1602244980000,2,light
1602245280000,4,awake
1602245580000,2,light
1602245880000,3,REM
1602246180000,3,REM
1602246480000,3,REM
1602246780000,3,REM
1602247080000,2,light
1602247380000,2,light
1602247680000,1,deep
1602247980000,1,deep
1602248280000,1,deep
1602248580000,2,light
1602248880000,2,light
1602249180000,4,awake
1602249480000,2,light
1602249780000,2,light
1602250080000,2,light
1602250380000,2,light
1602250680000,2,light
1602250980000,2,light
1602251280000,4,awake
1602251580000,4,awake
1602251880000,2,light
1602252180000,2,light
1602252480000,3,REM
1602252780000,4,awake
1602253080000,2,light
1602253380000,2,light
1602253680000,2,light
1602253980000,1,deep
1602254280000,1,deep
1602254580000,1,deep
1602254880000,1,deep
1602255180000,1,deep
1602255480000,4,awake
1602255780000,2,light
1602256080000,2,light
1602256380000,2,light
1602256680000,4,awake
1602256980000,4,awake
1602316679000,4,awake
1602316979000,4,awake
1602317279000,2,light
1602317579000,1,deep
1602317879000,1,deep
1602318179000,1,deep
1602318479000,1,deep
1602318779000,1,deep
1602319079000,1,deep
1602319379000,1,deep
1602319679000,1,deep
1602319979000,1,deep
1602320279000,1,deep
1602320579000,1,deep
1602320879000,2,light
1602321179000,2,light
1602321479000,2,light
1602321779000,2,light
1602322079000,2,light
1602322379000,2,light
1602322679000,1,deep
1602322979000,1,deep
1602323279000,1,deep
1602323579000,1,deep
1602323879000,1,deep
1602324179000,1,deep
1602324479000,1,deep
1602324779000,1,deep
1602325079000,2,light
1602325379000,2,light
1602325679000,2,light
1602325979000,2,light
1602326279000,4,awake
1602326579000,4,awake
1602326879000,2,light
1602327179000,3,REM
1602327479000,3,REM
1602327779000,3,REM
1602328079000,3,REM
1602328379000,2,light
1602328679000,2,light
1602328979000,1,deep
1602329279000,1,deep
1602329579000,1,deep
1602329879000,1,deep
1602330179000,1,deep
1602330479000,1,deep
1602330779000,1,deep
1602331079000,1,deep
1602331379000,1,deep
1602331679000,1,deep
1602331979000,1,deep
1602332279000,1,deep
1602332579000,1,deep
1602332879000,2,light
1602333179000,2,light
1602333479000,3,REM
1602333779000,2,light
1602334079000,2,light
1602334379000,2,light
1602334679000,4,awake
1602334979000,2,light
1602335279000,2,light
1602335579000,1,deep
1602335879000,1,deep
1602336179000,1,deep
1602336479000,2,light
1602336779000,2,light
1602337079000,1,deep
1602337379000,3,REM
1602337679000,3,REM
1602337979000,3,REM
1602338279000,3,REM
1602338579000,4,awake
1602338879000,4,awake
1602339179000,3,REM
1602339479000,3,REM
1602339779000,3,REM
1602340079000,3,REM
1602340379000,3,REM
1602340679000,3,REM
1602340979000,4,awake
1602341279000,4,awake
1602341579000,2,light
1602341879000,2,light
1602342179000,2,light
1602342479000,1,deep
1602342779000,2,light
1602343079000,2,light
1602343379000,4,awake
1602343679000,3,REM
1602343979000,3,REM
1602344279000,4,awake
1602344579000,2,light
1602344879000,2,light
1602345179000,2,light
1602345479000,2,light
1602345779000,3,REM
1602346079000,3,REM
1602346379000,3,REM
1602346679000,1,deep
1602346979000,3,REM
1602347279000,4,awake
1602347579000,4,awake
1602404702000,4,awake
1602405002000,2,light
1602405302000,2,light
1602405602000,1,deep
1602405902000,1,deep
1602406202000,1,deep
1602406502000,1,deep
1602406802000,1,deep
1602407102000,1,deep
1602407402000,2,light
1602407702000,2,light
1602408002000,2,light
1602408302000,2,light
1602408602000,2,light
1602408902000,2,light
1602409202000,1,deep
1602409502000,1,deep
1602409802000,1,deep
1602410102000,1,deep
1602410402000,1,deep
1602410702000,1,deep
1602411002000,1,deep
1602411302000,1,deep
1602411602000,1,deep
1602411902000,1,deep
1602412202000,1,deep
1602412502000,3,REM
1602412802000,2,light
1602413102000,2,light
1602413402000,3,REM
1602413702000,3,REM
1602414002000,3,REM
1602414302000,3,REM
1602414602000,3,REM
1602414902000,3,REM
1602415202000,2,light
1602415502000,2,light
1602415802000,2,light
1602416102000,1,deep
1602416402000,1,deep
1602416702000,1,deep
1602417002000,1,deep
1602417302000,1,deep
1602417602000,1,deep
1602417902000,1,deep
1602418202000,1,deep
1602418502000,1,deep
1602418802000,1,deep
1602419102000,1,deep
1602419402000,1,deep
1602419702000,2,light
1602420002000,2,light
1602420302000,2,light
1602420602000,4,awake
1602420902000,4,awake
1602421202000,2,light
1602421502000,2,light
1602421802000,2,light
1602422102000,2,light
1602422402000,2,light
1602422702000,4,awake
1602423002000,2,light
1602423302000,2,light
1602423602000,2,light
1602423902000,3,REM
1602424202000,3,REM
1602424502000,3,REM
1602424802000,4,awake
1602425102000,4,awake
1602425402000,3,REM
1602425702000,2,light
1602426002000,3,REM
1602426302000,4,awake
1602426602000,4,awake
1602426902000,2,light
1602427202000,2,light
1602427502000,1,deep
1602427802000,1,deep
1602428102000,1,deep
1602428402000,1,deep
1602428702000,2,light
1602429002000,2,light
1602429302000,1,deep
1602429602000,1,deep
1602429902000,1,deep
1602430202000,1,deep
1602430502000,4,awake
1602430802000,3,REM
1602431102000,3,REM
1602431402000,3,REM
1602431702000,3,REM
1602432002000,4,awake
1602432302000,4,awake
1602432602000,4,awake
1602488280000,4,awake
1602488580000,2,light
1602488880000,1,deep
1602489180000,1,deep
1602489480000,1,deep
1602489780000,1,deep
1602490080000,1,deep
1602490380000,1,deep
1602490680000,2,light
1602490980000,2,light
1602491280000,1,deep
1602491580000,1,deep
1602491880000,1,deep
1602492180000,1,deep
1602492480000,1,deep
1602492780000,2,light
1602493080000,2,light
1602493380000,3,REM
1602493680000,4,awake
1602493980000,2,light
1602494280000,2,light
1602494580000,2,light
1602494880000,2,light
1602495180000,2,light
1602495480000,2,light
1602495780000,1,deep
1602496080000,1,deep
1602496380000,1,deep
1602496680000,1,deep
1602496980000,1,deep
1602497280000,1,deep
1602497580000,2,light
1602497880000,2,light
1602498180000,2,light
1602498480000,2,light
1602498780000,4,awake
1602499080000,2,light
1602499380000,2,light
1602499680000,4,awake
1602499980000,2,light
1602500280000,2,light
1602500580000,1,deep
1602500880000,1,deep
1602501180000,2,light
1602501480000,1,deep
1602501780000,1,deep
1602502080000,4,awake
1602502380000,4,awake
1602502680000,2,light
1602502980000,3,REM
1602503280000,3,REM
1602503580000,4,awake
1602503880000,2,light
1602504180000,2,light
1602504480000,2,light
1602504780000,1,deep
1602505080000,1,deep
1602505380000,1,deep
1602505680000,1,deep
1602505980000,1,deep
1602506280000,1,deep
1602506580000,4,awake
1602506880000,4,awake
1602507180000,2,light
1602507480000,4,awake
1602507780000,2,light
1602508080000,3,REM
1602508380000,4,awake
1602508680000,4,awake
1602508980000,4,awake
1602509280000,4,awake
1602575818000,4,awake
1602576118000,2,light
1602576418000,1,deep
1602576718000,1,deep
1602577018000,1,deep
1602577318000,1,deep
1602577618000,1,deep
1602577918000,1,deep
1602578218000,1,deep
1602578518000,1,deep
1602578818000,1,deep
1602579118000,2,light
1602579418000,2,light
1602579718000,2,light
1602580018000,2,light
1602580318000,1,deep
1602580618000,1,deep
1602580918000,1,deep
1602581218000,1,deep
1602581518000,1,deep
1602581818000,1,deep
1602582118000,1,deep
1602582418000,1,deep
1602582718000,1,deep
1602583018000,1,deep
1602583318000,1,deep
1602583618000,1,deep
1602583918000,1,deep
1602584218000,3,REM
1602584518000,3,REM
1602584818000,3,REM
1602585118000,4,awake
1602585418000,2,light
1602585718000,2,light
1602586018000,2,light
1602586318000,2,light
1602586618000,2,light
1602586918000,2,light
1602587218000,1,deep
1602587518000,1,deep
1602587818000,1,deep
1602588118000,1,deep
1602588418000,1,deep
1602588718000,1,deep
1602589018000,1,deep
1602589318000,1,deep
1602589618000,1,deep
1602589918000,1,deep
1602590218000,1,deep
1602590518000,2,light
1602590818000,4,awake
1602591118000,4,awake
1602591418000,4,awake
1602591718000,4,awake
1602592018000,4,awake
1602592318000,2,light
1602592618000,1,deep
1602592918000,4,awake
1602593218000,4,awake
1602593518000,2,light
1602593818000,2,light
1602594118000,2,light
1602594418000,2,light
1602594718000,2,light
1602595018000,3,REM
1602595318000,3,REM
1602595618000,3,REM
1602595918000,3,REM
1602596218000,3,REM
1602596518000,3,REM
1602596818000,2,light
1602597118000,2,light
1602597418000,2,light
1602597718000,1,deep
1602598018000,1,deep
1602598318000,2,light
1602598618000,1,deep
1602598918000,1,deep
1602599218000,2,light
1602599518000,2,light
1602599818000,2,light
1602600118000,2,light
1602600418000,2,light
1602600718000,4,awake
1602601018000,4,awake
1602601318000,4,awake
1602601618000,4,awake
1602601918000,4,awake
1602602218000,2,light
1602602518000,2,light
1602602818000,2,light
1602603118000,2,light
1602603418000,2,light
1602603718000,2,light
1602604018000,1,deep
1602604318000,1,deep
1602604618000,1,deep
1602604918000,1,deep
1602605218000,3,REM
1602605518000,3,REM
1602605818000,3,REM
1602606118000,4,awake
1602606418000,4,awake
1602662521000,4,awake
1602662821000,4,awake
1602663121000,4,awake
1602663421000,2,light
1602663721000,1,deep
1602664021000,2,light
1602664321000,1,deep
1602664621000,1,deep
1602664921000,1,deep
1602665221000,1,deep
1602665521000,1,deep
1602665821000,1,deep
1602666121000,1,deep
1602666421000,1,deep
1602666721000,2,light
1602667021000,2,light
1602667321000,2,light
1602667621000,2,light
1602667921000,2,light
1602668221000,1,deep
1602668521000,1,deep
1602668821000,1,deep
1602669121000,1,deep
1602669421000,1,deep
1602669721000,1,deep
1602670021000,1,deep
1602670321000,1,deep
1602670621000,1,deep
1602670921000,1,deep
1602671221000,2,light
1602671521000,2,light
1602671821000,2,light
1602672121000,2,light
1602672421000,3,REM
1602672721000,3,REM
1602673021000,2,light
1602673321000,2,light
1602673621000,2,light
1602673921000,2,light
1602674221000,2,light
1602674521000,2,light
1602674821000,1,deep
1602675121000,1,deep
1602675421000,1,deep
1602675721000,2,light
1602676021000,1,deep
1602676321000,1,deep
1602676621000,1,deep
1602676921000,1,deep
1602677221000,1,deep
1602677521000,1,deep
1602677821000,3,REM
1602678121000,3,REM
1602678421000,3,REM
1602678721000,3,REM
1602679021000,2,light
1602679321000,2,light
1602679621000,2,light
1602679921000,2,light
1602680221000,2,light
1602680521000,2,light
1602680821000,2,light
1602681121000,2,light
1602681421000,4,awake
1602681721000,4,awake
1602682021000,4,awake
1602682321000,4,awake
1602682621000,4,awake
1602682921000,2,light
1602683221000,2,light
1602683521000,4,awake
1602683821000,4,awake
1602684121000,3,REM
1602684421000,3,REM
1602684721000,3,REM
1602685021000,3,REM
1602685321000,2,light
1602685621000,2,light
1602685921000,2,light
1602686221000,2,light
1602686521000,2,light
1602686821000,2,light
1602687121000,4,awake
1602687421000,2,light
1602687721000,2,light
1602688021000,4,awake
1602688321000,4,awake
1602746097000,4,awake
1602746397000,1,deep
1602746697000,1,deep
1602746997000,1,deep
1602747297000,1,deep
1602747597000,1,deep
1602747897000,1,deep
1602748197000,1,deep
1602748497000,1,deep
1602748797000,1,deep
1602749097000,1,deep
1602749397000,2,light
1602749697000,2,light
1602749997000,2,light
1602750297000,1,deep
1602750597000,1,deep
1602750897000,1,deep
1602751197000,1,deep
1602751497000,1,deep
1602751797000,2,light
1602752097000,2,light
1602752397000,1,deep
1602752697000,1,deep
1602752997000,1,deep
1602753297000,1,deep
1602753597000,1,deep
1602753897000,2,light
1602754197000,2,light
1602754497000,3,REM
1602754797000,3,REM
1602755097000,4,awake
1602755397000,2,light
1602755697000,2,light
1602755997000,2,light
1602756297000,2,light
1602756597000,2,light
1602756897000,1,deep
1602757197000,1,deep
1602757497000,1,deep
1602757797000,1,deep
1602758097000,1,deep
1602758397000,1,deep
1602758697000,1,deep
1602758997000,1,deep
1602759297000,1,deep
1602759597000,2,light
1602759897000,2,light
1602760197000,2,light
1602760497000,2,light
1602760797000,2,light
1602761097000,3,REM
1602761397000,3,REM
1602761697000,4,awake
1602761997000,2,light
1602762297000,2,light
1602762597000,2,light
1602762897000,2,light
1602763197000,2,light
1602763497000,2,light
1602763797000,2,light
1602764097000,2,light
1602764397000,2,light
1602764697000,2,light
1602764997000,2,light
1602765297000,2,light
1602765597000,4,awake
1602765897000,2,light
1602766197000,2,light
1602766497000,3,REM
1602766797000,4,awake
1602767097000,4,awake
1602767397000,4,awake
1602767697000,4,awake
1602767997000,4,awake
1602768297000,3,REM
1602768597000,2,light
1602768897000,2,light
1602769197000,2,light
1602769497000,2,light
1602769797000,2,light
1602770097000,1,deep
1602770397000,1,deep
1602770697000,1,deep
1602770997000,2,light
1602771297000,2,light
1602771597000,2,light
1602771897000,3,REM
1602772197000,3,REM
1602772497000,3,REM
1602772797000,3,REM
1602773097000,2,light
1602773397000,2,light
1602773697000,2,light
1602773997000,4,awake
1602774297000,4,awake
1602837122000,4,awake
1602837422000,1,deep
1602837722000,1,deep
1602838022000,1,deep
1602838322000,1,deep
1602838622000,1,deep
1602838922000,1,deep
1602839222000,1,deep
1602839522000,1,deep
1602839822000,1,deep
1602840122000,1,deep
1602840422000,1,deep
1602840722000,1,deep
1602841022000,1,deep
1602841322000,1,deep
1602841622000,1,deep
1602841922000,1,deep
1602842222000,1,deep
1602842522000,2,light
1602842822000,2,light
1602843122000,2,light
1602843422000,2,light
1602843722000,2,light
1602844022000,2,light
1602844322000,2,light
1602844622000,1,deep
1602844922000,1,deep
1602845222000,1,deep
1602845522000,1,deep
1602845822000,1,deep
1602846122000,1,deep
1602846422000,1,deep
1602846722000,2,light
1602847022000,3,REM
1602847322000,3,REM
1602847622000,2,light
1602847922000,4,awake
1602848222000,2,light
1602848522000,2,light
1602848822000,2,light
1602849122000,3,REM
1602849422000,3,REM
1602849722000,3,REM
1602850022000,3,REM
1602850322000,3,REM
1602850622000,3,REM
1602850922000,3,REM
1602851222000,2,light
1602851522000,2,light
1602851822000,2,light
1602852122000,2,light
1602852422000,1,deep
1602852722000,1,deep
1602853022000,1,deep
1602853322000,1,deep
1602853622000,1,deep
1602853922000,1,deep
1602854222000,1,deep
1602854522000,1,deep
1602854822000,4,awake
1602855122000,4,awake
1602855422000,2,light
1602855722000,2,light
1602856022000,2,light
1602856322000,2,light
1602856622000,2,light
1602856922000,2,light
1602857222000,2,light
1602857522000,1,deep
1602857822000,3,REM
1602858122000,3,REM
1602858422000,4,awake
1602858722000,3,REM
1602859022000,4,awake
1602859322000,4,awake
1602859622000,2,light
1602859922000,2,light
1602860222000,2,light
1602860522000,4,awake
1602860822000,4,awake
1602861122000,4,awake
1602861422000,4,awake
1602861722000,4,awake
1602862022000,2,light
1602862322000,2,light
1602862622000,2,light
1602862922000,2,light
1602863222000,2,light
1602863522000,2,light
1602863822000,1,deep
1602864122000,3,REM
1602864422000,3,REM
1602864722000,3,REM
1602865022000,2,light
1602865322000,2,light
1602865622000,3,REM
1602865922000,2,light
1602866222000,3,REM
1602866522000,4,awake
1602866822000,4,awake
1602922950000,4,awake
1602923250000,2,light
1602923550000,1,deep
1602923850000,1,deep
1602924150000,1,deep
1602924450000,1,deep
1602924750000,1,deep
1602925050000,2,light
1602925350000,1,deep
1602925650000,1,deep
1602925950000,1,deep
1602926250000,1,deep
1602926550000,1,deep
1602926850000,2,light
1602927150000,2,light
1602927450000,2,light
1602927750000,2,light
1602928050000,2,light
1602928350000,2,light
1602928650000,2,light
1602928950000,2,light
1602929250000,1,deep
1602929550000,1,deep
1602929850000,1,deep
1602930150000,1,deep
1602930450000,1,deep
1602930750000,1,deep
1602931050000,1,deep
1602931350000,1,deep
1602931650000,1,deep
1602931950000,1,deep
1602932250000,1,deep
1602932550000,2,light
1602932850000,2,light
1602933150000,3,REM
1602933450000,1,deep
1602933750000,4,awake
1602934050000,2,light
1602934350000,2,light
1602934650000,2,light
1602934950000,2,light
1602935250000,4,awake
1602935550000,4,awake
1602935850000,3,REM
1602936150000,3,REM
1602936450000,3,REM
1602936750000,2,light
1602937050000,2,light
1602937350000,2,light
1602937650000,2,light
1602937950000,2,light
1602938250000,1,deep
1602938550000,2,light
1602938850000,2,light
1602939150000,1,deep
1602939450000,2,light
1602939750000,2,light
1602940050000,2,light
1602940350000,1,deep
1602940650000,1,deep
1602940950000,1,deep
1602941250000,1,deep
1602941550000,2,light
1602941850000,2,light
1602942150000,3,REM
1602942450000,3,REM
1602942750000,3,REM
1602943050000,4,awake
1602943350000,2,light
1602943650000,2,light
1602943950000,2,light
1602944250000,2,light
1602944550000,2,light
1602944850000,2,light
1602945150000,1,deep
1602945450000,1,deep
1602945750000,2,light
1602946050000,2,light
1602946350000,1,deep
1602946650000,3,REM
1602946950000,3,REM
1602947250000,4,awake
1602947550000,4,awake
1602947850000,4,awake
1602948150000,4,awake
1602948450000,2,light
1602948750000,2,light
1602949050000,2,light
1602949350000,2,light
1602949650000,2,light
1602949950000,2,light
1602950250000,1,deep
1602950550000,1,deep
1602950850000,2,light
1602951150000,2,light
1602951450000,2,light
1602951750000,3,REM
1602952050000,4,awake
1602952350000,3,REM
1602952650000,4,awake
1602952950000,4,awake
1602953250000,4,awake
1603009712000,4,awake
1603010012000,2,light
1603010312000,2,light
1603010612000,2,light
1603010912000,1,deep
1603011212000,1,deep
1603011512000,1,deep
1603011812000,1,deep
1603012112000,1,deep
1603012412000,1,deep
1603012712000,1,deep
1603013012000,1,deep
1603013312000,2,light
1603013612000,2,light
1603013912000,2,light
1603014212000,1,deep
1603014512000,1,deep
1603014812000,1,deep
1603015112000,1,deep
1603015412000,1,deep
1603015712000,1,deep
1603016012000,1,deep
1603016312000,3,REM
1603016612000,3,REM
1603016912000,2,light
1603017212000,2,light
1603017512000,2,light
1603017812000,1,deep
1603018112000,2,light
1603018412000,1,deep
1603018712000,1,deep
1603019012000,2,light
1603019312000,2,light
1603019612000,2,light
1603019912000,2,light
1603020212000,1,deep
1603020512000,1,deep
1603020812000,1,deep
1603021112000,1,deep
1603021412000,3,REM
1603021712000,3,REM
1603022012000,3,REM
1603022312000,4,awake
1603022612000,2,light
1603022912000,2,light
1603023212000,2,light
1603023512000,2,light
1603023812000,2,light
1603024112000,1,deep
1603024412000,1,deep
1603024712000,1,deep
1603025012000,1,deep
1603025312000,1,deep
1603025612000,1,deep
1603025912000,1,deep
1603026212000,1,deep
1603026512000,1,deep
1603026812000,1,deep
1603027112000,1,deep
1603027412000,4,awake
1603027712000,3,REM
1603028012000,4,awake
1603028312000,4,awake
1603028612000,4,awake
1603028912000,4,awake
1603029212000,4,awake
1603029512000,4,awake
1603029812000,4,awake
1603030112000,4,awake
1603030412000,4,awake
1603030712000,2,light
1603031012000,2,light
1603031312000,2,light
1603031612000,2,light
1603031912000,2,light
1603032212000,2,light
1603032512000,2,light
1603032812000,2,light
1603033112000,2,light
1603033412000,3,REM
1603033712000,2,light
1603034012000,3,REM
1603034312000,3,REM
1603034612000,3,REM
1603034912000,2,light
1603035212000,2,light
1603035512000,2,light
1603035812000,2,light
1603036112000,3,REM
1603036412000,2,light
1603036712000,2,light
1603037012000,2,light
1603037312000,2,light
1603037612000,2,light
1603037912000,1,deep
1603038212000,1,deep
1603038512000,2,light
1603038812000,1,deep
1603039112000,1,deep
1603039412000,3,REM
1603039712000,4,awake
1603040012000,4,awake
1603040312000,4,awake
1603095486000,4,awake
1603095786000,2,light
1603096086000,2,light
1603096386000,1,deep
1603096686000,1,deep
1603096986000,1,deep
1603097286000,1,deep
1603097586000,1,deep
1603097886000,1,deep
1603098186000,1,deep
1603098486000,2,light
1603098786000,2,light
1603099086000,1,deep
1603099386000,1,deep
1603099686000,1,deep
1603099986000,1,deep
1603100286000,1,deep
1603100586000,1,deep
1603100886000,2,light
1603101186000,3,REM
1603101486000,3,REM
1603101786000,2,light
1603102086000,2,light
1603102386000,2,light
1603102686000,2,light
1603102986000,2,light
1603103286000,2,light
1603103586000,4,awake
1603103886000,2,light
1603104186000,2,light
1603104486000,2,light
1603104786000,2,light
1603105086000,2,light
1603105386000,2,light
1603105686000,1,deep
1603105986000,2,light
1603106286000,1,deep
1603106586000,1,deep
1603106886000,1,deep
1603107186000,1,deep
1603107486000,1,deep
1603107786000,2,light
1603108086000,2,light
1603108386000,2,light
1603108686000,2,light
1603108986000,2,light
1603109286000,4,awake
1603109586000,4,awake
1603109886000,2,light
1603110186000,2,light
1603110486000,2,light
1603110786000,2,light
1603111086000,2,light
1603111386000,1,deep
1603111686000,1,deep
1603111986000,4,awake
1603112286000,4,awake
1603112586000,2,light
1603112886000,2,light
1603113186000,1,deep
1603113486000,1,deep
1603113786000,1,deep
1603114086000,2,light
1603114386000,2,light
1603114686000,2,light
1603114986000,3,REM
1603115286000,3,REM
1603115586000,4,awake
1603115886000,4,awake
1603116186000,2,light
1603116486000,3,REM
1603116786000,4,awake
1603117086000,2,light
1603117386000,2,light
1603117686000,2,light
1603117986000,2,light
1603118286000,2,light
1603118586000,2,light
1603118886000,2,light
1603119186000,4,awake
1603119486000,4,awake
1603119786000,4,awake
1603120086000,4,awake
1603120386000,4,awake
1603120686000,2,light
1603120986000,4,awake
1603121286000,2,light
1603121586000,2,light
1603121886000,2,light
1603122186000,3,REM
1603122486000,2,light
1603122786000,2,light
1603123086000,3,REM
1603123386000,3,REM
1603123686000,4,awake
1603123986000,4,awake
1603124286000,4,awake
1603124586000,3,REM
1603124886000,3,REM
1603125186000,4,awake
1603125486000,4,awake
