timestamp,heart_rate,heart_rmssd
1596701974000,0,0
1596702274000,62,81
1596702574000,59,150
1596702874000,58,174
1596703174000,57,188
1596703474000,58,188
1596703774000,59,190
1596704074000,59,177
1596704374000,58,195
1596704674000,60,170
1596704974000,61,172
1596705274000,62,140
1596705574000,63,133
1596705874000,64,127
1596706174000,63,128
1596706474000,63,133
1596706774000,62,142
1596707074000,62,137
1596707374000,63,130
1596707674000,64,127
1596707974000,63,129
1596708274000,63,127
1596708574000,63,126
1596708874000,63,131
1596709174000,63,122
1596709474000,63,121
1596709774000,66,103
1596710074000,0,0
1596710374000,0,0
1596710674000,67,85
1596710974000,65,75
1596711274000,65,82
1596711574000,64,82
1596711874000,65,54
1596712174000,63,68
1596712474000,64,55
1596712774000,63,52
1596713074000,63,37
1596713374000,62,61
1596713674000,62,41
1596713974000,62,47
1596714274000,61,47
1596714574000,62,37
1596714874000,61,38
1596715174000,61,33
1596715474000,61,33
1596715774000,61,39
1596716074000,61,34
1596716374000,62,36
1596716674000,64,36
1596716974000,63,50
1596717274000,65,43
1596717574000,62,66
1596717874000,61,36
1596718174000,62,42
1596718474000,65,46
1596718774000,71,27
1596719074000,66,53
1596719374000,64,27
1596719674000,64,32
1596719974000,62,38
1596720274000,64,60
1596720574000,66,29
1596790383000,63,32
1596790683000,61,35
1596790983000,60,32
1596791283000,60,46
1596791583000,60,60
1596791883000,61,54
1596792183000,60,40
1596792483000,60,43
1596792783000,61,41
1596793083000,61,49
1596793383000,60,59
1596793683000,61,47
1596793983000,61,48
1596794283000,64,37
1596794583000,69,44
1596794883000,65,49
1596795183000,66,43
1596795483000,65,42
1596795783000,63,46
1596796083000,62,39
1596796383000,63,24
1596796683000,61,40
1596796983000,62,23
1596797283000,62,23
1596797583000,61,26
1596797883000,60,27
1596798183000,59,31
1596798483000,60,29
1596798783000,59,31
1596799083000,59,30
1596799383000,60,28
1596799683000,0,0
1596799983000,60,74
1596800283000,61,57
1596800583000,62,37
1596800883000,62,43
1596801183000,64,62
1596801483000,65,55
1596801783000,63,57
1596802083000,66,55
1596802383000,64,51
1596802683000,60,47
1596802983000,62,40
1596803283000,59,36
1596803583000,60,41
1596803883000,61,36
1596804183000,60,35
1596804483000,58,40
1596804783000,58,36
1596805083000,59,46
1596805383000,57,49
1596805683000,57,34
1596805983000,57,37
1596806283000,59,39
1596806583000,59,51
1596806883000,61,68
1596807183000,63,62
1596807483000,64,63
1596807783000,61,54
1596808083000,61,51
1596808383000,59,46
1596808683000,58,41
1596808983000,57,44
1596809283000,58,47
1596809583000,58,50
1596809883000,58,43
1596810183000,57,59
1596810483000,57,44
1596810783000,57,45
1596811083000,57,45
1596811383000,57,71
1596811683000,57,67
1596811983000,58,61
1596812283000,56,67
1596812583000,57,72
1596812883000,58,75
1596813183000,59,72
1596813483000,57,68
1596813783000,66,53
1596814083000,63,56
1596814383000,68,48
1596814683000,60,52
1596814983000,60,50
1596815283000,59,59
1596815583000,58,37
1596815883000,56,50
1596816183000,55,68
1596816483000,56,42
1596816783000,55,54
1596817083000,55,58
1596817383000,58,53
1596817683000,57,45
1596817983000,58,38
1596818283000,57,40
1596818583000,57,41
1596818883000,57,34
1596819183000,58,31
1596819483000,58,31
1596819783000,58,45
1596820083000,61,59
1596820383000,69,29
1596820683000,64,59
1596820983000,61,62
1596821283000,59,47
1596821583000,57,42
1596821883000,55,43
1596822183000,53,44
1596822483000,54,43
1596822783000,53,49
1596823083000,58,44
1596823383000,59,31
1596823683000,58,35
1596823983000,58,31
1596824283000,57,33
1596824583000,58,66
1596824883000,58,52
1596825183000,61,85
1596825483000,62,61
1596825783000,61,71
1596826083000,62,57
1596826383000,65,60
1596826683000,73,49
1596826983000,0,0
1596827283000,59,71
1596887582000,61,51
1596887882000,57,50
1596888182000,56,56
1596888482000,56,47
1596888782000,57,50
1596889082000,57,49
1596889382000,57,50
1596889682000,57,50
1596889982000,58,40
1596890282000,56,44
1596890582000,59,44
1596890882000,59,49
1596891182000,58,39
1596891482000,58,45
1596891782000,57,54
1596892082000,57,55
1596892382000,57,55
1596892682000,58,42
1596892982000,57,49
1596893282000,58,47
1596893582000,58,45
1596893882000,64,40
1596894182000,67,49
1596894482000,60,67
1596894782000,65,53
1596895082000,61,71
1596895382000,61,69
1596895682000,59,63
1596895982000,63,71
1596896282000,60,55
1596896582000,58,37
1596896882000,56,42
1596897182000,0,0
1596897482000,60,29
1596897782000,57,40
1596898082000,56,47
1596898382000,54,56
1596898682000,55,52
1596898982000,54,52
1596899282000,55,46
1596899582000,55,42
1596899882000,55,49
1596900182000,58,49
1596900482000,58,34
1596900782000,57,39
1596901082000,57,34
1596901382000,57,48
1596901682000,57,48
1596901982000,58,85
1596902282000,59,65
1596902582000,58,58
1596902882000,57,44
1596903182000,57,61
1596903482000,56,40
1596903782000,55,45
1596904082000,54,46
1596904382000,54,46
1596904682000,55,49
1596904982000,55,47
1596905282000,55,45
1596905582000,58,43
1596905882000,57,47
1596906182000,56,82
1596906482000,56,76
1596906782000,61,68
1596967472000,0,0
1596967772000,61,99
1596968072000,59,114
1596968372000,58,142
1596968672000,58,166
1596968972000,59,153
1596969272000,59,146
1596969572000,60,128
1596969872000,60,129
1596970172000,60,112
1596970472000,61,109
1596970772000,65,79
1596971072000,70,46
1596971372000,69,42
1596971672000,71,40
1596971972000,69,42
1596972272000,65,46
1596972572000,65,49
1596972872000,61,45
1596973172000,60,52
1596973472000,59,73
1596973772000,58,83
1596974072000,58,74
1596974372000,58,65
1596974672000,58,66
1596974972000,59,48
1596975272000,58,43
1596975572000,58,42
1596975872000,59,41
1596976172000,59,30
1596976472000,61,42
1596976772000,64,48
1596977072000,66,56
1596977372000,71,45
1596977672000,63,31
1596977972000,61,31
1596978272000,61,33
1596978572000,59,39
1596978872000,59,47
1596979172000,59,51
1596979472000,59,44
1596979772000,59,31
1596980072000,60,33
1596980372000,58,40
1596980672000,57,36
1596980972000,56,43
1596981272000,56,41
1596981572000,56,43
1596981872000,56,46
1596982172000,56,41
1596982472000,58,45
1596982772000,60,36
1596983072000,69,46
1596983372000,62,64
1596983672000,60,70
1596983972000,58,48
1596984272000,57,42
1596984572000,56,73
1596984872000,58,39
1596985172000,57,57
1596985472000,58,103
1596985772000,59,97
1596986072000,59,80
1596986372000,74,29
1596986672000,66,80
1596986972000,0,0
1597053272000,66,59
1597053572000,66,60
1597053872000,66,48
1597054172000,62,33
1597054472000,61,24
1597054772000,61,27
1597055072000,61,27
1597055372000,60,26
1597055672000,61,28
1597055972000,61,24
1597056272000,61,36
1597056572000,60,27
1597056872000,60,30
1597057172000,59,32
1597057472000,60,31
1597057772000,63,68
1597058072000,68,38
1597058372000,67,48
1597058672000,65,43
1597058972000,62,49
1597059272000,61,40
1597059572000,60,34
1597059872000,60,51
1597060172000,59,35
1597060472000,58,39
1597060772000,58,40
1597061072000,58,42
1597061372000,58,39
1597061672000,58,41
1597061972000,58,41
1597062272000,58,43
1597062572000,57,44
1597062872000,57,40
1597063172000,57,45
1597063472000,57,45
1597063772000,57,50
1597064072000,57,44
1597064372000,64,57
1597064672000,62,64
1597064972000,64,51
1597065272000,62,47
1597065572000,60,53
1597065872000,64,61
1597066172000,60,64
1597066472000,58,61
1597066772000,59,33
1597067072000,58,33
1597067372000,57,42
1597067672000,57,34
1597067972000,56,48
1597068272000,55,44
1597068572000,55,47
1597068872000,55,44
1597069172000,55,43
1597069472000,55,46
1597069772000,55,44
1597070072000,55,42
1597070372000,55,46
1597070672000,55,48
1597070972000,62,49
1597071272000,66,34
1597071572000,71,24
1597071872000,65,55
1597072172000,61,47
1597072472000,65,43
1597072772000,63,51
1597073072000,62,48
1597073372000,61,42
1597073672000,57,63
1597073972000,56,53
1597074272000,55,63
1597074572000,56,49
1597074872000,56,57
1597075172000,57,52
1597075472000,55,64
1597075772000,55,56
1597076072000,56,67
1597076372000,56,65
1597076672000,57,85
1597076972000,62,58
1597077272000,65,64
1597077572000,63,53
1597077872000,59,94
1597078172000,61,39
1597078472000,61,29
1597078772000,61,51
1597079072000,62,67
1597137512000,63,78
1597137812000,60,97
1597138112000,59,135
1597138412000,58,148
1597138712000,58,129
1597139012000,59,117
1597139312000,59,115
1597139612000,60,91
1597139912000,61,77
1597140212000,61,71
1597140512000,61,53
1597140812000,63,42
1597141112000,65,43
1597141412000,67,59
1597141712000,67,53
1597142012000,65,50
1597142312000,66,40
1597142612000,64,39
1597142912000,71,32
1597143212000,64,45
1597143512000,63,45
1597143812000,62,38
1597144112000,62,38
1597144412000,60,33
1597144712000,59,40
1597145012000,59,28
1597145312000,60,53
1597145612000,61,56
1597145912000,59,52
1597146212000,59,50
1597146512000,60,40
1597146812000,61,33
1597147112000,59,31
1597147412000,58,31
1597147712000,58,31
1597148012000,58,33
1597148312000,59,34
1597148612000,69,41
1597148912000,66,53
1597149212000,73,28
1597149512000,68,52
1597149812000,61,36
1597150112000,61,43
1597150412000,60,37
1597150712000,59,39
1597151012000,58,41
1597151312000,57,52
1597151612000,57,49
1597151912000,56,47
1597152212000,56,52
1597152512000,55,45
1597152812000,55,44
1597153112000,55,41
1597153412000,55,45
1597153712000,55,46
1597154012000,57,42
1597154312000,61,55
1597154612000,57,82
1597154912000,59,91
1597155212000,58,69
1597155512000,61,64
1597155812000,70,35
1597156112000,67,51
1597156412000,61,59
1597156712000,60,54
1597157012000,58,36
1597157312000,57,43
1597157612000,56,39
1597157912000,55,46
1597158212000,55,41
1597158512000,0,0
1597232671000,0,0
1597232971000,63,22
1597233271000,62,27
1597233571000,61,31
1597233871000,61,29
1597234171000,60,32
1597234471000,60,34
1597234771000,60,28
1597235071000,60,29
1597235371000,60,28
1597235671000,60,31
1597235971000,59,33
1597236271000,60,38
1597236571000,62,56
1597236871000,66,42
1597237171000,61,41
1597237471000,59,37
1597237771000,57,45
1597238071000,58,48
1597238371000,57,46
1597238671000,57,39
1597238971000,58,37
1597239271000,58,37
1597239571000,58,38
1597239871000,56,46
1597240171000,57,45
1597240471000,57,47
1597240771000,56,46
1597241071000,59,58
1597241371000,63,65
1597241671000,61,69
1597241971000,64,55
1597242271000,60,61
1597242571000,60,63
1597242871000,64,51
1597243171000,65,38
1597243471000,66,59
1597243771000,59,64
1597244071000,59,74
1597244371000,58,62
1597244671000,56,56
1597244971000,56,52
1597245271000,55,56
1597245571000,59,55
1597245871000,59,38
1597246171000,59,40
1597246471000,58,35
1597246771000,58,65
1597247071000,54,71
1597247371000,58,76
1597247671000,55,79
1597247971000,54,59
1597248271000,54,74
1597248571000,0,0
1597248871000,0,0
1597249171000,57,79
1597249471000,58,51
1597249771000,63,44
1597250071000,63,66
1597250371000,58,62
1597250671000,64,49
1597250971000,60,80
1597251271000,58,68
1597251571000,57,49
1597251871000,56,56
1597252171000,56,47
1597252471000,53,90
1597252771000,0,0
1597253071000,0,0
1597253371000,0,0
1597253671000,0,0
1597385730000,0,0
1597386030000,59,26
1597386330000,59,27
1597386630000,59,25
1597386930000,59,31
1597387230000,59,26
1597387530000,60,25
1597387830000,60,45
1597388130000,62,39
1597388430000,67,60
1597388730000,68,56
1597389030000,67,59
1597389330000,65,56
1597389630000,59,40
1597389930000,60,73
1597390230000,59,21
1597390530000,59,24
1597390830000,59,35
1597391130000,59,52
1597391430000,59,57
1597391730000,60,24
1597392030000,60,62
1597392330000,60,70
1597392630000,61,87
1597392930000,61,59
1597393230000,63,76
1597393530000,63,76
1597393830000,65,61
1597394130000,74,48
1597394430000,83,15
1597394730000,83,14
1597395030000,78,26
1597395330000,75,32
1597395630000,71,37
1597395930000,69,46
1597396230000,68,46
1597396530000,68,49
1597396830000,67,52
1597397130000,64,66
1597397430000,64,72
1597397730000,60,51
1597398030000,59,27
1597398330000,59,29
1597398630000,60,26
1597398930000,59,28
1597399230000,60,58
1597399530000,64,75
1597399830000,71,38
1597400130000,74,33
1597400430000,75,41
1597400730000,68,53
1597401030000,68,56
1597401330000,65,77
1597401630000,65,71
1597401930000,64,73
1597402230000,62,74
1597402530000,63,70
1597402830000,60,47
1597403130000,58,34
1597403430000,58,32
1597403730000,58,62
1597404030000,58,65
1597404330000,59,34
1597404630000,59,54
1597404930000,58,36
1597405230000,59,48
1597405530000,58,71
1597405830000,66,83
1597406130000,68,65
1597406430000,63,96
1597406730000,64,71
1597407030000,62,95
1597407330000,58,66
1597407630000,57,64
1597407930000,58,52
1597408230000,59,41
1597408530000,58,36
1597408830000,59,62
1597409130000,62,50
1597470570000,64,62
1597470870000,63,80
1597471170000,64,84
1597471470000,62,63
1597471770000,57,60
1597472070000,56,92
1597472370000,60,80
1597472670000,58,108
1597472970000,57,116
1597473270000,58,116
1597473570000,59,116
1597473870000,59,114
1597474170000,60,108
1597474470000,62,105
1597474770000,65,88
1597475070000,0,0
1597475370000,69,43
1597475670000,73,36
1597475970000,71,43
1597476270000,70,39
1597476570000,0,0
1597476870000,0,0
1597477170000,0,0
1597477470000,0,0
1597477770000,62,31
1597478070000,61,42
1597478370000,61,54
1597478670000,61,38
1597478970000,60,68
1597479270000,60,48
1597479570000,60,61
1597479870000,60,53
1597480170000,61,54
1597480470000,60,56
1597480770000,67,43
1597481070000,79,26
1597481370000,75,35
1597481670000,70,41
1597481970000,66,48
1597482270000,68,54
1597482570000,68,43
1597482870000,64,51
1597483170000,62,64
1597483470000,64,53
1597483770000,64,68
1597484070000,62,62
1597484370000,61,45
1597484670000,67,49
1597484970000,68,49
1597485270000,68,53
1597485570000,65,54
1597485870000,60,59
1597486170000,60,27
1597486470000,59,31
1597486770000,60,29
1597487070000,58,33
1597487370000,58,32
1597487670000,59,30
1597487970000,59,30
1597488270000,59,26
1597488570000,59,32
1597488870000,59,32
1597489170000,59,74
1597489470000,60,73
1597489770000,62,66
1597490070000,68,50
1597490370000,71,41
1597490670000,68,44
1597490970000,67,47
1597491270000,62,65
1597491570000,59,69
1597491870000,59,33
1597492170000,59,33
1597492470000,59,72
1597492770000,61,81
1597493070000,63,71
1597493370000,62,69
1597493670000,62,69
1597493970000,0,0
1597494270000,68,46
1597494570000,65,61
1597494870000,71,49
1597495170000,65,55
1597495470000,69,43
1597495770000,67,58
1597496070000,65,49
1597496370000,59,79
1597496670000,61,79
1597496970000,59,92
1597497270000,60,86
1597497570000,59,92
1597497870000,59,64
1597498170000,60,57
1597498470000,61,74
1597498770000,61,64
1597499070000,62,65
1597499370000,61,69
1597499670000,61,63
1597499970000,66,60
1597500270000,64,68
1597500570000,68,39
1597500870000,70,43
1597501170000,71,38
1597501470000,71,47
1597501770000,67,48
1597502070000,65,52
1597502370000,63,55
1597502670000,63,63
1597502970000,64,56
1597503270000,63,56
1597503570000,63,60
1597503870000,63,61
1597504170000,64,54
1597504470000,62,61
1597504770000,62,72
1597505070000,59,101
1597505370000,61,75
1597505670000,66,63
1597505970000,70,55
1597506270000,69,68
1597506570000,71,64
1597506870000,69,64
1597507170000,0,0
1597507470000,0,0
1597507770000,0,0
1597508070000,0,0
1597573740000,0,0
1597574040000,61,91
1597574340000,64,67
1597574640000,63,73
1597574940000,61,103
1597575240000,61,105
1597575540000,60,96
1597575840000,61,94
1597576140000,62,95
1597576440000,61,97
1597576740000,62,76
1597577040000,64,73
1597577340000,64,76
1597577640000,68,53
1597577940000,73,31
1597578240000,67,35
1597578540000,70,40
1597578840000,72,39
1597579140000,67,59
1597579440000,65,65
1597579740000,66,58
1597580040000,61,60
1597580340000,61,42
1597580640000,60,58
1597580940000,60,31
1597581240000,60,39
1597581540000,60,35
1597581840000,61,42
1597582140000,61,46
1597582440000,60,45
1597582740000,61,73
1597583040000,60,56
1597583340000,60,71
1597583640000,60,76
1597583940000,60,64
1597584240000,64,49
1597584540000,65,65
1597584840000,63,71
1597585140000,63,56
1597585440000,66,65
1597585740000,60,62
1597586040000,61,68
1597586340000,60,53
1597586640000,59,61
1597586940000,58,39
1597587240000,59,51
1597587540000,57,56
1597587840000,57,43
1597588140000,57,35
1597588440000,57,41
1597588740000,60,60
1597589040000,61,76
1597589340000,57,52
1597589640000,67,64
1597589940000,70,58
1597590240000,68,47
1597590540000,64,69
1597590840000,65,50
1597591140000,0,0
1597649460000,0,0
1597649760000,64,46
1597650060000,62,60
1597650360000,60,45
1597650660000,59,37
1597650960000,59,46
1597651260000,58,45
1597651560000,58,66
1597651860000,59,64
1597652160000,58,40
1597652460000,58,45
1597652760000,58,53
1597653060000,58,50
1597653360000,59,47
1597653660000,59,46
1597653960000,63,49
1597654260000,67,52
1597654560000,67,63
1597654860000,62,75
1597655160000,62,86
1597655460000,60,80
1597655760000,59,62
1597656060000,59,73
1597656360000,58,76
1597656660000,58,72
1597656960000,60,94
1597657260000,57,73
1597657560000,61,76
1597657860000,62,86
1597658160000,65,78
1597658460000,64,75
1597658760000,63,78
1597659060000,60,100
1597659360000,60,77
1597659660000,57,71
1597659960000,56,65
1597660260000,55,64
1597660560000,56,57
1597660860000,56,38
1597661160000,56,38
1597661460000,56,49
1597661760000,55,44
1597662060000,56,50
1597662360000,55,69
1597662660000,55,69
1597662960000,55,96
1597663260000,59,64
1597663560000,63,74
1597663860000,69,42
1597664160000,68,57
1597664460000,59,98
1597664760000,61,93
1597665060000,60,112
1597665360000,59,81
1597665660000,60,62
1597665960000,58,110
1597666260000,59,90
1597666560000,59,79
1597666860000,63,65
1597667160000,57,58
1597667460000,56,79
1597667760000,56,131
1597668060000,54,48
1597668360000,57,72
1597668660000,59,67
1597668960000,56,87
1597669260000,67,52
1597669560000,66,64
1597669860000,60,78
1597670160000,65,53
1597670460000,68,38
1597670760000,63,54
1597671060000,60,82
1597671360000,59,57
1597671660000,58,35
1597671960000,59,63
1597672260000,56,115
1597672560000,56,109
1597672860000,57,100
1597673160000,57,103
1597673460000,56,98
1597673760000,58,87
1597674060000,58,50
1597674360000,59,81
1597674660000,61,75
1597674960000,59,39
1597675260000,58,71
1597675560000,60,75
1597675860000,62,68
1597676160000,61,74
1597676460000,64,81
1597676760000,62,58
1597677060000,60,34
1597677360000,62,59
1597677660000,65,65
1597677960000,65,53
1597678260000,65,54
1597678560000,63,57
1597732560000,0,0
1597732860000,70,49
1597733160000,68,58
1597733460000,67,57
1597733760000,67,62
1597734060000,67,67
1597734360000,65,55
1597734660000,63,39
1597734960000,63,51
1597735260000,63,44
1597735560000,63,41
1597735860000,62,27
1597736160000,62,26
1597736460000,63,47
1597736760000,67,44
1597737060000,70,46
1597737360000,65,56
1597737660000,63,60
1597737960000,62,33
1597738260000,60,25
1597738560000,60,27
1597738860000,61,39
1597739160000,62,50
1597739460000,61,44
1597739760000,58,48
1597740060000,66,51
1597740360000,63,55
1597740660000,62,65
1597740960000,62,65
1597741260000,64,69
1597741560000,66,49
1597741860000,0,0
1597742160000,61,50
1597742460000,60,42
1597742760000,59,51
1597743060000,58,39
1597743360000,58,34
1597743660000,59,38
1597743960000,58,41
1597744260000,58,40
1597744560000,59,36
1597744860000,59,37
1597745160000,58,41
1597745460000,64,53
1597745760000,68,35
1597746060000,70,42
1597746360000,66,47
1597746660000,68,38
1597746960000,65,59
1597747260000,64,62
1597747560000,59,69
1597747860000,58,59
1597748160000,60,45
1597748460000,58,29
1597748760000,58,31
1597749060000,58,29
1597749360000,58,34
1597749660000,59,46
1597749960000,58,29
1597750260000,58,53
1597750560000,58,37
1597750860000,61,58
1597751160000,64,65
1597751460000,67,50
1597751760000,67,41
1597752060000,71,26
1597752360000,69,32
1597752660000,66,51
1597752960000,65,49
1597753260000,64,68
1597753560000,64,68
1597753860000,60,48
1597754160000,62,55
1597754460000,57,38
1597754760000,56,63
1597755060000,56,56
1597755360000,59,54
1597755660000,58,27
1597755960000,59,28
1597756260000,58,38
1597756560000,59,29
1597756860000,59,33
1597757160000,62,42
1597757460000,62,63
1597757760000,62,53
1597758060000,64,66
1597758360000,67,55
1597758660000,66,58
1597758960000,63,50
1597759260000,67,51
1597759560000,68,46
1597759860000,65,58
1597760160000,63,58
1597760460000,63,47
1597760760000,60,75
1597761060000,60,61
1597761360000,62,61
1597761660000,62,56
1597761960000,62,37
1597762260000,61,65
1597762560000,61,51
1597762860000,63,61
1597763160000,68,53
1597763460000,65,54
1597763760000,74,24
1597764060000,69,38
1597764360000,69,49
1597764660000,0,0
1597764960000,66,46
1597765260000,66,46
1597765560000,65,38
1597765860000,64,39
1597766160000,61,57
1597766460000,61,53
1597766760000,62,53
1597767060000,66,62
1597767360000,64,54
1597767660000,63,50
1597767960000,61,46
1597768260000,61,38
1597768560000,64,52
1597768860000,65,45
1597769160000,66,48
1597769460000,65,57
1597769760000,69,46
1597770060000,75,33
1597770360000,70,56
1597770660000,68,60
1597770960000,67,68
1597771260000,0,0
1597827333000,0,0
1597827633000,63,35
1597827933000,62,50
1597828233000,62,58
1597828533000,62,63
1597828833000,62,54
1597829133000,61,35
1597829433000,61,85
1597829733000,61,91
1597830033000,61,83
1597830333000,61,81
1597830633000,62,82
1597830933000,62,78
1597831233000,67,63
1597831533000,75,21
1597831833000,72,40
1597832133000,67,43
1597832433000,62,62
1597832733000,61,65
1597833033000,58,36
1597833333000,61,47
1597833633000,60,78
1597833933000,59,51
1597834233000,59,25
1597834533000,60,53
1597834833000,59,49
1597835133000,59,28
1597835433000,60,24
1597835733000,60,78
1597836033000,60,81
1597836333000,59,88
1597836633000,64,69
1597836933000,61,75
1597837233000,67,49
1597837533000,76,25
1597837833000,68,34
1597838133000,66,42
1597838433000,64,49
1597838733000,61,72
1597839033000,60,87
1597839333000,58,40
1597839633000,59,47
1597839933000,59,35
1597840233000,57,72
1597840533000,57,59
1597840833000,56,38
1597841133000,56,38
1597841433000,57,36
1597841733000,57,35
1597842033000,57,36
1597842333000,59,45
1597842633000,64,64
1597842933000,68,44
1597843233000,65,59
1597843533000,63,56
1597843833000,62,79
1597844133000,61,88
1597844433000,61,80
1597844733000,60,114
1597845033000,59,47
1597845333000,58,78
1597845633000,58,51
1597845933000,59,40
1597846233000,60,84
1597846533000,58,71
1597846833000,58,61
1597847133000,57,40
1597847433000,57,32
1597847733000,57,32
1597848033000,59,73
1597848333000,59,71
1597848633000,61,76
1597848933000,61,92
1597849233000,64,67
1597849533000,66,64
1597849833000,61,76
1597850133000,62,71
1597850433000,62,61
1597850733000,59,39
1597851033000,60,63
1597851333000,59,76
1597851633000,62,71
1597851933000,59,85
1597852233000,61,64
1597852533000,60,68
1597852833000,62,81
1597853133000,65,51
1597853433000,66,63
1597853733000,68,50
1597854033000,65,49
1597910210000,63,61
1597910510000,62,56
1597910810000,61,57
1597911110000,60,62
1597911410000,60,55
1597911710000,60,55
1597912010000,60,57
1597912310000,59,57
1597912610000,59,61
1597912910000,60,65
1597913210000,60,53
1597913510000,61,58
1597913810000,69,70
1597914110000,70,44
1597914410000,64,96
1597914710000,61,64
1597915010000,58,66
1597915310000,62,67
1597915610000,63,70
1597915910000,65,73
1597916210000,64,81
1597916510000,64,77
1597916810000,64,79
1597917110000,64,78
1597917410000,63,81
1597917710000,62,72
1597918010000,61,69
1597918310000,62,78
1597918610000,63,84
1597918910000,69,72
1597919210000,69,45
1597919510000,70,39
1597919810000,71,31
1597920110000,66,60
1597920410000,70,47
1597920710000,67,54
1597921010000,60,34
1597921310000,59,34
1597921610000,66,52
1597921910000,61,37
1597922210000,61,51
1597922510000,63,65
1597922810000,61,42
1597923110000,61,63
1597923410000,60,36
1597923710000,61,77
1597924010000,61,66
1597924310000,61,31
1597924610000,60,54
1597924910000,57,66
1597925210000,70,33
1597925510000,69,45
1597925810000,66,52
1597926110000,71,29
1597926410000,68,43
1597926710000,64,59
1597927010000,62,64
1597927310000,62,58
1597927610000,61,63
1597927910000,61,44
1597928210000,58,35
1597928510000,57,35
1597928810000,58,29
1597929110000,55,52
1597929410000,56,45
1597929710000,56,46
1597930010000,56,47
1597930310000,56,43
1597930610000,56,44
1597930910000,56,45
1597931210000,60,54
1597931510000,61,66
1597931810000,61,71
1597932110000,60,65
1597932410000,65,67
1597932710000,67,53
1597933010000,62,67
1597933310000,73,35
1597933610000,70,34
1597933910000,64,55
1597934210000,61,74
1597934510000,59,62
1597934810000,60,57
1597935110000,58,34
1597935410000,58,39
1597935710000,57,36
1597936010000,57,48
1597936310000,59,64
1597936610000,63,60
1597936910000,61,41
1597937210000,60,38
1597937510000,60,71
1597937810000,63,68
1597938110000,70,49
1597938410000,71,43
1597938710000,64,76
1597939010000,62,62
1597939310000,64,47
1597939610000,64,44
1597939910000,63,33
1597940210000,63,41
1597940510000,67,65
1597940810000,59,34
1597941110000,58,36
1597941410000,59,31
1597941710000,59,37
1597942010000,59,38
1597942310000,62,31
1597942610000,63,66
1597942910000,65,73
1597943210000,67,48
1597943510000,72,56
1597943810000,70,49
1597944110000,74,56
1598000130000,73,38
1598000430000,69,44
1598000730000,65,60
1598001030000,61,46
1598001330000,62,59
1598001630000,62,31
1598001930000,62,60
1598002230000,62,49
1598002530000,63,51
1598002830000,63,37
1598003130000,64,72
1598003430000,63,69
1598003730000,65,75
1598004030000,64,72
1598004330000,65,67
1598004630000,66,62
1598004930000,72,37
1598005230000,76,21
1598005530000,69,36
1598005830000,69,45
1598006130000,69,40
1598006430000,63,58
1598006730000,62,23
1598007030000,62,50
1598007330000,61,29
1598007630000,61,40
1598007930000,61,36
1598008230000,61,44
1598008530000,60,28
1598008830000,61,53
1598009130000,60,28
1598009430000,61,25
1598009730000,61,30
1598010030000,63,74
1598010330000,60,75
1598010630000,66,53
1598010930000,68,43
1598011230000,65,40
1598011530000,66,55
1598011830000,67,55
1598012130000,60,53
1598012430000,0,0
1598012730000,57,46
1598013030000,56,47
1598013330000,56,47
1598013630000,56,44
1598013930000,56,55
1598014230000,57,38
1598014530000,59,65
1598014830000,58,40
1598015130000,63,69
1598015430000,60,69
1598015730000,65,53
1598016030000,66,56
1598016330000,64,50
1598016630000,68,31
1598016930000,65,58
1598017230000,61,49
1598017530000,61,47
1598017830000,61,59
1598018130000,60,41
1598018430000,60,64
1598018730000,58,52
1598019030000,57,60
1598019330000,56,43
1598019630000,55,50
1598019930000,56,46
1598020230000,56,45
1598020530000,56,47
1598020830000,56,46
1598021130000,57,41
1598021430000,60,61
1598021730000,62,77
1598022030000,67,53
1598022330000,76,33
1598022630000,71,37
1598022930000,68,39
1598023230000,63,76
1598023530000,61,66
1598023830000,65,53
1598024130000,62,53
1598024430000,63,51
1598024730000,65,72
1598025030000,64,72
1598025330000,60,64
1598025630000,60,55
1598025930000,62,59
1598026230000,62,69
1598026530000,71,31
1598026830000,67,50
1598027130000,67,57
1598027430000,70,39
1598027730000,66,66
1598028030000,62,57
1598028330000,69,64
1598090933000,67,53
1598091233000,71,41
1598091533000,68,51
1598091833000,64,76
1598092133000,59,112
1598092433000,59,111
1598092733000,58,117
1598093033000,59,125
1598093333000,60,102
1598093633000,62,70
1598093933000,62,76
1598094233000,62,99
1598094533000,62,105
1598094833000,61,87
1598095133000,64,101
1598095433000,71,54
1598095733000,73,44
1598096033000,72,47
1598096333000,67,62
1598096633000,64,88
1598096933000,63,89
1598097233000,62,101
1598097533000,62,95
1598097833000,61,102
1598098133000,60,109
1598098433000,59,93
1598098733000,59,96
1598099033000,58,89
1598099333000,59,92
1598099633000,59,88
1598099933000,59,101
1598100233000,65,77
1598100533000,74,26
1598100833000,71,45
1598101133000,69,58
1598101433000,65,69
1598101733000,63,62
1598102033000,60,51
1598102333000,59,41
1598102633000,58,36
1598102933000,58,40
1598103233000,57,41
1598103533000,58,35
1598103833000,56,41
1598104133000,56,42
1598104433000,56,44
1598104733000,57,48
1598105033000,57,59
1598105333000,66,44
1598105633000,66,54
1598105933000,66,53
1598106233000,60,81
1598106533000,61,86
1598106833000,60,64
1598107133000,62,82
1598107433000,58,49
1598107733000,56,43
1598108033000,56,54
1598108333000,56,61
1598108633000,57,43
1598108933000,55,48
1598109233000,55,39
1598109533000,55,40
1598109833000,56,37
1598110133000,56,46
1598110433000,57,48
1598110733000,57,63
1598111033000,60,59
1598111333000,62,87
1598111633000,65,59
1598111933000,67,74
1598112233000,68,52
1598112533000,65,74
1598112833000,61,52
1598113133000,59,45
1598113433000,58,32
1598113733000,58,60
1598114033000,57,64
1598114333000,56,41
1598114633000,59,50
1598114933000,59,48
1598115233000,59,52
1598115533000,60,48
1598115833000,64,71
1598116133000,73,61
1598184211000,0,0
1598184511000,70,45
1598184811000,68,42
1598185111000,65,56
1598185411000,62,71
1598185711000,61,79
1598186011000,62,77
1598186311000,61,80
1598186611000,60,111
1598186911000,58,114
1598187211000,59,97
1598187511000,62,63
1598187811000,64,54
1598188111000,73,29
1598188411000,71,37
1598188711000,68,48
1598189011000,69,49
1598189311000,64,45
1598189611000,61,39
1598189911000,60,38
1598190211000,60,40
1598190511000,59,41
1598190811000,59,50
1598191111000,59,39
1598191411000,59,39
1598191711000,59,44
1598192011000,59,37
1598192311000,59,39
1598192611000,59,36
1598192911000,60,48
1598193211000,60,38
1598193511000,62,67
1598193811000,67,38
1598194111000,67,48
1598194411000,64,65
1598194711000,65,76
1598195011000,61,67
1598195311000,61,58
1598195611000,57,41
1598195911000,57,40
1598196211000,57,44
1598196511000,57,46
1598196811000,57,46
1598197111000,58,44
1598197411000,60,51
1598197711000,57,47
1598198011000,60,34
1598198311000,60,67
1598198611000,64,89
1598198911000,64,66
1598199211000,65,57
1598199511000,77,22
1598199811000,72,42
1598200111000,65,74
1598200411000,66,64
1598200711000,61,61
1598201011000,59,37
1598201311000,57,41
1598201611000,61,48
1598201911000,59,56
1598202211000,62,42
1598202511000,59,43
1598202811000,59,48
1598203111000,0,0
1598203411000,0,0
1598203711000,0,0
1598204011000,61,38
1598204311000,62,42
1598204611000,58,55
1598204911000,58,45
1598205211000,58,48
1598205511000,58,48
1598205811000,59,42
1598206111000,58,46
1598206411000,59,51
1598206711000,63,43
1598207011000,67,48
1598207311000,63,53
1598207611000,71,47
1598207911000,68,49
1598208211000,68,58
1598208511000,70,46
1598208811000,69,58
1598209111000,75,30
1598209411000,69,48
1598209711000,64,46
1598210011000,63,47
1598210311000,0,0
1598265751000,61,62
1598266051000,61,102
1598266351000,59,141
1598266651000,58,159
1598266951000,58,162
1598267251000,58,164
1598267551000,58,154
1598267851000,59,136
1598268151000,60,122
1598268451000,60,115
1598268751000,60,110
1598269051000,61,98
1598269351000,65,59
1598269651000,67,58
1598269951000,71,46
1598270251000,64,74
1598270551000,60,94
1598270851000,60,99
1598271151000,59,98
1598271451000,59,84
1598271751000,60,70
1598272051000,59,71
1598272351000,60,69
1598272651000,60,61
1598272951000,60,56
1598273251000,59,50
1598273551000,62,49
1598273851000,68,47
1598274151000,70,40
1598274451000,72,40
1598274751000,65,59
1598275051000,65,65
1598275351000,59,64
1598275651000,60,39
1598275951000,59,45
1598276251000,59,47
1598276551000,59,53
1598276851000,59,56
1598277151000,59,49
1598277451000,59,45
1598277751000,58,44
1598278051000,59,44
1598278351000,59,46
1598278651000,59,47
1598278951000,62,64
1598279251000,63,54
1598279551000,65,61
1598279851000,68,53
1598280151000,61,65
1598280451000,63,51
1598280751000,61,59
1598281051000,58,60
1598281351000,57,50
1598281651000,59,49
1598281951000,59,43
1598282251000,60,37
1598282551000,57,39
1598282851000,57,36
1598283151000,57,38
1598283451000,59,41
1598283751000,59,32
1598284051000,60,33
1598284351000,60,58
1598284651000,59,61
1598284951000,60,36
1598285251000,62,68
1598285551000,66,49
1598285851000,68,55
1598286151000,67,43
1598286451000,73,20
1598286751000,76,22
1598287051000,69,38
1598287351000,64,55
1598287651000,62,46
1598287951000,61,34
1598288251000,58,41
1598288551000,59,36
1598288851000,61,37
1598289151000,61,27
1598289451000,61,32
1598289751000,60,46
1598290051000,61,73
1598290351000,58,58
1598290651000,63,77
1598290951000,63,67
1598291251000,67,48
1598291551000,67,46
1598291851000,66,54
1598292151000,64,51
1598292451000,60,37
1598292751000,64,37
1598293051000,62,56
1598293351000,62,51
1598293651000,60,48
1598293951000,59,40
1598294251000,60,41
1598294551000,59,43
1598294851000,74,43
1598355631000,65,26
1598355931000,64,27
1598356231000,61,30
1598356531000,61,32
1598356831000,60,32
1598357131000,60,34
1598357431000,61,40
1598357731000,62,25
1598358031000,62,33
1598358331000,61,41
1598358631000,63,45
1598358931000,66,57
1598359231000,63,73
1598359531000,64,46
1598359831000,60,32
1598360131000,60,31
1598360431000,59,35
1598360731000,59,33
1598361031000,60,33
1598361331000,60,38
1598361631000,58,35
1598361931000,58,32
1598362231000,58,35
1598362531000,58,36
1598362831000,58,37
1598363131000,58,35
1598363431000,58,37
1598363731000,61,49
1598364031000,64,51
1598364331000,66,51
1598364631000,67,45
1598364931000,64,61
1598365231000,62,45
1598365531000,59,50
1598365831000,59,40
1598366131000,61,48
1598366431000,58,45
1598366731000,57,48
1598367031000,56,59
1598367331000,56,50
1598367631000,56,49
1598367931000,60,54
1598368231000,59,61
1598368531000,64,48
1598368831000,70,35
1598369131000,73,37
1598369431000,64,63
1598369731000,68,40
1598370031000,60,63
1598370331000,59,51
1598370631000,56,62
1598370931000,58,50
1598371231000,57,39
1598371531000,57,37
1598371831000,57,36
1598372131000,58,39
1598372431000,58,35
1598372731000,58,37
1598373031000,59,63
1598373331000,58,62
1598373631000,59,56
1598373931000,55,99
1598374231000,59,88
1598374531000,60,68
1598374831000,60,66
1598375131000,59,72
1598375431000,59,55
1598375731000,58,62
1598376031000,57,56
1598376331000,58,49
1598376631000,55,49
1598376931000,55,49
1598377231000,57,51
1598377531000,58,69
1598377831000,56,68
1598378131000,56,70
1598378431000,62,63
1598378731000,70,38
1598379031000,64,46
1598379331000,60,65
1598379631000,62,75
1598379931000,60,62
1598380231000,60,41
1598380531000,58,42
1598380831000,58,43
1598381131000,57,41
1598381431000,58,38
1598381731000,58,43
1598382031000,60,38
1598382331000,63,40
1598382631000,63,35
1598382931000,63,48
1598383231000,63,44
1598383531000,59,72
1598383831000,63,63
1598384131000,62,64
1598384431000,61,41
1598384731000,61,44
1598385031000,58,65
1598385331000,61,47
1598385631000,62,41
1598385931000,0,0
1598437470000,0,0
1598437770000,63,38
1598438070000,60,43
1598438370000,60,43
1598438670000,60,41
1598438970000,59,38
1598439270000,60,41
1598439570000,60,43
1598439870000,59,35
1598440170000,60,37
1598440470000,59,41
1598440770000,60,39
1598441070000,60,40
1598441370000,60,40
1598441670000,60,41
1598441970000,65,63
1598442270000,69,57
1598442570000,70,43
1598442870000,64,43
1598443170000,60,44
1598443470000,59,42
1598443770000,58,44
1598444070000,57,49
1598444370000,58,49
1598444670000,58,59
1598444970000,57,42
1598445270000,58,40
1598445570000,58,39
1598445870000,59,45
1598446170000,60,44
1598446470000,61,40
1598446770000,67,44
1598447070000,69,27
1598447370000,63,66
1598447670000,59,51
1598447970000,59,43
1598448270000,57,38
1598448570000,57,35
1598448870000,57,39
1598449170000,57,49
1598449470000,57,41
1598449770000,57,39
1598450070000,57,52
1598450370000,60,54
1598450670000,58,44
1598450970000,57,55
1598451270000,62,49
1598451570000,60,63
1598451870000,60,42
1598452170000,62,41
1598452470000,61,37
1598452770000,61,33
1598453070000,62,51
1598453370000,58,48
1598453670000,55,62
1598453970000,55,63
1598454270000,57,39
1598454570000,57,34
1598454870000,58,34
1598455170000,58,31
1598455470000,58,32
1598455770000,59,32
1598456070000,59,32
1598456370000,59,31
1598456670000,59,55
1598456970000,58,61
1598457270000,62,57
1598457570000,68,39
1598457870000,67,45
1598458170000,61,59
1598458470000,56,62
1598458770000,55,71
1598459070000,60,66
1598459370000,56,52
1598459670000,56,45
1598459970000,55,56
1598460270000,55,59
1598460570000,56,53
1598460870000,56,46
1598461170000,57,42
1598461470000,57,59
1598461770000,56,62
1598462070000,57,60
1598462370000,63,54
1598462670000,65,50
1598462970000,65,44
1598463270000,71,31
1598463570000,66,54
1598463870000,69,43
1598464170000,62,53
1598464470000,61,56
1598464770000,61,57
1598465070000,59,46
1598465370000,58,64
1598465670000,58,53
1598465970000,60,45
1598466270000,57,60
1598466570000,58,53
1598466870000,58,50
1598467170000,58,45
1598467470000,59,50
1598467770000,59,46
1598468070000,63,50
1598468370000,62,69
1598468670000,65,56
1598468970000,74,42
1598469270000,64,46
1598469570000,64,41
1598469870000,64,52
1598470170000,61,47
1598470470000,60,53
1598470770000,60,41
1598471070000,0,0
1598523270000,65,41
1598523570000,63,40
1598523870000,61,59
1598524170000,62,42
1598524470000,62,32
1598524770000,62,31
1598525070000,66,45
1598525370000,68,55
1598525670000,65,42
1598525970000,65,46
1598526270000,63,25
1598526570000,63,25
1598526870000,63,49
1598527170000,63,35
1598527470000,63,63
1598527770000,64,33
1598528070000,64,59
1598528370000,65,65
1598528670000,71,51
1598528970000,77,20
1598529270000,75,23
1598529570000,70,44
1598529870000,67,48
1598530170000,67,56
1598530470000,66,56
1598530770000,66,46
1598531070000,65,61
1598531370000,64,59
1598531670000,63,61
1598531970000,73,43
1598532270000,75,32
1598532570000,66,72
1598532870000,62,60
1598533170000,62,45
1598533470000,63,54
1598533770000,61,64
1598534070000,59,36
1598534370000,62,68
1598534670000,61,32
1598534970000,61,38
1598535270000,61,37
1598535570000,57,32
1598535870000,57,33
1598536170000,58,59
1598536470000,62,86
1598536770000,67,54
1598537070000,66,69
1598537370000,64,64
1598537670000,59,43
1598537970000,58,36
1598538270000,57,62
1598538570000,57,45
1598538870000,57,40
1598539170000,57,51
1598539470000,57,35
1598539770000,57,39
1598540070000,57,38
1598540370000,61,58
1598540670000,62,63
1598540970000,61,83
1598541270000,65,63
1598541570000,67,59
1598541870000,61,94
1598542170000,63,85
1598542470000,59,60
1598542770000,59,36
1598543070000,60,47
1598543370000,59,81
1598543670000,57,44
1598543970000,58,40
1598544270000,57,50
1598544570000,57,54
1598544870000,58,70
1598545170000,54,84
1598545470000,58,85
1598545770000,60,95
1598546070000,67,64
1598546370000,63,89
1598546670000,62,85
1598546970000,59,68
1598547270000,62,83
1598782529000,62,48
1598782829000,60,42
1598783129000,58,49
1598783429000,58,46
1598783729000,59,43
1598784029000,59,55
1598784329000,59,43
1598784629000,60,43
1598784929000,60,47
1598785229000,60,45
1598785529000,60,46
1598785829000,60,53
1598786129000,61,68
1598786429000,67,79
1598786729000,73,46
1598787029000,71,54
1598787329000,68,77
1598787629000,60,93
1598787929000,61,84
1598788229000,56,90
1598788529000,56,86
1598788829000,56,63
1598789129000,57,54
1598789429000,57,48
1598789729000,58,33
1598790029000,60,39
1598790329000,66,69
1598790629000,69,57
1598790929000,68,51
1598791229000,67,63
1598791529000,62,70
1598791829000,60,41
1598792129000,59,44
1598792429000,56,56
1598792729000,58,76
1598793029000,56,52
1598793329000,58,52
1598793629000,58,54
1598793929000,60,53
1598794229000,58,39
1598794529000,57,62
1598874089000,66,41
1598874389000,66,54
1598874689000,64,45
1598874989000,63,26
1598875289000,62,28
1598875589000,62,29
1598875889000,62,29
1598876189000,62,27
1598876489000,62,28
1598876789000,63,59
1598877089000,65,38
1598877389000,69,45
1598877689000,70,37
1598877989000,63,59
1598878289000,61,35
1598878589000,60,34
1598878889000,60,35
1598879189000,60,38
1598879489000,61,36
1598879789000,61,50
1598880089000,60,37
1598880389000,60,39
1598880689000,59,38
1598880989000,59,38
1598881289000,59,37
1598881589000,59,36
1598881889000,65,49
1598882189000,74,17
1598882489000,73,21
1598882789000,73,30
1598883089000,70,42
1598883389000,66,48
1598883689000,66,51
1598883989000,67,51
1598884289000,63,58
1598884589000,62,31
1598884889000,61,36
1598885189000,60,64
1598885489000,58,49
1598885789000,58,55
1598886089000,58,41
1598886389000,59,68
1598886689000,59,54
1598886989000,58,38
1598887289000,62,54
1598887589000,71,37
1598887889000,73,29
1598888189000,67,53
1598888489000,62,65
1598888789000,63,61
1598889089000,64,56
1598889389000,59,60
1598889689000,59,40
1598889989000,60,32
1598890289000,60,32
1598890589000,61,50
1598890889000,61,44
1598891189000,61,51
1598891489000,61,27
1598891789000,61,31
1598892089000,61,55
1598892389000,61,75
1598892689000,70,40
1598892989000,65,51
1598893289000,71,37
1598893589000,66,57
1598893889000,69,37
1598894189000,65,56
1598894489000,0,0
1598894789000,69,53
1598895089000,65,49
1598895389000,63,66
1598895689000,60,57
1598895989000,58,45
1598896289000,58,50
1598896589000,58,43
1598896889000,58,55
1598897189000,58,51
1598897489000,60,47
1598897789000,60,62
1598898089000,61,50
1598898389000,64,52
1598898689000,0,0
1598898989000,63,62
1598899289000,63,48
1598899589000,64,52
1598899889000,64,50
1598900189000,67,54
1598900489000,61,53
1598900789000,61,39
1598901089000,61,54
1598901389000,0,0
1598901689000,0,0
1598901989000,64,58
1598902289000,61,54
1598902589000,64,59
1598902889000,62,46
1598903189000,0,0
1598962231000,69,44
1598962531000,66,30
1598962831000,63,21
1598963131000,63,22
1598963431000,63,22
1598963731000,63,23
1598964031000,62,26
1598964331000,62,26
1598964631000,62,26
1598964931000,61,28
1598965231000,60,32
1598965531000,68,51
1598965831000,70,31
1598966131000,66,45
1598966431000,62,49
1598966731000,60,37
1598967031000,59,34
1598967331000,59,30
1598967631000,59,35
1598967931000,59,33
1598968231000,60,40
1598968531000,58,36
1598968831000,58,35
1598969131000,57,38
1598969431000,58,32
1598969731000,59,44
1598970031000,59,46
1598970331000,65,46
1598970631000,70,27
1598970931000,68,34
1598971231000,63,56
1598971531000,61,36
1598971831000,59,34
1598972131000,58,38
1598972431000,59,36
1598972731000,59,33
1598973031000,59,30
1598973331000,60,34
1598973631000,57,40
1598973931000,57,32
1598974231000,58,32
1598974531000,58,35
1598974831000,58,34
1598975131000,58,33
1598975431000,61,61
1598975731000,60,40
1598976031000,61,52
1598976331000,64,43
1598976631000,69,28
1598976931000,66,40
1598977231000,63,46
1598977531000,62,44
1598977831000,60,38
1598978131000,62,27
1598978431000,61,39
1598978731000,59,38
1598979031000,59,39
1598979331000,60,34
1598979631000,60,31
1598979931000,62,42
1598980231000,59,32
1598980531000,61,40
1598980831000,60,37
1598981131000,61,31
1598981431000,60,44
1598981731000,61,42
1598982031000,66,52
1598982331000,68,41
1598982631000,70,34
1598982931000,67,42
1598983231000,71,29
1598983531000,64,56
1598983831000,63,61
1598984131000,62,34
1598984431000,63,39
1598984731000,61,39
1598985031000,61,47
1598985331000,59,39
1598985631000,62,39
1598985931000,60,42
1598986231000,60,55
1598986531000,60,37
1598986831000,61,46
1598987131000,63,61
1598987431000,65,61
1598987731000,66,58
1598988031000,64,55
1598988331000,63,35
1598988631000,0,0
1599050489000,0,0
1599050789000,69,16
1599051089000,68,31
1599051389000,68,25
1599051689000,66,21
1599051989000,65,27
1599052289000,65,22
1599052589000,66,23
1599052889000,65,24
1599053189000,65,24
1599053489000,65,23
1599053789000,65,25
1599054089000,64,24
1599054389000,64,25
1599054689000,64,24
1599054989000,64,25
1599055289000,67,40
1599055589000,72,37
1599055889000,70,44
1599056189000,68,42
1599056489000,65,40
1599056789000,64,23
1599057089000,64,22
1599057389000,63,22
1599057689000,64,23
1599057989000,63,25
1599058289000,63,26
1599058589000,60,37
1599058889000,60,36
1599059189000,60,31
1599059489000,61,30
1599059789000,61,34
1599060089000,60,41
1599060389000,61,31
1599060689000,60,37
1599060989000,63,34
1599061289000,71,42
1599061589000,67,42
1599061889000,71,31
1599062189000,65,47
1599062489000,69,39
1599062789000,65,37
1599063089000,62,36
1599063389000,64,49
1599063689000,61,30
1599063989000,59,38
1599064289000,60,35
1599064589000,60,34
1599064889000,60,37
1599065189000,59,50
1599065489000,59,51
1599065789000,61,41
1599066089000,61,31
1599066389000,59,39
1599066689000,61,48
1599066989000,66,54
1599067289000,66,42
1599067589000,62,52
1599067889000,66,37
1599068189000,63,45
1599068489000,60,50
1599068789000,60,41
1599069089000,61,33
1599069389000,60,49
1599069689000,60,47
1599069989000,65,18
1599070289000,65,18
1599070589000,64,17
1599070889000,64,20
1599071189000,61,73
1599071489000,62,58
1599071789000,65,66
1599072089000,66,65
1599072389000,74,27
1599072689000,72,37
1599072989000,70,39
1599073289000,70,48
1599073589000,0,0
1599073889000,65,33
1599074189000,63,42
1599074489000,0,0
1599123509000,72,29
1599123809000,70,21
1599124109000,72,41
1599124409000,74,39
1599124709000,75,33
1599125009000,75,33
1599125309000,75,31
1599125609000,75,31
1599125909000,75,29
1599126209000,74,28
1599126509000,74,30
1599126809000,74,30
1599127109000,73,31
1599127409000,74,40
1599127709000,75,19
1599128009000,73,26
1599128309000,73,29
1599128609000,70,34
1599128909000,65,53
1599129209000,62,26
1599129509000,61,27
1599129809000,61,43
1599130109000,61,54
1599130409000,61,30
1599130709000,61,31
1599131009000,60,32
1599131309000,60,33
1599131609000,63,49
1599131909000,66,32
1599132209000,71,30
1599132509000,72,29
1599132809000,66,53
1599133109000,65,51
1599133409000,65,70
1599133709000,63,58
1599134009000,62,32
1599134309000,62,52
1599134609000,62,26
1599134909000,59,93
1599135209000,60,78
1599135509000,59,43
1599135809000,59,36
1599136109000,63,46
1599136409000,63,54
1599136709000,62,54
1599137009000,63,83
1599137309000,63,61
1599137609000,69,43
1599137909000,68,41
1599138209000,64,70
1599138509000,62,80
1599138809000,61,61
1599139109000,61,59
1599139409000,62,72
1599139709000,60,75
1599140009000,59,75
1599140309000,64,60
1599140609000,64,60
1599140909000,63,67
1599141209000,63,63
1599141509000,65,62
1599141809000,65,56
1599142109000,61,47
1599142409000,60,73
1599142709000,69,34
1599143009000,70,35
1599143309000,78,21
1599143609000,70,27
1599143909000,67,45
1599144209000,65,48
1599144509000,65,42
1599144809000,63,54
1599145109000,62,48
1599145409000,62,55
1599145709000,62,56
1599146009000,62,58
1599146309000,62,53
1599146609000,62,42
1599146909000,62,59
1599147209000,62,55
1599147509000,63,56
1599147809000,66,49
1599148109000,67,46
1599148409000,67,58
1599148709000,68,47
1599149009000,70,35
1599149309000,68,46
1599149609000,68,46
1599149909000,66,43
1599150209000,65,63
1599150509000,65,54
1599150809000,67,43
1599151109000,65,46
1599151409000,65,46
1599151709000,64,48
1599152009000,63,48
1599152309000,62,49
1599152609000,65,53
1599152909000,65,45
1599153209000,65,46
1599153509000,66,42
1599153809000,66,38
1599154109000,66,43
1599154409000,66,39
1599154709000,67,38
1599155009000,68,42
1599155309000,65,45
1599155609000,69,45
1599155909000,73,34
1599156209000,68,40
1599156509000,70,41
1599156809000,69,52
1599220649000,0,0
1599220949000,0,0
1599221249000,0,0
1599221549000,66,30
1599221849000,63,27
1599222149000,62,21
1599222449000,61,20
1599222749000,61,28
1599223049000,61,20
1599223349000,61,20
1599223649000,62,20
1599223949000,62,28
1599224249000,62,23
1599224549000,62,28
1599224849000,67,39
1599225149000,70,40
1599225449000,67,55
1599225749000,65,23
1599226049000,63,24
1599226349000,60,29
1599226649000,59,36
1599226949000,58,34
1599227249000,58,33
1599227549000,58,33
1599227849000,58,33
1599228149000,59,33
1599228449000,58,33
1599228749000,58,34
1599229049000,59,35
1599229349000,59,37
1599229649000,59,38
1599229949000,63,32
1599230249000,66,52
1599230549000,63,65
1599230849000,66,41
1599231149000,62,32
1599231449000,61,32
1599231749000,59,42
1599232049000,58,35
1599232349000,58,37
1599232649000,57,44
1599232949000,60,31
1599233249000,59,36
1599233549000,59,35
1599233849000,59,31
1599234149000,60,32
1599234449000,59,40
1599234749000,61,47
1599235049000,60,32
1599235349000,60,42
1599235649000,63,81
1599235949000,62,73
1599236249000,72,30
1599236549000,72,30
1599236849000,69,42
1599237149000,63,61
1599237449000,63,25
1599237749000,60,31
1599238049000,59,35
1599238349000,60,35
1599238649000,60,27
1599238949000,60,30
1599239249000,59,38
1599239549000,59,31
1599303693000,0,0
1599303993000,0,0
1599304293000,0,0
1599304593000,0,0
1599304893000,57,71
1599305193000,58,55
1599305493000,57,58
1599305793000,58,34
1599306093000,58,40
1599306393000,58,39
1599306693000,58,36
1599306993000,57,36
1599307293000,58,36
1599307593000,58,32
1599307893000,59,33
1599308193000,62,35
1599308493000,63,49
1599308793000,68,47
1599309093000,65,70
1599309393000,63,51
1599309693000,61,29
1599309993000,62,36
1599310293000,61,39
1599310593000,61,43
1599310893000,60,43
1599311193000,60,42
1599311493000,60,58
1599311793000,60,42
1599312093000,60,43
1599312393000,61,45
1599312693000,58,44
1599312993000,57,45
1599313293000,58,44
1599313593000,58,47
1599313893000,57,55
1599314193000,64,61
1599314493000,0,0
1599314793000,0,0
1599315093000,69,50
1599315393000,69,31
1599315693000,61,43
1599315993000,61,62
1599316293000,58,39
1599316593000,57,39
1599316893000,57,40
1599317193000,57,47
1599317493000,56,53
1599317793000,56,50
1599318093000,58,35
1599318393000,58,35
1599318693000,58,35
1599318993000,57,51
1599319293000,57,45
1599319593000,57,41
1599319893000,57,47
1599320193000,57,42
1599320493000,57,44
1599320793000,61,50
1599321093000,60,76
1599321393000,61,73
1599321693000,62,77
1599321993000,62,67
1599322293000,59,46
1599322593000,57,45
1599322893000,56,51
1599323193000,57,47
1599323493000,57,50
1599323793000,57,51
1599324093000,61,48
1599324393000,59,43
1599324693000,57,73
1599324993000,0,0
1599325293000,0,0
1599325593000,0,0
1599325893000,63,48
1599326193000,68,34
1599326493000,61,75
1599326793000,63,55
1599327093000,61,62
1599327393000,60,61
1599327693000,60,47
1599327993000,60,60
1599328293000,58,53
1599328593000,57,40
1599328893000,57,37
1599329193000,57,41
1599329493000,58,48
1599329793000,62,35
1599330093000,60,49
1599330393000,62,54
1599330693000,61,54
1599330993000,0,0
1599331293000,0,0
1599395493000,0,0
1599395793000,60,37
1599396093000,59,40
1599396393000,57,38
1599396693000,58,34
1599396993000,58,35
1599397293000,58,33
1599397593000,59,36
1599397893000,58,40
1599398193000,58,37
1599398493000,58,38
1599398793000,59,41
1599399093000,59,35
1599399393000,63,41
1599399693000,64,47
1599399993000,63,54
1599400293000,61,38
1599400593000,59,29
1599400893000,57,36
1599401193000,57,40
1599401493000,57,35
1599401793000,57,33
1599402093000,57,40
1599402393000,57,35
1599402693000,58,37
1599402993000,57,40
1599403293000,57,38
1599403593000,57,37
1599403893000,57,40
1599404193000,57,41
1599404493000,58,36
1599404793000,61,43
1599405093000,69,36
1599405393000,66,51
1599405693000,63,52
1599405993000,61,55
1599406293000,59,37
1599406593000,56,42
1599406893000,56,40
1599407193000,56,42
1599407493000,56,56
1599407793000,58,36
1599408093000,59,30
1599408393000,58,31
1599408693000,58,32
1599408993000,58,32
1599409293000,58,32
1599409593000,58,31
1599409893000,58,42
1599410193000,65,47
1599410493000,65,52
1599410793000,67,47
1599411093000,67,42
1599411393000,65,47
1599411693000,60,61
1599411993000,59,31
1599412293000,59,32
1599412593000,58,35
1599412893000,58,38
1599413193000,58,36
1599413493000,58,35
1599413793000,56,47
1599414093000,56,52
1599414393000,56,42
1599414693000,56,47
1599414993000,56,60
1599415293000,56,76
1599415593000,57,76
1599415893000,59,47
1599416193000,62,52
1599416493000,68,32
1599416793000,68,32
1599417093000,60,76
1599417393000,60,58
1599417693000,58,64
1599417993000,58,55
1599418293000,58,62
1599418593000,62,30
1599418893000,59,53
1599419193000,55,59
1599419493000,0,0
1599477209000,0,0
1599477509000,0,0
1599477809000,61,29
1599478109000,59,34
1599478409000,59,31
1599478709000,60,29
1599479009000,59,29
1599479309000,60,30
1599479609000,59,33
1599479909000,60,30
1599480209000,61,30
1599480509000,62,28
1599480809000,66,54
1599481109000,63,66
1599481409000,61,51
1599481709000,62,48
1599482009000,61,26
1599482309000,60,26
1599482609000,60,28
1599482909000,60,27
1599483209000,60,34
1599483509000,59,32
1599483809000,58,35
1599484109000,58,35
1599484409000,58,37
1599484709000,58,38
1599485009000,58,39
1599485309000,58,41
1599485609000,62,52
1599485909000,66,55
1599486209000,66,44
1599486509000,64,50
1599486809000,63,40
1599487109000,60,26
1599487409000,57,36
1599487709000,56,36
1599488009000,56,37
1599488309000,55,42
1599488609000,56,40
1599488909000,58,40
1599489209000,58,38
1599489509000,59,42
1599489809000,59,35
1599490109000,58,31
1599490409000,58,35
1599490709000,59,32
1599491009000,59,32
1599491309000,61,60
1599491609000,66,43
1599491909000,72,28
1599492209000,73,28
1599492509000,67,33
1599492809000,65,38
1599493109000,65,51
1599493409000,61,44
1599493709000,60,46
1599494009000,59,36
1599494309000,59,39
1599494609000,58,34
1599494909000,58,36
1599495209000,57,37
1599495509000,54,49
1599495809000,55,42
1599496109000,55,46
1599496409000,56,41
1599496709000,57,41
1599497009000,59,43
1599497309000,59,39
1599497609000,60,51
1599497909000,61,71
1599498209000,62,62
1599498509000,61,68
1599498809000,59,76
1599499109000,71,36
1599499409000,70,42
1599499709000,64,54
1599500009000,61,50
1599500309000,60,38
1599500609000,59,41
1599500909000,58,40
1599501209000,57,40
1599501509000,58,45
1599501809000,58,40
1599502109000,59,68
1599502409000,58,41
1599502709000,58,41
1599503009000,58,48
1599503309000,58,40
1599503609000,58,53
1599503909000,56,54
1599504209000,59,60
1599504509000,59,51
1599504809000,60,59
1599505109000,67,45
1599505409000,72,34
1599505709000,63,55
1599506009000,62,58
1599506309000,67,51
1599506609000,68,58
1599506909000,67,52
1599507209000,64,44
1599507509000,62,31
1599507809000,64,33
1599508109000,58,33
1599508409000,57,39
1599508709000,57,40
1599509009000,58,53
1599509309000,58,42
1599509609000,58,33
1599509909000,59,42
1599510209000,62,44
1599510509000,64,41
1599510809000,64,53
1599511109000,63,48
1599511409000,62,40
1599511709000,0,0
1599564809000,65,54
1599565109000,62,81
1599565409000,61,85
1599565709000,60,89
1599566009000,60,104
1599566309000,59,103
1599566609000,60,93
1599566909000,60,93
1599567209000,60,93
1599567509000,60,85
1599567809000,61,77
1599568109000,60,77
1599568409000,61,78
1599568709000,62,59
1599569009000,66,62
1599569309000,63,49
1599569609000,61,49
1599569909000,59,48
1599570209000,59,38
1599570509000,59,56
1599570809000,59,44
1599571109000,62,51
1599571409000,59,34
1599571709000,58,39
1599572009000,59,35
1599572309000,59,40
1599572609000,57,27
1599572909000,61,34
1599573209000,63,46
1599573509000,67,42
1599573809000,64,57
1599574109000,61,57
1599574409000,64,43
1599574709000,62,42
1599575009000,61,48
1599575309000,59,47
1599575609000,59,32
1599575909000,59,49
1599576209000,58,34
1599576509000,58,37
1599576809000,57,35
1599577109000,59,51
1599577409000,58,34
1599577709000,58,34
1599578009000,58,31
1599578309000,58,30
1599578609000,59,30
1599578909000,59,31
1599579209000,59,32
1599579509000,59,29
1599579809000,59,27
1599580109000,63,38
1599580409000,64,40
1599580709000,64,55
1599581009000,65,53
1599581309000,64,63
1599581609000,62,60
1599581909000,62,42
1599582209000,61,49
1599582509000,60,63
1599582809000,59,42
1599583109000,59,66
1599583409000,58,39
1599583709000,59,40
1599584009000,60,42
1599584309000,57,38
1599584609000,57,54
1599584909000,56,46
1599585209000,57,62
1599585509000,58,49
1599585809000,62,58
1599586109000,72,36
1599586409000,72,22
1599586709000,70,29
1599587009000,62,43
1599587309000,66,51
1599587609000,62,29
1599587909000,61,38
1599588209000,61,39
1599588509000,60,48
1599588809000,58,48
1599589109000,59,50
1599589409000,59,30
1599589709000,60,34
1599590009000,60,39
1599590309000,59,31
1599590609000,58,38
1599590909000,58,33
1599591209000,59,34
1599591509000,59,33
1599591809000,60,46
1599592109000,58,75
1599592409000,66,49
1599592709000,68,50
1599593009000,70,39
1599593309000,68,52
1599593609000,65,55
1599593909000,63,52
1599594209000,62,49
1599594509000,0,0
1599638728000,0,0
1599639028000,0,0
1599639328000,0,0
1599639628000,0,0
1599639928000,0,0
1599640228000,0,0
1599640528000,0,0
1599640828000,0,0
1599641128000,0,0
1599641428000,0,0
1599641728000,68,56
1599642028000,74,50
1599642328000,79,22
1599642628000,72,46
1599642928000,70,43
1599643228000,68,37
1599643528000,67,41
1599643828000,66,45
1599644128000,65,38
1599644428000,63,44
1599644728000,60,45
1599645028000,60,52
1599645328000,61,40
1599645628000,63,48
1599645928000,61,71
1599646228000,67,51
1599646528000,71,36
1599646828000,76,20
1599647128000,70,45
1599647428000,66,43
1599647728000,62,59
1599648028000,57,70
1599648328000,59,71
1599648628000,63,28
1599648928000,63,25
1599649228000,62,30
1599649528000,61,33
1599649828000,61,34
1599650128000,62,28
1599650428000,61,75
1599650728000,54,103
1599651028000,54,112
1599651328000,55,62
1599651628000,55,78
1599651928000,55,60
1599652228000,62,39
1599652528000,66,58
1599652828000,64,80
1599653128000,59,65
1599653428000,59,51
1599653728000,59,42
1599654028000,61,40
1599654328000,57,42
1599654628000,61,62
1599654928000,58,36
1599655228000,56,61
1599655528000,56,84
1599655828000,56,45
1599656128000,60,67
1599656428000,56,81
1599656728000,58,77
1599657028000,56,72
1599657328000,56,44
1599657628000,64,51
1599657928000,61,70
1599658228000,59,72
1599658528000,57,62
1599658828000,58,38
1599659128000,58,56
1599659428000,55,50
1599659728000,55,59
1599660028000,57,38
1599660328000,58,35
1599660628000,58,29
1599660928000,58,30
1599661228000,58,29
1599661528000,58,28
1599661828000,59,42
1599662128000,61,51
1599662428000,68,56
1599662728000,60,73
1599663028000,58,72
1599663328000,61,49
1599663628000,68,32
1599663928000,0,0
1599664228000,0,0
1599664528000,66,52
1599664828000,0,0
1599665128000,0,0
1599740458000,0,0
1599740758000,64,44
1599741058000,61,31
1599741358000,58,38
1599741658000,58,38
1599741958000,57,41
1599742258000,57,41
1599742558000,57,38
1599742858000,57,37
1599743158000,57,45
1599743458000,57,42
1599743758000,57,42
1599744058000,57,47
1599744358000,61,49
1599744658000,63,59
1599744958000,66,61
1599745258000,60,85
1599745558000,58,38
1599745858000,57,33
1599746158000,57,36
1599746458000,57,32
1599746758000,57,32
1599747058000,57,37
1599747358000,57,37
1599747658000,57,32
1599747958000,58,29
1599748258000,58,45
1599748558000,57,34
1599748858000,56,53
1599749158000,59,84
1599749458000,61,77
1599749758000,64,47
1599750058000,62,57
1599750358000,57,62
1599750658000,57,36
1599750958000,55,47
1599751258000,57,45
1599751558000,56,44
1599751858000,54,69
1599752158000,52,68
1599752458000,52,70
1599752758000,52,63
1599753058000,52,62
1599753358000,52,64
1599753658000,52,65
1599753958000,52,68
1599754258000,53,62
1599754558000,54,67
1599754858000,58,47
1599755158000,62,56
1599755458000,63,60
1599755758000,61,63
1599756058000,57,70
1599756358000,58,60
1599756658000,58,71
1599756958000,53,72
1599757258000,53,56
1599757558000,52,61
1599757858000,52,64
1599758158000,52,64
1599758458000,53,58
1599758758000,55,82
1599759058000,58,95
1599759358000,63,73
1599759658000,60,77
1599759958000,64,55
1599760258000,62,79
1599760558000,59,93
1599760858000,59,66
1599761158000,57,47
1599761458000,55,53
1599761758000,55,43
1599762058000,55,41
1599762358000,52,103
1599762658000,50,130
1599830038000,0,0
1599830338000,59,66
1599830638000,56,100
1599830938000,56,90
1599831238000,56,77
1599831538000,57,70
1599831838000,57,37
1599832138000,56,40
1599832438000,56,41
1599832738000,56,44
1599833038000,61,28
1599833338000,61,31
1599833638000,63,58
1599833938000,67,49
1599834238000,61,68
1599834538000,59,36
1599834838000,58,52
1599835138000,58,43
1599835438000,58,47
1599835738000,57,56
1599836038000,58,36
1599836338000,58,43
1599836638000,57,46
1599836938000,58,40
1599837238000,56,41
1599837538000,58,41
1599837838000,59,56
1599838138000,58,45
1599838438000,58,42
1599838738000,58,38
1599839038000,59,51
1599839338000,59,58
1599839638000,66,52
1599839938000,64,58
1599840238000,62,60
1599840538000,58,58
1599840838000,59,49
1599841138000,59,62
1599841438000,58,81
1599841738000,67,49
1599842038000,63,63
1599842338000,58,64
1599842638000,58,55
1599842938000,0,0
1599843238000,56,34
1599843538000,55,36
1599843838000,55,34
1599844138000,55,37
1599844438000,56,37
1599844738000,57,38
1599845038000,57,36
1599845338000,58,43
1599845638000,57,41
1599845938000,57,39
1599846238000,58,37
1599846538000,59,41
1599846838000,57,38
1599847138000,61,58
1599847438000,60,68
1599847738000,60,52
1599848038000,60,51
1599848338000,56,48
1599848638000,55,47
1599848938000,59,27
1599849238000,59,22
1599849538000,57,32
1599849838000,57,31
1599850138000,57,29
1599850438000,57,28
1599850738000,57,30
1599851038000,55,57
1599851338000,58,83
1599851638000,64,62
1599851938000,64,61
1599852238000,60,79
1599852538000,61,79
1599852838000,58,68
1599853138000,56,55
1599853438000,58,66
1599853738000,62,63
1599854038000,56,80
1599854338000,57,65
1599854638000,61,48
1599854938000,0,0
1599912778000,0,0
1599913078000,60,52
1599913378000,61,61
1599913678000,60,69
1599913978000,60,73
1599914278000,60,67
1599914578000,60,66
1599914878000,60,67
1599915178000,60,56
1599915478000,60,53
1599915778000,60,71
1599916078000,60,58
1599916378000,61,50
1599916678000,66,41
1599916978000,69,43
1599917278000,67,55
1599917578000,61,33
1599917878000,57,38
1599918178000,57,39
1599918478000,56,44
1599918778000,57,37
1599919078000,57,39
1599919378000,56,45
1599919678000,57,40
1599919978000,57,35
1599920278000,57,50
1599920578000,57,47
1599920878000,57,39
1599921178000,57,36
1599921478000,58,50
1599921778000,60,36
1599922078000,68,45
1599922378000,65,35
1599922678000,62,47
1599922978000,61,39
1599923278000,60,36
1599923578000,61,28
1599923878000,59,32
1599924178000,57,43
1599924478000,57,36
1599924778000,56,42
1599925078000,57,39
1599925378000,57,47
1599925678000,60,42
1599925978000,57,57
1599926278000,56,48
1599926578000,56,50
1599926878000,56,48
1599927178000,57,37
1599927478000,58,48
1599927778000,67,40
1599928078000,69,39
1599928378000,63,60
1599928678000,60,57
1599928978000,61,47
1599929278000,59,29
1599929578000,59,32
1599929878000,57,38
1599930178000,55,34
1599930478000,55,36
1599930778000,55,31
1599931078000,55,38
1599931378000,57,30
1599931678000,56,38
1599931978000,0,0
1599932278000,0,0
1599932578000,58,39
1599932878000,57,45
1599933178000,58,35
1599933478000,63,58
1599933778000,63,61
1599934078000,63,58
1599934378000,63,55
1599934678000,70,32
1599934978000,64,59
1599935278000,59,31
1599935578000,58,38
1599935878000,58,36
1599936178000,57,38
1599936478000,57,31
1599936778000,56,34
1599937078000,57,42
1599937378000,59,30
1599937678000,59,33
1599937978000,59,30
1599938278000,64,61
1599938578000,60,79
1600000443000,60,38
1600000743000,59,43
1600001043000,59,33
1600001343000,56,54
1600001643000,55,73
1600001943000,55,82
1600002243000,55,75
1600002543000,55,80
1600002843000,56,82
1600003143000,56,82
1600003443000,56,86
1600003743000,56,79
1600004043000,59,72
1600004343000,62,62
1600004643000,62,57
1600004943000,60,61
1600005243000,59,62
1600005543000,57,74
1600005843000,56,82
1600006143000,56,87
1600006443000,56,87
1600006743000,55,99
1600007043000,55,95
1600007343000,55,97
1600007643000,55,97
1600007943000,55,102
1600008243000,55,100
1600008543000,59,60
1600008843000,71,33
1600009143000,81,19
1600009443000,76,32
1600009743000,70,44
1600010043000,61,41
1600010343000,59,56
1600010643000,57,73
1600010943000,56,72
1600011243000,55,76
1600011543000,55,77
1600011843000,55,78
1600012143000,55,83
1600012443000,55,80
1600012743000,55,70
1600013043000,55,73
1600013343000,55,75
1600013643000,55,77
1600013943000,56,64
1600014243000,56,59
1600014543000,57,52
1600014843000,59,61
1600015143000,63,51
1600015443000,59,77
1600015743000,54,54
1600016043000,57,47
1600016343000,56,60
1600016643000,55,38
1600016943000,56,60
1600017243000,54,52
1600017543000,54,62
1600017843000,54,54
1600018143000,0,0
1600088583000,0,0
1600088883000,59,53
1600089183000,57,64
1600089483000,56,93
1600089783000,56,102
1600090083000,56,116
1600090383000,57,108
1600090683000,57,99
1600090983000,57,105
1600091283000,57,111
1600091583000,58,111
1600091883000,58,111
1600092183000,58,113
1600092483000,58,108
1600092783000,61,102
1600093083000,67,68
1600093383000,70,33
1600093683000,69,38
1600093983000,66,47
1600094283000,61,88
1600094583000,59,93
1600094883000,59,93
1600095183000,60,95
1600095483000,59,78
1600095783000,59,67
1600096083000,59,71
1600096383000,58,78
1600096683000,58,72
1600096983000,58,66
1600097283000,58,84
1600097583000,58,85
1600097883000,57,89
1600098183000,58,81
1600098483000,59,75
1600098783000,60,73
1600099083000,65,58
1600099383000,68,50
1600099683000,65,54
1600099983000,61,85
1600100283000,59,63
1600100583000,61,68
1600100883000,60,64
1600101183000,57,41
1600101483000,57,46
1600101783000,57,38
1600102083000,56,45
1600102383000,57,76
1600102683000,56,44
1600102983000,56,29
1600103283000,56,29
1600103583000,57,25
1600103883000,58,60
1600104183000,59,41
1600104483000,69,38
1600104783000,60,80
1600105083000,63,66
1600105383000,65,45
1600105683000,0,0
1600105983000,65,53
1600106283000,0,0
1600106583000,0,0
1600106883000,63,58
1600107183000,62,64
1600107483000,60,53
1600107783000,57,33
1600108083000,55,46
1600108383000,55,49
1600108683000,55,37
1600108983000,55,49
1600109283000,54,42
1600109583000,54,42
1600109883000,54,45
1600110183000,54,48
1600110483000,55,46
1600110783000,56,65
1600111083000,61,68
1600111383000,64,71
1600111683000,62,79
1600111983000,59,75
1600112283000,59,90
1600112583000,60,61
1600112883000,61,83
1600113183000,61,88
1600113483000,57,116
1600113783000,58,114
1600114083000,56,117
1600114383000,54,132
1600114683000,55,74
1600114983000,0,0
1600163220000,64,62
1600163520000,63,51
1600163820000,61,72
1600164120000,59,77
1600164420000,57,117
1600164720000,57,119
1600165020000,57,155
1600165320000,57,166
1600165620000,57,154
1600165920000,57,155
1600166220000,58,138
1600166520000,58,147
1600166820000,61,136
1600167120000,68,68
1600167420000,70,51
1600167720000,69,63
1600168020000,68,56
1600168320000,64,85
1600168620000,60,119
1600168920000,60,118
1600169220000,62,93
1600169520000,58,131
1600169820000,56,139
1600170120000,57,127
1600170420000,56,69
1600170720000,57,58
1600171020000,56,57
1600171320000,57,47
1600171620000,61,45
1600171920000,59,43
1600172220000,58,46
1600172520000,58,47
1600172820000,62,64
1600173120000,65,45
1600173420000,65,56
1600173720000,66,39
1600174020000,62,68
1600174320000,64,61
1600174620000,64,70
1600174920000,62,57
1600175220000,58,42
1600175520000,58,42
1600175820000,56,40
1600176120000,56,53
1600176420000,55,78
1600176720000,55,64
1600177020000,55,62
1600177320000,55,64
1600177620000,56,56
1600177920000,55,67
1600178220000,55,71
1600178520000,55,73
1600178820000,56,65
1600179120000,58,61
1600179420000,57,49
1600179720000,60,88
1600180020000,59,79
1600180320000,60,76
1600180620000,58,82
1600180920000,55,47
1600181220000,54,46
1600181520000,54,47
1600181820000,58,81
1600182120000,53,73
1600182420000,54,45
1600182720000,54,53
1600183020000,53,48
1600183320000,54,53
1600183620000,57,35
1600183920000,61,70
1600184220000,59,95
1600184520000,62,77
1600184820000,56,74
1600185120000,56,65
1600185420000,55,41
1600185720000,55,65
1600186020000,55,36
1600186320000,54,43
1600186620000,54,36
1600186920000,55,36
1600187220000,55,36
1600187520000,56,64
1600187820000,59,87
1600188120000,63,58
1600188420000,72,19
1600188720000,68,41
1600189020000,59,55
1600189320000,0,0
1600331159000,66,74
1600331459000,61,89
1600331759000,60,109
1600332059000,59,109
1600332359000,59,105
1600332659000,59,115
1600332959000,58,115
1600333259000,58,112
1600333559000,59,102
1600333859000,60,108
1600334159000,59,106
1600334459000,59,93
1600334759000,64,81
1600335059000,72,38
1600335359000,71,48
1600335659000,64,67
1600335959000,63,79
1600336259000,60,77
1600336559000,61,56
1600336859000,61,39
1600337159000,59,59
1600337459000,58,56
1600337759000,58,65
1600338059000,58,55
1600338359000,58,45
1600338659000,58,39
1600338959000,58,48
1600339259000,57,58
1600339559000,57,55
1600339859000,58,48
1600340159000,58,43
1600340459000,57,46
1600340759000,63,46
1600341059000,66,51
1600341359000,65,55
1600341659000,65,62
1600341959000,63,74
1600342259000,59,63
1600342559000,58,51
1600342859000,59,89
1600343159000,57,62
1600343459000,57,74
1600343759000,56,57
1600344059000,56,55
1600344359000,55,66
1600344659000,57,47
1600344959000,58,42
1600345259000,56,52
1600345559000,57,47
1600345859000,57,40
1600346159000,57,46
1600346459000,57,43
1600346759000,57,39
1600347059000,58,40
1600347359000,61,46
1600347659000,64,56
1600347959000,62,66
1600348259000,58,52
1600348559000,57,60
1600348859000,61,50
1600349159000,0,0
1600421429000,0,0
1600421729000,0,0
1600422029000,62,70
1600422329000,60,54
1600422629000,60,63
1600422929000,60,72
1600423229000,59,86
1600423529000,59,85
1600423829000,59,90
1600424129000,59,84
1600424429000,60,79
1600424729000,59,84
1600425029000,60,60
1600425329000,70,48
1600425629000,71,40
1600425929000,66,64
1600426229000,63,68
1600426529000,64,55
1600426829000,65,61
1600427129000,66,67
1600427429000,64,79
1600427729000,63,89
1600428029000,62,90
1600428329000,62,94
1600428629000,61,101
1600428929000,61,100
1600429229000,61,97
1600429529000,61,99
1600429829000,62,88
1600430129000,60,103
1600430429000,60,104
1600430729000,60,104
1600431029000,61,88
1600431329000,62,77
1600431629000,60,60
1600431929000,60,65
1600432229000,64,50
1600432529000,67,48
1600432829000,66,48
1600433129000,58,49
1600433429000,60,50
1600433729000,60,35
1600434029000,59,38
1600434329000,58,42
1600434629000,60,48
1600434929000,57,51
1600435229000,56,46
1600435529000,56,44
1600435829000,56,48
1600436129000,56,50
1600436429000,59,46
1600436729000,58,65
1600437029000,58,69
1600437329000,64,51
1600437629000,73,23
1600437929000,65,52
1600438229000,61,64
1600438529000,61,65
1600438829000,63,51
1600439129000,69,44
1600439429000,65,49
1600439729000,60,49
1600440029000,59,46
1600440329000,56,42
1600440629000,56,43
1600440929000,56,43
1600441229000,56,47
1600441529000,58,40
1600441829000,57,41
1600442129000,57,39
1600442429000,57,41
1600442729000,57,36
1600443029000,57,38
1600443329000,58,33
1600443629000,58,31
1600443929000,61,57
1600444229000,62,71
1600444529000,58,69
1600444829000,60,95
1600445129000,65,39
1600445429000,63,56
1600445729000,60,62
1600446029000,62,56
1600446329000,63,59
1600446629000,73,34
1600446929000,72,32
1600447229000,61,67
1600447529000,58,51
1600447829000,57,34
1600448129000,56,37
1600448429000,59,58
1600448729000,61,60
1600449029000,56,41
1600449329000,56,37
1600449629000,56,41
1600449929000,57,54
1600450229000,57,39
1600450529000,0,0
1600512149000,0,0
1600512449000,0,0
1600512749000,0,0
1600513049000,0,0
1600513349000,61,27
1600513649000,60,34
1600513949000,60,35
1600514249000,60,36
1600514549000,60,38
1600514849000,60,61
1600515149000,60,80
1600515449000,61,70
1600515749000,61,86
1600516049000,61,80
1600516349000,61,97
1600516649000,61,87
1600516949000,65,86
1600517249000,62,93
1600517549000,67,75
1600517849000,73,39
1600518149000,77,28
1600518449000,73,40
1600518749000,70,43
1600519049000,67,58
1600519349000,66,67
1600519649000,63,70
1600519949000,62,75
1600520249000,62,92
1600520549000,63,85
1600520849000,63,93
1600521149000,63,88
1600521449000,63,92
1600521749000,63,81
1600522049000,65,72
1600522349000,61,47
1600522649000,61,66
1600522949000,67,63
1600523249000,67,52
1600523549000,69,55
1600523849000,66,63
1600524149000,66,62
1600524449000,61,70
1600524749000,59,77
1600525049000,59,47
1600525349000,59,31
1600525649000,58,35
1600525949000,58,37
1600526249000,59,83
1600526549000,59,67
1600526849000,56,45
1600527149000,58,67
1600527449000,59,51
1600527749000,60,75
1600528049000,59,89
1600528349000,60,108
1600528649000,66,58
1600528949000,70,53
1600529249000,68,54
1600529549000,65,62
1600592909000,62,45
1600593209000,59,59
1600593509000,59,65
1600593809000,58,70
1600594109000,57,74
1600594409000,57,78
1600594709000,58,85
1600595009000,58,91
1600595309000,61,64
1600595609000,61,71
1600595909000,65,89
1600596209000,66,55
1600596509000,68,56
1600596809000,59,55
1600597109000,59,44
1600597409000,59,35
1600597709000,58,40
1600598009000,58,43
1600598309000,57,49
1600598609000,58,36
1600598909000,58,40
1600599209000,58,40
1600599509000,58,38
1600599809000,59,39
1600600109000,57,43
1600600409000,58,42
1600600709000,58,48
1600601009000,58,68
1600601309000,66,57
1600601609000,69,53
1600601909000,62,87
1600602209000,60,95
1600602509000,63,71
1600602809000,62,69
1600603109000,67,51
1600603409000,62,45
1600603709000,59,32
1600604009000,57,37
1600604309000,57,38
1600604609000,57,44
1600604909000,58,32
1600605209000,58,33
1600605509000,57,37
1600605809000,58,34
1600606109000,58,38
1600606409000,60,37
1600606709000,59,55
1600607009000,65,76
1600607309000,72,47
1600607609000,62,82
1600607909000,59,97
1600608209000,60,73
1600608509000,57,59
1600608809000,57,48
1600609109000,57,42
1600609409000,55,51
1600609709000,55,59
1600610009000,53,51
1600610309000,53,55
1600610609000,53,55
1600610909000,53,64
1600611209000,55,49
1600611509000,56,45
1600611809000,62,82
1600612109000,62,77
1600612409000,64,61
1600612709000,64,47
1600613009000,57,135
1600613309000,56,58
1600613609000,0,0
1600613909000,54,52
1600614209000,53,49
1600614509000,51,60
1600614809000,51,59
1600615109000,52,56
1600615409000,52,72
1600615709000,51,58
1600616009000,52,56
1600616309000,52,56
1600616609000,52,59
1600616909000,54,73
1600617209000,59,68
1600617509000,63,57
1600617809000,65,51
1600618109000,62,69
1600618409000,61,75
1600618709000,65,51
1600619009000,59,72
1600619309000,59,51
1600619609000,55,48
1600619909000,55,40
1600620209000,57,31
1600620509000,57,30
1600620809000,59,53
1600621109000,58,69
1600621409000,56,49
1600621709000,56,54
1600622009000,56,50
1600622309000,57,49
1600622609000,54,93
1600622909000,57,67
1600691189000,0,0
1600691489000,65,43
1600691789000,62,32
1600692089000,62,30
1600692389000,61,36
1600692689000,61,30
1600692989000,59,35
1600693289000,59,33
1600693589000,59,33
1600693889000,59,30
1600694189000,59,33
1600694489000,59,31
1600694789000,59,32
1600695089000,68,51
1600695389000,70,39
1600695689000,66,50
1600695989000,62,60
1600696289000,60,29
1600696589000,59,31
1600696889000,59,36
1600697189000,59,40
1600697489000,59,33
1600697789000,59,38
1600698089000,60,72
1600698389000,58,54
1600698689000,58,37
1600698989000,58,38
1600699289000,58,40
1600699589000,58,62
1600699889000,57,75
1600700189000,57,73
1600700489000,56,81
1600700789000,57,81
1600701089000,63,55
1600701389000,67,43
1600701689000,63,69
1600701989000,65,54
1600702289000,65,54
1600702589000,64,69
1600702889000,63,68
1600703189000,63,69
1600703489000,62,74
1600703789000,61,77
1600704089000,60,68
1600704389000,53,53
1600704689000,55,73
1600704989000,55,95
1600705289000,56,107
1600705589000,56,88
1600705889000,57,84
1600706189000,57,80
1600706489000,57,96
1600706789000,53,101
1600707089000,54,86
1600707389000,55,78
1600707689000,57,83
1600707989000,59,89
1600708289000,64,54
1600708589000,66,44
1600708889000,65,46
1600709189000,63,50
1600709489000,62,64
1600709789000,61,61
1600710089000,60,61
1600710389000,59,62
1600710689000,56,80
1600710989000,56,68
1600711289000,56,85
1600711589000,56,73
1600711889000,57,65
1600712189000,57,66
1600712489000,57,73
1600712789000,60,64
1600713089000,60,57
1600713389000,60,68
1600713689000,61,59
1600713989000,69,45
1600714289000,69,42
1600714589000,77,16
1600714889000,77,16
1600715189000,70,28
1600715489000,69,27
1600715789000,70,32
1600716089000,66,50
1600716389000,63,51
1600716689000,62,67
1600716989000,61,70
1600717289000,62,69
1600717589000,57,61
1600717889000,62,64
1600762049000,68,61
1600762349000,67,61
1600762649000,63,85
1600762949000,61,117
1600763249000,60,139
1600763549000,61,134
1600763849000,0,0
1600764149000,64,113
1600764449000,63,124
1600764749000,61,133
1600765049000,61,129
1600765349000,61,125
1600765649000,61,127
1600765949000,61,128
1600766249000,61,127
1600766549000,61,131
1600766849000,61,125
1600767149000,69,74
1600767449000,74,38
1600767749000,67,72
1600768049000,63,95
1600768349000,62,86
1600768649000,62,86
1600768949000,60,94
1600769249000,60,90
1600769549000,60,88
1600769849000,59,95
1600770149000,60,87
1600770449000,60,83
1600770749000,60,86
1600771049000,60,80
1600771349000,60,80
1600771649000,61,71
1600771949000,62,41
1600772249000,61,55
1600772549000,61,60
1600772849000,66,44
1600773149000,69,25
1600773449000,73,37
1600773749000,66,54
1600774049000,63,34
1600774349000,64,28
1600774649000,63,38
1600774949000,61,49
1600775249000,60,32
1600775549000,63,33
1600775849000,59,53
1600776149000,58,64
1600776449000,57,73
1600776749000,58,65
1600777049000,64,62
1600777349000,64,33
1600777649000,69,56
1600777949000,67,44
1600778249000,62,69
1600778549000,60,37
1600778849000,63,34
1600779149000,62,39
1600779449000,61,50
1600779749000,61,48
1600780049000,59,40
1600780349000,55,60
1600780649000,55,58
1600780949000,54,56
1600781249000,54,61
1600781549000,55,56
1600781849000,55,56
1600782149000,54,51
1600782449000,58,49
1600782749000,57,44
1600783049000,64,46
1600783349000,62,74
1600783649000,60,79
1600783949000,58,67
1600784249000,59,69
1600784549000,59,47
1600784849000,57,55
1600785149000,57,48
1600785449000,55,46
1600785749000,54,49
1600786049000,55,47
1600786349000,55,58
1600786649000,53,58
1600786949000,54,54
1600787249000,53,61
1600787549000,53,57
1600787849000,53,56
1600788149000,53,61
1600788449000,63,39
1600788749000,74,46
1600789049000,59,78
1600789349000,0,0
1600789649000,59,38
1600851811000,65,118
1600852111000,60,171
1600852411000,60,159
1600852711000,60,145
1600853011000,61,137
1600853311000,61,129
1600853611000,61,126
1600853911000,62,113
1600854211000,61,122
1600854511000,61,119
1600854811000,64,56
1600855111000,68,57
1600855411000,71,51
1600855711000,68,43
1600856011000,67,56
1600856311000,65,60
1600856611000,64,74
1600856911000,62,88
1600857211000,61,91
1600857511000,61,92
1600857811000,62,78
1600858111000,60,97
1600858411000,59,72
1600858711000,59,49
1600859011000,59,48
1600859311000,59,61
1600859611000,59,52
1600859911000,60,51
1600860211000,60,38
1600860511000,60,42
1600860811000,60,43
1600861111000,62,40
1600861411000,64,33
1600861711000,66,61
1600862011000,67,58
1600862311000,66,50
1600862611000,64,39
1600862911000,62,31
1600863211000,58,34
1600863511000,59,40
1600863811000,61,37
1600864111000,60,38
1600864411000,60,42
1600864711000,60,38
1600865011000,60,62
1600865311000,58,52
1600865611000,60,47
1600865911000,58,41
1600866211000,58,47
1600866511000,60,67
1600866811000,70,44
1600867111000,66,63
1600867411000,65,53
1600867711000,64,44
1600868011000,60,48
1600868311000,58,42
1600868611000,60,37
1600868911000,57,48
1600869211000,59,45
1600869511000,55,51
1600869811000,55,51
1600870111000,55,50
1600870411000,55,52
1600870711000,55,51
1600871011000,56,49
1600871311000,56,47
1600871611000,57,47
1600871911000,59,48
1600872211000,63,52
1600872511000,71,32
1600872811000,62,64
1600873111000,61,38
1600873411000,60,41
1600873711000,59,39
1600874011000,58,67
1600874311000,57,46
1600874611000,58,34
1600874911000,58,45
1600875211000,56,49
1600875511000,56,52
1600875811000,55,51
1600876111000,56,52
1600876411000,56,52
1600876711000,57,58
1600877011000,74,29
1600877311000,70,54
1600877611000,63,46
1600877911000,0,0
1600878211000,0,0
1600878511000,62,52
1600878811000,61,55
1600879111000,63,42
1600879411000,64,68
1600879711000,64,46
1600880011000,64,45
1600880311000,0,0
1600880611000,61,61
1600880911000,73,38
1600881211000,63,53
1601036040000,61,58
1601036340000,59,76
1601036640000,59,70
1601036940000,59,68
1601037240000,59,60
1601037540000,59,66
1601037840000,59,73
1601038140000,60,58
1601038440000,60,86
1601038740000,60,100
1601039040000,60,113
1601039340000,59,131
1601039640000,60,134
1601039940000,60,132
1601040240000,61,116
1601040540000,60,125
1601040840000,59,135
1601041140000,63,89
1601041440000,74,27
1601041740000,70,41
1601042040000,68,47
1601042340000,63,44
1601042640000,61,31
1601042940000,60,29
1601043240000,59,38
1601043540000,59,37
1601043840000,60,86
1601044140000,58,104
1601044440000,57,106
1601044740000,57,102
1601045040000,57,105
1601045340000,58,94
1601045640000,58,91
1601045940000,58,90
1601046240000,59,87
1601046540000,64,54
1601046840000,67,37
1601047140000,69,42
1601047440000,66,54
1601047740000,71,49
1601048040000,62,53
1601048340000,65,57
1601048640000,61,38
1601048940000,61,56
1601049240000,60,36
1601049540000,58,44
1601049840000,59,35
1601050140000,57,49
1601050440000,57,35
1601050740000,57,35
1601051040000,56,34
1601051340000,57,33
1601051640000,57,35
1601051940000,60,46
1601052240000,58,36
1601052540000,66,61
1601052840000,64,64
1601053140000,66,55
1601053440000,62,53
1601053740000,65,50
1601054040000,67,47
1601054340000,70,53
1601054640000,64,59
1601054940000,61,59
1601055240000,0,0
1601055540000,57,43
1601055840000,56,40
1601056140000,56,40
1601056440000,56,38
1601056740000,55,41
1601057040000,56,41
1601057340000,56,47
1601057640000,58,43
1601057940000,56,47
1601058240000,55,41
1601058540000,55,44
1601058840000,56,46
1601059140000,58,80
1601059440000,61,63
1601059740000,59,73
1601060040000,63,58
1601060340000,66,57
1601060640000,61,68
1601060940000,62,59
1601061240000,68,39
1601061540000,67,47
1601061840000,66,46
1601062140000,63,46
1601062440000,59,41
1601062740000,59,53
1601063040000,57,64
1601063340000,57,37
1601063640000,58,43
1601063940000,58,36
1601064240000,66,58
1601064540000,65,61
1601064840000,65,52
1601065140000,0,0
1601204612000,61,27
1601204912000,60,29
1601205212000,59,30
1601205512000,59,30
1601205812000,60,30
1601206112000,60,32
1601206412000,60,32
1601206712000,60,29
1601207012000,60,28
1601207312000,60,32
1601207612000,61,27
1601207912000,62,61
1601208212000,72,45
1601208512000,70,46
1601208812000,65,72
1601209112000,65,74
1601209412000,63,66
1601209712000,61,26
1601210012000,61,23
1601210312000,61,26
1601210612000,60,31
1601210912000,60,35
1601211212000,60,84
1601211512000,60,63
1601211812000,60,29
1601212112000,60,62
1601212412000,60,31
1601212712000,61,61
1601213012000,60,28
1601213312000,61,28
1601213612000,78,50
1601213912000,69,69
1601214212000,68,52
1601214512000,64,66
1601214812000,62,41
1601215112000,61,76
1601215412000,60,69
1601215712000,60,55
1601216012000,59,47
1601216312000,60,60
1601216612000,59,45
1601216912000,63,83
1601217212000,74,32
1601217512000,72,46
1601217812000,81,23
1601218112000,79,29
1601218412000,78,32
1601218712000,71,46
1601219012000,0,0
1601219312000,0,0
1601364600000,0,0
1601364900000,0,0
1601365200000,0,0
1601365500000,63,56
1601365800000,59,75
1601366100000,57,107
1601366400000,56,120
1601366700000,56,119
1601367000000,57,120
1601367300000,58,114
1601367600000,59,103
1601367900000,59,113
1601368200000,62,100
1601368500000,72,43
1601368800000,70,54
1601369100000,74,34
1601369400000,68,57
1601369700000,69,54
1601370000000,64,67
1601370300000,63,53
1601370600000,64,42
1601370900000,63,35
1601371200000,69,42
1601371500000,64,49
1601371800000,62,49
1601372100000,65,58
1601372400000,63,69
1601372700000,60,48
1601373000000,59,31
1601373300000,59,27
1601373600000,60,32
1601373900000,59,41
1601374200000,58,35
1601374500000,59,34
1601374800000,58,35
1601375100000,58,32
1601375400000,59,33
1601375700000,59,36
1601376000000,59,35
1601376300000,60,36
1601376600000,61,43
1601376900000,68,57
1601377200000,68,61
1601377500000,62,67
1601377800000,62,71
1601378100000,62,78
1601378400000,61,82
1601378700000,59,57
1601379000000,58,42
1601379300000,58,39
1601379600000,58,41
1601379900000,60,76
1601380200000,58,51
1601380500000,58,52
1601380800000,59,69
1601381100000,58,75
1601381400000,58,63
1601381700000,57,45
1601382000000,60,48
1601382300000,59,65
1601382600000,68,55
1601382900000,68,40
1601383200000,64,53
1601383500000,59,57
1601383800000,59,66
1601384100000,58,55
1601384400000,58,36
1601384700000,57,39
1601385000000,57,38
1601385300000,57,38
1601385600000,57,44
1601385900000,56,46
1601386200000,56,51
1601386500000,56,42
1601386800000,56,43
1601387100000,58,42
1601387400000,55,65
1601387700000,58,54
1601388000000,61,65
1601388300000,61,60
1601388600000,57,50
1601388900000,57,76
1601389200000,58,53
1601389500000,56,41
1601389800000,55,53
1601390100000,55,47
1601390400000,55,46
1601390700000,58,60
1601391000000,55,49
1601391300000,56,42
1601391600000,56,52
1601391900000,56,48
1601392200000,56,46
1601392500000,55,81
1601392800000,58,94
1601393100000,65,56
1601393400000,63,87
1601393700000,72,35
1601394000000,65,70
1601394300000,59,82
1601394600000,0,0
1601458500000,63,31
1601458800000,63,41
1601459100000,63,35
1601459400000,61,28
1601459700000,61,28
1601460000000,61,27
1601460300000,61,27
1601460600000,61,28
1601460900000,62,42
1601461200000,62,26
1601461500000,61,33
1601461800000,61,36
1601462100000,60,35
1601462400000,61,37
1601462700000,61,40
1601463000000,67,39
1601463300000,64,50
1601463600000,64,53
1601463900000,63,50
1601464200000,63,48
1601464500000,61,50
1601464800000,59,68
1601465100000,59,43
1601465400000,59,57
1601465700000,59,52
1601466000000,58,79
1601466300000,59,50
1601466600000,59,56
1601466900000,59,55
1601467200000,61,69
1601467500000,63,76
1601467800000,64,59
1601468100000,66,41
1601468400000,69,47
1601468700000,66,52
1601469000000,67,60
1601469300000,63,57
1601469600000,63,61
1601469900000,63,50
1601470200000,60,40
1601470500000,61,36
1601470800000,61,55
1601471100000,61,57
1601471400000,61,53
1601471700000,62,61
1601472000000,62,64
1601472300000,61,43
1601472600000,62,71
1601472900000,62,66
1601473200000,61,64
1601473500000,62,74
1601473800000,60,63
1601474100000,64,50
1601474400000,63,54
1601474700000,63,57
1601475000000,60,75
1601475300000,60,70
1601475600000,59,72
1601475900000,60,62
1601476200000,59,63
1601476500000,58,64
1601476800000,59,67
1601477100000,58,58
1601477400000,59,51
1601477700000,56,52
1601478000000,63,42
1601478300000,62,64
1601478600000,60,67
1601478900000,64,67
1601479200000,74,46
1601479500000,64,47
1601544600000,0,0
1601544900000,0,0
1601545200000,0,0
1601545500000,0,0
1601545800000,61,98
1601546100000,61,89
1601546400000,60,96
1601546700000,60,101
1601547000000,65,90
1601547300000,61,107
1601547600000,60,119
1601547900000,60,109
1601548200000,60,118
1601548500000,60,136
1601548800000,60,132
1601549100000,67,73
1601549400000,71,50
1601549700000,69,48
1601550000000,67,61
1601550300000,62,81
1601550600000,61,77
1601550900000,62,49
1601551200000,60,82
1601551500000,59,109
1601551800000,58,126
1601552100000,59,109
1601552400000,59,97
1601552700000,60,92
1601553000000,58,92
1601553300000,59,90
1601553600000,59,50
1601553900000,60,44
1601554200000,62,65
1601554500000,63,72
1601554800000,68,55
1601555100000,64,58
1601555400000,62,57
1601555700000,60,42
1601556000000,59,45
1601556300000,59,41
1601556600000,59,35
1601556900000,59,36
1601557200000,59,35
1601557500000,58,32
1601557800000,58,31
1601558100000,57,35
1601558400000,57,36
1601558700000,57,33
1601559000000,57,37
1601559300000,57,34
1601559600000,56,37
1601559900000,60,47
1601560200000,66,43
1601560500000,64,59
1601560800000,69,35
1601561100000,62,57
1601561400000,59,50
1601561700000,59,31
1601562000000,59,32
1601562300000,58,33
1601562600000,56,47
1601562900000,55,43
1601563200000,0,0
1601740020000,0,0
1601740320000,58,63
1601740620000,59,68
1601740920000,56,99
1601741220000,55,115
1601741520000,55,128
1601741820000,55,143
1601742120000,56,141
1601742420000,56,136
1601742720000,56,131
1601743020000,57,108
1601743320000,63,50
1601743620000,63,52
1601743920000,62,69
1601744220000,60,76
1601744520000,59,60
1601744820000,57,48
1601745120000,57,52
1601745420000,57,54
1601745720000,57,44
1601746020000,57,53
1601746320000,57,51
1601746620000,57,35
1601746920000,57,41
1601747220000,57,38
1601747520000,57,44
1601747820000,57,45
1601748120000,61,39
1601748420000,66,37
1601748720000,74,26
1601749020000,71,38
1601749320000,68,36
1601749620000,64,52
1601749920000,64,53
1601750220000,59,43
1601750520000,55,44
1601750820000,55,41
1601751120000,54,54
1601751420000,55,62
1601751720000,0,0
1601752020000,0,0
1601752320000,0,0
1601752620000,0,0
1601752920000,0,0
1601753220000,0,0
1601753520000,0,0
1601753820000,0,0
1601754120000,0,0
1601754420000,0,0
1601754720000,0,0
1601755020000,0,0
1601908169000,61,47
1601908469000,60,48
1601908769000,59,72
1601909069000,57,102
1601909369000,55,138
1601909669000,56,127
1601909969000,56,136
1601910269000,55,143
1601910569000,56,123
1601910869000,56,125
1601911169000,57,118
1601911469000,56,116
1601911769000,59,88
1601912069000,63,57
1601912369000,69,49
1601912669000,63,53
1601912969000,61,66
1601913269000,60,59
1601913569000,59,67
1601913869000,57,81
1601914169000,57,76
1601914469000,57,67
1601914769000,57,61
1601915069000,56,61
1601915369000,57,61
1601915669000,56,66
1601915969000,55,55
1601916269000,55,51
1601916569000,54,73
1601916869000,53,88
1601917169000,53,49
1601917469000,54,49
1601917769000,53,47
1601918069000,52,56
1601918369000,52,51
1601918669000,52,51
1601918969000,52,54
1601919269000,57,63
1601919569000,66,38
1601919869000,71,15
1601920169000,71,20
1601920469000,64,46
1601920769000,65,50
1601921069000,58,76
1601921369000,55,77
1601921669000,55,59
1601921969000,53,63
1601922269000,53,68
1601922569000,52,76
1601922869000,53,53
1601923169000,53,54
1601923469000,53,57
1601923769000,53,48
1601924069000,54,44
1601924369000,54,50
1601924669000,54,48
1601924969000,54,48
1601925269000,56,62
1601925569000,57,80
1601925869000,60,101
1601926169000,58,81
1601926469000,56,74
1601926769000,57,56
1601927069000,55,39
1601927369000,54,43
1601927669000,55,36
1601927969000,54,39
1601928269000,54,44
1601928569000,55,43
1601928869000,55,48
1601929169000,55,46
1601929469000,57,89
1601929769000,53,96
1601930069000,58,86
1601930369000,61,51
1601930669000,62,65
1601976329000,67,37
1601976629000,63,41
1601976929000,62,34
1601977229000,62,26
1601977529000,62,22
1601977829000,61,33
1601978129000,62,21
1601978429000,62,22
1601978729000,61,24
1601979029000,62,22
1601979329000,61,23
1601979629000,61,26
1601979929000,61,23
1601980229000,61,25
1601980529000,65,39
1601980829000,67,56
1601981129000,72,44
1601981429000,69,46
1601981729000,71,40
1601982029000,63,51
1601982329000,61,36
1601982629000,60,42
1601982929000,59,29
1601983229000,58,32
1601983529000,60,39
1601983829000,59,36
1601984129000,58,33
1601984429000,58,37
1601984729000,58,44
1601985029000,58,36
1601985329000,59,43
1601985629000,58,45
1601985929000,57,26
1601986229000,57,26
1601986529000,61,59
1601986829000,70,43
1601987129000,71,38
1601987429000,68,44
1601987729000,68,36
1601988029000,63,45
1601988329000,62,65
1601988629000,62,49
1601988929000,60,44
1601989229000,56,45
1601989529000,57,39
1601989829000,57,42
1601990129000,56,32
1601990429000,55,38
1601990729000,55,63
1601991029000,53,54
1601991329000,52,63
1601991629000,53,55
1601991929000,53,53
1601992229000,53,49
1601992529000,53,50
1601992829000,53,49
1601993129000,53,53
1601993429000,53,52
1601993729000,53,61
1601994029000,57,69
1601994329000,60,69
1601994629000,59,71
1602067529000,61,56
1602067829000,59,94
1602068129000,57,141
1602068429000,56,167
1602068729000,57,158
1602069029000,57,154
1602069329000,56,182
1602069629000,56,178
1602069929000,56,156
1602070229000,57,137
1602070529000,57,131
1602070829000,57,131
1602071129000,57,123
1602071429000,62,86
1602071729000,71,44
1602072029000,71,47
1602072329000,63,55
1602072629000,62,69
1602072929000,62,67
1602073229000,59,82
1602073529000,58,90
1602073829000,58,88
1602074129000,58,94
1602074429000,58,99
1602074729000,58,103
1602075029000,59,95
1602075329000,57,112
1602075629000,57,107
1602075929000,57,111
1602076229000,58,98
1602076529000,58,91
1602076829000,58,91
1602077129000,58,79
1602077429000,59,75
1602077729000,70,52
1602078029000,78,20
1602078329000,77,34
1602078629000,71,45
1602078929000,66,62
1602079229000,62,66
1602079529000,64,67
1602079829000,60,70
1602080129000,60,46
1602080429000,58,56
1602080729000,57,80
1602081029000,56,86
1602081329000,56,83
1602081629000,56,53
1602081929000,56,46
1602082229000,55,53
1602082529000,55,55
1602082829000,55,53
1602083129000,55,48
1602083429000,55,46
1602083729000,55,46
1602084029000,54,46
1602084329000,55,68
1602084629000,56,52
1602084929000,55,68
1602085229000,56,49
1602085529000,55,52
1602085829000,55,58
1602086129000,55,72
1602086429000,56,76
1602086729000,56,67
1602087029000,55,52
1602087329000,53,68
1602087629000,52,58
1602087929000,51,72
1602088229000,51,70
1602088529000,52,90
1602088829000,54,56
1602089129000,51,74
1602089429000,51,83
1602089729000,51,88
1602090029000,51,84
1602090329000,51,76
1602090629000,52,73
1602090929000,53,85
1602091229000,59,63
1602091529000,63,59
1602091829000,62,66
1602092129000,60,78
1602092429000,56,101
1602092729000,59,58
1602093029000,0,0
1602237989000,63,26
1602238289000,61,39
1602238589000,60,44
1602238889000,59,64
1602239189000,60,88
1602239489000,60,103
1602239789000,60,106
1602240089000,60,110
1602240389000,61,115
1602240689000,60,112
1602240989000,60,122
1602241289000,60,105
1602241589000,60,113
1602241889000,60,127
1602242189000,69,80
1602242489000,81,18
1602242789000,75,25
1602243089000,71,37
1602243389000,66,78
1602243689000,64,88
1602243989000,61,80
1602244289000,60,103
1602244589000,59,104
1602244889000,59,105
1602245189000,60,97
1602245489000,58,116
1602245789000,59,103
1602246089000,59,104
1602246389000,59,109
1602246689000,59,97
1602246989000,59,116
1602247289000,60,104
1602247589000,59,116
1602247889000,68,71
1602248189000,64,95
1602248489000,63,70
1602248789000,64,69
1602249089000,65,76
1602249389000,64,77
1602249689000,59,105
1602249989000,58,117
1602250289000,57,124
1602250589000,57,114
1602250889000,58,106
1602251189000,57,106
1602251489000,57,107
1602251789000,58,101
1602252089000,57,94
1602252389000,58,88
1602252689000,58,65
1602252989000,59,54
1602253289000,59,78
1602253589000,57,53
1602253889000,57,51
1602254189000,56,38
1602254489000,56,45
1602254789000,55,39
1602255089000,55,44
1602255389000,55,47
1602255689000,59,68
1602255989000,59,55
1602256289000,52,65
1602256589000,53,59
1602256889000,53,56
1602257189000,57,72
1602257489000,64,67
1602257789000,58,66
1602258089000,56,58
1602258389000,55,70
1602258689000,55,113
1602258989000,54,111
1602259289000,55,97
1602259589000,55,54
1602259889000,54,50
1602260189000,54,68
1602260489000,53,50
1602260789000,55,45
1602261089000,57,37
1602261389000,53,63
1602261689000,52,53
1602261989000,53,49
1602262289000,53,50
1602262589000,53,47
1602262889000,54,43
1602263189000,54,44
1602263489000,54,44
1602263789000,56,69
1602264089000,60,82
1602264389000,68,42
1602264689000,69,45
1602264989000,69,38
1602265289000,65,47
1602265589000,63,56
1602265889000,59,52
1602266189000,57,40
1602266489000,57,34
1602266789000,56,36
1602267089000,56,35
1602267389000,56,45
1602267689000,56,39
1602267989000,56,41
1602268289000,57,57
1602268589000,56,64
1602268889000,57,34
1602269189000,57,58
1602269489000,57,70
1602269789000,63,67
1602270089000,66,70
1602270389000,72,41
1602270689000,68,42
1602270989000,52,122
1602426509000,66,74
1602426809000,65,68
1602427109000,62,92
1602427409000,59,66
1602427709000,58,34
1602428009000,59,28
1602428309000,59,28
1602428609000,60,33
1602428909000,60,79
1602429209000,60,84
1602429509000,60,52
1602429809000,63,57
1602430109000,72,27
1602430409000,71,32
1602430709000,67,40
1602431009000,65,55
1602431309000,63,69
1602431609000,60,43
1602431909000,60,26
1602432209000,59,35
1602432509000,57,31
1602432809000,57,33
1602433109000,57,34
1602433409000,57,34
1602433709000,56,34
1602434009000,57,34
1602434309000,56,37
1602434609000,56,41
1602434909000,56,36
1602435209000,57,50
1602435509000,65,52
1602435809000,71,30
1602436109000,67,41
1602436409000,64,51
1602436709000,60,72
1602437009000,58,61
1602437309000,57,47
1602437609000,57,31
1602437909000,56,31
1602438209000,58,86
1602438509000,55,77
1602438809000,56,34
1602439109000,56,38
1602439409000,56,66
1602439709000,56,35
1602440009000,56,64
1602440309000,63,99
1602440609000,59,100
1602440909000,64,57
1602441209000,68,31
1602441509000,64,44
1602441809000,63,57
1602442109000,62,50
1602495749000,66,39
1602496049000,60,53
1602496349000,58,76
1602496649000,58,85
1602496949000,58,91
1602497249000,58,99
1602497549000,58,110
1602497849000,58,108
1602498149000,58,110
1602498449000,60,112
1602498749000,65,91
1602499049000,70,68
1602499349000,70,75
1602499649000,64,79
1602499949000,67,68
1602500249000,68,57
1602500549000,63,78
1602500849000,64,60
1602501149000,63,62
1602501449000,60,86
1602501749000,59,96
1602502049000,58,105
1602502349000,59,96
1602502649000,58,103
1602502949000,57,109
1602503249000,57,110
1602503549000,57,105
1602503849000,57,98
1602504149000,57,107
1602504449000,57,110
1602504749000,58,92
1602505049000,58,83
1602505349000,59,46
1602505649000,58,47
1602505949000,58,53
1602506249000,58,44
1602506549000,59,44
1602506849000,59,46
1602507149000,63,57
1602507449000,69,60
1602507749000,72,41
1602508049000,63,68
1602508349000,60,36
1602508649000,62,42
1602508949000,63,65
1602509249000,58,35
1602509549000,56,42
1602509849000,55,63
1602510149000,55,58
1602510449000,54,61
1602510749000,54,69
1602511049000,54,57
1602511349000,54,61
1602511649000,56,48
1602511949000,57,44
1602512249000,57,44
1602512549000,56,54
1602512849000,56,47
1602513149000,55,64
1602513449000,59,95
1602513749000,60,80
1602514049000,59,85
1602514349000,56,73
1602514649000,62,93
1602514949000,56,70
1602515249000,55,73
1602515549000,54,58
1602515849000,54,54
1602516149000,53,60
1602516449000,52,64
1602516749000,53,57
1602517049000,53,52
1602517349000,53,56
1602517649000,54,56
1602517949000,54,52
1602518249000,54,56
1602518549000,55,61
1602518849000,55,49
1602519149000,55,56
1602519449000,57,68
1602519749000,59,77
1602520049000,58,112
1602520349000,62,93
1602520649000,56,84
1602520949000,56,72
1602521249000,58,55
1602521549000,56,45
1602521849000,55,32
1602522149000,55,33
1602522449000,0,0
1602580679000,0,0
1602580979000,61,86
1602581279000,60,91
1602581579000,58,107
1602581879000,58,105
1602582179000,58,100
1602582479000,58,105
1602582779000,58,86
1602583079000,57,88
1602583379000,58,90
1602583679000,58,79
1602583979000,58,70
1602584279000,62,64
1602584579000,66,58
1602584879000,66,68
1602585179000,65,45
1602585479000,65,52
1602585779000,64,64
1602586079000,67,50
1602586379000,63,52
1602586679000,63,55
1602586979000,60,68
1602587279000,59,68
1602587579000,60,45
1602587879000,58,69
1602588179000,57,80
1602588479000,57,76
1602588779000,57,82
1602589079000,57,76
1602589379000,57,63
1602589679000,58,58
1602589979000,57,70
1602590279000,58,51
1602590579000,58,48
1602590879000,61,46
1602591179000,63,51
1602591479000,64,63
1602591779000,65,57
1602592079000,61,85
1602592379000,58,35
1602592679000,57,34
1602592979000,58,38
1602593279000,58,36
1602593579000,60,42
1602593879000,60,56
1602594179000,58,34
1602594479000,57,38
1602594779000,57,42
1602595079000,57,44
1602595379000,60,53
1602595679000,58,53
1602595979000,66,63
1602596279000,80,26
1602596579000,66,53
1602596879000,67,51
1602675423000,0,0
1602675723000,69,23
1602676023000,67,19
1602676323000,66,25
1602676623000,67,35
1602676923000,66,33
1602677223000,66,33
1602677523000,65,36
1602677823000,65,36
1602678123000,64,29
1602678423000,63,24
1602678723000,62,35
1602679023000,62,33
1602679323000,64,50
1602679623000,66,59
1602679923000,66,45
1602680223000,64,49
1602680523000,63,45
1602680823000,63,41
1602681123000,63,45
1602681423000,60,32
1602681723000,61,53
1602682023000,63,55
1602682323000,62,39
1602682623000,61,38
1602682923000,61,32
1602683223000,61,37
1602683523000,64,47
1602683823000,65,44
1602684123000,61,44
1602684423000,59,44
1602684723000,58,35
1602685023000,57,41
1602685323000,57,37
1602685623000,56,43
1602685923000,56,39
1602686223000,59,45
1602686523000,56,39
1602686823000,56,46
1602687123000,57,35
1602687423000,57,37
1602687723000,59,43
1602688023000,59,41
1602688323000,59,52
1602688623000,57,54
1602688923000,57,49
1602689223000,60,55
1602689523000,65,51
1602689823000,62,49
1602690123000,59,42
1602690423000,58,31
1602690723000,57,36
1602691023000,58,36
1602691323000,57,31
1602691623000,56,34
1602691923000,56,35
1602692223000,56,43
1602692523000,56,32
1602692823000,62,33
1602693123000,63,33
1602693423000,60,26
1602693723000,62,46
1602694023000,60,43
1602694323000,62,51
1602694623000,61,54
1602694923000,59,42
1602695223000,58,32
1602695523000,57,36
1602695823000,57,41
1602696123000,57,41
1602696423000,57,43
1602696723000,57,35
1602697023000,57,35
1602697323000,56,44
1602697623000,57,38
1602697923000,57,33
1602698223000,57,36
1602698523000,57,37
1602698823000,64,56
1602699123000,73,30
1602699423000,74,22
1602699723000,65,62
1602700023000,64,54
1602700323000,62,54
1602700623000,69,46
1602700923000,56,50
1602701223000,58,40
1602701523000,58,34
1602701823000,57,38
1602702123000,0,0
1602757923000,0,0
1602758223000,65,34
1602758523000,64,28
1602758823000,63,33
1602759123000,64,32
1602759423000,64,31
1602759723000,64,31
1602760023000,64,32
1602760323000,64,39
1602760623000,63,31
1602760923000,65,45
1602761223000,67,59
1602761523000,65,41
1602761823000,66,42
1602762123000,64,39
1602762423000,64,24
1602762723000,65,34
1602763023000,63,26
1602763323000,63,25
1602763623000,63,32
1602763923000,62,30
1602764223000,61,31
1602764523000,61,37
1602764823000,61,36
1602765123000,60,39
1602765423000,60,39
1602765723000,60,39
1602766023000,60,37
1602766323000,60,38
1602766623000,60,38
1602766923000,60,37
1602767223000,63,36
1602767523000,70,40
1602767823000,77,20
1602768123000,70,39
1602768423000,69,45
1602768723000,69,39
1602769023000,63,32
1602769323000,63,31
1602769623000,63,25
1602769923000,62,28
1602770223000,61,31
1602770523000,61,32
1602770823000,61,32
1602771123000,60,36
1602771423000,58,49
1602771723000,57,41
1602772023000,58,44
1602772323000,0,0
1602921422000,0,0
1602921722000,66,58
1602922022000,65,64
1602922322000,67,72
1602922622000,66,92
1602922922000,65,101
1602923222000,66,80
1602923522000,67,79
1602923822000,68,66
1602924122000,68,63
1602924422000,68,66
1602924722000,69,60
1602925022000,72,46
1602925322000,78,26
1602925622000,77,23
1602925922000,76,26
1602926222000,72,47
1602926522000,73,37
1602926822000,77,21
1602927122000,73,32
1602927422000,72,36
1602927722000,71,42
1602928022000,70,43
1602928322000,71,37
1602928622000,71,31
1602928922000,71,33
1602929222000,71,32
1602929522000,71,34
1602929822000,71,42
1602930122000,68,49
1602930422000,68,51
1602930722000,71,51
1602931022000,76,43
1602931322000,76,39
1602931622000,76,29
1602931922000,74,38
1602932222000,82,18
1602932522000,79,26
1602932822000,73,39
1602933122000,75,34
1602933422000,75,27
1602933722000,73,50
1602934022000,77,31
1603016642000,68,58
1603016942000,64,51
1603017242000,63,35
1603017542000,63,47
1603017842000,62,54
1603018142000,63,83
1603018442000,64,78
1603018742000,65,89
1603019042000,66,80
1603019342000,69,67
1603019642000,68,70
1603019942000,72,45
1603020242000,81,25
1603020542000,78,26
1603020842000,78,17
1603021142000,76,38
1603021442000,72,36
1603021742000,72,42
1603022042000,70,51
1603022342000,67,64
1603022642000,70,50
1603022942000,68,63
1603023242000,69,54
1603023542000,68,67
1603023842000,66,76
1603024142000,65,82
1603024442000,67,69
1603024742000,64,100
1603025042000,64,88
1603025342000,63,90
1603025642000,67,72
1603025942000,69,59
1603026242000,72,43
1603026542000,74,27
1603026842000,73,34
1603027142000,75,19
1603027442000,72,40
1603027742000,68,78
1603028042000,64,85
1603028342000,63,77
1603028642000,60,63
1603028942000,59,70
1603029242000,60,57
1603029542000,60,64
1603029842000,61,68
1603030142000,60,70
1603030442000,61,58
1603030742000,61,56
1603031042000,61,43
1603031342000,61,40
1603031642000,60,32
1603031942000,62,44
1603032242000,71,45
1603032542000,73,42
1603032842000,68,60
1603033142000,62,74
1603033442000,63,65
1603033742000,64,55
1603034042000,66,56
1603034342000,63,55
1603034642000,59,69
1603034942000,58,77
1603035242000,57,91
1603035542000,58,72
1603035842000,58,50
1603036142000,58,60
1603036442000,63,55
1603036742000,67,65
1603037042000,65,52
1603037342000,67,69
1603037642000,65,62
1603037942000,63,42
1603038242000,65,62
1603038542000,64,69
1603038842000,64,66
1603039142000,0,0
1603039442000,63,45
1603039742000,0,0
1603040042000,0,0
1603103970000,0,0
1603104270000,60,151
1603104570000,58,163
1603104870000,58,168
1603105170000,58,157
1603105470000,58,133
1603105770000,58,140
1603106070000,59,98
1603106370000,59,86
1603106670000,59,87
1603106970000,60,80
1603107270000,60,73
1603107570000,64,48
1603107870000,66,37
1603108170000,66,37
1603108470000,68,48
1603108770000,67,41
1603109070000,63,45
1603109370000,0,0
1603109670000,61,36
1603109970000,59,43
1603110270000,0,0
1603110570000,0,0
1603110870000,62,33
1603111170000,59,46
1603111470000,59,48
1603111770000,59,48
1603112070000,59,38
1603112370000,58,48
1603112670000,58,44
1603112970000,59,42
1603113270000,58,50
1603113570000,58,66
1603113870000,58,69
1603114170000,57,66
1603114470000,57,62
1603114770000,57,78
1603115070000,57,71
1603115370000,59,45
1603115670000,60,39
1603115970000,62,78
1603116270000,59,48
1603116570000,0,0
1603116870000,59,41
1603117170000,57,59
1603117470000,56,42
1603117770000,55,47
1603118070000,57,46
1603118370000,57,64
1603118670000,56,42
1603118970000,56,55
1603119270000,56,45
1603119570000,55,48
1603119870000,56,45
1603120170000,56,40
1603120470000,57,42
1603120770000,57,56
1603121070000,62,44
1603121370000,68,42
1603121670000,67,49
1603121970000,58,72
1603348829000,81,24
1603349129000,83,18
1603349429000,81,20
1603349729000,78,28
1603350029000,74,47
1603350329000,72,50
1603350629000,70,48
1603350929000,67,25
1603351229000,67,22
1603351529000,66,23
1603351829000,66,21
1603352129000,67,21
1603352429000,67,19
1603352729000,66,21
1603353029000,65,20
1603353329000,69,47
1603353629000,69,60
1603353929000,70,51
1603354229000,66,58
1603354529000,68,54
1603354829000,70,55
1603355129000,66,52
1603355429000,65,44
1603355729000,66,52
1603356029000,65,51
1603356329000,64,53
1603356629000,64,52
1603356929000,64,51
1603357229000,65,53
1603357529000,65,48
1603357829000,60,29
1603358129000,60,28
1603358429000,61,33
1603358729000,67,52
1603359029000,69,36
1603359329000,66,59
1603359629000,67,51
1603359929000,66,56
1603360229000,74,31
1603360529000,66,54
1603360829000,65,56
1603361129000,63,53
1603361429000,64,67
1603361729000,63,58
1603362029000,64,52
1603362329000,63,70
1603362629000,62,61
1603362929000,61,39
1603363229000,64,64
1603363529000,64,58
1603363829000,62,46
1603364129000,63,58
1603364429000,65,65
1603364729000,64,71
1603365029000,72,31
1603365329000,78,21
1603365629000,69,56
1603365929000,67,51
1603366229000,77,31
1603366529000,67,51
1603366829000,65,45
1603367129000,63,43
1603367429000,61,30
1603367729000,61,34
1603368029000,60,37
1603368329000,60,33
1603368629000,60,36
1603368929000,60,35
1603369229000,59,36
1603369529000,60,34
1603369829000,65,39
1603370129000,68,47
1603370429000,77,19
1603370729000,73,41
1603371029000,74,47
1603437572000,61,73
1603437872000,58,55
1603438172000,59,55
1603438472000,58,55
1603438772000,58,38
1603439072000,58,39
1603439372000,58,41
1603439672000,59,37
1603439972000,59,36
1603440272000,60,32
1603440572000,60,33
1603440872000,60,28
1603441172000,60,40
1603441472000,68,63
1603441772000,70,41
1603442072000,81,26
1603442372000,70,56
1603442672000,67,71
1603442972000,63,79
1603443272000,62,58
1603443572000,61,50
1603443872000,61,49
1603444172000,60,34
1603444472000,60,28
1603444772000,60,25
1603445072000,60,25
1603445372000,60,26
1603445672000,60,23
1603445972000,60,24
1603446272000,61,22
1603446572000,61,24
1603446872000,60,23
1603447172000,60,25
1603447472000,63,53
1603447772000,63,66
1603448072000,67,59
1603448372000,64,68
1603448672000,63,57
1603448972000,61,43
1603449272000,60,43
1603449572000,60,35
1603449872000,59,33
1603450172000,59,31
1603450472000,59,33
1603450772000,59,32
1603451072000,59,33
1603451372000,58,32
1603451672000,59,45
1603451972000,58,41
1603452272000,60,66
1603452572000,66,53
1603452872000,74,36
1603453172000,66,63
1603453472000,67,50
1603453772000,75,27
1603454072000,63,42
1603454372000,61,48
1603454672000,59,45
1603454972000,58,59
1603455272000,57,44
1603455572000,57,65
1603455872000,57,58
1603456172000,57,52
1603456472000,58,45
1603456772000,58,40
1603457072000,59,42
1603457372000,60,45
1603457672000,59,56
1603457972000,65,68
1603458272000,68,48
1603458572000,61,44
1603458872000,62,48
1603459172000,59,45
1603459472000,62,54
1603459772000,0,0
1603523342000,0,0
1603523642000,0,0
1603523942000,71,49
1603524242000,71,50
1603524542000,70,56
1603524842000,69,54
1603525142000,69,55
1603525442000,67,69
1603525742000,67,72
1603526042000,66,63
1603526342000,69,59
1603526642000,72,50
1603526942000,81,17
1603527242000,81,25
1603527542000,79,25
1603527842000,77,27
1603528142000,76,27
1603528442000,78,20
1603528742000,77,19
1603529042000,71,42
1603529342000,68,52
1603529642000,67,40
1603529942000,66,43
1603530242000,65,42
1603530542000,63,34
1603530842000,64,37
1603531142000,63,30
1603531442000,64,43
1603531742000,63,44
1603532042000,65,55
1603532342000,68,43
1603532642000,69,52
1603532942000,70,28
1603533242000,69,40
1603533542000,66,59
1603533842000,65,61
1603534142000,64,48
1603534442000,64,49
1603534742000,63,55
1603535042000,64,57
1603535342000,64,48
1603535642000,64,50
1603535942000,64,54
1603536242000,64,45
1603536542000,64,49
1603536842000,65,55
1603537142000,73,41
1603537442000,81,19
1603537742000,75,42
1603538042000,67,48
1603538342000,68,41
1603538642000,74,41
1603538942000,68,45
1603539242000,65,61
1603539542000,64,56
1603539842000,62,82
1603540142000,62,88
1603540442000,63,74
1603540742000,64,73
1603541042000,63,67
1603541342000,63,72
1603541642000,63,77
1603541942000,63,78
1603542242000,66,75
1603542542000,68,55
1603542842000,66,69
1603543142000,73,35
1603543442000,68,50
1603543742000,67,52
1603544042000,65,58
1603544342000,74,33
1603544642000,69,53
1603544942000,69,53
1603545242000,67,70
1603545542000,68,67
1603545842000,0,0
1603546142000,69,43
1603546442000,0,0
1603608521000,0,0
1603608821000,74,40
1603609121000,75,33
1603609421000,76,28
1603609721000,76,25
1603610021000,77,21
1603610321000,77,23
1603610621000,77,20
1603610921000,78,19
1603611221000,79,18
1603611521000,80,20
1603611821000,79,23
1603612121000,84,15
1603612421000,83,18
1603612721000,82,19
1603613021000,81,19
1603613321000,80,21
1603613621000,78,25
1603613921000,78,22
1603614221000,78,22
1603614521000,76,24
1603614821000,75,27
1603615121000,74,32
1603615421000,74,33
1603615721000,73,37
1603616021000,74,29
1603616321000,74,33
1603616621000,77,31
1603616921000,77,19
1603617221000,78,21
1603617521000,80,20
1603617821000,79,23
1603618121000,80,23
1603618421000,82,20
1603618721000,84,16
1603619021000,77,30
1603619321000,76,31
1603619621000,76,29
1603619921000,74,32
1603620221000,70,51
1603620521000,70,55
1603620821000,69,57
1603621121000,69,59
1603621421000,64,68
1603621721000,64,56
1603622021000,64,49
1603622321000,65,49
1603622621000,64,66
1603622921000,66,66
1603623221000,67,51
1603623521000,70,45
1603623821000,72,39
1603624121000,75,29
1603624421000,74,31
1603624721000,77,20
1603625021000,77,18
1603625321000,72,32
1603625621000,69,36
1603625921000,67,42
1603626221000,67,47
1603626521000,69,41
1603626821000,69,43
1603627121000,69,41
1603627421000,69,40
1603627721000,70,37
1603628021000,70,35
1603628321000,70,33
1603628621000,69,43
1603628921000,69,51
1603629221000,71,42
1603629521000,69,56
1603629821000,69,54
1603630121000,74,33
1603630421000,72,30
1603630721000,71,46
1603631021000,70,40
1603631321000,71,37
1603631621000,70,36
1603631921000,70,39
1603632221000,71,37
1603632521000,65,68
1603632821000,65,57
1603633121000,65,58
1603633421000,66,57
1603633721000,67,54
1603634021000,69,47
1603634321000,72,39
1603634621000,73,39
1603634921000,77,19
1603635221000,76,25
1603635521000,72,41
1603635821000,70,42
1603636121000,68,47
1603636421000,67,58
1603636721000,68,51
1603637021000,67,67
1603637321000,66,58
1603637621000,65,64
1603637921000,65,80
1603638221000,61,53
1603638521000,62,68
1603638821000,65,71
1603639121000,68,52
1603639421000,68,68
1603639721000,73,70
1603640021000,75,46
1603640321000,73,48
1603640621000,75,42
1603640921000,73,50
1603641221000,79,54
1603699048000,68,28
1603699348000,65,37
1603699648000,68,47
1603699948000,67,69
1603700248000,65,45
1603700548000,66,48
1603700848000,64,55
1603701148000,65,41
1603701448000,65,22
1603701748000,65,21
1603702048000,65,34
1603702348000,65,28
1603702648000,66,48
1603702948000,72,46
1603703248000,74,30
1603703548000,73,31
1603703848000,72,37
1603704148000,72,35
1603704448000,70,38
1603704748000,65,23
1603705048000,64,20
1603705348000,63,31
1603705648000,63,27
1603705948000,63,37
1603706248000,64,38
1603706548000,64,28
1603706848000,63,26
1603707148000,62,27
1603707448000,62,25
1603707748000,62,30
1603708048000,62,29
1603708348000,62,31
1603708648000,70,49
1603708948000,77,23
1603709248000,73,23
1603709548000,73,28
1603709848000,69,43
1603710148000,68,49
1603710448000,65,44
1603710748000,64,31
1603711048000,62,27
1603711348000,61,28
1603711648000,62,37
1603711948000,59,41
1603712248000,60,32
1603712548000,60,33
1603712848000,60,32
1603713148000,63,54
1603713448000,67,56
1603713748000,74,28
1603714048000,76,25
1603714348000,0,0
1603714648000,65,68
1603714948000,63,79
1603715248000,62,52
1603715548000,62,51
1603715848000,62,48
1603716148000,62,40
1603716448000,61,40
1603716748000,62,40
1603717048000,65,57
1603717348000,63,59
1603717648000,63,59
1603717948000,63,65
1603718248000,67,61
1603718548000,75,39
1603718848000,83,32
1603719148000,77,21
1603719448000,72,36
1603719748000,75,35
1603720048000,69,49
1603720348000,67,56
1603720648000,64,46
1603720948000,0,0
1603721248000,64,59
1603721548000,65,75
1603721848000,64,72
1603722148000,63,56
1603722448000,64,74
1603722748000,64,63
1603723048000,64,53
1603723348000,65,78
1603723648000,0,0
1603723948000,0,0
1603724248000,68,71
1603724548000,0,0
1603724848000,0,0
1603725148000,63,62
1603725448000,65,40
1603795288000,67,63
1603795588000,66,66
1603795888000,64,52
1603796188000,62,63
1603796488000,63,32
1603796788000,63,28
1603797088000,63,45
1603797388000,63,45
1603797688000,63,51
1603797988000,63,71
1603798288000,68,59
1603798588000,69,41
1603798888000,70,36
1603799188000,67,48
1603799488000,65,55
1603799788000,65,54
1603800088000,66,67
1603800388000,64,60
1603800688000,66,63
1603800988000,65,62
1603801288000,72,29
1603801588000,71,35
1603801888000,69,37
1603802188000,68,51
1603802488000,69,39
1603802788000,67,42
1603803088000,64,62
1603803388000,62,57
1603803688000,64,52
1603803988000,64,65
1603804288000,63,59
1603804588000,64,61
1603804888000,64,64
1603805188000,64,59
1603805488000,63,57
1603805788000,64,60
1603806088000,64,61
1603806388000,64,57
1603806688000,67,59
1603806988000,68,58
1603807288000,64,64
1603807588000,66,54
1603807888000,67,38
1603808188000,68,45
1603808488000,69,51
1603808788000,68,59
1603871604000,67,50
1603871904000,63,33
1603872204000,62,29
1603872504000,62,20
1603872804000,63,84
1603873104000,62,65
1603873404000,62,66
1603873704000,63,70
1603874004000,65,86
1603874304000,64,80
1603874604000,66,80
1603874904000,74,35
1603875204000,75,19
1603875504000,72,34
1603875804000,69,41
1603876104000,66,60
1603876404000,65,69
1603876704000,65,62
1603877004000,65,60
1603877304000,65,58
1603877604000,65,61
1603877904000,65,59
1603878204000,64,58
1603878504000,65,61
1603878804000,64,60
1603879104000,65,56
1603879404000,65,53
1603879704000,71,53
1603880004000,76,16
1603880304000,76,32
1603880604000,75,20
1603880904000,72,35
1603881204000,69,45
1603881504000,66,50
1603881804000,66,50
1603882104000,66,52
1603882404000,66,55
1603882704000,67,50
1603883004000,66,52
1603883304000,67,48
1603883604000,66,46
1603883904000,66,52
1603884204000,66,56
1603884504000,70,48
1603884804000,75,20
1603885104000,75,21
1603885404000,75,24
1603885704000,72,37
1603886004000,71,31
1603886304000,65,73
1603886604000,62,74
1603886904000,64,60
1603887204000,64,64
1603887504000,64,67
1603887804000,65,59
1603888104000,66,62
1603888404000,64,65
1603888704000,63,68
1603889004000,63,61
1603889304000,63,62
1603889604000,63,57
1603889904000,63,61
1603890204000,67,58
1603890504000,70,39
1603890804000,73,29
1603891104000,72,37
1603891404000,71,48
1603891704000,67,57
1603892004000,64,60
1603892304000,63,68
1603892604000,65,61
1603892904000,66,61
1603893204000,62,88
1603893504000,64,68
1603893804000,64,60
1603894104000,63,62
1603894404000,64,72
1603894704000,63,70
1603895004000,64,65
1603895304000,65,55
1603895604000,66,68
1603895904000,69,59
1603896204000,74,55
1603896504000,71,55
1603896804000,68,59
1603897104000,73,29
1603897404000,72,33
1603897704000,79,21
1603898004000,71,34
1603898304000,68,62
1603898604000,67,52
1603898904000,67,40
1603899204000,66,54
1603899504000,70,57
1603899804000,65,49
1603900104000,65,54
1603900404000,64,52
1603900704000,63,67
1603901004000,66,61
1603901304000,70,62
1603901604000,73,54
1603901904000,74,48
1603902204000,80,40
1603902504000,79,42
1603902804000,78,40
1603971572000,0,0
1603971872000,68,44
1603972172000,64,34
1603972472000,63,33
1603972772000,64,24
1603973072000,64,26
1603973372000,64,23
1603973672000,64,24
1603973972000,63,26
1603974272000,63,26
1603974572000,63,27
1603974872000,63,27
1603975172000,62,28
1603975472000,63,32
1603975772000,68,57
1603976072000,72,33
1603976372000,73,29
1603976672000,68,58
1603976972000,66,60
1603977272000,67,63
1603977572000,70,56
1603977872000,62,34
1603978172000,65,38
1603978472000,62,29
1603978772000,62,27
1603979072000,62,29
1603979372000,62,38
1603979672000,63,49
1603979972000,63,37
1603980272000,66,51
1603980572000,72,30
1603980872000,68,42
1603981172000,65,63
1603981472000,62,55
1603981772000,62,44
1603982072000,60,34
1603982372000,60,31
1603982672000,60,30
1603982972000,59,35
1603983272000,60,37
1603983572000,59,52
1603983872000,59,39
1603984172000,60,64
1603984472000,0,0
1603984772000,64,53
1603985072000,63,48
1603985372000,60,45
1603985672000,62,60
1603985972000,64,49
1603986272000,63,64
1603986572000,61,44
1603986872000,62,47
1603987172000,63,50
1603987472000,64,70
1603987772000,66,62
1603988072000,64,47
1603988372000,66,64
1603988672000,70,62
1603988972000,84,49
1603989272000,83,29
1603989572000,76,57
1604060102000,63,35
1604060402000,61,34
1604060702000,60,45
1604061002000,59,25
1604061302000,59,27
1604061602000,59,34
1604061902000,59,32
1604062202000,59,29
1604062502000,58,36
1604062802000,58,54
1604063102000,63,42
1604063402000,69,37
1604063702000,65,58
1604064002000,65,55
1604064302000,63,57
1604064602000,60,47
1604064902000,59,30
1604065202000,58,40
1604065502000,59,38
1604065802000,60,40
1604066102000,59,28
1604066402000,58,31
1604066702000,58,30
1604067002000,58,33
1604067302000,58,30
1604067602000,57,52
1604067902000,57,41
1604068202000,57,42
1604068502000,60,64
1604068802000,65,55
1604069102000,68,34
1604069402000,66,36
1604069702000,64,51
1604070002000,63,51
1604070302000,58,87
1604070602000,59,31
1604070902000,57,56
1604071202000,57,59
1604071502000,58,78
1604071802000,59,73
1604072102000,58,66
1604072402000,58,46
1604072702000,58,38
1604073002000,58,30
1604073302000,59,31
1604073602000,61,82
1604073902000,58,75
1604074202000,59,75
1604074502000,64,50
1604074802000,65,47
1604075102000,64,63
1604075402000,61,65
1604075702000,59,41
1604076002000,58,42
1604076302000,58,67
1604076602000,56,58
1604076902000,57,60
1604077202000,56,56
1604077502000,57,48
1604077802000,56,46
1604078102000,58,43
1604078402000,57,42
1604078702000,0,0
1604132762000,0,0
1604133062000,59,131
1604133362000,57,133
1604133662000,56,158
1604133962000,56,163
1604134262000,56,157
1604134562000,57,152
1604134862000,57,154
1604135162000,57,153
1604135462000,57,137
1604135762000,58,130
1604136062000,58,119
1604136362000,58,134
1604136662000,60,109
1604136962000,66,35
1604137262000,66,48
1604137562000,62,30
1604137862000,61,30
1604138162000,59,36
1604138462000,59,35
1604138762000,59,37
1604139062000,58,33
1604139362000,59,38
1604139662000,58,35
1604139962000,58,38
1604140262000,59,37
1604140562000,61,26
1604140862000,59,35
1604141162000,65,43
1604141462000,72,36
1604141762000,68,40
1604142062000,63,49
1604142362000,63,44
1604142662000,66,37
1604142962000,64,41
1604143262000,63,35
1604143562000,64,39
1604143862000,60,28
1604144162000,59,26
1604144462000,60,30
1604144762000,60,26
1604145062000,59,33
1604145362000,59,31
1604145662000,59,35
1604145962000,59,29
1604146262000,59,31
1604146562000,59,27
1604146862000,60,40
1604147162000,63,50
1604147462000,62,61
1604147762000,63,70
1604148062000,60,46
1604148362000,58,41
1604148662000,57,38
1604148962000,57,38
1604149262000,57,38
1604149562000,56,47
1604149862000,57,40
1604150162000,57,42
1604150462000,57,40
1604150762000,58,39
1604151062000,58,41
1604151362000,58,42
1604151662000,58,42
1604151962000,64,60
1604152262000,71,32
1604152562000,66,48
1604152862000,71,39
1604153162000,64,59
1604153462000,63,58
1604153762000,62,68
1604154062000,60,40
1604154362000,60,53
1604154662000,60,49
1604154962000,58,48
1604155262000,57,45
1604155562000,58,32
1604155862000,59,34
1604156162000,58,46
1604156462000,59,29
1604156762000,59,28
1604157062000,59,31
1604157362000,59,31
1604157662000,60,30
1604157962000,60,29
1604158262000,62,43
1604158562000,64,77
1604158862000,64,61
1604159162000,69,50
1604159462000,73,19
1604159762000,67,56
1604160062000,63,43
1604160362000,63,33
1604160662000,0,0
1604160962000,59,37
1604161262000,63,36
1604161562000,59,41
1604161862000,60,36
1604162162000,63,39
1604162462000,62,38
1604162762000,62,32
1604163062000,63,40
1604226656000,0,0
1604226956000,0,0
1604227256000,58,34
1604227556000,57,41
1604227856000,57,37
1604228156000,58,35
1604228456000,58,32
1604228756000,58,32
1604229056000,58,30
1604229356000,58,42
1604229656000,58,37
1604229956000,58,30
1604230256000,59,39
1604230556000,62,39
1604230856000,62,62
1604231156000,62,52
1604231456000,61,42
1604231756000,61,45
1604232056000,61,41
1604232356000,59,38
1604232656000,59,35
1604232956000,58,36
1604233256000,58,37
1604233556000,59,37
1604233856000,59,39
1604234156000,59,37
1604234456000,58,37
1604234756000,58,40
1604235056000,58,37
1604235356000,58,41
1604235656000,58,40
1604235956000,58,40
1604236256000,58,45
1604236556000,57,41
1604236856000,59,46
1604237156000,66,60
1604237456000,68,46
1604237756000,62,63
1604238056000,61,44
1604238356000,61,40
1604238656000,56,50
1604238956000,55,47
1604239256000,55,47
1604239556000,55,50
1604239856000,55,50
1604240156000,54,55
1604240456000,54,54
1604240756000,57,48
1604241056000,56,44
1604241356000,55,52
1604241656000,55,48
1604241956000,55,51
1604242256000,56,59
1604242556000,59,51
1604242856000,63,47
1604243156000,63,48
1604243456000,60,64
1604243756000,61,70
1604244056000,63,47
1604244356000,60,44
1604244656000,57,50
1604244956000,59,42
1604245256000,56,52
1604245556000,55,42
1604245856000,56,38
1604246156000,56,46
1604246456000,56,45
1604246756000,56,50
1604247056000,56,59
1604247356000,56,54
1604247656000,57,53
1604247956000,59,52
1604248256000,65,50
1604248556000,60,42
1604248856000,59,44
1604249156000,59,41
1604249456000,60,42
1604249756000,60,53
1604250056000,72,35
1604250356000,65,56
1604250656000,64,36
1604250956000,62,44
1604251256000,61,38
1604251556000,59,53
1604251856000,58,35
1604252156000,57,39
1604252456000,58,41
1604252756000,58,39
1604253056000,58,34
1604253356000,58,36
1604253656000,61,41
1604253956000,61,46
1604254256000,65,53
1604254556000,62,60
1604254856000,60,42
1604255156000,0,0
1604319179000,67,74
1604319479000,70,44
1604319779000,70,42
1604320079000,67,41
1604320379000,65,41
1604320679000,63,23
1604320979000,62,29
1604321279000,62,29
1604321579000,62,27
1604321879000,62,50
1604322179000,60,27
1604322479000,59,29
1604322779000,60,27
1604323079000,59,29
1604323379000,60,30
1604323679000,59,28
1604323979000,59,32
1604324279000,60,34
1604324579000,70,45
1604324879000,68,42
1604325179000,68,38
1604325479000,64,47
1604325779000,60,24
1604326079000,59,30
1604326379000,59,36
1604326679000,59,31
1604326979000,59,28
1604327279000,59,29
1604327579000,59,29
1604327879000,59,29
1604328179000,59,31
1604328479000,60,30
1604328779000,57,48
1604329079000,56,40
1604329379000,58,56
1604329679000,61,55
1604329979000,73,31
1604330279000,67,52
1604330579000,65,54
1604330879000,61,59
1604331179000,61,63
1604331479000,61,53
1604331779000,60,46
1604332079000,59,32
1604332379000,59,45
1604332679000,58,38
1604332979000,57,30
1604333279000,57,33
1604333579000,57,33
1604333879000,57,32
1604334179000,59,56
1604334479000,58,41
1604334779000,61,71
1604335079000,58,66
1604335379000,61,59
1604335679000,66,54
1604335979000,67,50
1604336279000,76,28
1604336579000,66,40
1604336879000,64,48
1604337179000,59,68
1604337479000,60,40
1604337779000,60,30
1604338079000,61,49
1604338379000,60,31
1604338679000,60,38
1604338979000,60,47
1604339279000,60,46
1604339579000,60,32
1604339879000,59,33
1604340179000,60,34
1604340479000,60,33
1604340779000,61,25
1604341079000,61,35
1604341379000,60,54
1604341679000,65,49
1604341979000,68,45
1604342279000,71,34
1604342579000,66,54
1604342879000,64,43
1604343179000,64,43
1604343479000,65,43
1604343779000,65,37
1604344079000,63,31
1604344379000,62,27
1604344679000,62,27
1604344979000,65,60
1604345279000,65,52
1604402249000,63,48
1604402549000,61,57
1604402849000,59,63
1604403149000,60,57
1604403449000,60,40
1604403749000,61,33
1604404049000,61,34
1604404349000,61,35
1604404649000,62,24
1604404949000,61,24
1604405249000,61,24
1604405549000,63,27
1604405849000,68,39
1604406149000,73,30
1604406449000,64,53
1604406749000,62,27
1604407049000,60,33
1604407349000,58,30
1604407649000,58,31
1604407949000,58,31
1604408249000,58,32
1604408549000,58,32
1604408849000,59,38
1604409149000,59,28
1604409449000,58,32
1604409749000,57,31
1604410049000,57,33
1604410349000,58,32
1604410649000,57,35
1604410949000,56,34
1604411249000,56,36
1604411549000,56,37
1604411849000,59,35
1604412149000,63,35
1604412449000,65,42
1604412749000,61,57
1604413049000,59,35
1604413349000,59,49
1604413649000,58,38
1604413949000,56,40
1604414249000,56,39
1604414549000,57,32
1604414849000,56,40
1604415149000,56,42
1604415449000,55,43
1604415749000,55,40
1604416049000,55,40
1604416349000,55,43
1604416649000,58,48
1604416949000,58,74
1604486133000,58,42
1604486433000,56,44
1604486733000,55,51
1604487033000,56,45
1604487333000,55,46
1604487633000,55,49
1604487933000,55,41
1604488233000,55,40
1604488533000,56,41
1604488833000,56,38
1604489133000,56,43
1604489433000,56,38
1604489733000,59,31
1604490033000,63,45
1604490333000,64,34
1604490633000,63,32
1604490933000,62,21
1604491233000,60,29
1604491533000,59,31
1604491833000,60,28
1604492133000,59,32
1604492433000,59,28
1604492733000,59,30
1604493033000,60,31
1604493333000,60,29
1604493633000,59,27
1604493933000,57,27
1604494233000,57,25
1604494533000,57,27
1604494833000,57,28
1604495133000,57,29
1604495433000,57,26
1604495733000,62,50
1604496033000,72,21
1604496333000,74,20
1604496633000,70,32
1604496933000,66,38
1604497233000,69,32
1604497533000,65,42
1604497833000,63,56
1604498133000,62,39
1604498433000,61,43
1604498733000,60,35
1604499033000,59,30
1604499333000,58,38
1604499633000,58,35
1604499933000,57,40
1604500233000,57,39
1604500533000,58,40
1604500833000,57,43
1604501133000,58,41
1604501433000,58,44
1604501733000,59,43
1604502033000,58,35
1604502333000,58,35
1604502633000,60,37
1604502933000,62,44
1604503233000,66,52
1604503533000,62,39
1604503833000,61,49
1604504133000,58,36
1604504433000,57,37
1604504733000,59,39
1604505033000,57,34
1604505333000,57,36
1604505633000,57,33
1604505933000,58,35
1604506233000,57,40
1604506533000,57,39
1604506833000,57,42
1604507133000,59,40
1604507433000,65,51
1604507733000,63,51
1604508033000,63,47
1604508333000,64,43
1604508633000,60,41
1604508933000,60,43
1604509233000,61,39
1604509533000,60,38
1604509833000,60,45
1604510133000,62,75
1604510433000,59,75
1604510733000,61,55
1604511033000,58,48
1604511333000,60,46
1604511633000,61,47
1604511933000,58,41
1604512233000,58,36
1604512533000,58,30
1604512833000,58,35
1604513133000,59,37
1604513433000,58,75
1604513733000,57,59
1604514033000,61,68
1604514333000,63,69
1604514633000,64,51
1604514933000,60,67
1604515233000,61,42
1604515533000,69,53
1604579073000,61,29
1604579373000,62,53
1604579673000,59,50
1604579973000,59,61
1604580273000,58,104
1604580573000,57,122
1604580873000,57,133
1604581173000,58,130
1604581473000,58,126
1604581773000,58,131
1604582073000,58,132
1604582373000,58,117
1604582673000,59,118
1604582973000,68,59
1604583273000,65,67
1604583573000,64,47
1604583873000,63,33
1604584173000,62,40
1604584473000,63,44
1604584773000,62,33
1604585073000,60,32
1604585373000,59,39
1604585673000,59,38
1604585973000,59,36
1604586273000,60,34
1604586573000,58,40
1604586873000,58,46
1604587173000,58,38
1604587473000,58,45
1604587773000,58,36
1604588073000,59,36
1604588373000,60,27
1604588673000,63,41
1604588973000,66,46
1604589273000,66,49
1604589573000,62,46
1604589873000,60,29
1604590173000,57,34
1604590473000,56,39
1604590773000,57,48
1604591073000,56,67
1604591373000,57,58
1604591673000,58,45
1604591973000,0,0
1604592273000,60,71
1604592573000,59,59
1604592873000,58,41
1604593173000,59,38
1604593473000,60,36
1604593773000,60,30
1604594073000,56,40
1604594373000,57,62
1604594673000,58,27
1604594973000,65,44
1604595273000,71,38
1604595573000,63,76
1604595873000,63,82
1604596173000,59,49
1604596473000,59,49
1604596773000,59,56
1604597073000,57,46
1604597373000,57,47
1604597673000,57,46
1604597973000,58,41
1604598273000,58,39
1604598573000,58,34
1604598873000,58,47
1604599173000,59,43
1604599473000,59,42
1604599773000,63,72
1604600073000,70,53
1604600373000,73,34
1604600673000,71,36
1604600973000,63,65
1604601273000,61,61
1604601573000,61,49
1604601873000,66,56
1604602173000,64,83
1604602473000,67,58
1604602773000,67,40
1604603073000,60,46
1604603373000,60,45
1604603673000,61,44
1604603973000,59,39
1604604273000,59,33
1604604573000,0,0
1604670869000,61,30
1604671169000,59,36
1604671469000,58,36
1604671769000,59,33
1604672069000,58,37
1604672369000,58,38
1604672669000,58,37
1604672969000,57,40
1604673269000,57,37
1604673569000,58,48
1604673869000,64,50
1604674169000,65,42
1604674469000,60,64
1604674769000,59,51
1604675069000,59,35
1604675369000,57,32
1604675669000,58,33
1604675969000,57,33
1604676269000,57,36
1604676569000,57,36
1604676869000,57,38
1604677169000,57,38
1604677469000,58,29
1604677769000,56,40
1604678069000,56,42
1604678369000,56,45
1604678669000,59,49
1604678969000,58,62
1604679269000,58,79
1604679569000,57,69
1604679869000,63,52
1604680169000,70,47
1604680469000,60,70
1604680769000,58,66
1604681069000,56,65
1604681369000,56,62
1604681669000,56,52
1604681969000,55,55
1604682269000,55,51
1604682569000,55,62
1604682869000,55,63
1604683169000,55,58
1604683469000,56,60
1604683769000,54,53
1604684069000,55,47
1604684369000,54,67
1604684669000,53,62
1604684969000,54,79
1604685269000,58,66
1604685569000,56,86
1604685869000,60,83
1604686169000,58,87
1604686469000,56,70
1604686769000,62,62
1604687069000,67,38
1604687369000,63,57
1604687669000,57,84
1604687969000,57,52
1604688269000,57,47
1604688569000,57,67
1604688869000,53,73
1604689169000,55,64
1604689469000,55,74
1604689769000,55,70
1604690069000,56,60
1604690369000,52,82
1604690669000,54,90
1604690969000,55,79
1604691269000,57,76
1604691569000,58,57
1604691869000,58,68
1604692169000,59,95
1604692469000,60,75
1604692769000,62,58
1604693069000,60,59
1604693369000,60,48
1604693669000,0,0
1604753262000,66,30
1604753562000,65,30
1604753862000,63,55
1604754162000,59,47
1604754462000,57,44
1604754762000,56,48
1604755062000,56,49
1604755362000,56,52
1604755662000,56,48
1604755962000,56,48
1604756262000,56,49
1604756562000,56,51
1604756862000,56,47
1604757162000,57,47
1604757462000,61,51
1604757762000,70,32
1604758062000,67,39
1604758362000,64,55
1604758662000,60,50
1604758962000,58,38
1604759262000,58,39
1604759562000,57,47
1604759862000,56,48
1604760162000,56,54
1604760462000,56,54
1604760762000,56,55
1604761062000,57,52
1604761362000,55,55
1604761662000,55,56
1604761962000,55,66
1604762262000,55,56
1604762562000,55,57
1604762862000,56,52
1604763162000,62,65
1604763462000,63,47
1604763762000,75,20
1604764062000,67,29
1604764362000,64,34
1604764662000,61,49
1604764962000,60,50
1604765262000,56,66
1604765562000,56,54
1604765862000,54,54
1604766162000,53,58
1604766462000,51,62
1604766762000,51,61
1604767062000,51,53
1604767362000,51,66
1604767662000,51,71
1604767962000,52,57
1604768262000,52,58
1604768562000,52,59
1604768862000,53,68
1604769162000,58,61
1604769462000,61,49
1604769762000,62,51
1604770062000,60,52
1604770362000,57,64
1604770662000,57,65
1604770962000,52,77
1604771262000,0,0
1604771562000,0,0
1604771862000,0,0
1604772162000,0,0
1604772462000,0,0
1604772762000,52,81
1604773062000,53,64
1604773362000,53,60
1604773662000,54,65
1604773962000,53,56
1604774262000,53,62
1604774562000,57,78
1604774862000,60,70
1604775162000,66,42
1604775462000,64,42
1604775762000,60,56
1604776062000,60,68
1604776362000,64,45
1604776662000,60,47
1604776962000,57,47
1604777262000,58,67
1604777562000,58,48
1604777862000,58,45
1604778162000,57,45
1604778462000,57,69
1604778762000,57,70
1604779062000,61,49
1604779362000,57,51
1604779662000,57,58
1604779962000,57,54
1604780262000,0,0
1604780562000,63,62
1604780862000,63,61
1604781162000,66,71
1604781462000,65,76
1604781762000,75,62
1604782062000,71,61
1604782362000,74,66
1604782662000,70,53
1604782962000,71,40
1604841660000,0,0
1604841960000,0,0
1604842260000,0,0
1604842560000,0,0
1604842860000,59,33
1604843160000,57,41
1604843460000,58,38
1604843760000,58,38
1604844060000,57,40
1604844360000,57,38
1604844660000,54,50
1604844960000,53,42
1604845260000,53,43
1604845560000,54,42
1604845860000,54,40
1604846160000,55,38
1604846460000,54,40
1604846760000,58,39
1604847060000,59,43
1604847360000,62,54
1604847660000,63,46
1604847960000,70,30
1604848260000,61,51
1604848560000,59,46
1604848860000,58,44
1604849160000,55,53
1604849460000,55,37
1604849760000,54,46
1604850060000,55,42
1604850360000,55,39
1604850660000,55,41
1604850960000,55,46
1604851260000,55,48
1604851560000,55,46
1604851860000,55,46
1604852160000,55,43
1604852460000,55,40
1604852760000,55,48
1604853060000,55,45
1604853360000,58,54
1604853660000,62,62
1604853960000,67,46
1604854260000,66,52
1604854560000,63,57
1604854860000,58,50
1604855160000,57,43
1604855460000,57,57
1604855760000,56,46
1604856060000,55,55
1604856360000,54,42
1604856660000,55,46
1604856960000,55,43
1604857260000,56,43
1604857560000,55,45
1604857860000,56,44
1604858160000,55,44
1604858460000,55,49
1604858760000,56,54
1604859060000,55,64
1604859360000,57,58
1604859660000,63,46
1604859960000,61,54
1604860260000,65,55
1604860560000,57,51
1604860860000,58,58
1604861160000,61,57
1604861460000,59,72
1604861760000,57,57
1604862060000,55,64
1604862360000,55,58
1604862660000,56,61
1604862960000,56,65
1604863260000,57,67
1604863560000,59,49
1604863860000,59,46
1604864160000,57,71
1604864460000,56,53
1604864760000,55,66
1604865060000,56,65
1604865360000,59,68
1604865660000,0,0
1604865960000,58,55
1604866260000,63,50
1604866560000,63,61
1604866860000,64,66
1604867160000,83,67
1604867460000,63,55
1604867760000,0,0
1604868060000,0,0
1604868360000,0,0
1604868660000,0,0
1604868960000,67,49
1604869260000,64,45
1604869560000,63,46
1604869860000,63,43
1604870160000,0,0
1604926230000,59,49
1604926530000,59,67
1604926830000,57,44
1604927130000,57,58
1604927430000,57,55
1604927730000,57,39
1604928030000,56,46
1604928330000,56,38
1604928630000,56,40
1604928930000,55,39
1604929230000,55,36
1604929530000,55,38
1604929830000,55,38
1604930130000,54,40
1604930430000,55,58
1604930730000,60,47
1604931030000,66,46
1604931330000,61,67
1604931630000,61,59
1604931930000,59,48
1604932230000,57,52
1604932530000,55,37
1604932830000,54,45
1604933130000,54,41
1604933430000,53,45
1604933730000,54,48
1604934030000,54,45
1604934330000,54,49
1604934630000,54,46
1604934930000,55,37
1604935230000,54,42
1604935530000,54,44
1604935830000,53,56
1604936130000,52,51
1604936430000,54,64
1604936730000,56,75
1604937030000,67,39
1604937330000,72,26
1604937630000,66,41
1604937930000,60,69
1604938230000,59,75
1604938530000,56,80
1604938830000,55,90
1604939130000,51,54
1604939430000,51,49
1604939730000,52,50
1604940030000,52,46
1604940330000,52,48
1604940630000,54,66
1604940930000,0,0
1604941230000,0,0
1604941530000,55,76
1604941830000,53,89
1604942130000,59,72
1604942430000,0,0
1604942730000,65,54
1604943030000,60,72
1604943330000,61,73
1604943630000,59,78
1604943930000,58,88
1604944230000,59,64
1604944530000,54,76
1604944830000,54,45
1604945130000,54,47
1604945430000,54,56
1604945730000,54,83
1604946030000,55,48
1604946330000,55,52
1604946630000,54,87
1604946930000,54,83
1604947230000,53,84
1604947530000,54,96
1604947830000,65,55
1604948130000,67,43
1604948430000,64,36
1604948730000,64,34
1604949030000,70,22
1604949330000,67,20
1604949630000,65,46
1604949930000,63,56
1604950230000,60,71
1604950530000,61,57
1604950830000,63,49
1604951130000,61,77
1604951430000,59,78
1604951730000,59,72
1604952030000,58,85
1604952330000,56,86
1604952630000,56,86
1604952930000,0,0
1604953230000,53,109
1604953530000,55,56
1604953830000,55,87
1604954130000,55,74
1604954430000,55,86
1604954730000,57,98
1604955030000,58,76
1604955330000,59,69
1604955630000,65,58
1604955930000,65,56
1604956230000,68,51
1604956530000,77,20
1604956830000,73,42
1604957130000,64,58
1604957430000,64,64
1604957730000,57,64
1604958030000,57,68
1604958330000,57,62
1604958630000,58,66
1604958930000,58,65
1604959230000,58,62
1604959530000,0,0
1604959830000,63,54
1604960130000,65,57
1604960430000,69,64
1604960730000,0,0
1605088893000,0,0
1605089193000,60,91
1605089493000,58,47
1605089793000,58,40
1605090093000,59,91
1605090393000,59,97
1605090693000,60,94
1605090993000,61,80
1605091293000,61,80
1605091593000,61,77
1605091893000,61,78
1605092193000,61,77
1605092493000,65,75
1605092793000,70,42
1605093093000,72,30
1605093393000,72,32
1605093693000,66,60
1605093993000,64,64
1605094293000,63,71
1605094593000,0,0
1605094893000,62,84
1605095193000,0,0
1605095493000,0,0
1605095793000,65,64
1605096093000,62,81
1605096393000,62,79
1605096693000,62,77
1605096993000,63,73
1605097293000,65,64
1605097593000,77,19
1605097893000,76,17
1605098193000,69,36
1605098493000,68,46
1605098793000,63,65
1605099093000,61,77
1605099393000,61,86
1605099693000,60,98
1605099993000,60,97
1605100293000,60,83
1605100593000,59,92
1605100893000,59,95
1605101193000,59,94
1605101493000,59,97
1605101793000,59,93
1605102093000,60,92
1605102393000,59,103
1605102693000,62,95
1605102993000,70,47
1605103293000,72,22
1605103593000,70,28
1605103893000,77,19
1605104193000,68,32
1605104493000,65,51
1605104793000,61,72
1605105093000,58,90
1605105393000,56,64
1605105693000,56,81
1605105993000,56,83
1605106293000,55,43
1605106593000,56,45
1605106893000,56,43
1605107193000,56,98
1605107493000,59,81
1605107793000,55,96
1605108093000,54,74
1605108393000,55,72
1605108693000,56,107
1605108993000,63,65
1605109293000,68,31
1605109593000,67,38
1605109893000,67,31
1605110193000,65,42
1605110493000,62,73
1605110793000,60,83
1605111093000,58,114
1605111393000,55,85
1605111693000,54,73
1605111993000,54,122
1605112293000,53,121
1605112593000,54,112
1605112893000,55,109
1605113193000,54,139
1605113493000,53,148
1605113793000,53,108
1605114093000,55,132
1605114393000,54,144
1605114693000,60,85
1605114993000,67,50
1605115293000,66,36
1605115593000,66,34
1605115893000,63,62
1605116193000,62,60
1605116493000,59,108
1605116793000,57,102
1605117093000,57,102
1605117393000,58,84
1605117693000,57,84
1605117993000,57,97
1605118293000,57,88
1605118593000,58,75
1605118893000,58,81
1605119193000,57,101
1605119493000,55,89
1605119793000,56,89
1605120093000,56,87
1605120393000,55,96
1605120693000,58,93
1605120993000,61,76
1605121293000,70,35
1605121593000,70,34
1605121893000,66,50
1605122193000,62,62
1605122493000,65,54
1605122793000,61,62
1605123093000,62,65
1605123393000,61,60
1605123693000,60,63
1605123993000,60,73
1605124293000,61,73
1605124593000,0,0
1605124893000,0,0
1605125193000,0,0
1605125493000,66,60
1605125793000,64,66
1605126093000,61,91
1605126393000,61,89
1605126693000,60,101
1605126993000,60,78
1605127293000,65,61
1605127593000,62,80
1605127893000,66,72
1605128193000,63,68
1605128493000,66,47
1605128793000,64,62
1605129093000,60,86
1605129393000,60,76
1605129693000,59,83
1605129993000,0,0
1605264389000,65,42
1605264689000,63,28
1605264989000,61,26
1605265289000,60,28
1605265589000,60,34
1605265889000,60,26
1605266189000,60,24
1605266489000,60,27
1605266789000,60,28
1605267089000,60,27
1605267389000,60,28
1605267689000,60,29
1605267989000,60,28
1605268289000,63,31
1605268589000,64,49
1605268889000,62,39
1605269189000,66,43
1605269489000,68,45
1605269789000,72,44
1605270089000,74,29
1605270389000,68,49
1605270689000,62,46
1605270989000,60,29
1605271289000,59,41
1605271589000,58,48
1605271889000,57,38
1605272189000,55,42
1605272489000,54,44
1605272789000,56,44
1605273089000,57,39
1605273389000,57,41
1605273689000,57,39
1605273989000,57,38
1605274289000,58,45
1605274589000,56,43
1605274889000,55,39
1605275189000,57,49
1605275489000,56,61
1605275789000,68,40
1605276089000,71,36
1605276389000,67,50
1605276689000,63,59
1605276989000,59,39
1605277289000,56,52
1605277589000,57,45
1605277889000,54,56
1605278189000,53,48
1605278489000,54,47
1605278789000,53,59
1605279089000,53,56
1605279389000,56,61
1605279689000,53,72
1605279989000,54,58
1605280289000,0,0
1605352649000,0,0
1605352949000,60,31
1605353249000,57,46
1605353549000,56,50
1605353849000,57,43
1605354149000,57,44
1605354449000,57,44
1605354749000,58,78
1605355049000,57,87
1605355349000,56,67
1605355649000,57,39
1605355949000,58,45
1605356249000,61,69
1605356549000,73,23
1605356849000,73,22
1605357149000,75,19
1605357449000,66,43
1605357749000,65,56
1605358049000,62,73
1605358349000,60,40
1605358649000,58,52
1605358949000,56,58
1605359249000,56,48
1605359549000,55,65
1605359849000,56,50
1605360149000,55,60
1605360449000,55,57
1605360749000,55,60
1605361049000,55,63
1605361349000,55,56
1605361649000,55,69
1605361949000,55,59
1605362249000,55,61
1605362549000,55,61
1605362849000,62,68
1605363149000,65,59
1605363449000,62,58
1605363749000,61,52
1605364049000,58,72
1605364349000,56,85
1605364649000,56,72
1605364949000,55,60
1605365249000,55,84
1605365549000,54,50
1605365849000,55,58
1605366149000,54,67
1605366449000,53,62
1605366749000,54,71
1605367049000,56,82
1605367349000,62,62
1605367649000,61,55
1605367949000,63,50
1605368249000,60,60
1605368549000,57,82
1605368849000,57,86
1605369149000,56,90
1605369449000,55,82
1605369749000,53,76
1605370049000,53,79
1605370349000,53,56
1605370649000,53,53
1605370949000,53,85
1605371249000,53,86
1605371549000,50,100
1605371849000,50,74
1605372149000,51,89
1605372449000,52,101
1605372749000,57,69
1605373049000,58,65
1605373349000,54,89
1605373649000,55,96
1605373949000,59,66
1605374249000,57,77
1605374549000,55,87
1605374849000,53,81
1605375149000,51,104
1605375449000,51,83
1605375749000,49,96
1605376049000,49,82
1605376349000,49,83
1605376649000,50,85
1605376949000,52,95
1605377249000,51,94
1605377549000,52,77
1605377849000,52,90
1605378149000,52,71
1605378449000,52,75
1605378749000,52,86
1605379049000,53,95
1605379349000,58,75
1605379649000,63,60
1605379949000,60,62
1605380249000,58,83
1605380549000,63,52
1605380849000,62,67
1605381149000,63,60
1605381449000,65,56
1605381749000,63,53
1605382049000,62,69
1605382349000,59,73
1605382649000,56,86
1605382949000,55,79
1605383249000,55,90
1605383549000,54,75
1605383849000,51,99
1605384149000,53,80
1605384449000,0,0
1605384749000,51,103
1605385049000,51,87
1605385349000,51,90
1605385649000,52,88
1605385949000,52,86
1605386249000,53,79
1605386549000,55,86
1605386849000,55,78
1605387149000,58,73
1605387449000,61,66
1605387749000,70,44
1605388049000,66,45
1605388349000,64,42
1605388649000,62,54
1605388949000,0,0
1605454349000,65,58
1605454649000,65,50
1605454949000,63,30
1605455249000,62,78
1605455549000,60,32
1605455849000,64,52
1605456149000,59,33
1605456449000,59,30
1605456749000,58,33
1605457049000,58,33
1605457349000,58,35
1605457649000,58,34
1605457949000,57,36
1605458249000,57,38
1605458549000,57,39
1605458849000,58,62
1605459149000,64,59
1605459449000,66,52
1605459749000,61,63
1605460049000,59,63
1605460349000,56,44
1605460649000,56,51
1605460949000,55,42
1605461249000,55,43
1605461549000,54,49
1605461849000,54,52
1605462149000,54,51
1605462449000,58,50
1605462749000,54,62
1605463049000,56,70
1605463349000,58,53
1605463649000,62,59
1605463949000,60,73
1605464249000,61,66
1605464549000,56,87
1605464849000,53,107
1605465149000,52,95
1605465449000,52,74
1605465749000,52,72
1605466049000,53,55
1605466349000,53,52
1605466649000,53,54
1605466949000,51,95
1605467249000,53,66
1605467549000,51,56
1605467849000,52,55
1605468149000,52,55
1605468449000,52,58
1605468749000,54,50
1605469049000,58,58
1605469349000,62,54
1605469649000,60,67
1605469949000,56,64
1605470249000,61,69
1605470549000,61,62
1605470849000,55,79
1605471149000,59,79
1605471449000,57,62
1605471749000,57,69
1605472049000,57,78
1605472349000,54,99
1605472649000,53,68
1605472949000,0,0
1605534449000,0,0
1605534749000,69,53
1605535049000,66,74
1605535349000,62,29
1605535649000,61,36
1605535949000,60,27
1605536249000,60,36
1605536549000,60,43
1605536849000,63,70
1605537149000,62,74
1605537449000,63,80
1605537749000,63,68
1605538049000,62,59
1605538349000,62,66
1605538649000,62,73
1605538949000,63,81
1605539249000,62,71
1605539549000,62,72
1605539849000,64,66
1605540149000,72,35
1605540449000,71,42
1605540749000,0,0
1605541049000,0,0
1605541349000,0,0
1605541649000,65,87
1605541949000,60,94
1605542249000,59,72
1605542549000,58,37
1605542849000,58,69
1605543149000,57,37
1605543449000,57,40
1605543749000,57,43
1605544049000,57,39
1605544349000,57,45
1605544649000,56,60
1605544949000,63,75
1605545249000,66,50
1605545549000,66,52
1605545849000,63,57
1605546149000,61,60
1605546449000,63,66
1605546749000,60,56
1605547049000,68,37
1605547349000,62,59
1605547649000,60,60
1605547949000,62,69
1605548249000,58,41
1605548549000,58,28
1605548849000,55,49
1605549149000,54,51
1605549449000,55,56
1605549749000,55,67
1605550049000,55,75
1605550349000,60,52
1605550649000,58,41
1605550949000,61,64
1605551249000,59,76
1605551549000,58,78
1605551849000,61,78
1605552149000,64,67
1605552449000,62,69
1605552749000,63,57
1605553049000,61,63
1605553349000,60,68
1605553649000,64,67
1605608550000,0,0
1605608850000,62,32
1605609150000,60,30
1605609450000,59,35
1605609750000,59,32
1605610050000,58,33
1605610350000,58,33
1605610650000,58,33
1605610950000,59,35
1605611250000,59,36
1605611550000,58,39
1605611850000,59,38
1605612150000,59,39
1605612450000,59,40
1605612750000,59,44
1605613050000,59,38
1605613350000,58,43
1605613650000,61,52
1605613950000,66,49
1605614250000,81,35
1605614550000,0,0
1605614850000,0,0
1605615150000,60,45
1605615450000,60,39
1605615750000,59,34
1605616050000,57,36
1605616350000,56,41
1605616650000,58,40
1605616950000,58,35
1605617250000,57,42
1605617550000,57,44
1605617850000,57,44
1605618150000,58,39
1605618450000,58,39
1605618750000,58,41
1605619050000,58,43
1605619350000,58,41
1605619650000,58,47
1605619950000,61,52
1605620250000,66,58
1605620550000,63,63
1605620850000,62,64
1605621150000,60,48
1605621450000,63,37
1605621750000,0,0
1605697052000,0,0
1605697352000,62,31
1605697652000,61,34
1605697952000,60,31
1605698252000,60,31
1605698552000,60,27
1605698852000,59,34
1605699152000,60,31
1605699452000,60,30
1605699752000,61,41
1605700052000,60,32
1605700352000,62,36
1605700652000,63,48
1605700952000,65,44
1605701252000,64,51
1605701552000,63,43
1605701852000,62,51
1605702152000,62,50
1605702452000,62,48
1605702752000,67,39
1605703052000,65,51
1605703352000,74,41
1605703652000,63,58
1605703952000,60,41
1605704252000,61,49
1605704552000,59,48
1605704852000,58,42
1605705152000,58,39
1605705452000,57,46
1605705752000,57,45
1605706052000,58,42
1605706352000,58,43
1605706652000,58,45
1605706952000,58,46
1605707252000,60,45
1605707552000,59,40
1605707852000,59,36
1605708152000,59,35
1605708452000,59,35
1605708752000,60,35
1605709052000,61,57
1605709352000,62,55
1605709652000,61,45
1605709952000,59,34
1605710252000,59,43
1605710552000,59,39
1605710852000,58,39
1605711152000,60,65
1605711452000,56,69
1605711752000,56,49
1605712052000,58,47
1605712352000,58,44
1605712652000,58,45
1605712952000,59,45
1605713252000,56,50
1605713552000,59,63
1605713852000,68,52
1605714152000,70,41
1605714452000,61,64
1605714752000,64,44
1605715052000,64,52
1605715352000,62,43
1605715652000,61,50
1605715952000,58,45
1605716252000,57,52
1605716552000,57,46
1605716852000,57,56
1605717152000,56,54
1605717452000,56,59
1605717752000,56,60
1605718052000,54,54
1605718352000,54,51
1605718652000,56,46
1605718952000,62,56
1605719252000,61,66
1605719552000,60,70
1605784052000,66,47
1605784352000,64,27
1605784652000,64,23
1605784952000,64,25
1605785252000,64,42
1605785552000,65,52
1605785852000,66,68
1605786152000,65,55
1605786452000,66,73
1605786752000,66,72
1605787052000,66,70
1605787352000,66,71
1605787652000,74,45
1605787952000,79,23
1605788252000,73,39
1605788552000,70,45
1605788852000,68,52
1605789152000,68,48
1605789452000,65,62
1605789752000,65,54
1605790052000,65,55
1605790352000,64,55
1605790652000,64,55
1605790952000,67,49
1605791252000,64,49
1605791552000,63,52
1605791852000,64,42
1605792152000,64,39
1605792452000,63,52
1605792752000,63,51
1605793052000,62,22
1605793352000,65,78
1605793652000,73,49
1605793952000,76,32
1605794252000,71,41
1605794552000,62,74
1605794852000,64,68
1605795152000,64,61
1605795452000,62,56
1605795752000,61,42
1605796052000,61,41
1605796352000,63,57
1605796652000,61,41
1605796952000,61,33
1605797252000,61,29
1605797552000,63,59
1605797852000,64,43
1605798152000,62,61
1605798452000,64,45
1605798752000,67,62
1605799052000,71,42
1605799352000,67,51
1605799652000,79,26
1605799952000,72,54
1605870333000,0,0
1605870633000,59,40
1605870933000,59,47
1605871233000,59,48
1605871533000,59,42
1605871833000,59,39
1605872133000,57,44
1605872433000,55,44
1605872733000,61,43
1605873033000,61,23
1605873333000,62,44
1605873633000,63,46
1605873933000,62,42
1605874233000,67,39
1605874533000,64,39
1605874833000,59,36
1605875133000,58,37
1605875433000,58,38
1605875733000,57,38
1605876033000,58,35
1605876333000,58,35
1605876633000,59,35
1605876933000,59,32
1605877233000,59,33
1605877533000,58,33
1605877833000,59,33
1605878133000,59,31
1605878433000,59,30
1605878733000,59,31
1605879033000,61,68
1605879333000,70,44
1605879633000,72,44
1605879933000,69,48
1605880233000,61,54
1605880533000,59,47
1605880833000,58,39
1605881133000,57,45
1605881433000,57,44
1605881733000,56,47
1605882033000,56,49
1605882333000,56,49
1605882633000,57,40
1605882933000,57,45
1605883233000,59,55
1605883533000,55,67
1605883833000,55,59
1605884133000,56,55
1605884433000,57,55
1605884733000,58,52
1605885033000,56,56
1605885333000,62,66
1605885633000,75,34
1605885933000,0,0
1605886233000,0,0
1605886533000,71,34
1605886833000,69,41
1605887133000,61,54
1605887433000,59,47
1605887733000,58,48
1605888033000,57,40
1605888333000,56,51
1605888633000,57,38
1605888933000,57,40
1605889233000,59,34
1605889533000,57,39
1605889833000,57,39
1605890133000,57,41
1605890433000,58,46
1605890733000,56,42
1605891033000,56,48
1605891333000,58,85
1605891633000,68,52
1605891933000,65,55
1605892233000,63,62
1605892533000,61,69
1605892833000,57,68
1605893133000,57,45
1605893433000,56,87
1605893733000,58,73
1605894033000,59,54
1605894333000,56,38
1605894633000,55,79
1605894933000,53,85
1605895233000,54,74
1605895533000,53,91
1605895833000,53,53
1605896133000,54,52
1605896433000,53,89
1605896733000,54,49
1605897033000,55,76
1605897333000,56,76
1605897633000,67,59
1605897933000,63,74
1605898233000,65,60
1605898533000,64,58
1605898833000,63,59
1605899133000,58,66
1605899433000,57,72
1605899733000,57,52
1605900033000,57,36
1605900333000,56,48
1605900633000,57,40
1605900933000,57,52
1605901233000,57,44
1605901533000,58,78
1605901833000,57,60
1605902133000,57,70
1605902433000,58,53
1605902733000,0,0
1605968613000,0,0
1605968913000,0,0
1605969213000,63,34
1605969513000,62,33
1605969813000,61,33
1605970113000,61,26
1605970413000,61,23
1605970713000,61,30
1605971013000,60,28
1605971313000,61,23
1605971613000,60,26
1605971913000,60,28
1605972213000,62,35
1605972513000,62,37
1605972813000,65,36
1605973113000,67,43
1605973413000,66,46
1605973713000,67,41
1605974013000,64,37
1605974313000,62,28
1605974613000,60,29
1605974913000,59,31
1605975213000,58,38
1605975513000,58,35
1605975813000,59,40
1605976113000,57,38
1605976413000,58,35
1605976713000,58,39
1605977013000,58,34
1605977313000,62,35
1605977613000,60,31
1605977913000,69,36
1605978213000,70,23
1605978513000,73,25
1605978813000,67,35
1605979113000,66,49
1605979413000,66,53
1605979713000,63,55
1605980013000,61,45
1605980313000,57,34
1605980613000,57,40
1605980913000,57,37
1605981213000,57,32
1605981513000,57,39
1605981813000,58,31
1605982113000,57,38
1605982413000,57,37
1605982713000,57,40
1605983013000,60,67
1605983313000,61,63
1605983613000,62,61
1605983913000,62,61
1605984213000,63,55
1605984513000,60,54
1605984813000,58,65
1605985113000,59,69
1606058073000,0,0
1606058373000,63,26
1606058673000,63,21
1606058973000,62,21
1606059273000,62,21
1606059573000,63,29
1606059873000,63,19
1606060173000,64,22
1606060473000,63,25
1606060773000,64,40
1606061073000,63,25
1606061373000,63,27
1606061673000,66,49
1606061973000,68,54
1606062273000,66,47
1606062573000,62,45
1606062873000,60,27
1606063173000,59,33
1606063473000,59,33
1606063773000,58,36
1606064073000,58,37
1606064373000,58,38
1606064673000,60,37
1606064973000,58,38
1606065273000,58,46
1606065573000,58,53
1606065873000,68,42
1606066173000,72,20
1606066473000,65,45
1606066773000,60,55
1606067073000,56,36
1606067373000,56,39
1606067673000,55,43
1606067973000,55,45
1606068273000,54,46
1606068573000,55,43
1606068873000,54,43
1606069173000,54,50
1606069473000,54,47
1606069773000,55,44
1606070073000,55,48
1606070373000,53,51
1606070673000,54,48
1606070973000,54,54
1606071273000,55,62
1606071573000,59,55
1606071873000,60,61
1606072173000,59,58
1606072473000,57,43
1606072773000,56,51
1606073073000,55,41
1606073373000,55,42
1606073673000,54,53
1606073973000,54,50
1606074273000,53,62
1606074573000,0,0
1606122631000,0,0
1606122931000,72,45
1606123231000,69,54
1606123531000,71,52
1606123831000,69,54
1606124131000,70,59
1606124431000,72,45
1606124731000,77,48
1606125031000,71,44
1606125331000,74,43
1606125631000,77,41
1606125931000,74,48
1606126231000,81,30
1606126531000,77,39
1606126831000,74,44
1606127131000,72,40
1606127431000,75,33
1606127731000,74,41
1606128031000,71,62
1606128331000,69,71
1606128631000,68,76
1606128931000,68,74
1606129231000,70,62
1606129531000,66,85
1606129831000,67,91
1606130131000,65,109
1606130431000,65,102
1606130731000,62,105
1606131031000,61,110
1606131331000,61,107
1606131631000,67,72
1606131931000,69,75
1606132231000,71,59
1606132531000,68,89
1606132831000,65,78
1606133131000,64,79
1606133431000,63,68
1606133731000,62,74
1606134031000,61,82
1606134331000,62,72
1606134631000,61,80
1606134931000,62,68
1606135231000,61,83
1606135531000,61,81
1606135831000,61,79
1606136131000,63,65
1606136431000,66,49
1606136731000,77,37
1606137031000,67,57
1606137331000,65,41
1606137631000,64,41
1606137931000,65,43
1606138231000,64,46
1606138531000,64,53
1606138831000,66,45
1606139131000,67,56
1606139431000,66,51
1606139731000,66,34
1606140031000,65,34
1606209869000,74,46
1606210169000,75,45
1606210469000,73,45
1606210769000,75,54
1606211069000,68,81
1606211369000,64,102
1606211669000,63,109
1606211969000,63,114
1606212269000,67,96
1606212569000,71,92
1606212869000,65,116
1606213169000,65,110
1606213469000,64,122
1606213769000,64,129
1606214069000,64,124
1606214369000,64,126
1606214669000,64,124
1606214969000,66,95
1606215269000,73,39
1606215569000,69,60
1606215869000,74,41
1606216169000,71,62
1606216469000,73,46
1606216769000,72,59
1606217069000,68,80
1606217369000,67,94
1606217669000,66,83
1606217969000,63,71
1606218269000,62,70
1606218569000,62,69
1606218869000,61,70
1606219169000,61,82
1606219469000,61,71
1606219769000,62,64
1606220069000,60,71
1606220369000,59,68
1606220669000,59,57
1606220969000,59,36
1606221269000,59,37
1606221569000,59,37
1606221869000,61,34
1606222169000,66,46
1606222469000,66,42
1606222769000,64,39
1606223069000,64,29
1606223369000,62,29
1606223669000,60,34
1606223969000,60,31
1606224269000,61,36
1606224569000,60,31
1606224869000,59,33
1606225169000,59,35
1606225469000,59,36
1606225769000,60,41
1606226069000,58,41
1606226369000,58,48
1606226669000,59,39
1606226969000,60,39
1606227269000,60,50
1606227569000,63,52
1606227869000,66,41
1606228169000,72,18
1606228469000,68,39
1606228769000,66,47
1606229069000,62,62
1606229369000,59,55
1606229669000,61,36
1606229969000,61,44
1606230269000,59,35
1606230569000,64,39
1606230869000,68,45
1606231169000,0,0
1606296689000,59,41
1606296989000,63,51
1606297289000,59,34
1606297589000,57,43
1606297889000,57,47
1606298189000,56,48
1606298489000,55,50
1606298789000,56,50
1606299089000,56,46
1606299389000,56,46
1606299689000,56,46
1606299989000,56,46
1606300289000,56,44
1606300589000,56,41
1606300889000,58,47
1606301189000,61,54
1606301489000,64,45
1606301789000,63,60
1606302089000,60,39
1606302389000,60,54
1606302689000,60,46
1606302989000,61,40
1606303289000,62,65
1606303589000,62,61
1606303889000,65,56
1606304189000,61,42
1606304489000,58,36
1606304789000,59,54
1606305089000,59,50
1606305389000,57,35
1606305689000,55,46
1606305989000,56,39
1606306289000,55,45
1606306589000,55,43
1606306889000,55,44
1606307189000,57,46
1606307489000,55,46
1606307789000,55,44
1606308089000,56,39
1606308389000,56,41
1606308689000,56,36
1606308989000,56,44
1606309289000,58,48
1606309589000,60,71
1606309889000,63,66
1606310189000,63,65
1606310489000,58,63
1606310789000,59,42
1606311089000,57,53
1606311389000,57,54
1606311689000,56,46
1606311989000,56,42
1606312289000,56,42
1606312589000,56,46
1606312889000,57,40
1606313189000,57,42
1606313489000,58,51
1606313789000,55,49
1606314089000,56,72
1606314389000,61,52
1606314689000,64,60
1606390409000,74,45
1606390709000,71,42
1606391009000,71,42
1606391309000,69,48
1606391609000,68,48
1606391909000,68,46
1606392209000,67,47
1606392509000,67,49
1606392809000,66,52
1606393109000,64,63
1606393409000,66,62
1606393709000,69,45
1606394009000,68,58
1606394309000,66,46
1606394609000,63,56
1606394909000,70,35
1606395209000,76,22
1606395509000,75,18
1606395809000,70,27
1606396109000,66,40
1606396409000,66,44
1606396709000,63,49
1606397009000,61,58
1606397309000,60,70
1606397609000,59,66
1606397909000,58,36
1606398209000,58,36
1606398509000,59,32
1606398809000,58,37
1606399109000,57,41
1606399409000,58,41
1606399709000,58,37
1606400009000,58,35
1606400309000,59,52
1606400609000,58,40
1606400909000,61,72
1606401209000,64,52
1606401509000,63,61
1606401809000,62,58
1606402109000,61,67
1606402409000,61,44
1606402709000,59,54
1606403009000,59,50
1606403309000,59,37
1606403609000,59,35
1606403909000,61,57
1606404209000,59,85
1606404509000,59,83
1606404809000,60,64
1606405109000,63,45
1606405409000,66,57
1606405709000,70,38
1606406009000,73,33
1606406309000,84,34
1606483293000,66,19
1606483593000,64,21
1606483893000,62,24
1606484193000,61,20
1606484493000,61,22
1606484793000,61,23
1606485093000,61,23
1606485393000,61,22
1606485693000,61,23
1606485993000,61,24
1606486293000,61,24
1606486593000,60,30
1606486893000,61,27
1606487193000,61,29
1606487493000,66,62
1606487793000,72,34
1606488093000,64,53
1606488393000,64,62
1606488693000,63,40
1606488993000,61,49
1606489293000,61,32
1606489593000,61,32
1606489893000,60,34
1606490193000,60,37
1606490493000,60,37
1606490793000,60,39
1606491093000,60,39
1606491393000,60,40
1606491693000,60,41
1606491993000,58,44
1606492293000,58,47
1606492593000,64,59
1606492893000,69,44
1606493193000,67,50
1606493493000,60,85
1606493793000,64,65
1606494093000,62,52
1606494393000,61,31
1606494693000,60,45
1606494993000,59,40
1606495293000,59,49
1606495593000,61,31
1606495893000,58,30
1606496193000,57,33
1606496493000,57,33
1606496793000,57,32
1606497093000,58,30
1606497393000,58,31
1606497693000,58,35
1606497993000,60,45
1606498293000,64,48
1606498593000,61,71
1606498893000,63,67
1606499193000,61,51
1606499493000,62,46
1606499793000,60,54
1606500093000,61,55
1606500393000,65,62
1606553883000,0,0
1606554183000,59,34
1606554483000,59,38
1606554783000,59,44
1606555083000,59,32
1606555383000,60,32
1606555683000,60,28
1606555983000,60,33
1606556283000,60,49
1606556583000,62,50
1606556883000,62,39
1606557183000,69,52
1606557483000,72,42
1606557783000,68,49
1606558083000,65,58
1606558383000,66,52
1606558683000,68,46
1606558983000,71,39
1606559283000,73,31
1606559583000,64,55
1606559883000,62,43
1606560183000,62,49
1606560483000,61,39
1606560783000,62,68
1606561083000,61,63
1606561383000,60,29
1606561683000,60,28
1606561983000,61,26
1606562283000,60,29
1606562583000,61,39
1606562883000,59,35
1606563183000,59,31
1606563483000,59,35
1606563783000,59,37
1606564083000,61,35
1606564383000,60,36
1606564683000,63,66
1606564983000,68,48
1606565283000,67,55
1606565583000,70,48
1606565883000,65,54
1606566183000,63,46
1606566483000,63,38
1606566783000,61,28
1606567083000,60,43
1606567383000,59,51
1606567683000,58,40
1606567983000,59,42
1606568283000,59,35
1606568583000,58,45
1606568883000,60,54
1606569183000,62,59
1606569483000,64,54
1606569783000,64,57
1606570083000,69,40
1606570383000,67,40
1606570683000,67,48
1606638902000,77,24
1606639202000,71,40
1606639502000,69,58
1606639802000,67,64
1606640102000,72,43
1606640402000,74,45
1606640702000,78,29
1606641002000,69,51
1606641302000,76,37
1606641602000,66,52
1606641902000,64,36
1606642202000,65,27
1606642502000,64,37
1606642802000,62,29
1606643102000,63,25
1606643402000,63,22
1606643702000,63,27
1606644002000,63,28
1606644302000,64,38
1606644602000,63,30
1606644902000,62,30
1606645202000,63,31
1606645502000,62,36
1606645802000,64,54
1606646102000,66,59
1606646402000,68,48
1606646702000,67,43
1606647002000,68,40
1606647302000,68,40
1606647602000,66,46
1606647902000,64,55
1606648202000,65,44
1606648502000,63,45
1606648802000,65,57
1606649102000,66,50
1606649402000,67,39
1606649702000,75,25
1606650002000,73,24
1606650302000,71,36
1606650602000,65,42
1606650902000,64,43
1606651202000,64,25
1606651502000,63,25
1606651802000,63,38
1606652102000,62,42
1606652402000,63,36
1606652702000,63,39
1606653002000,63,42
1606653302000,63,37
1606653602000,63,36
1606653902000,66,43
1606654202000,64,50
1606654502000,65,47
1606654802000,65,41
1606655102000,67,40
1606655402000,63,49
1606655702000,62,44
1606656002000,61,45
1606656302000,62,46
1606656602000,60,52
1606656902000,62,53
1606657202000,62,52
1606657502000,64,44
1606657802000,64,47
1606658102000,64,55
1606658402000,65,50
1606658702000,70,42
1606659002000,68,44
1606659302000,69,33
1606659602000,65,50
1606659902000,65,47
1606660202000,65,44
1606660502000,63,52
1606660802000,63,53
1606661102000,64,59
1606661402000,64,55
1606661702000,66,51
1606662002000,66,41
1606662302000,65,40
1606662602000,66,56
1606662902000,71,41
1606663202000,0,0
1606728902000,61,66
1606729202000,59,40
1606729502000,59,39
1606729802000,57,31
1606730102000,58,31
1606730402000,58,29
1606730702000,58,29
1606731002000,58,32
1606731302000,59,25
1606731602000,59,27
1606731902000,59,28
1606732202000,59,26
1606732502000,59,28
1606732802000,59,27
1606733102000,59,32
1606733402000,65,54
1606733702000,71,33
1606734002000,69,37
1606734302000,64,61
1606734602000,63,60
1606734902000,61,52
1606735202000,61,44
1606735502000,61,42
1606735802000,63,62
1606736102000,62,61
1606736402000,59,37
1606736702000,58,27
1606737002000,58,29
1606737302000,58,30
1606737602000,58,26
1606737902000,58,30
1606738202000,58,33
1606738502000,59,26
1606738802000,58,40
1606739102000,57,26
1606739402000,57,31
1606739702000,57,31
1606740002000,58,29
1606740302000,63,58
1606740602000,69,50
1606740902000,72,29
1606741202000,65,59
1606741502000,73,29
1606741802000,75,29
1606742102000,74,40
1606742402000,69,40
1606742702000,65,54
1606743002000,62,71
1606743302000,61,69
1606743602000,60,51
1606743902000,60,39
1606744202000,59,47
1606744502000,58,41
1606744802000,59,33
1606745102000,59,34
1606745402000,59,32
1606745702000,59,31
1606746002000,60,33
1606746302000,61,47
1606746602000,57,68
1606746902000,58,61
1606747202000,60,57
1606747502000,63,80
1606747802000,61,88
1606748102000,62,75
1606748402000,61,81
1606748702000,62,51
1606749002000,0,0
1606817702000,0,0
1606818002000,60,63
1606818302000,60,80
1606818602000,62,98
1606818902000,59,97
1606819202000,59,88
1606819502000,60,79
1606819802000,60,91
1606820102000,59,62
1606820402000,59,78
1606820702000,59,88
1606821002000,60,79
1606821302000,61,85
1606821602000,62,88
1606821902000,74,42
1606822202000,72,36
1606822502000,70,55
1606822802000,70,44
1606823102000,68,50
1606823402000,70,39
1606823702000,69,50
1606824002000,68,45
1606824302000,68,58
1606824602000,68,56
1606824902000,70,37
1606825202000,69,46
1606825502000,67,56
1606825802000,68,43
1606826102000,66,53
1606826402000,66,59
1606826702000,71,54
1606827002000,70,46
1606827302000,68,45
1606827602000,70,43
1606827902000,66,55
1606828202000,67,52
1606828502000,67,50
1606828802000,67,52
1606829102000,67,54
1606829402000,69,46
1606829702000,70,52
1606830002000,77,33
1606830302000,77,23
1606830602000,75,27
1606830902000,73,31
1606831202000,72,38
1606831502000,71,48
1606831802000,71,41
1606832102000,69,50
1606832402000,66,62
1606832702000,66,63
1606833002000,65,66
1606833302000,65,69
1606833602000,65,71
1606833902000,65,76
1606834202000,68,73
1606834502000,64,89
1606834802000,69,55
1606835102000,78,24
1606835402000,77,19
1606835702000,72,39
1606836002000,69,47
1606836302000,69,51
1606836602000,68,60
1606836902000,68,48
1606837202000,68,45
1606837502000,66,67
1606837802000,67,76
1606838102000,61,88
1606838402000,61,93
1606838702000,61,90
1606839002000,62,93
1606839302000,63,91
1606839602000,63,82
1606839902000,64,89
1606840202000,74,70
1606840502000,0,0
1606905062000,57,45
1606905362000,56,44
1606905662000,55,43
1606905962000,55,41
1606906262000,56,47
1606906562000,54,44
1606906862000,54,42
1606907162000,55,44
1606907462000,54,42
1606907762000,55,40
1606908062000,55,39
1606908362000,54,48
1606908662000,55,53
1606908962000,57,78
1606909262000,65,61
1606909562000,63,93
1606909862000,60,100
1606910162000,59,92
1606910462000,56,60
1606910762000,56,37
1606911062000,57,35
1606911362000,58,30
1606911662000,56,51
1606911962000,56,38
1606912262000,57,32
1606912562000,56,40
1606912862000,57,32
1606913162000,57,33
1606913462000,56,39
1606913762000,56,36
1606914062000,57,35
1606914362000,56,39
1606914662000,60,57
1606914962000,77,24
1606915262000,70,36
1606915562000,69,50
1606915862000,63,71
1606916162000,62,78
1606916462000,62,68
1606916762000,59,61
1606917062000,61,76
1606917362000,59,60
1606917662000,58,59
1606917962000,59,73
1606918262000,60,37
1606918562000,57,74
1606918862000,59,59
1606919162000,59,76
1606919462000,0,0
1606987648000,0,0
1606987948000,65,81
1606988248000,61,86
1606988548000,63,99
1606988848000,62,94
1606989148000,61,97
1606989448000,62,93
1606989748000,63,81
1606990048000,63,94
1606990348000,64,73
1606990648000,67,62
1606990948000,62,84
1606991248000,71,52
1606991548000,72,25
1606991848000,71,28
1606992148000,69,42
1606992448000,64,67
1606992748000,63,79
1606993048000,63,74
1606993348000,63,68
1606993648000,63,76
1606993948000,63,81
1606994248000,63,66
1606994548000,64,64
1606994848000,64,62
1606995148000,63,63
1606995448000,64,64
1606995748000,64,63
1606996048000,64,59
1606996348000,66,67
1606996648000,69,53
1606996948000,74,36
1606997248000,0,0
1606997548000,69,45
1606997848000,71,38
1606998148000,70,53
1606998448000,75,31
1606998748000,73,28
1606999048000,70,33
1606999348000,70,34
1606999648000,69,37
1606999948000,68,36
1607000248000,66,58
1607000548000,65,61
1607000848000,64,55
1607001148000,64,55
1607001448000,64,57
1607001748000,63,54
1607002048000,63,59
1607002348000,65,56
1607002648000,63,65
1607002948000,65,56
1607003248000,65,56
1607003548000,65,50
1607003848000,66,54
1607004148000,67,59
1607004448000,71,35
1607004748000,72,40
1607005048000,0,0
1607005348000,0,0
1607005648000,0,0
1607005948000,0,0
1607006248000,0,0
1607006548000,0,0
1607006848000,71,40
1607007148000,72,34
1607007448000,73,28
1607007748000,71,33
1607008048000,68,43
1607008348000,67,56
1607008648000,64,59
1607008948000,65,56
1607009248000,67,47
1607009548000,65,73
1607009848000,67,57
1607010148000,68,49
1607010448000,71,55
1607081523000,60,34
1607081823000,60,31
1607082123000,59,30
1607082423000,59,26
1607082723000,59,30
1607083023000,59,29
1607083323000,59,27
1607083623000,58,27
1607083923000,59,27
1607084223000,58,29
1607084523000,59,25
1607084823000,59,26
1607085123000,60,87
1607085423000,68,63
1607085723000,75,24
1607086023000,67,51
1607086323000,64,65
1607086623000,64,62
1607086923000,61,48
1607087223000,60,24
1607087523000,61,43
1607087823000,60,26
1607088123000,60,24
1607088423000,60,31
1607088723000,60,25
1607089023000,60,26
1607089323000,60,30
1607089623000,60,25
1607089923000,61,23
1607090223000,61,24
1607090523000,60,26
1607090823000,64,30
1607091123000,77,26
1607091423000,76,21
1607091723000,78,16
1607092023000,73,29
1607092323000,71,36
1607092623000,66,58
1607092923000,63,60
1607093223000,61,56
1607093523000,64,61
1607093823000,60,39
1607094123000,60,34
1607094423000,61,37
1607094723000,59,43
1607095023000,59,28
1607095323000,59,39
1607095623000,59,49
1607095923000,60,43
1607096223000,64,48
1607096523000,67,53
1607096823000,70,42
1607097123000,74,34
1607097423000,67,58
1607097723000,63,59
1607098023000,63,72
1607098323000,62,53
1607098623000,60,33
1607098923000,60,56
1607099223000,60,31
1607099523000,60,30
1607099823000,60,33
1607100123000,60,34
1607100423000,61,28
1607100723000,62,35
1607101023000,61,47
1607101323000,64,54
1607101623000,65,58
1607155472000,0,0
1607155772000,0,0
1607156072000,0,0
1607156372000,65,74
1607156672000,63,90
1607156972000,63,68
1607157272000,64,91
1607157572000,64,92
1607157872000,63,75
1607158172000,63,71
1607158472000,63,88
1607158772000,63,83
1607159072000,63,68
1607159372000,64,84
1607159672000,63,85
1607159972000,64,78
1607160272000,63,81
1607160572000,68,69
1607160872000,70,53
1607161172000,74,34
1607161472000,70,40
1607161772000,66,59
1607162072000,65,74
1607162372000,61,77
1607162672000,61,59
1607162972000,61,79
1607163272000,61,79
1607163572000,60,69
1607163872000,60,54
1607164172000,60,64
1607164472000,61,82
1607164772000,61,72
1607165072000,60,67
1607165372000,61,64
1607165672000,63,89
1607165972000,68,52
1607166272000,71,32
1607166572000,67,47
1607166872000,65,59
1607167172000,67,54
1607167472000,62,71
1607167772000,63,76
1607168072000,62,71
1607168372000,60,54
1607168672000,61,44
1607168972000,61,52
1607169272000,60,40
1607169572000,61,51
1607169872000,61,45
1607170172000,62,45
1607170472000,61,60
1607170772000,63,55
1607171072000,61,54
1607171372000,60,57
1607171672000,62,59
1607171972000,64,64
1607172272000,69,39
1607172572000,69,33
1607172872000,68,38
1607173172000,67,44
1607173472000,65,46
1607173772000,67,35
1607174072000,69,42
1607174372000,76,20
1607174672000,69,30
1607174972000,65,50
1607175272000,71,37
1607175572000,67,45
1607175872000,0,0
1607176172000,0,0
1607176472000,0,0
1607176772000,0,0
1607177072000,61,74
1607177372000,60,47
1607177672000,60,26
1607177972000,60,29
1607178272000,61,34
1607178572000,61,40
1607178872000,61,53
1607179172000,62,44
1607179472000,63,42
1607179772000,64,59
1607180072000,64,49
1607180372000,68,44
1607180672000,65,54
1607180972000,66,53
1607181272000,65,44
1607181572000,69,44
1607181872000,67,46
1607182172000,62,83
1607182472000,60,75
1607182772000,62,54
1607183072000,64,60
1607183372000,63,53
1607183672000,62,63
1607183972000,63,53
1607184272000,63,54
1607184572000,64,52
1607184872000,64,52
1607185172000,63,55
1607185472000,64,53
1607185772000,65,53
1607186072000,70,38
1607186372000,74,32
1607186672000,69,34
1607186972000,68,35
1607187272000,66,52
1607187572000,66,47
1607187872000,64,63
1607188172000,62,51
1607188472000,64,50
1607188772000,62,57
1607189072000,66,69
1607255724000,0,0
1607256024000,0,0
1607256324000,0,0
1607256624000,0,0
1607256924000,72,45
1607257224000,71,40
1607257524000,71,40
1607257824000,71,39
1607258124000,71,42
1607258424000,72,34
1607258724000,73,31
1607259024000,73,32
1607259324000,73,33
1607259624000,73,34
1607259924000,73,32
1607260224000,73,33
1607260524000,74,32
1607260824000,75,32
1607261124000,80,17
1607261424000,75,25
1607261724000,74,23
1607262024000,70,36
1607262324000,67,36
1607262624000,68,37
1607262924000,66,48
1607263224000,67,44
1607263524000,65,46
1607263824000,65,50
1607264124000,65,47
1607264424000,65,62
1607264724000,63,63
1607265024000,64,55
1607265324000,64,61
1607265624000,63,66
1607265924000,66,61
1607266224000,74,35
1607266524000,74,32
1607266824000,72,32
1607267124000,69,32
1607267424000,68,35
1607267724000,66,42
1607268024000,63,58
1607268324000,61,64
1607268624000,62,50
1607268924000,62,54
1607269224000,63,49
1607269524000,62,54
1607269824000,60,62
1607270124000,59,51
1607270424000,60,49
1607270724000,60,48
1607271024000,63,51
1607271324000,61,63
1607271624000,66,49
1607271924000,69,34
1607272224000,69,35
1607272524000,68,44
1607272824000,65,52
1607273124000,62,61
1607273424000,62,61
1607273724000,63,62
1607274024000,62,65
1607274324000,62,63
1607274624000,62,62
1607274924000,60,53
1607275224000,60,58
1607275524000,60,66
1607275824000,60,68
1607276124000,59,56
1607276424000,60,57
1607276724000,60,60
1607277024000,61,71
1607277324000,63,66
1607277624000,65,63
1607277924000,68,59
1607278224000,68,51
1607278524000,68,56
1607278824000,65,61
1607279124000,67,51
1607279424000,64,52
1607279724000,65,66
1607280024000,67,58
1607280324000,71,56
1607280624000,68,69
1607280924000,67,71
1607281224000,72,59
1607281524000,73,50
1607281824000,76,48
1607282124000,86,44
1607282424000,88,41
1607282724000,86,46
1607283024000,95,44
1607340062000,64,74
1607340362000,65,79
1607340662000,63,89
1607340962000,65,77
1607341262000,65,84
1607341562000,66,76
1607341862000,66,73
1607342162000,66,79
1607342462000,66,68
1607342762000,65,72
1607343062000,65,75
1607343362000,64,78
1607343662000,65,77
1607343962000,64,76
1607344262000,65,71
1607344562000,69,53
1607344862000,75,26
1607345162000,78,25
1607345462000,72,28
1607345762000,69,42
1607346062000,65,63
1607346362000,65,62
1607346662000,62,86
1607346962000,60,63
1607347262000,59,46
1607347562000,59,43
1607347862000,59,52
1607348162000,59,30
1607348462000,59,34
1607348762000,59,85
1607349062000,58,57
1607349362000,58,32
1607349662000,59,40
1607349962000,59,57
1607350262000,62,84
1607350562000,69,39
1607350862000,69,37
1607351162000,67,63
1607351462000,67,63
1607351762000,63,65
1607352062000,64,79
1607352362000,64,81
1607352662000,61,93
1607352962000,61,83
1607353262000,59,56
1607353562000,60,90
1607353862000,60,89
1607354162000,60,79
1607354462000,58,89
1607354762000,59,76
1607355062000,58,81
1607355362000,56,84
1607355662000,56,78
1607355962000,57,89
1607356262000,56,52
1607356562000,58,74
1607356862000,61,60
1607357162000,70,50
1607357462000,73,36
1607357762000,73,31
1607358062000,70,28
1607358362000,68,40
1607358662000,67,59
1607358962000,68,45
1607359262000,65,65
1607359562000,64,67
1607359862000,63,69
1607360162000,59,71
1607360462000,61,82
1607360762000,61,77
1607361062000,66,69
1607361362000,65,56
1607361662000,64,59
1607361962000,66,74
1607362262000,60,83
1607362562000,62,74
1607362862000,62,73
1607363162000,65,75
1607363462000,64,67
1607363762000,65,57
1607364062000,69,45
1607364362000,0,0
1607421902000,0,0
1607422202000,62,59
1607422502000,61,30
1607422802000,60,34
1607423102000,60,29
1607423402000,60,28
1607423702000,60,29
1607424002000,60,26
1607424302000,60,44
1607424602000,61,33
1607424902000,59,56
1607425202000,61,68
1607425502000,63,91
1607425802000,62,87
1607426102000,62,90
1607426402000,61,77
1607426702000,63,74
1607427002000,61,96
1607427302000,61,90
1607427602000,61,78
1607427902000,69,63
1607428202000,74,23
1607428502000,73,30
1607428802000,70,41
1607429102000,67,50
1607429402000,65,60
1607429702000,63,74
1607430002000,62,78
1607430302000,62,88
1607430602000,62,86
1607430902000,62,78
1607431202000,63,75
1607431502000,63,87
1607431802000,61,93
1607432102000,60,59
1607432402000,59,48
1607432702000,60,85
1607433002000,60,90
1607433302000,67,61
1607433602000,72,39
1607433902000,70,34
1607434202000,75,30
1607434502000,71,31
1607434802000,69,38
1607435102000,73,27
1607435402000,68,38
1607435702000,66,58
1607436002000,67,47
1607436302000,65,61
1607436602000,62,73
1607436902000,64,62
1607437202000,62,82
1607437502000,61,61
1607437802000,62,81
1607438102000,62,85
1607438402000,61,65
1607438702000,62,63
1607439002000,63,55
1607439302000,63,56
1607439602000,62,58
1607439902000,62,58
1607440202000,63,61
1607440502000,65,76
1607440802000,69,51
1607441102000,69,47
1607441402000,71,51
1607441702000,67,61
1607442002000,67,53
1607442302000,68,46
1607442602000,67,47
1607442902000,65,55
1607443202000,64,61
1607443502000,65,56
1607443802000,65,49
1607444102000,64,68
1607444402000,0,0
1607513342000,67,63
1607513642000,64,52
1607513942000,64,18
1607514242000,63,20
1607514542000,63,21
1607514842000,63,20
1607515142000,63,22
1607515442000,64,42
1607515742000,64,44
1607516042000,65,77
1607516342000,67,71
1607516642000,69,53
1607516942000,69,49
1607517242000,68,55
1607517542000,69,51
1607517842000,76,23
1607518142000,81,13
1607518442000,74,27
1607518742000,73,28
1607519042000,69,35
1607519342000,69,35
1607519642000,68,35
1607519942000,68,45
1607520242000,68,40
1607520542000,66,60
1607520842000,67,55
1607521142000,65,54
1607521442000,65,59
1607521742000,67,47
1607522042000,67,46
1607522342000,65,51
1607522642000,67,42
1607522942000,72,39
1607523242000,76,21
1607523542000,73,30
1607523842000,70,34
1607524142000,69,42
1607524442000,67,50
1607524742000,64,48
1607525042000,66,51
1607525342000,65,45
1607525642000,65,47
1607525942000,65,47
1607526242000,66,41
1607526542000,66,45
1607526842000,65,51
1607527142000,63,35
1607527442000,64,49
1607527742000,64,55
1607528042000,65,46
1607528342000,64,58
1607528642000,68,62
1607528942000,65,47
1607529242000,65,49
1607529542000,68,52
1607529842000,68,43
1607530142000,71,36
1607530442000,70,28
1607530742000,71,27
1607531042000,72,43
1607531342000,71,28
1607531642000,68,43
1607531942000,65,57
1607532242000,61,51
1607532542000,0,0
1607532842000,64,88
1607691932000,64,20
1607692232000,63,20
1607692532000,61,21
1607692832000,61,25
1607693132000,61,23
1607693432000,61,24
1607693732000,63,27
1607694032000,62,24
1607694332000,62,21
1607694632000,62,24
1607694932000,62,24
1607695232000,65,26
1607695532000,65,39
1607695832000,71,39
1607696132000,69,50
1607696432000,69,46
1607696732000,64,39
1607697032000,62,24
1607697332000,61,24
1607697632000,60,32
1607697932000,60,32
1607698232000,60,32
1607698532000,60,30
1607698832000,60,31
1607699132000,60,31
1607699432000,60,33
1607699732000,59,33
1607700032000,59,35
1607700332000,59,32
1607700632000,60,48
1607700932000,63,52
1607701232000,72,21
1607701532000,78,14
1607701832000,71,31
1607702132000,60,48
1607702432000,61,31
1607702732000,62,54
1607703032000,61,25
1607703332000,61,23
1607703632000,59,33
1607703932000,61,21
1607704232000,61,34
1607704532000,60,64
1607704832000,60,55
1607705132000,60,48
1607705432000,60,43
1607705732000,60,56
1607706032000,64,61
1607706332000,71,31
1607706632000,75,19
1607706932000,77,27
1607707232000,75,23
1607707532000,68,45
1607707832000,66,37
1607708132000,64,47
1607708432000,62,57
1607708732000,63,48
1607709032000,63,51
1607709332000,63,51
1607709632000,65,62
1607709932000,60,66
1607710232000,61,57
1607710532000,61,58
1607710832000,63,53
1607711132000,63,52
1607711432000,81,35
1607711732000,0,0
1607842499000,88,17
1607842799000,87,16
1607843099000,87,17
1607843399000,88,18
1607843699000,87,18
1607843999000,86,17
1607844299000,84,17
1607844599000,84,18
1607844899000,84,20
1607845199000,83,22
1607845499000,83,23
1607845799000,82,24
1607846099000,84,27
1607846399000,91,9
1607846699000,88,16
1607846999000,89,11
1607847299000,87,13
1607847599000,81,19
1607847899000,80,23
1607848199000,80,20
1607848499000,79,20
1607848799000,77,21
1607849099000,76,27
1607849399000,75,27
1607849699000,75,28
1607849999000,74,31
1607850299000,71,41
1607850599000,71,44
1607850899000,71,45
1607851199000,71,43
1607851499000,70,46
1607851799000,75,42
1607852099000,78,40
1607852399000,71,47
1607852699000,78,29
1607852999000,80,20
1607853299000,77,19
1607853599000,78,22
1607853899000,83,18
1607854199000,79,21
1607854499000,74,30
1607854799000,70,41
1607855099000,68,41
1607855399000,67,44
1607855699000,68,47
1607855999000,68,51
1607856299000,68,46
1607856599000,68,45
1607856899000,70,46
1607857199000,68,43
1607857499000,70,40
1607857799000,66,65
1607858099000,70,31
1607858399000,74,18
1607858699000,74,22
1607858999000,71,31
1607859299000,71,34
1607859599000,69,40
1607859899000,67,45
1607860199000,66,35
1607860499000,64,63
1607860799000,64,51
1607861099000,61,36
1607861399000,61,41
1607861699000,61,31
1607861999000,61,33
1607862299000,61,35
1607862599000,61,35
1607862899000,61,33
1607863199000,62,33
1607863499000,62,53
1607863799000,69,46
1607864099000,69,38
1607864399000,74,22
1607864699000,73,24
1607864999000,77,17
1607865299000,82,29
1607865599000,68,48
1607865899000,65,45
1607866199000,63,48
1607866499000,62,25
1607866799000,61,30
1607867099000,60,33
1607867399000,61,28
1607867699000,61,28
1607867999000,61,27
1607868299000,61,29
1607868599000,62,24
1607868899000,62,32
1607869199000,61,42
1607869499000,61,68
1607869799000,61,66
1607870099000,67,49
1607870399000,65,48
1607870699000,67,42
1607870999000,69,38
1607871299000,65,45
1607871599000,64,51
1607871899000,62,57
1607872199000,62,41
1607872499000,62,34
1607872799000,60,34
1607873099000,61,28
1607873399000,61,30
1607873699000,61,30
1607873999000,61,33
1607874299000,61,30
1607874599000,62,29
1607874899000,63,32
1607875199000,62,63
1607875499000,63,69
1607875799000,63,49
1607876099000,66,61
1607876399000,73,35
1607876699000,67,53
1607876999000,67,51
1607877299000,67,48
1607877599000,68,46
1607877899000,69,54
1607878199000,65,57
1607878499000,67,50
1607878799000,62,46
1607879099000,63,58
1607879399000,63,55
1607879699000,62,28
1607879999000,62,58
1607880299000,62,61
1607880599000,63,56
1607880899000,65,50
1607881199000,63,59
1607881499000,65,60
1607881799000,67,45
1607882099000,74,54
1607882399000,71,49
1607882699000,75,27
1607882999000,74,35
1607883299000,69,38
1607883599000,68,46
1607883899000,75,46
1607884199000,0,0
1607884499000,0,0
1608116939000,0,0
1608117239000,75,41
1608117539000,70,23
1608117839000,68,20
1608118139000,67,23
1608118439000,68,29
1608118739000,66,24
1608119039000,66,22
1608119339000,66,21
1608119639000,66,18
1608119939000,66,20
1608120239000,66,21
1608120539000,66,23
1608120839000,68,44
1608121139000,76,30
1608121439000,75,30
1608121739000,74,33
1608122039000,70,37
1608122339000,68,21
1608122639000,67,21
1608122939000,67,31
1608123239000,67,27
1608123539000,67,57
1608123839000,66,41
1608124139000,67,33
1608124439000,67,52
1608124739000,66,52
1608125039000,66,47
1608125339000,66,36
1608125639000,66,28
1608125939000,68,43
1608126239000,70,38
1608126539000,76,19
1608126839000,71,34
1608127139000,69,38
1608127439000,69,33
1608127739000,70,26
1608128039000,67,40
1608128339000,63,40
1608128639000,62,32
1608128939000,62,30
1608129239000,61,33
1608129539000,61,34
1608129839000,60,36
1608130139000,62,45
1608130439000,59,53
1608130739000,59,36
1608131039000,60,37
1608131339000,60,36
1608131639000,62,50
1608131939000,67,49
1608132239000,70,37
1608132539000,63,61
1608132839000,62,53
1608133139000,62,43
1608133439000,60,48
1608133739000,60,42
1608134039000,60,36
1608134339000,60,30
1608134639000,60,32
1608134939000,61,28
1608135239000,60,33
1608135539000,60,31
1608135839000,60,56
1608136139000,61,45
1608136439000,62,48
1608136739000,67,50
1608137039000,71,33
1608137339000,68,46
1608137639000,64,48
1608137939000,63,46
1608138239000,63,51
1608138539000,62,48
1608138839000,62,48
1608139139000,62,51
1608139439000,61,53
1608139739000,61,39
1608140039000,62,43
1608140339000,0,0
1608140639000,62,55
1608140939000,61,40
1608141239000,62,38
1608141539000,64,56
1608141839000,66,54
1608142139000,64,52
1608142439000,73,25
1608142739000,74,29
1608143039000,69,32
1608143339000,65,59
1608143639000,65,37
1608143939000,63,42
1608144239000,62,41
1608144539000,60,33
1608144839000,61,31
1608145139000,62,41
1608145439000,61,38
1608145739000,60,47
1608146039000,61,33
1608146339000,61,43
1608146639000,61,55
1608146939000,60,60
1608147239000,63,55
1608147539000,63,68
1608147839000,69,48
1608148139000,68,46
1608220021000,0,0
1608220321000,0,0
1608220621000,67,17
1608220921000,65,19
1608221221000,64,19
1608221521000,64,17
1608221821000,64,22
1608222121000,64,27
1608222421000,63,25
1608222721000,66,54
1608223021000,69,52
1608223321000,68,60
1608223621000,65,40
1608223921000,64,31
1608224221000,63,22
1608224521000,62,24
1608224821000,61,29
1608225121000,60,34
1608225421000,60,39
1608225721000,60,36
1608226021000,59,38
1608226321000,59,42
1608226621000,58,45
1608226921000,60,45
1608227221000,56,55
1608227521000,58,61
1608227821000,59,58
1608228121000,64,38
1608228421000,66,48
1608228721000,62,67
1608229021000,69,32
1608229321000,62,50
1608229621000,61,33
1608229921000,60,30
1608230221000,59,33
1608230521000,58,37
1608230821000,59,35
1608231121000,59,31
1608231421000,59,32
1608231721000,60,30
1608232021000,60,30
1608232321000,60,47
1608232621000,59,28
1608232921000,60,25
1608233221000,60,31
1608233521000,60,27
1608233821000,60,29
1608234121000,64,38
1608234421000,65,54
1608234721000,64,46
1608235021000,66,45
1608235321000,63,45
1608235621000,61,32
1608235921000,61,40
1608236221000,61,42
1608236521000,59,47
1608236821000,59,30
1608237121000,60,38
1608237421000,58,34
1608237721000,55,64
1608238021000,56,50
1608238321000,57,46
1608238621000,58,50
1608238921000,59,46
1608239221000,59,49
1608239521000,59,50
1608239821000,59,46
1608240121000,59,47
1608240421000,63,45
1608240721000,65,63
1608241021000,65,53
1608241321000,61,57
1608241621000,62,55
1608241921000,61,36
1608242221000,60,35
1608242521000,62,35
1608242821000,61,38
1608243121000,0,0
1608314521000,81,20
1608314821000,80,22
1608315121000,81,23
1608315421000,79,33
1608315721000,81,26
1608316021000,83,23
1608316321000,83,22
1608316621000,83,22
1608316921000,83,20
1608317221000,83,21
1608317521000,83,19
1608317821000,83,19
1608318121000,86,19
1608318421000,84,23
1608318721000,81,17
1608319021000,82,13
1608319321000,83,14
1608319621000,83,10
1608319921000,84,14
1608320221000,93,8
1608320521000,89,12
1608320821000,87,12
1608321121000,87,12
1608321421000,89,11
1608321721000,87,12
1608322021000,84,16
1608322321000,78,22
1608322621000,78,20
1608322921000,78,19
1608323221000,77,28
1608323521000,78,20
1608323821000,77,24
1608324121000,77,24
1608324421000,77,24
1608324721000,76,28
1608325021000,76,30
1608325321000,79,46
1608325621000,76,38
1608325921000,78,23
1608326221000,77,21
1608326521000,78,18
1608326821000,76,25
1608327121000,79,34
1608327421000,76,32
1608327721000,76,38
1608328021000,74,35
1608328321000,75,36
1608328621000,75,36
1608328921000,74,39
1608329221000,75,28
1608329521000,75,29
1608329821000,76,34
1608330121000,73,46
1608330421000,76,38
1608330721000,81,14
1608331021000,79,18
1608331321000,79,20
1608331621000,76,23
1608331921000,74,30
1608332221000,73,31
1608332521000,75,29
1608474000000,73,60
1608474300000,72,58
1608474600000,68,56
1608474900000,71,58
1608475200000,68,57
1608475500000,68,57
1608475800000,66,80
1608476100000,67,78
1608476400000,68,66
1608476700000,69,59
1608477000000,74,45
1608477300000,77,26
1608477600000,76,23
1608477900000,76,27
1608478200000,74,29
1608478500000,71,42
1608478800000,70,49
1608479100000,69,50
1608479400000,71,38
1608479700000,71,37
1608480000000,69,49
1608480300000,70,44
1608480600000,69,49
1608480900000,70,45
1608481200000,71,37
1608481500000,70,41
1608481800000,71,38
1608482100000,72,48
1608482400000,76,22
1608482700000,77,18
1608483000000,81,13
1608483300000,76,23
1608483600000,73,29
1608483900000,72,31
1608484200000,69,40
1608484500000,67,54
1608484800000,66,55
1608485100000,66,61
1608485400000,67,69
1608485700000,65,62
1608486000000,66,52
1608486300000,68,48
1608486600000,68,45
1608486900000,68,49
1608487200000,68,47
1608487500000,68,50
1608487800000,68,53
1608488100000,75,29
1608488400000,74,33
1608488700000,73,25
1608489000000,77,17
1608489300000,75,20
1608489600000,70,36
1608489900000,71,29
1608490200000,70,33
1608490500000,72,29
1608490800000,66,46
1608491100000,64,52
1608491400000,65,49
1608491700000,65,56
1608492000000,66,63
1608492300000,68,45
1608492600000,68,43
1608492900000,69,45
1608493200000,69,47
1608493500000,68,48
1608493800000,72,61
1608494100000,69,73
1608494400000,69,59
1608494700000,74,37
1608495000000,75,26
1608495300000,69,44
1608495600000,70,38
1608495900000,66,48
1608496200000,66,53
1608496500000,65,56
1608496800000,65,54
1608497100000,67,64
1608497400000,72,57
1608497700000,66,76
1608498000000,67,74
1608498300000,0,0
1608544740000,0,0
1608545040000,72,30
1608545340000,70,23
1608545640000,69,21
1608545940000,69,19
1608546240000,69,21
1608546540000,65,28
1608546840000,66,27
1608547140000,66,25
1608547440000,66,40
1608547740000,66,24
1608548040000,66,25
1608548340000,66,41
1608548640000,76,48
1608548940000,75,43
1608549240000,73,49
1608549540000,71,59
1608549840000,69,51
1608550140000,71,45
1608550440000,76,41
1608550740000,70,51
1608551040000,68,39
1608551340000,68,49
1608551640000,70,53
1608551940000,66,25
1608552240000,66,25
1608552540000,66,43
1608552840000,67,61
1608553140000,65,48
1608553440000,65,30
1608553740000,65,29
1608554040000,64,43
1608554340000,65,29
1608554640000,65,30
1608554940000,65,31
1608555240000,66,49
1608555540000,65,32
1608555840000,65,54
1608556140000,71,44
1608556440000,70,41
1608556740000,73,35
1608557040000,72,33
1608557340000,73,39
1608557640000,71,48
1608557940000,70,45
1608558240000,70,47
1608558540000,69,35
1608558840000,63,29
1608559140000,64,33
1608559440000,67,35
1608559740000,64,26
1608560040000,65,28
1608560340000,65,39
1608560640000,65,36
1608560940000,67,41
1608561240000,64,39
1608561540000,67,54
1608561840000,74,22
1608562140000,74,21
1608562440000,76,19
1608562740000,70,31
1608563040000,67,46
1608563340000,71,35
1608563640000,78,21
1608563940000,78,18
1608564240000,73,33
1608564540000,73,33
1608564840000,68,36
1608565140000,67,36
1608565440000,65,33
1608565740000,64,23
1608566040000,64,22
1608566340000,63,30
1608566640000,62,22
1608566940000,63,21
1608567240000,64,46
1608567540000,62,50
1608567840000,64,69
1608568140000,65,54
1608568440000,67,60
1608568740000,67,47
1608569040000,66,55
1608569340000,65,43
1608569640000,64,37
1608569940000,64,35
1608570240000,64,46
1608570540000,64,34
1608570840000,64,49
1608571140000,65,58
1608571440000,65,45
1608571740000,66,56
1608572040000,71,47
1608572340000,71,39
1608572640000,68,53
1608572940000,76,23
1608573240000,69,35
1608573540000,67,41
1608573840000,65,52
1608717842000,64,45
1608718142000,64,35
1608718442000,63,35
1608718742000,63,29
1608719042000,64,30
1608719342000,64,29
1608719642000,63,29
1608719942000,64,26
1608720242000,63,30
1608720542000,63,29
1608720842000,63,29
1608721142000,63,28
1608721442000,67,59
1608721742000,73,48
1608722042000,69,67
1608722342000,65,52
1608722642000,68,52
1608722942000,66,65
1608723242000,65,57
1608723542000,64,29
1608723842000,63,27
1608724142000,63,29
1608724442000,63,29
1608724742000,63,36
1608725042000,63,27
1608725342000,63,27
1608725642000,64,32
1608725942000,63,32
1608726242000,63,31
1608726542000,64,43
1608726842000,68,52
1608727142000,72,38
1608727442000,77,30
1608727742000,71,43
1608728042000,69,44
1608728342000,66,41
1608728642000,65,50
1608728942000,64,45
1608729242000,65,46
1608729542000,66,51
1608729842000,64,28
1608730142000,65,36
1608730442000,65,43
1608730742000,66,48
1608731042000,66,41
1608731342000,67,47
1608731642000,70,42
1608731942000,66,42
1608732242000,65,45
1608732542000,65,42
1608732842000,67,47
1608733142000,69,55
1608733442000,70,43
1608733742000,69,50
1608734042000,68,62
1608734342000,68,62
1608734642000,67,50
1608734942000,64,42
1608735242000,64,31
1608735542000,64,29
1608735842000,66,27
1608736142000,65,41
1608736442000,65,39
1608736742000,64,40
1608737042000,63,33
1608737342000,65,48
1608737642000,67,36
1608737942000,65,59
1608738242000,67,43
1608738542000,70,33
1608738842000,67,60
1608739142000,66,34
1608739442000,73,33
1608739742000,66,51
1608740042000,66,39
1608740342000,66,52
1608740642000,61,44
1608740942000,63,41
1608741242000,62,48
1608741542000,59,43
1608741842000,61,35
1608742142000,61,32
1608742442000,61,32
1608742742000,61,32
1608743042000,61,32
1608743342000,61,40
1608743642000,67,59
1608743942000,72,36
1608744242000,71,35
1608744542000,67,52
1608744842000,61,46
1608745142000,62,40
1608745442000,62,35
1608745742000,59,38
1608746042000,60,36
1608746342000,62,39
1608746642000,61,42
1608746942000,60,43
1608747242000,61,52
1608747542000,62,47
1608747842000,71,49
1608748142000,73,35
1608748442000,73,36
1608748742000,63,79
1608749042000,64,37
1608749342000,63,56
1608749642000,62,36
1608749942000,63,31
1608750242000,63,37
1608750542000,65,49
1608808022000,73,37
1608808322000,70,40
1608808622000,69,33
1608808922000,71,38
1608809222000,73,26
1608809522000,73,36
1608809822000,75,48
1608810122000,77,35
1608810422000,78,32
1608810722000,72,40
1608811022000,75,36
1608811322000,78,29
1608811622000,77,29
1608811922000,73,34
1608812222000,73,31
1608812522000,71,27
1608812822000,70,26
1608813122000,70,28
1608813422000,71,32
1608813722000,67,49
1608814022000,69,44
1608814322000,69,45
1608814622000,69,46
1608814922000,67,40
1608815222000,69,48
1608815522000,73,47
1608815822000,79,17
1608816122000,85,16
1608816422000,77,19
1608816722000,71,40
1608817022000,69,43
1608817322000,66,40
1608817622000,65,27
1608817922000,64,27
1608818222000,64,28
1608818522000,64,31
1608818822000,65,31
1608819122000,63,25
1608819422000,63,47
1608819722000,62,29
1608820022000,61,27
1608820322000,62,24
1608820622000,63,68
1608820922000,63,50
1608821222000,65,65
1608821522000,67,46
1608821822000,69,49
1608822122000,67,67
1608822422000,66,56
1608822722000,64,66
1608823022000,64,58
1608823322000,62,46
1608823622000,60,37
1608823922000,64,78
1608824222000,68,44
1608824522000,68,49
1608824822000,0,0
1608895502000,68,35
1608895802000,65,25
1608896102000,65,27
1608896402000,64,31
1608896702000,64,29
1608897002000,64,30
1608897302000,65,60
1608897602000,64,57
1608897902000,65,56
1608898202000,64,49
1608898502000,67,65
1608898802000,71,45
1608899102000,67,58
1608899402000,68,46
1608899702000,66,58
1608900002000,66,49
1608900302000,64,48
1608900602000,63,58
1608900902000,63,64
1608901202000,64,56
1608901502000,64,57
1608901802000,65,56
1608902102000,64,63
1608902402000,64,60
1608902702000,65,63
1608903002000,65,60
1608903302000,65,61
1608903602000,66,60
1608903902000,70,52
1608904202000,71,42
1608904502000,72,30
1608904802000,79,18
1608905102000,74,33
1608905402000,70,38
1608905702000,65,71
1608906002000,61,61
1608906302000,61,62
1608906602000,63,61
1608906902000,62,61
1608907202000,63,59
1608907502000,63,57
1608907802000,63,55
1608908102000,63,57
1608908402000,64,61
1608908702000,63,59
1608909002000,67,43
1608909302000,75,20
1608909602000,73,19
1608909902000,67,44
1608910202000,72,32
1608910502000,69,37
1608910802000,67,47
1608911102000,66,48
1608911402000,63,61
1608911702000,63,47
1608912002000,65,52
1608912302000,63,51
1608912602000,63,56
1608912902000,64,52
1608913202000,64,51
1608913502000,63,54
1608913802000,63,53
1608914102000,65,50
1608914402000,67,49
1608914702000,68,43
1608915002000,75,28
1608915302000,75,25
1608915602000,75,27
1608915902000,67,50
1608916202000,69,38
1608916502000,68,43
1608916802000,65,46
1608917102000,0,0
1608979052000,63,46
1608979352000,64,31
1608979652000,62,33
1608979952000,63,28
1608980252000,63,30
1608980552000,63,26
1608980852000,63,28
1608981152000,62,29
1608981452000,62,26
1608981752000,62,27
1608982052000,62,31
1608982352000,64,48
1608982652000,62,36
1608982952000,64,49
1608983252000,63,52
1608983552000,63,58
1608983852000,62,53
1608984152000,62,30
1608984452000,62,25
1608984752000,62,26
1608985052000,62,25
1608985352000,62,25
1608985652000,61,27
1608985952000,62,22
1608986252000,62,22
1608986552000,62,24
1608986852000,63,25
1608987152000,63,22
1608987452000,63,23
1608987752000,66,48
1608988052000,68,69
1608988352000,73,46
1608988652000,73,45
1608988952000,78,24
1608989252000,70,36
1608989552000,71,46
1608989852000,70,61
1608990152000,68,45
1608990452000,65,55
1608990752000,73,39
1608991052000,70,46
1608991352000,65,66
1608991652000,62,65
1608991952000,61,29
1608992252000,60,41
1608992552000,60,60
1608992852000,61,71
1608993152000,61,64
1608993452000,61,40
1608993752000,62,53
1608994052000,62,66
1608994352000,59,43
1608994652000,60,46
1608994952000,60,55
1608995252000,61,39
1608995552000,61,40
1608995852000,61,39
1608996152000,61,34
1608996452000,59,53
1608996752000,63,56
1608997052000,70,47
1608997352000,69,54
1608997652000,66,34
1608997952000,67,35
1608998252000,66,36
1608998552000,68,58
1608998852000,68,54
1609093832000,72,24
1609094132000,70,40
1609094432000,63,63
1609094732000,63,57
1609095032000,62,58
1609095332000,63,52
1609095632000,62,52
1609095932000,62,51
1609096232000,61,54
1609096532000,63,47
1609096832000,62,66
1609097132000,64,53
1609097432000,68,42
1609097732000,71,26
1609098032000,70,25
1609098332000,71,21
1609098632000,73,23
1609098932000,75,20
1609099232000,67,35
1609099532000,75,26
1609099832000,0,0
1609100132000,0,0
1609100432000,0,0
1609100732000,74,45
1609101032000,71,35
1609101332000,71,28
1609101632000,74,30
1609101932000,76,30
1609102232000,81,23
1609102532000,75,19
1609102832000,69,30
1609103132000,69,34
1609103432000,68,30
1609103732000,68,32
1609104032000,68,30
1609104332000,68,30
1609104632000,68,30
1609104932000,68,34
1609105232000,0,0
1609105532000,64,58
1609105832000,60,59
1609106132000,61,56
1609106432000,60,67
1609106732000,0,0
1609107032000,62,63
1609107332000,63,55
1609107632000,64,51
1609107932000,67,44
1609108232000,68,41
1609108532000,64,52
1609108832000,63,50
1609109132000,61,58
1609109432000,61,58
1609109732000,0,0
1609110032000,65,46
1609110332000,64,52
1609110632000,64,60
1609110932000,67,52
1609111232000,0,0
1609111532000,0,0
1609151871000,58,52
1609152171000,57,49
1609152471000,56,58
1609152771000,56,51
1609153071000,56,89
1609153371000,56,91
1609153671000,57,64
1609153971000,57,44
1609154271000,58,39
1609154571000,58,43
1609154871000,57,45
1609155171000,60,58
1609155471000,63,68
1609155771000,59,91
1609156071000,58,67
1609156371000,57,60
1609156671000,57,54
1609156971000,57,43
1609157271000,58,39
1609157571000,57,43
1609157871000,58,36
1609158171000,58,40
1609158471000,58,36
1609158771000,58,40
1609159071000,58,47
1609159371000,56,52
1609159671000,60,70
1609159971000,62,87
1609160271000,66,74
1609160571000,65,81
1609160871000,64,72
1609161171000,65,90
1609161471000,65,70
1609161771000,61,52
1609162071000,60,52
1609162371000,62,75
1609162671000,60,94
1609162971000,58,39
1609163271000,58,33
1609163571000,59,85
1609163871000,58,35
1609164171000,59,36
1609164471000,58,33
1609164771000,59,28
1609165071000,59,31
1609165371000,59,27
1609165671000,59,28
1609165971000,66,57
1609166271000,67,61
1609166571000,69,51
1609166871000,70,38
1609167171000,74,24
1609167471000,69,48
1609167771000,64,63
1609168071000,62,38
1609168371000,60,57
1609168671000,59,36
1609168971000,59,30
1609169271000,59,34
1609169571000,59,37
1609169871000,59,32
1609170171000,60,40
1609170471000,60,36
1609170771000,60,34
1609171071000,64,58
1609171371000,63,56
1609171671000,69,50
1609171971000,70,29
1609172271000,68,40
1609172571000,71,33
1609172871000,68,47
1609173171000,66,53
1609173471000,62,48
1609173771000,62,58
1609174071000,59,61
1609174371000,59,32
1609174671000,59,28
1609174971000,59,32
1609175271000,61,29
1609175571000,61,72
1609175871000,61,37
1609176171000,59,42
1609176471000,58,42
1609176771000,58,52
1609177071000,59,70
1609177371000,61,43
1609177671000,60,65
1609177971000,66,66
1609178271000,66,52
1609178571000,66,66
1609178871000,59,39
1609179171000,58,35
1609179471000,57,36
1609179771000,57,37
1609180071000,56,43
1609180371000,57,40
1609180671000,56,41
1609180971000,56,39
1609181271000,56,45
1609181571000,56,41
1609181871000,56,42
1609182171000,56,40
1609182471000,57,41
1609182771000,58,61
1609183071000,60,81
1609183371000,60,89
1609183671000,59,81
1609183971000,57,88
1609184271000,58,74
1609245267000,0,0
1609245567000,64,31
1609245867000,62,36
1609246167000,62,35
1609246467000,61,29
1609246767000,61,26
1609247067000,61,27
1609247367000,62,24
1609247667000,64,26
1609247967000,62,23
1609248267000,63,22
1609248567000,62,24
1609248867000,64,24
1609249167000,64,56
1609249467000,68,53
1609249767000,61,44
1609250067000,62,30
1609250367000,60,36
1609250667000,58,35
1609250967000,58,35
1609251267000,57,36
1609251567000,58,38
1609251867000,58,42
1609252167000,58,38
1609252467000,65,44
1609252767000,62,52
1609253067000,63,49
1609253367000,71,38
1609253667000,70,41
1609253967000,65,51
1609254267000,63,48
1609254567000,71,45
1609254867000,63,48
1609255167000,63,49
1609255467000,62,33
1609255767000,60,45
1609256067000,59,48
1609256367000,59,37
1609256667000,59,39
1609256967000,58,41
1609257267000,58,39
1609257567000,59,32
1609257867000,59,34
1609258167000,60,31
1609258467000,60,36
1609258767000,60,31
1609259067000,59,33
1609259367000,60,29
1609259667000,59,32
1609259967000,61,46
1609260267000,61,47
1609260567000,61,63
1609260867000,60,45
1609261167000,57,50
1609261467000,58,45
1609261767000,58,41
1609262067000,58,44
1609262367000,59,35
1609262667000,59,42
1609262967000,56,61
1609263267000,58,49
1609263567000,59,42
1609263867000,58,52
1609264167000,59,41
1609264467000,63,44
1609264767000,66,46
1609265067000,69,26
1609265367000,65,50
1609265667000,62,61
1609265967000,62,60
1609266267000,60,50
1609266567000,59,55
1609266867000,58,61
1609267167000,57,39
1609267467000,57,42
1609267767000,57,39
1609268067000,58,36
1609268367000,0,0
1609268667000,61,71
1609268967000,64,53
1609269267000,0,0
1609269567000,66,60
1609326477000,0,0
1609326777000,66,26
1609327077000,63,27
1609327377000,63,27
1609327677000,62,21
1609327977000,63,20
1609328277000,62,25
1609328577000,62,23
1609328877000,63,23
1609329177000,63,21
1609329477000,63,24
1609329777000,62,45
1609330077000,62,28
1609330377000,62,26
1609330677000,61,49
1609330977000,62,26
1609331277000,65,43
1609331577000,70,44
1609331877000,77,19
1609332177000,69,36
1609332477000,68,43
1609332777000,64,26
1609333077000,65,39
1609333377000,65,46
1609333677000,62,45
1609333977000,61,37
1609334277000,61,36
1609334577000,61,38
1609334877000,61,37
1609335177000,60,42
1609335477000,61,39
1609335777000,60,44
1609336077000,60,43
1609336377000,60,43
1609336677000,59,50
1609336977000,65,48
1609337277000,66,47
1609337577000,66,44
1609337877000,71,34
1609338177000,68,38
1609338477000,73,28
1609338777000,66,44
1609339077000,64,50
1609339377000,62,47
1609339677000,61,48
1609339977000,60,55
1609340277000,59,66
1609340577000,58,68
1609340877000,58,76
1609341177000,59,59
1609341477000,58,38
1609341777000,58,45
1609342077000,57,49
1609342377000,60,36
1609342677000,61,62
1609342977000,65,54
1609343277000,66,48
1609343577000,66,48
1609343877000,69,36
1609419138000,69,21
1609419438000,70,30
1609419738000,67,21
1609420038000,68,19
1609420338000,67,19
1609420638000,67,19
1609420938000,66,20
1609421238000,67,18
1609421538000,66,19
1609421838000,66,20
1609422138000,66,20
1609422438000,67,26
1609422738000,67,32
1609423038000,68,44
1609423338000,70,34
1609423638000,71,32
1609423938000,67,47
1609424238000,66,47
1609424538000,67,38
1609424838000,65,40
1609425138000,64,39
1609425438000,65,35
1609425738000,62,51
1609426038000,63,39
1609426338000,64,36
1609426638000,61,53
1609426938000,62,38
1609427238000,63,34
1609427538000,63,38
1609427838000,65,35
1609428138000,61,40
1609428438000,62,56
1609428738000,62,63
1609429038000,63,57
1609429338000,63,52
1609429638000,67,44
1609429938000,73,31
1609430238000,73,37
1609430538000,66,30
1609430838000,68,36
1609431138000,63,36
1609431438000,64,55
1609431738000,67,50
1609432038000,64,38
1609432338000,62,41
1609432638000,64,30
1609432938000,64,30
1609433238000,62,28
1609433538000,63,34
1609433838000,61,55
1609506421000,0,0
1609506721000,65,29
1609507021000,63,25
1609507321000,62,27
1609507621000,62,25
1609507921000,62,27
1609508221000,61,28
1609508521000,61,29
1609508821000,60,32
1609509121000,61,29
1609509421000,60,30
1609509721000,60,33
1609510021000,59,38
1609510321000,60,34
1609510621000,60,33
1609510921000,60,34
1609511221000,60,37
1609511521000,63,43
1609511821000,67,34
1609512121000,72,30
1609512421000,64,39
1609512721000,60,49
1609513021000,60,33
1609513321000,60,42
1609513621000,61,37
1609513921000,61,32
1609514221000,60,28
1609514521000,60,28
1609514821000,60,31
1609515121000,60,29
1609515421000,60,30
1609515721000,61,27
1609516021000,60,32
1609516321000,60,30
1609516621000,61,26
1609516921000,61,31
1609517221000,61,31
1609517521000,61,31
1609517821000,61,32
1609518121000,62,40
1609518421000,70,30
1609518721000,69,32
1609519021000,62,41
1609519321000,62,30
1609519621000,62,32
1609519921000,62,37
1609520221000,62,29
1609520521000,62,23
1609520821000,61,28
1609521121000,62,26
1609521421000,62,26
1609521721000,62,26
1609522021000,61,36
1609522321000,62,34
1609522621000,62,40
1609522921000,62,44
1609523221000,67,49
1609523521000,70,35
1609523821000,72,33
1609524121000,75,34
1609524421000,75,22
1609524721000,66,31
1609525021000,65,36
1609525321000,64,35
1609525621000,65,38
1609525921000,63,35
1609526221000,62,34
1609526521000,62,26
1609526821000,63,24
1609527121000,63,22
1609527421000,63,21
1609527721000,63,24
1609528021000,62,26
1609528321000,63,24
1609528621000,62,43
1609528921000,61,38
1609529221000,62,40
1609529521000,67,50
1609529821000,71,30
1609530121000,66,43
1609530421000,63,42
1609530721000,63,43
1609531021000,63,41
1609531321000,63,35
1609531621000,62,39
1609531921000,59,39
1609532221000,60,39
1609532521000,0,0
1609570937000,0,0
1609571237000,61,47
1609571537000,60,58
1609571837000,59,48
1609572137000,59,49
1609572437000,60,67
1609572737000,58,89
1609573037000,57,123
1609573337000,57,132
1609573637000,57,139
1609573937000,57,143
1609574237000,60,126
1609574537000,65,81
1609574837000,62,90
1609575137000,70,60
1609575437000,0,0
1609575737000,0,0
1609576037000,0,0
1609576337000,0,0
1609576637000,0,0
1609576937000,0,0
1609577237000,0,0
1609577537000,0,0
1609577837000,62,87
1609578137000,59,119
1609578437000,59,125
1609578737000,65,87
1609579037000,59,113
1609579337000,58,108
1609579637000,59,107
1609579937000,59,99
1609580237000,60,87
1609580537000,61,68
1609580837000,61,59
1609581137000,62,34
1609581437000,62,37
1609581737000,62,55
1609582037000,62,43
1609582337000,62,37
1609582637000,62,42
1609582937000,64,34
1609583237000,70,38
1609583537000,72,28
1609583837000,68,35
1609584137000,66,28
1609584437000,64,24
1609584737000,65,31
1609585037000,63,25
1609585337000,63,24
1609585637000,63,25
1609585937000,63,32
1609586237000,61,32
1609586537000,61,35
1609586837000,60,38
1609587137000,60,31
1609587437000,62,37
1609587737000,61,28
1609588037000,64,24
1609588337000,71,29
1609588637000,68,36
1609588937000,65,42
1609589237000,67,30
1609589537000,69,38
1609589837000,76,30
1609590137000,75,24
1609590437000,70,45
1609590737000,66,23
1609591037000,67,39
1609591337000,68,20
1609591637000,68,28
1609591937000,67,35
1609592237000,64,37
1609592537000,65,52
1609592837000,66,41
1609593137000,65,32
1609593437000,65,28
1609593737000,68,53
1609594037000,67,37
1609594337000,66,40
1609594637000,67,49
1609594937000,64,45
1609595237000,64,37
1609595537000,63,29
1609595837000,63,25
1609596137000,63,29
1609596437000,63,29
1609596737000,63,31
1609597037000,67,34
1609597337000,68,37
1609597637000,73,30
1609597937000,72,44
1609665886000,58,49
1609666186000,59,44
1609666486000,59,40
1609666786000,59,38
1609667086000,58,54
1609667386000,57,75
1609667686000,58,65
1609667986000,58,51
1609668286000,60,45
1609668586000,64,53
1609668886000,68,73
1609669186000,70,48
1609669486000,79,28
1609669786000,68,45
1609670086000,65,46
1609670386000,64,30
1609670686000,65,37
1609670986000,62,29
1609671286000,62,23
1609671586000,62,27
1609671886000,63,23
1609672186000,62,24
1609672486000,62,26
1609672786000,62,26
1609673086000,61,29
1609673386000,61,31
1609673686000,61,29
1609673986000,61,27
1609674286000,62,25
1609674586000,62,27
1609674886000,61,29
1609675186000,67,45
1609675486000,70,36
1609675786000,71,37
1609676086000,68,42
1609676386000,65,35
1609676686000,63,28
1609676986000,62,28
1609677286000,61,28
1609677586000,62,30
1609677886000,60,31
1609678186000,58,32
1609678486000,59,32
1609678786000,58,37
1609679086000,58,33
1609679386000,59,32
1609679686000,59,29
1609679986000,62,40
1609680286000,64,34
1609680586000,69,41
1609680886000,66,50
1609681186000,64,44
1609681486000,63,42
1609681786000,63,36
1609682086000,60,32
1609682386000,62,31
1609682686000,66,37
1609682986000,65,28
1609683286000,64,37
1609683586000,62,37
1609683886000,62,37
1609684186000,62,36
1609684486000,61,39
1609684786000,64,37
1609685086000,61,37
1609685386000,62,39
1609685686000,63,43
1609685986000,62,31
1609686286000,64,43
1609686586000,64,48
1609686886000,73,51
1609687186000,65,37
1609687486000,69,42
1609757339000,0,0
1609757639000,58,44
1609757939000,58,55
1609758239000,58,82
1609758539000,57,99
1609758839000,57,66
1609759139000,58,47
1609759439000,57,65
1609759739000,58,63
1609760039000,59,55
1609760339000,59,59
1609760639000,59,60
1609760939000,59,58
1609761239000,59,56
1609761539000,60,54
1609761839000,68,42
1609762139000,70,25
1609762439000,73,25
1609762739000,74,21
1609763039000,71,32
1609763339000,69,43
1609763639000,68,40
1609763939000,68,37
1609764239000,67,44
1609764539000,67,44
1609764839000,72,32
1609765139000,73,32
1609765439000,66,40
1609765739000,66,51
1609766039000,66,40
1609766339000,64,29
1609766639000,62,55
1609766939000,62,43
1609767239000,62,44
1609767539000,63,48
1609767839000,63,44
1609768139000,64,55
1609768439000,62,50
1609768739000,63,43
1609769039000,63,53
1609769339000,64,54
1609769639000,65,48
1609769939000,67,54
1609770239000,66,46
1609770539000,70,37
1609770839000,70,44
1609771139000,68,46
1609771439000,66,52
1609771739000,65,45
1609772039000,64,48
1609772339000,63,35
1609772639000,63,37
1609772939000,64,43
1609773239000,64,49
1609773539000,63,56
1609773839000,65,52
1609774139000,68,40
1609774439000,75,20
1609774739000,74,28
1609775039000,72,33
1609775339000,71,36
1609775639000,73,43
1609775939000,69,41
1609776239000,69,39
1609776539000,66,47
1609776839000,66,48
1609777139000,66,50
1609777439000,64,49
1609777739000,62,57
1609778039000,62,66
1609778339000,0,0
1609778639000,70,56
1609778939000,70,52
1609779239000,71,57
1609779539000,69,55
1609779839000,0,0
1609780139000,0,0
1609843072000,61,41
1609843372000,60,44
1609843672000,64,42
1609843972000,60,30
1609844272000,65,44
1609844572000,61,38
1609844872000,62,42
1609845172000,70,33
1609845472000,63,22
1609845772000,61,37
1609846072000,57,55
1609846372000,55,51
1609846672000,56,40
1609846972000,56,42
1609847272000,56,36
1609847572000,57,33
1609847872000,57,32
1609848172000,58,36
1609848472000,58,32
1609848772000,59,35
1609849072000,61,43
1609849372000,67,40
1609849672000,65,46
1609849972000,66,35
1609850272000,62,33
1609850572000,60,34
1609850872000,60,34
1609851172000,58,47
1609851472000,58,40
1609851772000,58,45
1609852072000,59,37
1609852372000,58,39
1609852672000,58,38
1609852972000,59,39
1609853272000,59,40
1609853572000,59,38
1609853872000,59,36
1609854172000,60,33
1609854472000,60,36
1609854772000,59,37
1609855072000,62,37
1609855372000,64,46
1609855672000,67,39
1609855972000,70,29
1609856272000,67,36
1609856572000,63,46
1609856872000,63,47
1609857172000,66,42
1609857472000,65,53
1609857772000,64,41
1609858072000,62,40
1609858372000,63,37
1609858672000,61,31
1609858972000,61,36
1609859272000,61,37
1609859572000,62,39
1609859872000,61,40
1609860172000,60,39
1609860472000,61,50
1609860772000,60,51
1609861072000,64,48
1609861372000,66,48
1609861672000,66,37
1609861972000,72,31
1609862272000,67,35
1609862572000,66,30
1609862872000,69,32
1609863172000,67,27
1609863472000,67,36
1609930292000,60,75
1609930592000,59,54
1609930892000,57,48
1609931192000,57,53
1609931492000,58,50
1609931792000,57,55
1609932092000,57,73
1609932392000,58,50
1609932692000,58,36
1609932992000,59,45
1609933292000,56,78
1609933592000,56,61
1609933892000,58,39
1609934192000,58,49
1609934492000,59,28
1609934792000,58,28
1609935092000,58,29
1609935392000,59,42
1609935692000,67,31
1609935992000,71,23
1609936292000,67,35
1609936592000,65,32
1609936892000,63,54
1609937192000,64,38
1609937492000,65,55
1609937792000,62,43
1609938092000,62,49
1609938392000,62,46
1609938692000,65,51
1609938992000,64,58
1609939292000,63,35
1609939592000,60,35
1609939892000,59,41
1609940192000,59,37
1609940492000,60,38
1609940792000,59,38
1609941092000,59,41
1609941392000,59,44
1609941692000,59,49
1609941992000,60,37
1609942292000,60,39
1609942592000,61,28
1609942892000,61,31
1609943192000,63,33
1609943492000,63,38
1609943792000,63,38
1609944092000,67,42
1609944392000,65,47
1609944692000,63,39
1609944992000,63,46
1609945292000,62,39
1609945592000,61,28
1609945892000,61,24
1609946192000,61,26
1609946492000,65,35
1609946792000,63,35
1609947092000,64,36
1609947392000,64,41
1609947692000,67,38
1609947992000,65,52
1609948292000,70,42
1609948592000,64,37
1609948892000,65,39
1609949192000,63,35
1609949492000,62,41
1609949792000,61,32
1609950092000,61,34
1609950392000,61,40
1609950692000,67,42
1609950992000,61,46
1609951292000,62,44
1609951592000,62,48
1609951892000,62,46
1609952192000,61,41
1609952492000,60,37
1609952792000,60,37
1609953092000,60,38
1609953392000,60,38
1609953692000,60,39
1609953992000,60,39
1609954292000,60,33
1609954592000,62,28
1609954892000,60,39
1609955192000,63,27
1609955492000,62,62
1609955792000,64,55
1609956092000,65,56
1609956392000,61,42
1609956692000,61,45
1609956992000,65,52
1610014232000,54,79
1610014532000,52,118
1610014832000,53,90
1610015132000,52,105
1610015432000,53,82
1610015732000,54,75
1610016032000,54,72
1610016332000,55,72
1610016632000,54,86
1610016932000,54,67
1610017232000,54,60
1610017532000,54,65
1610017832000,55,62
1610018132000,54,68
1610018432000,55,57
1610018732000,55,53
1610019032000,55,45
1610019332000,55,53
1610019632000,58,65
1610019932000,61,63
1610020232000,64,48
1610020532000,59,77
1610020832000,58,61
1610021132000,57,30
1610021432000,54,49
1610021732000,55,42
1610022032000,54,47
1610022332000,56,62
1610022632000,54,49
1610022932000,54,42
1610023232000,55,42
1610023532000,55,43
1610023832000,55,40
1610024132000,56,43
1610024432000,56,46
1610024732000,57,43
1610025032000,57,36
1610025332000,57,39
1610025632000,60,53
1610025932000,64,49
1610026232000,64,43
1610026532000,64,54
1610026832000,60,61
1610027132000,60,62
1610027432000,62,54
1610027732000,61,43
1610028032000,65,42
1610028332000,63,48
1610028632000,62,38
1610028932000,61,42
1610029232000,60,42
1610029532000,59,35
1610029832000,59,28
1610030132000,59,27
1610030432000,60,26
1610030732000,59,32
1610031032000,61,35
1610031332000,59,34
1610031632000,61,32
1610031932000,59,32
1610032232000,60,31
1610032532000,60,33
1610032832000,60,37
1610033132000,64,43
1610033432000,67,43
1610033732000,67,45
1610034032000,72,43
1610034332000,67,47
1610034632000,67,36
1610034932000,72,26
1610035232000,68,36
1610035532000,65,42
1610035832000,65,51
1610036132000,63,29
1610036432000,62,35
1610036732000,62,47
1610037032000,63,38
1610037332000,63,36
1610037632000,62,25
1610037932000,62,32
1610038232000,62,31
1610038532000,63,38
1610038832000,64,47
1610039132000,64,52
1610039432000,65,49
1610039732000,65,48
1610040032000,0,0
1610097031000,56,39
1610097331000,55,42
1610097631000,56,37
1610097931000,56,39
1610098231000,56,43
1610098531000,56,39
1610098831000,56,35
1610099131000,58,37
1610099431000,57,39
1610099731000,56,38
1610100031000,57,35
1610100331000,56,50
1610100631000,61,59
1610100931000,66,55
1610101231000,66,56
1610101531000,61,45
1610101831000,59,49
1610102131000,59,41
1610102431000,57,59
1610102731000,58,36
1610103031000,58,31
1610103331000,58,28
1610103631000,58,38
1610103931000,59,33
1610104231000,59,28
1610104531000,57,40
1610104831000,58,32
1610105131000,58,35
1610105431000,59,28
1610105731000,59,33
1610106031000,59,40
1610106331000,61,56
1610106631000,67,42
1610106931000,73,19
1610107231000,74,18
1610107531000,72,28
1610107831000,67,46
1610108131000,64,56
1610108431000,63,54
1610108731000,60,39
1610109031000,60,36
1610109331000,60,31
1610109631000,60,30
1610109931000,60,39
1610110231000,59,31
1610110531000,59,32
1610110831000,59,31
1610111131000,60,34
1610111431000,60,32
1610111731000,60,40
1610112031000,62,39
1610112331000,62,50
1610112631000,64,47
1610112931000,66,47
1610113231000,65,56
1610113531000,64,51
1610113831000,62,49
1610114131000,62,63
1610114431000,60,57
1610114731000,61,50
1610115031000,62,47
1610115331000,61,48
1610115631000,59,43
1610115931000,60,41
1610116231000,60,29
1610116531000,60,37
1610116831000,61,28
1610117131000,60,31
1610117431000,61,33
1610117731000,60,33
1610118031000,62,33
1610118331000,61,32
1610118631000,61,33
1610118931000,61,31
1610119231000,67,46
1610119531000,70,41
1610119831000,69,32
1610120131000,65,58
1610120431000,65,60
1610120731000,62,56
1610121031000,62,50
1610121331000,62,44
1610121631000,60,43
1610121931000,63,49
1610122231000,63,46
1610122531000,64,47
1610122831000,70,40
1610123131000,67,34
1610123431000,66,54
1610123731000,65,48
1610124031000,62,49
1610124331000,61,44
1610124631000,60,49
1610124931000,59,44
1610125231000,59,45
1610125531000,62,53
1610125831000,61,55
1610126131000,61,48
1610126431000,63,34
1610126731000,63,39
1610127031000,64,47
1610127331000,71,44
1610127631000,75,48
1610127931000,0,0
1610196991000,0,0
1610197291000,59,31
1610197591000,58,31
1610197891000,58,31
1610198191000,58,27
1610198491000,58,29
1610198791000,59,26
1610199091000,59,26
1610199391000,59,29
1610199691000,59,29
1610199991000,59,27
1610200291000,59,27
1610200591000,59,25
1610200891000,59,27
1610201191000,59,44
1610201491000,60,60
1610201791000,65,52
1610202091000,64,64
1610202391000,64,66
1610202691000,60,42
1610202991000,60,52
1610203291000,59,45
1610203591000,59,32
1610203891000,59,35
1610204191000,60,28
1610204491000,60,26
1610204791000,60,30
1610205091000,60,29
1610205391000,61,42
1610205691000,60,29
1610205991000,60,32
1610206291000,63,41
1610206591000,63,59
1610206891000,68,42
1610207191000,71,27
1610207491000,67,45
1610207791000,65,58
1610208091000,63,47
1610208391000,61,72
1610208691000,60,72
1610208991000,59,64
1610209291000,0,0
1610209591000,0,0
1610209891000,62,54
1610210191000,63,53
1610210491000,0,0
1610210791000,0,0
1610211091000,62,48
1610211391000,0,0
1610211691000,64,37
1610211991000,0,0
1610212291000,0,0
1610212591000,0,0
1610212891000,0,0
1610213191000,0,0
1610213491000,0,0
1610213791000,0,0
1610214091000,0,0
1610214391000,64,63
1610214691000,59,51
1610214991000,60,52
1610215291000,61,108
1610215591000,58,75
1610215891000,58,90
1610216191000,59,78
1610216491000,59,77
1610216791000,62,72
1610217091000,63,25
1610217391000,64,32
1610217691000,64,31
1610217991000,62,47
1610218291000,63,43
1610218591000,61,42
1610218891000,63,51
1610219191000,62,48
1610219491000,65,42
1610219791000,73,49
1610220091000,71,47
1610220391000,0,0
1610277061000,62,35
1610277361000,60,32
1610277661000,59,32
1610277961000,59,31
1610278261000,59,30
1610278561000,60,29
1610278861000,61,27
1610279161000,61,31
1610279461000,62,27
1610279761000,65,52
1610280061000,65,62
1610280361000,69,48
1610280661000,67,44
1610280961000,72,31
1610281261000,70,30
1610281561000,66,43
1610281861000,65,48
1610282161000,62,45
1610282461000,60,38
1610282761000,59,37
1610283061000,59,45
1610283361000,59,40
1610283661000,59,38
1610283961000,58,42
1610284261000,58,38
1610284561000,59,36
1610284861000,58,45
1610285161000,58,44
1610285461000,58,48
1610285761000,57,40
1610286061000,57,48
1610286361000,60,78
1610286661000,67,45
1610286961000,67,42
1610287261000,68,35
1610287561000,63,57
1610287861000,63,65
1610288161000,66,60
1610288461000,67,49
1610288761000,63,57
1610289061000,62,59
1610289361000,58,77
1610289661000,56,78
1610289961000,58,72
1610290261000,58,67
1610290561000,57,74
1610290861000,58,71
1610291161000,59,65
1610291461000,61,69
1610291761000,59,78
1610292061000,60,69
1610292361000,64,73
1610292661000,69,52
1610292961000,68,42
1610293261000,66,45
1610293561000,70,39
1610293861000,75,30
1610294161000,68,30
1610294461000,65,49
1610294761000,64,57
1610295061000,64,53
1610295361000,62,55
1610295661000,63,53
1610295961000,62,67
1610296261000,58,94
1610296561000,59,76
1610296861000,60,78
1610297161000,56,49
1610297461000,56,77
1610297761000,59,72
1610298061000,60,53
1610298361000,64,53
1610298661000,67,47
1610298961000,64,62
1610299261000,64,52
1610299561000,70,38
1610299861000,66,51
1610300161000,64,57
1610300461000,63,59
1610300761000,62,68
1610301061000,62,66
1610301361000,61,62
1610301661000,61,65
1610301961000,61,64
1610302261000,60,69
1610302561000,63,96
1610302861000,62,86
1610303161000,61,82
1610303461000,60,67
1610303761000,60,81
1610304061000,64,31
1610367409000,55,82
1610367709000,54,93
1610368009000,55,80
1610368309000,56,73
1610368609000,56,85
1610368909000,57,77
1610369209000,56,85
1610369509000,56,93
1610369809000,56,100
1610370109000,57,86
1610370409000,57,79
1610370709000,57,71
1610371009000,57,69
1610371309000,57,73
1610371609000,57,69
1610371909000,59,58
1610372209000,59,52
1610372509000,67,38
1610372809000,66,43
1610373109000,66,44
1610373409000,68,35
1610373709000,63,34
1610374009000,61,38
1610374309000,59,47
1610374609000,58,38
1610374909000,59,38
1610375209000,58,41
1610375509000,58,45
1610375809000,61,49
1610376109000,58,46
1610376409000,56,56
1610376709000,57,44
1610377009000,58,40
1610377309000,57,45
1610377609000,58,37
1610377909000,58,37
1610378209000,58,32
1610378509000,58,37
1610378809000,59,33
1610379109000,68,37
1610379409000,70,32
1610379709000,69,37
1610380009000,67,34
1610380309000,65,46
1610380609000,64,48
1610380909000,61,43
1610381209000,60,52
1610381509000,59,27
1610381809000,60,27
1610382109000,60,28
1610382409000,60,51
1610382709000,57,40
1610383009000,58,35
1610383309000,58,70
1610383609000,59,81
1610383909000,59,80
1610384209000,61,46
1610384509000,58,36
1610384809000,60,51
1610385109000,68,50
1610385409000,68,36
1610385709000,70,27
1610386009000,67,40
1610386309000,67,44
1610386609000,64,43
1610386909000,63,49
1610387209000,62,55
1610387509000,62,46
1610387809000,59,33
1610388109000,58,36
1610388409000,58,44
1610388709000,58,30
1610389009000,58,29
1610389309000,58,32
1610389609000,59,36
1610389909000,59,37
1610390209000,62,38
1610390509000,61,46
1610390809000,64,48
1610391109000,63,63
1610391409000,60,51
1610391709000,69,62
1610445722000,65,41
1610446022000,62,44
1610446322000,62,42
1610446622000,62,42
1610446922000,63,44
1610447222000,64,58
1610447522000,62,55
1610447822000,64,62
1610448122000,62,69
1610448422000,63,66
1610448722000,63,57
1610449022000,64,55
1610449322000,65,60
1610449622000,65,53
1610449922000,67,61
1610450222000,68,55
1610450522000,74,31
1610450822000,74,24
1610451122000,74,29
1610451422000,71,37
1610451722000,68,43
1610452022000,66,44
1610452322000,65,44
1610452622000,64,37
1610452922000,64,35
1610453222000,64,38
1610453522000,64,38
1610453822000,64,35
1610454122000,63,39
1610454422000,61,26
1610454722000,61,35
1610455022000,61,30
1610455322000,61,52
1610455622000,61,41
1610455922000,68,49
1610456222000,77,22
1610456522000,80,19
1610456822000,75,24
1610457122000,70,31
1610457422000,68,38
1610457722000,68,39
1610458022000,65,48
1610458322000,66,47
1610458622000,62,26
1610458922000,61,26
1610459222000,61,29
1610459522000,62,37
1610459822000,62,37
1610460122000,61,38
1610460422000,61,42
1610460722000,62,37
1610461022000,61,30
1610461322000,63,44
1610461622000,64,64
1610461922000,63,45
1610462222000,67,33
1610462522000,68,42
1610462822000,69,36
1610463122000,64,41
1610463422000,61,58
1610463722000,59,30
1610464022000,59,31
1610464322000,59,30
1610464622000,59,32
1610464922000,59,49
1610465222000,60,41
1610465522000,59,56
1610465822000,59,41
1610466122000,0,0
1610466422000,62,59
1610466722000,58,62
1610467022000,58,59
1610467322000,0,0
1610467622000,0,0
1610467922000,62,36
1610468222000,66,42
1610468522000,0,0
1610468822000,0,0
1610469122000,0,0
1610469422000,0,0
1610469722000,0,0
1610470022000,0,0
1610470322000,0,0
1610470622000,62,32
1610470922000,63,50
1610471222000,60,52
1610471522000,0,0
1610471822000,0,0
1610472122000,0,0
1610472422000,0,0
1610472722000,0,0
1610473022000,0,0
1610473322000,0,0
1610473622000,0,0
1610473922000,0,0
1610474222000,0,0
1610474522000,0,0
1610474822000,0,0
1610475122000,0,0
1610475422000,0,0
1610475722000,0,0
1610476022000,0,0
1610476322000,0,0
1610476622000,0,0
1610476922000,0,0
1610477222000,0,0
1610477522000,0,0
1610477822000,0,0
1610478122000,0,0
1610478422000,0,0
1610478722000,0,0
1610479022000,0,0
1610479322000,0,0
1610479622000,0,0
1610479922000,0,0
1610480222000,0,0
1610480522000,67,50
1610480822000,66,49
1610481122000,67,53
1610481422000,73,46
1610481722000,73,32
1610482022000,70,43
1610482322000,69,34
1610482622000,66,51
1610482922000,68,42
1610483222000,0,0
1610534580000,64,33
1610534880000,60,58
1610535180000,58,67
1610535480000,57,75
1610535780000,58,65
1610536080000,58,70
1610536380000,58,68
1610536680000,58,71
1610536980000,58,73
1610537280000,59,70
1610537580000,59,65
1610537880000,59,58
1610538180000,59,67
1610538480000,59,65
1610538780000,59,60
1610539080000,60,45
1610539380000,60,48
1610539680000,60,70
1610539980000,60,61
1610540280000,61,67
1610540580000,63,64
1610540880000,67,44
1610541180000,68,36
1610541480000,70,41
1610541780000,67,40
1610542080000,65,56
1610542380000,63,31
1610542680000,61,25
1610542980000,60,29
1610543280000,61,30
1610543580000,60,28
1610543880000,60,30
1610544180000,60,34
1610544480000,60,32
1610544780000,60,34
1610545080000,61,34
1610545380000,61,34
1610545680000,61,33
1610545980000,63,30
1610546280000,62,27
1610546580000,64,37
1610546880000,69,37
1610547180000,71,36
1610547480000,63,48
1610547780000,63,38
1610548080000,65,36
1610548380000,60,43
1610548680000,59,29
1610548980000,58,31
1610549280000,58,30
1610549580000,58,31
1610549880000,58,32
1610550180000,58,30
1610550480000,57,33
1610550780000,59,27
1610551080000,57,32
1610551380000,59,35
1610551680000,58,39
1610551980000,58,30
1610552280000,59,35
1610552580000,60,37
1610552880000,61,57
1610553180000,66,40
1610553480000,63,59
1610553780000,60,52
1610554080000,62,42
1610554380000,61,26
1610554680000,59,31
1610554980000,60,25
1610555280000,64,44
1610555580000,60,39
1610555880000,58,29
1610556180000,59,38
1610556480000,58,31
1610556780000,59,28
1610557080000,59,30
1610557380000,60,36
1610557680000,60,57
1610557980000,64,62
1610558280000,68,38
1610558580000,72,34
1610558880000,67,35
1610559180000,64,42
1610559480000,64,47
1610559780000,62,41
1610560080000,62,37
1610560380000,61,36
1610560680000,60,44
1610560980000,61,34
1610561280000,59,28
1610561580000,60,23
1610561880000,60,38
1610562180000,61,29
1610562480000,64,57
1610562780000,65,50
1610563080000,67,47
1610563380000,66,45
1610563680000,70,40
1610563980000,70,48
1610621040000,0,0
1610621340000,0,0
1610621640000,59,64
1610621940000,0,0
1610622240000,59,57
1610622540000,59,43
1610622840000,58,41
1610623140000,58,46
1610623440000,58,42
1610623740000,58,37
1610624040000,58,43
1610624340000,59,36
1610624640000,59,36
1610624940000,59,45
1610625240000,62,36
1610625540000,63,66
1610625840000,63,70
1610626140000,61,72
1610626440000,58,43
1610626740000,57,48
1610627040000,58,44
1610627340000,58,39
1610627640000,59,41
1610627940000,59,34
1610628240000,59,39
1610628540000,60,38
1610628840000,61,33
1610629140000,61,36
1610629440000,61,33
1610629740000,62,62
1610630040000,62,75
1610630340000,68,51
1610630640000,72,30
1610630940000,72,30
1610631240000,66,57
1610631540000,62,48
1610631840000,63,27
1610632140000,61,26
1610632440000,61,27
1610632740000,60,38
1610633040000,59,34
1610633340000,60,32
1610633640000,60,31
1610633940000,60,29
1610634240000,61,32
1610634540000,62,40
1610634840000,61,45
1610635140000,60,46
1610635440000,62,52
1610635740000,67,44
1610636040000,69,38
1610636340000,68,47
1610636640000,64,49
1610636940000,64,58
1610637240000,63,45
1610637540000,65,30
1610637840000,62,24
1610638140000,62,22
1610638440000,61,22
1610638740000,61,27
1610639040000,61,34
1610639340000,59,39
1610639640000,57,51
1610639940000,57,44
1610640240000,58,63
1610640540000,60,47
1610640840000,60,44
1610641140000,60,46
1610641440000,60,61
1610641740000,60,57
1610642040000,61,63
1610642340000,62,55
1610642640000,63,66
1610642940000,62,50
1610643240000,62,47
1610687671000,60,60
1610687971000,60,58
1610688271000,60,60
1610688571000,60,58
1610688871000,59,62
1610689171000,58,70
1610689471000,66,48
1610689771000,67,42
1610690071000,67,48
1610690371000,63,54
1610690671000,62,55
1610690971000,60,65
1610691271000,60,64
1610691571000,60,67
1610691871000,62,67
1610692171000,62,70
1610692471000,60,73
1610692771000,60,77
1610693071000,59,78
1610693371000,59,74
1610693671000,59,68
1610693971000,59,69
1610694271000,65,57
1610694571000,68,41
1610694871000,65,43
1610695171000,65,37
1610695471000,66,25
1610695771000,65,29
1610696071000,67,25
1610696371000,63,43
1610696671000,63,34
1610696971000,64,32
1610697271000,63,32
1610697571000,61,39
1610697871000,61,39
1610698171000,61,38
1610698471000,61,40
1610698771000,61,43
1610699071000,60,45
1610699371000,61,44
1610699671000,60,47
1610699971000,60,51
1610700271000,60,45
1610700571000,60,49
1610700871000,59,68
1610701171000,62,45
1610701471000,63,41
1610701771000,63,44
1610702071000,62,41
1610702371000,65,26
1610702671000,63,34
1610702971000,64,41
1610703271000,63,35
1610703571000,64,31
1610703871000,63,36
1610704171000,62,44
1610704471000,59,65
1610704771000,55,80
1610705071000,56,86
1610705371000,56,88
1610705671000,55,94
1610705971000,55,96
1610706271000,55,88
1610706571000,56,89
1610706871000,55,97
1610707171000,55,93
1610707471000,54,75
1610707771000,57,55
1610708071000,0,0
1610708371000,0,0
1610708671000,0,0
1610708971000,0,0
1610709271000,69,44
1610709571000,73,42
1610709871000,71,40
1610710171000,71,39
1610710471000,72,35
1610710771000,75,29
1610711071000,79,24
1610711371000,82,40
1610711671000,80,31
1610711971000,77,28
1610712271000,75,31
1610712571000,0,0
1610712871000,0,0
1610713171000,70,37
1610713471000,66,41
1610713771000,0,0
1610714071000,69,42
1610714371000,0,0
1610714671000,60,30
1610714971000,61,28
1610715271000,60,40
1610715571000,59,46
1610715871000,59,54
1610716171000,59,45
1610716471000,59,53
1610716771000,59,53
1610717071000,58,66
1610717371000,59,52
1610717671000,59,61
1610717971000,64,54
1610718271000,69,46
1610718571000,66,46
1610718871000,64,48
1610719171000,62,28
1610719471000,61,26
1610719771000,60,26
1610720071000,61,26
1610720371000,61,26
1610720671000,60,25
1610720971000,61,26
1610721271000,61,26
1610721571000,62,25
1610721871000,59,26
1610722171000,59,24
1610722471000,60,29
1610722771000,59,28
1610723071000,58,28
1610723371000,59,29
1610723671000,65,46
1610723971000,77,16
1610724271000,84,12
1610724571000,76,19
1610724871000,72,40
1610725171000,62,49
1610725471000,61,42
1610725771000,59,30
1610726071000,58,28
1610726371000,59,30
1610726671000,57,36
1610726971000,58,32
1610727271000,59,28
1610727571000,58,30
1610727871000,61,26
1610728171000,60,44
1610728471000,57,53
1610728771000,60,42
1610729071000,65,67
1610729371000,66,43
1610729671000,64,51
1610729971000,64,57
1610730271000,64,46
1610730571000,59,32
1610730871000,60,34
1610731171000,60,29
1610731471000,61,47
1610731771000,61,42
1610732071000,59,47
1610732371000,58,41
1610732671000,59,46
1610732971000,59,61
1610733271000,61,41
1610733571000,63,62
1610733871000,68,43
1610734171000,68,50
1610734471000,67,46
1610734771000,65,55
1610735071000,66,53
1610735371000,64,48
1610735671000,62,44
1610735971000,64,40
1610736271000,62,37
1610736571000,64,43
1610736871000,63,52
1610737171000,61,42
1610737471000,63,57
1610737771000,64,51
1610738071000,62,56
1610738371000,70,49
1610738671000,67,48
1610738971000,64,49
1610739271000,65,44
1610739571000,70,57
1610739871000,68,49
1610740171000,68,54
1610740471000,77,41
1610740771000,69,57
1610741071000,71,53
1610741371000,75,30
1610741671000,0,0
1610802181000,69,43
1610802481000,67,56
1610802781000,65,51
1610803081000,63,41
1610803381000,63,51
1610803681000,62,32
1610803981000,65,69
1610804281000,61,33
1610804581000,61,33
1610804881000,61,30
1610805181000,61,34
1610805481000,61,36
1610805781000,61,35
1610806081000,61,31
1610806381000,61,30
1610806681000,61,31
1610806981000,66,54
1610807281000,72,38
1610807581000,69,46
1610807881000,69,40
1610808181000,67,51
1610808481000,64,41
1610808781000,63,46
1610809081000,63,24
1610809381000,64,29
1610809681000,63,52
1610809981000,61,28
1610810281000,61,23
1610810581000,61,27
1610810881000,61,23
1610811181000,61,24
1610811481000,61,21
1610811781000,62,25
1610812081000,61,22
1610812381000,61,25
1610812681000,61,24
1610812981000,66,44
1610813281000,74,35
1610813581000,76,25
1610813881000,73,32
1610814181000,67,54
1610814481000,65,52
1610814781000,64,40
1610815081000,62,29
1610815381000,63,28
1610815681000,61,34
1610815981000,60,35
1610816281000,61,33
1610816581000,62,30
1610816881000,59,32
1610817181000,59,31
1610817481000,58,36
1610817781000,59,34
1610818081000,59,37
1610818381000,59,34
1610818681000,61,58
1610818981000,68,41
1610819281000,70,34
1610819581000,71,36
1610819881000,67,51
1610820181000,64,51
1610820481000,65,46
1610820781000,66,49
1610821081000,63,55
1610821381000,59,48
1610821681000,62,48
1610821981000,61,53
1610822281000,60,41
1610822581000,60,40
1610822881000,62,52
1610823181000,59,40
1610823481000,61,64
1610823781000,61,39
1610824081000,65,41
1610824381000,71,60
1610824681000,80,34
1610824981000,73,25
1610825281000,71,26
1610825581000,65,45
1610825881000,65,39
1610826181000,63,36
1610826481000,61,30
1610826781000,61,31
1610827081000,63,38
1610827381000,64,52
1610827681000,64,44
1610827981000,62,54
1610828281000,64,50
1610828581000,71,57
1610828881000,67,54
1610829181000,0,0
1610829481000,0,0
1610829781000,0,0
1610889001000,61,54
1610889301000,60,44
1610889601000,59,55
1610889901000,58,41
1610890201000,57,40
1610890501000,56,41
1610890801000,56,39
1610891101000,56,42
1610891401000,57,36
1610891701000,57,34
1610892001000,56,44
1610892301000,56,34
1610892601000,57,45
1610892901000,57,36
1610893201000,58,35
1610893501000,61,33
1610893801000,61,36
1610894101000,61,30
1610894401000,59,29
1610894701000,59,29
1610895001000,58,31
1610895301000,57,31
1610895601000,59,28
1610895901000,58,34
1610896201000,58,34
1610896501000,57,37
1610896801000,58,34
1610897101000,58,31
1610897401000,58,35
1610897701000,60,29
1610898001000,59,31
1610898301000,58,36
1610898601000,59,50
1610898901000,62,51
1610899201000,68,31
1610899501000,66,42
1610899801000,65,49
1610900101000,65,39
1610900401000,63,40
1610900701000,60,29
1610901001000,0,0
1610901301000,0,0
1610901601000,57,42
1610901901000,58,34
1610902201000,59,31
1610902501000,57,39
1610902801000,58,31
1610903101000,59,31
1610903401000,59,31
1610903701000,60,28
1610904001000,59,34
1610904301000,59,31
1610904601000,59,49
1610904901000,60,48
1610905201000,63,59
1610905501000,62,45
1610905801000,64,45
1610906101000,0,0
1610906401000,64,51
1610971932000,0,0
1610972232000,67,57
1610972532000,62,81
1610972832000,62,78
1610973132000,62,79
1610973432000,63,78
1610973732000,64,76
1610974032000,65,64
1610974332000,66,63
1610974632000,65,67
1610974932000,65,62
1610975232000,66,57
1610975532000,67,48
1610975832000,69,50
1610976132000,71,47
1610976432000,75,31
1610976732000,73,37
1610977032000,70,47
1610977332000,65,48
1610977632000,65,67
1610977932000,65,55
1610978232000,63,48
1610978532000,63,68
1610978832000,64,75
1610979132000,61,88
1610979432000,61,91
1610979732000,60,82
1610980032000,61,76
1610980332000,60,30
1610980632000,60,30
1610980932000,61,46
1610981232000,66,56
1610981532000,76,30
1610981832000,71,31
1610982132000,71,30
1610982432000,67,49
1610982732000,65,60
1610983032000,61,48
1610983332000,61,38
1610983632000,62,47
1610983932000,61,30
1610984232000,61,45
1610984532000,62,35
1610984832000,61,33
1610985132000,62,56
1610985432000,63,51
1610985732000,60,47
1610986032000,63,47
1610986332000,70,31
1610986632000,66,55
1610986932000,66,53
1610987232000,65,58
1610987532000,62,70
1610987832000,60,54
1610988132000,59,59
1610988432000,60,58
1610988732000,58,51
1610989032000,58,70
1610989332000,58,35
1610989632000,58,63
1610989932000,59,59
1610990232000,59,51
1610990532000,59,54
1610990832000,59,42
1610991132000,59,61
1610991432000,63,68
1610991732000,66,57
1610992032000,69,36
1610992332000,66,55
1610992632000,63,61
1610992932000,63,48
1610993232000,59,54
1610993532000,60,43
1610993832000,58,38
1610994132000,58,43
1610994432000,59,66
1610994732000,57,46
1610995032000,58,54
1610995332000,60,66
1610995632000,58,59
1610995932000,59,48
1610996232000,59,47
1610996532000,62,59
1610996832000,59,41
1610997132000,65,53
1610997432000,70,46
1610997732000,65,60
1610998032000,65,50
1610998332000,63,64
1610998632000,68,55
1611061652000,69,53
1611061952000,72,41
1611062252000,68,54
1611062552000,66,21
1611062852000,66,34
1611063152000,66,19
1611063452000,66,22
1611063752000,66,24
1611064052000,66,18
1611064352000,66,17
1611064652000,66,36
1611064952000,66,19
1611065252000,66,27
1611065552000,67,28
1611065852000,71,52
1611066152000,76,31
1611066452000,75,38
1611066752000,74,39
1611067052000,70,44
1611067352000,68,48
1611067652000,66,55
1611067952000,63,65
1611068252000,63,41
1611068552000,64,45
1611068852000,64,39
1611069152000,63,36
1611069452000,63,33
1611069752000,63,34
1611070052000,65,41
1611070352000,66,26
1611070652000,76,30
1611070952000,76,28
1611071252000,72,38
1611071552000,68,39
1611071852000,66,44
1611072152000,68,40
1611072452000,67,44
1611072752000,65,41
1611073052000,69,41
1611073352000,82,24
1611073652000,73,27
1611073952000,68,39
1611074252000,64,32
1611074552000,62,29
1611074852000,62,28
1611075152000,61,31
1611075452000,61,25
1611075752000,61,22
1611076052000,61,36
1611076352000,61,32
1611076652000,60,45
1611076952000,62,41
1611077252000,64,50
1611077552000,68,42
1611077852000,79,43
1611078152000,68,39
1611078452000,69,37
1611078752000,66,40
1611079052000,64,35
1611079352000,61,37
1611079652000,61,35
1611079952000,61,22
1611080252000,60,27
1611080552000,60,21
1611080852000,60,30
1611081152000,59,29
1611081452000,59,31
1611081752000,60,30
1611082052000,60,26
1611082352000,61,27
1611082652000,62,28
1611082952000,62,25
1611083252000,63,34
1611083552000,64,47
1611083852000,67,43
1611084152000,70,38
1611084452000,71,27
1611084752000,70,37
1611085052000,66,44
1611085352000,67,40
1611085652000,65,36
1611085952000,64,26
1611086252000,66,30
1611086552000,64,32
1611086852000,64,18
1611087152000,65,17
1611087452000,65,25
1611087752000,65,22
1611088052000,65,33
1611088352000,65,38
1611088652000,65,34
1611088952000,66,30
1611089252000,67,37
1611089552000,69,44
1611089852000,65,43
1611090152000,66,43
1611090452000,68,42
1611090752000,68,41
1611091052000,67,41
1611091352000,67,52
1611091652000,66,31
1611091952000,65,28
1611092252000,64,28
1611092552000,63,26
1611092852000,63,26
1611093152000,64,43
1611093452000,70,51
1611152669000,68,37
1611152969000,65,23
1611153269000,63,27
1611153569000,62,28
1611153869000,61,25
1611154169000,62,23
1611154469000,62,23
1611154769000,62,20
1611155069000,62,27
1611155369000,63,18
1611155669000,62,21
1611155969000,62,22
1611156269000,62,20
1611156569000,62,18
1611156869000,65,38
1611157169000,68,42
1611157469000,67,41
1611157769000,66,38
1611158069000,63,43
1611158369000,61,23
1611158669000,61,20
1611158969000,61,33
1611159269000,60,29
1611159569000,61,31
1611159869000,61,24
1611160169000,62,31
1611160469000,60,27
1611160769000,60,28
1611161069000,60,26
1611161369000,61,28
1611161669000,60,28
1611161969000,61,41
1611162269000,70,40
1611162569000,79,15
1611162869000,72,25
1611163169000,72,26
1611163469000,71,32
1611163769000,67,41
1611164069000,66,47
1611164369000,63,42
1611164669000,64,30
1611164969000,61,25
1611165269000,61,24
1611165569000,60,30
1611165869000,57,36
1611166169000,58,29
1611166469000,58,32
1611166769000,57,40
1611167069000,58,30
1611167369000,58,33
1611167669000,58,34
1611167969000,60,38
1611168269000,61,37
1611168569000,65,40
1611168869000,63,46
1611169169000,62,36
1611169469000,61,26
1611169769000,61,29
1611170069000,61,26
1611170369000,61,37
1611170669000,59,28
1611170969000,59,43
1611171269000,59,36
1611171569000,59,27
1611234033000,66,41
1611234333000,64,52
1611234633000,63,61
1611234933000,62,61
1611235233000,61,61
1611235533000,61,62
1611235833000,62,69
1611236133000,61,51
1611236433000,61,50
1611236733000,61,51
1611237033000,61,57
1611237333000,66,36
1611237633000,71,42
1611237933000,72,38
1611238233000,70,44
1611238533000,65,40
1611238833000,63,31
1611239133000,62,40
1611239433000,63,38
1611239733000,62,28
1611240033000,61,28
1611240333000,61,27
1611240633000,61,28
1611240933000,60,28
1611241233000,60,31
1611241533000,60,27
1611241833000,60,28
1611242133000,59,32
1611242433000,59,31
1611242733000,64,39
1611243033000,65,52
1611243333000,69,35
1611243633000,70,33
1611243933000,67,47
1611244233000,62,55
1611244533000,61,36
1611244833000,60,25
1611245133000,59,31
1611245433000,58,31
1611245733000,57,31
1611246033000,57,36
1611246333000,57,46
1611246633000,56,42
1611246933000,56,42
1611247233000,57,50
1611247533000,57,33
1611247833000,57,33
1611248133000,57,29
1611248433000,58,30
1611248733000,57,29
1611249033000,58,40
1611249333000,62,44
1611249633000,66,41
1611249933000,67,36
1611250233000,68,34
1611250533000,68,37
1611250833000,69,50
1611251133000,62,50
1611251433000,65,45
1611251733000,60,54
1611252033000,63,34
1611252333000,60,40
1611252633000,58,30
1611252933000,58,29
1611253233000,58,32
1611253533000,58,31
1611253833000,59,32
1611254133000,59,31
1611254433000,59,37
1611254733000,59,36
1611255033000,59,35
1611255333000,59,34
1611255633000,59,36
1611255933000,60,36
1611256233000,62,36
1611256533000,65,47
1611256833000,64,53
1611257133000,65,50
1611257433000,63,43
1611257733000,67,37
1611258033000,69,33
1611258333000,65,52
1611258633000,66,44
1611258933000,62,47
1611259233000,61,46
1611259533000,63,39
1611259833000,62,38
1611260133000,61,38
1611260433000,59,40
1611260733000,60,31
1611261033000,60,29
1611261333000,59,32
1611261633000,60,29
1611261933000,60,27
1611262233000,61,42
1611262533000,57,49
1611262833000,59,45
1611263133000,58,46
1611263433000,62,53
1611263733000,0,0
1611323429000,68,37
1611323729000,67,51
1611324029000,70,48
1611324329000,68,37
1611324629000,67,20
1611324929000,65,22
1611325229000,63,33
1611325529000,64,23
1611325829000,64,24
1611326129000,64,25
1611326429000,63,23
1611326729000,63,23
1611327029000,63,24
1611327329000,64,23
1611327629000,64,21
1611327929000,65,27
1611328229000,74,33
1611328529000,73,35
1611328829000,67,44
1611329129000,64,35
1611329429000,62,27
1611329729000,61,22
1611330029000,61,27
1611330329000,62,28
1611330629000,62,28
1611330929000,59,33
1611331229000,59,31
1611331529000,59,29
1611331829000,59,32
1611332129000,61,29
1611332429000,59,32
1611332729000,59,30
1611333029000,59,32
1611333329000,59,34
1611333629000,63,46
1611333929000,71,30
1611334229000,77,15
1611334529000,77,16
1611334829000,71,24
1611335129000,68,39
1611335429000,65,35
1611335729000,64,40
1611336029000,63,37
1611336329000,62,27
1611336629000,61,24
1611336929000,61,24
1611337229000,61,33
1611337529000,59,35
1611337829000,59,33
1611338129000,58,39
1611338429000,58,35
1611338729000,58,33
1611339029000,58,35
1611339329000,58,30
1611339629000,59,33
1611339929000,60,38
1611340229000,65,33
1611340529000,66,40
1611340829000,66,43
1611341129000,65,39
1611341429000,62,40
1611341729000,62,33
1611342029000,61,22
1611342329000,61,25
1611342629000,61,25
1611342929000,61,26
1611343229000,62,21
1611343529000,62,26
1611343829000,64,26
1611344129000,62,35
1611344429000,69,28
1611344729000,0,0
1611409768000,70,41
1611410068000,68,62
1611410368000,71,44
1611410668000,71,38
1611410968000,69,40
1611411268000,65,71
1611411568000,64,82
1611411868000,64,79
1611412168000,64,78
1611412468000,65,68
1611412768000,65,68
1611413068000,65,79
1611413368000,62,78
1611413668000,62,75
1611413968000,62,70
1611414268000,62,71
1611414568000,64,57
1611414868000,75,24
1611415168000,77,23
1611415468000,71,35
1611415768000,69,37
1611416068000,66,37
1611416368000,66,45
1611416668000,65,46
1611416968000,65,38
1611417268000,64,45
1611417568000,65,36
1611417868000,63,50
1611418168000,63,38
1611418468000,62,35
1611418768000,62,29
1611419068000,68,29
1611419368000,73,27
1611419668000,69,36
1611419968000,67,28
1611420268000,66,24
1611420568000,62,24
1611420868000,63,30
1611421168000,62,27
1611421468000,62,29
1611421768000,63,22
1611422068000,63,23
1611422368000,62,23
1611422668000,62,25
1611422968000,62,23
1611423268000,62,23
1611423568000,61,27
1611423868000,64,37
1611424168000,62,46
1611424468000,64,57
1611424768000,66,48
1611425068000,64,47
1611425368000,64,33
1611425668000,60,32
1611425968000,60,35
1611426268000,60,41
1611426568000,63,67
1611426868000,65,48
1611427168000,65,37
1611427468000,0,0
1611427768000,0,0
1611428068000,65,52
1611428368000,63,27
1611428668000,63,37
1611428968000,63,56
1611429268000,63,44
1611429568000,62,36
1611429868000,63,43
1611430168000,65,58
1611430468000,62,32
1611430768000,65,67
1611431068000,66,56
1611431368000,69,47
1611431668000,68,51
1611431968000,70,50
1611432268000,78,46
1611432568000,78,61
1611432868000,77,57
1611433168000,74,46
1611501240000,0,0
1611501540000,0,0
1611501840000,0,0
1611502140000,66,44
1611502440000,69,42
1611502740000,70,53
1611503040000,67,45
1611503340000,64,41
1611503640000,63,37
1611503940000,63,38
1611504240000,64,30
1611504540000,64,43
1611504840000,63,27
1611505140000,64,48
1611505440000,64,30
1611505740000,64,28
1611506040000,78,30
1611506340000,74,28
1611506640000,72,38
1611506940000,69,39
1611507240000,69,38
1611507540000,69,40
1611507840000,64,43
1611508140000,66,47
1611508440000,63,45
1611508740000,61,27
1611509040000,60,32
1611509340000,60,33
1611509640000,60,31
1611509940000,59,39
1611510240000,62,43
1611510540000,58,37
1611510840000,58,32
1611511140000,59,33
1611511440000,59,33
1611511740000,59,35
1611512040000,59,35
1611512340000,59,34
1611512640000,59,32
1611512940000,64,43
1611513240000,69,35
1611513540000,73,23
1611513840000,69,36
1611514140000,66,41
1611514440000,65,43
1611514740000,68,40
1611515040000,64,45
1611515340000,64,47
1611515640000,61,27
1611515940000,61,24
1611516240000,60,28
1611516540000,60,30
1611516840000,61,31
1611517140000,61,36
1611517440000,57,36
1611517740000,57,34
1611518040000,58,33
1611518340000,58,43
1611518640000,57,49
1611518940000,58,49
1611519240000,61,44
1611519540000,68,42
1611519840000,67,41
1611520140000,0,0
1611520440000,0,0
1611520740000,71,32
1611521040000,68,37
1611521340000,67,43
1611521640000,63,33
1611521940000,64,34
1611522240000,65,42
1611522540000,64,36
1611522840000,0,0
1611523140000,0,0
1611523440000,0,0
1611523740000,0,0
1611524040000,64,50
1611524340000,0,0
1611580140000,0,0
1611580440000,69,20
1611580740000,72,19
1611581040000,70,19
1611581340000,67,24
1611581640000,66,28
1611581940000,66,27
1611582240000,66,24
1611582540000,66,24
1611582840000,65,22
1611583140000,66,23
1611583440000,66,23
1611583740000,65,23
1611584040000,65,19
1611584340000,67,22
1611584640000,72,25
1611584940000,72,27
1611585240000,71,34
1611585540000,67,40
1611585840000,68,32
1611586140000,66,25
1611586440000,65,25
1611586740000,64,21
1611587040000,65,25
1611587340000,65,21
1611587640000,64,27
1611587940000,64,25
1611588240000,64,23
1611588540000,66,22
1611588840000,64,28
1611589140000,64,30
1611589440000,65,30
1611589740000,61,32
1611590040000,61,29
1611590340000,61,35
1611590640000,62,31
1611590940000,63,33
1611591240000,64,24
1611591540000,75,17
1611591840000,71,29
1611592140000,67,34
1611592440000,65,26
1611592740000,64,29
1611593040000,62,27
1611593340000,61,27
1611593640000,61,28
1611593940000,62,37
1611594240000,61,30
1611594540000,61,29
1611594840000,60,32
1611595140000,60,34
1611595440000,63,35
1611595740000,61,24
1611596040000,62,23
1611596340000,63,21
1611596640000,65,20
1611596940000,66,45
1611597240000,67,36
1611660361000,67,36
1611660661000,67,27
1611660961000,65,50
1611661261000,65,60
1611661561000,65,62
1611661861000,65,78
1611662161000,65,70
1611662461000,65,70
1611662761000,67,68
1611663061000,67,69
1611663361000,67,76
1611663661000,68,67
1611663961000,70,63
1611664261000,69,62
1611664561000,70,61
1611664861000,72,49
1611665161000,73,47
1611665461000,73,48
1611665761000,72,50
1611666061000,72,52
1611666361000,76,48
1611666661000,86,15
1611666961000,82,21
1611667261000,78,35
1611667561000,76,34
1611667861000,74,36
1611668161000,72,41
1611668461000,72,39
1611668761000,72,38
1611669061000,70,56
1611669361000,67,60
1611669661000,66,63
1611669961000,66,53
1611670261000,66,52
1611670561000,66,57
1611670861000,66,45
1611671161000,68,58
1611671461000,71,56
1611671761000,82,21
1611672061000,85,15
1611672361000,79,23
1611672661000,70,41
1611672961000,69,44
1611673261000,67,40
1611673561000,70,44
1611673861000,63,31
1611674161000,63,21
1611674461000,63,23
1611674761000,62,29
1611675061000,60,28
1611675361000,60,26
1611675661000,62,28
1611675961000,66,39
1611676261000,64,34
1611676561000,67,43
1611676861000,70,53
1611677161000,69,42
1611677461000,63,35
1611677761000,63,36
1611678061000,63,30
1611678361000,61,33
1611678661000,61,37
1611678961000,61,38
1611679261000,60,31
1611679561000,60,30
1611679861000,61,27
1611680161000,61,29
1611680461000,62,26
1611680761000,64,31
1611681061000,63,30
1611681361000,65,45
1611681661000,68,40
1611681961000,69,39
1611682261000,69,33
1611682561000,62,36
1611682861000,63,26
1611683161000,64,33
1611683461000,63,30
1611683761000,63,27
1611684061000,62,26
1611684361000,63,46
1611684661000,60,35
1611684961000,61,36
1611685261000,61,29
1611685561000,63,40
1611685861000,60,32
1611686161000,61,28
1611686461000,67,40
1611686761000,78,30
1611687061000,73,25
1611687361000,69,46
1611687661000,65,45
1611687961000,0,0
1611688261000,0,0
1611688561000,61,27
1611688861000,61,37
1611689161000,61,39
1611689461000,62,37
1611689761000,60,27
1611690061000,60,28
1611690361000,61,29
1611690661000,60,30
1611690961000,61,25
1611691261000,61,32
1611691561000,61,26
1611691861000,63,34
1611692161000,72,26
1611692461000,64,63
1611692761000,0,0
1611742441000,0,0
1611742741000,71,54
1611743041000,68,72
1611743341000,69,67
1611743641000,69,72
1611743941000,70,69
1611744241000,68,82
1611744541000,70,68
1611744841000,70,60
1611745141000,71,58
1611745441000,70,63
1611745741000,69,66
1611746041000,74,40
1611746341000,74,38
1611746641000,80,20
1611746941000,78,21
1611747241000,77,26
1611747541000,72,33
1611747841000,70,27
1611748141000,68,19
1611748441000,68,22
1611748741000,67,17
1611749041000,67,30
1611749341000,65,18
1611749641000,67,20
1611749941000,63,24
1611750241000,64,22
1611750541000,64,23
1611750841000,67,29
1611751141000,66,27
1611751441000,65,24
1611751741000,66,23
1611752041000,67,27
1611752341000,67,27
1611752641000,74,19
1611752941000,75,19
1611753241000,74,18
1611753541000,69,26
1611753841000,68,26
1611754141000,65,25
1611754441000,65,22
1611754741000,64,20
1611755041000,64,21
1611755341000,62,25
1611755641000,63,20
1611755941000,62,25
1611756241000,62,24
1611756541000,62,26
1611756841000,62,25
1611757141000,65,31
1611757441000,62,34
1611757741000,64,40
1611758041000,63,32
1611758341000,68,34
1611758641000,68,41
1611758941000,64,46
1611759241000,66,43
1611759541000,72,29
1611759841000,62,37
1611760141000,62,26
1611760441000,60,37
1611760741000,60,30
1611761041000,60,28
1611761341000,60,29
1611761641000,60,32
1611761941000,60,35
1611762241000,61,38
1611762541000,61,31
1611762841000,63,33
1611763141000,62,31
1611763441000,66,39
1611763741000,78,25
1611764041000,66,46
1611764341000,65,55
1611764641000,66,44
1611764941000,62,28
1611765241000,64,28
1611840841000,0,0
1611841141000,66,21
1611841441000,63,29
1611841741000,61,35
1611842041000,61,35
1611842341000,61,36
1611842641000,62,36
1611842941000,62,33
1611843241000,62,35
1611843541000,62,36
1611843841000,62,33
1611844141000,68,34
1611844441000,73,25
1611844741000,68,32
1611845041000,66,25
1611845341000,65,24
1611845641000,63,28
1611845941000,63,25
1611846241000,63,25
1611846541000,62,26
1611846841000,62,29
1611847141000,62,30
1611847441000,61,37
1611847741000,60,36
1611848041000,59,35
1611848341000,59,40
1611848641000,59,40
1611848941000,59,37
1611849241000,60,36
1611849541000,63,50
1611849841000,68,29
1611850141000,69,20
1611850441000,66,37
1611850741000,63,41
1611851041000,64,29
1611851341000,60,33
1611851641000,59,40
1611851941000,59,43
1611852241000,59,40
1611852541000,60,41
1611852841000,60,38
1611853141000,59,41
1611853441000,58,45
1611853741000,57,40
1611854041000,56,43
1611854341000,57,67
1611854641000,59,51
1611854941000,63,43
1611855241000,67,34
1611855541000,66,34
1611855841000,62,40
1611856141000,64,41
1611856441000,58,51
1611856741000,57,51
1611857041000,58,44
1611857341000,58,42
1611857641000,57,51
1611857941000,58,39
1611858241000,59,40
1611858541000,60,40
1611858841000,0,0
1611859141000,60,57
1611859441000,60,56
1611859741000,64,51
1611860041000,65,56
1611860341000,70,55
1611860641000,70,29
1611860941000,62,47
1611861241000,65,34
1611861541000,63,39
1611861841000,58,47
1611862141000,57,55
1611862441000,56,54
1611862741000,57,69
1611863041000,57,65
1611863341000,58,55
1611863641000,58,48
1611863941000,59,42
1611864241000,58,44
1611864541000,59,43
1611864841000,58,44
1611865141000,59,56
1611865441000,62,47
1611923770000,0,0
1611924070000,68,29
1611924370000,66,22
1611924670000,65,22
1611924970000,65,21
1611925270000,65,22
1611925570000,65,39
1611925870000,64,27
1611926170000,65,27
1611926470000,65,27
1611926770000,65,24
1611927070000,65,27
1611927370000,74,34
1611927670000,74,37
1611927970000,76,25
1611928270000,72,27
1611928570000,74,24
1611928870000,67,36
1611929170000,65,29
1611929470000,63,22
1611929770000,63,23
1611930070000,64,26
1611930370000,63,27
1611930670000,63,23
1611930970000,63,24
1611931270000,63,25
1611931570000,62,27
1611931870000,62,26
1611932170000,62,25
1611932470000,62,27
1611932770000,63,29
1611933070000,62,47
1611933370000,67,49
1611933670000,70,40
1611933970000,73,27
1611934270000,68,43
1611934570000,62,37
1611934870000,62,31
1611935170000,61,34
1611935470000,62,29
1611935770000,60,43
1611936070000,60,33
1611936370000,60,34
1611936670000,62,37
1611936970000,60,38
1611937270000,60,31
1611937570000,61,33
1611937870000,59,57
1611938170000,58,46
1611938470000,60,49
1611938770000,65,53
1611939070000,67,44
1611939370000,71,29
1611939670000,64,47
1611939970000,63,30
1611940270000,62,41
1611940570000,62,40
1611940870000,62,30
1611941170000,61,36
1611941470000,60,30
1611941770000,61,29
1611942070000,61,33
1611942370000,61,34
1611942670000,60,48
1611942970000,60,44
1611943270000,61,47
1611943570000,64,50
1611943870000,69,47
1611944170000,65,46
1611944470000,71,33
1611944770000,67,44
1611945070000,62,45
1611945370000,63,42
1611945670000,65,48
1611945970000,60,35
1611946270000,0,0
1612006382000,74,25
1612006682000,71,23
1612006982000,70,17
1612007282000,70,37
1612007582000,69,24
1612007882000,70,35
1612008182000,69,31
1612008482000,70,29
1612008782000,71,35
1612009082000,70,17
1612009382000,70,30
1612009682000,69,37
1612009982000,69,47
1612010282000,70,47
1612010582000,78,32
1612010882000,80,24
1612011182000,73,42
1612011482000,70,39
1612011782000,67,31
1612012082000,66,18
1612012382000,66,24
1612012682000,66,21
1612012982000,66,26
1612013282000,66,27
1612013582000,66,31
1612013882000,66,33
1612014182000,65,31
1612014482000,65,26
1612014782000,65,29
1612015082000,67,37
1612015382000,70,28
1612015682000,75,22
1612015982000,73,23
1612016282000,71,42
1612016582000,73,33
1612016882000,65,44
1612017182000,65,37
1612017482000,63,27
1612017782000,62,30
1612018082000,62,29
1612018382000,62,27
1612018682000,62,29
1612018982000,62,30
1612019282000,62,32
1612019582000,62,32
1612019882000,62,31
1612020182000,64,45
1612020482000,62,49
1612020782000,67,54
1612021082000,67,48
1612021382000,71,28
1612021682000,71,28
1612021982000,69,32
1612022282000,65,36
1612022582000,63,47
1612022882000,64,48
1612023182000,63,54
1612023482000,0,0
1612023782000,64,32
1612024082000,63,28
1612024382000,63,28
1612024682000,63,29
1612024982000,64,37
1612025282000,64,30
1612025582000,66,45
1612025882000,66,39
1612026182000,63,32
1612026482000,65,36
1612026782000,62,44
1612027082000,60,40
1612027382000,63,50
1612027682000,67,38
1612027982000,67,35
1612028282000,66,49
1612028582000,68,41
1612028882000,65,50
1612029182000,74,34
1612029482000,65,34
1612029782000,64,35
1612030082000,66,38
