timestamp,hypnogram_level,hypnogram_class
1594882533000,4,awake
1594882833000,2,light
1594883133000,2,light
1594883433000,2,light
1594883733000,2,light
1594884033000,2,light
1594884333000,1,deep
1594884633000,2,light
1594884933000,2,light
1594885233000,2,light
1594885533000,2,light
1594885833000,2,light
1594886133000,2,light
1594886433000,2,light
1594886733000,3,REM
1594887033000,1,deep
1594887333000,2,light
1594887633000,2,light
1594887933000,2,light
1594888233000,1,deep
1594888533000,1,deep
1594888833000,1,deep
1594889133000,1,deep
1594889433000,1,deep
1594889733000,1,deep
1594890033000,1,deep
1594890333000,1,deep
1594890633000,1,deep
1594890933000,1,deep
1594891233000,1,deep
1594891533000,1,deep
1594891833000,3,REM
1594892133000,4,awake
1594892433000,2,light
1594892733000,2,light
1594893033000,2,light
1594893333000,3,REM
1594893633000,2,light
1594893933000,2,light
1594894233000,2,light
1594894533000,1,deep
1594894833000,1,deep
1594895133000,1,deep
1594895433000,1,deep
1594895733000,1,deep
1594896033000,2,light
1594896333000,2,light
1594896633000,3,REM
1594896933000,3,REM
1594897233000,1,deep
1594897533000,3,REM
1594897833000,2,light
1594898133000,2,light
1594898433000,2,light
1594898733000,2,light
1594899033000,1,deep
1594899333000,1,deep
1594899633000,1,deep
1594899933000,1,deep
1594900233000,1,deep
1594900533000,2,light
1594900833000,3,REM
1594901133000,2,light
1594901433000,2,light
1594901733000,2,light
1594902033000,2,light
1594902333000,3,REM
1594902633000,3,REM
1594902933000,3,REM
1594903233000,4,awake
1594903533000,4,awake
1594903833000,3,REM
1594904133000,4,awake
1594904433000,2,light
1594904733000,4,awake
1594905033000,4,awake
1594905333000,4,awake
1594972319000,4,awake
1594972619000,4,awake
1594972919000,2,light
1594973219000,1,deep
1594973519000,2,light
1594973819000,1,deep
1594974119000,1,deep
1594974419000,1,deep
1594974719000,1,deep
1594975019000,2,light
1594975319000,2,light
1594975619000,1,deep
1594975919000,4,awake
1594976219000,2,light
1594976519000,2,light
1594976819000,2,light
1594977119000,2,light
1594977419000,2,light
1594977719000,1,deep
1594978019000,1,deep
1594978319000,1,deep
1594978619000,2,light
1594978919000,2,light
1594979219000,1,deep
1594979519000,1,deep
1594979819000,1,deep
1594980119000,3,REM
1594980419000,1,deep
1594980719000,3,REM
1594981019000,2,light
1594981319000,2,light
1594981619000,2,light
1594981919000,2,light
1594982219000,2,light
1594982519000,2,light
1594982819000,2,light
1594983119000,1,deep
1594983419000,1,deep
1594983719000,1,deep
1594984019000,1,deep
1594984319000,1,deep
1594984619000,2,light
1594984919000,2,light
1594985219000,2,light
1594985519000,4,awake
1594985819000,2,light
1594986119000,2,light
1594986419000,2,light
1594986719000,3,REM
1594987019000,1,deep
1594987319000,3,REM
1594987619000,3,REM
1594987919000,3,REM
1594988219000,2,light
1594988519000,2,light
1594988819000,2,light
1594989119000,2,light
1594989419000,2,light
1594989719000,1,deep
1594990019000,1,deep
1594990319000,1,deep
1594990619000,1,deep
1594990919000,1,deep
1594991219000,2,light
1594991519000,2,light
1594991819000,2,light
1594992119000,2,light
1594992419000,2,light
1594992719000,2,light
1594993019000,3,REM
1594993319000,3,REM
1594993619000,3,REM
1594993919000,3,REM
1594994219000,3,REM
1594994519000,2,light
1594994819000,2,light
1594995119000,2,light
1594995419000,2,light
1594995719000,2,light
1594996019000,2,light
1594996319000,2,light
1594996619000,2,light
1594996919000,2,light
1594997219000,2,light
1594997519000,2,light
1594997819000,2,light
1594998119000,2,light
1594998419000,4,awake
1595054370000,4,awake
1595054670000,2,light
1595054970000,4,awake
1595055270000,4,awake
1595055570000,4,awake
1595055870000,4,awake
1595056170000,4,awake
1595056470000,4,awake
1595056770000,4,awake
1595057070000,4,awake
1595057370000,2,light
1595057670000,2,light
1595057970000,1,deep
1595058270000,4,awake
1595058570000,4,awake
1595058870000,4,awake
1595059170000,3,REM
1595059470000,2,light
1595059770000,2,light
1595060070000,3,REM
1595060370000,2,light
1595060670000,2,light
1595060970000,2,light
1595061270000,2,light
1595061570000,2,light
1595061870000,1,deep
1595062170000,1,deep
1595062470000,1,deep
1595062770000,1,deep
1595063070000,2,light
1595063370000,1,deep
1595063670000,1,deep
1595063970000,2,light
1595064270000,2,light
1595064570000,1,deep
1595064870000,2,light
1595065170000,1,deep
1595065470000,2,light
1595065770000,2,light
1595066070000,1,deep
1595066370000,1,deep
1595066670000,1,deep
1595066970000,3,REM
1595067270000,3,REM
1595067570000,3,REM
1595067870000,3,REM
1595068170000,4,awake
1595068470000,2,light
1595068770000,2,light
1595069070000,2,light
1595069370000,2,light
1595069670000,2,light
1595069970000,1,deep
1595070270000,1,deep
1595070570000,1,deep
1595070870000,3,REM
1595071170000,2,light
1595071470000,2,light
1595071770000,2,light
1595072070000,2,light
1595072370000,2,light
1595072670000,2,light
1595072970000,2,light
1595073270000,2,light
1595073570000,2,light
1595073870000,2,light
1595074170000,2,light
1595074470000,2,light
1595074770000,1,deep
1595075070000,1,deep
1595075370000,4,awake
1595075670000,4,awake
1595075970000,4,awake
1595143588000,4,awake
1595143888000,2,light
1595144188000,2,light
1595144488000,2,light
1595144788000,1,deep
1595145088000,2,light
1595145388000,2,light
1595145688000,1,deep
1595145988000,1,deep
1595146288000,1,deep
1595146588000,1,deep
1595146888000,1,deep
1595147188000,1,deep
1595147488000,4,awake
1595147788000,2,light
1595148088000,2,light
1595148388000,2,light
1595148688000,2,light
1595148988000,2,light
1595149288000,2,light
1595149588000,2,light
1595149888000,2,light
1595150188000,1,deep
1595150488000,1,deep
1595150788000,1,deep
1595151088000,1,deep
1595151388000,1,deep
1595151688000,1,deep
1595151988000,1,deep
1595152288000,1,deep
1595152588000,1,deep
1595152888000,1,deep
1595153188000,1,deep
1595153488000,1,deep
1595153788000,1,deep
1595154088000,1,deep
1595154388000,1,deep
1595154688000,3,REM
1595154988000,2,light
1595155288000,2,light
1595155588000,3,REM
1595155888000,3,REM
1595156188000,2,light
1595156488000,2,light
1595156788000,2,light
1595157088000,2,light
1595157388000,2,light
1595157688000,2,light
1595157988000,2,light
1595158288000,2,light
1595158588000,2,light
1595158888000,2,light
1595159188000,2,light
1595159488000,3,REM
1595159788000,3,REM
1595160088000,3,REM
1595160388000,2,light
1595160688000,2,light
1595160988000,3,REM
1595161288000,3,REM
1595161588000,3,REM
1595161888000,2,light
1595162188000,2,light
1595162488000,2,light
1595162788000,3,REM
1595163088000,3,REM
1595163388000,3,REM
1595163688000,2,light
1595163988000,2,light
1595164288000,2,light
1595164588000,1,deep
1595164888000,3,REM
1595165188000,3,REM
1595165488000,3,REM
1595165788000,2,light
1595166088000,2,light
1595166388000,2,light
1595166688000,2,light
1595166988000,2,light
1595167288000,3,REM
1595167588000,3,REM
1595167888000,2,light
1595168188000,2,light
1595168488000,2,light
1595168788000,2,light
1595169088000,2,light
1595169388000,1,deep
1595169688000,1,deep
1595169988000,1,deep
1595170288000,3,REM
1595170588000,3,REM
1595170888000,3,REM
1595171188000,3,REM
1595171488000,3,REM
1595171788000,3,REM
1595172088000,2,light
1595172388000,2,light
1595172688000,2,light
1595172988000,2,light
1595173288000,2,light
1595173588000,2,light
1595173888000,2,light
1595174188000,3,REM
1595174488000,3,REM
1595174788000,4,awake
1595175088000,4,awake
1595237608000,4,awake
1595237908000,4,awake
1595238208000,4,awake
1595238508000,2,light
1595238808000,2,light
1595239108000,2,light
1595239408000,1,deep
1595239708000,1,deep
1595240008000,1,deep
1595240308000,2,light
1595240608000,1,deep
1595240908000,1,deep
1595241208000,1,deep
1595241508000,1,deep
1595241808000,2,light
1595242108000,2,light
1595242408000,1,deep
1595242708000,1,deep
1595243008000,1,deep
1595243308000,1,deep
1595243608000,1,deep
1595243908000,1,deep
1595244208000,1,deep
1595244508000,1,deep
1595244808000,1,deep
1595245108000,2,light
1595245408000,2,light
1595245708000,3,REM
1595246008000,3,REM
1595246308000,3,REM
1595246608000,2,light
1595246908000,2,light
1595247208000,2,light
1595247508000,2,light
1595247808000,2,light
1595248108000,1,deep
1595248408000,1,deep
1595248708000,1,deep
1595249008000,1,deep
1595249308000,1,deep
1595249608000,1,deep
1595249908000,1,deep
1595250208000,1,deep
1595250508000,2,light
1595250808000,2,light
1595251108000,3,REM
1595251408000,2,light
1595251708000,2,light
1595252008000,2,light
1595252308000,2,light
1595252608000,2,light
1595252908000,2,light
1595253208000,2,light
1595253508000,2,light
1595253808000,2,light
1595254108000,2,light
1595254408000,2,light
1595254708000,2,light
1595255008000,1,deep
1595255308000,2,light
1595255608000,2,light
1595255908000,2,light
1595256208000,2,light
1595256508000,3,REM
1595256808000,3,REM
1595257108000,3,REM
1595257408000,2,light
1595257708000,2,light
1595258008000,2,light
1595258308000,2,light
1595258608000,2,light
1595258908000,2,light
1595259208000,2,light
1595259508000,2,light
1595259808000,1,deep
1595260108000,1,deep
1595260408000,1,deep
1595260708000,2,light
1595261008000,2,light
1595261308000,3,REM
1595261608000,2,light
1595261908000,2,light
1595262208000,2,light
1595262508000,2,light
1595262808000,3,REM
1595263108000,3,REM
1595263408000,3,REM
1595263708000,3,REM
1595264008000,3,REM
1595264308000,3,REM
1595264608000,4,awake
1595314832000,4,awake
1595315132000,2,light
1595315432000,2,light
1595315732000,1,deep
1595316032000,1,deep
1595316332000,1,deep
1595316632000,1,deep
1595316932000,1,deep
1595317232000,1,deep
1595317532000,1,deep
1595317832000,1,deep
1595318132000,1,deep
1595318432000,1,deep
1595318732000,1,deep
1595319032000,2,light
1595319332000,3,REM
1595319632000,3,REM
1595319932000,2,light
1595320232000,2,light
1595320532000,3,REM
1595320832000,3,REM
1595321132000,3,REM
1595321432000,3,REM
1595321732000,3,REM
1595322032000,3,REM
1595322332000,3,REM
1595322632000,1,deep
1595322932000,2,light
1595323232000,2,light
1595323532000,2,light
1595323832000,2,light
1595324132000,2,light
1595324432000,2,light
1595324732000,1,deep
1595325032000,3,REM
1595325332000,2,light
1595325632000,1,deep
1595325932000,1,deep
1595326232000,1,deep
1595326532000,2,light
1595326832000,2,light
1595327132000,2,light
1595327432000,2,light
1595327732000,2,light
1595328032000,2,light
1595328332000,1,deep
1595328632000,3,REM
1595328932000,3,REM
1595329232000,3,REM
1595329532000,3,REM
1595329832000,3,REM
1595330132000,2,light
1595330432000,2,light
1595330732000,3,REM
1595331032000,3,REM
1595331332000,2,light
1595331632000,2,light
1595331932000,2,light
1595332232000,3,REM
1595332532000,3,REM
1595332832000,4,awake
1595333132000,4,awake
1595333432000,4,awake
1595333732000,4,awake
1595396010000,4,awake
1595396310000,4,awake
1595396610000,2,light
1595396910000,2,light
1595397210000,1,deep
1595397510000,3,REM
1595397810000,3,REM
1595398110000,3,REM
1595398410000,1,deep
1595398710000,2,light
1595399010000,2,light
1595399310000,2,light
1595399610000,2,light
1595399910000,2,light
1595400210000,3,REM
1595400510000,1,deep
1595400810000,2,light
1595401110000,2,light
1595401410000,3,REM
1595401710000,2,light
1595402010000,2,light
1595402310000,2,light
1595402610000,2,light
1595402910000,2,light
1595403210000,2,light
1595403510000,2,light
1595403810000,1,deep
1595404110000,1,deep
1595404410000,1,deep
1595404710000,1,deep
1595405010000,1,deep
1595405310000,4,awake
1595405610000,1,deep
1595405910000,1,deep
1595406210000,1,deep
1595406510000,2,light
1595406810000,2,light
1595407110000,2,light
1595407410000,2,light
1595407710000,2,light
1595408010000,2,light
1595408310000,1,deep
1595408610000,2,light
1595408910000,1,deep
1595409210000,1,deep
1595409510000,3,REM
1595409810000,2,light
1595410110000,2,light
1595410410000,3,REM
1595410710000,2,light
1595411010000,2,light
1595411310000,2,light
1595411610000,2,light
1595411910000,2,light
1595412210000,2,light
1595412510000,3,REM
1595412810000,3,REM
1595413110000,3,REM
1595413410000,2,light
1595413710000,3,REM
1595414010000,2,light
1595414310000,2,light
1595414610000,3,REM
1595414910000,3,REM
1595415210000,3,REM
1595415510000,3,REM
1595415810000,3,REM
1595416110000,2,light
1595416410000,2,light
1595416710000,3,REM
1595417010000,3,REM
1595417310000,3,REM
1595417610000,3,REM
1595417910000,3,REM
1595418210000,3,REM
1595418510000,3,REM
1595418810000,2,light
1595419110000,2,light
1595419410000,4,awake
1595419710000,4,awake
1595420010000,2,light
1595420310000,2,light
1595420610000,2,light
1595420910000,2,light
1595421210000,2,light
1595421510000,2,light
1595421810000,2,light
1595422110000,2,light
1595422410000,3,REM
1595422710000,3,REM
1595423010000,3,REM
1595423310000,1,deep
1595423610000,2,light
1595423910000,2,light
1595424210000,2,light
1595424510000,2,light
1595424810000,2,light
1595425110000,2,light
1595425410000,2,light
1595425710000,2,light
1595426010000,3,REM
1595426310000,3,REM
1595426610000,2,light
1595426910000,2,light
1595427210000,2,light
1595427510000,2,light
1595427810000,3,REM
1595428110000,3,REM
1595428410000,3,REM
1595428710000,3,REM
1595429010000,2,light
1595429310000,2,light
1595429610000,2,light
1595429910000,3,REM
1595430210000,3,REM
1595430510000,2,light
1595430810000,2,light
1595431110000,2,light
1595431410000,2,light
1595431710000,3,REM
1595432010000,3,REM
1595432310000,2,light
1595432610000,2,light
1595432910000,3,REM
1595433210000,2,light
1595433510000,2,light
1595433810000,3,REM
1595434110000,3,REM
1595434410000,2,light
1595434710000,3,REM
1595435010000,3,REM
1595435310000,3,REM
1595435610000,4,awake
1595435910000,4,awake
1595483791000,4,awake
1595484091000,4,awake
1595484391000,4,awake
1595484691000,2,light
1595484991000,2,light
1595485291000,2,light
1595485591000,2,light
1595485891000,2,light
1595486191000,2,light
1595486491000,1,deep
1595486791000,1,deep
1595487091000,1,deep
1595487391000,1,deep
1595487691000,4,awake
1595487991000,2,light
1595488291000,1,deep
1595488591000,1,deep
1595488891000,1,deep
1595489191000,2,light
1595489491000,2,light
1595489791000,2,light
1595490091000,2,light
1595490391000,2,light
1595490691000,1,deep
1595490991000,1,deep
1595491291000,1,deep
1595491591000,1,deep
1595491891000,3,REM
1595492191000,3,REM
1595492491000,2,light
1595492791000,2,light
1595493091000,1,deep
1595493391000,1,deep
1595493691000,1,deep
1595493991000,1,deep
1595494291000,2,light
1595494591000,1,deep
1595494891000,1,deep
1595495191000,1,deep
1595495491000,2,light
1595495791000,2,light
1595496091000,2,light
1595496391000,2,light
1595496691000,2,light
1595496991000,2,light
1595497291000,1,deep
1595497591000,1,deep
1595497891000,1,deep
1595498191000,1,deep
1595498491000,1,deep
1595498791000,1,deep
1595499091000,3,REM
1595499391000,3,REM
1595499691000,2,light
1595499991000,2,light
1595500291000,2,light
1595500591000,2,light
1595500891000,2,light
1595501191000,2,light
1595501491000,1,deep
1595501791000,1,deep
1595502091000,1,deep
1595502391000,1,deep
1595502691000,2,light
1595502991000,2,light
1595503291000,1,deep
1595503591000,1,deep
1595503891000,1,deep
1595504191000,3,REM
1595504491000,3,REM
1595504791000,3,REM
1595505091000,3,REM
1595505391000,3,REM
1595505691000,2,light
1595505991000,2,light
1595506291000,2,light
1595506591000,2,light
1595506891000,2,light
1595507191000,2,light
1595507491000,2,light
1595507791000,2,light
1595508091000,2,light
1595508391000,2,light
1595508691000,2,light
1595508991000,2,light
1595509291000,2,light
1595509591000,2,light
1595509891000,2,light
1595510191000,2,light
1595510491000,2,light
1595510791000,4,awake
1595511091000,3,REM
1595511391000,3,REM
1595511691000,3,REM
1595511991000,3,REM
1595512291000,2,light
1595512591000,2,light
1595512891000,2,light
1595513191000,2,light
1595513491000,2,light
1595513791000,2,light
1595514091000,2,light
1595514391000,2,light
1595514691000,2,light
1595514991000,2,light
1595515291000,1,deep
1595515591000,1,deep
1595515891000,1,deep
1595516191000,1,deep
1595516491000,2,light
1595516791000,3,REM
1595517091000,3,REM
1595517391000,3,REM
1595517691000,3,REM
1595517991000,3,REM
1595518291000,3,REM
1595518591000,3,REM
1595518891000,2,light
1595519191000,2,light
1595519491000,2,light
1595519791000,2,light
1595520091000,2,light
1595520391000,4,awake
1595520691000,4,awake
1595520991000,4,awake
1595574459000,4,awake
1595574759000,4,awake
1595575059000,4,awake
1595575359000,2,light
1595575659000,2,light
1595575959000,2,light
1595576259000,1,deep
1595576559000,1,deep
1595576859000,1,deep
1595577159000,1,deep
1595577459000,1,deep
1595577759000,4,awake
1595578059000,2,light
1595578359000,2,light
1595578659000,3,REM
1595578959000,4,awake
1595579259000,2,light
1595579559000,1,deep
1595579859000,1,deep
1595580159000,1,deep
1595580459000,1,deep
1595580759000,1,deep
1595581059000,1,deep
1595581359000,1,deep
1595581659000,1,deep
1595581959000,1,deep
1595582259000,1,deep
1595582559000,4,awake
1595582859000,2,light
1595583159000,2,light
1595583459000,2,light
1595583759000,2,light
1595584059000,2,light
1595584359000,2,light
1595584659000,3,REM
1595584959000,2,light
1595585259000,2,light
1595585559000,2,light
1595585859000,2,light
1595586159000,2,light
1595586459000,2,light
1595586759000,2,light
1595587059000,2,light
1595587359000,1,deep
1595587659000,1,deep
1595587959000,1,deep
1595588259000,1,deep
1595588559000,2,light
1595588859000,2,light
1595589159000,2,light
1595589459000,2,light
1595589759000,1,deep
1595590059000,2,light
1595590359000,3,REM
1595590659000,3,REM
1595590959000,3,REM
1595591259000,3,REM
1595591559000,3,REM
1595591859000,2,light
1595592159000,2,light
1595592459000,2,light
1595592759000,2,light
1595593059000,2,light
1595593359000,2,light
1595593659000,2,light
1595593959000,2,light
1595594259000,2,light
1595594559000,2,light
1595594859000,2,light
1595595159000,1,deep
1595595459000,1,deep
1595595759000,1,deep
1595596059000,2,light
1595596359000,2,light
1595596659000,2,light
1595596959000,2,light
1595597259000,2,light
1595597559000,2,light
1595597859000,3,REM
1595598159000,4,awake
1595598459000,4,awake
1595656561000,4,awake
1595656861000,4,awake
1595657161000,4,awake
1595657461000,4,awake
1595657761000,1,deep
1595658061000,1,deep
1595658361000,1,deep
1595658661000,1,deep
1595658961000,1,deep
1595659261000,1,deep
1595659561000,1,deep
1595659861000,1,deep
1595660161000,2,light
1595660461000,2,light
1595660761000,2,light
1595661061000,2,light
1595661361000,2,light
1595661661000,4,awake
1595661961000,2,light
1595662261000,1,deep
1595662561000,1,deep
1595662861000,1,deep
1595663161000,2,light
1595663461000,1,deep
1595663761000,1,deep
1595664061000,1,deep
1595664361000,1,deep
1595664661000,1,deep
1595664961000,1,deep
1595665261000,1,deep
1595665561000,2,light
1595665861000,3,REM
1595666161000,3,REM
1595666461000,2,light
1595666761000,2,light
1595667061000,2,light
1595667361000,2,light
1595667661000,2,light
1595667961000,2,light
1595668261000,2,light
1595668561000,1,deep
1595668861000,1,deep
1595669161000,1,deep
1595669461000,4,awake
1595669761000,4,awake
1595670061000,2,light
1595670361000,2,light
1595670661000,2,light
1595670961000,2,light
1595671261000,2,light
1595671561000,2,light
1595671861000,2,light
1595672161000,2,light
1595672461000,2,light
1595672761000,3,REM
1595673061000,3,REM
1595673361000,3,REM
1595673661000,2,light
1595673961000,2,light
1595674261000,2,light
1595674561000,2,light
1595674861000,2,light
1595675161000,2,light
1595675461000,1,deep
1595675761000,1,deep
1595676061000,2,light
1595676361000,2,light
1595676661000,2,light
1595676961000,2,light
1595677261000,2,light
1595677561000,3,REM
1595677861000,3,REM
1595678161000,3,REM
1595678461000,3,REM
1595678761000,2,light
1595679061000,2,light
1595679361000,2,light
1595679661000,2,light
1595679961000,2,light
1595680261000,2,light
1595680561000,2,light
1595680861000,2,light
1595681161000,2,light
1595681461000,2,light
1595681761000,3,REM
1595682061000,3,REM
1595682361000,3,REM
1595682661000,3,REM
1595682961000,2,light
1595683261000,2,light
1595683561000,2,light
1595683861000,3,REM
1595684161000,3,REM
1595684461000,2,light
1595684761000,2,light
1595685061000,2,light
1595685361000,2,light
1595685661000,2,light
1595685961000,2,light
1595686261000,3,REM
1595686561000,2,light
1595686861000,2,light
1595687161000,2,light
1595687461000,2,light
1595687761000,2,light
1595688061000,3,REM
1595688361000,3,REM
1595688661000,3,REM
1595688961000,3,REM
1595689261000,2,light
1595689561000,2,light
1595689861000,2,light
1595690161000,2,light
1595690461000,2,light
1595690761000,1,deep
1595691061000,1,deep
1595691361000,2,light
1595691661000,3,REM
1595691961000,3,REM
1595692261000,3,REM
1595692561000,2,light
1595692861000,2,light
1595693161000,2,light
1595693461000,3,REM
1595693761000,3,REM
1595694061000,3,REM
1595694361000,3,REM
1595694661000,3,REM
1595694961000,3,REM
1595695261000,4,awake
1595695561000,4,awake
1595695861000,4,awake
1595696161000,4,awake
1595696461000,4,awake
1595696761000,4,awake
1595747099000,4,awake
1595747399000,4,awake
1595747699000,4,awake
1595747999000,4,awake
1595748299000,4,awake
1595748599000,2,light
1595748899000,2,light
1595749199000,2,light
1595749499000,2,light
1595749799000,1,deep
1595750099000,1,deep
1595750399000,1,deep
1595750699000,2,light
1595750999000,2,light
1595751299000,2,light
1595751599000,4,awake
1595751899000,3,REM
1595752199000,3,REM
1595752499000,2,light
1595752799000,2,light
1595753099000,2,light
1595753399000,1,deep
1595753699000,1,deep
1595753999000,1,deep
1595754299000,1,deep
1595754599000,1,deep
1595754899000,1,deep
1595755199000,1,deep
1595755499000,1,deep
1595755799000,2,light
1595756099000,2,light
1595756399000,1,deep
1595756699000,1,deep
1595756999000,2,light
1595757299000,2,light
1595757599000,2,light
1595757899000,1,deep
1595758199000,1,deep
1595758499000,1,deep
1595758799000,1,deep
1595759099000,1,deep
1595759399000,1,deep
1595759699000,2,light
1595759999000,2,light
1595760299000,2,light
1595760599000,2,light
1595760899000,2,light
1595761199000,2,light
1595761499000,2,light
1595761799000,2,light
1595762099000,2,light
1595762399000,2,light
1595762699000,2,light
1595762999000,2,light
1595763299000,2,light
1595763599000,2,light
1595763899000,1,deep
1595764199000,3,REM
1595764499000,3,REM
1595764799000,3,REM
1595765099000,2,light
1595765399000,2,light
1595765699000,2,light
1595765999000,2,light
1595766299000,2,light
1595766599000,2,light
1595766899000,2,light
1595767199000,2,light
1595767499000,1,deep
1595767799000,1,deep
1595768099000,2,light
1595768399000,2,light
1595768699000,2,light
1595768999000,2,light
1595769299000,2,light
1595769599000,4,awake
1595769899000,4,awake
1595854023000,4,awake
1595854323000,4,awake
1595854623000,4,awake
1595854923000,4,awake
1595855223000,4,awake
1595855523000,4,awake
1595855823000,2,light
1595856123000,2,light
1595856423000,2,light
1595856723000,1,deep
1595857023000,2,light
1595857323000,2,light
1595857623000,2,light
1595857923000,3,REM
1595858223000,3,REM
1595858523000,3,REM
1595858823000,3,REM
1595859123000,1,deep
1595859423000,2,light
1595859723000,2,light
1595860023000,2,light
1595860323000,2,light
1595860623000,1,deep
1595860923000,1,deep
1595861223000,1,deep
1595861523000,1,deep
1595861823000,1,deep
1595862123000,1,deep
1595862423000,1,deep
1595862723000,2,light
1595863023000,2,light
1595863323000,2,light
1595863623000,2,light
1595863923000,2,light
1595864223000,2,light
1595864523000,2,light
1595864823000,2,light
1595865123000,2,light
1595865423000,2,light
1595865723000,1,deep
1595866023000,1,deep
1595866323000,2,light
1595866623000,2,light
1595866923000,1,deep
1595867223000,1,deep
1595867523000,1,deep
1595867823000,1,deep
1595868123000,2,light
1595868423000,2,light
1595868723000,2,light
1595869023000,2,light
1595869323000,2,light
1595869623000,2,light
1595869923000,2,light
1595870223000,2,light
1595870523000,4,awake
1595870823000,4,awake
1595871123000,4,awake
1595930967000,4,awake
1595931267000,2,light
1595931567000,1,deep
1595931867000,1,deep
1595932167000,1,deep
1595932467000,1,deep
1595932767000,1,deep
1595933067000,1,deep
1595933367000,2,light
1595933667000,2,light
1595933967000,1,deep
1595934267000,1,deep
1595934567000,1,deep
1595934867000,1,deep
1595935167000,2,light
1595935467000,2,light
1595935767000,2,light
1595936067000,1,deep
1595936367000,1,deep
1595936667000,3,REM
1595936967000,3,REM
1595937267000,3,REM
1595937567000,3,REM
1595937867000,3,REM
1595938167000,3,REM
1595938467000,3,REM
1595938767000,3,REM
1595939067000,3,REM
1595939367000,3,REM
1595939667000,3,REM
1595939967000,3,REM
1595940267000,2,light
1595940567000,2,light
1595940867000,3,REM
1595941167000,2,light
1595941467000,2,light
1595941767000,2,light
1595942067000,1,deep
1595942367000,2,light
1595942667000,2,light
1595942967000,3,REM
1595943267000,2,light
1595943567000,2,light
1595943867000,2,light
1595944167000,2,light
1595944467000,2,light
1595944767000,2,light
1595945067000,2,light
1595945367000,2,light
1595945667000,2,light
1595945967000,2,light
1595946267000,2,light
1595946567000,2,light
1595946867000,1,deep
1595947167000,1,deep
1595947467000,1,deep
1595947767000,1,deep
1595948067000,2,light
1595948367000,2,light
1595948667000,1,deep
1595948967000,2,light
1595949267000,2,light
1595949567000,2,light
1595949867000,3,REM
1595950167000,2,light
1595950467000,2,light
1595950767000,2,light
1595951067000,2,light
1595951367000,2,light
1595951667000,2,light
1595951967000,2,light
1595952267000,2,light
1595952567000,2,light
1595952867000,1,deep
1595953167000,1,deep
1595953467000,1,deep
1595953767000,2,light
1595954067000,2,light
1595954367000,4,awake
1595954667000,4,awake
1596005369000,4,awake
1596005669000,4,awake
1596005969000,4,awake
1596006269000,4,awake
1596006569000,4,awake
1596006869000,2,light
1596007169000,2,light
1596007469000,2,light
1596007769000,2,light
1596008069000,1,deep
1596008369000,1,deep
1596008669000,1,deep
1596008969000,1,deep
1596009269000,1,deep
1596009569000,1,deep
1596009869000,3,REM
1596010169000,3,REM
1596010469000,3,REM
1596010769000,2,light
1596011069000,2,light
1596011369000,2,light
1596011669000,2,light
1596011969000,1,deep
1596012269000,1,deep
1596012569000,1,deep
1596012869000,2,light
1596013169000,2,light
1596013469000,2,light
1596013769000,2,light
1596014069000,2,light
1596014369000,2,light
1596014669000,1,deep
1596014969000,1,deep
1596015269000,1,deep
1596015569000,1,deep
1596015869000,2,light
1596016169000,3,REM
1596016469000,3,REM
1596016769000,2,light
1596017069000,2,light
1596017369000,2,light
1596017669000,2,light
1596017969000,1,deep
1596018269000,1,deep
1596018569000,1,deep
1596018869000,1,deep
1596019169000,1,deep
1596019469000,1,deep
1596019769000,1,deep
1596020069000,1,deep
1596020369000,2,light
1596020669000,2,light
1596020969000,2,light
1596021269000,2,light
1596021569000,2,light
1596021869000,2,light
1596022169000,2,light
1596022469000,2,light
1596022769000,2,light
1596023069000,2,light
1596023369000,2,light
1596023669000,1,deep
1596023969000,2,light
1596024269000,2,light
1596024569000,2,light
1596024869000,2,light
1596025169000,4,awake
1596086250000,4,awake
1596086550000,3,REM
1596086850000,3,REM
1596087150000,1,deep
1596087450000,1,deep
1596087750000,1,deep
1596088050000,2,light
1596088350000,2,light
1596088650000,2,light
1596088950000,1,deep
1596089250000,1,deep
1596089550000,1,deep
1596089850000,1,deep
1596090150000,1,deep
1596090450000,1,deep
1596090750000,1,deep
1596091050000,2,light
1596091350000,1,deep
1596091650000,1,deep
1596091950000,1,deep
1596092250000,1,deep
1596092550000,1,deep
1596092850000,1,deep
1596093150000,1,deep
1596093450000,2,light
1596093750000,2,light
1596094050000,2,light
1596094350000,2,light
1596094650000,2,light
1596094950000,2,light
1596095250000,1,deep
1596095550000,1,deep
1596095850000,1,deep
1596096150000,1,deep
1596096450000,1,deep
1596096750000,2,light
1596097050000,2,light
1596097350000,2,light
1596097650000,3,REM
1596097950000,4,awake
1596098250000,4,awake
1596171628000,4,awake
1596171928000,4,awake
1596172228000,4,awake
1596172528000,4,awake
1596172828000,2,light
1596173128000,2,light
1596173428000,4,awake
1596173728000,4,awake
1596174028000,4,awake
1596174328000,2,light
1596174628000,2,light
1596174928000,4,awake
1596175228000,4,awake
1596175528000,4,awake
1596175828000,4,awake
1596176128000,2,light
1596176428000,1,deep
1596176728000,1,deep
1596177028000,1,deep
1596177328000,1,deep
1596177628000,1,deep
1596177928000,1,deep
1596178228000,1,deep
1596178528000,1,deep
1596178828000,2,light
1596179128000,2,light
1596179428000,2,light
1596179728000,2,light
1596180028000,1,deep
1596180328000,1,deep
1596180628000,1,deep
1596180928000,2,light
1596181228000,1,deep
1596181528000,1,deep
1596181828000,1,deep
1596182128000,1,deep
1596182428000,1,deep
1596182728000,1,deep
1596183028000,1,deep
1596183328000,2,light
1596183628000,2,light
1596183928000,3,REM
1596184228000,2,light
1596184528000,2,light
1596184828000,2,light
1596185128000,2,light
1596185428000,2,light
1596185728000,2,light
1596186028000,4,awake
1596186328000,2,light
1596186628000,1,deep
1596186928000,1,deep
1596187228000,1,deep
1596187528000,1,deep
1596187828000,2,light
1596188128000,2,light
1596188428000,2,light
1596188728000,3,REM
1596189028000,3,REM
1596189328000,3,REM
1596189628000,2,light
1596189928000,2,light
1596190228000,2,light
1596190528000,2,light
1596190828000,2,light
1596191128000,2,light
1596191428000,2,light
1596191728000,2,light
1596192028000,2,light
1596192328000,2,light
1596192628000,2,light
1596192928000,1,deep
1596193228000,1,deep
1596193528000,3,REM
1596193828000,3,REM
1596194128000,3,REM
1596194428000,3,REM
1596194728000,4,awake
1596195028000,3,REM
1596195328000,3,REM
1596195628000,2,light
1596195928000,2,light
1596196228000,2,light
1596196528000,2,light
1596196828000,2,light
1596197128000,2,light
1596197428000,1,deep
1596197728000,1,deep
1596198028000,1,deep
1596198328000,1,deep
1596198628000,1,deep
1596198928000,1,deep
1596199228000,1,deep
1596199528000,2,light
1596199828000,2,light
1596200128000,2,light
1596200428000,2,light
1596200728000,3,REM
1596201028000,3,REM
1596201328000,2,light
1596201628000,2,light
1596201928000,2,light
1596202228000,2,light
1596202528000,2,light
1596202828000,2,light
1596203128000,2,light
1596203428000,2,light
1596203728000,4,awake
1596276511000,4,awake
1596276811000,4,awake
1596277111000,2,light
1596277411000,1,deep
1596277711000,1,deep
1596278011000,1,deep
1596278311000,1,deep
1596278611000,1,deep
1596278911000,1,deep
1596279211000,2,light
1596279511000,2,light
1596279811000,2,light
1596280111000,2,light
1596280411000,1,deep
1596280711000,1,deep
1596281011000,1,deep
1596281311000,1,deep
1596281611000,1,deep
1596281911000,1,deep
1596282211000,1,deep
1596282511000,1,deep
1596282811000,2,light
1596283111000,3,REM
1596283411000,3,REM
1596283711000,2,light
1596284011000,2,light
1596284311000,1,deep
1596284611000,3,REM
1596284911000,1,deep
1596285211000,1,deep
1596285511000,1,deep
1596285811000,3,REM
1596286111000,2,light
1596286411000,2,light
1596286711000,2,light
1596287011000,2,light
1596287311000,2,light
1596287611000,2,light
1596287911000,2,light
1596288211000,2,light
1596288511000,3,REM
1596288811000,2,light
1596289111000,2,light
1596289411000,2,light
1596289711000,1,deep
1596290011000,1,deep
1596290311000,2,light
1596290611000,2,light
1596290911000,2,light
1596291211000,1,deep
1596291511000,2,light
1596291811000,2,light
1596292111000,2,light
1596292411000,2,light
1596292711000,2,light
1596293011000,3,REM
1596293311000,3,REM
1596293611000,2,light
1596293911000,2,light
1596294211000,2,light
1596294511000,1,deep
1596294811000,1,deep
1596295111000,2,light
1596295411000,2,light
1596295711000,2,light
1596296011000,2,light
1596296311000,2,light
1596296611000,2,light
1596296911000,4,awake
1596297211000,4,awake
1596347013000,4,awake
1596347313000,2,light
1596347613000,1,deep
1596347913000,2,light
1596348213000,2,light
1596348513000,1,deep
1596348813000,1,deep
1596349113000,1,deep
1596349413000,1,deep
1596349713000,1,deep
1596350013000,2,light
1596350313000,2,light
1596350613000,2,light
1596350913000,1,deep
1596351213000,2,light
1596351513000,2,light
1596351813000,1,deep
1596352113000,1,deep
1596352413000,1,deep
1596352713000,1,deep
1596353013000,1,deep
1596353313000,1,deep
1596353613000,2,light
1596353913000,2,light
1596354213000,1,deep
1596354513000,1,deep
1596354813000,1,deep
1596355113000,1,deep
1596355413000,2,light
1596355713000,2,light
1596356013000,2,light
1596356313000,1,deep
1596356613000,1,deep
1596356913000,2,light
1596357213000,2,light
1596357513000,3,REM
1596357813000,3,REM
1596358113000,2,light
1596358413000,2,light
1596358713000,2,light
1596359013000,3,REM
1596359313000,2,light
1596359613000,2,light
1596359913000,2,light
1596360213000,2,light
1596360513000,1,deep
1596360813000,1,deep
1596361113000,1,deep
1596361413000,2,light
1596361713000,3,REM
1596362013000,3,REM
1596362313000,3,REM
1596362613000,2,light
1596362913000,2,light
1596363213000,2,light
1596363513000,3,REM
1596363813000,3,REM
1596364113000,3,REM
1596364413000,4,awake
1596364713000,3,REM
1596365013000,3,REM
1596365313000,3,REM
1596365613000,3,REM
1596365913000,3,REM
1596366213000,3,REM
1596366513000,3,REM
1596366813000,3,REM
1596367113000,3,REM
1596367413000,4,awake
1596367713000,4,awake
1596368013000,2,light
1596368313000,2,light
1596368613000,3,REM
1596368913000,3,REM
1596369213000,2,light
1596369513000,2,light
1596369813000,3,REM
1596370113000,2,light
1596370413000,2,light
1596370713000,2,light
1596371013000,2,light
1596371313000,1,deep
1596371613000,1,deep
1596371913000,2,light
1596372213000,2,light
1596372513000,2,light
1596372813000,2,light
1596373113000,1,deep
1596373413000,3,REM
1596373713000,3,REM
1596374013000,3,REM
1596374313000,2,light
1596374613000,2,light
1596374913000,2,light
1596375213000,2,light
1596375513000,2,light
1596375813000,2,light
1596376113000,2,light
1596376413000,2,light
1596376713000,2,light
1596377013000,2,light
1596377313000,1,deep
1596377613000,2,light
1596377913000,2,light
1596378213000,2,light
1596378513000,2,light
1596378813000,2,light
1596379113000,2,light
1596379413000,2,light
1596379713000,3,REM
1596380013000,2,light
1596380313000,3,REM
1596380613000,3,REM
1596380913000,3,REM
1596381213000,3,REM
1596381513000,3,REM
1596381813000,2,light
1596382113000,2,light
1596382413000,2,light
1596382713000,2,light
1596383013000,4,awake
1596434760000,4,awake
1596435060000,2,light
1596435360000,2,light
1596435660000,2,light
1596435960000,3,REM
1596436260000,4,awake
1596436560000,4,awake
1596436860000,2,light
1596437160000,2,light
1596437460000,1,deep
1596437760000,1,deep
1596438060000,1,deep
1596438360000,1,deep
1596438660000,1,deep
1596438960000,1,deep
1596439260000,1,deep
1596439560000,1,deep
1596439860000,2,light
1596440160000,2,light
1596440460000,2,light
1596440760000,3,REM
1596441060000,1,deep
1596441360000,2,light
1596441660000,2,light
1596441960000,2,light
1596442260000,1,deep
1596442560000,1,deep
1596442860000,1,deep
1596443160000,1,deep
1596443460000,1,deep
1596443760000,1,deep
1596444060000,3,REM
1596444360000,3,REM
1596444660000,3,REM
1596444960000,2,light
1596445260000,2,light
1596445560000,1,deep
1596445860000,3,REM
1596446160000,3,REM
1596446460000,3,REM
1596446760000,2,light
1596447060000,2,light
1596447360000,2,light
1596447660000,2,light
1596447960000,1,deep
1596448260000,2,light
1596448560000,2,light
1596448860000,1,deep
1596449160000,1,deep
1596449460000,1,deep
1596449760000,1,deep
1596450060000,1,deep
1596450360000,2,light
1596450660000,2,light
1596450960000,3,REM
1596451260000,3,REM
1596451560000,4,awake
1596451860000,4,awake
1596452160000,4,awake
1596452460000,4,awake
1596452760000,4,awake
1596453060000,4,awake
1596453360000,4,awake
1596453660000,4,awake
1596453960000,4,awake
1596454260000,4,awake
1596454560000,4,awake
1596454860000,4,awake
1596455160000,4,awake
1596455460000,4,awake
1596455760000,2,light
1596456060000,2,light
1596456360000,3,REM
1596456660000,3,REM
1596456960000,3,REM
1596457260000,4,awake
1596457560000,4,awake
1596457860000,2,light
1596458160000,4,awake
1596458460000,2,light
1596458760000,2,light
1596459060000,4,awake
1596459360000,4,awake
1596459660000,4,awake
1596459960000,4,awake
1596460260000,4,awake
1596460560000,4,awake
1596460860000,4,awake
1596461160000,4,awake
1596461460000,4,awake
1596461760000,4,awake
1596462060000,4,awake
1596462360000,4,awake
1596462660000,4,awake
1596462960000,4,awake
1596463260000,2,light
1596463560000,3,REM
1596463860000,3,REM
1596464160000,3,REM
1596464460000,3,REM
1596464760000,3,REM
1596465060000,3,REM
1596465360000,3,REM
1596465660000,2,light
1596465960000,2,light
1596466260000,3,REM
1596466560000,3,REM
1596466860000,3,REM
1596467160000,3,REM
1596467460000,2,light
1596467760000,2,light
1596468060000,2,light
1596468360000,2,light
1596468660000,2,light
1596468960000,2,light
1596469260000,2,light
1596469560000,1,deep
1596469860000,1,deep
1596470160000,1,deep
1596470460000,1,deep
1596470760000,1,deep
1596471060000,1,deep
1596471360000,1,deep
1596471660000,2,light
1596471960000,2,light
1596472260000,2,light
1596472560000,2,light
1596472860000,3,REM
1596473160000,3,REM
1596473460000,3,REM
1596473760000,3,REM
1596474060000,3,REM
1596474360000,2,light
1596474660000,2,light
1596474960000,4,awake
1596475260000,4,awake
1596521221000,4,awake
1596521521000,4,awake
1596521821000,4,awake
1596522121000,4,awake
1596522421000,2,light
1596522721000,1,deep
1596523021000,1,deep
1596523321000,1,deep
1596523621000,1,deep
1596523921000,2,light
1596524221000,2,light
1596524521000,1,deep
1596524821000,1,deep
1596525121000,1,deep
1596525421000,1,deep
1596525721000,1,deep
1596526021000,2,light
1596526321000,3,REM
1596526621000,2,light
1596526921000,2,light
1596527221000,2,light
1596527521000,2,light
1596527821000,1,deep
1596528121000,1,deep
1596528421000,1,deep
1596528721000,1,deep
1596529021000,1,deep
1596529321000,2,light
1596529621000,1,deep
1596529921000,1,deep
1596530221000,1,deep
1596530521000,1,deep
1596530821000,2,light
1596531121000,2,light
1596531421000,1,deep
1596531721000,3,REM
1596532021000,3,REM
1596532321000,2,light
1596532621000,2,light
1596532921000,2,light
1596533221000,2,light
1596533521000,2,light
1596533821000,1,deep
1596534121000,1,deep
1596534421000,1,deep
1596534721000,1,deep
1596535021000,1,deep
1596535321000,2,light
1596535621000,1,deep
1596535921000,2,light
1596536221000,2,light
1596536521000,2,light
1596536821000,2,light
1596537121000,2,light
1596537421000,2,light
1596537721000,2,light
1596538021000,2,light
1596538321000,3,REM
1596538621000,3,REM
1596538921000,3,REM
1596539221000,3,REM
1596539521000,2,light
1596539821000,2,light
1596540121000,2,light
1596540421000,2,light
1596540721000,2,light
1596541021000,1,deep
1596541321000,1,deep
1596541621000,1,deep
1596541921000,1,deep
1596542221000,1,deep
1596542521000,2,light
1596542821000,2,light
1596543121000,2,light
1596543421000,2,light
1596543721000,2,light
1596544021000,2,light
1596544321000,2,light
1596544621000,2,light
1596544921000,3,REM
1596545221000,3,REM
1596545521000,3,REM
1596545821000,2,light
1596546121000,2,light
1596546421000,2,light
1596546721000,2,light
1596547021000,2,light
1596547321000,2,light
1596547621000,2,light
1596547921000,2,light
1596548221000,2,light
1596548521000,2,light
1596548821000,2,light
1596549121000,2,light
1596549421000,2,light
1596549721000,2,light
1596550021000,2,light
1596550321000,2,light
1596550621000,3,REM
1596550921000,3,REM
1596551221000,3,REM
1596551521000,3,REM
1596551821000,3,REM
1596552121000,2,light
1596552421000,2,light
1596552721000,2,light
1596553021000,2,light
1596553321000,2,light
1596553621000,2,light
1596553921000,1,deep
1596554221000,1,deep
1596554521000,1,deep
1596554821000,4,awake
1596555121000,2,light
1596555421000,2,light
1596555721000,2,light
1596556021000,4,awake
1596602998000,4,awake
1596603298000,4,awake
1596603598000,4,awake
1596603898000,4,awake
1596604198000,4,awake
1596604498000,4,awake
1596604798000,4,awake
1596605098000,4,awake
1596605398000,2,light
1596605698000,1,deep
1596605998000,2,light
1596606298000,2,light
1596606598000,1,deep
1596606898000,1,deep
1596607198000,1,deep
1596607498000,2,light
1596607798000,1,deep
1596608098000,1,deep
1596608398000,1,deep
1596608698000,1,deep
1596608998000,1,deep
1596609298000,2,light
1596609598000,4,awake
1596609898000,4,awake
1596610198000,2,light
1596610498000,2,light
1596610798000,2,light
1596611098000,1,deep
1596611398000,1,deep
1596611698000,1,deep
1596611998000,1,deep
1596612298000,2,light
1596612598000,2,light
1596612898000,2,light
1596613198000,2,light
1596613498000,1,deep
1596613798000,2,light
1596614098000,2,light
1596614398000,2,light
1596614698000,3,REM
1596614998000,3,REM
1596615298000,3,REM
1596615598000,2,light
1596615898000,2,light
1596616198000,2,light
1596616498000,2,light
1596616798000,2,light
1596617098000,2,light
1596617398000,2,light
1596617698000,2,light
1596617998000,2,light
1596618298000,2,light
1596618598000,2,light
1596618898000,2,light
1596619198000,2,light
1596619498000,2,light
1596619798000,2,light
1596620098000,2,light
1596620398000,2,light
1596620698000,2,light
1596620998000,2,light
1596621298000,2,light
1596621598000,2,light
1596621898000,1,deep
1596622198000,1,deep
1596622498000,2,light
1596622798000,1,deep
1596623098000,3,REM
1596623398000,3,REM
1596623698000,3,REM
1596623998000,3,REM
1596624298000,2,light
1596624598000,2,light
1596624898000,2,light
1596625198000,2,light
1596625498000,2,light
1596625798000,2,light
1596626098000,2,light
1596626398000,2,light
1596626698000,2,light
1596626998000,1,deep
1596627298000,2,light
1596627598000,2,light
1596627898000,4,awake
1596628198000,2,light
1596628498000,2,light
1596628798000,2,light
1596629098000,2,light
1596629398000,1,deep
1596629698000,2,light
1596629998000,2,light
1596630298000,3,REM
1596630598000,3,REM
1596630898000,3,REM
1596631198000,2,light
1596631498000,3,REM
1596631798000,2,light
1596632098000,2,light
1596632398000,2,light
1596632698000,2,light
1596632998000,2,light
1596633298000,2,light
1596633598000,1,deep
1596633898000,1,deep
1596634198000,1,deep
1596634498000,1,deep
1596634798000,1,deep
1596635098000,4,awake
1596635398000,2,light
1596635698000,3,REM
1596635998000,2,light
1596636298000,2,light
1596636598000,2,light
1596636898000,2,light
1596637198000,2,light
1596637498000,2,light
1596637798000,2,light
1596638098000,2,light
1596638398000,2,light
1596638698000,2,light
1596638998000,3,REM
1596639298000,2,light
1596639598000,2,light
1596639898000,2,light
1596640198000,3,REM
1596640498000,4,awake
1596640798000,4,awake
1596641098000,4,awake
1596641398000,4,awake
1596717059000,4,awake
1596717359000,4,awake
1596717659000,4,awake
1596717959000,2,light
1596718259000,1,deep
1596718559000,1,deep
1596718859000,2,light
1596719159000,2,light
1596719459000,1,deep
1596719759000,1,deep
1596720059000,2,light
1596720359000,2,light
1596720659000,3,REM
1596720959000,3,REM
1596721259000,3,REM
1596721559000,3,REM
1596721859000,2,light
1596722159000,2,light
1596722459000,2,light
1596722759000,2,light
1596723059000,2,light
1596723359000,2,light
1596723659000,2,light
1596723959000,1,deep
1596724259000,1,deep
1596724559000,1,deep
1596724859000,1,deep
1596725159000,2,light
1596725459000,2,light
1596725759000,2,light
1596726059000,1,deep
1596726359000,2,light
1596726659000,2,light
1596726959000,2,light
1596727259000,3,REM
1596727559000,3,REM
1596727859000,2,light
1596728159000,2,light
1596728459000,2,light
1596728759000,2,light
1596729059000,2,light
1596729359000,1,deep
1596729659000,1,deep
1596729959000,1,deep
1596730259000,1,deep
1596730559000,1,deep
1596730859000,1,deep
1596731159000,2,light
1596731459000,2,light
1596731759000,2,light
1596732059000,2,light
1596732359000,2,light
1596732659000,2,light
1596732959000,2,light
1596733259000,3,REM
1596733559000,2,light
1596733859000,2,light
1596734159000,2,light
1596734459000,4,awake
1596734759000,4,awake
1596735059000,4,awake
1596735359000,4,awake
1596783659000,4,awake
1596783959000,4,awake
1596784259000,4,awake
1596784559000,4,awake
1596784859000,2,light
1596785159000,2,light
1596785459000,1,deep
1596785759000,1,deep
1596786059000,1,deep
1596786359000,2,light
1596786659000,1,deep
1596786959000,1,deep
1596787259000,1,deep
1596787559000,1,deep
1596787859000,2,light
1596788159000,2,light
1596788459000,2,light
1596788759000,2,light
1596789059000,2,light
1596789359000,1,deep
1596789659000,1,deep
1596789959000,1,deep
1596790259000,1,deep
1596790559000,1,deep
1596790859000,1,deep
1596791159000,1,deep
1596791459000,1,deep
1596791759000,1,deep
1596792059000,1,deep
1596792359000,1,deep
1596792659000,2,light
1596792959000,2,light
1596793259000,2,light
1596793559000,3,REM
1596793859000,3,REM
1596794159000,3,REM
1596794459000,2,light
1596794759000,2,light
1596795059000,2,light
1596795359000,2,light
1596795659000,2,light
1596795959000,2,light
1596796259000,1,deep
1596796559000,1,deep
1596796859000,1,deep
1596797159000,1,deep
1596797459000,1,deep
1596797759000,1,deep
1596798059000,1,deep
1596798359000,2,light
1596798659000,1,deep
1596798959000,2,light
1596799259000,2,light
1596799559000,2,light
1596799859000,2,light
1596800159000,3,REM
1596800459000,3,REM
1596800759000,3,REM
1596801059000,3,REM
1596801359000,2,light
1596801659000,2,light
1596801959000,2,light
1596802259000,2,light
1596802559000,2,light
1596802859000,2,light
1596803159000,2,light
1596803459000,1,deep
1596803759000,1,deep
1596804059000,1,deep
1596804359000,2,light
1596804659000,2,light
1596804959000,2,light
1596805259000,2,light
1596805559000,2,light
1596805859000,2,light
1596806159000,2,light
1596806459000,2,light
1596806759000,3,REM
1596807059000,3,REM
1596807359000,2,light
1596807659000,2,light
1596807959000,2,light
1596808259000,2,light
1596808559000,2,light
1596808859000,2,light
1596809159000,4,awake
1596809459000,4,awake
1596809759000,2,light
1596810059000,4,awake
1596863219000,4,awake
1596863519000,4,awake
1596863819000,4,awake
1596864119000,4,awake
1596864419000,2,light
1596864719000,2,light
1596865019000,2,light
1596865319000,1,deep
1596865619000,1,deep
1596865919000,1,deep
1596866219000,1,deep
1596866519000,1,deep
1596866819000,1,deep
1596867119000,2,light
1596867419000,2,light
1596867719000,2,light
1596868019000,3,REM
1596868319000,2,light
1596868619000,2,light
1596868919000,2,light
1596869219000,1,deep
1596869519000,1,deep
1596869819000,1,deep
1596870119000,1,deep
1596870419000,1,deep
1596870719000,1,deep
1596871019000,3,REM
1596871319000,3,REM
1596871619000,3,REM
1596871919000,2,light
1596872219000,1,deep
1596872519000,1,deep
1596872819000,1,deep
1596873119000,1,deep
1596873419000,2,light
1596873719000,2,light
1596874019000,3,REM
1596874319000,3,REM
1596874619000,2,light
1596874919000,2,light
1596875219000,2,light
1596875519000,2,light
1596875819000,2,light
1596876119000,2,light
1596876419000,4,awake
1596876719000,2,light
1596877019000,2,light
1596877319000,1,deep
1596877619000,1,deep
1596877919000,1,deep
1596878219000,1,deep
1596878519000,1,deep
1596878819000,1,deep
1596879119000,2,light
1596879419000,2,light
1596879719000,2,light
1596880019000,3,REM
1596880319000,3,REM
1596880619000,3,REM
1596880919000,4,awake
1596881219000,2,light
1596881519000,2,light
1596881819000,2,light
1596882119000,2,light
1596882419000,1,deep
1596882719000,2,light
1596883019000,2,light
1596883319000,2,light
1596883619000,2,light
1596883919000,4,awake
1596884219000,4,awake
1596949621000,4,awake
1596949921000,4,awake
1596950221000,4,awake
1596950521000,4,awake
1596950821000,2,light
1596951121000,2,light
1596951421000,1,deep
1596951721000,1,deep
1596952021000,1,deep
1596952321000,1,deep
1596952621000,1,deep
1596952921000,1,deep
1596953221000,1,deep
1596953521000,1,deep
1596953821000,1,deep
1596954121000,1,deep
1596954421000,3,REM
1596954721000,3,REM
1596955021000,3,REM
1596955321000,3,REM
1596955621000,3,REM
1596955921000,3,REM
1596956221000,2,light
1596956521000,2,light
1596956821000,2,light
1596957121000,1,deep
1596957421000,2,light
1596957721000,2,light
1596958021000,2,light
1596958321000,2,light
1596958621000,2,light
1596958921000,2,light
1596959221000,2,light
1596959521000,2,light
1596959821000,2,light
1596960121000,2,light
1596960421000,1,deep
1596960721000,1,deep
1596961021000,2,light
1596961321000,2,light
1596961621000,2,light
1596961921000,2,light
1596962221000,2,light
1596962521000,2,light
1596962821000,2,light
1596963121000,2,light
1596963421000,2,light
1596963721000,2,light
1596964021000,1,deep
1596964321000,2,light
1596964621000,2,light
1596964921000,4,awake
1596965221000,4,awake
1596965521000,4,awake
1596965821000,4,awake
1597043158000,4,awake
1597043458000,4,awake
1597043758000,4,awake
1597044058000,4,awake
1597044358000,2,light
1597044658000,2,light
1597044958000,1,deep
1597045258000,1,deep
1597045558000,1,deep
1597045858000,1,deep
1597046158000,1,deep
1597046458000,1,deep
1597046758000,1,deep
1597047058000,1,deep
1597047358000,3,REM
1597047658000,3,REM
1597047958000,2,light
1597048258000,2,light
1597048558000,2,light
1597048858000,2,light
1597049158000,2,light
1597049458000,2,light
1597049758000,1,deep
1597050058000,1,deep
1597050358000,1,deep
1597050658000,1,deep
1597050958000,1,deep
1597051258000,1,deep
1597051558000,1,deep
1597051858000,1,deep
1597052158000,1,deep
1597052458000,3,REM
1597052758000,3,REM
1597053058000,3,REM
1597053358000,2,light
1597053658000,2,light
1597053958000,2,light
1597054258000,2,light
1597054558000,1,deep
1597054858000,1,deep
1597055158000,1,deep
1597055458000,1,deep
1597055758000,3,REM
1597056058000,1,deep
1597056358000,1,deep
1597056658000,1,deep
1597056958000,2,light
1597057258000,2,light
1597057558000,2,light
1597057858000,2,light
1597058158000,1,deep
1597058458000,1,deep
1597058758000,4,awake
1597059058000,3,REM
1597059358000,3,REM
1597059658000,3,REM
1597059958000,2,light
1597060258000,2,light
1597060558000,3,REM
1597060858000,3,REM
1597061158000,2,light
1597061458000,2,light
1597061758000,1,deep
1597062058000,3,REM
1597062358000,3,REM
1597062658000,4,awake
1597062958000,2,light
1597063258000,2,light
1597063558000,1,deep
1597063858000,3,REM
1597064158000,3,REM
1597064458000,3,REM
1597064758000,3,REM
1597065058000,2,light
1597065358000,2,light
1597065658000,2,light
1597065958000,2,light
1597066258000,2,light
1597066558000,2,light
1597066858000,2,light
1597067158000,2,light
1597067458000,2,light
1597067758000,2,light
1597068058000,2,light
1597068358000,2,light
1597068658000,2,light
1597068958000,2,light
1597069258000,2,light
1597069558000,2,light
1597069858000,2,light
1597070158000,2,light
1597070458000,3,REM
1597070758000,3,REM
1597071058000,2,light
1597071358000,2,light
1597071658000,2,light
1597071958000,2,light
1597072258000,2,light
1597072558000,2,light
1597072858000,2,light
1597073158000,2,light
1597073458000,1,deep
1597073758000,1,deep
1597074058000,2,light
1597074358000,3,REM
1597074658000,3,REM
1597074958000,3,REM
1597075258000,3,REM
1597075558000,4,awake
1597075858000,4,awake
1597076158000,4,awake
1597076458000,4,awake
1597076758000,4,awake
1597211969000,4,awake
1597212269000,2,light
1597212569000,1,deep
1597212869000,1,deep
1597213169000,1,deep
1597213469000,1,deep
1597213769000,1,deep
1597214069000,1,deep
1597214369000,1,deep
1597214669000,1,deep
1597214969000,1,deep
1597215269000,2,light
1597215569000,2,light
1597215869000,3,REM
1597216169000,3,REM
1597216469000,2,light
1597216769000,2,light
1597217069000,1,deep
1597217369000,1,deep
1597217669000,1,deep
1597217969000,2,light
1597218269000,2,light
1597218569000,1,deep
1597218869000,2,light
1597219169000,1,deep
1597219469000,1,deep
1597219769000,1,deep
1597220069000,1,deep
1597220369000,2,light
1597220669000,3,REM
1597220969000,3,REM
1597221269000,3,REM
1597221569000,2,light
1597221869000,2,light
1597222169000,2,light
1597222469000,2,light
1597222769000,2,light
1597223069000,2,light
1597223369000,2,light
1597223669000,2,light
1597223969000,2,light
1597224269000,2,light
1597224569000,2,light
1597224869000,1,deep
1597225169000,1,deep
1597225469000,1,deep
1597225769000,1,deep
1597226069000,2,light
1597226369000,2,light
1597226669000,2,light
1597226969000,3,REM
1597227269000,3,REM
1597227569000,3,REM
1597227869000,2,light
1597228169000,2,light
1597228469000,2,light
1597228769000,2,light
1597229069000,2,light
1597229369000,2,light
1597229669000,2,light
1597229969000,2,light
1597230269000,2,light
1597230569000,2,light
1597230869000,2,light
1597231169000,2,light
1597231469000,2,light
1597231769000,2,light
1597232069000,2,light
1597232369000,2,light
1597232669000,2,light
1597232969000,2,light
1597233269000,2,light
1597233569000,1,deep
1597233869000,1,deep
1597234169000,2,light
1597234469000,2,light
1597234769000,2,light
1597235069000,2,light
1597235369000,3,REM
1597235669000,3,REM
1597235969000,3,REM
1597236269000,3,REM
1597236569000,2,light
1597236869000,2,light
1597237169000,2,light
1597237469000,4,awake
1597237769000,4,awake
1597238069000,4,awake
1597238369000,4,awake
1597308090000,4,awake
1597308390000,2,light
1597308690000,2,light
1597308990000,4,awake
1597309290000,4,awake
1597309590000,4,awake
1597309890000,4,awake
1597310190000,2,light
1597310490000,1,deep
1597310790000,2,light
1597311090000,2,light
1597311390000,1,deep
1597311690000,1,deep
1597311990000,2,light
1597312290000,2,light
1597312590000,1,deep
1597312890000,1,deep
1597313190000,1,deep
1597313490000,1,deep
1597313790000,3,REM
1597314090000,3,REM
1597314390000,3,REM
1597314690000,2,light
1597314990000,2,light
1597315290000,2,light
1597315590000,3,REM
1597315890000,1,deep
1597316190000,1,deep
1597316490000,1,deep
1597316790000,1,deep
1597317090000,1,deep
1597317390000,1,deep
1597317690000,2,light
1597317990000,2,light
1597318290000,2,light
1597318590000,2,light
1597318890000,1,deep
1597319190000,2,light
1597319490000,3,REM
1597319790000,2,light
1597320090000,2,light
1597320390000,2,light
1597320690000,2,light
1597320990000,2,light
1597321290000,1,deep
1597321590000,1,deep
1597321890000,1,deep
1597322190000,1,deep
1597322490000,1,deep
1597322790000,1,deep
1597323090000,1,deep
1597323390000,1,deep
1597323690000,2,light
1597323990000,2,light
1597324290000,2,light
1597324590000,2,light
1597324890000,2,light
1597325190000,2,light
1597325490000,2,light
1597325790000,2,light
1597326090000,2,light
1597326390000,2,light
1597326690000,2,light
1597326990000,2,light
1597327290000,2,light
1597327590000,2,light
1597327890000,1,deep
1597328190000,1,deep
1597328490000,3,REM
1597328790000,1,deep
1597329090000,2,light
1597329390000,3,REM
1597329690000,3,REM
1597329990000,3,REM
1597330290000,3,REM
1597330590000,2,light
1597330890000,2,light
1597331190000,2,light
1597331490000,2,light
1597331790000,2,light
1597332090000,2,light
1597332390000,2,light
1597332690000,1,deep
1597332990000,1,deep
1597333290000,3,REM
1597333590000,2,light
1597333890000,2,light
1597334190000,2,light
1597334490000,2,light
1597334790000,1,deep
1597335090000,2,light
1597335390000,2,light
1597335690000,2,light
1597335990000,3,REM
1597336290000,3,REM
1597336590000,3,REM
1597336890000,2,light
1597337190000,2,light
1597337490000,4,awake
1597337790000,4,awake
1597416331000,2,light
1597416631000,2,light
1597416931000,1,deep
1597417231000,1,deep
1597417531000,1,deep
1597417831000,1,deep
1597418131000,1,deep
1597418431000,1,deep
1597418731000,2,light
1597419031000,3,REM
1597419331000,3,REM
1597419631000,3,REM
1597419931000,2,light
1597420231000,2,light
1597420531000,2,light
1597420831000,2,light
1597421131000,1,deep
1597421431000,1,deep
1597421731000,1,deep
1597422031000,2,light
1597422331000,2,light
1597422631000,1,deep
1597422931000,1,deep
1597423231000,2,light
1597423531000,2,light
1597423831000,2,light
1597424131000,2,light
1597424431000,2,light
1597424731000,2,light
1597425031000,2,light
1597425331000,3,REM
1597425631000,1,deep
1597425931000,1,deep
1597426231000,2,light
1597426531000,2,light
1597426831000,1,deep
1597427131000,1,deep
1597427431000,1,deep
1597427731000,1,deep
1597428031000,2,light
1597428331000,2,light
1597428631000,3,REM
1597428931000,3,REM
1597429231000,3,REM
1597429531000,3,REM
1597429831000,2,light
1597430131000,2,light
1597430431000,2,light
1597430731000,2,light
1597431031000,2,light
1597431331000,4,awake
1597431631000,4,awake
1597555982000,4,awake
1597556282000,2,light
1597556582000,2,light
1597556882000,1,deep
1597557182000,1,deep
1597557482000,2,light
1597557782000,2,light
1597558082000,2,light
1597558382000,1,deep
1597558682000,1,deep
1597558982000,1,deep
1597559282000,1,deep
1597559582000,1,deep
1597559882000,1,deep
1597560182000,1,deep
1597560482000,2,light
1597560782000,2,light
1597561082000,2,light
1597561382000,2,light
1597561682000,2,light
1597561982000,1,deep
1597562282000,1,deep
1597562582000,1,deep
1597562882000,1,deep
1597563182000,1,deep
1597563482000,1,deep
1597563782000,1,deep
1597564082000,1,deep
1597564382000,1,deep
1597564682000,2,light
1597564982000,2,light
1597565282000,2,light
1597565582000,2,light
1597565882000,3,REM
1597566182000,3,REM
1597566482000,2,light
1597566782000,2,light
1597567082000,2,light
1597567382000,3,REM
1597567682000,3,REM
1597567982000,1,deep
1597568282000,2,light
1597568582000,2,light
1597568882000,2,light
1597569182000,2,light
1597569482000,2,light
1597569782000,2,light
1597570082000,2,light
1597570382000,2,light
1597570682000,2,light
1597570982000,3,REM
1597571282000,3,REM
1597571582000,3,REM
1597571882000,3,REM
1597572182000,3,REM
1597572482000,2,light
1597572782000,2,light
1597573082000,2,light
1597573382000,2,light
1597573682000,2,light
1597573982000,2,light
1597574282000,1,deep
1597574582000,1,deep
1597574882000,2,light
1597575182000,1,deep
1597575482000,2,light
1597575782000,2,light
1597576082000,1,deep
1597576382000,3,REM
1597576682000,3,REM
1597576982000,3,REM
1597577282000,2,light
1597577582000,3,REM
1597577882000,3,REM
1597578182000,3,REM
1597578482000,3,REM
1597578782000,3,REM
1597579082000,3,REM
1597579382000,2,light
1597579682000,2,light
1597579982000,2,light
1597580282000,2,light
1597580582000,2,light
1597580882000,2,light
1597581182000,2,light
1597581482000,2,light
1597581782000,2,light
1597582082000,3,REM
1597582382000,3,REM
1597582682000,3,REM
1597582982000,3,REM
1597583282000,3,REM
1597583582000,3,REM
1597583882000,2,light
1597584182000,2,light
1597584482000,2,light
1597584782000,2,light
1597585082000,1,deep
1597585382000,2,light
1597585682000,2,light
1597585982000,4,awake
1597586282000,4,awake
1597642740000,4,awake
1597643040000,4,awake
1597643340000,4,awake
1597643640000,4,awake
1597643940000,2,light
1597644240000,1,deep
1597644540000,1,deep
1597644840000,1,deep
1597645140000,1,deep
1597645440000,1,deep
1597645740000,2,light
1597646040000,2,light
1597646340000,2,light
1597646640000,2,light
1597646940000,2,light
1597647240000,2,light
1597647540000,2,light
1597647840000,2,light
1597648140000,2,light
1597648440000,1,deep
1597648740000,1,deep
1597649040000,1,deep
1597649340000,1,deep
1597649640000,1,deep
1597649940000,2,light
1597650240000,2,light
1597650540000,1,deep
1597650840000,1,deep
1597651140000,1,deep
1597651440000,1,deep
1597651740000,1,deep
1597652040000,2,light
1597652340000,2,light
1597652640000,3,REM
1597652940000,3,REM
1597653240000,3,REM
1597653540000,2,light
1597653840000,2,light
1597654140000,2,light
1597654440000,2,light
1597654740000,2,light
1597655040000,2,light
1597655340000,2,light
1597655640000,1,deep
1597655940000,1,deep
1597656240000,1,deep
1597656540000,1,deep
1597656840000,1,deep
1597657140000,1,deep
1597657440000,2,light
1597657740000,2,light
1597658040000,1,deep
1597658340000,3,REM
1597658640000,3,REM
1597658940000,2,light
1597659240000,3,REM
1597659540000,3,REM
1597659840000,3,REM
1597660140000,2,light
1597660440000,2,light
1597660740000,2,light
1597661040000,2,light
1597661340000,1,deep
1597661640000,2,light
1597661940000,2,light
1597662240000,1,deep
1597662540000,1,deep
1597662840000,1,deep
1597663140000,1,deep
1597663440000,3,REM
1597663740000,3,REM
1597664040000,3,REM
1597664340000,3,REM
1597664640000,3,REM
1597664940000,3,REM
1597665240000,3,REM
1597665540000,2,light
1597665840000,2,light
1597666140000,2,light
1597666440000,2,light
1597666740000,2,light
1597667040000,2,light
1597667340000,2,light
1597667640000,2,light
1597667940000,2,light
1597668240000,2,light
1597668540000,3,REM
1597668840000,3,REM
1597669140000,2,light
1597669440000,2,light
1597669740000,2,light
1597670040000,4,awake
1597670340000,4,awake
1597730822000,4,awake
1597731122000,4,awake
1597731422000,4,awake
1597731722000,2,light
1597732022000,1,deep
1597732322000,2,light
1597732622000,1,deep
1597732922000,1,deep
1597733222000,1,deep
1597733522000,1,deep
1597733822000,1,deep
1597734122000,1,deep
1597734422000,1,deep
1597734722000,1,deep
1597735022000,1,deep
1597735322000,2,light
1597735622000,3,REM
1597735922000,3,REM
1597736222000,3,REM
1597736522000,3,REM
1597736822000,2,light
1597737122000,2,light
1597737422000,2,light
1597737722000,1,deep
1597738022000,1,deep
1597738322000,1,deep
1597738622000,1,deep
1597738922000,1,deep
1597739222000,1,deep
1597739522000,1,deep
1597739822000,2,light
1597740122000,3,REM
1597740422000,3,REM
1597740722000,3,REM
1597741022000,3,REM
1597741322000,3,REM
1597741622000,2,light
1597741922000,2,light
1597742222000,2,light
1597742522000,1,deep
1597742822000,1,deep
1597743122000,2,light
1597743422000,1,deep
1597743722000,1,deep
1597744022000,1,deep
1597744322000,1,deep
1597744622000,1,deep
1597744922000,3,REM
1597745222000,1,deep
1597745522000,2,light
1597745822000,2,light
1597746122000,2,light
1597746422000,2,light
1597746722000,2,light
1597747022000,2,light
1597747322000,2,light
1597747622000,3,REM
1597747922000,3,REM
1597748222000,2,light
1597748522000,2,light
1597748822000,2,light
1597749122000,2,light
1597749422000,2,light
1597749722000,2,light
1597750022000,2,light
1597750322000,1,deep
1597750622000,2,light
1597750922000,2,light
1597751222000,2,light
1597751522000,1,deep
1597751822000,1,deep
1597752122000,1,deep
1597752422000,1,deep
1597752722000,4,awake
1597753022000,4,awake
1597753322000,3,REM
1597753622000,3,REM
1597753922000,3,REM
1597754222000,3,REM
1597754522000,2,light
1597754822000,2,light
1597755122000,2,light
1597755422000,2,light
1597755722000,2,light
1597756022000,2,light
1597756322000,2,light
1597756622000,2,light
1597756922000,2,light
1597757222000,1,deep
1597757522000,4,awake
1597757822000,3,REM
1597758122000,3,REM
1597758422000,4,awake
1597758722000,4,awake
1597759022000,4,awake
1597813141000,4,awake
1597813441000,4,awake
1597813741000,2,light
1597814041000,2,light
1597814341000,1,deep
1597814641000,1,deep
1597814941000,1,deep
1597815241000,1,deep
1597815541000,1,deep
1597815841000,2,light
1597816141000,2,light
1597816441000,1,deep
1597816741000,2,light
1597817041000,2,light
1597817341000,2,light
1597817641000,1,deep
1597817941000,1,deep
1597818241000,1,deep
1597818541000,1,deep
1597818841000,1,deep
1597819141000,1,deep
1597819441000,1,deep
1597819741000,1,deep
1597820041000,1,deep
1597820341000,2,light
1597820641000,1,deep
1597820941000,1,deep
1597821241000,1,deep
1597821541000,1,deep
1597821841000,1,deep
1597822141000,1,deep
1597822441000,1,deep
1597822741000,3,REM
1597823041000,1,deep
1597823341000,1,deep
1597823641000,3,REM
1597823941000,3,REM
1597824241000,2,light
1597824541000,2,light
1597824841000,1,deep
1597825141000,1,deep
1597825441000,3,REM
1597825741000,3,REM
1597826041000,3,REM
1597826341000,1,deep
1597826641000,1,deep
1597826941000,2,light
1597827241000,2,light
1597827541000,2,light
1597827841000,2,light
1597828141000,2,light
1597828441000,2,light
1597828741000,2,light
1597829041000,1,deep
1597829341000,2,light
1597829641000,3,REM
1597829941000,3,REM
1597830241000,3,REM
1597830541000,3,REM
1597830841000,2,light
1597831141000,2,light
1597831441000,2,light
1597831741000,2,light
1597832041000,3,REM
1597832341000,3,REM
1597832641000,3,REM
1597832941000,3,REM
1597833241000,1,deep
1597833541000,3,REM
1597833841000,2,light
1597834141000,2,light
1597834441000,2,light
1597834741000,3,REM
1597835041000,3,REM
1597835341000,2,light
1597835641000,2,light
1597835941000,2,light
1597836241000,2,light
1597836541000,2,light
1597836841000,3,REM
1597837141000,3,REM
1597837441000,4,awake
1597837741000,2,light
1597838041000,2,light
1597838341000,3,REM
1597838641000,3,REM
1597838941000,3,REM
1597839241000,2,light
1597839541000,2,light
1597839841000,3,REM
1597840141000,3,REM
1597840441000,3,REM
1597840741000,3,REM
1597841041000,3,REM
1597841341000,3,REM
1597841641000,2,light
1597841941000,2,light
1597842241000,2,light
1597842541000,2,light
1597842841000,2,light
1597843141000,2,light
1597843441000,1,deep
1597843741000,4,awake
1597898341000,4,awake
1597898641000,4,awake
1597898941000,4,awake
1597899241000,4,awake
1597899541000,4,awake
1597899841000,2,light
1597900141000,2,light
1597900441000,2,light
1597900741000,1,deep
1597901041000,1,deep
1597901341000,2,light
1597901641000,1,deep
1597901941000,1,deep
1597902241000,1,deep
1597902541000,2,light
1597902841000,2,light
1597903141000,2,light
1597903441000,1,deep
1597903741000,1,deep
1597904041000,1,deep
1597904341000,1,deep
1597904641000,1,deep
1597904941000,1,deep
1597905241000,1,deep
1597905541000,1,deep
1597905841000,1,deep
1597906141000,1,deep
1597906441000,1,deep
1597906741000,3,REM
1597907041000,1,deep
1597907341000,1,deep
1597907641000,1,deep
1597907941000,1,deep
1597908241000,2,light
1597908541000,2,light
1597908841000,2,light
1597909141000,2,light
1597909441000,2,light
1597909741000,3,REM
1597910041000,3,REM
1597910341000,3,REM
1597910641000,3,REM
1597910941000,3,REM
1597911241000,3,REM
1597911541000,3,REM
1597911841000,3,REM
1597912141000,3,REM
1597912441000,3,REM
1597912741000,2,light
1597913041000,2,light
1597913341000,2,light
1597913641000,2,light
1597913941000,3,REM
1597914241000,3,REM
1597914541000,3,REM
1597914841000,3,REM
1597915141000,1,deep
1597915441000,3,REM
1597915741000,3,REM
1597916041000,2,light
1597916341000,2,light
1597916641000,2,light
1597916941000,2,light
1597917241000,2,light
1597917541000,2,light
1597917841000,4,awake
1597918141000,4,awake
1598086889000,4,awake
1598087189000,2,light
1598087489000,2,light
1598087789000,2,light
1598088089000,2,light
1598088389000,2,light
1598088689000,1,deep
1598088989000,1,deep
1598089289000,1,deep
1598089589000,1,deep
1598089889000,1,deep
1598090189000,1,deep
1598090489000,1,deep
1598090789000,2,light
1598091089000,2,light
1598091389000,2,light
1598091689000,2,light
1598091989000,1,deep
1598092289000,1,deep
1598092589000,1,deep
1598092889000,1,deep
1598093189000,1,deep
1598093489000,2,light
1598093789000,2,light
1598094089000,1,deep
1598094389000,1,deep
1598094689000,1,deep
1598094989000,1,deep
1598095289000,1,deep
1598095589000,1,deep
1598095889000,1,deep
1598096189000,1,deep
1598096489000,1,deep
1598096789000,3,REM
1598097089000,3,REM
1598097389000,2,light
1598097689000,2,light
1598097989000,2,light
1598098289000,2,light
1598098589000,2,light
1598098889000,2,light
1598099189000,2,light
1598099489000,2,light
1598099789000,2,light
1598100089000,2,light
1598100389000,1,deep
1598100689000,1,deep
1598100989000,1,deep
1598101289000,1,deep
1598101589000,1,deep
1598101889000,2,light
1598102189000,2,light
1598102489000,2,light
1598102789000,2,light
1598103089000,2,light
1598103389000,2,light
1598103689000,3,REM
1598103989000,3,REM
1598104289000,2,light
1598104589000,3,REM
1598104889000,2,light
1598105189000,2,light
1598105489000,1,deep
1598105789000,3,REM
1598106089000,3,REM
1598106389000,2,light
1598106689000,2,light
1598106989000,1,deep
1598107289000,3,REM
1598107589000,3,REM
1598107889000,3,REM
1598108189000,2,light
1598108489000,3,REM
1598108789000,3,REM
1598109089000,3,REM
1598109389000,2,light
1598109689000,2,light
1598109989000,2,light
1598110289000,2,light
1598110589000,2,light
1598110889000,4,awake
1598111189000,2,light
1598111489000,3,REM
1598111789000,3,REM
1598112089000,3,REM
1598112389000,3,REM
1598112689000,3,REM
1598112989000,3,REM
1598113289000,3,REM
1598113589000,3,REM
1598113889000,2,light
1598114189000,2,light
1598114489000,3,REM
1598114789000,3,REM
1598115089000,3,REM
1598115389000,3,REM
1598115689000,3,REM
1598115989000,4,awake
1598116289000,4,awake
1598116589000,2,light
1598116889000,2,light
1598117189000,2,light
1598117489000,2,light
1598117789000,2,light
1598118089000,4,awake
1598118389000,4,awake
1598164291000,2,light
1598164591000,2,light
1598164891000,1,deep
1598165191000,1,deep
1598165491000,1,deep
1598165791000,1,deep
1598166091000,1,deep
1598166391000,4,awake
1598166691000,4,awake
1598166991000,2,light
1598167291000,2,light
1598167591000,2,light
1598167891000,1,deep
1598168191000,1,deep
1598168491000,1,deep
1598168791000,1,deep
1598169091000,1,deep
1598169391000,1,deep
1598169691000,4,awake
1598169991000,2,light
1598170291000,2,light
1598170591000,3,REM
1598170891000,2,light
1598171191000,2,light
1598171491000,2,light
1598171791000,2,light
1598172091000,2,light
1598172391000,2,light
1598172691000,2,light
1598172991000,1,deep
1598173291000,1,deep
1598173591000,1,deep
1598173891000,1,deep
1598174191000,1,deep
1598174491000,1,deep
1598174791000,1,deep
1598175091000,1,deep
1598175391000,2,light
1598175691000,2,light
1598175991000,3,REM
1598176291000,2,light
1598176591000,2,light
1598176891000,2,light
1598177191000,1,deep
1598177491000,2,light
1598177791000,1,deep
1598178091000,1,deep
1598178391000,1,deep
1598178691000,1,deep
1598178991000,2,light
1598179291000,2,light
1598179591000,2,light
1598179891000,3,REM
1598180191000,4,awake
1598246429000,2,light
1598246729000,4,awake
1598247029000,4,awake
1598247329000,2,light
1598247629000,1,deep
1598247929000,1,deep
1598248229000,1,deep
1598248529000,1,deep
1598248829000,2,light
1598249129000,2,light
1598249429000,2,light
1598249729000,1,deep
1598250029000,1,deep
1598250329000,1,deep
1598250629000,1,deep
1598250929000,2,light
1598251229000,2,light
1598251529000,2,light
1598251829000,3,REM
1598252129000,3,REM
1598252429000,1,deep
1598252729000,2,light
1598253029000,2,light
1598253329000,1,deep
1598253629000,1,deep
1598253929000,3,REM
1598254229000,1,deep
1598254529000,1,deep
1598254829000,1,deep
1598255129000,2,light
1598255429000,3,REM
1598255729000,1,deep
1598256029000,4,awake
1598256329000,2,light
1598256629000,2,light
1598256929000,2,light
1598257229000,3,REM
1598257529000,2,light
1598257829000,2,light
1598258129000,2,light
1598258429000,2,light
1598258729000,1,deep
1598259029000,1,deep
1598259329000,3,REM
1598259629000,3,REM
1598259929000,3,REM
1598260229000,3,REM
1598260529000,3,REM
1598260829000,2,light
1598261129000,2,light
1598261429000,2,light
1598261729000,2,light
1598262029000,2,light
1598262329000,2,light
1598262629000,2,light
1598262929000,2,light
1598263229000,2,light
1598263529000,1,deep
1598263829000,2,light
1598264129000,2,light
1598264429000,1,deep
1598264729000,1,deep
1598265029000,2,light
1598265329000,1,deep
1598265629000,2,light
1598265929000,2,light
1598266229000,2,light
1598266529000,2,light
1598266829000,3,REM
1598267129000,2,light
1598267429000,2,light
1598267729000,1,deep
1598268029000,1,deep
1598268329000,2,light
1598268629000,3,REM
1598268929000,3,REM
1598269229000,3,REM
1598269529000,3,REM
1598269829000,3,REM
1598270129000,3,REM
1598270429000,3,REM
1598270729000,2,light
1598271029000,2,light
1598271329000,2,light
1598271629000,2,light
1598271929000,2,light
1598272229000,2,light
1598272529000,2,light
1598272829000,2,light
1598273129000,2,light
1598273429000,4,awake
1598334688000,4,awake
1598334988000,4,awake
1598335288000,4,awake
1598335588000,4,awake
1598335888000,4,awake
1598336188000,4,awake
1598336488000,4,awake
1598336788000,4,awake
1598337088000,4,awake
1598337388000,4,awake
1598337688000,2,light
1598337988000,2,light
1598338288000,1,deep
1598338588000,2,light
1598338888000,3,REM
1598339188000,3,REM
1598339488000,3,REM
1598339788000,2,light
1598340088000,2,light
1598340388000,2,light
1598340688000,1,deep
1598340988000,1,deep
1598341288000,1,deep
1598341588000,2,light
1598341888000,2,light
1598342188000,1,deep
1598342488000,1,deep
1598342788000,1,deep
1598343088000,3,REM
1598343388000,3,REM
1598343688000,1,deep
1598343988000,2,light
1598344288000,2,light
1598344588000,3,REM
1598344888000,2,light
1598345188000,2,light
1598345488000,2,light
1598345788000,2,light
1598346088000,2,light
1598346388000,2,light
1598346688000,2,light
1598346988000,2,light
1598347288000,2,light
1598347588000,1,deep
1598347888000,1,deep
1598348188000,4,awake
1598348488000,2,light
1598348788000,1,deep
1598349088000,2,light
1598349388000,2,light
1598349688000,2,light
1598349988000,2,light
1598350288000,2,light
1598350588000,2,light
1598350888000,2,light
1598351188000,2,light
1598351488000,2,light
1598351788000,2,light
1598352088000,2,light
1598352388000,1,deep
1598352688000,1,deep
1598352988000,1,deep
1598353288000,2,light
1598353588000,2,light
1598353888000,3,REM
1598354188000,2,light
1598354488000,3,REM
1598354788000,3,REM
1598355088000,4,awake
1598355388000,4,awake
1598355688000,4,awake
1598355988000,4,awake
1598356288000,4,awake
1598419887000,4,awake
1598420187000,2,light
1598420487000,2,light
1598420787000,2,light
1598421087000,2,light
1598421387000,2,light
1598421687000,1,deep
1598421987000,1,deep
1598422287000,1,deep
1598422587000,1,deep
1598422887000,1,deep
1598423187000,1,deep
1598423487000,1,deep
1598423787000,1,deep
1598424087000,2,light
1598424387000,2,light
1598424687000,2,light
1598424987000,1,deep
1598425287000,2,light
1598425587000,2,light
1598425887000,1,deep
1598426187000,1,deep
1598426487000,2,light
1598426787000,2,light
1598427087000,2,light
1598427387000,1,deep
1598427687000,1,deep
1598427987000,1,deep
1598428287000,2,light
1598428587000,3,REM
1598428887000,3,REM
1598429187000,3,REM
1598429487000,2,light
1598429787000,3,REM
1598430087000,3,REM
1598430387000,3,REM
1598430687000,2,light
1598430987000,1,deep
1598431287000,1,deep
1598431587000,3,REM
1598431887000,2,light
1598432187000,2,light
1598432487000,2,light
1598432787000,1,deep
1598433087000,2,light
1598433387000,2,light
1598433687000,1,deep
1598433987000,1,deep
1598434287000,1,deep
1598434587000,2,light
1598434887000,2,light
1598435187000,4,awake
1598435487000,2,light
1598435787000,2,light
1598436087000,2,light
1598436387000,2,light
1598436687000,2,light
1598436987000,2,light
1598437287000,2,light
1598437587000,2,light
1598437887000,2,light
1598438187000,1,deep
1598438487000,1,deep
1598438787000,2,light
1598439087000,2,light
1598439387000,2,light
1598439687000,2,light
1598439987000,4,awake
1598440287000,4,awake
1598852040000,4,awake
1598852340000,4,awake
1598852640000,4,awake
1598852940000,2,light
1598853240000,2,light
1598853540000,1,deep
1598853840000,1,deep
1598854140000,1,deep
1598854440000,3,REM
1598854740000,3,REM
1598855040000,2,light
1598855340000,3,REM
1598855640000,1,deep
1598855940000,2,light
1598856240000,2,light
1598856540000,2,light
1598856840000,2,light
1598857140000,1,deep
1598857440000,2,light
1598857740000,2,light
1598858040000,2,light
1598858340000,1,deep
1598858640000,1,deep
1598858940000,1,deep
1598859240000,1,deep
1598859540000,1,deep
1598859840000,1,deep
1598860140000,2,light
1598860440000,1,deep
1598860740000,1,deep
1598861040000,1,deep
1598861340000,1,deep
1598861640000,1,deep
1598861940000,1,deep
1598862240000,1,deep
1598862540000,2,light
1598862840000,2,light
1598863140000,1,deep
1598863440000,3,REM
1598863740000,3,REM
1598864040000,2,light
1598864340000,2,light
1598864640000,2,light
1598864940000,2,light
1598865240000,2,light
1598865540000,2,light
1598865840000,2,light
1598866140000,1,deep
1598866440000,1,deep
1598866740000,1,deep
1598867040000,1,deep
1598867340000,2,light
1598867640000,1,deep
1598867940000,1,deep
1598868240000,3,REM
1598868540000,3,REM
1598868840000,3,REM
1598869140000,3,REM
1598869440000,2,light
1598869740000,2,light
1598870040000,3,REM
1598870340000,1,deep
1598870640000,3,REM
1598870940000,2,light
1598871240000,2,light
1598871540000,2,light
1598871840000,3,REM
1598872140000,3,REM
1598872440000,3,REM
1598872740000,3,REM
1598873040000,3,REM
1598873340000,3,REM
1598873640000,3,REM
1598873940000,3,REM
1598874240000,2,light
1598874540000,2,light
1598874840000,2,light
1598875140000,2,light
1598875440000,3,REM
1598875740000,3,REM
1598876040000,3,REM
1598876340000,3,REM
1598876640000,1,deep
1598876940000,2,light
1598877240000,2,light
1598877540000,2,light
1598877840000,2,light
1598878140000,2,light
1598878440000,2,light
1598878740000,2,light
1598879040000,4,awake
1598879340000,4,awake
1598879640000,4,awake
1598879940000,4,awake
1598880240000,4,awake
1598880540000,4,awake
1598880840000,4,awake
1598881140000,4,awake
1598881440000,4,awake
1598938920000,4,awake
1598939220000,4,awake
1598939520000,4,awake
1598939820000,2,light
1598940120000,2,light
1598940420000,1,deep
1598940720000,1,deep
1598941020000,1,deep
1598941320000,1,deep
1598941620000,1,deep
1598941920000,1,deep
1598942220000,3,REM
1598942520000,2,light
1598942820000,2,light
1598943120000,1,deep
1598943420000,1,deep
1598943720000,1,deep
1598944020000,2,light
1598944320000,2,light
1598944620000,2,light
1598944920000,2,light
1598945220000,2,light
1598945520000,1,deep
1598945820000,1,deep
1598946120000,1,deep
1598946420000,2,light
1598946720000,3,REM
1598947020000,1,deep
1598947320000,1,deep
1598947620000,1,deep
1598947920000,2,light
1598948220000,3,REM
1598948520000,3,REM
1598948820000,1,deep
1598949120000,3,REM
1598949420000,3,REM
1598949720000,3,REM
1598950020000,3,REM
1598950320000,3,REM
1598950620000,2,light
1598950920000,2,light
1598951220000,2,light
1598951520000,2,light
1598951820000,1,deep
1598952120000,2,light
1598952420000,2,light
1598952720000,2,light
1598953020000,2,light
1598953320000,1,deep
1598953620000,1,deep
1598953920000,1,deep
1598954220000,1,deep
1598954520000,1,deep
1598954820000,1,deep
1598955120000,3,REM
1598955420000,4,awake
1598955720000,2,light
1598956020000,2,light
1598956320000,2,light
1598956620000,2,light
1598956920000,3,REM
1598957220000,3,REM
1598957520000,2,light
1598957820000,2,light
1598958120000,2,light
1598958420000,2,light
1598958720000,2,light
1598959020000,2,light
1598959320000,2,light
1598959620000,2,light
1598959920000,2,light
1598960220000,2,light
1598960520000,2,light
1598960820000,3,REM
1598961120000,3,REM
1598961420000,3,REM
1598961720000,3,REM
1598962020000,3,REM
1598962320000,3,REM
1598962620000,4,awake
1598962920000,4,awake
1598963220000,4,awake
1598963520000,4,awake
1598963820000,4,awake
1598964120000,1,deep
1598964420000,1,deep
1598964720000,2,light
1598965020000,2,light
1598965320000,2,light
1598965620000,2,light
1598965920000,2,light
1598966220000,2,light
1598966520000,2,light
1598966820000,2,light
1598967120000,2,light
1598967420000,3,REM
1598967720000,3,REM
1598968020000,3,REM
1598968320000,3,REM
1598968620000,2,light
1598968920000,2,light
1598969220000,2,light
1598969520000,2,light
1598969820000,4,awake
1598970120000,4,awake
1598970420000,4,awake
1599031442000,4,awake
1599031742000,4,awake
1599032042000,4,awake
1599032342000,2,light
1599032642000,2,light
1599032942000,1,deep
1599033242000,1,deep
1599033542000,4,awake
1599033842000,3,REM
1599034142000,3,REM
1599034442000,3,REM
1599034742000,3,REM
1599035042000,3,REM
1599035342000,3,REM
1599035642000,2,light
1599035942000,2,light
1599036242000,4,awake
1599036542000,2,light
1599036842000,2,light
1599037142000,3,REM
1599037442000,3,REM
1599037742000,2,light
1599038042000,2,light
1599038342000,2,light
1599038642000,1,deep
1599038942000,1,deep
1599039242000,2,light
1599039542000,2,light
1599039842000,1,deep
1599040142000,1,deep
1599040442000,4,awake
1599040742000,2,light
1599041042000,1,deep
1599041342000,1,deep
1599041642000,2,light
1599041942000,2,light
1599042242000,2,light
1599042542000,2,light
1599042842000,2,light
1599043142000,2,light
1599043442000,2,light
1599043742000,1,deep
1599044042000,1,deep
1599044342000,2,light
1599044642000,2,light
1599044942000,2,light
1599045242000,1,deep
1599045542000,2,light
1599045842000,2,light
1599046142000,3,REM
1599046442000,2,light
1599046742000,2,light
1599047042000,2,light
1599047342000,2,light
1599047642000,2,light
1599047942000,2,light
1599048242000,2,light
1599048542000,2,light
1599048842000,1,deep
1599049142000,1,deep
1599049442000,1,deep
1599049742000,1,deep
1599050042000,1,deep
1599050342000,2,light
1599050642000,2,light
1599050942000,2,light
1599051242000,2,light
1599051542000,4,awake
1599051842000,4,awake
1599052142000,4,awake
1599052442000,4,awake
1599052742000,4,awake
1599053042000,4,awake
1599053342000,4,awake
1599053642000,4,awake
1599053942000,4,awake
1599054242000,4,awake
1599054542000,4,awake
1599054842000,4,awake
1599055142000,2,light
1599055442000,2,light
1599055742000,2,light
1599056042000,2,light
1599056342000,2,light
1599056642000,2,light
1599056942000,2,light
1599057242000,2,light
1599057542000,1,deep
1599057842000,1,deep
1599058142000,3,REM
1599058442000,3,REM
1599058742000,3,REM
1599059042000,2,light
1599059342000,2,light
1599059642000,2,light
1599059942000,4,awake
1599060242000,3,REM
1599060542000,3,REM
1599060842000,3,REM
1599061142000,3,REM
1599061442000,3,REM
1599061742000,3,REM
1599062042000,2,light
1599062342000,4,awake
1599062642000,4,awake
1599062942000,4,awake
1599063242000,2,light
1599063542000,2,light
1599063842000,2,light
1599064142000,2,light
1599064442000,2,light
1599064742000,2,light
1599065042000,4,awake
1599115142000,4,awake
1599115442000,4,awake
1599115742000,2,light
1599116042000,4,awake
1599116342000,4,awake
1599116642000,4,awake
1599116942000,2,light
1599117242000,2,light
1599117542000,2,light
1599117842000,2,light
1599118142000,1,deep
1599118442000,1,deep
1599118742000,1,deep
1599119042000,1,deep
1599119342000,1,deep
1599119642000,2,light
1599119942000,2,light
1599120242000,2,light
1599120542000,2,light
1599120842000,2,light
1599121142000,1,deep
1599121442000,1,deep
1599121742000,2,light
1599122042000,2,light
1599122342000,2,light
1599122642000,2,light
1599122942000,1,deep
1599123242000,1,deep
1599123542000,1,deep
1599123842000,1,deep
1599124142000,2,light
1599124442000,3,REM
1599124742000,3,REM
1599125042000,3,REM
1599125342000,3,REM
1599125642000,3,REM
1599125942000,3,REM
1599126242000,2,light
1599126542000,2,light
1599126842000,2,light
1599127142000,1,deep
1599127442000,1,deep
1599127742000,1,deep
1599128042000,2,light
1599128342000,2,light
1599128642000,2,light
1599128942000,1,deep
1599129242000,1,deep
1599129542000,2,light
1599129842000,1,deep
1599130142000,1,deep
1599130442000,1,deep
1599130742000,1,deep
1599131042000,1,deep
1599131342000,3,REM
1599131642000,3,REM
1599131942000,3,REM
1599132242000,3,REM
1599132542000,2,light
1599132842000,2,light
1599133142000,4,awake
1599133442000,2,light
1599133742000,4,awake
1599134042000,4,awake
1599134342000,4,awake
1599134642000,4,awake
1599134942000,4,awake
1599135242000,4,awake
1599135542000,4,awake
1599199860000,4,awake
1599200160000,4,awake
1599200460000,2,light
1599200760000,2,light
1599201060000,2,light
1599201360000,2,light
1599201660000,2,light
1599201960000,1,deep
1599202260000,1,deep
1599202560000,1,deep
1599202860000,1,deep
1599203160000,1,deep
1599203460000,1,deep
1599203760000,1,deep
1599204060000,1,deep
1599204360000,2,light
1599204660000,2,light
1599204960000,3,REM
1599205260000,3,REM
1599205560000,3,REM
1599205860000,2,light
1599206160000,1,deep
1599206460000,1,deep
1599206760000,1,deep
1599207060000,1,deep
1599207360000,1,deep
1599207660000,4,awake
1599207960000,2,light
1599208260000,2,light
1599208560000,1,deep
1599208860000,1,deep
1599209160000,1,deep
1599209460000,1,deep
1599209760000,1,deep
1599210060000,2,light
1599210360000,2,light
1599210660000,3,REM
1599210960000,3,REM
1599211260000,2,light
1599211560000,2,light
1599211860000,3,REM
1599212160000,3,REM
1599212460000,2,light
1599212760000,2,light
1599213060000,2,light
1599213360000,2,light
1599213660000,2,light
1599213960000,2,light
1599214260000,1,deep
1599214560000,1,deep
1599214860000,2,light
1599215160000,2,light
1599215460000,2,light
1599215760000,2,light
1599216060000,2,light
1599216360000,2,light
1599216660000,2,light
1599216960000,2,light
1599217260000,1,deep
1599217560000,1,deep
1599217860000,1,deep
1599218160000,1,deep
1599218460000,1,deep
1599218760000,2,light
1599219060000,3,REM
1599219360000,2,light
1599219660000,2,light
1599219960000,3,REM
1599220260000,3,REM
1599220560000,2,light
1599220860000,2,light
1599221160000,2,light
1599221460000,2,light
1599221760000,2,light
1599222060000,2,light
1599222360000,2,light
1599222660000,1,deep
1599222960000,1,deep
1599223260000,2,light
1599223560000,2,light
1599223860000,2,light
1599224160000,2,light
1599224460000,2,light
1599224760000,2,light
1599225060000,2,light
1599225360000,2,light
1599225660000,2,light
1599225960000,2,light
1599226260000,2,light
1599226560000,3,REM
1599226860000,2,light
1599227160000,3,REM
1599227460000,4,awake
1599227760000,3,REM
1599228060000,2,light
1599228360000,2,light
1599228660000,2,light
1599228960000,2,light
1599229260000,2,light
1599229560000,2,light
1599229860000,3,REM
1599230160000,3,REM
1599230460000,3,REM
1599230760000,3,REM
1599231060000,3,REM
1599231360000,2,light
1599231660000,2,light
1599231960000,3,REM
1599232260000,3,REM
1599232560000,4,awake
1599232860000,4,awake
1599374582000,4,awake
1599374882000,2,light
1599375182000,2,light
1599375482000,2,light
1599375782000,2,light
1599376082000,2,light
1599376382000,2,light
1599376682000,2,light
1599376982000,1,deep
1599377282000,1,deep
1599377582000,1,deep
1599377882000,1,deep
1599378182000,1,deep
1599378482000,1,deep
1599378782000,2,light
1599379082000,2,light
1599379382000,3,REM
1599379682000,3,REM
1599379982000,3,REM
1599380282000,2,light
1599380582000,2,light
1599380882000,1,deep
1599381182000,1,deep
1599381482000,1,deep
1599381782000,1,deep
1599382082000,1,deep
1599382382000,1,deep
1599382682000,1,deep
1599382982000,1,deep
1599383282000,1,deep
1599383582000,1,deep
1599383882000,1,deep
1599384182000,1,deep
1599384482000,1,deep
1599384782000,2,light
1599385082000,3,REM
1599385382000,3,REM
1599385682000,3,REM
1599385982000,3,REM
1599386282000,3,REM
1599386582000,2,light
1599386882000,2,light
1599387182000,2,light
1599387482000,2,light
1599387782000,2,light
1599388082000,1,deep
1599388382000,1,deep
1599388682000,1,deep
1599388982000,1,deep
1599389282000,1,deep
1599389582000,1,deep
1599389882000,2,light
1599390182000,2,light
1599390482000,3,REM
1599390782000,3,REM
1599391082000,2,light
1599391382000,2,light
1599391682000,2,light
1599391982000,2,light
1599392282000,2,light
1599392582000,2,light
1599392882000,2,light
1599393182000,2,light
1599393482000,2,light
1599393782000,2,light
1599394082000,1,deep
1599394382000,2,light
1599394682000,2,light
1599394982000,2,light
1599395282000,2,light
1599395582000,2,light
1599395882000,2,light
1599396182000,2,light
1599396482000,2,light
1599396782000,3,REM
1599397082000,3,REM
1599397382000,2,light
1599397682000,2,light
1599397982000,3,REM
1599398282000,3,REM
1599398582000,2,light
1599398882000,4,awake
1599399182000,4,awake
1599399482000,4,awake
1599399782000,4,awake
1599400082000,2,light
1599400382000,2,light
1599400682000,4,awake
1599400982000,4,awake
1599401282000,4,awake
1599401582000,4,awake
1599401882000,4,awake
1599402182000,2,light
1599402482000,2,light
1599402782000,2,light
1599403082000,2,light
1599403382000,4,awake
1599403682000,4,awake
1599403982000,4,awake
1599404282000,4,awake
1599404582000,2,light
1599404882000,2,light
1599405182000,2,light
1599405482000,2,light
1599405782000,2,light
1599406082000,3,REM
1599406382000,3,REM
1599406682000,3,REM
1599406982000,3,REM
1599407282000,3,REM
1599407582000,3,REM
1599407882000,4,awake
1599408182000,2,light
1599408482000,4,awake
1599408782000,2,light
1599409082000,3,REM
1599409382000,3,REM
1599409682000,2,light
1599409982000,2,light
1599410282000,2,light
1599410582000,2,light
1599410882000,2,light
1599411182000,2,light
1599411482000,4,awake
1599411782000,4,awake
1599412082000,4,awake
1599889711000,4,awake
1599890011000,4,awake
1599890311000,4,awake
1599890611000,2,light
1599890911000,2,light
1599891211000,2,light
1599891511000,1,deep
1599891811000,2,light
1599892111000,1,deep
1599892411000,1,deep
1599892711000,1,deep
1599893011000,1,deep
1599893311000,1,deep
1599893611000,1,deep
1599893911000,2,light
1599894211000,2,light
1599894511000,2,light
1599894811000,2,light
1599895111000,2,light
1599895411000,1,deep
1599895711000,1,deep
1599896011000,1,deep
1599896311000,1,deep
1599896611000,2,light
1599896911000,2,light
1599897211000,1,deep
1599897511000,1,deep
1599897811000,1,deep
1599898111000,2,light
1599898411000,2,light
1599898711000,2,light
1599899011000,3,REM
1599899311000,3,REM
1599899611000,3,REM
1599899911000,2,light
1599900211000,2,light
1599900511000,2,light
1599900811000,2,light
1599901111000,2,light
1599901411000,2,light
1599901711000,2,light
1599902011000,1,deep
1599902311000,1,deep
1599902611000,2,light
1599902911000,2,light
1599903211000,2,light
1599903511000,2,light
1599903811000,1,deep
1599904111000,2,light
1599904411000,1,deep
1599904711000,1,deep
1599905011000,4,awake
1599905311000,4,awake
1599979530000,2,light
1599979830000,4,awake
1599980130000,4,awake
1599980430000,2,light
1599980730000,2,light
1599981030000,1,deep
1599981330000,1,deep
1599981630000,1,deep
1599981930000,1,deep
1599982230000,2,light
1599982530000,1,deep
1599982830000,1,deep
1599983130000,1,deep
1599983430000,2,light
1599983730000,2,light
1599984030000,3,REM
1599984330000,2,light
1599984630000,2,light
1599984930000,1,deep
1599985230000,1,deep
1599985530000,1,deep
1599985830000,1,deep
1599986130000,1,deep
1599986430000,1,deep
1599986730000,1,deep
1599987030000,1,deep
1599987330000,1,deep
1599987630000,1,deep
1599987930000,2,light
1599988230000,3,REM
1599988530000,3,REM
1599988830000,2,light
1599989130000,2,light
1599989430000,2,light
1599989730000,2,light
1599990030000,2,light
1599990330000,3,REM
1599990630000,3,REM
1599990930000,3,REM
1599991230000,1,deep
1599991530000,1,deep
1599991830000,1,deep
1599992130000,1,deep
1599992430000,2,light
1599992730000,2,light
1599993030000,2,light
1599993330000,1,deep
1599993630000,1,deep
1599993930000,2,light
1599994230000,4,awake
1599994530000,4,awake
1599994830000,2,light
1599995130000,4,awake
1599995430000,4,awake
1599995730000,4,awake
1599996030000,2,light
1599996330000,4,awake
1599996630000,4,awake
1599996930000,4,awake
1599997230000,4,awake
1599997530000,2,light
1599997830000,4,awake
1599998130000,2,light
1599998430000,2,light
1599998730000,2,light
1599999030000,2,light
1599999330000,2,light
1599999630000,1,deep
1599999930000,4,awake
1600000230000,4,awake
1600000530000,2,light
1600000830000,2,light
1600001130000,2,light
1600001430000,4,awake
1600001730000,2,light
1600002030000,2,light
1600002330000,2,light
1600002630000,2,light
1600002930000,2,light
1600003230000,4,awake
1600003530000,4,awake
1600003830000,4,awake
1600067731000,2,light
1600068031000,2,light
1600068331000,4,awake
1600068631000,4,awake
1600068931000,3,REM
1600069231000,3,REM
1600069531000,3,REM
1600069831000,3,REM
1600070131000,3,REM
1600070431000,3,REM
1600070731000,3,REM
1600071031000,4,awake
1600071331000,2,light
1600071631000,2,light
1600071931000,2,light
1600072231000,2,light
1600072531000,2,light
1600072831000,1,deep
1600073131000,1,deep
1600073431000,1,deep
1600073731000,2,light
1600074031000,2,light
1600074331000,2,light
1600074631000,1,deep
1600074931000,1,deep
1600075231000,1,deep
1600075531000,2,light
1600075831000,2,light
1600076131000,2,light
1600076431000,1,deep
1600076731000,3,REM
1600077031000,2,light
1600077331000,2,light
1600077631000,2,light
1600077931000,2,light
1600078231000,1,deep
1600078531000,1,deep
1600078831000,1,deep
1600079131000,2,light
1600079431000,2,light
1600079731000,1,deep
1600080031000,1,deep
1600080331000,1,deep
1600080631000,1,deep
1600080931000,1,deep
1600081231000,1,deep
1600081531000,1,deep
1600081831000,1,deep
1600082131000,4,awake
1600082431000,2,light
1600082731000,2,light
1600083031000,1,deep
1600083331000,2,light
1600083631000,3,REM
1600083931000,3,REM
1600084231000,3,REM
1600084531000,3,REM
1600084831000,3,REM
1600085131000,3,REM
1600085431000,3,REM
1600085731000,3,REM
1600086031000,2,light
1600086331000,2,light
1600086631000,2,light
1600086931000,2,light
1600087231000,1,deep
1600087531000,2,light
1600087831000,2,light
1600088131000,2,light
1600088431000,2,light
1600088731000,2,light
1600089031000,2,light
1600089331000,1,deep
1600089631000,1,deep
1600089931000,2,light
1600090231000,2,light
1600090531000,3,REM
1600090831000,3,REM
1600091131000,3,REM
1600091431000,3,REM
1600091731000,3,REM
1600092031000,2,light
1600092331000,2,light
1600092631000,2,light
1600092931000,2,light
1600093231000,2,light
1600093531000,2,light
1600093831000,4,awake
1600094131000,4,awake
1600094431000,4,awake
1600094731000,4,awake
1600095031000,3,REM
1600095331000,4,awake
1600095631000,4,awake
1600095931000,4,awake
1601190091000,4,awake
1601190391000,4,awake
1601190691000,4,awake
1601190991000,4,awake
1601191291000,4,awake
1601191591000,2,light
1601191891000,3,REM
1601192191000,3,REM
1601192491000,3,REM
1601192791000,3,REM
1601193091000,2,light
1601193391000,2,light
1601193691000,1,deep
1601193991000,1,deep
1601194291000,1,deep
1601194591000,1,deep
1601194891000,3,REM
1601195191000,3,REM
1601195491000,4,awake
1601195791000,2,light
1601196091000,2,light
1601196391000,2,light
1601196691000,4,awake
1601196991000,2,light
1601197291000,2,light
1601197591000,1,deep
1601197891000,1,deep
1601198191000,1,deep
1601198491000,1,deep
1601198791000,1,deep
1601199091000,1,deep
1601199391000,1,deep
1601199691000,1,deep
1601199991000,1,deep
1601200291000,1,deep
1601200591000,1,deep
1601200891000,1,deep
1601201191000,1,deep
1601201491000,3,REM
1601201791000,3,REM
1601202091000,3,REM
1601202391000,3,REM
1601202691000,3,REM
1601202991000,2,light
1601203291000,2,light
1601203591000,2,light
1601203891000,1,deep
1601204191000,1,deep
1601204491000,1,deep
1601204791000,1,deep
1601205091000,1,deep
1601205391000,1,deep
1601205691000,1,deep
1601205991000,1,deep
1601206291000,2,light
1601206591000,2,light
1601206891000,2,light
1601207191000,2,light
1601207491000,2,light
1601207791000,2,light
1601208091000,2,light
1601208391000,3,REM
1601208691000,3,REM
1601208991000,4,awake
1601209291000,4,awake
1601209591000,3,REM
1601209891000,3,REM
1601210191000,2,light
1601210491000,2,light
1601210791000,2,light
1601211091000,2,light
1601211391000,3,REM
1601211691000,2,light
1601211991000,2,light
1601212291000,2,light
1601212591000,1,deep
1601212891000,3,REM
1601213191000,4,awake
1601213491000,2,light
1601213791000,2,light
1601214091000,3,REM
1601214391000,3,REM
1601214691000,3,REM
1601214991000,3,REM
1601215291000,4,awake
1601215591000,2,light
1601215891000,2,light
1601216191000,3,REM
1601216491000,3,REM
1601216791000,3,REM
1601217091000,3,REM
1601217391000,3,REM
1601217691000,4,awake
1601217991000,4,awake
1601273373000,4,awake
1601273673000,4,awake
1601273973000,2,light
1601274273000,2,light
1601274573000,2,light
1601274873000,2,light
1601275173000,2,light
1601275473000,2,light
1601275773000,1,deep
1601276073000,1,deep
1601276373000,1,deep
1601276673000,1,deep
1601276973000,2,light
1601277273000,2,light
1601277573000,2,light
1601277873000,2,light
1601278173000,2,light
1601278473000,2,light
1601278773000,1,deep
1601279073000,1,deep
1601279373000,1,deep
1601279673000,1,deep
1601279973000,1,deep
1601280273000,1,deep
1601280573000,1,deep
1601280873000,1,deep
1601281173000,2,light
1601281473000,2,light
1601281773000,2,light
1601282073000,2,light
1601282373000,1,deep
1601282673000,2,light
1601282973000,2,light
1601283273000,2,light
1601283573000,2,light
1601283873000,2,light
1601284173000,1,deep
1601284473000,1,deep
1601284773000,1,deep
1601285073000,1,deep
1601285373000,1,deep
1601285673000,1,deep
1601285973000,1,deep
1601286273000,1,deep
1601286573000,2,light
1601286873000,2,light
1601287173000,2,light
1601287473000,2,light
1601287773000,3,REM
1601288073000,3,REM
1601288373000,2,light
1601288673000,2,light
1601288973000,2,light
1601289273000,2,light
1601289573000,2,light
1601289873000,1,deep
1601290173000,2,light
1601290473000,2,light
1601290773000,2,light
1601291073000,2,light
1601291373000,2,light
1601291673000,2,light
1601291973000,2,light
1601292273000,2,light
1601292573000,2,light
1601292873000,3,REM
1601293173000,3,REM
1601293473000,3,REM
1601293773000,3,REM
1601294073000,3,REM
1601294373000,3,REM
1601294673000,2,light
1601294973000,2,light
1601295273000,2,light
1601295573000,2,light
1601295873000,2,light
1601296173000,2,light
1601296473000,2,light
1601296773000,2,light
1601297073000,2,light
1601297373000,3,REM
1601297673000,3,REM
1601297973000,1,deep
1601298273000,3,REM
1601298573000,3,REM
1601298873000,3,REM
1601299173000,3,REM
1601299473000,3,REM
1601299773000,3,REM
1601300073000,2,light
1601300373000,2,light
1601300673000,2,light
1601300973000,3,REM
1601301273000,2,light
1601301573000,2,light
1601301873000,2,light
1601302173000,2,light
1601302473000,2,light
1601302773000,3,REM
1601303073000,2,light
1601303373000,2,light
1601303673000,2,light
1601303973000,2,light
1601304273000,3,REM
1601304573000,3,REM
1601304873000,3,REM
1601305173000,3,REM
1601305473000,3,REM
1601305773000,2,light
1601306073000,2,light
1601306373000,3,REM
1601306673000,1,deep
1601306973000,1,deep
1601307273000,3,REM
1601307573000,3,REM
1601307873000,3,REM
1601308173000,2,light
1601308473000,3,REM
1601308773000,3,REM
1601309073000,4,awake
1601309373000,4,awake
1601450910000,4,awake
1601451210000,4,awake
1601451510000,4,awake
1601451810000,2,light
1601452110000,2,light
1601452410000,2,light
1601452710000,2,light
1601453010000,2,light
1601453310000,1,deep
1601453610000,1,deep
1601453910000,1,deep
1601454210000,1,deep
1601454510000,1,deep
1601454810000,1,deep
1601455110000,1,deep
1601455410000,4,awake
1601455710000,2,light
1601456010000,2,light
1601456310000,2,light
1601456610000,2,light
1601456910000,1,deep
1601457210000,1,deep
1601457510000,2,light
1601457810000,2,light
1601458110000,2,light
1601458410000,1,deep
1601458710000,1,deep
1601459010000,1,deep
1601459310000,1,deep
1601459610000,1,deep
1601459910000,1,deep
1601460210000,1,deep
1601460510000,1,deep
1601460810000,3,REM
1601461110000,3,REM
1601461410000,3,REM
1601461710000,2,light
1601462010000,3,REM
1601462310000,3,REM
1601462610000,3,REM
1601462910000,3,REM
1601463210000,3,REM
1601463510000,3,REM
1601463810000,3,REM
1601464110000,2,light
1601464410000,2,light
1601464710000,2,light
1601465010000,2,light
1601465310000,2,light
1601465610000,2,light
1601465910000,2,light
1601466210000,2,light
1601466510000,1,deep
1601466810000,1,deep
1601467110000,1,deep
1601467410000,1,deep
1601467710000,1,deep
1601468010000,1,deep
1601468310000,2,light
1601468610000,2,light
1601468910000,2,light
1601469210000,3,REM
1601469510000,2,light
1601469810000,2,light
1601470110000,2,light
1601470410000,2,light
1601470710000,2,light
1601471010000,2,light
1601471310000,4,awake
1601471610000,2,light
1601471910000,2,light
1601472210000,2,light
1601472510000,2,light
1601472810000,2,light
1601473110000,4,awake
1601473410000,4,awake
1601473710000,4,awake
1601532387000,4,awake
1601532687000,2,light
1601532987000,2,light
1601533287000,4,awake
1601533587000,4,awake
1601533887000,2,light
1601534187000,2,light
1601534487000,1,deep
1601534787000,1,deep
1601535087000,1,deep
1601535387000,1,deep
1601535687000,1,deep
1601535987000,1,deep
1601536287000,1,deep
1601536587000,1,deep
1601536887000,2,light
1601537187000,2,light
1601537487000,2,light
1601537787000,2,light
1601538087000,2,light
1601538387000,1,deep
1601538687000,1,deep
1601538987000,1,deep
1601539287000,1,deep
1601539587000,1,deep
1601539887000,1,deep
1601540187000,1,deep
1601540487000,1,deep
1601540787000,1,deep
1601541087000,1,deep
1601541387000,1,deep
1601541687000,2,light
1601541987000,3,REM
1601542287000,2,light
1601542587000,3,REM
1601542887000,2,light
1601543187000,2,light
1601543487000,3,REM
1601543787000,4,awake
1601544087000,4,awake
1601544387000,2,light
1601544687000,2,light
1601544987000,2,light
1601545287000,2,light
1601545587000,2,light
1601545887000,1,deep
1601546187000,1,deep
1601546487000,1,deep
1601546787000,2,light
1601547087000,2,light
1601547387000,3,REM
1601547687000,3,REM
1601547987000,3,REM
1601548287000,3,REM
1601548587000,3,REM
1601548887000,3,REM
1601549187000,3,REM
1601549487000,2,light
1601549787000,2,light
1601550087000,2,light
1601550387000,2,light
1601550687000,2,light
1601550987000,2,light
1601551287000,2,light
1601551587000,2,light
1601551887000,2,light
1601552187000,2,light
1601552487000,1,deep
1601552787000,1,deep
1601553087000,1,deep
1601553387000,2,light
1601553687000,2,light
1601553987000,2,light
1601554287000,2,light
1601554587000,3,REM
1601554887000,2,light
1601555187000,3,REM
1601555487000,2,light
1601555787000,2,light
1601556087000,2,light
1601556387000,2,light
1601556687000,2,light
1601556987000,2,light
1601557287000,2,light
1601557587000,2,light
1601557887000,4,awake
1601558187000,2,light
1601558487000,2,light
1601558787000,2,light
1601559087000,2,light
1601559387000,3,REM
1601559687000,3,REM
1601559987000,3,REM
1601560287000,3,REM
1601560587000,3,REM
1601560887000,2,light
1601561187000,2,light
1601561487000,2,light
1601561787000,2,light
1601562087000,2,light
1601562387000,2,light
1601562687000,2,light
1601562987000,2,light
1601563287000,2,light
1601563587000,3,REM
1601563887000,3,REM
1601564187000,4,awake
1601564487000,4,awake
1601625179000,4,awake
1601625479000,4,awake
1601625779000,4,awake
1601626079000,2,light
1601626379000,2,light
1601626679000,2,light
1601626979000,2,light
1601627279000,1,deep
1601627579000,1,deep
1601627879000,2,light
1601628179000,2,light
1601628479000,1,deep
1601628779000,1,deep
1601629079000,1,deep
1601629379000,2,light
1601629679000,3,REM
1601629979000,2,light
1601630279000,2,light
1601630579000,1,deep
1601630879000,1,deep
1601631179000,1,deep
1601631479000,1,deep
1601631779000,1,deep
1601632079000,1,deep
1601632379000,1,deep
1601632679000,1,deep
1601632979000,1,deep
1601633279000,1,deep
1601633579000,1,deep
1601633879000,1,deep
1601634179000,2,light
1601634479000,2,light
1601634779000,3,REM
1601635079000,2,light
1601635379000,2,light
1601635679000,3,REM
1601635979000,2,light
1601636279000,2,light
1601636579000,2,light
1601636879000,1,deep
1601637179000,1,deep
1601637479000,1,deep
1601637779000,1,deep
1601638079000,1,deep
1601638379000,1,deep
1601638679000,2,light
1601638979000,2,light
1601639279000,3,REM
1601639579000,3,REM
1601639879000,3,REM
1601640179000,3,REM
1601640479000,3,REM
1601640779000,3,REM
1601641079000,3,REM
1601641379000,3,REM
1601641679000,2,light
1601641979000,2,light
1601642279000,2,light
1601642579000,2,light
1601642879000,2,light
1601643179000,1,deep
1601643479000,1,deep
1601643779000,1,deep
1601644079000,1,deep
1601644379000,2,light
1601644679000,2,light
1601644979000,2,light
1601645279000,2,light
1601645579000,3,REM
1601645879000,3,REM
1601646179000,3,REM
1601646479000,3,REM
1601646779000,2,light
1601647079000,3,REM
1601647379000,3,REM
1601647679000,2,light
1601647979000,2,light
1601648279000,2,light
1601648579000,2,light
1601648879000,4,awake
1601649179000,4,awake
1601649479000,4,awake
1601649779000,4,awake
1601726344000,2,light
1601726644000,2,light
1601726944000,2,light
1601727244000,2,light
1601727544000,2,light
1601727844000,3,REM
1601728144000,3,REM
1601728444000,3,REM
1601728744000,3,REM
1601729044000,1,deep
1601729344000,2,light
1601729644000,2,light
1601729944000,2,light
1601730244000,2,light
1601730544000,2,light
1601730844000,2,light
1601731144000,2,light
1601731444000,1,deep
1601731744000,1,deep
1601732044000,1,deep
1601732344000,1,deep
1601732644000,1,deep
1601732944000,2,light
1601733244000,1,deep
1601733544000,1,deep
1601733844000,2,light
1601734144000,1,deep
1601734444000,1,deep
1601734744000,1,deep
1601735044000,1,deep
1601735344000,1,deep
1601735644000,2,light
1601735944000,1,deep
1601736244000,1,deep
1601736544000,1,deep
1601736844000,1,deep
1601737144000,1,deep
1601737444000,2,light
1601737744000,2,light
1601738044000,4,awake
1601738344000,4,awake
1601863982000,4,awake
1601864282000,4,awake
1601864582000,2,light
1601864882000,2,light
1601865182000,2,light
1601865482000,2,light
1601865782000,1,deep
1601866082000,2,light
1601866382000,2,light
1601866682000,1,deep
1601866982000,1,deep
1601867282000,2,light
1601867582000,2,light
1601867882000,2,light
1601868182000,2,light
1601868482000,2,light
1601868782000,4,awake
1601869082000,4,awake
1601869382000,4,awake
1601869682000,4,awake
1601869982000,4,awake
1601870282000,4,awake
1601870582000,4,awake
1601870882000,4,awake
1601871182000,4,awake
1601871482000,4,awake
1601871782000,4,awake
1601872082000,4,awake
1601872382000,4,awake
1601872682000,4,awake
1601872982000,4,awake
1601873282000,4,awake
1601873582000,4,awake
1601873882000,4,awake
1601874182000,4,awake
1601874482000,4,awake
1601874782000,4,awake
1601875082000,4,awake
1601875382000,4,awake
1601875682000,4,awake
1601875982000,4,awake
1601876282000,4,awake
1601876582000,4,awake
1601876882000,4,awake
1601877182000,4,awake
1601877482000,4,awake
1601877782000,4,awake
1601878082000,4,awake
1601878382000,4,awake
1601878682000,4,awake
1601878982000,4,awake
1601879282000,4,awake
1601879582000,4,awake
1601879882000,4,awake
1601880182000,4,awake
1601880482000,4,awake
1601880782000,4,awake
1601881082000,4,awake
1601881382000,4,awake
1601881682000,4,awake
1601881982000,4,awake
1601882282000,4,awake
1601882582000,2,light
1601882882000,2,light
1601883182000,3,REM
1601883482000,3,REM
1601883782000,3,REM
1601884082000,2,light
1601884382000,2,light
1601884682000,2,light
1601884982000,2,light
1601885282000,1,deep
1601885582000,1,deep
1601885882000,1,deep
1601886182000,3,REM
1601886482000,3,REM
1601886782000,3,REM
1601887082000,2,light
1601887382000,2,light
1601887682000,2,light
1601887982000,2,light
1601888282000,2,light
1601888582000,3,REM
1601888882000,3,REM
1601889182000,2,light
1601889482000,2,light
1601889782000,3,REM
1601890082000,3,REM
1601890382000,3,REM
1601890682000,3,REM
1601890982000,3,REM
1601891282000,4,awake
1601891582000,3,REM
1601891882000,4,awake
1601892182000,3,REM
1601892482000,3,REM
1601892782000,3,REM
1601893082000,3,REM
1601893382000,3,REM
1601893682000,3,REM
1601893982000,2,light
1601894282000,2,light
1601894582000,2,light
1601894882000,2,light
1601895182000,2,light
1601895482000,2,light
1601895782000,2,light
1601896082000,2,light
1601896382000,2,light
1601896682000,3,REM
1601896982000,1,deep
1601897282000,2,light
1601897582000,3,REM
1601897882000,3,REM
1601898182000,3,REM
1601898482000,3,REM
1601898782000,3,REM
1601899082000,3,REM
1601899382000,2,light
1601899682000,2,light
1601899982000,2,light
1601900282000,2,light
1601900582000,3,REM
1601900882000,2,light
1601901182000,2,light
1601901482000,2,light
1601901782000,2,light
1601902082000,2,light
1601902382000,2,light
1601902682000,2,light
1601902982000,3,REM
1601903282000,3,REM
1601903582000,3,REM
1601903882000,3,REM
1601904182000,3,REM
1601904482000,3,REM
1601904782000,3,REM
1601905082000,2,light
1601905382000,2,light
1601905682000,3,REM
1601905982000,3,REM
1601906282000,3,REM
1601906582000,3,REM
1601906882000,3,REM
1601907182000,4,awake
1601907482000,2,light
1601907782000,2,light
1601908082000,4,awake
1601908382000,4,awake
