timestamp,heart_rate,heart_rmssd
1595068068000,0,0
1595068368000,60,152
1595068668000,60,168
1595068968000,61,156
1595069268000,57,146
1595069568000,57,136
1595069868000,56,149
1595070168000,56,142
1595070468000,59,143
1595070768000,0,0
1595071068000,58,156
1595071368000,56,155
1595071668000,56,169
1595071968000,55,166
1595072268000,54,151
1595072568000,60,137
1595072868000,55,171
1595073168000,57,208
1595073468000,57,217
1595073768000,0,0
1595074068000,0,0
1595074368000,61,135
1595074668000,63,133
1595074968000,63,126
1595075268000,63,128
1595075568000,53,200
1595075868000,0,0
1595076168000,0,0
1595076468000,0,0
1595076768000,53,201
1595077068000,53,199
1595077368000,65,163
1595077668000,55,203
1595077968000,53,201
1595078268000,0,0
1595078568000,56,223
1595078868000,57,163
1595079168000,52,190
1595079468000,53,193
1595079768000,52,194
1595080068000,53,197
1595080368000,52,203
1595080668000,51,202
1595080968000,58,157
1595081268000,0,0
1595081568000,0,0
1595081868000,0,0
1595082168000,57,183
1595082468000,55,205
1595082768000,56,206
1595083068000,56,214
1595083368000,50,229
1595083668000,52,207
1595083968000,50,206
1595084268000,49,223
1595084568000,57,186
1595084868000,59,180
1595085168000,51,255
1595085468000,51,244
1595085768000,53,228
1595086068000,57,206
1595086368000,49,189
1595086668000,48,189
1595086968000,0,0
1595087268000,0,0
1595087568000,0,0
1595087868000,58,143
1595088168000,58,169
1595088468000,62,154
1595088768000,57,175
1595089068000,60,161
1595089368000,58,176
1595089668000,60,151
1595089968000,57,182
1595090268000,51,166
1595090568000,52,193
1595090868000,50,215
1595091168000,51,214
1595091468000,50,203
1595091768000,56,187
1595092068000,52,183
1595092368000,52,196
1595092668000,0,0
1595092968000,51,218
1595093268000,0,0
1595093568000,58,139
1595093868000,55,165
1595094168000,0,0
1595094468000,57,166
1595094768000,0,0
1595095068000,61,149
1595095368000,56,171
1595095668000,0,0
1595095968000,0,0
1595096268000,0,0
1595096568000,58,184
1595096868000,0,0
1595097168000,0,0
1595097468000,0,0
1595097768000,0,0
1595098068000,0,0
1595098368000,54,172
1595098668000,52,159
1595098968000,53,149
1595099268000,0,0
1595099568000,0,0
1595099868000,0,0
1595100168000,0,0
1595100468000,51,164
1595100768000,0,0
1595101068000,0,0
1595101368000,0,0
1595101668000,0,0
1595101968000,65,121
1595102268000,55,134
1595102568000,54,128
1595102868000,68,131
1595103168000,81,62
1595103468000,0,0
1595103768000,69,139
1595104068000,0,0
1595156910000,0,0
1595157210000,64,141
1595157510000,62,157
1595157810000,60,157
1595158110000,58,158
1595158410000,57,147
1595158710000,58,153
1595159010000,62,129
1595159310000,57,126
1595159610000,56,143
1595159910000,57,166
1595160210000,57,171
1595160510000,57,181
1595160810000,62,147
1595161110000,59,142
1595161410000,62,146
1595161710000,64,121
1595162010000,70,57
1595162310000,63,119
1595162610000,58,178
1595162910000,54,165
1595163210000,52,185
1595163510000,52,164
1595163810000,54,171
1595164110000,53,120
1595164410000,54,150
1595164710000,55,174
1595165010000,54,164
1595165310000,55,156
1595165610000,56,169
1595165910000,69,117
1595166210000,58,169
1595166510000,55,179
1595166810000,56,177
1595167110000,55,156
1595167410000,60,136
1595167710000,64,105
1595168010000,61,113
1595168310000,65,95
1595168610000,61,129
1595168910000,61,128
1595169210000,57,156
1595169510000,56,164
1595169810000,55,152
1595170110000,55,169
1595170410000,56,171
1595170710000,57,176
1595171010000,0,0
1595171310000,54,212
1595171610000,56,199
1595171910000,56,190
1595172210000,56,192
1595172510000,61,161
1595172810000,60,128
1595173110000,57,141
1595173410000,60,115
1595173710000,58,156
1595174010000,65,115
1595174310000,59,149
1595174610000,65,98
1595174910000,69,84
1595175210000,59,142
1595175510000,57,140
1595175810000,56,128
1595176110000,56,145
1595176410000,55,150
1595176710000,56,133
1595177010000,56,143
1595177310000,57,130
1595177610000,61,142
1595177910000,55,188
1595178210000,57,168
1595178510000,57,174
1595178810000,59,163
1595179110000,65,106
1595179410000,60,124
1595179710000,62,123
1595180010000,60,137
1595180310000,63,123
1595180610000,64,100
1595180910000,62,113
1595181210000,60,138
1595181510000,60,153
1595181810000,59,158
1595182110000,60,142
1595182410000,76,81
1595182710000,59,114
1595183010000,56,132
1595183310000,57,127
1595183610000,72,108
1595183910000,65,122
1595184210000,59,133
1595184510000,64,137
1595184810000,61,126
1595185110000,0,0
1595185410000,68,105
1595185710000,64,129
1595186010000,63,119
1595243790000,74,113
1595244090000,72,103
1595244390000,68,87
1595244690000,70,95
1595244990000,71,99
1595245290000,68,115
1595245590000,69,104
1595245890000,70,102
1595246190000,69,90
1595246490000,68,103
1595246790000,67,107
1595247090000,73,108
1595247390000,63,127
1595247690000,59,131
1595247990000,59,135
1595248290000,62,126
1595248590000,66,115
1595248890000,64,109
1595249190000,66,87
1595249490000,64,128
1595249790000,61,141
1595250090000,61,147
1595250390000,61,138
1595250690000,61,164
1595250990000,56,168
1595251290000,58,163
1595251590000,57,194
1595251890000,59,153
1595252190000,0,0
1595252490000,61,174
1595252790000,56,187
1595253090000,61,153
1595253390000,60,148
1595253690000,58,155
1595253990000,59,140
1595254290000,61,114
1595254590000,63,108
1595254890000,64,108
1595255190000,61,153
1595255490000,65,91
1595255790000,66,82
1595256090000,65,93
1595256390000,60,148
1595256690000,59,175
1595256990000,58,170
1595257290000,61,163
1595257590000,58,197
1595257890000,57,164
1595258190000,53,178
1595258490000,55,165
1595258790000,53,190
1595259090000,53,202
1595259390000,0,0
1595259690000,52,218
1595259990000,0,0
1595260290000,68,117
1595260590000,54,182
1595260890000,54,176
1595261190000,54,187
1595261490000,58,164
1595261790000,55,172
1595262090000,60,141
1595262390000,61,118
1595262690000,68,110
1595262990000,63,121
1595263290000,58,182
1595263590000,57,176
1595263890000,57,188
1595264190000,57,173
1595264490000,58,168
1595264790000,57,186
1595265090000,62,168
1595265390000,59,156
1595265690000,56,153
1595265990000,55,158
1595266290000,57,147
1595266590000,58,152
1595266890000,61,121
1595267190000,0,0
1595267490000,0,0
1595267790000,68,101
1595268090000,59,158
1595268390000,58,177
1595268690000,56,154
1595268990000,53,156
1595269290000,53,171
1595269590000,58,150
1595269890000,59,142
1595270190000,70,84
1595270490000,0,0
1595270790000,55,142
1595271090000,54,153
1595271390000,57,150
1595271690000,0,0
1595271990000,0,0
1595330490000,68,112
1595330790000,63,146
1595331090000,64,150
1595331390000,65,133
1595331690000,62,148
1595331990000,59,156
1595332290000,58,166
1595332590000,58,163
1595332890000,58,166
1595333190000,56,151
1595333490000,54,150
1595333790000,53,152
1595334090000,52,182
1595334390000,54,161
1595334690000,55,160
1595334990000,56,161
1595335290000,57,167
1595335590000,57,160
1595335890000,56,162
1595336190000,52,167
1595336490000,52,170
1595336790000,53,167
1595337090000,55,205
1595337390000,50,199
1595337690000,51,188
1595337990000,51,197
1595338290000,52,200
1595338590000,52,207
1595338890000,52,205
1595339190000,53,182
1595339490000,54,171
1595339790000,53,179
1595340090000,50,189
1595340390000,49,184
1595340690000,52,195
1595340990000,54,158
1595341290000,55,164
1595341590000,56,150
1595341890000,57,153
1595342190000,56,171
1595342490000,0,0
1595342790000,62,120
1595343090000,59,156
1595343390000,61,126
1595343690000,54,220
1595343990000,59,185
1595344290000,49,207
1595344590000,48,222
1595344890000,50,215
1595345190000,54,202
1595345490000,51,192
1595345790000,52,181
1595346090000,55,168
1595346390000,50,182
1595346690000,51,185
1595346990000,56,181
1595347290000,55,199
1595347590000,52,214
1595347890000,59,188
1595348190000,60,143
1595348490000,60,143
1595348790000,60,158
1595349090000,63,112
1595349390000,64,124
1595349690000,58,172
1595349990000,58,166
1595350290000,0,0
1595350590000,60,177
1595350890000,56,155
1595351190000,53,177
1595351490000,53,186
1595351790000,53,183
1595352090000,0,0
1595352390000,53,174
1595352690000,54,171
1595352990000,54,160
1595353290000,73,120
1595353590000,63,147
1595353890000,62,158
1595354190000,56,181
1595354490000,60,132
1595354790000,61,131
1595355090000,57,146
1595355390000,54,172
1595355690000,59,127
1595355990000,0,0
1595356290000,58,142
1595356590000,69,112
1595356890000,63,133
1595357190000,54,165
1595357490000,54,159
1595357790000,55,151
1595358090000,0,0
1595358390000,0,0
1595358690000,0,0
1595358990000,59,139
1595359290000,55,142
1595359590000,59,126
1595359890000,58,139
1595360190000,63,117
1595360490000,63,123
1595360790000,65,110
1595361090000,73,49
1595416142000,0,0
1595416442000,0,0
1595416742000,0,0
1595417042000,61,124
1595417342000,58,161
1595417642000,56,152
1595417942000,56,141
1595418242000,56,153
1595418542000,57,143
1595418842000,57,153
1595419142000,58,165
1595419442000,57,156
1595419742000,57,136
1595420042000,52,142
1595420342000,53,155
1595420642000,53,169
1595420942000,54,157
1595421242000,55,147
1595421542000,56,136
1595421842000,56,144
1595422142000,55,186
1595422442000,58,169
1595422742000,59,130
1595423042000,55,138
1595423342000,55,167
1595423642000,59,125
1595423942000,56,132
1595424242000,53,145
1595424542000,54,198
1595424842000,49,190
1595425142000,51,176
1595425442000,51,177
1595425742000,54,181
1595426042000,51,174
1595426342000,51,166
1595426642000,53,150
1595426942000,53,159
1595427242000,51,174
1595427542000,55,138
1595427842000,53,150
1595428142000,50,166
1595428442000,53,153
1595428742000,56,137
1595429042000,56,147
1595429342000,57,145
1595429642000,61,150
1595429942000,60,134
1595430242000,58,148
1595430542000,58,145
1595430842000,60,132
1595431142000,56,164
1595431442000,54,182
1595431742000,55,169
1595432042000,55,159
1595432342000,57,163
1595432642000,52,162
1595432942000,51,147
1595433242000,50,155
1595433542000,52,157
1595433842000,52,162
1595434142000,51,161
1595434442000,52,173
1595434742000,52,170
1595435042000,56,140
1595435342000,56,126
1595435642000,62,93
1595435942000,60,183
1595436242000,57,154
1595436542000,66,94
1595436842000,63,105
1595437142000,58,148
1595437442000,59,151
1595437742000,58,142
1595438042000,55,149
1595438342000,54,205
1595438642000,53,208
1595438942000,54,206
1595439242000,54,184
1595439542000,55,183
1595439842000,55,176
1595440142000,57,155
1595440442000,56,159
1595440742000,56,167
1595441042000,64,106
1595441342000,56,140
1595441642000,57,130
1595441942000,59,133
1595442242000,59,142
1595442542000,61,129
1595442842000,59,151
1595443142000,57,154
1595443442000,52,180
1595443742000,53,175
1595444042000,55,149
1595444342000,57,134
1595444642000,61,131
1595444942000,57,143
1595445242000,56,136
1595445542000,56,133
1595445842000,55,125
1595446142000,61,120
1595446442000,55,148
1595446742000,53,144
1595447042000,54,155
1595447342000,65,117
1595503231000,60,175
1595503531000,57,180
1595503831000,57,187
1595504131000,58,172
1595504431000,56,176
1595504731000,57,175
1595505031000,58,179
1595505331000,73,103
1595505631000,56,141
1595505931000,56,139
1595506231000,55,141
1595506531000,53,146
1595506831000,0,0
1595507131000,59,145
1595507431000,0,0
1595507731000,51,153
1595508031000,53,167
1595508331000,51,171
1595508631000,56,155
1595508931000,51,181
1595509231000,50,184
1595509531000,53,163
1595509831000,54,156
1595510131000,57,148
1595510431000,56,165
1595510731000,58,163
1595511031000,57,158
1595511331000,61,126
1595511631000,59,149
1595511931000,56,163
1595512231000,52,163
1595512531000,52,166
1595512831000,52,180
1595513131000,52,192
1595513431000,52,193
1595513731000,53,200
1595514031000,54,183
1595514331000,59,179
1595514631000,53,203
1595514931000,52,199
1595515231000,52,202
1595515531000,54,204
1595515831000,54,195
1595516131000,54,189
1595516431000,62,152
1595516731000,56,156
1595517031000,60,136
1595517331000,54,171
1595517631000,60,123
1595517931000,59,144
1595518231000,55,172
1595518531000,56,158
1595518831000,55,147
1595519131000,62,117
1595519431000,60,163
1595519731000,58,180
1595520031000,53,212
1595520331000,52,228
1595520631000,52,221
1595520931000,53,221
1595521231000,52,215
1595521531000,50,178
1595521831000,50,171
1595522131000,51,168
1595522431000,51,174
1595522731000,52,168
1595523031000,52,154
1595523331000,55,155
1595523631000,54,162
1595523931000,57,147
1595524231000,56,157
1595524531000,58,178
1595524831000,56,178
1595525131000,57,186
1595525431000,60,156
1595525731000,58,159
1595526031000,0,0
1595526331000,0,0
1595526631000,51,180
1595526931000,51,192
1595527231000,52,175
1595527531000,52,168
1595527831000,53,179
1595528131000,0,0
1595528431000,58,169
1595528731000,60,171
1595529031000,0,0
1595529331000,56,158
1595529631000,54,177
1595529931000,53,163
1595530231000,58,154
1595530531000,68,138
1595530831000,0,0
1595531131000,50,146
1595531431000,0,0
1595531731000,0,0
1595532031000,0,0
1595532331000,0,0
1595591060000,0,0
1595591360000,64,123
1595591660000,63,143
1595591960000,62,154
1595592260000,61,148
1595592560000,61,149
1595592860000,61,140
1595593160000,59,142
1595593460000,57,166
1595593760000,62,152
1595594060000,57,150
1595594360000,56,157
1595594660000,57,158
1595594960000,61,131
1595595260000,61,123
1595595560000,59,145
1595595860000,55,170
1595596160000,55,168
1595596460000,55,178
1595596760000,54,194
1595597060000,55,178
1595597360000,58,167
1595597660000,55,185
1595597960000,53,194
1595598260000,56,183
1595598560000,54,205
1595598860000,55,190
1595599160000,55,187
1595599460000,52,181
1595599760000,52,187
1595600060000,52,189
1595600360000,56,168
1595600660000,62,138
1595600960000,61,132
1595601260000,62,120
1595601560000,61,138
1595601860000,60,139
1595602160000,62,110
1595602460000,54,201
1595602760000,54,199
1595603060000,52,193
1595603360000,53,186
1595603660000,59,178
1595603960000,52,214
1595604260000,51,181
1595604560000,54,173
1595604860000,55,162
1595605160000,58,185
1595605460000,53,183
1595605760000,53,170
1595606060000,54,183
1595606360000,55,187
1595606660000,54,204
1595606960000,55,201
1595607260000,60,160
1595607560000,65,111
1595607860000,63,131
1595608160000,58,166
1595608460000,60,146
1595608760000,62,134
1595609060000,59,154
1595609360000,58,164
1595609660000,56,172
1595609960000,56,191
1595610260000,53,219
1595610560000,58,180
1595610860000,54,210
1595611160000,54,201
1595611460000,55,201
1595611760000,56,187
1595612060000,56,177
1595612360000,59,168
1595612660000,58,158
1595612960000,59,152
1595613260000,66,127
1595613560000,62,151
1595613860000,67,110
1595614160000,0,0
1595614460000,58,181
1595614760000,56,168
1595615060000,54,165
1595615360000,59,161
1595615660000,0,0
1595615960000,63,124
1595616260000,65,99
1595616560000,64,116
1595616860000,65,118
1595617160000,65,113
1595617460000,58,169
1595617760000,0,0
1595618060000,73,81
1595618360000,74,81
1595618660000,0,0
1595678027000,0,0
1595678327000,57,129
1595678627000,58,152
1595678927000,59,172
1595679227000,58,162
1595679527000,59,160
1595679827000,59,139
1595680127000,55,125
1595680427000,55,110
1595680727000,55,123
1595681027000,55,121
1595681327000,55,129
1595681627000,55,140
1595681927000,55,147
1595682227000,61,119
1595682527000,64,92
1595682827000,64,111
1595683127000,54,186
1595683427000,54,181
1595683727000,61,142
1595684027000,53,154
1595684327000,52,148
1595684627000,52,160
1595684927000,52,159
1595685227000,52,158
1595685527000,50,165
1595685827000,51,159
1595686127000,58,159
1595686427000,53,188
1595686727000,51,190
1595687027000,52,194
1595687327000,56,184
1595687627000,53,196
1595687927000,54,206
1595688227000,53,183
1595688527000,0,0
1595688827000,0,0
1595689127000,53,200
1595689427000,50,186
1595689727000,51,171
1595690027000,0,0
1595690327000,49,184
1595690627000,49,202
1595690927000,48,197
1595691227000,49,227
1595691527000,0,0
1595691827000,50,173
1595692127000,49,162
1595692427000,50,175
1595692727000,49,189
1595693027000,48,165
1595693327000,51,194
1595693627000,54,177
1595693927000,61,191
1595694227000,0,0
1595694527000,0,0
1595694827000,58,186
1595695127000,0,0
1595695427000,55,196
1595695727000,53,223
1595696027000,54,220
1595696327000,53,223
1595696627000,55,202
1595696927000,49,193
1595697227000,51,192
1595697527000,49,179
1595697827000,53,189
1595698127000,55,161
1595698427000,53,180
1595698727000,54,170
1595699027000,57,187
1595699327000,55,189
1595699627000,0,0
1595699927000,0,0
1595700227000,52,233
1595700527000,50,223
1595700827000,51,226
1595701127000,54,218
1595701427000,52,212
1595701727000,54,198
1595702027000,0,0
1595702327000,0,0
1595702627000,0,0
1595702927000,56,201
1595703227000,55,204
1595703527000,0,0
1595703827000,54,203
1595704127000,54,177
1595704427000,55,188
1595704727000,0,0
1595705027000,0,0
1595705327000,0,0
1595705627000,0,0
1595705927000,50,170
1595706227000,49,162
1595706527000,50,164
1595706827000,50,159
1595707127000,52,177
1595707427000,77,81
1595707727000,0,0
1595708027000,0,0
1595708327000,0,0
1595708627000,0,0
1595708927000,0,0
1595709227000,66,125
1595709527000,59,203
1595709827000,56,134
1595710127000,53,162
1595710427000,56,178
1595710727000,71,100
1595763462000,0,0
1595763762000,0,0
1595764062000,60,139
1595764362000,59,130
1595764662000,58,138
1595764962000,56,139
1595765262000,56,125
1595765562000,56,127
1595765862000,56,133
1595766162000,56,138
1595766462000,55,136
1595766762000,54,150
1595767062000,55,160
1595767362000,60,133
1595767662000,59,137
1595767962000,61,125
1595768262000,55,137
1595768562000,56,145
1595768862000,55,160
1595769162000,54,202
1595769462000,56,170
1595769762000,52,171
1595770062000,51,168
1595770362000,56,147
1595770662000,51,166
1595770962000,51,157
1595771262000,50,178
1595771562000,50,176
1595771862000,49,176
1595772162000,50,172
1595772462000,49,184
1595772762000,52,182
1595773062000,54,190
1595773362000,57,196
1595773662000,52,202
1595773962000,58,164
1595774262000,54,176
1595774562000,53,163
1595774862000,54,165
1595775162000,56,133
1595775462000,62,106
1595775762000,57,182
1595776062000,54,190
1595776362000,57,161
1595776662000,55,172
1595776962000,54,208
1595777262000,55,230
1595777562000,49,187
1595777862000,50,195
1595778162000,51,191
1595778462000,50,198
1595778762000,60,150
1595779062000,53,151
1595779362000,51,171
1595779662000,52,174
1595779962000,51,173
1595780262000,51,176
1595780562000,53,182
1595780862000,56,151
1595781162000,57,143
1595781462000,57,140
1595781762000,57,128
1595782062000,56,152
1595782362000,55,150
1595782662000,58,137
1595782962000,55,180
1595783262000,52,191
1595783562000,53,184
1595783862000,54,175
1595784162000,54,176
1595784462000,59,166
1595784762000,56,145
1595785062000,53,148
1595785362000,57,140
1595785662000,57,111
1595785962000,54,125
1595786262000,57,103
1595786562000,56,175
1595786862000,62,126
1595787162000,63,138
1595787462000,59,154
1595787762000,56,159
1595788062000,54,158
1595788362000,55,163
1595788662000,54,168
1595788962000,53,189
1595789262000,62,133
1595789562000,55,142
1595789862000,53,146
1595790162000,57,126
1595790462000,54,154
1595790762000,53,162
1595791062000,53,179
1595791362000,56,158
1595791662000,59,164
1595791962000,57,177
1595792262000,55,190
1595792562000,55,202
1595792862000,57,189
1595793162000,57,177
1595793462000,61,135
1595793762000,56,153
1595794062000,55,136
1595794362000,55,146
1595794662000,53,156
1595794962000,53,160
1595795262000,54,164
1595795562000,55,156
1595795862000,56,148
1595796162000,82,54
1595850841000,0,0
1595851141000,0,0
1595851441000,0,0
1595851741000,0,0
1595852041000,62,111
1595852341000,62,109
1595852641000,61,98
1595852941000,60,116
1595853241000,58,128
1595853541000,58,113
1595853841000,57,122
1595854141000,57,111
1595854441000,58,103
1595854741000,59,103
1595855041000,58,125
1595855341000,59,125
1595855641000,58,119
1595855941000,58,135
1595856241000,56,146
1595856541000,64,118
1595856841000,63,101
1595857141000,64,89
1595857441000,62,108
1595857741000,58,141
1595858041000,54,169
1595858341000,55,153
1595858641000,55,141
1595858941000,59,132
1595859241000,54,131
1595859541000,55,144
1595859841000,53,153
1595860141000,54,142
1595860441000,54,146
1595860741000,56,134
1595861041000,58,128
1595861341000,57,118
1595861641000,60,102
1595861941000,58,113
1595862241000,61,106
1595862541000,59,125
1595862841000,55,141
1595863141000,55,169
1595863441000,54,175
1595863741000,55,160
1595864041000,55,185
1595864341000,55,162
1595864641000,53,182
1595864941000,54,165
1595865241000,54,173
1595865541000,54,156
1595865841000,50,158
1595866141000,55,127
1595866441000,56,119
1595866741000,52,143
1595867041000,58,144
1595867341000,54,163
1595867641000,55,137
1595867941000,53,174
1595868241000,62,98
1595868541000,55,157
1595868841000,57,143
1595869141000,58,134
1595869441000,54,173
1595869741000,54,165
1595870041000,54,158
1595870341000,56,142
1595870641000,54,150
1595870941000,54,147
1595871241000,53,151
1595871541000,54,121
1595871841000,54,136
1595872141000,56,124
1595872441000,58,139
1595872741000,57,113
1595873041000,57,126
1595873341000,58,115
1595873641000,54,137
1595873941000,61,145
1595874241000,55,142
1595874541000,54,150
1595874841000,55,146
1595875141000,56,142
1595875441000,58,142
1595875741000,56,132
1595876041000,58,131
1595876341000,64,122
1595876641000,66,92
1595876941000,77,33
1595877241000,73,52
1595936973000,61,113
1595937273000,60,111
1595937573000,60,119
1595937873000,60,106
1595938173000,59,127
1595938473000,59,100
1595938773000,59,124
1595939073000,59,140
1595939373000,58,150
1595939673000,58,149
1595939973000,58,129
1595940273000,60,136
1595940573000,58,120
1595940873000,56,119
1595941173000,61,81
1595941473000,61,87
1595941773000,62,78
1595942073000,56,108
1595942373000,55,103
1595942673000,55,102
1595942973000,54,133
1595943273000,53,135
1595943573000,54,135
1595943873000,54,131
1595944173000,54,133
1595944473000,54,130
1595944773000,55,148
1595945073000,52,162
1595945373000,52,152
1595945673000,52,163
1595945973000,52,169
1595946273000,55,155
1595946573000,54,167
1595946873000,57,96
1595947173000,59,93
1595947473000,58,94
1595947773000,57,134
1595948073000,60,105
1595948373000,56,141
1595948673000,56,143
1595948973000,52,141
1595949273000,53,137
1595949573000,53,134
1595949873000,53,139
1595950173000,51,183
1595950473000,51,196
1595950773000,53,161
1595951073000,53,179
1595951373000,49,149
1595951673000,49,160
1595951973000,52,144
1595952273000,51,140
1595952573000,51,129
1595952873000,57,136
1595953173000,53,178
1595953473000,56,167
1595953773000,57,151
1595954073000,59,141
1595954373000,65,98
1595954673000,56,156
1595954973000,60,124
1595955273000,58,143
1595955573000,57,141
1595955873000,56,177
1595956173000,56,179
1595956473000,52,131
1595956773000,52,153
1595957073000,53,129
1595957373000,53,133
1595957673000,52,134
1595957973000,53,128
1595958273000,56,123
1595958573000,51,132
1595958873000,58,139
1595959173000,57,172
1595959473000,53,167
1595959773000,57,143
1595960073000,57,155
1595960373000,57,155
1595960673000,60,119
1595960973000,62,95
1595961273000,59,106
1595961573000,57,137
1595961873000,57,133
1595962173000,68,120
1595962473000,62,117
1595962773000,85,38
1595963073000,82,44
1595963373000,0,0
1595963673000,0,0
1596023123000,71,97
1596023423000,65,113
1596023723000,62,130
1596024023000,61,140
1596024323000,59,153
1596024623000,60,152
1596024923000,60,157
1596025223000,59,167
1596025523000,59,157
1596025823000,60,168
1596026123000,60,167
1596026423000,59,181
1596026723000,66,120
1596027023000,60,135
1596027323000,58,147
1596027623000,58,149
1596027923000,56,148
1596028223000,54,153
1596028523000,58,124
1596028823000,54,136
1596029123000,54,136
1596029423000,55,131
1596029723000,55,149
1596030023000,55,132
1596030323000,56,136
1596030623000,60,135
1596030923000,55,168
1596031223000,54,165
1596031523000,59,159
1596031823000,54,187
1596032123000,53,208
1596032423000,54,177
1596032723000,59,138
1596033023000,60,131
1596033323000,57,155
1596033623000,61,135
1596033923000,56,168
1596034223000,58,145
1596034523000,59,145
1596034823000,58,134
1596035123000,58,136
1596035423000,57,142
1596035723000,54,167
1596036023000,55,157
1596036323000,55,162
1596036623000,58,167
1596036923000,52,203
1596037223000,53,198
1596037523000,54,186
1596037823000,53,179
1596038123000,54,186
1596038423000,55,152
1596038723000,52,167
1596039023000,50,151
1596039323000,49,168
1596039623000,50,164
1596039923000,56,162
1596040223000,56,146
1596040523000,60,168
1596040823000,60,138
1596041123000,60,122
1596041423000,58,167
1596041723000,59,133
1596042023000,59,154
1596042323000,58,135
1596042623000,57,148
1596042923000,54,171
1596043223000,53,165
1596043523000,52,167
1596043823000,53,149
1596044123000,53,150
1596044423000,53,157
1596044723000,55,157
1596045023000,66,145
1596045323000,57,149
1596045623000,57,144
1596045923000,54,167
1596046223000,54,147
1596046523000,55,147
1596046823000,59,144
1596047123000,57,166
1596047423000,53,164
1596047723000,58,138
1596048023000,60,127
1596048323000,53,150
1596048623000,54,146
1596048923000,61,152
1596049223000,0,0
1596049523000,54,144
1596049823000,57,122
1596050123000,60,116
1596050423000,53,144
1596050723000,54,153
1596051023000,55,144
1596051323000,54,137
1596051623000,54,145
1596051923000,65,120
1596052223000,58,133
1596052523000,56,165
1596052823000,61,161
1596053123000,65,113
1596053423000,64,121
1596053723000,58,122
1596054023000,59,123
1596054323000,56,142
1596054623000,0,0
1596054923000,0,0
1596055223000,0,0
1596055523000,0,0
1596055823000,59,161
1596056123000,66,99
1596056423000,53,133
1596056723000,57,141
1596057023000,59,112
1596057323000,56,136
1596057623000,57,118
1596057923000,66,110
1596058223000,0,0
1596110094000,0,0
1596110394000,63,119
1596110694000,56,161
1596110994000,56,165
1596111294000,55,148
1596111594000,56,149
1596111894000,56,161
1596112194000,56,153
1596112494000,56,163
1596112794000,55,165
1596113094000,58,131
1596113394000,52,136
1596113694000,52,150
1596113994000,52,160
1596114294000,53,166
1596114594000,59,141
1596114894000,55,155
1596115194000,56,155
1596115494000,60,122
1596115794000,58,157
1596116094000,55,170
1596116394000,54,184
1596116694000,55,198
1596116994000,55,182
1596117294000,55,172
1596117594000,58,155
1596117894000,52,169
1596118194000,57,167
1596118494000,52,194
1596118794000,54,183
1596119094000,53,179
1596119394000,54,150
1596119694000,52,165
1596119994000,56,154
1596120294000,53,157
1596120594000,54,158
1596120894000,54,155
1596121194000,55,165
1596121494000,58,146
1596121794000,59,139
1596122094000,56,144
1596122394000,55,178
1596122694000,53,182
1596122994000,54,187
1596123294000,54,190
1596123594000,56,175
1596123894000,56,192
1596124194000,52,242
1596124494000,53,207
1596124794000,53,218
1596125094000,60,183
1596125394000,56,183
1596125694000,55,180
1596125994000,60,151
1596126294000,55,150
1596126594000,57,149
1596126894000,54,144
1596127194000,53,156
1596127494000,57,134
1596127794000,56,143
1596128094000,52,190
1596128394000,62,120
1596128694000,60,143
1596128994000,56,185
1596129294000,52,184
1596129594000,51,179
1596129894000,51,191
1596130194000,52,171
1596130494000,54,169
1596130794000,53,167
1596131094000,53,167
1596131394000,54,154
1596131694000,56,155
1596131994000,55,149
1596132294000,59,152
1596132594000,57,151
1596132894000,58,149
1596133194000,63,105
1596133494000,54,166
1596133794000,54,135
1596134094000,54,152
1596134394000,55,144
1596134694000,53,169
1596134994000,55,155
1596135294000,59,142
1596135594000,63,137
1596135894000,68,96
1596136194000,75,54
1596136494000,71,72
1596194733000,60,155
1596195033000,58,164
1596195333000,60,161
1596195633000,56,177
1596195933000,54,176
1596196233000,54,182
1596196533000,53,180
1596196833000,53,189
1596197133000,57,173
1596197433000,55,230
1596197733000,54,220
1596198033000,61,181
1596198333000,57,147
1596198633000,56,170
1596198933000,57,170
1596199233000,55,175
1596199533000,52,179
1596199833000,53,175
1596200133000,53,198
1596200433000,53,198
1596200733000,53,176
1596201033000,53,176
1596201333000,52,180
1596201633000,56,165
1596201933000,56,158
1596202233000,52,187
1596202533000,54,171
1596202833000,55,184
1596203133000,57,157
1596203433000,50,168
1596203733000,48,190
1596204033000,50,189
1596204333000,50,202
1596204633000,54,161
1596204933000,57,172
1596205233000,61,136
1596205533000,60,148
1596205833000,56,162
1596206133000,56,165
1596206433000,60,134
1596206733000,62,98
1596207033000,61,126
1596207333000,53,187
1596207633000,51,221
1596207933000,51,197
1596208233000,54,201
1596208533000,54,184
1596208833000,53,178
1596209133000,52,181
1596209433000,52,179
1596209733000,55,166
1596210033000,53,139
1596210333000,52,152
1596210633000,52,162
1596210933000,49,157
1596211233000,51,172
1596211533000,54,159
1596211833000,51,170
1596212133000,52,153
1596212433000,56,141
1596212733000,60,144
1596213033000,61,142
1596213333000,57,158
1596213633000,56,172
1596213933000,58,149
1596214233000,59,146
1596214533000,56,210
1596214833000,51,179
1596215133000,52,161
1596215433000,52,171
1596215733000,53,166
1596216033000,53,162
1596216333000,56,147
1596216633000,58,137
1596216933000,56,145
1596217233000,56,141
1596217533000,57,154
1596217833000,55,144
1596218133000,58,126
1596218433000,59,127
1596218733000,60,161
1596219033000,61,121
1596219333000,59,149
1596219633000,57,172
1596219933000,57,173
1596220233000,58,177
1596220533000,54,213
1596220833000,62,150
1596221133000,54,158
1596221433000,51,142
1596221733000,54,139
1596222033000,58,125
1596222333000,59,150
1596222633000,60,132
1596222933000,60,106
1596223233000,55,125
1596223533000,62,106
1596223833000,63,108
1596224133000,0,0
1596280022000,0,0
1596280322000,59,159
1596280622000,58,166
1596280922000,60,172
1596281222000,58,160
1596281522000,58,151
1596281822000,60,152
1596282122000,56,140
1596282422000,55,147
1596282722000,56,159
1596283022000,61,134
1596283322000,56,142
1596283622000,54,136
1596283922000,52,153
1596284222000,52,152
1596284522000,53,158
1596284822000,52,151
1596285122000,56,156
1596285422000,60,132
1596285722000,65,111
1596286022000,64,103
1596286322000,65,125
1596286622000,61,157
1596286922000,54,194
1596287222000,53,217
1596287522000,53,201
1596287822000,53,201
1596288122000,53,197
1596288422000,52,186
1596288722000,53,187
1596289022000,51,186
1596289322000,51,177
1596289622000,51,208
1596289922000,0,0
1596290222000,52,168
1596290522000,51,162
1596290822000,55,157
1596291122000,60,172
1596291422000,52,216
1596291722000,52,220
1596292022000,0,0
1596292322000,56,158
1596292622000,53,163
1596292922000,54,191
1596293222000,56,180
1596293522000,60,156
1596293822000,55,176
1596294122000,52,163
1596294422000,55,182
1596294722000,52,176
1596295022000,51,171
1596295322000,51,182
1596295622000,52,168
1596295922000,51,170
1596296222000,51,188
1596296522000,51,188
1596296822000,55,176
1596297122000,51,226
1596297422000,53,215
1596297722000,49,166
1596298022000,55,142
1596298322000,49,157
1596298622000,51,158
1596298922000,52,141
1596299222000,66,135
1596299522000,61,137
1596299822000,57,186
1596300122000,60,152
1596300422000,61,157
1596300722000,58,174
1596301022000,56,155
1596301322000,54,188
1596301622000,51,202
1596301922000,52,188
1596302222000,52,181
1596302522000,60,162
1596302822000,51,222
1596303122000,56,200
1596303422000,53,207
1596303722000,56,195
1596304022000,0,0
1596304322000,55,178
1596304622000,57,173
1596304922000,56,146
1596305222000,59,157
1596305522000,62,140
1596305822000,58,187
1596306122000,58,168
1596306422000,61,147
1596306722000,56,156
1596307022000,56,157
1596307322000,0,0
1596307622000,0,0
1596307922000,0,0
1596308222000,0,0
1596308522000,0,0
1596308822000,0,0
1596309122000,52,161
1596309422000,0,0
1596309722000,0,0
1596310022000,0,0
1596310322000,57,115
1596310622000,53,123
1596310922000,53,137
1596311222000,55,159
1596311522000,56,168
1596311822000,58,174
1596312122000,59,161
1596312422000,60,176
1596312722000,58,155
1596313022000,56,157
1596313322000,55,168
1596313622000,56,145
1596313922000,53,144
1596314222000,56,143
1596314522000,67,133
1596314822000,56,174
1596315122000,55,182
1596315422000,59,175
1596315722000,63,134
1596316022000,57,142
1596316322000,57,138
1596316622000,56,154
1596316922000,56,170
1596317222000,58,187
1596317522000,64,114
1596317822000,59,158
1596318122000,58,170
1596318422000,58,174
1596318722000,64,140
1596319022000,57,133
1596319322000,56,149
1596319622000,55,155
1596319922000,55,161
1596320222000,56,155
1596320522000,84,72
1596320822000,66,130
1596321122000,66,141
1596321422000,65,118
1596321722000,62,120
1596322022000,65,128
1596322322000,76,73
1596322622000,79,43
1596322922000,75,68
1596371338000,58,169
1596371638000,54,156
1596371938000,55,152
1596372238000,62,135
1596372538000,53,157
1596372838000,54,158
1596373138000,51,139
1596373438000,50,152
1596373738000,51,154
1596374038000,51,169
1596374338000,50,162
1596374638000,53,153
1596374938000,49,150
1596375238000,49,150
1596375538000,49,166
1596375838000,49,182
1596376138000,50,197
1596376438000,51,168
1596376738000,61,123
1596377038000,49,177
1596377338000,48,181
1596377638000,48,198
1596377938000,49,201
1596378238000,50,219
1596378538000,56,177
1596378838000,52,184
1596379138000,53,173
1596379438000,51,188
1596379738000,54,157
1596380038000,52,186
1596380338000,50,160
1596380638000,48,165
1596380938000,47,157
1596381238000,49,189
1596381538000,47,222
1596381838000,48,211
1596382138000,50,216
1596382438000,49,208
1596382738000,50,211
1596383038000,55,181
1596383338000,49,153
1596383638000,49,154
1596383938000,49,160
1596384238000,49,161
1596384538000,50,163
1596384838000,50,158
1596385138000,54,159
1596385438000,55,155
1596385738000,54,169
1596386038000,62,111
1596386338000,59,158
1596386638000,58,171
1596386938000,58,152
1596387238000,57,169
1596387538000,51,165
1596387838000,48,174
1596388138000,48,197
1596388438000,49,198
1596388738000,50,187
1596389038000,50,180
1596389338000,50,176
1596389638000,55,160
1596389938000,51,185
1596390238000,50,187
1596390538000,53,166
1596390838000,58,153
1596391138000,54,137
1596391438000,53,183
1596391738000,53,179
1596392038000,52,187
1596392338000,54,189
1596392638000,58,153
1596392938000,0,0
1596393238000,54,205
1596393538000,54,221
1596393838000,53,201
1596394138000,60,131
1596394438000,52,171
1596394738000,53,147
1596395038000,51,151
1596395338000,51,161
1596395638000,52,140
1596395938000,61,128
1596396238000,0,0
1596396538000,64,129
1596396838000,58,142
1596397138000,0,0
1596397438000,0,0
1596397738000,61,131
1596398038000,58,151
1596451207000,0,0
1596451507000,64,116
1596451807000,62,128
1596452107000,62,139
1596452407000,61,138
1596452707000,61,130
1596453007000,62,134
1596453307000,69,85
1596453607000,56,112
1596453907000,57,103
1596454207000,56,102
1596454507000,60,108
1596454807000,57,129
1596455107000,55,118
1596455407000,58,117
1596455707000,58,111
1596456007000,57,113
1596456307000,62,70
1596456607000,61,92
1596456907000,62,93
1596457207000,62,82
1596457507000,58,129
1596457807000,55,127
1596458107000,55,121
1596458407000,56,111
1596458707000,56,114
1596459007000,56,108
1596459307000,57,104
1596459607000,57,99
1596459907000,57,99
1596460207000,58,99
1596460507000,62,95
1596460807000,60,113
1596461107000,53,130
1596461407000,52,158
1596461707000,57,142
1596462007000,54,143
1596462307000,54,135
1596462607000,54,151
1596462907000,56,140
1596463207000,53,157
1596463507000,54,154
1596463807000,57,140
1596464107000,56,125
1596464407000,57,123
1596464707000,56,100
1596465007000,57,110
1596465307000,57,112
1596465607000,60,105
1596465907000,58,110
1596466207000,65,50
1596466507000,54,127
1596466807000,54,124
1596467107000,55,129
1596467407000,55,141
1596467707000,56,112
1596468007000,56,116
1596468307000,56,111
1596468607000,57,101
1596468907000,62,100
1596469207000,55,136
1596469507000,54,148
1596469807000,54,153
1596470107000,59,130
1596470407000,58,134
1596470707000,59,127
1596471007000,56,118
1596471307000,56,108
1596471607000,58,97
1596471907000,57,119
1596472207000,57,115
1596472507000,57,105
1596472807000,58,101
1596473107000,59,88
1596473407000,59,94
1596473707000,61,97
1596474007000,54,166
1596474307000,55,158
1596474607000,57,133
1596474907000,63,98
1596475207000,58,100
1596475507000,56,101
1596475807000,58,76
1596476107000,57,99
1596476407000,57,124
1596476707000,60,105
1596477007000,60,80
1596477307000,62,70
1596477607000,62,73
1596477907000,62,86
1596478207000,58,107
1596478507000,59,114
1596478807000,54,159
1596479107000,55,145
1596479407000,55,145
1596479707000,57,138
1596480007000,59,113
1596480307000,67,98
1596480607000,69,83
1596480907000,61,109
1596481207000,66,108
1596481507000,72,76
1596481807000,66,93
1596482107000,0,0
1596537277000,0,0
1596537577000,76,65
1596537877000,70,94
1596538177000,75,99
1596538477000,70,128
1596538777000,60,152
1596539077000,56,146
1596539377000,56,145
1596539677000,56,130
1596539977000,63,134
1596540277000,55,140
1596540577000,55,143
1596540877000,56,158
1596541177000,54,141
1596541477000,60,129
1596541777000,56,134
1596542077000,54,138
1596542377000,54,155
1596542677000,54,167
1596542977000,55,162
1596543277000,57,154
1596543577000,58,140
1596543877000,60,134
1596544177000,61,131
1596544477000,63,95
1596544777000,62,116
1596545077000,50,162
1596545377000,50,176
1596545677000,50,187
1596545977000,53,161
1596546277000,53,168
1596546577000,52,149
1596546877000,54,138
1596547177000,53,166
1596547477000,54,176
1596547777000,57,173
1596548077000,53,185
1596548377000,53,187
1596548677000,57,165
1596548977000,52,189
1596549277000,53,201
1596549577000,55,201
1596549877000,62,152
1596550177000,60,120
1596550477000,61,108
1596550777000,61,126
1596551077000,61,132
1596551377000,62,109
1596551677000,59,169
1596551977000,58,153
1596552277000,58,153
1596552577000,56,169
1596552877000,54,189
1596553177000,53,180
1596553477000,54,178
1596553777000,58,154
1596554077000,55,211
1596554377000,57,208
1596554677000,51,205
1596554977000,52,199
1596555277000,53,184
1596555577000,55,152
1596555877000,49,197
1596556177000,56,174
1596556477000,52,167
1596556777000,56,163
1596557077000,53,159
1596557377000,53,163
1596557677000,73,94
1596557977000,0,0
1596623099000,0,0
1596623399000,58,181
1596623699000,58,189
1596623999000,58,174
1596624299000,60,173
1596624599000,63,145
1596624899000,56,138
1596625199000,55,140
1596625499000,55,146
1596625799000,58,132
1596626099000,56,164
1596626399000,55,164
1596626699000,58,151
1596626999000,62,135
1596627299000,64,97
1596627599000,63,94
1596627899000,62,97
1596628199000,62,108
1596628499000,59,129
1596628799000,54,145
1596629099000,52,145
1596629399000,53,147
1596629699000,54,169
1596629999000,54,167
1596630299000,55,163
1596630599000,55,166
1596630899000,54,154
1596631199000,58,134
1596631499000,63,121
1596631799000,54,141
1596632099000,53,173
1596632399000,54,186
1596632699000,54,199
1596632999000,54,200
1596633299000,54,193
1596633599000,56,133
1596633899000,56,112
1596634199000,59,81
1596634499000,58,136
1596634799000,59,106
1596635099000,57,123
1596635399000,59,117
1596635699000,58,132
1596635999000,56,152
1596636299000,54,171
1596636599000,55,172
1596636899000,54,163
1596637199000,55,155
1596637499000,55,160
1596637799000,56,172
1596638099000,51,183
1596638399000,51,172
1596638699000,53,174
1596638999000,55,163
1596639299000,53,154
1596639599000,51,147
1596639899000,51,164
1596640199000,55,154
1596640499000,54,150
1596640799000,57,133
1596641099000,60,116
1596641399000,59,134
1596641699000,57,165
1596641999000,62,108
1596642299000,60,114
1596642599000,60,120
1596642899000,62,102
1596643199000,56,182
1596643499000,56,177
1596643799000,57,181
1596644099000,50,164
1596644399000,60,128
1596644699000,52,161
1596644999000,53,166
1596645299000,54,163
1596645599000,56,144
1596645899000,55,137
1596646199000,56,145
1596646499000,63,112
1596646799000,61,125
1596647099000,56,156
1596647399000,59,132
1596647699000,59,145
1596647999000,60,138
1596648299000,58,154
1596648599000,61,145
1596648899000,60,140
1596649199000,57,162
1596649499000,52,165
1596649799000,52,160
1596650099000,52,166
1596650399000,62,150
1596650699000,66,128
1596650999000,0,0
1596651299000,53,128
1596651599000,53,144
1596651899000,57,131
1596652199000,57,130
1596652499000,59,151
1596652799000,53,154
1596653099000,57,169
1596653399000,59,155
1596653699000,57,145
1596653999000,59,128
1596654299000,56,122
1596654599000,55,129
1596654899000,74,80
1596655199000,78,67
1596711088000,0,0
1596711388000,64,129
1596711688000,63,160
1596711988000,62,176
1596712288000,62,166
1596712588000,67,135
1596712888000,61,158
1596713188000,62,169
1596713488000,70,119
1596713788000,58,137
1596714088000,55,142
1596714388000,54,153
1596714688000,55,123
1596714988000,55,142
1596715288000,55,147
1596715588000,56,147
1596715888000,54,152
1596716188000,56,162
1596716488000,60,131
1596716788000,63,94
1596717088000,66,64
1596717388000,64,91
1596717688000,58,155
1596717988000,60,133
1596718288000,57,152
1596718588000,56,146
1596718888000,56,152
1596719188000,57,139
1596719488000,57,144
1596719788000,59,151
1596720088000,59,141
1596720388000,57,117
1596720688000,59,113
1596720988000,55,154
1596721288000,59,161
1596721588000,55,181
1596721888000,56,199
1596722188000,60,167
1596722488000,71,91
1596722788000,57,127
1596723088000,55,157
1596723388000,54,147
1596723688000,56,147
1596723988000,61,150
1596724288000,54,175
1596724588000,58,160
1596724888000,58,164
1596725188000,54,158
1596725488000,56,144
1596725788000,61,95
1596726088000,61,94
1596726388000,60,138
1596726688000,60,137
1596726988000,60,133
1596727288000,56,141
1596727588000,54,151
1596727888000,53,160
1596728188000,54,178
1596728488000,53,147
1596728788000,54,151
1596729088000,55,183
1596729388000,57,177
1596729688000,57,159
1596729988000,55,152
1596730288000,56,149
1596730588000,58,141
1596730888000,60,135
1596731188000,57,131
1596731488000,56,152
1596731788000,61,106
1596732088000,60,124
1596732388000,68,85
1596732688000,62,124
1596732988000,62,108
1596733288000,58,174
1596733588000,55,172
1596733888000,54,187
1596734188000,55,185
1596734488000,56,187
1596734788000,54,146
1596735088000,54,130
1596735388000,53,128
1596735688000,55,136
1596735988000,56,136
1596736288000,60,120
1596736588000,57,157
1596736888000,62,105
1596737188000,64,81
1596737488000,60,127
1596737788000,60,118
1596738088000,61,116
1596738388000,61,119
1596738688000,57,132
1596738988000,58,118
1596739288000,57,128
1596739588000,66,118
1596739888000,56,161
1596740188000,66,134
1596740488000,72,91
1596740788000,58,136
1596741088000,60,115
1596741388000,59,126
1596741688000,65,100
1596741988000,0,0
1596742288000,54,135
1596742588000,59,117
1596742888000,74,50
1596743188000,0,0
1596743488000,70,84
1596796319000,64,116
1596796619000,62,130
1596796919000,61,127
1596797219000,61,132
1596797519000,62,129
1596797819000,63,139
1596798119000,61,124
1596798419000,61,129
1596798719000,60,133
1596799019000,66,123
1596799319000,59,126
1596799619000,57,134
1596799919000,60,124
1596800219000,57,157
1596800519000,58,139
1596800819000,61,124
1596801119000,65,77
1596801419000,62,115
1596801719000,60,120
1596802019000,59,126
1596802319000,59,125
1596802619000,56,137
1596802919000,55,135
1596803219000,54,135
1596803519000,61,122
1596803819000,55,151
1596804119000,55,140
1596804419000,60,119
1596804719000,57,136
1596805019000,56,133
1596805319000,57,132
1596805619000,57,129
1596805919000,57,139
1596806219000,57,142
1596806519000,63,143
1596806819000,72,84
1596807119000,58,151
1596807419000,56,155
1596807719000,55,184
1596808019000,56,156
1596808319000,56,139
1596808619000,56,146
1596808919000,58,124
1596809219000,55,132
1596809519000,60,79
1596809819000,63,108
1596810119000,60,121
1596810419000,61,119
1596810719000,60,141
1596811019000,55,157
1596811319000,64,159
1596811619000,69,73
1596811919000,0,0
1596882294000,0,0
1596882594000,60,149
1596882894000,58,154
1596883194000,56,141
1596883494000,56,130
1596883794000,55,127
1596884094000,56,153
1596884394000,55,144
1596884694000,56,130
1596884994000,54,133
1596885294000,56,147
1596885594000,55,169
1596885894000,56,161
1596886194000,56,164
1596886494000,60,131
1596886794000,75,107
1596887094000,62,133
1596887394000,61,136
1596887694000,56,132
1596887994000,54,148
1596888294000,52,141
1596888594000,54,134
1596888894000,52,151
1596889194000,53,140
1596889494000,53,139
1596889794000,59,130
1596890094000,54,141
1596890394000,53,149
1596890694000,53,147
1596890994000,55,140
1596891294000,53,166
1596891594000,0,0
1596891894000,63,123
1596892194000,62,126
1596892494000,60,155
1596892794000,67,68
1596893094000,62,144
1596893394000,63,124
1596893694000,56,179
1596893994000,54,213
1596894294000,53,216
1596894594000,54,192
1596894894000,54,185
1596895194000,49,173
1596895494000,51,173
1596895794000,50,183
1596896094000,52,180
1596896394000,55,147
1596896694000,51,142
1596896994000,51,145
1596897294000,51,159
1596897594000,56,140
1596897894000,51,146
1596898194000,54,155
1596898494000,61,153
1596898794000,59,163
1596899094000,59,170
1596899394000,58,187
1596899694000,54,183
1596899994000,55,182
1596900294000,57,167
1596900594000,59,155
1596900894000,60,150
1596901194000,61,138
1596901494000,53,183
1596901794000,55,210
1596902094000,52,181
1596902394000,51,182
1596902694000,55,163
1596902994000,52,202
1596903294000,51,211
1596903594000,52,177
1596903894000,49,174
1596904194000,51,175
1596904494000,50,162
1596904794000,51,174
1596905094000,53,158
1596905394000,53,143
1596905694000,58,144
1596905994000,58,163
1596906294000,56,167
1596906594000,55,183
1596906894000,56,163
1596907194000,57,178
1596907494000,62,125
1596907794000,53,209
1596908094000,52,196
1596908394000,54,175
1596908694000,53,195
1596908994000,53,191
1596909294000,56,153
1596909594000,62,122
1596909894000,55,139
1596910194000,57,130
1596910494000,61,146
1596910794000,59,150
1596911094000,57,154
1596911394000,57,178
1596911694000,60,160
1596911994000,57,158
1596912294000,59,157
1596912594000,59,140
1596912894000,0,0
1596913194000,52,177
1596913494000,53,139
1596913794000,55,153
1596914094000,0,0
1596914394000,53,147
1596914694000,55,137
1596914994000,55,149
1596915294000,56,135
1596915594000,55,141
1596915894000,56,141
1596916194000,54,141
1596916494000,55,138
1596916794000,57,128
1596917094000,65,117
1596917394000,54,136
1596917694000,60,132
1596917994000,58,144
1596918294000,56,130
1596918594000,56,135
1596918894000,56,131
1596919194000,56,142
1596919494000,57,160
1596919794000,57,164
1596920094000,57,167
1596920394000,58,152
1596920694000,59,129
1596920994000,61,112
1596921294000,59,140
1596921594000,66,121
1596921894000,71,94
1596922194000,62,117
1596922494000,75,58
1596922794000,79,60
1596923094000,75,61
1596923394000,71,75
1596923694000,0,0
1596972598000,0,0
1596972898000,56,160
1596973198000,57,175
1596973498000,55,166
1596973798000,55,157
1596974098000,56,157
1596974398000,57,146
1596974698000,57,137
1596974998000,54,148
1596975298000,55,144
1596975598000,57,167
1596975898000,61,147
1596976198000,61,141
1596976498000,58,175
1596976798000,52,169
1596977098000,52,155
1596977398000,53,161
1596977698000,54,136
1596977998000,55,177
1596978298000,51,177
1596978598000,51,181
1596978898000,51,187
1596979198000,54,175
1596979498000,51,185
1596979798000,51,164
1596980098000,57,150
1596980398000,55,159
1596980698000,57,133
1596980998000,60,134
1596981298000,58,147
1596981598000,57,140
1596981898000,61,115
1596982198000,57,153
1596982498000,55,189
1596982798000,55,172
1596983098000,54,181
1596983398000,55,162
1596983698000,57,157
1596983998000,60,147
1596984298000,54,192
1596984598000,53,206
1596984898000,54,185
1596985198000,62,145
1596985498000,52,176
1596985798000,53,161
1596986098000,53,174
1596986398000,51,188
1596986698000,54,174
1596986998000,59,143
1596987298000,58,140
1596987598000,60,122
1596987898000,58,130
1596988198000,61,119
1596988498000,57,156
1596988798000,54,168
1596989098000,54,165
1596989398000,55,154
1596989698000,56,151
1596989998000,56,157
1596990298000,56,169
1596990598000,57,161
1596990898000,57,140
1596991198000,71,109
1596991498000,60,135
1596991798000,59,151
1596992098000,63,111
1596992398000,60,132
1596992698000,62,120
1596992998000,62,131
1596993298000,63,117
1596993598000,57,140
1596993898000,53,171
1596994198000,52,179
1596994498000,0,0
1596994798000,51,169
1596995098000,53,174
1596995398000,56,188
1596995698000,55,152
1596995998000,55,155
1596996298000,62,150
1596996598000,66,110
1596996898000,62,153
1596997198000,64,121
1596997498000,63,127
1596997798000,63,132
1596998098000,63,142
1596998398000,68,107
1596998698000,59,128
1596998998000,59,140
1596999298000,58,110
1596999598000,0,0
1596999898000,54,145
1597000198000,55,122
1597000498000,67,99
1597000798000,58,124
1597001098000,58,127
1597001398000,52,129
1597001698000,53,139
1597001998000,53,141
1597002298000,56,140
1597002598000,0,0
1597057980000,0,0
1597058280000,0,0
1597058580000,56,181
1597058880000,57,183
1597059180000,56,171
1597059480000,55,168
1597059780000,56,169
1597060080000,56,159
1597060380000,54,148
1597060680000,54,157
1597060980000,57,168
1597061280000,56,165
1597061580000,59,142
1597061880000,58,160
1597062180000,57,168
1597062480000,53,192
1597062780000,52,205
1597063080000,56,220
1597063380000,51,201
1597063680000,54,222
1597063980000,54,218
1597064280000,55,208
1597064580000,55,203
1597064880000,60,181
1597065180000,54,176
1597065480000,51,185
1597065780000,51,191
1597066080000,51,196
1597066380000,50,194
1597066680000,56,166
1597066980000,55,173
1597067280000,59,127
1597067580000,60,130
1597067880000,58,149
1597068180000,53,170
1597068480000,55,164
1597068780000,53,172
1597069080000,52,191
1597069380000,50,205
1597069680000,50,190
1597069980000,50,200
1597070280000,52,168
1597070580000,51,182
1597070880000,52,167
1597071180000,55,166
1597071480000,56,181
1597071780000,51,217
1597072080000,48,210
1597072380000,50,218
1597072680000,53,203
1597072980000,51,217
1597073280000,54,176
1597073580000,50,164
1597073880000,54,166
1597074180000,56,154
1597074480000,55,174
1597074780000,56,158
1597075080000,57,166
1597075380000,56,177
1597075680000,51,211
1597075980000,51,199
1597076280000,50,197
1597076580000,52,196
1597076880000,52,173
1597077180000,56,168
1597077480000,55,167
1597077780000,50,163
1597078080000,51,155
1597078380000,51,172
1597078680000,51,188
1597078980000,52,178
1597079280000,55,136
1597079580000,53,162
1597079880000,56,148
1597080180000,57,142
1597080480000,56,156
1597080780000,57,159
1597081080000,55,175
1597081380000,55,150
1597081680000,50,187
1597081980000,51,227
1597082280000,51,211
1597082580000,53,208
1597082880000,52,216
1597083180000,52,201
1597083480000,59,170
1597083780000,74,76
1597142871000,0,0
1597143171000,0,0
1597143471000,59,151
1597143771000,65,139
1597144071000,59,131
1597144371000,58,149
1597144671000,57,153
1597144971000,56,141
1597145271000,56,138
1597145571000,57,155
1597145871000,57,160
1597146171000,57,168
1597146471000,56,170
1597146771000,61,158
1597147071000,57,135
1597147371000,58,125
1597147671000,62,98
1597147971000,56,159
1597148271000,59,130
1597148571000,54,182
1597148871000,54,171
1597149171000,55,172
1597149471000,52,179
1597149771000,53,156
1597150071000,55,156
1597150371000,55,132
1597150671000,53,132
1597150971000,67,99
1597151271000,58,142
1597151571000,53,190
1597151871000,53,186
1597152171000,54,173
1597152471000,55,171
1597152771000,56,167
1597153071000,56,181
1597153371000,56,159
1597153671000,60,113
1597153971000,62,112
1597154271000,67,87
1597154571000,59,146
1597154871000,61,118
1597155171000,58,145
1597155471000,55,178
1597155771000,54,199
1597156071000,54,180
1597156371000,54,183
1597156671000,56,172
1597156971000,56,168
1597157271000,53,151
1597157571000,53,152
1597157871000,53,148
1597158171000,54,154
1597158471000,58,146
1597158771000,52,156
1597159071000,54,148
1597159371000,54,192
1597159671000,54,171
1597159971000,50,152
1597160271000,52,166
1597160571000,54,131
1597160871000,56,130
1597161171000,58,134
1597161471000,58,127
1597161771000,56,170
1597162071000,57,179
1597162371000,53,224
1597162671000,51,227
1597162971000,53,206
1597163271000,53,174
1597163571000,54,167
1597163871000,54,183
1597164171000,56,128
1597164471000,53,123
1597164771000,54,165
1597165071000,52,163
1597165371000,57,142
1597165671000,59,121
1597165971000,63,116
1597166271000,62,119
1597166571000,59,160
1597166871000,58,150
1597167171000,60,131
1597167471000,54,154
1597167771000,53,167
1597168071000,64,147
1597168371000,57,160
1597168671000,53,170
1597168971000,67,111
1597169271000,70,73
1597169571000,0,0
1597169871000,0,0
1597228804000,64,118
1597229104000,61,144
1597229404000,57,150
1597229704000,58,136
1597230004000,58,141
1597230304000,56,136
1597230604000,59,133
1597230904000,56,151
1597231204000,55,145
1597231504000,56,161
1597231804000,58,168
1597232104000,57,167
1597232404000,58,163
1597232704000,57,138
1597233004000,59,123
1597233304000,58,127
1597233604000,60,117
1597233904000,60,126
1597234204000,56,136
1597234504000,55,148
1597234804000,56,126
1597235104000,56,123
1597235404000,56,142
1597235704000,57,130
1597236004000,59,126
1597236304000,56,167
1597236604000,55,157
1597236904000,54,175
1597237204000,58,147
1597237504000,58,146
1597237804000,55,158
1597238104000,53,177
1597238404000,92,27
1597238704000,56,127
1597239004000,57,130
1597239304000,56,155
1597239604000,55,150
1597239904000,56,143
1597240204000,57,142
1597240504000,54,149
1597240804000,55,139
1597241104000,54,152
1597241404000,55,152
1597241704000,52,145
1597242004000,52,133
1597242304000,53,146
1597242604000,53,137
1597242904000,52,151
1597243204000,53,144
1597243504000,53,153
1597243804000,58,157
1597244104000,53,180
1597244404000,54,179
1597244704000,50,176
1597245004000,54,169
1597245304000,54,175
1597245604000,53,181
1597245904000,52,132
1597246204000,50,134
1597246504000,53,122
1597246804000,55,107
1597247104000,53,156
1597247404000,55,155
1597247704000,55,157
1597248004000,55,151
1597248304000,55,164
1597248604000,58,134
1597248904000,51,162
1597249204000,51,152
1597249504000,51,170
1597249804000,53,143
1597250104000,54,146
1597250404000,50,200
1597250704000,52,196
1597251004000,53,189
1597251304000,53,180
1597251604000,58,157
1597251904000,58,122
1597252204000,53,149
1597252504000,57,156
1597252804000,55,178
1597253104000,57,140
1597253404000,56,134
1597253704000,69,115
1597254004000,66,115
1597254304000,68,85
1597254604000,0,0
1597316280000,0,0
1597316580000,58,169
1597316880000,55,169
1597317180000,58,164
1597317480000,57,198
1597317780000,56,202
1597318080000,56,204
1597318380000,56,208
1597318680000,55,198
1597318980000,54,203
1597319280000,55,196
1597319580000,55,201
1597319880000,57,177
1597320180000,67,104
1597320480000,59,172
1597320780000,58,172
1597321080000,55,185
1597321380000,57,155
1597321680000,52,180
1597321980000,52,164
1597322280000,52,173
1597322580000,53,183
1597322880000,58,161
1597323180000,55,192
1597323480000,52,188
1597323780000,52,177
1597324080000,51,166
1597324380000,50,192
1597324680000,50,193
1597324980000,57,159
1597325280000,52,182
1597325580000,60,130
1597325880000,60,132
1597326180000,58,157
1597326480000,57,168
1597326780000,56,199
1597327080000,52,182
1597327380000,53,175
1597327680000,52,198
1597327980000,54,198
1597328280000,52,238
1597328580000,52,226
1597328880000,52,234
1597329180000,59,185
1597329480000,55,168
1597329780000,51,174
1597330080000,52,185
1597330380000,51,173
1597330680000,50,175
1597330980000,49,178
1597331280000,59,144
1597331580000,57,178
1597331880000,63,110
1597332180000,63,109
1597332480000,60,147
1597332780000,61,151
1597333080000,63,128
1597333380000,57,140
1597333680000,50,197
1597333980000,50,207
1597334280000,51,202
1597334580000,54,193
1597334880000,51,194
1597335180000,51,183
1597335480000,52,164
1597335780000,51,170
1597336080000,51,172
1597336380000,53,185
1597336680000,60,160
1597336980000,57,162
1597337280000,0,0
1597337580000,52,176
1597337880000,56,145
1597338180000,59,123
1597338480000,55,193
1597338780000,54,225
1597339080000,57,185
1597339380000,56,199
1597339680000,55,199
1597339980000,59,157
1597340280000,58,176
1597340580000,62,176
1597340880000,0,0
1597341180000,0,0
1597341480000,54,187
1597341780000,0,0
1597342080000,0,0
1597342380000,74,131
1597342680000,75,80
1597342980000,0,0
1597343280000,59,142
1597343580000,64,114
1597343880000,67,110
1597344180000,0,0
1597403417000,0,0
1597403717000,0,0
1597404017000,63,119
1597404317000,62,126
1597404617000,61,136
1597404917000,61,153
1597405217000,61,165
1597405517000,60,162
1597405817000,60,174
1597406117000,60,162
1597406417000,61,144
1597406717000,66,131
1597407017000,66,110
1597407317000,65,80
1597407617000,63,109
1597407917000,65,74
1597408217000,64,92
1597408517000,59,123
1597408817000,57,129
1597409117000,60,123
1597409417000,56,149
1597409717000,56,138
1597410017000,56,147
1597410317000,56,142
1597410617000,57,148
1597410917000,59,141
1597411217000,55,139
1597411517000,53,159
1597411817000,56,143
1597412117000,56,156
1597412417000,54,151
1597412717000,58,135
1597413017000,59,134
1597413317000,60,106
1597413617000,62,89
1597413917000,59,106
1597414217000,60,109
1597414517000,60,126
1597414817000,56,161
1597415117000,56,179
1597415417000,56,167
1597415717000,58,165
1597416017000,55,147
1597416317000,53,135
1597416617000,53,143
1597416917000,54,143
1597417217000,64,109
1597417517000,53,178
1597417817000,53,193
1597418117000,59,167
1597418417000,64,114
1597418717000,66,101
1597419017000,75,54
1597419317000,76,57
1597419617000,0,0
1597419917000,0,0
1597420217000,61,172
1597420517000,61,158
1597420817000,61,161
1597421117000,62,139
1597421417000,59,150
1597421717000,60,144
1597422017000,59,151
1597422317000,60,144
1597422617000,61,135
1597422917000,58,161
1597423217000,53,168
1597423517000,53,186
1597423817000,53,185
1597424117000,55,168
1597424417000,53,167
1597424717000,53,196
1597425017000,57,161
1597425317000,54,139
1597425617000,60,125
1597425917000,58,112
1597426217000,60,138
1597426517000,60,132
1597426817000,60,126
1597427117000,55,166
1597427417000,59,136
1597427717000,64,125
1597428017000,63,124
1597428317000,61,150
1597428617000,63,115
1597428917000,56,126
1597429217000,61,101
1597429517000,67,95
1597429817000,54,138
1597430117000,73,61
1597490699000,0,0
1597490999000,54,169
1597491299000,55,159
1597491599000,54,170
1597491899000,55,180
1597492199000,55,164
1597492499000,58,151
1597492799000,52,177
1597493099000,52,194
1597493399000,54,204
1597493699000,54,206
1597493999000,53,207
1597494299000,53,212
1597494599000,53,208
1597494899000,57,161
1597495199000,56,160
1597495499000,61,115
1597495799000,58,154
1597496099000,57,181
1597496399000,53,199
1597496699000,53,190
1597496999000,52,201
1597497299000,55,182
1597497599000,52,200
1597497899000,51,189
1597498199000,50,196
1597498499000,51,185
1597498799000,52,183
1597499099000,54,183
1597499399000,59,152
1597499699000,52,225
1597499999000,51,247
1597500299000,51,215
1597500599000,53,244
1597500899000,57,198
1597501199000,58,184
1597501499000,58,150
1597501799000,61,130
1597502099000,63,95
1597502399000,63,135
1597502699000,56,180
1597502999000,58,138
1597503299000,55,178
1597503599000,53,196
1597503899000,50,212
1597504199000,50,202
1597504499000,51,201
1597504799000,51,214
1597505099000,56,222
1597505399000,58,184
1597505699000,51,228
1597505999000,52,216
1597506299000,52,201
1597506599000,51,185
1597506899000,49,182
1597507199000,0,0
1597507499000,54,173
1597507799000,56,149
1597508099000,56,164
1597508399000,55,200
1597508699000,60,149
1597508999000,63,124
1597509299000,58,177
1597509599000,57,156
1597509899000,57,164
1597510199000,0,0
1597510499000,56,208
1597510799000,58,184
1597511099000,58,187
1597511399000,0,0
1597511699000,53,195
1597511999000,56,211
1597512299000,60,147
1597512599000,64,137
1597512899000,61,157
1597513199000,61,138
1597513499000,64,125
1597513799000,60,166
1597514099000,60,169
1597514399000,0,0
1597514699000,0,0
1597514999000,0,0
1597515299000,0,0
1597515599000,0,0
1597515899000,0,0
1597516199000,0,0
1597516499000,0,0
1597516799000,0,0
1597517099000,62,145
1597517399000,56,152
1597517699000,61,159
1597517999000,0,0
1597518299000,55,174
1597518599000,54,166
1597518899000,0,0
1597519199000,0,0
1597519499000,55,146
1597519799000,58,159
1597520099000,67,112
1597520399000,72,73
1597520699000,0,0
1597520999000,64,103
1597521299000,0,0
1597521599000,74,93
1597521899000,77,69
1597522199000,73,83
1597522499000,71,86
1597574907000,0,0
1597575207000,0,0
1597575507000,0,0
1597575807000,52,174
1597576107000,51,191
1597576407000,51,169
1597576707000,51,188
1597577007000,52,175
1597577307000,51,165
1597577607000,50,174
1597577907000,51,185
1597578207000,51,181
1597578507000,52,178
1597578807000,51,187
1597579107000,55,161
1597579407000,55,172
1597579707000,59,193
1597580007000,61,150
1597580307000,56,206
1597580607000,59,189
1597580907000,54,216
1597581207000,53,205
1597581507000,56,192
1597581807000,54,187
1597582107000,55,190
1597582407000,57,171
1597582707000,54,176
1597583007000,52,195
1597583307000,59,148
1597583607000,51,213
1597583907000,52,213
1597584207000,53,208
1597584507000,60,145
1597584807000,52,176
1597585107000,55,175
1597585407000,57,143
1597585707000,65,97
1597586007000,58,154
1597586307000,55,171
1597586607000,56,152
1597586907000,54,184
1597587207000,60,134
1597587507000,56,171
1597587807000,59,193
1597588107000,54,222
1597588407000,54,235
1597588707000,55,226
1597589007000,54,219
1597589307000,55,198
1597589607000,54,205
1597589907000,53,166
1597590207000,56,157
1597590507000,55,168
1597590807000,52,178
1597591107000,52,177
1597591407000,60,151
1597591707000,55,159
1597592007000,59,129
1597592307000,61,95
1597592607000,64,118
1597592907000,60,130
1597593207000,60,134
1597593507000,60,123
1597593807000,54,183
1597594107000,58,146
1597594407000,54,240
1597594707000,55,215
1597595007000,58,199
1597595307000,56,196
1597595607000,60,174
1597595907000,58,162
1597596207000,60,158
1597596507000,59,167
1597596807000,64,142
1597597107000,61,126
1597597407000,57,158
1597597707000,65,114
1597598007000,62,140
1597598307000,63,111
1597598607000,59,143
1597598907000,64,141
1597599207000,57,197
1597599507000,54,188
1597599807000,54,208
1597600107000,55,209
1597600407000,53,177
1597600707000,60,187
1597601007000,57,162
1597601307000,56,171
1597601607000,59,149
1597601907000,62,151
1597602207000,60,162
1597602507000,64,161
1597602807000,0,0
1597603107000,64,128
1597603407000,62,160
1597603707000,65,120
1597604007000,67,115
1597604307000,67,136
1597604607000,71,108
1597604907000,79,66
1597605207000,75,47
1597663447000,0,0
1597663747000,0,0
1597664047000,0,0
1597664347000,56,180
1597664647000,53,178
1597664947000,54,196
1597665247000,54,191
1597665547000,54,196
1597665847000,57,149
1597666147000,51,150
1597666447000,49,171
1597666747000,50,168
1597667047000,50,165
1597667347000,50,168
1597667647000,51,164
1597667947000,55,165
1597668247000,56,168
1597668547000,57,160
1597668847000,55,162
1597669147000,53,173
1597669447000,52,192
1597669747000,52,206
1597670047000,53,166
1597670347000,53,184
1597670647000,60,176
1597670947000,50,196
1597671247000,52,185
1597671547000,51,190
1597671847000,53,164
1597672147000,0,0
1597672447000,49,155
1597672747000,52,144
1597673047000,49,173
1597673347000,52,173
1597673647000,52,173
1597673947000,59,127
1597674247000,57,171
1597674547000,59,143
1597674847000,61,135
1597675147000,59,146
1597675447000,61,125
1597675747000,56,208
1597676047000,55,202
1597676347000,55,201
1597676647000,56,184
1597676947000,56,195
1597677247000,59,186
1597677547000,54,169
1597677847000,51,165
1597678147000,52,166
1597678447000,51,177
1597678747000,54,153
1597679047000,55,153
1597679347000,54,147
1597679647000,56,125
1597679947000,60,103
1597680247000,58,142
1597680547000,56,141
1597680847000,60,117
1597681147000,58,143
1597681447000,60,112
1597681747000,58,125
1597682047000,55,184
1597682347000,51,214
1597682647000,53,202
1597682947000,54,189
1597683247000,53,200
1597683547000,53,178
1597683847000,54,171
1597684147000,54,181
1597684447000,54,174
1597684747000,61,133
1597685047000,57,155
1597685347000,56,158
1597685647000,57,151
1597685947000,58,130
1597686247000,53,182
1597686547000,53,194
1597686847000,53,184
1597687147000,57,147
1597687447000,53,142
1597687747000,54,143
1597688047000,58,118
1597688347000,59,151
1597688647000,64,153
1597688947000,59,171
1597689247000,60,169
1597689547000,58,175
1597689847000,60,160
1597690147000,61,129
1597690447000,62,135
1597690747000,64,138
1597691047000,55,169
1597691347000,0,0
1597691647000,56,173
1597691947000,68,110
1597692247000,56,139
1597692547000,55,129
1597692847000,54,153
1597693147000,54,147
1597693447000,54,116
1597693747000,53,130
1597694047000,62,121
1597694347000,57,130
1597694647000,53,150
1597694947000,54,145
1597695247000,63,121
1597750473000,0,0
1597750773000,56,155
1597751073000,55,170
1597751373000,56,165
1597751673000,55,160
1597751973000,56,160
1597752273000,57,167
1597752573000,57,170
1597752873000,55,162
1597753173000,54,169
1597753473000,58,158
1597753773000,59,144
1597754073000,58,178
1597754373000,55,183
1597754673000,55,187
1597754973000,49,173
1597755273000,50,169
1597755573000,51,159
1597755873000,51,158
1597756173000,54,151
1597756473000,50,155
1597756773000,51,156
1597757073000,51,161
1597757373000,60,144
1597757673000,49,204
1597757973000,50,208
1597758273000,51,204
1597758573000,55,181
1597758873000,51,212
1597759173000,52,203
1597759473000,58,158
1597759773000,55,161
1597760073000,55,145
1597760373000,53,139
1597760673000,54,170
1597760973000,55,159
1597761273000,55,171
1597761573000,56,150
1597761873000,52,197
1597762173000,51,202
1597762473000,50,221
1597762773000,51,192
1597763073000,64,149
1597763373000,51,206
1597763673000,51,222
1597763973000,52,209
1597764273000,52,227
1597764573000,53,163
1597764873000,49,170
1597765173000,50,181
1597765473000,55,166
1597765773000,49,184
1597766073000,52,180
1597766373000,49,195
1597766673000,52,192
1597766973000,52,152
1597767273000,58,157
1597767573000,62,118
1597767873000,56,168
1597768173000,58,161
1597768473000,54,166
1597768773000,51,164
1597769073000,51,168
1597769373000,51,175
1597769673000,53,171
1597769973000,51,217
1597770273000,52,212
1597770573000,52,221
1597770873000,52,211
1597771173000,53,206
1597771473000,58,168
1597771773000,62,109
1597772073000,56,142
1597772373000,60,164
1597772673000,57,160
1597772973000,66,128
1597773273000,74,36
1597773573000,72,40
1597773873000,67,80
1597774173000,68,83
1597831168000,0,0
1597831468000,0,0
1597831768000,63,138
1597832068000,59,153
1597832368000,58,158
1597832668000,58,156
1597832968000,57,143
1597833268000,56,137
1597833568000,56,151
1597833868000,56,151
1597834168000,57,144
1597834468000,59,144
1597834768000,69,102
1597835068000,59,149
1597835368000,60,131
1597835668000,60,152
1597835968000,60,155
1597836268000,51,167
1597836568000,50,168
1597836868000,49,180
1597837168000,50,175
1597837468000,50,188
1597837768000,56,159
1597838068000,52,164
1597838368000,53,170
1597838668000,53,168
1597838968000,53,171
1597839268000,55,179
1597839568000,57,169
1597839868000,54,157
1597840168000,57,175
1597840468000,53,189
1597840768000,52,191
1597841068000,49,170
1597841368000,50,185
1597841668000,53,175
1597841968000,55,156
1597842268000,56,159
1597842568000,60,110
1597842868000,59,142
1597843168000,58,150
1597843468000,57,166
1597843768000,56,185
1597844068000,53,204
1597844368000,53,199
1597844668000,53,184
1597844968000,55,181
1597845268000,53,212
1597845568000,53,199
1597845868000,52,207
1597846168000,53,204
1597846468000,54,177
1597846768000,55,179
1597847068000,50,175
1597847368000,49,176
1597847668000,50,181
1597847968000,52,169
1597848268000,57,127
1597848568000,57,130
1597848868000,57,131
1597849168000,57,155
1597849468000,56,152
1597849768000,57,143
1597850068000,58,156
1597850368000,52,215
1597850668000,52,211
1597850968000,52,211
1597851268000,53,200
1597851568000,53,203
1597851868000,58,156
1597852168000,50,159
1597852468000,53,171
1597852768000,49,178
1597853068000,51,197
1597853368000,56,200
1597853668000,60,120
1597853968000,64,117
1597854268000,62,105
1597854568000,60,105
1597854868000,57,113
1597855168000,70,55
1597917091000,0,0
1597917391000,65,132
1597917691000,60,145
1597917991000,56,160
1597918291000,56,170
1597918591000,54,162
1597918891000,55,161
1597919191000,53,157
1597919491000,53,149
1597919791000,54,153
1597920091000,53,159
1597920391000,53,164
1597920691000,56,193
1597920991000,57,171
1597921291000,58,123
1597921591000,62,88
1597921891000,60,97
1597922191000,62,101
1597922491000,59,121
1597922791000,55,143
1597923091000,52,155
1597923391000,52,163
1597923691000,52,156
1597923991000,53,143
1597924291000,53,152
1597924591000,65,142
1597924891000,51,158
1597925191000,50,158
1597925491000,51,149
1597925791000,51,168
1597926091000,50,175
1597926391000,51,160
1597926691000,51,165
1597926991000,51,172
1597927291000,54,160
1597927591000,55,137
1597927891000,56,129
1597928191000,56,153
1597928491000,53,167
1597928791000,55,148
1597929091000,55,154
1597929391000,54,163
1597929691000,51,177
1597929991000,50,199
1597930291000,52,186
1597930591000,50,211
1597930891000,52,218
1597931191000,53,210
1597931491000,55,180
1597931791000,50,192
1597932091000,50,195
1597932391000,50,195
1597932691000,50,203
1597932991000,52,159
1597933291000,49,166
1597933591000,56,173
1597933891000,59,156
1597934191000,58,142
1597934491000,58,154
1597934791000,58,165
1597935091000,55,161
1597935391000,57,143
1597935691000,55,150
1597935991000,53,176
1597936291000,51,178
1597936591000,51,200
1597936891000,55,198
1597937191000,52,213
1597937491000,52,229
1597937791000,53,219
1597938091000,57,194
1597938391000,52,165
1597938691000,50,172
1597938991000,50,168
1597939291000,52,168
1597939591000,51,175
1597939891000,55,163
1597940191000,57,146
1597940491000,60,108
1597940791000,57,151
1597941091000,55,213
1597941391000,61,119
1597941691000,54,176
1597941991000,56,182
1597942291000,57,147
1597942591000,56,160
1597942891000,59,146
1597943191000,56,198
1597943491000,57,180
1597943791000,55,181
1597944091000,53,200
1597944391000,56,156
1597944691000,55,193
1597944991000,56,183
1597945291000,56,128
1597945591000,54,128
1597945891000,57,136
1597946191000,54,174
1597946491000,56,179
1597946791000,60,148
1597947091000,58,168
1597947391000,60,149
1597947691000,60,145
1597947991000,55,166
1597948291000,54,151
1597948591000,60,150
1597948891000,56,210
1597949191000,53,203
1597949491000,54,174
1597949791000,54,183
1597950091000,65,88
1597950391000,65,123
1597950691000,60,137
1597950991000,58,148
1597951291000,57,126
1597951591000,0,0
1597951891000,64,102
1597952191000,0,0
1597952491000,63,123
1597952791000,76,60
1598007619000,0,0
1598007919000,68,102
1598008219000,65,145
1598008519000,64,142
1598008819000,66,124
1598009119000,66,115
1598009419000,67,106
1598009719000,63,125
1598010019000,58,137
1598010319000,57,140
1598010619000,63,132
1598010919000,60,154
1598011219000,64,149
1598011519000,57,184
1598011819000,58,149
1598012119000,56,151
1598012419000,60,126
1598012719000,67,85
1598013019000,63,118
1598013319000,60,155
1598013619000,62,118
1598013919000,61,161
1598014219000,54,190
1598014519000,54,179
1598014819000,54,170
1598015119000,53,169
1598015419000,53,185
1598015719000,54,165
1598016019000,61,155
1598016319000,56,203
1598016619000,55,195
1598016919000,59,172
1598017219000,56,209
1598017519000,55,185
1598017819000,64,150
1598018119000,55,171
1598018419000,57,151
1598018719000,57,152
1598019019000,62,111
1598019319000,56,176
1598019619000,63,123
1598019919000,57,172
1598020219000,60,143
1598020519000,59,145
1598020819000,60,151
1598021119000,56,178
1598021419000,56,197
1598021719000,54,197
1598022019000,62,164
1598022319000,56,159
1598022619000,55,169
1598022919000,57,187
1598023219000,61,192
1598023519000,53,202
1598023819000,54,183
1598024119000,55,191
1598024419000,56,181
1598024719000,61,161
1598025019000,54,187
1598025319000,64,132
1598025619000,57,154
1598025919000,59,149
1598026219000,60,143
1598026519000,61,123
1598026819000,62,93
1598027119000,62,112
1598027419000,64,70
1598027719000,64,79
1598028019000,0,0
1598028319000,54,208
1598028619000,52,209
1598028919000,0,0
1598029219000,53,214
1598029519000,68,121
1598029819000,73,59
1598030119000,0,0
1598030419000,0,0
1598030719000,0,0
1598031019000,58,159
1598031319000,56,150
1598031619000,60,142
1598031919000,55,156
1598032219000,56,146
1598032519000,61,135
1598032819000,60,137
1598033119000,58,161
1598033419000,63,121
1598033719000,60,131
1598034019000,56,134
1598034319000,59,143
1598034619000,63,100
1598034919000,58,119
1598035219000,0,0
1598093042000,0,0
1598093342000,66,134
1598093642000,62,181
1598093942000,61,171
1598094242000,63,153
1598094542000,62,162
1598094842000,60,170
1598095142000,59,184
1598095442000,61,179
1598095742000,70,127
1598096042000,56,168
1598096342000,55,168
1598096642000,54,183
1598096942000,63,147
1598097242000,62,153
1598097542000,67,73
1598097842000,67,67
1598098142000,66,96
1598098442000,56,193
1598098742000,55,199
1598099042000,53,204
1598099342000,51,174
1598099642000,50,167
1598099942000,50,171
1598100242000,53,172
1598100542000,52,154
1598100842000,50,161
1598101142000,51,161
1598101442000,51,162
1598101742000,50,171
1598102042000,52,162
1598102342000,51,170
1598102642000,52,182
1598102942000,56,191
1598103242000,0,0
1598103542000,55,207
1598103842000,59,158
1598104142000,56,186
1598104442000,58,187
1598104742000,49,202
1598105042000,48,178
1598105342000,47,184
1598105642000,48,186
1598105942000,54,174
1598106242000,49,177
1598106542000,50,185
1598106842000,50,182
1598107142000,50,181
1598107442000,51,172
1598107742000,51,166
1598108042000,55,159
1598108342000,57,186
1598108642000,58,154
1598108942000,50,168
1598109242000,57,172
1598109542000,61,166
1598109842000,55,213
1598110142000,52,170
1598110442000,48,196
1598110742000,49,209
1598111042000,48,211
1598111342000,49,196
1598111642000,53,178
1598111942000,59,149
1598112242000,49,176
1598112542000,49,170
1598112842000,52,159
1598113142000,50,165
1598113442000,50,163
1598113742000,54,162
1598114042000,56,139
1598114342000,57,143
1598114642000,57,165
1598114942000,58,174
1598115242000,56,182
1598115542000,57,198
1598115842000,54,199
1598116142000,57,186
1598116442000,64,112
1598116742000,59,190
1598117042000,58,200
1598117342000,58,169
1598117642000,55,173
1598117942000,52,225
1598118242000,51,228
1598118542000,52,173
1598118842000,51,180
1598119142000,51,187
1598119442000,65,132
1598119742000,53,196
1598120042000,53,153
1598120342000,0,0
1598120642000,52,192
1598120942000,0,0
1598121242000,0,0
1598121542000,0,0
1598121842000,49,176
1598122142000,54,202
1598122442000,50,182
1598122742000,51,162
1598123042000,51,164
1598123342000,53,145
1598123642000,0,0
1598123942000,50,184
1598124242000,51,185
1598124542000,52,187
1598124842000,52,191
1598125142000,55,171
1598125442000,57,140
1598125742000,56,148
1598126042000,58,145
1598126342000,59,157
1598126642000,62,168
1598126942000,59,139
1598127242000,58,146
1598127542000,54,192
1598127842000,54,194
1598128142000,60,167
1598128442000,0,0
1598128742000,60,127
1598129042000,56,117
1598129342000,55,127
1598129642000,76,50
1598129942000,74,52
1598130242000,76,59
1598182374000,0,0
1598182674000,53,157
1598182974000,52,148
1598183274000,53,161
1598183574000,55,149
1598183874000,53,164
1598184174000,51,173
1598184474000,52,185
1598184774000,54,211
1598185074000,0,0
1598185374000,51,174
1598185674000,51,168
1598185974000,50,198
1598186274000,52,149
1598186574000,53,165
1598186874000,56,186
1598187174000,57,172
1598187474000,54,188
1598187774000,54,176
1598188074000,52,163
1598188374000,51,176
1598188674000,51,177
1598188974000,52,174
1598189274000,55,176
1598189574000,51,186
1598189874000,51,201
1598190174000,51,222
1598190474000,64,126
1598190774000,55,140
1598191074000,50,159
1598191374000,49,171
1598191674000,58,142
1598191974000,53,167
1598192274000,49,198
1598192574000,50,226
1598192874000,50,221
1598193174000,55,213
1598193474000,61,124
1598193774000,58,147
1598194074000,51,165
1598194374000,51,142
1598194674000,51,187
1598194974000,53,207
1598195274000,52,191
1598195574000,57,158
1598195874000,54,149
1598196174000,54,175
1598196474000,57,169
1598196774000,55,180
1598197074000,53,189
1598197374000,53,200
1598197674000,51,227
1598197974000,51,213
1598198274000,50,209
1598198574000,54,186
1598198874000,53,160
1598199174000,51,153
1598199474000,51,159
1598199774000,53,155
1598200074000,54,160
1598200374000,56,152
1598200674000,51,176
1598200974000,60,142
1598201274000,58,150
1598201574000,56,151
1598201874000,56,200
1598202174000,58,159
1598202474000,63,124
1598202774000,59,152
1598203074000,0,0
1598265149000,0,0
1598265449000,0,0
1598265749000,64,110
1598266049000,63,106
1598266349000,63,94
1598266649000,62,104
1598266949000,60,105
1598267249000,59,108
1598267549000,59,108
1598267849000,58,125
1598268149000,59,126
1598268449000,57,150
1598268749000,55,153
1598269049000,57,152
1598269349000,63,95
1598269649000,65,77
1598269949000,63,112
1598270249000,58,141
1598270549000,59,146
1598270849000,52,150
1598271149000,51,129
1598271449000,53,118
1598271749000,61,135
1598272049000,55,126
1598272349000,55,130
1598272649000,55,126
1598272949000,58,119
1598273249000,54,138
1598273549000,56,129
1598273849000,55,130
1598274149000,58,138
1598274449000,55,167
1598274749000,53,172
1598275049000,57,164
1598275349000,58,132
1598275649000,60,103
1598275949000,59,127
1598276249000,57,148
1598276549000,57,159
1598276849000,58,152
1598277149000,59,140
1598277449000,57,149
1598277749000,54,171
1598278049000,54,158
1598278349000,56,153
1598278649000,54,178
1598278949000,54,187
1598279249000,53,196
1598279549000,55,194
1598279849000,54,199
1598280149000,54,210
1598280449000,63,155
1598280749000,52,141
1598281049000,57,144
1598281349000,58,113
1598281649000,59,129
1598281949000,58,161
1598282249000,60,117
1598282549000,59,129
1598282849000,60,124
1598283149000,61,119
1598283449000,62,96
1598283749000,60,122
1598284049000,58,161
1598284349000,57,174
1598284649000,57,180
1598284949000,65,142
1598285249000,58,148
1598285549000,53,172
1598285849000,52,177
1598286149000,53,164
1598286449000,54,166
1598286749000,63,128
1598287049000,60,126
1598287349000,60,160
1598287649000,60,151
1598287949000,62,99
1598288249000,62,138
1598288549000,58,152
1598288849000,60,147
1598289149000,65,114
1598289449000,63,121
1598289749000,59,144
1598290049000,56,156
1598290349000,55,132
1598290649000,54,133
1598290949000,57,121
1598291249000,58,125
1598291549000,66,101
1598291849000,62,118
1598292149000,57,135
1598292449000,61,137
1598292749000,58,145
1598293049000,61,130
1598293349000,66,87
1598293649000,61,141
1598293949000,61,137
1598294249000,64,107
1598294549000,59,175
1598294849000,67,88
1598295149000,62,145
1598295449000,59,144
1598295749000,72,55
1598296049000,71,62
1598296349000,74,68
1598296649000,76,46
1598296949000,73,60
1598350048000,0,0
1598350348000,66,113
1598350648000,63,149
1598350948000,62,143
1598351248000,59,113
1598351548000,59,103
1598351848000,59,110
1598352148000,61,105
1598352448000,60,107
1598352748000,59,118
1598353048000,60,122
1598353348000,60,120
1598353648000,62,109
1598353948000,61,92
1598354248000,61,92
1598354548000,61,103
1598354848000,60,103
1598355148000,59,102
1598355448000,58,102
1598355748000,58,95
1598356048000,59,96
1598356348000,65,97
1598356648000,57,123
1598356948000,56,127
1598357248000,57,130
1598357548000,57,147
1598357848000,57,142
1598358148000,58,133
1598358448000,58,147
1598358748000,61,132
1598359048000,62,120
1598359348000,62,110
1598359648000,60,112
1598359948000,64,74
1598360248000,66,56
1598360548000,66,72
1598360848000,64,105
1598361148000,60,115
1598361448000,58,129
1598361748000,55,158
1598362048000,55,165
1598362348000,56,172
1598362648000,56,150
1598362948000,55,138
1598363248000,57,142
1598363548000,58,143
1598363848000,68,106
1598364148000,56,174
1598364448000,55,191
1598364748000,56,170
1598365048000,64,117
1598365348000,55,146
1598365648000,67,110
1598365948000,0,0
1598366248000,57,149
1598366548000,65,97
1598366848000,62,115
1598367148000,61,136
1598367448000,64,128
1598367748000,61,126
1598368048000,58,143
1598368348000,55,167
1598368648000,57,146
1598368948000,57,143
1598369248000,61,140
1598369548000,57,167
1598369848000,57,161
1598370148000,57,156
1598370448000,58,140
1598370748000,60,120
1598371048000,54,143
1598371348000,54,147
1598371648000,56,145
1598371948000,54,166
1598372248000,57,151
1598372548000,57,134
1598372848000,62,94
1598373148000,64,108
1598373448000,59,172
1598373748000,61,140
1598374048000,58,161
1598374348000,57,184
1598374648000,58,170
1598374948000,56,193
1598375248000,57,177
1598375548000,57,181
1598375848000,62,137
1598376148000,60,133
1598376448000,59,121
1598376748000,58,144
1598377048000,61,114
1598377348000,62,111
1598377648000,63,164
1598377948000,59,130
1598378248000,71,47
1598378548000,66,92
1598378848000,69,98
1598379148000,73,75
1598379448000,64,134
1598379748000,68,89
1598437650000,0,0
1598437950000,0,0
1598438250000,59,134
1598438550000,60,159
1598438850000,56,148
1598439150000,57,180
1598439450000,54,137
1598439750000,54,130
1598440050000,55,132
1598440350000,54,161
1598440650000,54,160
1598440950000,56,162
1598441250000,53,167
1598441550000,53,159
1598441850000,53,170
1598442150000,52,167
1598442450000,53,171
1598442750000,53,167
1598443050000,58,159
1598443350000,58,149
1598443650000,59,142
1598443950000,61,121
1598444250000,59,143
1598444550000,57,150
1598444850000,53,181
1598445150000,54,181
1598445450000,53,198
1598445750000,56,178
1598446050000,54,167
1598446350000,57,162
1598446650000,57,164
1598446950000,59,153
1598447250000,63,149
1598447550000,55,179
1598447850000,54,190
1598448150000,56,173
1598448450000,53,192
1598448750000,56,173
1598449050000,60,139
1598449350000,63,118
1598449650000,63,101
1598449950000,64,97
1598450250000,64,98
1598450550000,56,168
1598450850000,51,189
1598451150000,53,175
1598451450000,53,180
1598451750000,53,178
1598452050000,53,155
1598452350000,53,161
1598452650000,53,161
1598452950000,53,168
1598453250000,56,170
1598453550000,52,177
1598453850000,52,187
1598454150000,58,167
1598454450000,53,159
1598454750000,54,161
1598455050000,55,151
1598455350000,54,175
1598455650000,59,124
1598455950000,58,142
1598456250000,59,137
1598456550000,58,134
1598456850000,57,148
1598457150000,56,158
1598457450000,56,198
1598457750000,0,0
1598458050000,51,227
1598458350000,54,200
1598458650000,56,176
1598458950000,57,159
1598459250000,55,175
1598459550000,56,164
1598459850000,55,181
1598460150000,56,160
1598460450000,57,112
1598460750000,57,152
1598461050000,62,150
1598461350000,60,163
1598461650000,57,146
1598461950000,0,0
1598462250000,55,181
1598462550000,56,186
1598462850000,0,0
1598463150000,73,86
1598463450000,60,135
1598463750000,60,109
1598464050000,0,0
1598525367000,0,0
1598525667000,0,0
1598525967000,59,150
1598526267000,58,158
1598526567000,56,156
1598526867000,57,146
1598527167000,57,149
1598527467000,56,163
1598527767000,56,152
1598528067000,56,152
1598528367000,55,161
1598528667000,60,144
1598528967000,62,150
1598529267000,63,102
1598529567000,66,67
1598529867000,64,90
1598530167000,57,180
1598530467000,61,156
1598530767000,53,170
1598531067000,53,168
1598531367000,52,172
1598531667000,53,166
1598531967000,52,188
1598532267000,52,175
1598532567000,53,187
1598532867000,54,207
1598533167000,54,196
1598533467000,54,211
1598533767000,61,178
1598534067000,54,195
1598534367000,51,205
1598534667000,56,185
1598534967000,56,185
1598535267000,66,57
1598535567000,63,93
1598535867000,64,97
1598536167000,63,119
1598536467000,50,212
1598536767000,50,214
1598537067000,51,201
1598537367000,51,203
1598537667000,51,212
1598537967000,56,179
1598538267000,70,123
1598538567000,58,166
1598538867000,51,213
1598539167000,66,166
1598539467000,53,169
1598539767000,51,192
1598540067000,52,174
1598540367000,54,169
1598540667000,55,172
1598540967000,54,189
1598541267000,52,185
1598541567000,59,184
1598541867000,59,137
1598542167000,62,123
1598542467000,65,103
1598542767000,0,0
1598543067000,60,142
1598543367000,62,117
1598543667000,60,141
1598543967000,57,182
1598544267000,51,201
1598544567000,52,221
1598544867000,52,211
1598545167000,52,219
1598545467000,52,199
1598545767000,55,166
1598546067000,53,167
1598546367000,54,168
1598546667000,55,163
1598546967000,59,130
1598547267000,57,141
1598547567000,59,167
1598547867000,65,92
1598548167000,63,127
1598548467000,62,133
1598548767000,62,116
1598549067000,61,135
1598549367000,61,152
1598549667000,67,132
1598549967000,53,201
1598550267000,52,194
1598550567000,53,189
1598550867000,0,0
1598551167000,57,183
1598551467000,60,164
1598551767000,56,158
1598552067000,58,157
1598552367000,57,163
1598552667000,60,138
1598552967000,59,143
1598553267000,56,147
1598553567000,60,132
1598553867000,62,126
1598554167000,59,149
1598554467000,62,141
1598554767000,0,0
1598555067000,65,142
1598555367000,79,33
1598555667000,70,76
1598612788000,0,0
1598613088000,58,139
1598613388000,59,141
1598613688000,58,166
1598613988000,57,168
1598614288000,56,135
1598614588000,55,159
1598614888000,56,182
1598615188000,58,176
1598615488000,57,166
1598615788000,57,152
1598616088000,57,171
1598616388000,62,152
1598616688000,56,141
1598616988000,59,119
1598617288000,60,112
1598617588000,61,117
1598617888000,56,159
1598618188000,54,150
1598618488000,52,151
1598618788000,54,148
1598619088000,54,150
1598619388000,54,141
1598619688000,53,144
1598619988000,54,148
1598620288000,63,117
1598620588000,53,156
1598620888000,52,175
1598621188000,51,193
1598621488000,56,164
1598621788000,52,178
1598622088000,58,148
1598622388000,54,142
1598622688000,51,137
1598622988000,54,143
1598623288000,59,122
1598623588000,56,139
1598623888000,56,159
1598624188000,55,157
1598624488000,55,165
1598624788000,53,168
1598625088000,57,169
1598625388000,52,187
1598625688000,51,200
1598625988000,51,203
1598626288000,53,185
1598626588000,49,158
1598626888000,50,169
1598627188000,57,159
1598627488000,51,141
1598627788000,51,144
1598628088000,51,150
1598628388000,51,167
1598628688000,55,132
1598628988000,57,118
1598629288000,56,117
1598629588000,61,143
1598629888000,57,158
1598630188000,57,134
1598630488000,53,165
1598630788000,56,156
1598631088000,55,166
1598631388000,53,187
1598631688000,51,192
1598631988000,52,207
1598632288000,52,191
1598632588000,54,166
1598632888000,64,150
1598633188000,57,152
1598633488000,56,153
1598633788000,53,144
1598634088000,57,114
1598634388000,57,174
1598634688000,63,101
1598634988000,60,147
1598635288000,50,197
1598635588000,54,157
1598635888000,59,172
1598636188000,59,160
1598636488000,54,169
1598636788000,54,154
1598637088000,54,145
1598637388000,56,144
1598637688000,57,162
1598637988000,63,123
1598638288000,59,124
1598638588000,66,99
1598638888000,77,66
1598639188000,77,45
1598639488000,71,75
1598696619000,0,0
1598696919000,57,183
1598697219000,54,180
1598697519000,53,172
1598697819000,53,177
1598698119000,53,176
1598698419000,54,175
1598698719000,53,179
1598699019000,54,179
1598699319000,56,175
1598699619000,55,165
1598699919000,0,0
1598700219000,61,149
1598700519000,59,157
1598700819000,53,210
1598701119000,51,205
1598701419000,56,177
1598701719000,48,191
1598702019000,49,189
1598702319000,49,188
1598702619000,56,150
1598702919000,50,152
1598703219000,50,178
1598703519000,50,173
1598703819000,55,137
1598704119000,48,175
1598704419000,49,184
1598704719000,50,192
1598705019000,59,156
1598705319000,55,196
1598705619000,60,151
1598705919000,62,116
1598706219000,62,139
1598706519000,60,158
1598706819000,61,114
1598707119000,58,166
1598707419000,51,220
1598707719000,49,210
1598708019000,48,207
1598708319000,50,218
1598708619000,49,206
1598708919000,49,195
1598709219000,49,201
1598709519000,52,192
1598709819000,49,189
1598710119000,50,196
1598710419000,50,208
1598710719000,64,155
1598711019000,51,215
1598711319000,49,250
1598711619000,51,230
1598711919000,49,228
1598712219000,0,0
1598712519000,0,0
1598712819000,48,197
1598713119000,54,183
1598713419000,59,137
1598713719000,54,187
1598714019000,56,181
1598714319000,51,191
1598714619000,55,185
1598714919000,56,180
1598715219000,56,161
1598715519000,51,225
1598715819000,51,222
1598716119000,54,193
1598716419000,52,212
1598716719000,52,193
1598717019000,51,214
1598717319000,54,200
1598717619000,0,0
1598717919000,55,192
1598718219000,0,0
1598718519000,51,225
1598718819000,0,0
1598719119000,59,168
1598719419000,53,162
1598719719000,55,177
1598720019000,0,0
1598720319000,54,189
1598720619000,56,157
1598720919000,57,171
1598721219000,58,158
1598721519000,57,153
1598721819000,58,161
1598722119000,56,172
1598722419000,54,187
1598722719000,54,183
1598723019000,63,152
1598723319000,0,0
1598723619000,51,195
1598723919000,0,0
1598724219000,67,126
1598724519000,55,173
1598724819000,52,149
1598725119000,52,191
1598725419000,57,170
1598725719000,0,0
1598726019000,72,63
1598726319000,0,0
1598726619000,65,96
1598726919000,63,130
1598727219000,56,176
1598727519000,52,168
1598727819000,0,0
1598728119000,0,0
1598728419000,52,175
1598728719000,0,0
1598729019000,0,0
1598729319000,0,0
1598729619000,56,122
1598729919000,53,138
1598730219000,59,117
1598730519000,52,174
1598730819000,53,153
1598731119000,52,122
1598731419000,53,153
1598731719000,53,122
1598732019000,57,116
1598732319000,58,121
1598732619000,75,51
1598732919000,59,132
1598733219000,55,151
1598733519000,52,163
1598733819000,62,127
1598734119000,58,129
1598734419000,61,125
1598734719000,56,174
1598735019000,62,123
1598735319000,82,63
1598735619000,0,0
1598735919000,0,0
1598786517000,0,0
1598786817000,0,0
1598787117000,0,0
1598787417000,56,158
1598787717000,54,145
1598788017000,54,160
1598788317000,54,157
1598788617000,53,151
1598788917000,54,162
1598789217000,56,167
1598789517000,51,147
1598789817000,51,155
1598790117000,51,152
1598790417000,52,157
1598790717000,52,143
1598791017000,52,139
1598791317000,52,168
1598791617000,56,126
1598791917000,55,147
1598792217000,55,160
1598792517000,51,154
1598792817000,51,152
1598793117000,51,163
1598793417000,51,174
1598793717000,52,159
1598794017000,52,161
1598794317000,52,167
1598794617000,52,181
1598794917000,54,160
1598795217000,51,183
1598795517000,49,207
1598795817000,50,194
1598796117000,59,170
1598796417000,55,162
1598796717000,54,187
1598797017000,52,199
1598797317000,59,132
1598797617000,55,181
1598797917000,55,177
1598798217000,55,192
1598798517000,60,144
1598798817000,54,167
1598799117000,50,185
1598799417000,48,231
1598799717000,48,224
1598800017000,49,211
1598800317000,49,197
1598800617000,49,186
1598800917000,49,163
1598801217000,50,177
1598801517000,51,172
1598801817000,53,159
1598802117000,53,163
1598802417000,52,152
1598802717000,51,178
1598803017000,51,187
1598803317000,57,147
1598803617000,52,147
1598803917000,56,148
1598804217000,54,151
1598804517000,56,162
1598804817000,58,140
1598805117000,56,152
1598805417000,60,130
1598805717000,57,157
1598806017000,57,139
1598806317000,58,159
1598806617000,54,160
1598806917000,54,171
1598807217000,60,159
1598807517000,66,102
1598807817000,55,152
1598808117000,51,151
1598808417000,53,164
1598808717000,54,179
1598809017000,53,156
1598809317000,54,142
1598809617000,53,138
1598809917000,55,151
1598810217000,59,159
1598810517000,54,178
1598810817000,61,158
1598811117000,67,72
1598811417000,59,151
1598811717000,60,138
1598812017000,55,175
1598812317000,58,136
1598812617000,51,221
1598812917000,53,198
1598813217000,51,204
1598813517000,53,187
1598813817000,0,0
1598814117000,0,0
1598814417000,56,134
1598814717000,59,113
1598815017000,59,144
1598815317000,54,137
1598815617000,52,143
1598815917000,53,162
1598816217000,56,133
1598816517000,63,115
1598816817000,54,128
1598817117000,54,138
1598817417000,52,138
1598817717000,71,93
1598818017000,77,38
1598870262000,72,51
1598870562000,65,97
1598870862000,61,131
1598871162000,59,147
1598871462000,60,160
1598871762000,60,140
1598872062000,59,147
1598872362000,59,152
1598872662000,58,146
1598872962000,58,150
1598873262000,56,177
1598873562000,55,173
1598873862000,59,161
1598874162000,56,166
1598874462000,57,154
1598874762000,59,138
1598875062000,57,163
1598875362000,54,186
1598875662000,54,178
1598875962000,53,179
1598876262000,52,198
1598876562000,54,173
1598876862000,55,161
1598877162000,60,140
1598877462000,50,163
1598877762000,50,151
1598878062000,56,139
1598878362000,51,174
1598878662000,53,176
1598878962000,47,153
1598879262000,48,164
1598879562000,48,165
1598879862000,50,156
1598880162000,55,134
1598880462000,55,179
1598880762000,55,155
1598881062000,59,132
1598881362000,55,183
1598881662000,55,176
1598881962000,52,195
1598882262000,49,179
1598882562000,47,168
1598882862000,47,177
1598883162000,48,177
1598883462000,49,183
1598883762000,48,174
1598884062000,49,172
1598884362000,49,181
1598884662000,50,169
1598884962000,50,168
1598885262000,58,139
1598885562000,52,158
1598885862000,54,136
1598886162000,52,150
1598886462000,49,168
1598886762000,53,158
1598887062000,50,135
1598887362000,53,176
1598887662000,58,164
1598887962000,55,190
1598888262000,58,152
1598888562000,59,117
1598888862000,59,145
1598889162000,58,142
1598889462000,51,226
1598889762000,47,164
1598890062000,47,175
1598890362000,49,151
1598890662000,49,148
1598890962000,51,160
1598891262000,50,136
1598891562000,51,138
1598891862000,57,146
1598892162000,52,163
1598892462000,53,157
1598892762000,55,150
1598893062000,54,141
1598893362000,54,159
1598893662000,55,172
1598893962000,56,144
1598894262000,55,154
1598894562000,52,169
1598894862000,54,161
1598895162000,55,123
1598895462000,52,157
1598895762000,51,150
1598896062000,62,120
1598896362000,63,115
1598957640000,0,0
1598957940000,0,0
1598958240000,0,0
1598958540000,0,0
1598958840000,56,147
1598959140000,55,156
1598959440000,54,164
1598959740000,54,165
1598960040000,55,170
1598960340000,56,162
1598960640000,55,165
1598960940000,59,155
1598961240000,53,192
1598961540000,55,201
1598961840000,58,174
1598962140000,55,186
1598962440000,52,173
1598962740000,53,178
1598963040000,56,175
1598963340000,52,181
1598963640000,52,170
1598963940000,53,167
1598964240000,55,174
1598964540000,59,154
1598964840000,53,138
1598965140000,53,149
1598965440000,55,153
1598965740000,55,171
1598966040000,52,136
1598966340000,54,138
1598966640000,56,127
1598966940000,60,95
1598967240000,58,166
1598967540000,56,164
1598967840000,58,164
1598968140000,59,154
1598968440000,55,189
1598968740000,54,204
1598969040000,49,182
1598969340000,49,163
1598969640000,51,167
1598969940000,50,175
1598970240000,51,164
1598970540000,0,0
1598970840000,0,0
1598971140000,51,173
1598971440000,51,160
1598971740000,50,155
1598972040000,49,168
1598972340000,50,166
1598972640000,54,171
1598972940000,58,141
1598973240000,61,123
1598973540000,62,117
1598973840000,62,111
1598974140000,61,121
1598974440000,60,148
1598974740000,61,126
1598975040000,56,182
1598975340000,52,184
1598975640000,52,212
1598975940000,52,202
1598976240000,53,202
1598976540000,52,179
1598976840000,52,153
1598977140000,56,155
1598977440000,53,145
1598977740000,51,164
1598978040000,51,146
1598978340000,52,149
1598978640000,0,0
1598978940000,58,152
1598979240000,58,145
1598979540000,55,182
1598979840000,61,125
1598980140000,60,132
1598980440000,62,110
1598980740000,61,114
1598981040000,64,95
1598981340000,62,118
1598981640000,60,154
1598981940000,49,166
1598982240000,57,132
1598982540000,73,68
1598982840000,0,0
1598983140000,0,0
1598983440000,56,126
1598983740000,61,134
1598984040000,55,180
1598984340000,54,125
1598984640000,50,157
1598984940000,52,157
1598985240000,0,0
1598985540000,53,147
1598985840000,54,146
1598986140000,55,136
1598986440000,72,103
1598986740000,60,123
1598987040000,0,0
1598987340000,56,144
1598987640000,56,162
1598987940000,59,145
1598988240000,0,0
1598988540000,61,121
1598988840000,55,125
1598989140000,57,115
1598989440000,66,115
1598989740000,59,127
1598990040000,55,140
1598990340000,57,124
1598990640000,65,108
1599044520000,65,130
1599044820000,63,149
1599045120000,60,162
1599045420000,61,165
1599045720000,62,158
1599046020000,61,156
1599046320000,60,149
1599046620000,60,154
1599046920000,61,159
1599047220000,60,179
1599047520000,61,139
1599047820000,61,129
1599048120000,60,153
1599048420000,62,110
1599048720000,59,152
1599049020000,56,194
1599049320000,55,191
1599049620000,55,186
1599049920000,54,184
1599050220000,55,176
1599050520000,56,176
1599050820000,59,153
1599051120000,54,161
1599051420000,53,163
1599051720000,53,171
1599052020000,54,172
1599052320000,53,163
1599052620000,55,151
1599052920000,62,139
1599053220000,58,153
1599053520000,62,88
1599053820000,61,120
1599054120000,67,47
1599054420000,59,134
1599054720000,58,136
1599055020000,52,207
1599055320000,52,209
1599055620000,53,201
1599055920000,53,193
1599056220000,56,168
1599056520000,55,214
1599056820000,52,220
1599057120000,54,202
1599057420000,54,202
1599057720000,52,205
1599058020000,50,196
1599058320000,51,186
1599058620000,52,178
1599058920000,51,180
1599059220000,51,189
1599059520000,54,182
1599059820000,56,150
1599060120000,60,133
1599060420000,56,195
1599060720000,57,170
1599061020000,59,119
1599061320000,62,141
1599061620000,63,102
1599061920000,60,134
1599062220000,59,142
1599062520000,57,175
1599062820000,58,166
1599063120000,57,182
1599063420000,57,184
1599063720000,58,160
1599064020000,63,141
1599064320000,53,170
1599064620000,54,180
1599064920000,54,183
1599065220000,56,175
1599065520000,56,165
1599065820000,59,178
1599066120000,58,177
1599066420000,64,112
1599066720000,63,118
1599067020000,57,156
1599067320000,56,158
1599067620000,55,198
1599067920000,54,227
1599068220000,54,207
1599068520000,64,168
1599068820000,74,64
1599069120000,0,0
1599131760000,59,180
1599132060000,57,176
1599132360000,57,178
1599132660000,58,194
1599132960000,59,184
1599133260000,59,181
1599133560000,59,175
1599133860000,60,162
1599134160000,57,142
1599134460000,55,150
1599134760000,54,157
1599135060000,54,147
1599135360000,56,143
1599135660000,55,158
1599135960000,55,168
1599136260000,69,59
1599136560000,61,140
1599136860000,63,108
1599137160000,62,117
1599137460000,57,168
1599137760000,57,162
1599138060000,51,182
1599138360000,51,164
1599138660000,51,162
1599138960000,52,148
1599139260000,52,143
1599139560000,52,145
1599139860000,53,140
1599140160000,54,132
1599140460000,53,140
1599140760000,57,161
1599141060000,54,161
1599141360000,53,174
1599141660000,55,182
1599141960000,55,177
1599142260000,56,149
1599142560000,61,110
1599142860000,64,81
1599143160000,63,114
1599143460000,61,111
1599143760000,61,117
1599144060000,61,117
1599144360000,63,72
1599144660000,61,123
1599144960000,52,212
1599145260000,52,196
1599145560000,51,205
1599145860000,52,200
1599146160000,53,180
1599146460000,52,177
1599146760000,54,173
1599147060000,68,122
1599147360000,61,165
1599147660000,70,77
1599147960000,63,102
1599216480000,0,0
1599216780000,61,157
1599217080000,60,165
1599217380000,64,122
1599217680000,57,155
1599217980000,56,175
1599218280000,58,171
1599218580000,57,167
1599218880000,56,145
1599219180000,56,143
1599219480000,56,143
1599219780000,56,151
1599220080000,58,161
1599220380000,58,159
1599220680000,61,161
1599220980000,63,109
1599221280000,62,120
1599221580000,62,134
1599221880000,56,161
1599222180000,51,166
1599222480000,51,178
1599222780000,52,168
1599223080000,54,152
1599223380000,0,0
1599223680000,53,162
1599223980000,54,152
1599224280000,55,159
1599224580000,55,151
1599224880000,54,154
1599225180000,54,160
1599225480000,53,156
1599225780000,53,157
1599226080000,55,170
1599226380000,58,176
1599226680000,66,85
1599226980000,62,119
1599227280000,60,137
1599227580000,61,129
1599227880000,60,127
1599228180000,58,174
1599228480000,49,199
1599228780000,48,189
1599229080000,49,178
1599229380000,50,179
1599229680000,51,190
1599229980000,53,179
1599230280000,53,180
1599230580000,54,168
1599230880000,50,187
1599231180000,52,210
1599231480000,56,184
1599231780000,62,134
1599232080000,61,149
1599232380000,60,119
1599232680000,59,143
1599232980000,61,142
1599233280000,65,86
1599233580000,65,91
1599233880000,63,117
1599234180000,63,110
1599234480000,63,106
1599234780000,59,173
1599235080000,54,188
1599235380000,50,188
1599235680000,50,191
1599235980000,49,176
1599236280000,49,174
1599236580000,50,179
1599236880000,50,178
1599237180000,53,181
1599237480000,55,169
1599237780000,59,142
1599238080000,61,122
1599238380000,60,134
1599238680000,57,157
1599238980000,59,163
1599239280000,53,150
1599239580000,53,146
1599239880000,57,142
1599240180000,52,210
1599240480000,52,205
1599240780000,60,152
1599241080000,63,132
1599241380000,53,171
1599241680000,53,169
1599241980000,55,154
1599242280000,55,167
1599242580000,67,108
1599242880000,62,119
1599243180000,58,124
1599243480000,58,151
1599243780000,54,133
1599244080000,56,146
1599302643000,0,0
1599302943000,0,0
1599303243000,61,181
1599303543000,59,180
1599303843000,60,185
1599304143000,59,196
1599304443000,59,186
1599304743000,60,141
1599305043000,54,123
1599305343000,53,128
1599305643000,56,139
1599305943000,58,151
1599306243000,56,165
1599306543000,62,132
1599306843000,61,126
1599307143000,58,151
1599307443000,57,159
1599307743000,55,185
1599308043000,56,192
1599308343000,52,179
1599308643000,54,194
1599308943000,56,190
1599309243000,54,182
1599309543000,54,178
1599309843000,54,175
1599310143000,55,183
1599310443000,53,175
1599310743000,56,170
1599311043000,58,148
1599311343000,51,172
1599311643000,53,161
1599311943000,51,155
1599312243000,51,181
1599312543000,55,160
1599312843000,60,163
1599313143000,58,153
1599313443000,59,156
1599313743000,59,155
1599314043000,64,97
1599314343000,63,106
1599314643000,57,177
1599314943000,55,148
1599315243000,49,198
1599315543000,50,230
1599315843000,50,215
1599316143000,50,198
1599316443000,52,189
1599316743000,51,183
1599317043000,51,175
1599317343000,51,190
1599317643000,54,176
1599317943000,52,181
1599318243000,50,179
1599318543000,51,192
1599318843000,51,199
1599319143000,56,188
1599319443000,56,154
1599319743000,57,169
1599320043000,61,146
1599320343000,58,170
1599320643000,57,161
1599320943000,58,153
1599321243000,59,137
1599321543000,60,144
1599321843000,59,158
1599322143000,62,152
1599322443000,59,164
1599322743000,54,193
1599323043000,54,188
1599323343000,54,181
1599323643000,54,197
1599323943000,55,190
1599324243000,55,173
1599324543000,55,171
1599324843000,59,158
1599325143000,57,153
1599325443000,56,182
1599325743000,57,167
1599326043000,58,169
1599326343000,59,155
1599326643000,62,140
1599326943000,58,175
1599327243000,60,161
1599327543000,59,165
1599327843000,56,192
1599328143000,53,197
1599328443000,51,208
1599328743000,52,201
1599329043000,52,202
1599329343000,53,190
1599329643000,53,197
1599329943000,52,195
1599330243000,62,140
1599330543000,56,177
1599330843000,60,168
1599331143000,0,0
1599331443000,0,0
1599331743000,61,157
1599332043000,62,147
1599332343000,64,149
1599332643000,54,167
1599332943000,56,180
1599333243000,55,158
1599333543000,53,181
1599333843000,53,186
1599334143000,55,168
1599334443000,61,154
1599334743000,57,154
1599335043000,57,157
1599335343000,69,111
1599335643000,66,115
1599335943000,67,106
1599336243000,58,145
1599336543000,67,90
1599336843000,74,86
1599394380000,0,0
1599394680000,58,159
1599394980000,56,153
1599395280000,57,160
1599395580000,56,164
1599395880000,54,157
1599396180000,54,152
1599396480000,56,141
1599396780000,55,162
1599397080000,54,157
1599397380000,53,151
1599397680000,53,159
1599397980000,53,142
1599398280000,53,147
1599398580000,51,161
1599398880000,56,165
1599399180000,55,195
1599399480000,56,181
1599399780000,54,177
1599400080000,52,167
1599400380000,52,167
1599400680000,52,190
1599400980000,52,184
1599401280000,52,160
1599401580000,52,165
1599401880000,52,170
1599402180000,55,159
1599402480000,52,169
1599402780000,52,161
1599403080000,56,148
1599403380000,59,125
1599403680000,52,171
1599403980000,52,184
1599404280000,53,181
1599404580000,53,165
1599404880000,58,145
1599405180000,58,134
1599405480000,59,113
1599405780000,55,147
1599406080000,55,160
1599406380000,54,162
1599406680000,55,161
1599406980000,56,164
1599407280000,57,153
1599407580000,56,170
1599407880000,53,199
1599408180000,55,166
1599408480000,55,175
1599408780000,52,191
1599409080000,52,181
1599409380000,54,185
1599409680000,56,168
1599409980000,63,143
1599410280000,60,112
1599410580000,58,118
1599410880000,58,113
1599411180000,55,142
1599411480000,56,151
1599411780000,58,160
1599412080000,56,139
1599412380000,56,163
1599412680000,54,183
1599412980000,55,185
1599413280000,56,179
1599413580000,58,156
1599413880000,56,176
1599414180000,55,185
1599414480000,53,182
1599414780000,69,89
1599415080000,57,129
1599415380000,56,184
1599415680000,60,138
1599415980000,59,152
1599416280000,57,155
1599416580000,61,144
1599416880000,59,150
1599417180000,54,159
1599417480000,55,140
1599417780000,54,156
1599418080000,53,154
1599418380000,54,160
1599418680000,59,133
1599418980000,65,110
1599419280000,56,124
1599419580000,51,143
1599419880000,53,149
1599420180000,71,94
1599420480000,59,118
1599420780000,58,119
1599421080000,57,139
1599421380000,56,128
1599421680000,61,111
1599421980000,58,116
1599422280000,68,93
1599422580000,76,46
1599422880000,74,56
1599423180000,69,82
1599477480000,0,0
1599477780000,58,162
1599478080000,57,170
1599478380000,56,177
1599478680000,56,153
1599478980000,58,141
1599479280000,56,156
1599479580000,54,155
1599479880000,54,143
1599480180000,59,148
1599480480000,54,157
1599480780000,55,147
1599481080000,56,141
1599481380000,58,148
1599481680000,58,147
1599481980000,57,142
1599482280000,59,120
1599482580000,58,127
1599482880000,56,154
1599483180000,54,183
1599483480000,53,176
1599483780000,59,156
1599484080000,54,163
1599484380000,56,158
1599484680000,53,156
1599484980000,54,166
1599485280000,54,164
1599485580000,54,166
1599485880000,60,144
1599486180000,56,167
1599486480000,54,170
1599486780000,55,160
1599487080000,56,153
1599487380000,59,142
1599487680000,53,140
1599487980000,53,148
1599488280000,55,135
1599488580000,57,144
1599488880000,64,75
1599489180000,60,121
1599489480000,58,109
1599489780000,58,119
1599490080000,59,134
1599490380000,52,172
1599490680000,52,167
1599490980000,52,163
1599491280000,53,159
1599491580000,58,163
1599491880000,56,175
1599492180000,54,158
1599492480000,55,157
1599492780000,55,172
1599493080000,55,164
1599493380000,56,159
1599493680000,60,137
1599493980000,56,112
1599494280000,52,125
1599494580000,61,116
1599494880000,56,117
1599495180000,57,110
1599495480000,57,110
1599495780000,57,139
1599496080000,58,115
1599496380000,57,144
1599496680000,54,193
1599496980000,55,174
1599497280000,57,151
1599497580000,51,149
1599497880000,53,137
1599498180000,56,133
1599498480000,58,149
1599498780000,56,139
1599499080000,57,129
1599499380000,61,107
1599499680000,62,106
1599499980000,63,124
1599500280000,61,122
1599500580000,64,78
1599500880000,63,94
1599501180000,57,147
1599501480000,59,128
1599501780000,58,154
1599502080000,59,138
1599502380000,55,163
1599502680000,56,160
1599502980000,51,195
1599503280000,53,172
1599503580000,53,189
1599503880000,53,179
1599504180000,54,172
1599504480000,54,182
1599504780000,60,144
1599505080000,70,108
1599505380000,58,127
1599505680000,63,118
1599505980000,61,122
1599506280000,70,80
1599506580000,79,49
1599506880000,76,52
1599507180000,71,58
1599507480000,69,71
1599561722000,0,0
1599562022000,63,126
1599562322000,60,131
1599562622000,58,142
1599562922000,59,152
1599563222000,59,163
1599563522000,59,166
1599563822000,63,140
1599564122000,58,141
1599564422000,55,144
1599564722000,58,140
1599565022000,62,125
1599565322000,58,143
1599565622000,58,144
1599565922000,57,162
1599566222000,68,105
1599566522000,61,118
1599566822000,62,110
1599567122000,61,114
1599567422000,62,112
1599567722000,60,129
1599568022000,57,139
1599568322000,57,133
1599568622000,58,122
1599568922000,58,131
1599569222000,58,133
1599569522000,59,144
1599569822000,62,122
1599570122000,66,144
1599570422000,54,164
1599570722000,56,143
1599571022000,56,154
1599571322000,56,154
1599571622000,61,142
1599571922000,67,100
1599572222000,58,117
1599572522000,66,57
1599572822000,62,87
1599573122000,63,96
1599573422000,59,140
1599573722000,61,128
1599574022000,55,186
1599574322000,54,184
1599574622000,56,159
1599574922000,54,174
1599575222000,59,161
1599575522000,60,150
1599575822000,66,132
1599576122000,53,160
1599576422000,55,159
1599576722000,59,157
1599577022000,0,0
1599577322000,0,0
1599577622000,53,169
1599577922000,59,146
1599578222000,56,123
1599578522000,55,122
1599578822000,56,118
1599579122000,56,113
1599579422000,57,121
1599579722000,62,128
1599580022000,59,126
1599580322000,67,58
1599580622000,65,61
1599580922000,66,83
1599581222000,66,98
1599581522000,56,159
1599581822000,55,151
1599582122000,55,146
1599582422000,54,150
1599582722000,56,138
1599583022000,56,141
1599583322000,62,131
1599583622000,59,142
1599583922000,56,166
1599584222000,55,148
1599584522000,53,133
1599584822000,57,120
1599585122000,58,130
1599585422000,57,164
1599585722000,59,127
1599586022000,61,110
1599586322000,64,115
1599586622000,61,127
1599586922000,63,101
1599587222000,60,140
1599587522000,62,131
1599587822000,62,113
1599588122000,61,139
1599588422000,57,148
1599588722000,54,172
1599589022000,54,155
1599589322000,54,144
1599589622000,65,111
1599589922000,65,116
1599590222000,55,123
1599590522000,59,123
1599590822000,64,118
1599591122000,79,37
1599591422000,67,71
1599648720000,62,168
1599649020000,59,175
1599649320000,61,182
1599649620000,58,174
1599649920000,57,192
1599650220000,57,189
1599650520000,57,160
1599650820000,56,172
1599651120000,57,175
1599651420000,59,147
1599651720000,59,155
1599652020000,59,145
1599652320000,61,122
1599652620000,60,128
1599652920000,57,181
1599653220000,61,164
1599653520000,55,195
1599653820000,56,185
1599654120000,55,170
1599654420000,62,164
1599654720000,54,162
1599655020000,56,155
1599655320000,54,160
1599655620000,54,163
1599655920000,57,152
1599656220000,58,166
1599656520000,73,103
1599656820000,64,99
1599657120000,55,144
1599657420000,55,164
1599657720000,58,141
1599658020000,58,140
1599658320000,54,151
1599658620000,59,156
1599658920000,59,144
1599659220000,63,101
1599659520000,63,93
1599659820000,65,80
1599660120000,68,57
1599660420000,65,112
1599660720000,57,166
1599661020000,54,182
1599661320000,54,188
1599661620000,53,184
1599661920000,53,182
1599662220000,53,186
1599662520000,54,175
1599662820000,54,181
1599663120000,60,166
1599663420000,52,201
1599663720000,52,184
1599664020000,56,184
1599664320000,56,181
1599664620000,57,177
1599664920000,62,120
1599665220000,63,89
1599665520000,63,89
1599665820000,65,93
1599666120000,57,150
1599666420000,55,156
1599666720000,51,172
1599667020000,51,178
1599667320000,52,181
1599667620000,52,170
1599667920000,54,174
1599668220000,53,161
1599668520000,54,163
1599668820000,55,145
1599669120000,57,157
1599669420000,55,157
1599669720000,57,144
1599670020000,68,129
1599670320000,60,137
1599670620000,66,72
1599670920000,61,112
1599671220000,64,81
1599671520000,63,88
1599671820000,62,117
1599672120000,59,136
1599672420000,60,124
1599672720000,62,92
1599673020000,61,141
1599673320000,56,161
1599673620000,57,181
1599673920000,57,164
1599674220000,56,167
1599674520000,56,174
1599674820000,59,173
1599675120000,71,125
1599675420000,58,150
1599675720000,52,176
1599676020000,52,188
1599676320000,53,153
1599676620000,68,135
1599676920000,55,191
1599677220000,62,134
1599677520000,64,120
1599677820000,59,159
1599678120000,65,112
1599678420000,65,136
1599678720000,67,109
1599679020000,71,80
1599679320000,70,87
1599736622000,0,0
1599736922000,65,138
1599737222000,58,173
1599737522000,60,162
1599737822000,58,164
1599738122000,59,169
1599738422000,61,145
1599738722000,56,133
1599739022000,58,127
1599739322000,56,127
1599739622000,55,138
1599739922000,55,143
1599740222000,57,151
1599740522000,59,137
1599740822000,65,85
1599741122000,65,71
1599741422000,61,129
1599741722000,56,176
1599742022000,54,168
1599742322000,56,166
1599742622000,52,170
1599742922000,53,167
1599743222000,54,162
1599743522000,53,174
1599743822000,59,161
1599744122000,53,186
1599744422000,53,179
1599744722000,52,170
1599745022000,59,146
1599745322000,57,163
1599745622000,51,179
1599745922000,52,160
1599746222000,57,146
1599746522000,54,185
1599746822000,57,149
1599747122000,61,162
1599747422000,62,121
1599747722000,58,198
1599748022000,59,163
1599748322000,59,201
1599748622000,50,219
1599748922000,49,215
1599749222000,49,200
1599749522000,50,201
1599749822000,50,186
1599750122000,49,195
1599750422000,50,195
1599750722000,55,160
1599751022000,50,174
1599751322000,50,181
1599751622000,51,189
1599751922000,49,181
1599752222000,54,173
1599752522000,52,186
1599752822000,53,164
1599753122000,49,203
1599753422000,50,201
1599753722000,49,208
1599754022000,51,191
1599754322000,51,175
1599754622000,50,200
1599754922000,58,169
1599755222000,60,120
1599755522000,55,170
1599755822000,56,150
1599756122000,57,170
1599756422000,0,0
1599756722000,58,164
1599757022000,55,153
1599757322000,0,0
1599757622000,56,145
1599757922000,0,0
1599758222000,0,0
1599821098000,0,0
1599821398000,58,172
1599821698000,59,174
1599821998000,58,198
1599822298000,58,175
1599822598000,58,176
1599822898000,57,190
1599823198000,57,194
1599823498000,56,186
1599823798000,57,193
1599824098000,55,199
1599824398000,55,193
1599824698000,57,177
1599824998000,68,101
1599825298000,62,114
1599825598000,59,134
1599825898000,56,160
1599826198000,55,178
1599826498000,51,191
1599826798000,52,179
1599827098000,56,167
1599827398000,52,181
1599827698000,52,176
1599827998000,53,173
1599828298000,70,106
1599828598000,52,195
1599828898000,53,206
1599829198000,54,204
1599829498000,57,164
1599829798000,55,193
1599830098000,52,196
1599830398000,59,158
1599830698000,54,165
1599830998000,57,145
1599831298000,59,134
1599831598000,62,119
1599831898000,57,164
1599832198000,57,157
1599832498000,56,156
1599832798000,54,177
1599833098000,51,223
1599833398000,51,218
1599833698000,51,219
1599833998000,54,232
1599834298000,52,237
1599834598000,52,241
1599834898000,52,236
1599835198000,56,187
1599835498000,51,230
1599835798000,53,227
1599836098000,58,199
1599836398000,50,154
1599836698000,54,157
1599836998000,55,193
1599837298000,53,215
1599837598000,57,172
1599837898000,57,164
1599838198000,56,176
1599838498000,56,176
1599838798000,54,195
1599839098000,50,226
1599839398000,52,201
1599839698000,55,194
1599839998000,52,188
1599840298000,57,169
1599840598000,50,238
1599840898000,52,231
1599841198000,56,188
1599841498000,53,226
1599841798000,60,162
1599842098000,52,179
1599842398000,53,165
1599842698000,57,168
1599842998000,58,164
1599843298000,59,180
1599843598000,61,139
1599843898000,60,146
1599844198000,60,148
1599844498000,52,202
1599844798000,52,202
1599845098000,51,202
1599845398000,51,192
1599845698000,50,182
1599845998000,55,170
1599846298000,55,162
1599846598000,0,0
1599846898000,58,175
1599847198000,71,89
1599847498000,55,185
1599847798000,53,180
1599848098000,57,162
1599848398000,62,138
1599848698000,60,161
1599848998000,59,158
1599849298000,64,119
1599849598000,69,89
1599849898000,59,144
1599850198000,57,162
1599850498000,58,144
1599850798000,0,0
1599851098000,50,177
1599851398000,52,173
1599851698000,51,175
1599851998000,52,195
1599852298000,53,181
1599852598000,56,174
1599852898000,56,127
1599853198000,55,154
1599853498000,59,141
1599853798000,59,141
1599854098000,61,146
1599854398000,58,132
1599854698000,65,112
1599854998000,0,0
1599855298000,55,184
1599855598000,0,0
1599855898000,51,156
1599856198000,51,179
1599856498000,61,145
1599856798000,55,128
1599857098000,53,159
1599857398000,54,174
1599857698000,58,147
1599857998000,60,125
1599858298000,55,140
1599858598000,58,128
1599858898000,65,78
1599859198000,62,92
1599859498000,60,120
1599859798000,62,115
1599860098000,64,145
1599860398000,60,156
1599860698000,54,158
1599860998000,57,135
1599861298000,57,146
1599861598000,55,140
1599861898000,55,154
1599862198000,54,140
1599862498000,55,163
1599862798000,71,93
1599863098000,62,123
1599863398000,59,129
1599863698000,64,114
1599863998000,62,98
1599864298000,68,100
1599864598000,0,0
1599864898000,0,0
1599914279000,0,0
1599914579000,62,138
1599914879000,58,131
1599915179000,56,135
1599915479000,55,152
1599915779000,54,147
1599916079000,54,132
1599916379000,55,129
1599916679000,56,132
1599916979000,55,139
1599917279000,54,162
1599917579000,53,155
1599917879000,56,145
1599918179000,58,127
1599918479000,57,145
1599918779000,58,143
1599919079000,53,170
1599919379000,54,162
1599919679000,54,170
1599919979000,60,166
1599920279000,52,187
1599920579000,52,189
1599920879000,54,180
1599921179000,51,187
1599921479000,53,174
1599921779000,53,189
1599922079000,50,158
1599922379000,49,168
1599922679000,50,151
1599922979000,59,148
1599923279000,53,160
1599923579000,56,169
1599923879000,56,158
1599924179000,56,169
1599924479000,59,156
1599924779000,66,59
1599925079000,60,134
1599925379000,54,161
1599925679000,52,176
1599925979000,52,177
1599926279000,52,177
1599926579000,53,172
1599926879000,55,131
1599927179000,54,147
1599927479000,54,153
1599927779000,53,232
1599928079000,54,231
1599928379000,52,223
1599928679000,56,192
1599928979000,53,134
1599929279000,55,126
1599929579000,54,147
1599929879000,55,169
1599930179000,55,175
1599930479000,55,153
1599930779000,55,169
1599931079000,57,146
1599931379000,58,134
1599931679000,55,160
1599931979000,54,170
1599932279000,55,157
1599932579000,55,153
1599932879000,56,136
1599933179000,56,140
1599933479000,58,133
1599933779000,57,147
1599934079000,65,113
1599934379000,58,129
1599934679000,60,131
1599934979000,60,149
1599935279000,62,123
1599935579000,63,108
1599935879000,61,143
1599936179000,56,174
1599936479000,55,171
1599936779000,58,143
1599937079000,61,136
1599937379000,54,158
1599937679000,0,0
1599937979000,54,148
1599938279000,56,145
1599938579000,54,170
1599938879000,0,0
1599939179000,62,136
1599939479000,54,160
1599939779000,56,145
1599940079000,54,137
1599940379000,53,142
1599940679000,64,120
1599940979000,62,116
1599941279000,58,122
1599941579000,60,116
1599941879000,66,119
1599942179000,60,126
1599942479000,55,153
1599942779000,65,118
1599943079000,61,119
1599943379000,55,133
1599943679000,60,126
1599943979000,55,121
1599944279000,59,135
1599944579000,66,99
1599944879000,57,145
1599945179000,57,127
1599945479000,63,111
1599997057000,0,0
1599997357000,69,106
1599997657000,68,101
1599997957000,66,122
1599998257000,65,150
1599998557000,63,152
1599998857000,63,157
1599999157000,66,140
1599999457000,61,143
1599999757000,60,157
1600000057000,63,144
1600000357000,70,124
1600000657000,73,102
1600000957000,65,136
1600001257000,61,132
1600001557000,61,131
1600001857000,61,162
1600002157000,59,152
1600002457000,64,125
1600002757000,63,135
1600003057000,62,95
1600003357000,61,121
1600003657000,60,134
1600003957000,59,130
1600004257000,61,119
1600004557000,58,158
1600004857000,58,160
1600005157000,56,134
1600005457000,58,128
1600005757000,58,150
1600006057000,57,144
1600006357000,59,129
1600006657000,62,124
1600006957000,75,87
1600007257000,63,155
1600007557000,54,172
1600007857000,57,169
1600008157000,56,182
1600008457000,55,198
1600008757000,60,170
1600009057000,54,177
1600009357000,61,141
1600009657000,59,111
1600009957000,58,128
1600010257000,62,110
1600010557000,62,108
1600010857000,67,112
1600011157000,62,152
1600011457000,61,148
1600011757000,67,138
1600012057000,57,178
1600080722000,0,0
1600081022000,0,0
1600081322000,69,84
1600081622000,67,120
1600081922000,61,145
1600082222000,61,156
1600082522000,60,181
1600082822000,60,174
1600083122000,64,164
1600083422000,59,111
1600083722000,59,144
1600084022000,55,157
1600084322000,56,144
1600084622000,56,151
1600084922000,56,173
1600085222000,61,132
1600085522000,59,171
1600085822000,56,167
1600086122000,64,140
1600086422000,54,182
1600086722000,53,170
1600087022000,54,173
1600087322000,55,168
1600087622000,60,157
1600087922000,58,138
1600088222000,63,92
1600088522000,58,142
1600088822000,61,112
1600089122000,60,127
1600089422000,60,139
1600089722000,60,141
1600090022000,57,142
1600090322000,55,161
1600090622000,56,153
1600090922000,57,153
1600091222000,58,141
1600091522000,57,141
1600091822000,57,149
1600092122000,58,139
1600092422000,57,144
1600092722000,75,100
1600093022000,57,177
1600093322000,58,188
1600093622000,56,198
1600093922000,56,203
1600094222000,55,188
1600094522000,0,0
1600094822000,58,138
1600095122000,61,110
1600095422000,58,140
1600095722000,59,120
1600096022000,60,130
1600096322000,59,142
1600096622000,58,162
1600096922000,54,202
1600097222000,54,193
1600097522000,54,206
1600097822000,56,196
1600098122000,56,186
1600098422000,59,158
1600098722000,59,169
1600099022000,60,170
1600099322000,56,179
1600099622000,51,184
1600099922000,51,180
1600100222000,53,179
1600100522000,58,148
1600100822000,60,95
1600101122000,58,113
1600101422000,56,142
1600101722000,59,173
1600102022000,56,156
1600102322000,57,158
1600102622000,56,162
1600102922000,57,152
1600103222000,61,104
1600103522000,60,151
1600103822000,56,158
1600104122000,55,150
1600104422000,55,192
1600104722000,55,187
1600105022000,62,160
1600105322000,54,187
1600105622000,57,156
1600105922000,53,175
1600106222000,54,164
1600106522000,54,172
1600106822000,56,156
1600107122000,57,150
1600107422000,59,150
1600107722000,59,143
1600108022000,62,106
1600108322000,64,102
1600108622000,61,122
1600108922000,63,154
1600109222000,56,167
1600109522000,56,164
1600109822000,57,162
1600110122000,75,54
1600110422000,0,0
1600110722000,61,129
1600111022000,0,0
1600111322000,0,0
1600111622000,57,132
1600111922000,60,134
1600112222000,53,143
1600112522000,59,136
1600112822000,63,120
1600113122000,70,95
1600113422000,70,87
1600113722000,0,0
1600114022000,0,0
1600174918000,0,0
1600175218000,58,147
1600175518000,57,155
1600175818000,56,159
1600176118000,57,155
1600176418000,57,168
1600176718000,56,119
1600177018000,57,112
1600177318000,57,118
1600177618000,56,134
1600177918000,56,157
1600178218000,61,125
1600178518000,60,131
1600178818000,60,123
1600179118000,59,105
1600179418000,57,118
1600179718000,56,175
1600180018000,54,175
1600180318000,56,160
1600180618000,55,176
1600180918000,57,138
1600181218000,57,145
1600181518000,56,127
1600181818000,58,105
1600182118000,60,135
1600182418000,62,130
1600182718000,53,145
1600183018000,59,122
1600183318000,57,143
1600183618000,57,140
1600183918000,60,106
1600184218000,61,95
1600184518000,60,106
1600184818000,64,71
1600185118000,62,99
1600185418000,60,122
1600185718000,57,132
1600186018000,57,135
1600186318000,55,162
1600186618000,56,159
1600186918000,58,148
1600187218000,55,143
1600187518000,55,133
1600187818000,66,117
1600188118000,53,178
1600188418000,54,182
1600188718000,59,152
1600189018000,56,149
1600189318000,57,151
1600189618000,62,113
1600189918000,59,132
1600190218000,59,115
1600190518000,58,134
1600190818000,63,80
1600191118000,62,90
1600191418000,62,116
1600191718000,59,132
1600192018000,57,159
1600192318000,60,142
1600192618000,59,152
1600192918000,57,145
1600193218000,57,164
1600193518000,61,146
1600193818000,81,50
1600252637000,0,0
1600252937000,60,158
1600253237000,57,172
1600253537000,57,176
1600253837000,54,154
1600254137000,59,159
1600254437000,54,144
1600254737000,54,153
1600255037000,55,165
1600255337000,56,163
1600255637000,57,163
1600255937000,58,175
1600256237000,59,177
1600256537000,62,139
1600256837000,65,104
1600257137000,64,125
1600257437000,62,130
1600257737000,58,196
1600258037000,52,185
1600258337000,52,183
1600258637000,54,195
1600258937000,56,184
1600259237000,59,157
1600259537000,52,158
1600259837000,54,176
1600260137000,59,164
1600260437000,54,201
1600260737000,55,200
1600261037000,59,190
1600261337000,57,158
1600261637000,52,187
1600261937000,53,191
1600262237000,54,183
1600262537000,60,156
1600262837000,54,193
1600263137000,59,150
1600263437000,59,149
1600263737000,58,168
1600264037000,56,151
1600264337000,58,144
1600264637000,61,129
1600264937000,55,164
1600265237000,70,124
1600265537000,0,0
1600265837000,0,0
1600266137000,0,0
1600266437000,0,0
1600266737000,0,0
1600267037000,0,0
1600267337000,0,0
1600267637000,53,187
1600267937000,52,180
1600268237000,52,188
1600268537000,63,147
1600268837000,52,169
1600269137000,51,156
1600269437000,53,158
1600269737000,53,164
1600270037000,56,171
1600270337000,59,153
1600270637000,59,178
1600270937000,63,108
1600271237000,61,122
1600271537000,0,0
1600271837000,58,192
1600272137000,54,194
1600272437000,54,222
1600272737000,54,211
1600273037000,52,232
1600273337000,53,214
1600273637000,65,153
1600273937000,53,156
1600274237000,52,169
1600274537000,52,171
1600274837000,53,157
1600275137000,55,158
1600275437000,54,150
1600275737000,59,123
1600276037000,60,148
1600276337000,65,105
1600276637000,0,0
1600276937000,59,160
1600277237000,62,147
1600277537000,57,163
1600277837000,54,185
1600278137000,55,174
1600278437000,55,188
1600278737000,55,181
1600279037000,72,130
1600279337000,0,0
1600279637000,59,172
1600279937000,61,145
1600280237000,58,152
1600280537000,60,158
1600280837000,57,178
1600281137000,60,134
1600281437000,60,166
1600281737000,59,166
1600282037000,60,155
1600282337000,60,152
1600282637000,61,163
1600282937000,58,196
1600283237000,59,188
1600283537000,56,163
1600283837000,55,180
1600284137000,55,174
1600284437000,55,199
1600284737000,54,203
1600285037000,55,186
1600285337000,55,198
1600285637000,62,158
1600285937000,64,125
1600286237000,60,127
1600286537000,61,128
1600286837000,0,0
1600287137000,59,146
1600287437000,62,170
1600287737000,66,113
1600288037000,68,143
1600288337000,62,131
1600288637000,63,135
1600288937000,66,109
1600289237000,65,157
1600289537000,0,0
1600289837000,62,158
1600290137000,61,148
1600290437000,57,184
1600290737000,60,172
1600291037000,59,164
1600291337000,63,153
1600291637000,68,116
1600291937000,65,110
1600292237000,59,154
1600292537000,62,156
1600292837000,66,121
1600293137000,75,104
1600293437000,67,87
1600293737000,62,124
1600294037000,60,144
1600294337000,64,119
1600424131000,63,135
1600424431000,58,166
1600424731000,56,168
1600425031000,57,166
1600425331000,57,156
1600425631000,56,162
1600425931000,55,155
1600426231000,56,151
1600426531000,56,162
1600426831000,56,161
1600427131000,56,166
1600427431000,56,169
1600427731000,67,138
1600428031000,66,92
1600428331000,64,108
1600428631000,65,72
1600428931000,59,176
1600429231000,55,214
1600429531000,55,203
1600429831000,55,185
1600430131000,57,158
1600430431000,61,142
1600430731000,53,161
1600431031000,53,166
1600431331000,52,161
1600431631000,53,158
1600431931000,54,159
1600432231000,53,160
1600432531000,56,144
1600432831000,52,181
1600433131000,53,175
1600433431000,53,181
1600433731000,64,146
1600434031000,64,95
1600434331000,67,64
1600434631000,67,101
1600434931000,65,109
1600435231000,59,175
1600435531000,54,187
1600435831000,51,200
1600436131000,50,189
1600436431000,51,201
1600436731000,53,196
1600437031000,52,207
1600437331000,52,210
1600437631000,53,231
1600437931000,55,208
1600438231000,54,209
1600438531000,0,0
1600438831000,0,0
1600439131000,50,214
1600439431000,50,221
1600439731000,49,226
1600440031000,52,217
1600440331000,52,194
1600440631000,52,184
1600440931000,58,149
1600441231000,62,105
1600441531000,56,172
1600441831000,60,197
1600442131000,0,0
1600442431000,61,137
1600442731000,61,148
1600443031000,64,135
1600443331000,60,156
1600443631000,57,211
1600443931000,55,207
1600444231000,55,222
1600444531000,58,202
1600444831000,49,189
1600445131000,50,185
1600445431000,48,176
1600445731000,52,151
1600446031000,50,165
1600446331000,51,177
1600446631000,53,178
1600446931000,55,163
1600447231000,58,154
1600447531000,0,0
1600447831000,64,119
1600448131000,56,177
1600448431000,0,0
1600448731000,61,142
1600449031000,63,140
1600449331000,59,166
1600449631000,51,168
1600449931000,52,187
1600450231000,0,0
1600450531000,52,175
1600450831000,52,152
1600451131000,57,162
1600451431000,59,152
1600451731000,58,110
1600452031000,53,135
1600452331000,56,135
1600452631000,60,124
1600452931000,55,162
1600453231000,55,140
1600453531000,54,166
1600453831000,57,136
1600454131000,53,186
1600454431000,59,170
1600454731000,61,147
1600455031000,58,176
1600455331000,63,148
1600455631000,74,108
1600455931000,52,176
1600456231000,0,0
1600456531000,0,0
1600456831000,66,124
1600457131000,70,111
1600457431000,0,0
1600507410000,0,0
1600507710000,0,0
1600508010000,0,0
1600508310000,0,0
1600508610000,0,0
1600508910000,0,0
1600509210000,0,0
1600509510000,66,162
1600509810000,67,171
1600510110000,71,152
1600510410000,70,115
1600510710000,68,82
1600511010000,68,71
1600511310000,65,126
1600511610000,61,141
1600511910000,59,142
1600512210000,60,145
1600512510000,60,140
1600512810000,66,138
1600513110000,64,141
1600513410000,57,178
1600513710000,57,170
1600514010000,58,171
1600514310000,57,174
1600514610000,70,124
1600514910000,83,70
1600515210000,56,143
1600515510000,62,121
1600515810000,62,117
1600516110000,62,136
1600516410000,66,116
1600516710000,61,143
1600517010000,65,119
1600517310000,63,118
1600517610000,60,181
1600517910000,57,189
1600518210000,56,192
1600518510000,57,188
1600518810000,55,204
1600519110000,56,188
1600519410000,56,187
1600519710000,56,178
1600520010000,55,181
1600520310000,56,172
1600520610000,56,182
1600520910000,65,135
1600521210000,57,157
1600521510000,57,150
1600521810000,56,160
1600522110000,54,180
1600522410000,56,176
1600522710000,62,146
1600523010000,61,114
1600523310000,64,105
1600523610000,62,117
1600523910000,0,0
1600524210000,64,121
1600524510000,63,150
1600524810000,55,197
1600525110000,54,203
1600525410000,55,208
1600525710000,58,190
1600526010000,55,192
1600526310000,52,177
1600526610000,54,175
1600526910000,54,173
1600527210000,54,181
1600527510000,63,172
1600527810000,0,0
1600528110000,57,184
1600528410000,59,182
1600528710000,63,126
1600529010000,54,170
1600529310000,54,163
1600529610000,64,123
1600529910000,64,124
1600530210000,59,158
1600530510000,58,150
1600530810000,61,147
1600531110000,62,133
1600531410000,59,153
1600531710000,56,167
1600532010000,56,174
1600532310000,59,149
1600532610000,58,137
1600532910000,59,155
1600533210000,57,167
1600533510000,56,172
1600533810000,55,193
1600534110000,63,147
1600534410000,70,103
1600534710000,63,128
1600535010000,61,159
1600535310000,59,167
1600535610000,62,142
1600535910000,65,113
1600536210000,63,140
1600536510000,64,112
1600536810000,59,155
1600537110000,63,181
1600537410000,56,185
1600537710000,53,184
1600538010000,53,177
1600538310000,53,182
1600538610000,55,180
1600538910000,69,107
1600539210000,58,137
1600539510000,59,139
1600539810000,61,124
1600540110000,61,155
1600540410000,74,84
1600540710000,66,123
1600541010000,59,157
1600541310000,57,134
1600541610000,53,154
1600541910000,62,136
1600542210000,0,0
1600542510000,0,0
1600542810000,65,118
1600543110000,55,128
1600543410000,55,139
1600543710000,67,132
1600544010000,59,118
1600544310000,55,135
1600544610000,60,116
1600544910000,56,155
1600545210000,54,149
1600545510000,61,151
1600545810000,57,177
1600546110000,60,131
1600546410000,60,129
1600546710000,56,148
1600547010000,60,130
1600547310000,56,161
1600547610000,59,154
1600547910000,69,94
1600548210000,75,68
1600548510000,74,79
1600548810000,64,109
1600549110000,74,85
1600599281000,0,0
1600599581000,0,0
1600599881000,0,0
1600600181000,62,150
1600600481000,59,153
1600600781000,58,166
1600601081000,58,171
1600601381000,58,176
1600601681000,58,177
1600601981000,59,161
1600602281000,58,143
1600602581000,58,147
1600602881000,62,151
1600603181000,63,132
1600603481000,65,99
1600603781000,66,95
1600604081000,65,116
1600604381000,55,147
1600604681000,54,157
1600604981000,53,178
1600605281000,54,158
1600605581000,55,145
1600605881000,57,156
1600606181000,53,160
1600606481000,54,157
1600606781000,56,147
1600607081000,55,159
1600607381000,56,166
1600607681000,68,119
1600607981000,58,152
1600608281000,57,132
1600608581000,67,79
1600608881000,59,145
1600609181000,68,89
1600609481000,65,106
1600609781000,61,133
1600610081000,61,146
1600610381000,58,224
1600610681000,0,0
1600610981000,55,210
1600611281000,55,212
1600611581000,57,201
1600611881000,64,161
1600612181000,0,0
1600612481000,50,202
1600612781000,51,206
1600613081000,53,176
1600613381000,52,200
1600613681000,57,169
1600613981000,53,165
1600614281000,55,169
1600614581000,64,156
1600614881000,56,163
1600615181000,61,141
1600615481000,68,92
1600615781000,61,152
1600616081000,63,135
1600616381000,61,136
1600616681000,60,159
1600616981000,55,176
1600617281000,52,195
1600617581000,52,199
1600617881000,52,221
1600618181000,0,0
1600618481000,55,180
1600618781000,52,178
1600619081000,52,174
1600619381000,53,198
1600619681000,53,178
1600619981000,59,173
1600620281000,54,155
1600620581000,53,167
1600620881000,59,163
1600621181000,61,148
1600621481000,0,0
1600621781000,61,171
1600622081000,60,167
1600622381000,58,188
1600622681000,0,0
1600622981000,57,197
1600623281000,0,0
1600623581000,58,160
1600623881000,55,160
1600624181000,59,151
1600624481000,0,0
1600624781000,0,0
1600625081000,0,0
1600625381000,59,157
1600625681000,58,145
1600625981000,58,153
1600626281000,61,127
1600626581000,64,115
1600626881000,54,163
1600627181000,68,128
1600627481000,71,114
1600627781000,61,144
1600628081000,0,0
1600682612000,0,0
1600682912000,0,0
1600683212000,72,55
1600683512000,71,74
1600683812000,71,74
1600684112000,74,46
1600684412000,76,45
1600684712000,0,0
1600685012000,0,0
1600685312000,65,126
1600685612000,62,135
1600685912000,61,158
1600686212000,61,168
1600686512000,60,176
1600686812000,59,183
1600687112000,60,163
1600687412000,58,167
1600687712000,57,153
1600688012000,58,156
1600688312000,58,154
1600688612000,72,114
1600688912000,62,135
1600689212000,64,100
1600689512000,61,140
1600689812000,61,138
1600690112000,56,184
1600690412000,53,175
1600690712000,52,185
1600691012000,52,167
1600691312000,56,162
1600691612000,54,153
1600691912000,53,163
1600692212000,61,143
1600692512000,52,189
1600692812000,58,181
1600693112000,53,210
1600693412000,55,189
1600693712000,65,133
1600694012000,59,133
1600694312000,58,163
1600694612000,60,144
1600694912000,59,163
1600695212000,58,175
1600695512000,60,137
1600695812000,58,170
1600696112000,0,0
1600696412000,0,0
1600696712000,0,0
1600697012000,52,210
1600697312000,51,217
1600697612000,52,205
1600697912000,52,211
1600698212000,54,229
1600698512000,55,204
1600698812000,61,142
1600699112000,51,162
1600699412000,49,168
1600699712000,50,190
1600700012000,49,173
1600700312000,53,206
1600700612000,55,193
1600700912000,58,160
1600701212000,58,180
1600701512000,56,173
1600701812000,55,207
1600702112000,55,238
1600702412000,56,233
1600702712000,0,0
1600703012000,52,219
1600703312000,51,224
1600703612000,53,201
1600703912000,55,189
1600704212000,55,170
1600704512000,51,165
1600704812000,54,159
1600705112000,52,180
1600705412000,52,175
1600705712000,55,163
1600706012000,60,192
1600706312000,57,153
1600706612000,64,134
1600706912000,0,0
1600707212000,71,88
1600707512000,59,151
1600707812000,59,133
1600708112000,64,106
1600708412000,64,127
1600708712000,55,161
1600709012000,64,139
1600709312000,65,125
1600709612000,75,63
1600770628000,0,0
1600770928000,62,139
1600771228000,62,169
1600771528000,61,178
1600771828000,61,166
1600772128000,61,176
1600772428000,61,164
1600772728000,62,171
1600773028000,61,167
1600773328000,62,163
1600773628000,62,154
1600773928000,66,123
1600774228000,68,50
1600774528000,66,77
1600774828000,67,60
1600775128000,65,90
1600775428000,64,95
1600775728000,64,103
1600776028000,55,179
1600776328000,55,175
1600776628000,0,0
1600776928000,55,178
1600777228000,54,194
1600777528000,0,0
1600777828000,0,0
1600778128000,0,0
1600778428000,0,0
1600778728000,57,165
1600779028000,54,196
1600779328000,55,192
1600779628000,61,167
1600779928000,55,208
1600780228000,55,212
1600780528000,60,159
1600780828000,73,101
1600781128000,62,135
1600781428000,65,86
1600781728000,66,87
1600782028000,64,103
1600782328000,64,98
1600782628000,62,123
1600782928000,58,167
1600783228000,56,185
1600783528000,57,187
1600783828000,57,184
1600784128000,66,142
1600784428000,57,196
1600784728000,58,173
1600785028000,57,201
1600785328000,58,169
1600785628000,59,171
1600785928000,59,159
1600786228000,0,0
1600786528000,55,186
1600786828000,53,193
1600787128000,57,150
1600787428000,64,79
1600787728000,60,157
1600788028000,54,191
1600788328000,56,173
1600788628000,74,64
1600855409000,0,0
1600855709000,0,0
1600856009000,56,153
1600856309000,56,161
1600856609000,55,172
1600856909000,54,148
1600857209000,55,154
1600857509000,54,168
1600857809000,54,146
1600858109000,54,138
1600858409000,55,159
1600858709000,54,140
1600859009000,55,169
1600859309000,55,184
1600859609000,56,167
1600859909000,62,142
1600860209000,64,102
1600860509000,64,107
1600860809000,63,92
1600861109000,63,121
1600861409000,58,168
1600861709000,53,195
1600862009000,53,188
1600862309000,53,176
1600862609000,54,169
1600862909000,53,174
1600863209000,57,158
1600863509000,52,152
1600863809000,51,163
1600864109000,52,158
1600864409000,53,171
1600864709000,54,172
1600865009000,56,150
1600865309000,62,102
1600865609000,59,124
1600865909000,59,163
1600866209000,59,143
1600866509000,60,122
1600866809000,61,128
1600867109000,59,137
1600867409000,53,182
1600867709000,49,203
1600868009000,50,193
1600868309000,53,188
1600868609000,55,166
1600868909000,53,163
1600869209000,53,176
1600869509000,53,176
1600869809000,53,178
1600870109000,52,180
1600870409000,53,179
1600870709000,52,183
1600871009000,52,188
1600871309000,53,171
1600871609000,58,154
1600871909000,60,141
1600872209000,58,144
1600872509000,62,116
1600872809000,52,182
1600873109000,50,199
1600873409000,49,194
1600873709000,50,198
1600874009000,51,197
1600874309000,52,178
1600938852000,0,0
1600939152000,66,115
1600939452000,63,148
1600939752000,62,152
1600940052000,63,148
1600940352000,62,148
1600940652000,60,148
1600940952000,60,151
1600941252000,60,158
1600941552000,61,168
1600941852000,62,152
1600942152000,63,136
1600942452000,67,140
1600942752000,66,113
1600943052000,70,59
1600943352000,69,55
1600943652000,67,95
1600943952000,57,174
1600944252000,55,167
1600944552000,54,175
1600944852000,56,166
1600945152000,56,169
1600945452000,56,186
1600945752000,59,173
1600946052000,57,160
1600946352000,73,122
1600946652000,56,196
1600946952000,59,175
1600947252000,55,199
1600947552000,55,199
1600947852000,57,196
1600948152000,57,175
1600948452000,68,61
1600948752000,70,49
1600949052000,59,164
1600949352000,60,125
1600949652000,59,140
1600949952000,61,118
1600950252000,58,144
1600950552000,57,162
1600950852000,56,169
1600951152000,59,161
1600951452000,65,145
1600951752000,57,206
1600952052000,58,189
1600952352000,57,169
1600952652000,54,179
1600952952000,56,160
1600953252000,54,170
1600953552000,54,188
1600953852000,55,185
1600954152000,54,177
1600954452000,67,132
1600954752000,58,164
1600955052000,59,163
1600955352000,57,193
1600955652000,64,145
1600955952000,60,148
1600956252000,57,142
1600956552000,60,124
1600956852000,65,79
1600957152000,61,117
1600957452000,61,110
1600957752000,64,90
1600958052000,63,116
1600958352000,64,103
1600958652000,62,137
1600958952000,62,122
1600959252000,58,185
1600959552000,59,162
1600959852000,57,160
1600960152000,54,174
1600960452000,55,174
1600960752000,55,185
1600961052000,65,119
1600961352000,53,133
1600961652000,74,61
1601024852000,0,0
1601025152000,55,162
1601025452000,53,147
1601025752000,54,169
1601026052000,54,171
1601026352000,54,181
1601026652000,55,170
1601026952000,55,162
1601027252000,57,177
1601027552000,55,170
1601027852000,55,177
1601028152000,56,169
1601028452000,67,76
1601028752000,62,137
1601029052000,0,0
1601029352000,54,188
1601029652000,54,195
1601029952000,57,186
1601030252000,53,201
1601030552000,53,176
1601030852000,65,136
1601031152000,55,157
1601031452000,53,161
1601031752000,53,151
1601032052000,54,159
1601032352000,57,135
1601032652000,53,162
1601032952000,60,117
1601033252000,60,136
1601033552000,63,90
1601033852000,61,152
1601034152000,60,152
1601034452000,60,143
1601034752000,55,195
1601035052000,54,187
1601035352000,54,188
1601035652000,58,174
1601035952000,74,107
1601036252000,63,169
1601036552000,59,194
1601036852000,56,200
1601037152000,59,192
1601037452000,64,166
1601037752000,64,135
1601038052000,53,166
1601038352000,53,167
1601038652000,54,170
1601038952000,55,170
1601039252000,54,162
1601039552000,58,135
1601039852000,60,144
1601040152000,63,113
1601040452000,61,108
1601040752000,61,121
1601041052000,60,146
1601041352000,63,125
1601041652000,60,143
1601041952000,59,154
1601042252000,57,167
1601042552000,57,155
1601042852000,58,158
1601043152000,54,174
1601043452000,53,173
1601043752000,53,173
1601044052000,54,156
1601044352000,56,148
1601044652000,53,155
1601044952000,64,143
1601045252000,59,134
1601045552000,59,143
1601045852000,60,129
1601046152000,60,147
1601046452000,61,128
1601046752000,58,148
1601047052000,60,128
1601047352000,55,168
1601047652000,55,161
1601047952000,60,165
1601048252000,56,176
1601048552000,56,171
1601048852000,67,128
1601049152000,58,160
1601049452000,55,161
1601049752000,55,168
1601050052000,56,156
1601050352000,55,167
1601050652000,77,83
1601050952000,61,121
1601051252000,54,152
1601051552000,55,164
1601051852000,72,98
1601052152000,57,167
1601052452000,56,166
1601052752000,0,0
1601110050000,0,0
1601110350000,0,0
1601110650000,78,55
1601110950000,74,82
1601111250000,68,116
1601111550000,67,123
1601111850000,66,142
1601112150000,65,158
1601112450000,66,132
1601112750000,65,153
1601113050000,65,141
1601113350000,64,158
1601113650000,63,156
1601113950000,63,159
1601114250000,71,116
1601114550000,70,68
1601114850000,68,88
1601115150000,67,78
1601115450000,67,81
1601115750000,63,116
1601116050000,62,140
1601116350000,64,177
1601116650000,58,203
1601116950000,58,189
1601117250000,76,118
1601117550000,54,189
1601117850000,54,179
1601118150000,54,198
1601118450000,55,203
1601118750000,55,217
1601119050000,56,217
1601119350000,57,215
1601119650000,68,141
1601119950000,63,134
1601120250000,62,112
1601120550000,63,111
1601120850000,63,94
1601121150000,62,111
1601121450000,64,81
1601121750000,61,103
1601122050000,64,93
1601122350000,61,141
1601122650000,0,0
1601122950000,88,30
1601123250000,55,206
1601123550000,52,227
1601123850000,54,226
1601124150000,56,227
1601124450000,58,194
1601124750000,54,197
1601125050000,55,217
1601125350000,61,207
1601125650000,0,0
1601125950000,59,192
1601126250000,55,238
1601126550000,58,171
1601126850000,64,102
1601127150000,65,84
1601127450000,62,149
1601127750000,63,115
1601128050000,64,104
1601128350000,64,113
1601128650000,60,144
1601128950000,59,165
1601129250000,59,158
1601129550000,56,191
1601129850000,55,200
1601130150000,56,207
1601130450000,56,202
1601130750000,55,198
1601131050000,56,210
1601131350000,59,198
1601131650000,74,115
1601131950000,57,196
1601132250000,0,0
1601132550000,71,126
1601132850000,65,123
1601133150000,73,100
1601188260000,0,0
1601188560000,67,130
1601188860000,66,132
1601189160000,65,130
1601189460000,63,121
1601189760000,63,124
1601190060000,63,147
1601190360000,66,119
1601190660000,60,156
1601190960000,59,147
1601191260000,61,144
1601191560000,60,157
1601191860000,59,146
1601192160000,59,155
1601192460000,64,134
1601192760000,73,103
1601193060000,65,99
1601193360000,65,93
1601193660000,69,64
1601193960000,62,156
1601194260000,62,130
1601194560000,66,112
1601194860000,62,149
1601195160000,56,152
1601195460000,56,147
1601195760000,59,154
1601196060000,56,159
1601196360000,58,147
1601196660000,59,145
1601196960000,68,131
1601197260000,74,103
1601197560000,58,163
1601197860000,58,160
1601198160000,72,138
1601198460000,75,79
1601198760000,58,150
1601199060000,57,194
1601199360000,67,134
1601199660000,74,112
1601199960000,62,135
1601200260000,60,134
1601200560000,65,116
1601200860000,62,133
1601201160000,59,151
1601201460000,61,170
1601201760000,66,131
1601202060000,62,132
1601202360000,60,138
1601202660000,59,165
1601202960000,56,169
1601203260000,56,165
1601203560000,58,170
1601203860000,57,171
1601204160000,55,183
1601204460000,56,183
1601204760000,73,140
1601205060000,55,165
1601205360000,51,221
1601205660000,53,205
1601205960000,54,213
1601206260000,57,188
1601206560000,55,198
1601206860000,63,139
1601207160000,57,148
1601207460000,59,153
1601207760000,59,135
1601208060000,56,171
1601208360000,64,129
1601208660000,62,142
1601208960000,59,175
1601209260000,59,145
1601209560000,57,180
1601209860000,56,176
1601210160000,55,191
1601210460000,59,185
1601210760000,50,216
1601211060000,52,214
1601211360000,52,219
1601211660000,61,139
1601211960000,59,130
1601212260000,55,159
1601212560000,53,167
1601212860000,58,153
1601213160000,0,0
1601213460000,0,0
1601276835000,0,0
1601277135000,75,77
1601277435000,72,85
1601277735000,70,94
1601278035000,67,100
1601278335000,67,111
1601278635000,67,104
1601278935000,68,106
1601279235000,68,102
1601279535000,69,96
1601279835000,71,84
1601280135000,76,66
1601280435000,72,93
1601280735000,72,72
1601281035000,73,65
1601281335000,78,26
1601281635000,75,44
1601281935000,73,55
1601282235000,69,80
1601282535000,66,98
1601282835000,70,123
1601283135000,66,140
1601283435000,70,103
1601283735000,69,107
1601284035000,68,114
1601284335000,68,112
1601284635000,69,105
1601284935000,69,108
1601285235000,74,91
1601285535000,70,132
1601285835000,62,148
1601286135000,64,142
1601286435000,74,80
1601286735000,75,51
1601287035000,74,49
1601287335000,78,39
1601287635000,62,162
1601287935000,58,177
1601288235000,59,173
1601288535000,59,179
1601288835000,61,161
1601289135000,61,154
1601289435000,60,160
1601289735000,0,0
1601290035000,60,177
1601290335000,61,173
1601290635000,63,154
1601290935000,65,159
1601291235000,60,163
1601291535000,63,102
1601291835000,66,93
1601292135000,65,159
1601292435000,63,134
1601292735000,64,119
1601293035000,68,104
1601293335000,68,101
1601293635000,64,138
1601293935000,59,200
1601294235000,61,182
1601294535000,66,174
1601294835000,0,0
1601295135000,0,0
1601295435000,0,0
1601295735000,0,0
1601296035000,0,0
1601296335000,59,197
1601296635000,61,176
1601296935000,62,169
1601297235000,0,0
1601297535000,63,133
1601297835000,67,131
1601298135000,71,73
1601298435000,60,184
1601298735000,65,101
1601299035000,68,95
1601299335000,69,100
1601299635000,69,94
1601299935000,63,141
1601300235000,62,157
1601300535000,62,168
1601300835000,62,158
1601301135000,64,141
1601301435000,0,0
1601301735000,62,169
1601302035000,0,0
1601302335000,61,152
1601302635000,62,151
1601302935000,63,110
1601303235000,62,152
1601303535000,66,125
1601303835000,62,146
1601304135000,64,157
1601304435000,0,0
1601304735000,0,0
1601305035000,0,0
1601305335000,0,0
1601305635000,0,0
1601305935000,0,0
1601363673000,78,59
1601363973000,78,66
1601364273000,77,68
1601364573000,74,82
1601364873000,72,90
1601365173000,0,0
1601365473000,0,0
1601365773000,0,0
1601366073000,65,123
1601366373000,64,120
1601366673000,67,110
1601366973000,66,118
1601367273000,62,139
1601367573000,63,145
1601367873000,65,130
1601368173000,0,0
1601368473000,63,150
1601368773000,61,164
1601369073000,65,144
1601369373000,0,0
1601369673000,54,171
1601369973000,55,173
1601370273000,0,0
1601370573000,56,193
1601370873000,0,0
1601371173000,55,190
1601371473000,57,209
1601371773000,0,0
1601372073000,0,0
1601372373000,0,0
1601372673000,62,152
1601372973000,62,148
1601373273000,58,149
1601373573000,55,178
1601373873000,58,162
1601374173000,58,173
1601374473000,60,149
1601374773000,60,166
1601375073000,57,180
1601375373000,56,192
1601375673000,57,186
1601375973000,57,210
1601376273000,57,208
1601376573000,56,206
1601376873000,56,213
1601377173000,0,0
1601377473000,59,211
1601377773000,0,0
1601378073000,53,184
1601378373000,56,194
1601378673000,53,196
1601378973000,55,199
1601379273000,56,178
1601379573000,55,181
1601379873000,60,157
1601380173000,58,163
1601380473000,59,150
1601380773000,60,139
1601381073000,54,161
1601381373000,55,157
1601381673000,55,156
1601381973000,55,157
1601382273000,54,173
1601382573000,53,163
1601382873000,56,189
1601383173000,57,201
1601383473000,0,0
1601383773000,56,202
1601384073000,57,187
1601384373000,53,181
1601384673000,52,180
1601384973000,53,174
1601385273000,54,167
1601385573000,58,164
1601385873000,0,0
1601386173000,59,149
1601386473000,63,140
1601386773000,64,110
1601387073000,61,145
1601387373000,65,109
1601387673000,59,164
1601387973000,62,130
1601388273000,64,126
1601388573000,57,178
1601388873000,54,166
1601389173000,57,164
1601389473000,56,175
1601389773000,0,0
1601390073000,58,147
1601390373000,64,147
1601390673000,58,171
1601390973000,64,143
1601391273000,62,130
1601391573000,65,126
1601391873000,60,153
1601392173000,57,159
1601392473000,0,0
1601392773000,77,65
1601393073000,0,0
1601393373000,0,0
1601449437000,0,0
1601449737000,66,114
1601450037000,62,161
1601450337000,0,0
1601450637000,53,198
1601450937000,0,0
1601451237000,53,164
1601451537000,51,160
1601451837000,50,163
1601452137000,51,167
1601452437000,51,174
1601452737000,52,179
1601453037000,53,191
1601453337000,52,203
1601453637000,53,203
1601453937000,67,129
1601454237000,53,187
1601454537000,54,207
1601454837000,57,177
1601455137000,52,198
1601455437000,53,191
1601455737000,54,221
1601456037000,54,201
1601456337000,54,201
1601456637000,62,146
1601456937000,52,169
1601457237000,53,183
1601457537000,53,196
1601457837000,52,187
1601458137000,55,184
1601458437000,54,210
1601458737000,53,226
1601459037000,61,174
1601459337000,50,179
1601459637000,50,170
1601459937000,52,202
1601460237000,52,190
1601460537000,55,183
1601460837000,0,0
1601461137000,0,0
1601461437000,0,0
1601461737000,0,0
1601462037000,63,115
1601462337000,65,112
1601462637000,61,133
1601462937000,54,205
1601463237000,53,214
1601463537000,53,201
1601463837000,53,189
1601464137000,52,184
1601464437000,53,176
1601464737000,52,185
1601465037000,53,181
1601465337000,54,220
1601465637000,0,0
1601465937000,53,205
1601466237000,52,218
1601466537000,54,225
1601466837000,53,224
1601467137000,54,212
1601467437000,56,206
1601467737000,57,184
1601468037000,0,0
1601468337000,56,172
1601468637000,58,132
1601468937000,57,159
1601469237000,58,155
1601469537000,55,195
1601469837000,57,169
1601470137000,58,156
1601470437000,52,187
1601470737000,53,188
1601471037000,0,0
1601471337000,52,217
1601471637000,51,218
1601471937000,52,213
1601472237000,53,229
1601472537000,53,237
1601472837000,55,190
1601473137000,55,149
1601473437000,54,150
1601473737000,55,176
1601474037000,56,160
1601474337000,54,169
1601474637000,56,155
1601474937000,59,156
1601475237000,56,154
1601475537000,0,0
1601475837000,0,0
1601476137000,0,0
1601476437000,56,162
1601476737000,53,186
1601477037000,59,155
1601477337000,53,193
1601477637000,0,0
1601477937000,0,0
1601478237000,0,0
1601478537000,0,0
1601478837000,56,198
1601479137000,0,0
1601479437000,0,0
1601479737000,0,0
1601480037000,56,133
1601538975000,0,0
1601539275000,74,65
1601539575000,72,67
1601539875000,72,72
1601540175000,71,75
1601540475000,70,80
1601540775000,71,87
1601541075000,71,84
1601541375000,71,77
1601541675000,69,90
1601541975000,69,113
1601542275000,73,49
1601542575000,73,39
1601542875000,74,39
1601543175000,73,38
1601543475000,69,111
1601543775000,62,135
1601544075000,62,140
1601544375000,63,144
1601544675000,63,138
1601544975000,59,172
1601545275000,59,150
1601545575000,61,166
1601545875000,60,157
1601546175000,59,162
1601546475000,60,174
1601546775000,0,0
1601547075000,60,171
1601547375000,63,152
1601547675000,62,164
1601547975000,61,164
1601548275000,57,180
1601548575000,0,0
1601548875000,57,165
1601549175000,63,123
1601549475000,63,138
1601549775000,62,154
1601550075000,62,146
1601550375000,66,112
1601550675000,64,145
1601550975000,63,123
1601551275000,64,122
1601551575000,58,186
1601551875000,58,173
1601552175000,57,197
1601552475000,52,204
1601552775000,54,201
1601553075000,55,217
1601553375000,56,215
1601553675000,0,0
1601553975000,0,0
1601554275000,54,182
1601554575000,56,211
1601554875000,54,199
1601555175000,54,218
1601555475000,55,189
1601555775000,0,0
1601556075000,0,0
1601556375000,60,163
1601556675000,62,123
1601556975000,63,132
1601557275000,62,135
1601557575000,56,181
1601557875000,53,199
1601558175000,54,197
1601558475000,56,184
1601558775000,54,180
1601559075000,60,159
1601559375000,57,197
1601559675000,0,0
1601559975000,0,0
1601560275000,61,149
1601560575000,57,170
1601560875000,0,0
1601561175000,0,0
1601561475000,0,0
1601561775000,0,0
1601562075000,59,133
1601562375000,60,162
1601562675000,0,0
1601562975000,0,0
1601563275000,56,207
1601563575000,62,155
1601563875000,57,190
1601564175000,54,181
1601564475000,51,171
1601564775000,52,166
1601565075000,52,171
1601565375000,73,106
1601565675000,55,158
1601565975000,0,0
1601566275000,58,131
1601566575000,61,133
1601566875000,59,136
1601567175000,56,148
1601567475000,61,128
1601567775000,88,33
1601625256000,0,0
1601625556000,0,0
1601625856000,63,126
1601626156000,65,138
1601626456000,64,153
1601626756000,63,149
1601627056000,61,163
1601627356000,61,163
1601627656000,68,133
1601627956000,61,129
1601628256000,61,138
1601628556000,63,113
1601628856000,62,118
1601629156000,62,131
1601629456000,62,137
1601629756000,63,126
1601630056000,72,58
1601630356000,67,71
1601630656000,67,93
1601630956000,64,96
1601631256000,60,153
1601631556000,58,177
1601631856000,58,167
1601632156000,56,170
1601632456000,57,158
1601632756000,57,159
1601633056000,58,168
1601633356000,0,0
1601633656000,61,166
1601633956000,0,0
1601634256000,56,188
1601634556000,0,0
1601634856000,55,193
1601635156000,61,168
1601635456000,74,111
1601635756000,64,135
1601636056000,64,111
1601636356000,62,136
1601636656000,66,103
1601636956000,68,89
1601637256000,63,112
1601637556000,65,109
1601637856000,65,85
1601638156000,61,139
1601638456000,59,173
1601638756000,54,206
1601639056000,53,196
1601639356000,55,179
1601639656000,55,176
1601639956000,54,195
1601640256000,55,168
1601640556000,56,202
1601640856000,54,212
1601641156000,0,0
1601641456000,58,189
1601641756000,58,179
1601642056000,0,0
1601642356000,63,137
1601642656000,59,131
1601642956000,61,138
1601643256000,59,140
1601643556000,61,129
1601643856000,60,165
1601644156000,59,182
1601644456000,55,216
1601644756000,56,221
1601645056000,56,202
1601645356000,56,217
1601645656000,56,206
1601645956000,55,214
1601646256000,57,180
1601646556000,59,169
1601646856000,59,161
1601647156000,63,137
1601647456000,62,125
1601647756000,64,127
1601648056000,0,0
1601648356000,0,0
1601648656000,54,186
1601648956000,51,168
1601649256000,80,72
1601649556000,74,77
1601710745000,0,0
1601711045000,62,132
1601711345000,61,165
1601711645000,63,158
1601711945000,66,128
1601712245000,59,143
1601712545000,61,150
1601712845000,60,167
1601713145000,62,160
1601713445000,62,154
1601713745000,63,153
1601714045000,65,123
1601714345000,64,145
1601714645000,70,101
1601714945000,65,102
1601715245000,69,80
1601715545000,67,88
1601715845000,61,128
1601716145000,60,147
1601716445000,58,156
1601716745000,59,142
1601717045000,60,154
1601717345000,57,157
1601717645000,0,0
1601717945000,54,186
1601718245000,55,193
1601718545000,56,196
1601718845000,56,186
1601719145000,56,179
1601719445000,55,183
1601719745000,55,178
1601720045000,55,179
1601720345000,54,167
1601720645000,57,151
1601720945000,60,149
1601721245000,58,168
1601721545000,62,138
1601721845000,61,143
1601722145000,58,156
1601722445000,61,155
1601722745000,59,165
1601723045000,56,203
1601723345000,53,198
1601723645000,52,217
1601723945000,52,210
1601724245000,51,182
1601724545000,52,171
1601724845000,55,215
1601725145000,0,0
1601725445000,54,177
1601725745000,71,143
1601726045000,53,197
1601726345000,52,213
1601726645000,0,0
1601726945000,54,228
1601727245000,56,152
1601727545000,57,154
1601727845000,55,167
1601728145000,55,185
1601728445000,53,158
1601728745000,56,176
1601729045000,57,174
1601729345000,60,157
1601729645000,62,140
1601729945000,60,126
1601730245000,64,105
1601730545000,63,127
1601730845000,60,157
1601731145000,54,198
1601731445000,53,191
1601731745000,53,195
1601732045000,52,190
1601732345000,50,177
1601732645000,53,185
1601732945000,53,186
1601733245000,54,188
1601733545000,57,186
1601733845000,70,109
1601734145000,59,162
1601734445000,0,0
1601734745000,0,0
1601735045000,0,0
1601735345000,0,0
1601735645000,0,0
1601735945000,55,179
1601736245000,60,155
1601736545000,60,132
1601736845000,63,117
1601737145000,62,116
1601737445000,60,154
1601737745000,0,0
1601738045000,0,0
1601738345000,59,179
1601738645000,61,147
1601738945000,54,156
1601739245000,57,152
1601739545000,55,150
1601739845000,0,0
1601740145000,0,0
1601740445000,0,0
1601740745000,0,0
1601741045000,0,0
1601741345000,55,117
1601741645000,58,107
1601741945000,55,139
1601742245000,56,151
1601742545000,70,103
1601742845000,61,142
1601743145000,57,153
1601743445000,58,159
1601743745000,61,129
1601744045000,61,133
1601744345000,60,133
1601744645000,58,165
1601744945000,67,136
1601745245000,61,146
1601745545000,56,147
1601745845000,53,164
1601746145000,55,164
1601746445000,56,167
1601746745000,56,183
1601747045000,58,160
1601747345000,57,150
1601747645000,58,147
1601747945000,58,133
1601748245000,54,153
1601748545000,58,142
1601748845000,67,110
1601807940000,0,0
1601808240000,50,147
1601808540000,49,143
1601808840000,50,149
1601809140000,51,163
1601809440000,53,157
1601809740000,55,159
1601810040000,53,144
1601810340000,54,163
1601810640000,55,155
1601810940000,52,131
1601811240000,52,155
1601811540000,56,133
1601811840000,56,149
1601812140000,55,171
1601812440000,54,164
1601812740000,56,164
1601813040000,53,138
1601813340000,53,155
1601813640000,53,157
1601813940000,54,162
1601814240000,54,156
1601814540000,55,152
1601814840000,54,161
1601815140000,54,167
1601815440000,57,171
1601815740000,55,127
1601816040000,55,141
1601816340000,54,159
1601816640000,54,157
1601816940000,59,136
1601817240000,57,131
1601817540000,58,145
1601817840000,60,110
1601818140000,55,149
1601818440000,56,145
1601818740000,55,162
1601819040000,54,150
1601819340000,53,142
1601819640000,53,152
1601819940000,51,152
1601820240000,53,154
1601820540000,60,142
1601820840000,55,142
1601821140000,52,162
1601821440000,52,137
1601821740000,51,146
1601822040000,52,176
1601822340000,51,165
1601822640000,53,181
1601822940000,53,170
1601823240000,52,189
1601823540000,50,157
1601823840000,49,156
1601824140000,49,174
1601824440000,53,141
1601824740000,49,159
1601825040000,51,161
1601825340000,0,0
1601825640000,53,118
1601825940000,56,112
1601826240000,53,134
1601826540000,0,0
1601892345000,0,0
1601892645000,57,119
1601892945000,57,138
1601893245000,58,144
1601893545000,57,137
1601893845000,58,146
1601894145000,63,146
1601894445000,61,120
1601894745000,57,127
1601895045000,58,129
1601895345000,59,128
1601895645000,59,132
1601895945000,55,133
1601896245000,55,127
1601896545000,54,124
1601896845000,55,128
1601897145000,56,133
1601897445000,57,157
1601897745000,59,135
1601898045000,64,89
1601898345000,62,101
1601898645000,59,139
1601898945000,53,169
1601899245000,52,135
1601899545000,50,156
1601899845000,51,137
1601900145000,54,156
1601900445000,52,130
1601900745000,51,130
1601901045000,51,148
1601901345000,52,157
1601901645000,52,166
1601901945000,50,148
1601902245000,51,140
1601902545000,49,155
1601902845000,55,174
1601903145000,53,162
1601903445000,0,0
1601903745000,60,108
1601904045000,57,165
1601904345000,55,167
1601904645000,0,0
1601904945000,0,0
1601905245000,0,0
1601905545000,0,0
1601905845000,0,0
1601906145000,0,0
1601906445000,0,0
1601906745000,0,0
1601907045000,0,0
1601907345000,0,0
1601907645000,54,165
1601907945000,55,181
1601908245000,54,208
1601908545000,57,182
1601908845000,56,152
1601909145000,55,194
1601909445000,51,174
1601909745000,51,178
1601910045000,50,175
1601910345000,52,154
1601910645000,0,0
1601910945000,0,0
1601911245000,0,0
1601911545000,0,0
1601911845000,0,0
1601912145000,56,112
1601912445000,53,134
1601912745000,0,0
1601913045000,0,0
1601965922000,0,0
1601966222000,62,110
1601966522000,61,141
1601966822000,59,119
1601967122000,59,130
1601967422000,59,147
1601967722000,59,151
1601968022000,59,142
1601968322000,61,136
1601968622000,58,143
1601968922000,57,161
1601969222000,58,158
1601969522000,58,157
1601969822000,62,164
1601970122000,56,140
1601970422000,60,127
1601970722000,59,133
1601971022000,59,126
1601971322000,60,143
1601971622000,56,146
1601971922000,55,148
1601972222000,54,166
1601972522000,55,153
1601972822000,57,177
1601973122000,54,178
1601973422000,54,177
1601973722000,60,151
1601974022000,55,146
1601974322000,53,159
1601974622000,68,127
1601974922000,60,143
1601975222000,53,152
1601975522000,57,159
1601975822000,59,149
1601976122000,57,192
1601976422000,63,124
1601976722000,59,129
1601977022000,57,148
1601977322000,55,168
1601977622000,56,129
1601977922000,56,125
1601978222000,59,145
1601978522000,55,151
1601978822000,59,150
1601979122000,53,158
1601979422000,52,137
1601979722000,52,154
1601980022000,53,158
1601980322000,0,0
1601980622000,53,151
1601980922000,57,138
1601981222000,57,138
1601981522000,66,104
1601981822000,56,164
1601982122000,58,173
1601982422000,58,147
1601982722000,61,160
1601983022000,56,216
1601983322000,52,207
1601983622000,53,215
1601983922000,52,219
1601984222000,0,0
1601984522000,0,0
1601984822000,49,159
1601985122000,49,171
1601985422000,50,183
1601985722000,0,0
1601986022000,50,186
1601986322000,51,204
1601986622000,52,205
1601986922000,52,199
1601987222000,54,213
1601987522000,53,210
1601987822000,53,212
1601988122000,54,159
1601988422000,56,160
1601988722000,58,146
1601989022000,56,169
1601989322000,59,146
1601989622000,60,136
1601989922000,54,176
1601990222000,51,183
1601990522000,50,178
1601990822000,51,199
1601991122000,0,0
1601991422000,52,146
1601991722000,0,0
1602054719000,0,0
1602055019000,58,175
1602055319000,55,168
1602055619000,55,159
1602055919000,55,164
1602056219000,55,157
1602056519000,56,154
1602056819000,56,163
1602057119000,56,163
1602057419000,57,165
1602057719000,58,164
1602058019000,60,178
1602058319000,62,156
1602058619000,64,133
1602058919000,71,95
1602059219000,65,114
1602059519000,65,115
1602059819000,63,103
1602060119000,59,162
1602060419000,57,197
1602060719000,58,196
1602061019000,56,201
1602061319000,57,192
1602061619000,57,200
1602061919000,56,193
1602062219000,0,0
1602062519000,51,163
1602062819000,53,180
1602063119000,54,202
1602063419000,54,162
1602063719000,53,161
1602064019000,0,0
1602064319000,59,146
1602064619000,63,117
1602064919000,61,145
1602065219000,55,183
1602065519000,58,147
1602065819000,56,168
1602066119000,58,163
1602066419000,54,181
1602066719000,53,173
1602067019000,53,176
1602067319000,54,179
1602067619000,53,185
1602067919000,53,188
1602068219000,52,185
1602068519000,52,188
1602068819000,55,176
1602069119000,52,197
1602069419000,54,187
1602069719000,52,172
1602070019000,0,0
1602070319000,53,212
1602070619000,54,230
1602070919000,57,213
1602071219000,57,213
1602071519000,56,223
1602071819000,0,0
1602072119000,0,0
1602072419000,56,168
1602072719000,56,164
1602073019000,57,170
1602073319000,57,182
1602073619000,58,180
1602073919000,61,137
1602074219000,0,0
1602074519000,53,240
1602074819000,0,0
1602075119000,0,0
1602075419000,53,231
1602075719000,0,0
1602076019000,0,0
1602076319000,0,0
1602076619000,0,0
1602076919000,0,0
1602077219000,0,0
1602077519000,55,154
1602077819000,52,177
1602078119000,55,163
1602078419000,55,209
1602078719000,60,158
1602079019000,55,196
1602079319000,0,0
1602079619000,0,0
1602079919000,0,0
1602080219000,0,0
1602080519000,50,180
1602080819000,0,0
1602081119000,51,191
1602081419000,51,165
1602081719000,51,165
1602082019000,53,180
1602082319000,66,120
1602082619000,0,0
1602082919000,59,163
1602083219000,0,0
1602083519000,57,146
1602083819000,0,0
1602084119000,0,0
1602084419000,58,186
1602084719000,50,168
1602085019000,55,167
1602085319000,0,0
1602085619000,55,139
1602085919000,54,154
1602086219000,55,154
1602086519000,54,145
1602086819000,55,174
1602087119000,0,0
1602087419000,70,110
1602087719000,0,0
1602088019000,0,0
1602088319000,0,0
1602144061000,0,0
1602144361000,54,173
1602144661000,54,163
1602144961000,54,159
1602145261000,55,160
1602145561000,55,153
1602145861000,55,157
1602146161000,56,160
1602146461000,55,159
1602146761000,56,159
1602147061000,57,162
1602147361000,57,172
1602147661000,57,169
1602147961000,61,137
1602148261000,62,123
1602148561000,63,146
1602148861000,54,185
1602149161000,54,211
1602149461000,54,201
1602149761000,58,168
1602150061000,54,164
1602150361000,53,155
1602150661000,52,165
1602150961000,52,160
1602151261000,53,155
1602151561000,54,161
1602151861000,54,164
1602152161000,53,170
1602152461000,52,188
1602152761000,58,163
1602153061000,64,137
1602153361000,66,79
1602153661000,68,70
1602153961000,64,114
1602154261000,62,114
1602154561000,61,123
1602154861000,61,118
1602155161000,56,192
1602155461000,52,188
1602155761000,51,161
1602156061000,53,161
1602156361000,50,176
1602156661000,50,176
1602156961000,51,185
1602157261000,52,192
1602157561000,53,179
1602157861000,53,185
1602158161000,55,162
1602158461000,54,171
1602158761000,60,142
1602159061000,62,131
1602159361000,58,156
1602159661000,59,164
1602159961000,56,192
1602160261000,53,194
1602160561000,51,198
1602160861000,50,227
1602161161000,50,219
1602161461000,52,211
1602161761000,54,206
1602162061000,51,193
1602162361000,52,190
1602162661000,54,209
1602162961000,54,188
1602163261000,53,176
1602163561000,62,126
1602163861000,61,152
1602164161000,62,133
1602164461000,63,108
1602164761000,57,180
1602165061000,58,165
1602165361000,56,188
1602165661000,52,199
1602165961000,52,217
1602166261000,52,213
1602166561000,54,191
1602166861000,58,169
1602167161000,55,187
1602167461000,55,182
1602167761000,56,191
1602168061000,57,188
1602168361000,57,144
1602168661000,58,148
1602168961000,57,144
1602169261000,62,141
1602169561000,0,0
1602169861000,62,153
1602170161000,0,0
1602170461000,50,174
1602170761000,51,140
1602171061000,54,125
1602171361000,0,0
1602171661000,49,153
1602171961000,50,144
1602172261000,51,168
1602172561000,50,177
1602172861000,57,167
1602173161000,0,0
1602231540000,0,0
1602231840000,0,0
1602232140000,52,156
1602232440000,51,156
1602232740000,51,167
1602233040000,51,161
1602233340000,52,165
1602233640000,53,176
1602233940000,53,181
1602234240000,53,181
1602234540000,52,167
1602234840000,55,183
1602235140000,58,148
1602235440000,58,161
1602235740000,57,171
1602236040000,54,192
1602236340000,53,193
1602236640000,53,186
1602236940000,54,178
1602237240000,54,184
1602237540000,60,150
1602237840000,49,174
1602238140000,51,151
1602238440000,50,165
1602238740000,49,162
1602239040000,51,169
1602239340000,51,174
1602239640000,52,173
1602239940000,54,151
1602240240000,52,155
1602240540000,56,141
1602240840000,65,95
1602241140000,55,143
1602241440000,55,173
1602241740000,54,164
1602242040000,55,169
1602242340000,56,191
1602242640000,51,195
1602242940000,52,200
1602243240000,53,188
1602243540000,53,187
1602243840000,53,204
1602244140000,52,223
1602244440000,0,0
1602244740000,54,199
1602245040000,54,202
1602245340000,49,200
1602245640000,49,199
1602245940000,48,190
1602246240000,50,193
1602246540000,54,187
1602246840000,56,145
1602247140000,55,165
1602247440000,53,171
1602247740000,56,169
1602248040000,58,166
1602248340000,59,167
1602248640000,57,185
1602248940000,53,217
1602249240000,53,219
1602249540000,53,238
1602249840000,54,214
1602250140000,55,198
1602250440000,54,230
1602250740000,52,199
1602251040000,55,174
1602251340000,51,172
1602251640000,50,173
1602251940000,50,168
1602252240000,51,183
1602252540000,53,176
1602252840000,61,146
1602253140000,59,167
1602253440000,56,162
1602253740000,0,0
1602254040000,54,178
1602254340000,53,163
1602254640000,0,0
1602254940000,0,0
1602255240000,54,139
1602255540000,0,0
1602255840000,0,0
1602256140000,0,0
1602256440000,0,0
1602256740000,71,84
1602257040000,68,112
1602257340000,65,100
1602322137000,0,0
1602322437000,0,0
1602322737000,58,151
1602323037000,57,140
1602323337000,58,125
1602323637000,58,130
1602323937000,59,131
1602324237000,61,124
1602324537000,59,127
1602324837000,60,121
1602325137000,61,126
1602325437000,62,127
1602325737000,66,122
1602326037000,65,97
1602326337000,69,64
1602326637000,66,107
1602326937000,65,125
1602327237000,53,125
1602327537000,53,135
1602327837000,54,128
1602328137000,54,127
1602328437000,52,142
1602328737000,53,127
1602329037000,55,115
1602329337000,56,117
1602329637000,56,138
1602329937000,56,142
1602330237000,58,115
1602330537000,61,84
1602330837000,63,79
1602331137000,64,78
1602331437000,62,120
1602331737000,64,89
1602332037000,62,104
1602332337000,62,99
1602332637000,59,114
1602332937000,59,132
1602333237000,57,177
1602333537000,58,150
1602333837000,58,159
1602334137000,54,135
1602334437000,54,136
1602334737000,54,146
1602335037000,55,143
1602335337000,57,143
1602335637000,54,170
1602335937000,61,109
1602336237000,65,84
1602336537000,64,110
1602336837000,59,126
1602337137000,60,116
1602337437000,58,125
1602337737000,63,103
1602338037000,63,124
1602338337000,60,151
1602338637000,60,139
1602338937000,57,177
1602339237000,57,157
1602339537000,56,169
1602339837000,55,136
1602340137000,58,137
1602340437000,57,138
1602340737000,57,139
1602341037000,58,141
1602341337000,61,131
1602341637000,59,130
1602341937000,71,94
1602342237000,0,0
1602342537000,0,0
1602342837000,0,0
1602343137000,0,0
1602343437000,0,0
1602343737000,64,119
1602344037000,59,133
1602344337000,64,122
1602344637000,55,149
1602344937000,55,144
1602345237000,58,133
1602345537000,65,130
1602345837000,58,163
1602346137000,55,166
1602346437000,58,121
1602346737000,64,126
1602347037000,61,125
1602347337000,55,124
1602347637000,57,115
1602347937000,60,114
1602348237000,57,149
1602348537000,56,155
1602348837000,63,132
1602349137000,63,132
1602349437000,63,125
1602349737000,69,107
1602350037000,56,140
1602350337000,56,152
1602350637000,54,150
1602350937000,51,148
1602351237000,52,164
1602351537000,50,150
1602351837000,52,136
1602352137000,53,130
1602352437000,63,112
1602352737000,68,92
1602353037000,54,94
1602353337000,63,105
1602353637000,67,109
1602353937000,55,108
1602354237000,51,112
1602408840000,0,0
1602409140000,0,0
1602409440000,0,0
1602409740000,57,159
1602410040000,56,182
1602410340000,56,181
1602410640000,56,185
1602410940000,54,138
1602411240000,55,123
1602411540000,54,128
1602411840000,55,144
1602412140000,55,148
1602412440000,56,175
1602412740000,63,142
1602413040000,66,71
1602413340000,62,99
1602413640000,64,97
1602413940000,63,96
1602414240000,58,151
1602414540000,55,193
1602414840000,55,176
1602415140000,54,158
1602415440000,53,169
1602415740000,54,173
1602416040000,55,185
1602416340000,52,152
1602416640000,53,158
1602416940000,54,157
1602417240000,54,165
1602417540000,55,165
1602417840000,53,143
1602418140000,54,148
1602418440000,59,162
1602418740000,60,106
1602419040000,61,112
1602419340000,62,116
1602419640000,64,95
1602419940000,64,92
1602420240000,62,126
1602420540000,61,113
1602420840000,58,141
1602421140000,59,144
1602421440000,58,155
1602421740000,53,176
1602422040000,53,149
1602422340000,53,153
1602422640000,56,144
1602422940000,52,165
1602423240000,54,159
1602423540000,51,170
1602423840000,54,177
1602424140000,55,173
1602424440000,55,182
1602424740000,55,179
1602425040000,57,147
1602425340000,61,94
1602425640000,66,85
1602425940000,64,96
1602426240000,64,96
1602426540000,58,143
1602426840000,66,73
1602427140000,63,101
1602427440000,65,88
1602427740000,60,135
1602428040000,58,143
1602428340000,55,163
1602428640000,55,177
1602428940000,54,178
1602429240000,54,165
1602429540000,53,161
1602429840000,55,155
1602430140000,56,156
1602430440000,58,168
1602430740000,64,159
1602431040000,66,111
1602431340000,65,98
1602431640000,57,145
1602431940000,60,147
1602432240000,60,147
1602432540000,61,130
1602432840000,57,125
1602433140000,63,112
1602433440000,61,111
1602433740000,63,106
1602434040000,58,153
1602434340000,63,126
1602434640000,59,168
1602434940000,56,178
1602435240000,57,159
1602435540000,57,149
1602435840000,54,149
1602436140000,56,145
1602436440000,0,0
1602436740000,55,143
1602437040000,59,139
1602437340000,57,139
1602437640000,59,144
1602437940000,62,126
1602438240000,58,169
1602438540000,58,155
1602438840000,57,142
1602439140000,58,149
1602439440000,59,135
1602439740000,56,127
1602440040000,56,138
1602440340000,57,140
1602440640000,57,141
1602440940000,70,114
1602441240000,58,152
1602441540000,58,131
1602441840000,56,146
1602442140000,58,137
1602442440000,66,123
1602442740000,60,158
1602443040000,69,104
1602443340000,71,101
1602443640000,0,0
1602496500000,0,0
1602496800000,49,152
1602497100000,49,150
1602497400000,50,163
1602497700000,50,167
1602498000000,51,173
1602498300000,52,168
1602498600000,52,177
1602498900000,63,124
1602499200000,52,158
1602499500000,52,174
1602499800000,55,213
1602500100000,56,193
1602500400000,56,196
1602500700000,57,176
1602501000000,59,162
1602501300000,57,182
1602501600000,68,113
1602501900000,66,64
1602502200000,65,65
1602502500000,63,95
1602502800000,55,163
1602503100000,53,163
1602503400000,54,168
1602503700000,52,154
1602504000000,52,159
1602504300000,53,174
1602504600000,51,166
1602504900000,53,167
1602505200000,56,167
1602505500000,56,173
1602505800000,53,172
1602506100000,56,154
1602506400000,53,198
1602506700000,57,172
1602507000000,56,118
1602507300000,60,126
1602507600000,59,135
1602507900000,57,156
1602508200000,59,134
1602508500000,59,157
1602508800000,54,197
1602509100000,53,215
1602509400000,55,187
1602509700000,53,201
1602510000000,54,181
1602510300000,51,177
1602510600000,52,173
1602510900000,50,153
1602511200000,51,159
1602511500000,50,146
1602511800000,55,143
1602512100000,60,136
1602512400000,57,168
1602512700000,58,174
1602513000000,51,168
1602513300000,57,156
1602513600000,57,156
1602513900000,53,185
1602514200000,55,175
1602514500000,54,159
1602514800000,51,189
1602515100000,52,201
1602515400000,57,195
1602515700000,62,164
1602516000000,53,184
1602516300000,0,0
1602516600000,51,166
1602516900000,52,164
1602517200000,0,0
1602517500000,56,143
1602517800000,0,0
1602518100000,53,179
1602518400000,56,148
1602518700000,57,146
1602519000000,67,118
1602519300000,0,0
1602519600000,56,139
1602519900000,56,160
1602520200000,53,172
1602520500000,56,170
1602520800000,53,174
1602521100000,64,118
1602521400000,53,168
1602521700000,52,179
1602522000000,51,168
1602522300000,67,150
1602575160000,0,0
1602575460000,0,0
1602575760000,57,150
1602576060000,0,0
1602576360000,64,152
1602576660000,60,145
1602576960000,58,168
1602577260000,58,175
1602577560000,60,180
1602577860000,60,175
1602578160000,61,140
1602578460000,55,134
1602578760000,55,153
1602579060000,61,107
1602579360000,58,140
1602579660000,58,130
1602579960000,57,141
1602580260000,53,141
1602580560000,54,160
1602580860000,55,188
1602581160000,56,188
1602581460000,56,196
1602581760000,58,188
1602582060000,60,140
1602582360000,54,169
1602582660000,54,179
1602582960000,53,190
1602583260000,54,204
1602583560000,59,139
1602583860000,59,109
1602584160000,58,107
1602584460000,58,151
1602584760000,61,125
1602585060000,55,167
1602585360000,55,177
1602585660000,50,164
1602585960000,49,166
1602586260000,50,156
1602586560000,51,175
1602586860000,58,142
1602587160000,51,143
1602587460000,51,170
1602587760000,54,162
1602588060000,60,143
1602588360000,53,181
1602588660000,55,161
1602588960000,53,179
1602589260000,49,141
1602589560000,52,144
1602589860000,56,141
1602590160000,61,124
1602590460000,63,110
1602590760000,56,157
1602591060000,54,156
1602591360000,70,87
1602591660000,56,167
1602665007000,0,0
1602665307000,51,118
1602665607000,50,145
1602665907000,50,149
1602666207000,49,134
1602666507000,49,131
1602666807000,50,137
1602667107000,51,145
1602667407000,50,141
1602667707000,49,138
1602668007000,49,143
1602668307000,50,154
1602668607000,51,155
1602668907000,51,157
1602669207000,53,165
1602669507000,52,157
1602669807000,51,172
1602670107000,56,154
1602670407000,64,85
1602670707000,63,71
1602671007000,62,92
1602671307000,54,142
1602671607000,51,141
1602671907000,49,145
1602672207000,50,141
1602672507000,51,150
1602672807000,51,154
1602673107000,52,150
1602673407000,52,141
1602673707000,53,143
1602674007000,53,167
1602674307000,52,155
1602674607000,59,130
1602674907000,53,159
1602675207000,57,133
1602675507000,56,134
1602675807000,58,135
1602676107000,53,182
1602676407000,53,172
1602676707000,50,151
1602677007000,51,161
1602677307000,50,173
1602677607000,48,163
1602677907000,48,160
1602678207000,49,147
1602678507000,50,147
1602678807000,50,166
1602679107000,51,164
1602679407000,55,158
1602679707000,57,154
1602680007000,60,130
1602680307000,61,115
1602680607000,64,87
1602680907000,64,77
1602681207000,62,106
1602681507000,54,143
1602681807000,53,147
1602682107000,51,159
1602682407000,53,184
1602682707000,50,129
1602683007000,51,129
1602683307000,51,138
1602683607000,51,145
1602683907000,51,148
1602684207000,51,159
1602684507000,55,156
1602684807000,56,176
1602685107000,59,130
1602685407000,59,124
1602685707000,61,113
1602686007000,60,117
1602686307000,63,124
1602686607000,52,153
1602686907000,51,155
1602687207000,50,168
1602687507000,50,146
1602687807000,50,168
1602688107000,55,150
1602688407000,58,156
1602688707000,53,155
1602689007000,56,165
1602689307000,58,144
1602689607000,61,125
1602689907000,51,168
1602690207000,51,166
1602690507000,53,178
1602690807000,54,174
1602691107000,51,155
1602691407000,52,131
1602691707000,51,141
1602692007000,53,142
1602692307000,53,143
1602692607000,52,153
1602692907000,52,152
1602750869000,0,0
1602751169000,54,109
1602751469000,54,115
1602751769000,54,118
1602752069000,53,117
1602752369000,54,118
1602752669000,54,120
1602752969000,55,133
1602753269000,54,133
1602753569000,54,129
1602753869000,54,128
1602754169000,57,144
1602754469000,58,141
1602754769000,59,137
1602755069000,60,133
1602755369000,59,138
1602755669000,61,127
1602755969000,58,150
1602756269000,52,143
1602756569000,52,137
1602756869000,54,148
1602757169000,55,151
1602757469000,54,156
1602757769000,54,147
1602758069000,55,150
1602758369000,63,140
1602758669000,54,116
1602758969000,52,115
1602759269000,51,128
1602759569000,51,126
1602759869000,51,140
1602760169000,55,162
1602760469000,54,159
1602760769000,62,113
1602761069000,52,161
1602761369000,52,141
1602761669000,52,150
1602761969000,53,157
1602762269000,52,147
1602762569000,51,138
1602762869000,52,135
1602763169000,50,146
1602763469000,51,137
1602763769000,50,148
1602764069000,56,148
1602764369000,51,179
1602764669000,50,195
1602764969000,51,176
1602765269000,51,176
1602765569000,52,165
1602765869000,53,192
1602766169000,53,173
1602766469000,56,154
1602766769000,61,131
1602767069000,56,143
1602767369000,52,151
1602767669000,53,141
1602767969000,52,160
1602768269000,54,150
1602768569000,53,156
1602768869000,52,142
1602769169000,50,149
1602769469000,0,0
1602769769000,50,181
1602770069000,51,205
1602770369000,51,186
1602770669000,51,193
1602770969000,58,143
1602771269000,68,94
1602837389000,62,141
1602837689000,61,135
1602837989000,63,130
1602838289000,63,141
1602838589000,64,132
1602838889000,63,123
1602839189000,64,128
1602839489000,66,122
1602839789000,69,124
1602840089000,65,129
1602840389000,64,130
1602840689000,61,151
1602840989000,62,149
1602841289000,63,144
1602841589000,79,53
1602841889000,72,93
1602842189000,74,59
1602842489000,61,146
1602842789000,58,142
1602843089000,60,134
1602843389000,59,129
1602843689000,58,126
1602843989000,60,130
1602844289000,60,122
1602844589000,60,131
1602844889000,60,143
1602845189000,59,164
1602845489000,59,157
1602845789000,59,156
1602846089000,61,162
1602846389000,58,168
1602846689000,57,167
1602846989000,61,125
1602847289000,70,69
1602847589000,66,73
1602847889000,63,98
1602848189000,64,114
1602848489000,63,133
1602848789000,60,175
1602849089000,58,166
1602849389000,55,148
1602849689000,56,163
1602849989000,54,148
1602850289000,55,166
1602850589000,55,150
1602850889000,55,165
1602851189000,55,165
1602851489000,55,175
1602851789000,0,0
1602852089000,55,175
1602852389000,0,0
1602852689000,60,151
1602852989000,69,125
1602853289000,64,105
1602853589000,67,98
1602853889000,61,142
1602854189000,0,0
1602854489000,0,0
1602854789000,55,238
1602855089000,56,216
1602855389000,55,219
1602855689000,58,214
1602855989000,59,190
1602856289000,52,169
1602856589000,60,156
1602856889000,0,0
1602857189000,0,0
1602857489000,56,130
1602857789000,59,150
1602858089000,56,110
1602858389000,0,0
1602858689000,52,119
1602858989000,55,148
1602859289000,58,175
1602859589000,0,0
1602859889000,57,176
1602860189000,0,0
1602860489000,57,148
1602860789000,68,122
1602861089000,0,0
1602861389000,62,166
1602924332000,53,127
1602924632000,54,120
1602924932000,52,114
1602925232000,52,120
1602925532000,52,126
1602925832000,52,108
1602926132000,51,116
1602926432000,51,113
1602926732000,50,113
1602927032000,51,115
1602927332000,51,121
1602927632000,51,118
1602927932000,51,119
1602928232000,54,135
1602928532000,54,128
1602928832000,53,162
1602929132000,54,123
1602929432000,51,129
1602929732000,50,131
1602930032000,50,140
1602930332000,51,158
1602930632000,50,137
1602930932000,50,131
1602931232000,52,148
1602931532000,50,140
1602931832000,49,145
1602932132000,49,140
1602932432000,50,136
1602932732000,50,144
1602933032000,52,132
1602933332000,52,117
1602933632000,52,131
1602933932000,51,154
1602934232000,55,140
1602934532000,54,131
1602934832000,51,143
1602935132000,52,147
1602935432000,52,167
1602935732000,48,174
1602936032000,48,207
1602936332000,47,188
1602936632000,48,194
1602936932000,48,181
1602937232000,47,157
1602937532000,47,155
1602937832000,48,155
1602938132000,48,150
1602938432000,48,146
1602938732000,49,145
1602939032000,48,145
1602939332000,48,152
1602939632000,48,141
1602939932000,49,155
1602940232000,55,138
1602940532000,53,154
1602940832000,54,172
1602941132000,57,142
1602941432000,54,175
1602941732000,54,157
1602942032000,52,165
1602942332000,53,157
1602942632000,53,168
1602942932000,48,157
1602943232000,50,180
1602943532000,49,199
1602943832000,50,182
1602944132000,50,186
1602944432000,50,172
1602944732000,51,160
1602945032000,50,131
1602945332000,53,155
1602945632000,51,170
1602945932000,54,181
1602946232000,53,169
1602946532000,51,149
1602946832000,53,159
1602947132000,53,151
1602947432000,52,181
1602947732000,50,171
1602948032000,54,151
1602948332000,52,167
1602948632000,56,149
1602948932000,52,187
1602949232000,51,183
1602949532000,49,183
1602949832000,50,166
1602950132000,52,156
1602950432000,54,139
1602950732000,52,131
1602951032000,55,160
1602951332000,57,167
1602951632000,55,177
1602951932000,54,149
1602952232000,57,142
1602952532000,58,161
1602952832000,52,170
1602953132000,52,159
1602953432000,51,149
1602953732000,50,142
1602954032000,52,146
1602954332000,51,144
1602954632000,53,145
1602954932000,52,141
1602955232000,55,147
1602955532000,57,159
1602955832000,53,181
1602956132000,60,143
1602956432000,57,154
1602956732000,62,127
1602957032000,52,159
1602957332000,51,142
1602957632000,53,156
1602957932000,52,150
1602958232000,52,149
1602958532000,53,154
1602958832000,57,137
1602959132000,56,129
1602959432000,55,147
1602959732000,59,129
1602960032000,56,141
1602960332000,56,126
1602960632000,55,110
1602960932000,55,121
1602961232000,62,131
1602961532000,61,124
1602961832000,60,138
1602962132000,0,0
1602962432000,60,114
1602962732000,64,97
1602963032000,73,84
1602963332000,0,0
1602963632000,0,0
1603019851000,0,0
1603020151000,56,154
1603020451000,55,137
1603020751000,54,132
1603021051000,54,107
1603021351000,52,129
1603021651000,52,109
1603021951000,53,127
1603022251000,53,117
1603022551000,52,132
1603022851000,53,124
1603023151000,51,139
1603023451000,54,159
1603023751000,54,148
1603024051000,52,157
1603024351000,55,148
1603024651000,53,160
1603024951000,54,156
1603025251000,51,165
1603025551000,52,151
1603025851000,52,160
1603026151000,53,158
1603026451000,53,161
1603026751000,53,165
1603027051000,53,157
1603027351000,53,161
1603027651000,54,172
1603027951000,57,161
1603028251000,55,155
1603028551000,52,178
1603028851000,51,167
1603029151000,53,187
1603029451000,52,209
1603029751000,53,149
1603030051000,53,179
1603030351000,54,174
1603030651000,55,155
1603030951000,50,172
1603031251000,53,161
1603031551000,50,174
1603031851000,50,166
1603032151000,51,171
1603032451000,52,164
1603032751000,52,159
1603033051000,54,153
1603033351000,52,168
1603033651000,53,168
1603033951000,61,98
1603034251000,56,165
1603034551000,53,182
1603034851000,50,186
1603035151000,54,153
1603035451000,55,186
1603035751000,53,180
1603036051000,54,178
1603036351000,51,180
1603036651000,51,181
1603036951000,0,0
1603037251000,54,188
1603037551000,56,129
1603037851000,51,151
1603038151000,48,130
1603038451000,51,152
1603038751000,53,153
1603039051000,53,157
1603039351000,64,134
1603039651000,56,149
1603039951000,53,145
1603040251000,51,142
1603040551000,63,106
1603040851000,56,138
1603041151000,53,134
1603041451000,54,131
1603041751000,53,136
1603042051000,62,121
1603042351000,0,0
1603042651000,54,125
1603042951000,50,138
1603043251000,52,143
1603043551000,0,0
1603043851000,52,139
1603044151000,53,117
1603044451000,53,111
1603044751000,53,124
1603045051000,51,145
1603045351000,53,129
1603045651000,55,156
1603045951000,58,133
1603046251000,0,0
1603046551000,54,130
1603046851000,54,133
1603047151000,60,145
1603047451000,70,103
1603047751000,0,0
1603101391000,0,0
1603101691000,53,153
1603101991000,52,152
1603102291000,53,171
1603102591000,53,159
1603102891000,54,160
1603103191000,55,162
1603103491000,55,172
1603103791000,56,161
1603104091000,57,160
1603104391000,56,171
1603104691000,60,156
1603104991000,59,120
1603105291000,59,121
1603105591000,55,186
1603105891000,55,177
1603106191000,55,160
1603106491000,56,159
1603106791000,56,149
1603107091000,57,143
1603107391000,52,115
1603107691000,52,119
1603107991000,53,129
1603108291000,52,146
1603108591000,52,144
1603108891000,52,143
1603109191000,52,139
1603109491000,54,130
1603109791000,53,139
1603110091000,56,131
1603110391000,55,146
1603110691000,51,147
1603110991000,51,168
1603111291000,50,178
1603111591000,50,175
1603111891000,51,151
1603112191000,51,153
1603112491000,53,160
1603112791000,55,145
1603113091000,50,156
1603113391000,52,150
1603113691000,50,155
1603113991000,53,161
1603114291000,49,138
1603114591000,50,140
1603114891000,49,155
1603115191000,57,155
1603115491000,52,164
1603115791000,52,183
1603116091000,51,156
1603116391000,51,164
1603116691000,50,164
1603116991000,0,0
1603117291000,54,139
1603117591000,56,136
1603117891000,60,123
1603118191000,56,131
1603118491000,60,116
1603118791000,60,164
1603119091000,52,173
1603119391000,50,172
1603119691000,49,159
1603119991000,50,158
1603120291000,50,145
1603120591000,50,168
1603120891000,55,150
1603121191000,52,134
1603121491000,51,132
1603121791000,51,149
1603122091000,56,146
1603122391000,57,145
1603122691000,55,145
1603122991000,57,144
1603123291000,59,136
1603123591000,53,173
1603174382000,0,0
1603174682000,0,0
1603174982000,60,137
1603175282000,58,133
1603175582000,58,153
1603175882000,60,159
1603176182000,59,138
1603176482000,61,133
1603176782000,62,131
1603177082000,65,127
1603177382000,65,129
1603177682000,59,129
1603177982000,61,126
1603178282000,64,103
1603178582000,66,94
1603178882000,67,90
1603179182000,60,142
1603179482000,60,140
1603179782000,58,141
1603180082000,57,141
1603180382000,55,127
1603180682000,56,127
1603180982000,56,131
1603181282000,66,122
1603181582000,52,121
1603181882000,53,124
1603182182000,51,134
1603182482000,53,148
1603182782000,53,146
1603183082000,0,0
1603183382000,56,163
1603183682000,53,163
1603183982000,54,160
1603184282000,55,167
1603184582000,53,142
1603184882000,54,141
1603185182000,51,161
1603185482000,55,138
1603185782000,57,145
1603186082000,60,150
1603186382000,64,91
1603186682000,60,146
1603186982000,61,140
1603187282000,61,134
1603187582000,64,112
1603187882000,53,190
1603188182000,52,176
1603188482000,52,192
1603188782000,53,193
1603189082000,55,187
1603189382000,52,181
1603189682000,51,195
1603189982000,51,185
1603190282000,51,187
1603190582000,50,187
1603190882000,54,181
1603191182000,51,163
1603191482000,50,172
1603191782000,51,188
1603192082000,52,214
1603192382000,55,154
1603192682000,53,167
1603192982000,52,173
1603193282000,55,179
1603193582000,0,0
1603193882000,59,159
1603194182000,57,173
1603194482000,63,107
1603194782000,57,182
1603195082000,58,170
1603195382000,54,212
1603195682000,54,178
1603195982000,53,204
1603196282000,52,218
1603196582000,0,0
1603196882000,0,0
1603258653000,0,0
1603258953000,56,104
1603259253000,53,110
1603259553000,52,105
1603259853000,51,107
1603260153000,51,105
1603260453000,51,104
1603260753000,51,117
1603261053000,51,110
1603261353000,51,113
1603261653000,50,117
1603261953000,50,118
1603262253000,54,123
1603262553000,0,0
1603262853000,55,144
1603263153000,56,170
1603263453000,58,173
1603263753000,62,113
1603264053000,61,121
1603264353000,57,143
1603264653000,56,180
1603264953000,57,153
1603265253000,0,0
1603265553000,0,0
1603265853000,0,0
1603266153000,52,142
1603266453000,51,126
1603266753000,50,144
1603267053000,51,145
1603267353000,52,146
1603267653000,52,155
1603267953000,55,139
1603268253000,63,96
1603268553000,63,86
1603268853000,64,74
1603269153000,63,86
1603269453000,63,117
1603269753000,63,130
1603270053000,58,154
1603270353000,56,180
1603270653000,54,171
1603270953000,52,172
1603271253000,51,180
1603271553000,52,179
1603271853000,51,177
1603272153000,52,178
1603272453000,50,181
1603272753000,51,180
1603273053000,50,158
1603273353000,50,163
1603273653000,49,176
1603273953000,49,172
1603274253000,50,158
1603274553000,53,174
1603274853000,51,208
1603275153000,49,205
1603275453000,51,219
1603275753000,48,193
1603276053000,51,176
1603276353000,52,217
1603276653000,55,181
1603276953000,54,211
1603277253000,53,178
1603277553000,50,203
1603277853000,50,196
1603278153000,50,199
1603278453000,51,221
1603278753000,50,188
1603279053000,52,173
1603279353000,54,164
1603279653000,51,187
1603279953000,52,196
1603280253000,50,218
1603280553000,50,236
1603280853000,0,0
1603281153000,0,0
1603281453000,0,0
1603281753000,0,0
1603282053000,0,0
1603282353000,0,0
1603282653000,47,182
1603282953000,48,206
1603283253000,48,196
1603283553000,47,196
1603283853000,47,203
1603284153000,48,199
1603284453000,48,177
1603284753000,48,192
1603285053000,0,0
1603285353000,0,0
1603285653000,46,177
1603285953000,47,198
1603286253000,0,0
1603286553000,0,0
1603286853000,48,194
1603287153000,0,0
1603287453000,0,0
1603287753000,0,0
1603288053000,61,101
1603288353000,58,150
1603288653000,59,155
1603288953000,61,137
1603289253000,56,183
1603289553000,0,0
1603289853000,50,173
1603290153000,50,158
1603290453000,49,161
1603290753000,52,145
1603291053000,49,140
1603291353000,49,148
1603291653000,0,0
1603291953000,49,159
1603292253000,49,154
1603292553000,52,175
1603292853000,49,174
1603293153000,50,158
1603293453000,48,167
1603293753000,49,157
1603294053000,53,178
1603294353000,52,188
1603294653000,57,152
1603294953000,52,219
1603295253000,55,194
1603295553000,52,161
1603295853000,0,0
1603296153000,49,175
1603296453000,49,173
1603296753000,48,175
1603297053000,57,174
1603297353000,50,122
1603297653000,53,126
1603297953000,0,0
1603298253000,56,154
1603368927000,0,0
1603369227000,54,126
1603369527000,55,120
1603369827000,53,116
1603370127000,53,121
1603370427000,52,131
1603370727000,52,126
1603371027000,53,128
1603371327000,53,134
1603371627000,53,122
1603371927000,55,141
1603372227000,58,132
1603372527000,56,140
1603372827000,52,131
1603373127000,51,119
1603373427000,50,129
1603373727000,51,125
1603374027000,51,125
1603374327000,51,128
1603374627000,58,119
1603374927000,52,136
1603375227000,52,136
1603375527000,52,160
1603375827000,52,158
1603376127000,52,146
1603376427000,56,145
1603376727000,0,0
1603377027000,52,149
1603377327000,53,148
1603377627000,51,161
1603377927000,53,150
1603378227000,53,138
1603378527000,54,155
1603378827000,57,149
1603379127000,54,150
1603379427000,53,146
1603379727000,53,142
1603380027000,52,157
1603380327000,52,166
1603380627000,52,151
1603380927000,59,137
1603381227000,52,143
1603381527000,50,140
1603381827000,50,141
1603382127000,0,0
1603382427000,57,136
1603382727000,53,122
1603383027000,53,134
1603383327000,60,116
1603383627000,60,104
1603383927000,66,105
1603384227000,0,0
1603441049000,0,0
1603441349000,52,127
1603441649000,51,110
1603441949000,50,102
1603442249000,51,110
1603442549000,50,105
1603442849000,51,123
1603443149000,52,123
1603443449000,52,125
1603443749000,53,135
1603444049000,54,141
1603444349000,55,145
1603444649000,54,139
1603444949000,59,116
1603445249000,67,77
1603445549000,57,173
1603445849000,54,172
1603446149000,53,138
1603446449000,52,148
1603446749000,52,146
1603447049000,49,130
1603447349000,50,125
1603447649000,49,124
1603447949000,52,119
1603448249000,49,150
1603448549000,51,161
1603448849000,53,143
1603449149000,51,166
1603449449000,53,180
1603449749000,53,168
1603450049000,50,154
1603450349000,51,157
1603450649000,50,158
1603450949000,47,156
1603451249000,48,157
1603451549000,48,155
1603451849000,49,154
1603452149000,48,137
1603452449000,48,154
1603452749000,48,146
1603453049000,48,160
1603453349000,47,160
1603453649000,47,160
1603453949000,51,139
1603454249000,50,164
1603454549000,52,195
1603454849000,56,167
1603455149000,58,157
1603455449000,55,188
1603455749000,51,185
1603456049000,48,186
1603456349000,47,186
1603456649000,46,202
1603456949000,47,194
1603457249000,47,185
1603457549000,48,199
1603457849000,47,182
1603458149000,47,159
1603458449000,47,148
1603458749000,47,160
1603459049000,48,175
1603459349000,48,188
1603459649000,50,149
1603459949000,49,184
1603460249000,55,171
1603460549000,53,197
1603460849000,56,151
1603461149000,54,159
1603461449000,54,177
1603461749000,48,171
1603462049000,48,181
1603462349000,47,165
1603462649000,44,127
1603462949000,46,150
1603463249000,45,157
1603463549000,0,0
1603463849000,50,156
1603464149000,0,0
1603464449000,0,0
1603464749000,48,126
1603465049000,47,121
1603465349000,0,0
1603465649000,0,0
1603533451000,0,0
1603533751000,57,154
1603534051000,57,144
1603534351000,55,140
1603534651000,55,155
1603534951000,56,155
1603535251000,55,143
1603535551000,57,130
1603535851000,55,162
1603536151000,55,164
1603536451000,56,169
1603536751000,57,183
1603537051000,59,168
1603537351000,58,184
1603537651000,56,148
1603537951000,0,0
1603538251000,0,0
1603538551000,61,105
1603538851000,58,130
1603539151000,55,132
1603539451000,53,144
1603539751000,51,187
1603540051000,51,177
1603540351000,51,168
1603540651000,53,174
1603540951000,52,169
1603541251000,51,141
1603541551000,51,135
1603541851000,49,161
1603542151000,50,171
1603542451000,52,157
1603542751000,54,156
1603543051000,57,136
1603543351000,61,113
1603543651000,57,154
1603543951000,53,187
1603544251000,53,179
1603544551000,51,183
1603544851000,50,194
1603545151000,49,188
1603545451000,49,184
1603545751000,49,186
1603546051000,49,191
1603546351000,50,201
1603546651000,52,184
1603546951000,50,179
1603547251000,49,197
1603547551000,50,189
1603547851000,50,194
1603548151000,0,0
1603548451000,51,190
1603548751000,50,172
1603549051000,47,142
1603549351000,50,169
1603549651000,51,183
1603549951000,51,203
1603550251000,49,165
1603550551000,52,182
1603550851000,52,223
1603551151000,50,245
1603551451000,49,226
1603551751000,50,232
1603552051000,0,0
1603552351000,52,185
1603552651000,50,179
1603552951000,50,152
1603553251000,47,146
1603553551000,52,208
1603553851000,54,197
1603554151000,0,0
1603554451000,0,0
1603554751000,47,173
1603555051000,0,0
1603555351000,50,210
1603555651000,48,139
1603555951000,50,156
1603556251000,52,152
1603556551000,50,147
1603556851000,53,186
1603557151000,54,166
1603557451000,53,194
1603557751000,53,186
1603558051000,53,173
1603558351000,49,191
1603558651000,51,165
1603558951000,52,178
1603559251000,53,168
1603559551000,54,170
1603559851000,52,167
1603560151000,51,176
1603560451000,51,190
1603560751000,50,191
1603561051000,52,150
1603561351000,51,143
1603561651000,52,156
1603561951000,52,160
1603562251000,52,159
1603562551000,58,157
1603562851000,55,162
1603563151000,0,0
1603563451000,51,151
1603563751000,57,158
1603564051000,58,146
1603564351000,0,0
1603564651000,63,143
1603564951000,55,143
1603565251000,53,132
1603565551000,53,130
1603565851000,54,139
1603566151000,58,118
1603566451000,70,117
1603566751000,62,110
1603567051000,53,127
1603567351000,59,139
1603567651000,53,136
1603567951000,62,145
1603568251000,0,0
1603568551000,70,101
1603568851000,70,92
1603616491000,0,0
1603616791000,0,0
1603617091000,56,159
1603617391000,56,145
1603617691000,54,131
1603617991000,54,123
1603618291000,55,127
1603618591000,55,143
1603618891000,56,138
1603619191000,55,123
1603619491000,56,126
1603619791000,56,133
1603620091000,58,133
1603620391000,61,128
1603620691000,61,119
1603620991000,60,133
1603621291000,57,148
1603621591000,59,151
1603621891000,59,147
1603622191000,60,144
1603622491000,62,127
1603622791000,62,122
1603623091000,63,122
1603623391000,61,142
1603623691000,60,144
1603623991000,60,148
1603624291000,62,123
1603624591000,61,128
1603624891000,60,98
1603625191000,58,131
1603625491000,59,106
1603625791000,62,102
1603626091000,58,124
1603626391000,55,139
1603626691000,54,145
1603626991000,54,152
1603627291000,54,138
1603627591000,55,143
1603627891000,55,141
1603628191000,59,158
1603628491000,56,155
1603628791000,56,168
1603629091000,56,167
1603629391000,57,166
1603629691000,54,148
1603629991000,55,142
1603630291000,56,142
1603630591000,54,139
1603630891000,55,155
1603631191000,60,106
1603631491000,61,115
1603631791000,63,101
1603632091000,65,85
1603632391000,61,128
1603632691000,55,154
1603632991000,53,164
1603633291000,53,165
1603633591000,62,134
1603633891000,54,143
1603634191000,54,146
1603634491000,54,145
1603634791000,54,140
1603635091000,53,137
1603635391000,55,143
1603635691000,0,0
1603635991000,53,175
1603636291000,52,190
1603636591000,52,181
1603636891000,54,162
1603637191000,62,110
1603637491000,54,164
1603637791000,57,160
1603638091000,55,142
1603638391000,55,138
1603638691000,56,144
1603638991000,55,151
1603639291000,56,159
1603639591000,57,146
1603639891000,60,151
1603640191000,59,152
1603640491000,56,181
1603640791000,52,154
1603641091000,0,0
1603641391000,0,0
1603641691000,55,165
1603641991000,59,182
1603642291000,58,172
1603642591000,52,125
1603642891000,52,121
1603643191000,0,0
1603643491000,0,0
1603643791000,56,134
1603644091000,59,115
1603644391000,60,138
1603644691000,60,157
1603644991000,58,136
1603645291000,0,0
1603645591000,64,118
1603645891000,60,125
1603646191000,0,0
1603646491000,0,0
1603646791000,0,0
1603647091000,0,0
1603647391000,0,0
1603647691000,0,0
1603647991000,0,0
1603648291000,55,122
1603648591000,55,119
1603648891000,55,125
1603649191000,54,122
1603649491000,56,134
1603649791000,54,122
1603650091000,59,126
1603650391000,57,123
1603650691000,56,156
1603650991000,0,0
1603651291000,56,141
1603651591000,57,149
1603651891000,57,151
1603652191000,60,145
1603652491000,0,0
1603652791000,58,136
1603653091000,58,115
1603653391000,70,95
1603653691000,0,0
1603653991000,51,109
1603654291000,53,124
1603654591000,53,142
1603654891000,54,146
1603655191000,54,136
1603655491000,0,0
1603655791000,56,123
1603656091000,52,118
1603656391000,0,0
1603706972000,0,0
1603707272000,50,137
1603707572000,50,136
1603707872000,51,129
1603708172000,52,159
1603708472000,51,132
1603708772000,52,137
1603709072000,52,138
1603709372000,53,140
1603709672000,53,141
1603709972000,54,153
1603710272000,53,157
1603710572000,55,175
1603710872000,61,122
1603711172000,58,121
1603711472000,61,130
1603711772000,59,143
1603712072000,55,173
1603712372000,54,182
1603712672000,54,188
1603712972000,53,146
1603713272000,53,142
1603713572000,55,144
1603713872000,55,159
1603714172000,54,167
1603714472000,56,167
1603714772000,60,137
1603715072000,53,136
1603715372000,53,134
1603715672000,58,139
1603715972000,54,148
1603716272000,56,143
1603716572000,56,142
1603716872000,61,100
1603717172000,64,85
1603717472000,62,109
1603717772000,60,117
1603718072000,59,127
1603718372000,59,128
1603718672000,56,138
1603718972000,55,160
1603719272000,52,147
1603719572000,52,157
1603719872000,53,169
1603720172000,52,147
1603720472000,52,148
1603720772000,52,151
1603721072000,51,161
1603721372000,54,151
1603721672000,52,174
1603721972000,52,171
1603722272000,53,148
1603722572000,56,133
1603722872000,56,118
1603723172000,54,128
1603723472000,53,117
1603723772000,52,126
1603724072000,56,121
1603724372000,61,110
1603724672000,59,104
1603724972000,59,125
1603725272000,60,106
1603725572000,65,81
1603725872000,59,141
1603726172000,57,162
1603726472000,57,169
1603726772000,55,183
1603727072000,64,159
1603727372000,57,141
1603727672000,54,147
1603727972000,53,131
1603728272000,53,127
1603728572000,53,139
1603728872000,52,123
1603729172000,52,151
1603729472000,0,0
1603729772000,0,0
1603730072000,0,0
1603730372000,0,0
1603785720000,0,0
1603786020000,63,157
1603786320000,56,154
1603786620000,56,160
1603786920000,57,163
1603787220000,56,144
1603787520000,56,154
1603787820000,56,150
1603788120000,56,144
1603788420000,55,122
1603788720000,54,119
1603789020000,54,131
1603789320000,55,125
1603789620000,54,134
1603789920000,58,142
1603790220000,62,105
1603790520000,64,118
1603790820000,63,113
1603791120000,58,170
1603791420000,56,192
1603791720000,54,202
1603792020000,56,192
1603792320000,52,149
1603792620000,52,152
1603792920000,52,140
1603793220000,53,138
1603793520000,52,156
1603793820000,54,164
1603794120000,54,165
1603794420000,53,152
1603794720000,53,160
1603795020000,53,176
1603795320000,52,188
1603795620000,54,207
1603795920000,0,0
1603796220000,60,162
1603796520000,62,100
1603796820000,61,137
1603797120000,56,170
1603797420000,55,160
1603797720000,57,175
1603798020000,57,161
1603798320000,57,172
1603798620000,54,179
1603798920000,53,178
1603799220000,53,188
1603799520000,53,183
1603799820000,52,222
1603800120000,52,223
1603800420000,52,208
1603800720000,54,229
1603801020000,56,187
1603801320000,54,186
1603801620000,52,203
1603801920000,52,187
1603802220000,50,188
1603802520000,51,148
1603802820000,0,0
1603803120000,55,179
1603803420000,55,166
1603803720000,54,191
1603804020000,55,152
1603804320000,54,191
1603804620000,62,143
1603804920000,0,0
1603805220000,52,232
1603805520000,50,222
1603805820000,51,223
1603806120000,51,229
1603806420000,53,190
1603806720000,50,172
1603807020000,51,183
1603807320000,50,192
1603807620000,51,191
1603807920000,49,162
1603808220000,51,184
1603808520000,51,161
1603808820000,59,158
1603809120000,57,157
1603809420000,62,148
1603809720000,58,154
1603810020000,54,139
1603810320000,0,0
1603810620000,53,175
1603810920000,53,174
1603811220000,54,205
1603811520000,53,218
1603811820000,52,213
1603812120000,50,175
1603812420000,52,182
1603812720000,53,209
1603813020000,0,0
1603813320000,0,0
1603813620000,51,165
1603813920000,52,183
1603814220000,56,179
1603814520000,56,174
1603814820000,54,187
1603815120000,0,0
1603815420000,0,0
1603815720000,0,0
1603816020000,54,187
1603816320000,58,172
1603816620000,53,159
1603816920000,0,0
1603817220000,0,0
1603817520000,0,0
1603817820000,0,0
1603818120000,53,160
1603818420000,0,0
1603818720000,0,0
1603819020000,0,0
1603873860000,0,0
1603874160000,0,0
1603874460000,63,129
1603874760000,0,0
1603875060000,0,0
1603875360000,57,161
1603875660000,57,151
1603875960000,58,154
1603876260000,59,155
1603876560000,58,155
1603876860000,59,145
1603877160000,57,142
1603877460000,58,152
1603877760000,58,170
1603878060000,58,177
1603878360000,0,0
1603878660000,70,67
1603878960000,67,81
1603879260000,66,79
1603879560000,62,127
1603879860000,61,138
1603880160000,60,153
1603880460000,62,145
1603880760000,63,128
1603881060000,64,113
1603881360000,69,116
1603881660000,57,148
1603881960000,54,160
1603882260000,56,145
1603882560000,56,157
1603882860000,56,159
1603883160000,0,0
1603883460000,61,110
1603883760000,62,97
1603884060000,55,165
1603884360000,58,161
1603884660000,56,177
1603884960000,55,165
1603885260000,57,188
1603885560000,57,190
1603885860000,56,175
1603886160000,57,175
1603886460000,56,194
1603886760000,55,175
1603887060000,56,168
1603887360000,55,182
1603887660000,57,175
1603887960000,62,184
1603888260000,59,154
1603888560000,66,60
1603888860000,64,82
1603889160000,69,61
1603889460000,68,55
1603889760000,66,71
1603890060000,65,88
1603890360000,66,79
1603890660000,61,141
1603890960000,54,196
1603891260000,54,193
1603891560000,54,198
1603891860000,0,0
1603892160000,0,0
1603892460000,0,0
1603892760000,0,0
1603893060000,52,197
1603893360000,56,179
1603893660000,51,167
1603893960000,51,162
1603894260000,51,179
1603894560000,53,179
1603894860000,53,171
1603895160000,53,182
1603895460000,60,157
1603895760000,63,123
1603896060000,64,106
1603896360000,60,142
1603896660000,56,169
1603896960000,57,171
1603897260000,53,176
1603897560000,53,180
1603897860000,52,198
1603898160000,51,177
1603898460000,53,166
1603898760000,53,183
1603899060000,54,184
1603899360000,58,176
1603899660000,62,123
1603899960000,59,162
1603900260000,62,116
1603900560000,57,143
1603900860000,56,191
1603901160000,55,185
1603901460000,59,170
1603901760000,51,178
1603902060000,54,177
1603902360000,52,177
1603902660000,52,140
1603902960000,0,0
1603903260000,0,0
1603903560000,0,0
1603903860000,54,144
1603904160000,71,106
1603962178000,0,0
1603962478000,49,128
1603962778000,50,128
1603963078000,50,127
1603963378000,51,129
1603963678000,51,128
1603963978000,52,133
1603964278000,53,129
1603964578000,54,127
1603964878000,55,154
1603965178000,55,168
1603965478000,56,160
1603965778000,61,146
1603966078000,66,97
1603966378000,61,120
1603966678000,63,108
1603966978000,59,150
1603967278000,57,156
1603967578000,57,176
1603967878000,51,159
1603968178000,52,160
1603968478000,53,168
1603968778000,52,143
1603969078000,52,134
1603969378000,52,142
1603969678000,51,144
1603969978000,52,148
1603970278000,52,166
1603970578000,52,163
1603970878000,55,160
1603971178000,57,165
1603971478000,59,131
1603971778000,60,135
1603972078000,58,153
1603972378000,58,161
1603972678000,58,165
1603972978000,51,173
1603973278000,50,177
1603973578000,53,186
1603973878000,48,166
1603974178000,49,168
1603974478000,48,183
1603974778000,48,193
1603975078000,49,191
1603975378000,48,190
1603975678000,51,147
1603975978000,49,203
1603976278000,51,206
1603976578000,48,165
1603976878000,49,181
1603977178000,50,190
1603977478000,57,177
1603977778000,0,0
1603978078000,55,200
1603978378000,51,238
1603978678000,58,182
1603978978000,58,185
1603979278000,61,126
1603979578000,64,99
1603979878000,54,196
1603980178000,50,199
1603980478000,49,229
1603980778000,47,225
1603981078000,48,225
1603981378000,50,217
1603981678000,50,178
1603981978000,49,181
1603982278000,50,187
1603982578000,49,188
1603982878000,49,192
1603983178000,53,170
1603983478000,0,0
1603983778000,0,0
1603984078000,0,0
1603984378000,57,164
1603984678000,0,0
1603984978000,53,200
1603985278000,51,197
1603985578000,51,204
1603985878000,51,210
1603986178000,52,213
1603986478000,52,200
1603986778000,0,0
1603987078000,0,0
1603987378000,50,181
1603987678000,49,168
1603987978000,48,208
1603988278000,51,186
1603988578000,0,0
1603988878000,0,0
1603989178000,0,0
1603989478000,0,0
1603989778000,0,0
1603990078000,0,0
1603990378000,0,0
1603990678000,0,0
1603990978000,50,140
1603991278000,0,0
1603991578000,50,157
1603991878000,51,151
1603992178000,0,0
1603992478000,53,124
1604044319000,0,0
1604044619000,53,135
1604044919000,53,139
1604045219000,53,142
1604045519000,53,130
1604045819000,52,125
1604046119000,52,122
1604046419000,53,124
1604046719000,53,154
1604047019000,53,155
1604047319000,53,153
1604047619000,53,149
1604047919000,53,153
1604048219000,53,160
1604048519000,57,165
1604048819000,59,165
1604049119000,63,127
1604049419000,60,161
1604049719000,56,190
1604050019000,57,130
1604050319000,52,141
1604050619000,50,156
1604050919000,51,155
1604051219000,53,154
1604051519000,50,158
1604051819000,0,0
1604052119000,52,185
1604052419000,54,168
1604052719000,53,158
1604053019000,51,158
1604053319000,50,159
1604053619000,50,155
1604053919000,0,0
1604054219000,53,196
1604054519000,58,180
1604054819000,0,0
1604055119000,63,134
1604055419000,54,213
1604055719000,54,198
1604056019000,52,200
1604056319000,53,208
1604056619000,53,223
1604056919000,51,206
1604057219000,0,0
1604057519000,0,0
1604057819000,0,0
1604058119000,0,0
1604058419000,0,0
1604058719000,0,0
1604059019000,49,211
1604059319000,49,219
1604059619000,50,236
1604059919000,50,238
1604060219000,50,252
1604060519000,50,224
1604060819000,0,0
1604061119000,0,0
1604061419000,53,167
1604061719000,50,176
1604062019000,50,194
1604062319000,51,186
1604062619000,49,188
1604062919000,50,197
1604063219000,52,215
1604063519000,0,0
1604063819000,49,235
1604064119000,52,241
1604064419000,50,220
1604064719000,49,177
1604065019000,50,215
1604065319000,50,161
1604065619000,50,190
1604065919000,51,179
1604066219000,0,0
1604066519000,62,114
1604066819000,58,191
1604067119000,57,208
1604067419000,0,0
1604067719000,54,186
1604068019000,51,192
1604068319000,50,167
1604068619000,50,164
1604068919000,0,0
1604138820000,0,0
1604139120000,56,144
1604139420000,57,134
1604139720000,56,132
1604140020000,57,129
1604140320000,57,127
1604140620000,57,136
1604140920000,59,127
1604141220000,59,143
1604141520000,59,147
1604141820000,59,136
1604142120000,58,145
1604142420000,68,103
1604142720000,67,66
1604143020000,63,89
1604143320000,58,147
1604143620000,54,149
1604143920000,53,159
1604144220000,55,155
1604144520000,55,160
1604144820000,57,150
1604145120000,58,148
1604145420000,64,125
1604145720000,54,137
1604146020000,53,130
1604146320000,54,137
1604146620000,54,150
1604146920000,55,154
1604147220000,54,154
1604147520000,53,146
1604147820000,56,144
1604148120000,55,132
1604148420000,56,132
1604148720000,56,143
1604149020000,60,116
1604149320000,58,119
1604149620000,55,154
1604149920000,50,167
1604150220000,49,189
1604150520000,48,185
1604150820000,49,181
1604151120000,51,182
1604151420000,51,169
1604151720000,51,175
1604152020000,52,178
1604152320000,51,179
1604152620000,58,154
1604152920000,52,137
1604153220000,52,149
1604153520000,53,153
1604153820000,51,145
1604154120000,54,180
1604154420000,57,145
1604154720000,60,140
1604155020000,59,121
1604155320000,55,146
1604155620000,55,157
1604155920000,54,154
1604156220000,52,156
1604156520000,52,166
1604156820000,52,167
1604157120000,55,175
1604157420000,51,202
1604157720000,53,197
1604158020000,0,0
1604158320000,0,0
1604158620000,52,149
1604158920000,56,159
1604159220000,55,149
1604159520000,54,161
1604159820000,54,142
1604160120000,57,136
1604160420000,56,140
1604160720000,54,153
1604161020000,55,171
1604161320000,54,193
1604161620000,53,204
1604161920000,54,187
1604162220000,51,163
1604162520000,52,168
1604162820000,52,163
1604163120000,53,162
1604163420000,52,173
1604163720000,57,141
1604164020000,52,140
1604164320000,55,134
1604164620000,57,143
1604164920000,54,164
1604165220000,54,167
1604165520000,56,183
1604165820000,54,181
1604166120000,55,191
1604166420000,54,169
1604166720000,51,208
1604167020000,50,161
1604167320000,51,159
1604167620000,52,165
1604167920000,52,157
1604168220000,51,175
1604168520000,53,159
1604168820000,57,150
1604169120000,0,0
1604169420000,0,0
1604169720000,54,129
1604170020000,65,98
1604170320000,67,100
1604170620000,65,106
1604170920000,0,0
1604228462000,0,0
1604228762000,0,0
1604229062000,0,0
1604229362000,53,149
1604229662000,52,149
1604229962000,52,134
1604230262000,52,134
1604230562000,54,152
1604230862000,54,143
1604231162000,53,126
1604231462000,53,127
1604231762000,52,129
1604232062000,52,136
1604232362000,55,141
1604232662000,60,137
1604232962000,56,165
1604233262000,57,152
1604233562000,55,178
1604233862000,53,161
1604234162000,51,156
1604234462000,51,148
1604234762000,51,153
1604235062000,51,157
1604235362000,51,168
1604235662000,52,170
1604235962000,55,154
1604236262000,49,125
1604236562000,50,130
1604236862000,51,143
1604237162000,51,139
1604237462000,51,144
1604237762000,53,142
1604238062000,51,149
1604238362000,55,140
1604238662000,54,166
1604238962000,53,165
1604239262000,52,203
1604239562000,53,200
1604239862000,53,192
1604240162000,48,188
1604240462000,49,170
1604240762000,48,185
1604241062000,47,187
1604241362000,49,197
1604241662000,50,182
1604241962000,50,176
1604242262000,48,182
1604242562000,0,0
1604242862000,49,135
1604243162000,51,160
1604243462000,50,177
1604243762000,51,175
1604244062000,51,156
1604244362000,57,150
1604244662000,52,167
1604244962000,50,178
1604245262000,50,174
1604245562000,50,186
1604245862000,49,179
1604246162000,49,177
1604246462000,52,184
1604246762000,50,182
1604247062000,51,210
1604247362000,50,203
1604247662000,51,184
1604247962000,49,184
1604248262000,52,204
1604248562000,51,170
1604248862000,46,185
1604249162000,49,184
1604249462000,53,194
1604249762000,52,204
1604250062000,0,0
1604250362000,50,174
1604250662000,49,156
1604250962000,50,171
1604251262000,50,170
1604251562000,50,166
1604251862000,50,160
1604252162000,52,161
1604252462000,56,161
1604252762000,50,173
1604253062000,52,158
1604253362000,51,185
1604253662000,56,161
1604253962000,52,158
1604254262000,52,151
1604254562000,51,136
1604254862000,52,144
1604255162000,51,150
1604255462000,50,146
1604255762000,50,148
1604256062000,52,158
1604256362000,55,161
1604256662000,51,157
1604256962000,58,156
1604257262000,52,172
1604257562000,56,151
1604257862000,51,167
1604258162000,54,160
1604258462000,60,165
1604258762000,52,178
1604259062000,52,181
1604259362000,53,187
1604259662000,56,175
1604259962000,53,195
1604260262000,53,189
1604260562000,51,161
1604260862000,51,154
1604261162000,50,161
1604261462000,50,174
1604261762000,52,165
1604262062000,53,130
1604262362000,53,158
1604262662000,55,145
1604262962000,54,148
1604263262000,54,156
1604263562000,58,113
1604263862000,59,116
1604264162000,56,136
1604264462000,70,100
1604264762000,74,74
1604265062000,70,93
1604265362000,65,104
1604265662000,61,108
1604265962000,67,116
1604266262000,68,101
1604313900000,64,152
1604314200000,58,143
1604314500000,59,130
1604314800000,59,140
1604315100000,60,135
1604315400000,60,128
1604315700000,60,118
1604316000000,59,124
1604316300000,60,139
1604316600000,61,139
1604316900000,63,140
1604317200000,63,133
1604317500000,63,129
1604317800000,68,77
1604318100000,67,76
1604318400000,63,112
1604318700000,56,131
1604319000000,57,123
1604319300000,57,148
1604319600000,55,139
1604319900000,56,141
1604320200000,56,121
1604320500000,58,119
1604320800000,59,130
1604321100000,58,146
1604321400000,58,138
1604321700000,58,144
1604322000000,63,120
1604322300000,60,133
1604322600000,63,90
1604322900000,67,83
1604323200000,66,99
1604323500000,67,69
1604323800000,67,62
1604324100000,64,113
1604324400000,62,134
1604324700000,63,157
1604325000000,58,161
1604325300000,58,145
1604325600000,57,161
1604325900000,57,149
1604326200000,57,141
1604326500000,59,149
1604326800000,56,151
1604327100000,56,152
1604327400000,61,151
1604327700000,58,178
1604328000000,60,177
1604328300000,60,164
1604328600000,58,171
1604328900000,60,150
1604329200000,63,129
1604329500000,64,109
1604329800000,64,110
1604330100000,72,57
1604330400000,69,79
1604330700000,65,134
1604331000000,63,136
1604331300000,65,109
1604331600000,64,120
1604331900000,67,129
1604332200000,61,162
1604332500000,56,184
1604332800000,58,168
1604333100000,56,150
1604333400000,56,148
1604333700000,55,135
1604334000000,56,128
1604334300000,55,140
1604334600000,57,136
1604334900000,60,134
1604335200000,62,129
1604335500000,64,131
1604335800000,64,151
1604336100000,64,133
1604336400000,58,154
1604336700000,59,162
1604337000000,55,155
1604337300000,55,145
1604337600000,55,154
1604337900000,53,155
1604338200000,70,110
1604338500000,65,127
1604338800000,56,134
1604339100000,0,0
1604339400000,0,0
1604392381000,0,0
1604392681000,0,0
1604392981000,76,74
1604393281000,67,116
1604393581000,67,119
1604393881000,66,143
1604394181000,67,145
1604394481000,65,165
1604394781000,66,154
1604395081000,62,138
1604395381000,61,156
1604395681000,63,166
1604395981000,59,149
1604396281000,60,152
1604396581000,56,165
1604396881000,56,168
1604397181000,58,181
1604397481000,57,134
1604397781000,62,121
1604398081000,64,98
1604398381000,65,88
1604398681000,63,101
1604398981000,66,144
1604399281000,58,163
1604399581000,55,165
1604399881000,56,165
1604400181000,51,154
1604400481000,51,149
1604400781000,51,149
1604401081000,51,150
1604401381000,52,148
1604401681000,55,156
1604401981000,53,176
1604402281000,52,172
1604402581000,53,188
1604402881000,54,196
1604403181000,58,166
1604403481000,54,161
1604403781000,54,180
1604404081000,58,131
1604404381000,59,171
1604404681000,58,161
1604404981000,56,150
1604405281000,56,172
1604405581000,57,184
1604405881000,56,205
1604406181000,51,169
1604406481000,51,181
1604406781000,51,183
1604407081000,52,187
1604407381000,54,212
1604407681000,53,206
1604407981000,52,206
1604408281000,51,172
1604408581000,52,173
1604408881000,51,180
1604409181000,51,151
1604409481000,53,169
1604409781000,64,133
1604410081000,66,105
1604479380000,0,0
1604479680000,0,0
1604479980000,81,15
1604480280000,82,16
1604480580000,81,26
1604480880000,81,30
1604481180000,80,34
1604481480000,79,37
1604481780000,79,35
1604482080000,78,37
1604482380000,78,39
1604482680000,78,36
1604482980000,79,35
1604483280000,79,34
1604483580000,78,31
1604483880000,79,32
1604484180000,80,27
1604484480000,88,46
1604484780000,80,39
1604485080000,78,54
1604485380000,73,65
1604485680000,73,58
1604485980000,75,50
1604486280000,78,54
1604486580000,76,53
1604486880000,78,60
1604487180000,75,52
1604487480000,77,73
1604487780000,73,69
1604488080000,72,67
1604488380000,72,61
1604488680000,75,45
1604488980000,80,19
1604489280000,80,19
1604489580000,80,25
1604489880000,74,56
1604490180000,73,50
1604490480000,74,45
1604490780000,75,42
1604491080000,74,47
1604491380000,75,42
1604491680000,79,44
1604491980000,76,84
1604492280000,68,90
1604492580000,69,75
1604492880000,71,65
1604493180000,70,75
1604493480000,70,95
1604493780000,73,80
1604494080000,71,93
1604494380000,68,102
1604494680000,72,83
1604494980000,71,83
1604495280000,73,57
1604495580000,74,44
1604495880000,0,0
1604496180000,0,0
1604496480000,0,0
1604496780000,72,76
1604497080000,72,80
1604497380000,70,83
1604497680000,71,77
1604497980000,73,78
1604498280000,78,76
1604498580000,72,84
1604498880000,75,57
1604499180000,76,48
1604499480000,75,46
1604499780000,76,64
1604500080000,74,70
1604500380000,72,66
1604500680000,74,56
1604500980000,73,73
1604501280000,67,102
1604501580000,70,83
1604501880000,77,84
1604502180000,70,85
1604502480000,79,71
1604502780000,72,85
1604503080000,72,76
1604503380000,73,76
1604503680000,76,72
1604503980000,68,100
1604504280000,72,78
1604504580000,76,52
1604504880000,74,57
1604505180000,73,62
1604505480000,69,101
1604505780000,70,85
1604506080000,68,101
1604506380000,69,100
1604506680000,68,112
1604506980000,72,106
1604507280000,81,70
1604507580000,91,47
1604570879000,0,0
1604571179000,0,0
1604571479000,0,0
1604571779000,56,134
1604572079000,55,138
1604572379000,54,136
1604572679000,56,134
1604572979000,57,151
1604573279000,54,142
1604573579000,56,136
1604573879000,56,142
1604574179000,56,140
1604574479000,55,150
1604574779000,59,134
1604575079000,68,69
1604575379000,66,84
1604575679000,65,96
1604575979000,60,136
1604576279000,52,159
1604576579000,52,144
1604576879000,52,174
1604577179000,51,164
1604577479000,51,148
1604577779000,52,162
1604578079000,53,178
1604578379000,53,176
1604578679000,54,178
1604578979000,53,188
1604579279000,53,189
1604579579000,58,146
1604579879000,57,157
1604580179000,52,175
1604580479000,51,172
1604580779000,50,204
1604581079000,52,189
1604581379000,58,146
1604581679000,62,104
1604581979000,65,98
1604582279000,55,157
1604582579000,54,160
1604582879000,53,191
1604583179000,54,186
1604583479000,54,183
1604583779000,52,199
1604584079000,52,167
1604584379000,52,183
1604584679000,52,196
1604584979000,53,197
1604585279000,50,148
1604585579000,51,163
1604585879000,51,171
1604586179000,52,177
1604586479000,0,0
1604586779000,56,130
1604587079000,59,150
1604587379000,60,137
1604587679000,62,118
1604587979000,60,145
1604588279000,55,172
1604588579000,55,162
1604588879000,53,173
1604589179000,52,185
1604589479000,50,140
1604589779000,51,147
1604590079000,51,156
1604590379000,52,176
1604590679000,52,157
1604590979000,51,158
1604591279000,51,159
1604591579000,54,147
1604591879000,57,164
1604592179000,56,168
1604592479000,60,138
1604592779000,57,183
1604593079000,54,186
1604593379000,52,186
1604593679000,55,161
1604593979000,54,142
1604594279000,53,145
1604594579000,55,145
1604594879000,52,132
1604595179000,53,150
1604595479000,51,153
1604595779000,57,139
1604596079000,53,171
1604596379000,51,168
1604596679000,56,159
1604596979000,56,151
1604597279000,51,108
1604597579000,75,82
1604597879000,67,137
1604598179000,67,121
1604598479000,62,141
1604598779000,64,119
1604599079000,63,109
1604651817000,0,0
1604652117000,53,137
1604652417000,53,157
1604652717000,52,136
1604653017000,51,131
1604653317000,51,139
1604653617000,51,144
1604653917000,51,142
1604654217000,52,144
1604654517000,55,148
1604654817000,52,178
1604655117000,51,169
1604655417000,56,151
1604655717000,51,179
1604656017000,0,0
1604656317000,0,0
1604656617000,0,0
1604656917000,51,171
1604657217000,52,187
1604657517000,55,156
1604657817000,52,169
1604658117000,51,176
1604658417000,55,162
1604658717000,50,153
1604659017000,53,174
1604659317000,58,171
1604659617000,61,140
1604659917000,55,223
1604660217000,55,167
1604660517000,55,177
1604660817000,55,187
1604661117000,61,146
1604661417000,53,210
1604661717000,49,197
1604662017000,50,201
1604662317000,49,199
1604662617000,52,194
1604662917000,50,153
1604663217000,50,163
1604663517000,50,164
1604663817000,50,170
1604664117000,51,171
1604664417000,50,173
1604664717000,50,182
1604665017000,50,198
1604665317000,50,193
1604665617000,52,186
1604665917000,52,152
1604666217000,49,157
1604666517000,51,187
1604666817000,51,183
1604667117000,54,219
1604667417000,53,195
1604667717000,50,206
1604668017000,48,228
1604668317000,49,200
1604668617000,50,183
1604668917000,49,178
1604669217000,49,182
1604669517000,50,170
1604669817000,57,157
1604670117000,50,192
1604670417000,52,169
1604670717000,48,172
1604671017000,49,176
1604671317000,48,159
1604671617000,56,141
1604671917000,52,196
1604672217000,58,118
1604672517000,61,108
1604672817000,60,166
1604673117000,56,183
1604673417000,53,209
1604673717000,49,202
1604674017000,50,206
1604674317000,52,212
1604674617000,51,211
1604674917000,49,200
1604675217000,50,200
1604675517000,53,210
1604675817000,51,241
1604676117000,50,234
1604676417000,49,241
1604676717000,0,0
1604677017000,51,142
1604677317000,0,0
1604677617000,0,0
1604677917000,59,126
1604678217000,0,0
1604678517000,0,0
1604678817000,0,0
1604679117000,0,0
1604679417000,0,0
1604679717000,50,142
1604680017000,56,138
1604680317000,50,153
1604680617000,0,0
1604680917000,49,115
1604681217000,52,133
1604681517000,55,144
1604681817000,56,143
1604682117000,0,0
1604682417000,0,0
1604682717000,0,0
1604683017000,0,0
1604683317000,47,131
1604683617000,51,143
1604683917000,0,0
1604684217000,48,151
1604684517000,51,143
1604684817000,48,103
1604685117000,48,117
1604685417000,0,0
1604750341000,0,0
1604750641000,0,0
1604750941000,53,163
1604751241000,51,169
1604751541000,52,159
1604751841000,51,172
1604752141000,51,156
1604752441000,51,153
1604752741000,50,146
1604753041000,51,171
1604753341000,49,177
1604753641000,55,170
1604753941000,55,176
1604754241000,0,0
1604754541000,49,211
1604754841000,51,208
1604755141000,47,184
1604755441000,47,183
1604755741000,48,175
1604756041000,48,176
1604756341000,49,185
1604756641000,48,184
1604756941000,52,174
1604757241000,48,171
1604757541000,46,154
1604757841000,47,175
1604758141000,50,176
1604758441000,48,159
1604758741000,49,181
1604759041000,56,183
1604759341000,63,96
1604759641000,52,208
1604759941000,51,189
1604760241000,50,206
1604760541000,51,204
1604760841000,52,196
1604761141000,49,221
1604761441000,50,235
1604761741000,49,214
1604762041000,49,180
1604762341000,48,171
1604762641000,48,178
1604762941000,48,180
1604763241000,48,203
1604763541000,47,180
1604763841000,55,146
1604764141000,49,134
1604764441000,51,168
1604764741000,52,172
1604765041000,52,165
1604765341000,52,185
1604765641000,49,157
1604765941000,51,209
1604766241000,51,174
1604766541000,54,175
1604766841000,53,167
1604767141000,55,195
1604767441000,56,176
1604767741000,57,167
1604768041000,59,152
1604768341000,63,135
1604768641000,59,184
1604768941000,64,109
1604769241000,53,205
1604769541000,53,167
1604769841000,49,161
1604770141000,49,174
1604770441000,48,149
1604770741000,49,172
1604771041000,50,164
1604771341000,50,164
1604771641000,51,160
1604771941000,51,185
1604772241000,0,0
1604772541000,50,169
1604772841000,0,0
1604773141000,58,184
1604773441000,59,166
1604773741000,64,121
1604774041000,58,147
1604774341000,53,145
1604774641000,52,147
1604774941000,50,135
1604775241000,51,162
1604775541000,51,165
1604775841000,52,143
1604776141000,50,159
1604776441000,51,137
1604776741000,51,167
1604777041000,53,180
1604777341000,58,155
1604777641000,55,207
1604777941000,56,177
1604778241000,54,184
1604778541000,56,152
1604778841000,52,185
1604779141000,53,182
1604779441000,52,187
1604779741000,54,151
1604780041000,51,147
1604780341000,50,156
1604780641000,54,145
1604780941000,52,173
1604781241000,51,188
1604781541000,54,174
1604781841000,58,147
1604782141000,60,126
1604782441000,54,139
1604782741000,58,117
1604783041000,0,0
1604832512000,0,0
1604832812000,60,158
1604833112000,58,166
1604833412000,58,166
1604833712000,58,160
1604834012000,58,145
1604834312000,55,156
1604834612000,54,161
1604834912000,54,157
1604835212000,53,157
1604835512000,53,162
1604835812000,53,165
1604836112000,58,146
1604836412000,59,155
1604836712000,55,162
1604837012000,57,130
1604837312000,56,141
1604837612000,52,160
1604837912000,52,168
1604838212000,52,164
1604838512000,52,163
1604838812000,53,149
1604839112000,52,170
1604839412000,51,176
1604839712000,52,174
1604840012000,53,189
1604840312000,52,204
1604840612000,56,175
1604840912000,50,159
1604841212000,54,133
1604841512000,49,134
1604841812000,51,126
1604842112000,50,143
1604842412000,54,160
1604842712000,58,168
1604843012000,56,203
1604843312000,56,188
1604843612000,54,223
1604843912000,50,254
1604844212000,50,225
1604844512000,49,193
1604844812000,50,188
1604845112000,51,185
1604845412000,51,203
1604845712000,48,157
1604846012000,49,171
1604846312000,49,157
1604846612000,49,152
1604846912000,50,148
1604847212000,48,143
1604847512000,51,158
1604847812000,51,188
1604848112000,52,168
1604848412000,54,143
1604848712000,56,160
1604849012000,50,162
1604849312000,50,165
1604849612000,49,169
1604849912000,51,168
1604850212000,51,170
1604850512000,49,149
1604850812000,52,161
1604851112000,50,157
1604851412000,53,142
1604851712000,49,200
1604852012000,51,200
1604852312000,52,192
1604852612000,0,0
1604852912000,53,142
1604853212000,54,156
1604853512000,54,156
1604853812000,52,182
1604854112000,54,157
1604854412000,51,185
1604854712000,50,182
1604855012000,51,189
1604855312000,53,161
1604855612000,50,148
1604855912000,52,157
1604856212000,52,148
1604856512000,53,159
1604856812000,54,143
1604857112000,54,151
1604857412000,57,163
1604857712000,58,160
1604858012000,62,129
1604858312000,62,87
1604858612000,60,154
1604858912000,55,177
1604859212000,54,184
1604859512000,53,195
1604859812000,51,166
1604860112000,50,153
1604860412000,50,163
1604860712000,50,162
1604861012000,0,0
1604861312000,52,157
1604861612000,52,164
1604861912000,0,0
1604862212000,58,127
1604862512000,0,0
1604862812000,53,115
1604863112000,52,131
1604863412000,52,141
1604863712000,51,138
1604864012000,58,111
1604864312000,54,194
1604864612000,65,106
1604864912000,0,0
1604865212000,57,172
1604865512000,53,165
1604865812000,52,161
1604866112000,50,133
1604866412000,51,151
1604866712000,50,158
1604867012000,51,154
1604867312000,51,160
1604867612000,59,133
1604867912000,55,128
1604868212000,55,116
1604868512000,55,123
1604868812000,57,124
1604869112000,52,168
1604869412000,50,174
1604869712000,56,152
1604870012000,0,0
1604870312000,54,155
1604870612000,52,143
1604870912000,51,148
1604871212000,55,150
1604871512000,69,85
1604871812000,70,91
1604872112000,0,0
1604918908000,0,0
1604919208000,57,114
1604919508000,56,109
1604919808000,57,107
1604920108000,58,99
1604920408000,58,109
1604920708000,58,123
1604921008000,56,109
1604921308000,56,112
1604921608000,57,102
1604921908000,57,108
1604922208000,61,97
1604922508000,59,114
1604922808000,56,112
1604923108000,58,113
1604923408000,60,107
1604923708000,55,137
1604924008000,55,128
1604924308000,57,130
1604924608000,53,114
1604924908000,51,137
1604925208000,52,127
1604925508000,52,141
1604925808000,62,111
1604926108000,52,146
1604926408000,51,155
1604926708000,52,154
1604927008000,51,170
1604927308000,52,147
1604927608000,54,127
1604927908000,49,121
1604928208000,50,121
1604928508000,54,119
1604928808000,56,144
1604929108000,53,176
1604929408000,51,166
1604929708000,52,171
1604930008000,53,179
1604930308000,50,151
1604930608000,49,148
1604930908000,49,148
1604931208000,50,144
1604931508000,50,161
1604931808000,51,167
1604932108000,49,144
1604932408000,50,143
1604932708000,49,153
1604933008000,49,158
1604933308000,53,177
1604933608000,49,187
1604933908000,48,149
1604934208000,53,164
1604934508000,48,146
1604934808000,48,147
1604935108000,49,151
1604935408000,0,0
1604935708000,50,129
1604936008000,53,119
1604936308000,49,150
1604936608000,51,133
1604936908000,50,139
1604937208000,50,149
1604937508000,50,155
1604937808000,50,147
1604938108000,52,137
1604938408000,52,144
1604938708000,51,138
1604939008000,53,129
1604939308000,51,175
1604939608000,50,146
1604939908000,48,139
1604940208000,49,151
1604940508000,51,142
1604940808000,51,147
1604941108000,51,135
1604941408000,52,144
1604941708000,50,159
1604942008000,53,136
1604942308000,52,142
1604942608000,48,156
1604942908000,50,161
1604943208000,53,126
1604943508000,50,134
1604943808000,52,130
1604944108000,50,134
1604944408000,58,122
1604944708000,52,125
1604995890000,0,0
1604996190000,48,133
1604996490000,48,130
1604996790000,47,131
1604997090000,46,122
1604997390000,46,120
1604997690000,47,132
1604997990000,47,139
1604998290000,48,148
1604998590000,48,153
1604998890000,0,0
1604999190000,0,0
1604999490000,0,0
1604999790000,0,0
1605000090000,0,0
1605000390000,0,0
1605000690000,0,0
1605000990000,0,0
1605001290000,0,0
1605001590000,0,0
1605001890000,49,166
1605002190000,54,182
1605002490000,52,162
1605002790000,50,189
1605003090000,47,151
1605003390000,47,146
1605003690000,46,146
1605003990000,47,136
1605004290000,48,160
1605004590000,48,148
1605004890000,49,140
1605005190000,49,141
1605005490000,50,148
1605005790000,51,147
1605006090000,48,168
1605006390000,48,196
1605006690000,49,207
1605006990000,52,168
1605007290000,52,178
1605007590000,51,176
1605007890000,58,145
1605008190000,50,180
1605008490000,49,171
1605008790000,49,182
1605009090000,48,202
1605009390000,49,199
1605009690000,49,198
1605009990000,46,193
1605010290000,48,183
1605010590000,47,153
1605010890000,48,178
1605011190000,49,185
1605011490000,53,153
1605011790000,47,163
1605012090000,46,168
1605012390000,48,170
1605012690000,48,164
1605012990000,48,133
1605013290000,49,149
1605013590000,49,163
1605013890000,47,129
1605014190000,49,183
1605014490000,0,0
1605014790000,50,139
1605015090000,0,0
1605015390000,58,135
1605015690000,0,0
1605087512000,0,0
1605087812000,54,176
1605088112000,52,164
1605088412000,52,150
1605088712000,53,143
1605089012000,53,139
1605089312000,54,137
1605089612000,55,149
1605089912000,55,147
1605090212000,55,157
1605090512000,55,148
1605090812000,53,157
1605091112000,53,163
1605091412000,54,176
1605091712000,56,188
1605092012000,61,172
1605092312000,61,128
1605092612000,64,117
1605092912000,67,66
1605093212000,64,82
1605093512000,60,118
1605093812000,57,158
1605094112000,57,164
1605094412000,57,169
1605094712000,58,160
1605095012000,59,135
1605095312000,59,144
1605095612000,60,138
1605095912000,60,126
1605096212000,60,136
1605096512000,0,0
1605096812000,52,173
1605097112000,51,173
1605097412000,0,0
1605097712000,0,0
1605098012000,55,172
1605098312000,58,140
1605098612000,58,155
1605098912000,56,163
1605099212000,52,156
1605099512000,54,141
1605099812000,57,209
1605100112000,52,225
1605100412000,53,220
1605100712000,53,212
1605101012000,55,204
1605101312000,56,196
1605101612000,56,191
1605101912000,56,194
1605102212000,58,165
1605102512000,0,0
1605102812000,55,164
1605103112000,55,185
1605103412000,57,168
1605103712000,55,159
1605104012000,56,187
1605104312000,56,158
1605104612000,57,160
1605104912000,58,160
1605105212000,53,199
1605105512000,53,215
1605105812000,55,194
1605106112000,52,178
1605106412000,53,167
1605106712000,53,160
1605107012000,53,164
1605107312000,53,170
1605107612000,56,154
1605107912000,54,174
1605108212000,0,0
1605108512000,57,170
1605108812000,63,114
1605109112000,66,90
1605109412000,66,78
1605109712000,60,153
1605110012000,53,216
1605110312000,52,228
1605110612000,50,192
1605110912000,51,191
1605111212000,52,179
1605111512000,51,187
1605111812000,50,176
1605112112000,51,183
1605112412000,54,180
1605112712000,59,145
1605113012000,63,152
1605113312000,59,182
1605113612000,60,152
1605113912000,63,145
1605114212000,0,0
1605114512000,57,181
1605114812000,54,205
1605115112000,51,204
1605115412000,50,198
1605115712000,49,186
1605173911000,0,0
1605174211000,54,165
1605174511000,55,170
1605174811000,56,161
1605175111000,56,154
1605175411000,56,178
1605175711000,55,172
1605176011000,56,191
1605176311000,54,194
1605176611000,56,198
1605176911000,57,184
1605177211000,63,98
1605177511000,54,180
1605177811000,54,157
1605178111000,53,150
1605178411000,51,145
1605178711000,50,152
1605179011000,50,154
1605179311000,50,155
1605179611000,50,164
1605179911000,50,158
1605180211000,51,166
1605180511000,51,163
1605180811000,50,164
1605181111000,50,173
1605181411000,50,173
1605181711000,51,165
1605182011000,51,164
1605182311000,55,206
1605182611000,52,204
1605182911000,56,159
1605183211000,57,181
1605183511000,52,176
1605183811000,54,224
1605184111000,51,227
1605184411000,51,255
1605184711000,50,254
1605185011000,50,237
1605185311000,48,203
1605185611000,48,228
1605185911000,49,204
1605186211000,48,141
1605186511000,47,128
1605186811000,47,138
1605187111000,48,149
1605187411000,50,147
1605187711000,48,153
1605188011000,0,0
1605188311000,49,185
1605188611000,52,196
1605188911000,57,145
1605189211000,58,151
1605189511000,60,153
1605189811000,48,168
1605190111000,50,197
1605190411000,51,184
1605190711000,51,166
1605191011000,49,178
1605191311000,48,161
1605191611000,47,145
1605191911000,48,151
1605192211000,48,184
1605192511000,47,149
1605192811000,48,187
1605193111000,48,192
1605193411000,52,191
1605193711000,50,163
1605194011000,55,148
1605194311000,48,155
1605194611000,52,173
1605194911000,51,158
1605195211000,53,163
1605195511000,50,119
1605195811000,52,141
1605196111000,50,151
1605196411000,0,0
1605196711000,0,0
1605197011000,54,114
1605197311000,58,162
1605197611000,64,133
1605197911000,67,116
1605198211000,69,114
1605253710000,0,0
1605254010000,47,113
1605254310000,49,124
1605254610000,48,118
1605254910000,49,131
1605255210000,50,139
1605255510000,49,139
1605255810000,50,139
1605256110000,50,136
1605256410000,51,143
1605256710000,51,142
1605257010000,51,158
1605257310000,52,172
1605257610000,56,160
1605257910000,0,0
1605258210000,57,192
1605258510000,55,176
1605258810000,52,215
1605259110000,50,194
1605259410000,51,195
1605259710000,49,192
1605260010000,52,208
1605260310000,51,213
1605260610000,51,207
1605260910000,51,215
1605261210000,54,195
1605261510000,53,162
1605261810000,50,155
1605262110000,50,155
1605262410000,50,175
1605262710000,51,173
1605263010000,51,154
1605263310000,52,156
1605263610000,62,135
1605263910000,56,156
1605264210000,62,135
1605264510000,63,131
1605264810000,56,168
1605265110000,56,185
1605265410000,52,172
1605265710000,50,173
1605266010000,50,189
1605266310000,53,169
1605266610000,50,179
1605266910000,51,175
1605267210000,50,198
1605267510000,50,195
1605267810000,50,187
1605268110000,52,178
1605268410000,52,169
1605268710000,50,191
1605269010000,49,179
1605269310000,50,205
1605269610000,50,205
1605269910000,52,206
1605270210000,54,185
1605270510000,57,176
1605270810000,58,150
1605271110000,58,168
1605271410000,56,191
1605271710000,55,207
1605272010000,57,193
1605272310000,52,219
1605272610000,50,255
1605272910000,51,252
1605273210000,51,229
1605273510000,52,240
1605273810000,50,222
1605274110000,50,220
1605274410000,50,186
1605274710000,47,159
1605275010000,47,185
1605275310000,49,178
1605275610000,48,184
1605275910000,51,171
1605276210000,55,168
1605276510000,0,0
1605276810000,52,177
1605277110000,0,0
1605277410000,51,179
1605277710000,52,172
1605278010000,0,0
1605278310000,50,225
1605278610000,0,0
1605278910000,50,255
1605279210000,51,247
1605279510000,51,224
1605279810000,47,206
1605280110000,48,184
1605280410000,48,163
1605280710000,52,145
1605281010000,48,140
1605281310000,51,168
1605281610000,0,0
1605281910000,0,0
1605282210000,48,180
1605282510000,48,148
1605282810000,50,154
1605283110000,55,125
1605283410000,64,126
1605283710000,64,121
1605284010000,64,131
1605284310000,61,145
1605284610000,66,131
1605284910000,0,0
1605285210000,63,121
1605285510000,0,0
1605285810000,69,99
1605286110000,0,0
1605286410000,0,0
1605286710000,65,140
1605287010000,57,162
1605287310000,54,160
1605287610000,52,149
1605287910000,54,163
1605288210000,54,170
1605288510000,54,147
1605288810000,50,128
1605289110000,0,0
1605289410000,0,0
1605289710000,57,124
1605433171000,0,0
1605433471000,0,0
1605433771000,0,0
1605434071000,58,145
1605434371000,56,157
1605434671000,58,176
1605434971000,59,151
1605435271000,59,140
1605435571000,60,142
1605435871000,61,126
1605436171000,55,144
1605436471000,59,137
1605436771000,57,159
1605437071000,58,142
1605437371000,56,130
1605437671000,53,149
1605437971000,52,148
1605438271000,53,164
1605438571000,53,176
1605438871000,62,137
1605439171000,55,159
1605439471000,54,173
1605439771000,53,178
1605440071000,54,195
1605440371000,60,158
1605440671000,52,154
1605440971000,52,184
1605441271000,52,194
1605441571000,53,202
1605441871000,0,0
1605442171000,53,168
1605442471000,57,149
1605442771000,57,166
1605443071000,54,138
1605443371000,59,142
1605443671000,54,170
1605443971000,55,178
1605444271000,55,183
1605444571000,52,212
1605444871000,52,225
1605445171000,51,217
1605445471000,52,229
1605445771000,54,198
1605446071000,51,150
1605446371000,49,152
1605446671000,49,164
1605446971000,49,163
1605447271000,49,169
1605447571000,49,169
1605447871000,51,172
1605448171000,50,161
1605448471000,65,131
1605448771000,57,181
1605449071000,60,141
1605449371000,0,0
1605449671000,55,164
1605449971000,54,176
1605450271000,53,195
1605450571000,52,202
1605450871000,53,193
1605451171000,48,194
1605451471000,51,182
1605451771000,53,148
1605452071000,49,161
1605452371000,51,163
1605452671000,49,162
1605452971000,50,165
1605453271000,53,164
1605453571000,55,144
1605453871000,56,156
1605454171000,58,141
1605454471000,52,154
1605454771000,56,156
1605455071000,55,188
1605455371000,54,214
1605455671000,54,197
1605455971000,53,202
1605456271000,53,222
1605456571000,0,0
1605456871000,53,203
1605457171000,52,217
1605457471000,53,211
1605457771000,56,156
1605458071000,53,156
1605458371000,54,162
1605458671000,54,165
1605458971000,51,178
1605459271000,51,158
1605459571000,51,161
1605459871000,52,175
1605460171000,53,176
1605460471000,51,194
1605460771000,50,161
1605461071000,0,0
1605461371000,54,206
1605461671000,56,175
1605461971000,58,177
1605462271000,61,167
1605462571000,57,156
1605462871000,55,196
1605463171000,52,161
1605463471000,50,151
1605463771000,53,140
1605464071000,54,163
1605464371000,55,173
1605464671000,54,154
1605464971000,52,159
1605465271000,53,147
1605465571000,56,160
1605465871000,0,0
1605466171000,53,144
1605466471000,53,181
1605466771000,58,164
1605467071000,58,149
1605467371000,0,0
1605467671000,52,119
1605467971000,52,130
1605468271000,52,114
1605468571000,55,119
1605468871000,55,122
1605469171000,53,118
1605469471000,54,116
1605469771000,53,126
1605470071000,56,127
1605470371000,60,148
1605470671000,60,133
1605470971000,69,119
1605471271000,0,0
1605525210000,0,0
1605525510000,0,0
1605525810000,47,141
1605526110000,48,154
1605526410000,48,144
1605526710000,48,151
1605527010000,48,140
1605527310000,49,138
1605527610000,51,127
1605527910000,47,144
1605528210000,48,153
1605528510000,48,147
1605528810000,50,133
1605529110000,49,131
1605529410000,55,136
1605529710000,50,188
1605530010000,52,171
1605530310000,54,153
1605530610000,51,174
1605530910000,51,189
1605531210000,49,197
1605531510000,49,183
1605531810000,49,198
1605532110000,48,140
1605532410000,47,135
1605532710000,47,143
1605533010000,46,165
1605533310000,45,139
1605533610000,48,160
1605533910000,47,157
1605534210000,51,152
1605534510000,49,154
1605534810000,49,159
1605535110000,47,135
1605535410000,48,140
1605535710000,51,166
1605536010000,46,157
1605536310000,47,142
1605536610000,47,173
1605536910000,62,124
1605537210000,50,184
1605537510000,0,0
1605537810000,49,172
1605538110000,49,171
1605538410000,46,178
1605538710000,47,177
1605539010000,47,191
1605539310000,48,186
1605539610000,47,181
1605539910000,48,169
1605540210000,49,188
1605540510000,48,175
1605540810000,48,184
1605541110000,49,196
1605541410000,47,163
1605541710000,50,193
1605542010000,51,196
1605542310000,49,197
1605542610000,50,198
1605542910000,51,165
1605543210000,49,168
1605543510000,48,195
1605543810000,49,201
1605544110000,49,205
1605544410000,49,196
1605544710000,49,188
1605545010000,52,179
1605545310000,51,167
1605545610000,47,184
1605545910000,48,158
1605546210000,47,160
1605546510000,51,176
1605546810000,50,180
1605547110000,46,177
1605547410000,0,0
1605547710000,51,203
1605548010000,59,147
1605548310000,69,123
1605548610000,58,178
1605548910000,67,142
1605549210000,58,134
1605603208000,0,0
1605603508000,56,136
1605603808000,54,138
1605604108000,54,137
1605604408000,52,130
1605604708000,54,154
1605605008000,54,167
1605605308000,55,158
1605605608000,55,149
1605605908000,56,154
1605606208000,56,170
1605606508000,62,135
1605606808000,58,146
1605607108000,64,92
1605607408000,64,92
1605607708000,65,97
1605608008000,59,150
1605608308000,56,171
1605608608000,55,179
1605608908000,56,201
1605609208000,56,186
1605609508000,57,184
1605609808000,67,145
1605610108000,57,142
1605610408000,52,140
1605610708000,55,147
1605611008000,58,148
1605611308000,58,131
1605611608000,54,138
1605611908000,52,136
1605612208000,54,148
1605612508000,53,189
1605612808000,53,194
1605613108000,0,0
1605613408000,52,142
1605613708000,61,112
1605614008000,63,118
1605614308000,60,138
1605614608000,67,83
1605614908000,65,79
1605615208000,63,105
1605615508000,57,190
1605615808000,0,0
1605616108000,49,193
1605616408000,48,174
1605616708000,47,170
1605617008000,48,169
1605617308000,48,181
1605617608000,49,203
1605617908000,50,197
1605618208000,52,157
1605618508000,48,152
1605618808000,47,162
1605619108000,48,165
1605619408000,68,125
1605619708000,0,0
1605620008000,52,134
1605620308000,62,107
1605620608000,61,121
1605620908000,0,0
1605688381000,0,0
1605688681000,52,149
1605688981000,52,123
1605689281000,52,116
1605689581000,51,115
1605689881000,53,117
1605690181000,54,130
1605690481000,55,139
1605690781000,56,147
1605691081000,57,136
1605691381000,58,138
1605691681000,56,133
1605691981000,58,143
1605692281000,62,142
1605692581000,65,87
1605692881000,63,119
1605693181000,60,143
1605693481000,61,125
1605693781000,57,139
1605694081000,58,158
1605694381000,58,164
1605694681000,59,158
1605694981000,0,0
1605695281000,0,0
1605695581000,0,0
1605695881000,0,0
1605696181000,0,0
1605696481000,0,0
1605696781000,56,140
1605697081000,55,140
1605697381000,58,138
1605697681000,57,142
1605697981000,57,150
1605698281000,58,133
1605698581000,64,100
1605698881000,62,98
1605699181000,64,119
1605699481000,62,119
1605699781000,63,107
1605700081000,62,115
1605700381000,60,136
1605700681000,55,176
1605700981000,53,160
1605701281000,53,156
1605701581000,53,181
1605701881000,55,158
1605702181000,52,127
1605702481000,52,125
1605702781000,52,121
1605703081000,58,149
1605703381000,53,163
1605703681000,53,168
1605703981000,53,180
1605704281000,54,182
1605704581000,57,128
1605704881000,59,120
1605705181000,56,144
1605705481000,54,157
1605705781000,55,200
1605706081000,72,124
1605706381000,0,0
1605706681000,0,0
1605706981000,54,137
1605707281000,0,0
1605707581000,51,164
1605707881000,50,163
1605708181000,50,184
1605708481000,52,142
1605708781000,49,127
1605709081000,49,140
1605709381000,49,147
1605709681000,48,128
1605709981000,51,123
1605710281000,58,142
1605710581000,51,177
1605710881000,56,167
1605711181000,54,174
1605711481000,58,170
1605711781000,53,189
1605712081000,50,157
1605712381000,53,169
1605712681000,51,152
1605712981000,50,147
1605713281000,50,142
1605713581000,54,127
1605713881000,50,148
1605714181000,48,157
1605714481000,0,0
1605774541000,0,0
1605774841000,59,163
1605775141000,54,156
1605775441000,54,169
1605775741000,53,163
1605776041000,55,169
1605776341000,55,183
1605776641000,54,184
1605776941000,56,185
1605777241000,56,201
1605777541000,54,169
1605777841000,57,153
1605778141000,57,170
1605778441000,57,187
1605778741000,54,200
1605779041000,52,188
1605779341000,55,170
1605779641000,51,151
1605779941000,50,178
1605780241000,51,184
1605780541000,51,210
1605780841000,51,192
1605781141000,53,201
1605781441000,53,162
1605781741000,51,174
1605782041000,50,185
1605782341000,50,178
1605782641000,49,189
1605782941000,51,191
1605783241000,52,179
1605783541000,54,158
1605783841000,59,133
1605784141000,55,154
1605784441000,54,172
1605784741000,54,183
1605785041000,55,191
1605785341000,0,0
1605785641000,49,212
1605785941000,49,225
1605786241000,48,186
1605786541000,49,190
1605786841000,49,178
1605787141000,55,184
1605787441000,51,183
1605787741000,51,217
1605788041000,48,170
1605788341000,49,185
1605788641000,50,192
1605788941000,53,179
1605789241000,53,177
1605789541000,55,166
1605789841000,57,163
1605790141000,53,218
1605790441000,53,195
1605790741000,51,222
1605791041000,50,226
1605791341000,50,205
1605791641000,48,188
1605791941000,48,174
1605792241000,49,172
1605792541000,48,180
1605792841000,48,180
1605793141000,49,189
1605793441000,48,177
1605793741000,47,170
1605794041000,49,175
1605794341000,49,139
1605794641000,50,162
1605794941000,61,153
1605795241000,60,123
1605795541000,65,98
1605795841000,52,164
1605796141000,54,189
1605796441000,51,200
1605796741000,52,175
1605797041000,50,188
1605797341000,49,176
1605797641000,48,176
1605797941000,50,182
1605798241000,51,164
1605798541000,50,178
1605798841000,55,172
1605799141000,0,0
1605799441000,51,227
1605799741000,53,226
1605800041000,49,174
1605800341000,51,181
1605800641000,51,188
1605800941000,0,0
1605801241000,54,164
1605801541000,53,164
1605801841000,55,170
1605802141000,56,144
1605802441000,59,141
1605802741000,56,159
1605803041000,55,155
1605803341000,53,171
1605803641000,53,165
1605803941000,52,166
1605804241000,52,171
1605804541000,53,171
1605804841000,52,174
1605805141000,0,0
1605805441000,52,172
1605805741000,51,175
1605806041000,52,179
1605806341000,0,0
1605806641000,54,171
1605806941000,0,0
1605807241000,0,0
1605807541000,49,144
1605807841000,50,132
1605808141000,51,142
1605808441000,49,128
1605808741000,50,146
1605809041000,73,97
1605809341000,51,156
1605809641000,52,152
1605809941000,52,139
1605810241000,52,156
1605810541000,56,140
1605866672000,0,0
1605866972000,50,148
1605867272000,50,121
1605867572000,51,128
1605867872000,51,128
1605868172000,50,127
1605868472000,51,133
1605868772000,52,162
1605869072000,52,163
1605869372000,53,161
1605869672000,54,163
1605869972000,50,163
1605870272000,54,150
1605870572000,63,90
1605870872000,62,112
1605871172000,60,130
1605871472000,59,126
1605871772000,57,138
1605872072000,51,150
1605872372000,50,145
1605872672000,50,148
1605872972000,50,145
1605873272000,50,152
1605873572000,50,142
1605873872000,49,145
1605874172000,49,172
1605874472000,49,135
1605874772000,48,146
1605875072000,48,144
1605875372000,48,161
1605875672000,50,149
1605875972000,52,175
1605876272000,49,155
1605876572000,65,72
1605876872000,56,133
1605877172000,60,135
1605877472000,57,145
1605877772000,58,148
1605878072000,52,182
1605878372000,51,211
1605878672000,49,194
1605878972000,49,164
1605879272000,48,156
1605879572000,47,172
1605879872000,47,149
1605880172000,48,153
1605880472000,47,152
1605880772000,48,163
1605881072000,50,177
1605881372000,48,181
1605881672000,52,189
1605881972000,46,149
1605882272000,49,183
1605882572000,57,159
1605882872000,50,179
1605883172000,48,165
1605883472000,49,194
1605883772000,48,200
1605884072000,49,201
1605884372000,48,188
1605884672000,48,196
1605884972000,50,184
1605885272000,51,172
1605885572000,58,160
1605885872000,0,0
1605886172000,48,131
1605886472000,53,157
1605886772000,52,136
1605887072000,53,147
1605887372000,55,155
1605887672000,0,0
1605887972000,50,129
1605888272000,54,134
1605888572000,0,0
1605888872000,0,0
1605889172000,49,121
1605889472000,53,157
1605889772000,0,0
1605890072000,49,126
1605890372000,48,119
1605890672000,48,138
1605890972000,49,162
1605891272000,49,179
1605891572000,0,0
1605891872000,48,143
1605892172000,49,137
1605892472000,61,113
1605892772000,58,114
1605893072000,57,132
1605893372000,0,0
1605950022000,62,104
1605950322000,0,0
1605950622000,57,146
1605950922000,54,154
1605951222000,54,169
1605951522000,53,135
1605951822000,53,127
1605952122000,54,121
1605952422000,55,127
1605952722000,55,132
1605953022000,55,140
1605953322000,55,149
1605953622000,59,140
1605953922000,0,0
1605954222000,60,120
1605954522000,63,94
1605954822000,63,90
1605955122000,61,126
1605955422000,56,162
1605955722000,54,162
1605956022000,54,172
1605956322000,53,164
1605956622000,55,156
1605956922000,54,160
1605957222000,57,163
1605957522000,54,164
1605957822000,53,170
1605958122000,55,158
1605958422000,54,163
1605958722000,53,143
1605959022000,54,147
1605959322000,60,130
1605959622000,59,160
1605959922000,56,159
1605960222000,55,145
1605960522000,55,152
1605960822000,52,179
1605961122000,51,202
1605961422000,51,191
1605961722000,50,214
1605962022000,50,218
1605962322000,51,218
1605962622000,52,212
1605962922000,56,186
1605963222000,51,164
1605963522000,50,166
1605963822000,50,163
1605964122000,52,163
1605964422000,56,154
1605964722000,57,164
1605965022000,60,149
1605965322000,60,117
1605965622000,0,0
1605965922000,52,172
1605966222000,53,201
1605966522000,53,196
1605966822000,52,231
1605967122000,50,208
1605967422000,53,195
1605967722000,51,226
1605968022000,50,223
1605968322000,51,198
1605968622000,51,213
1605968922000,53,177
1605969222000,50,156
1605969522000,49,171
1605969822000,48,186
1605970122000,49,201
1605970422000,0,0
1605970722000,52,182
1605971022000,64,109
1605971322000,62,147
1605971622000,0,0
1605971922000,53,187
1605972222000,52,181
1605972522000,52,184
1605972822000,54,181
1605973122000,51,226
1605973422000,51,219
1605973722000,49,207
1605974022000,51,211
1605974322000,51,206
1605974622000,50,200
1605974922000,52,181
1605975222000,49,155
1605975522000,49,165
1605975822000,49,163
1605976122000,48,157
1605976422000,53,164
1605976722000,52,160
1605977022000,53,186
1605977322000,57,154
1605977622000,52,175
1605977922000,0,0
1605978222000,56,171
1605978522000,50,219
1605978822000,48,204
1605979122000,0,0
1605979422000,0,0
1605979722000,51,209
1605980022000,49,163
1605980322000,54,155
1605980622000,0,0
1605980922000,51,175
1605981222000,51,177
1605981522000,54,143
1605981822000,50,154
1605982122000,51,157
1605982422000,51,164
1605982722000,53,158
1605983022000,54,145
1605983322000,59,138
1605983622000,59,158
1605983922000,0,0
1605984222000,0,0
1605984522000,0,0
1605984822000,53,150
1605985122000,52,150
1605985422000,0,0
1605985722000,51,142
1605986022000,50,137
1605986322000,49,138
1605986622000,50,155
1605986922000,51,162
1605987222000,50,151
1605987522000,52,170
1605987822000,56,108
1605988122000,0,0
1605988422000,64,113
1606043731000,0,0
1606044031000,54,136
1606044331000,53,122
1606044631000,52,114
1606044931000,53,117
1606045231000,52,126
1606045531000,53,122
1606045831000,54,125
1606046131000,54,123
1606046431000,55,130
1606046731000,62,113
1606047031000,60,121
1606047331000,55,135
1606047631000,54,153
1606047931000,55,155
1606048231000,55,155
1606048531000,58,138
1606048831000,60,117
1606049131000,58,124
1606049431000,55,128
1606049731000,56,138
1606050031000,55,152
1606050331000,53,133
1606050631000,55,148
1606050931000,52,179
1606051231000,52,177
1606051531000,55,183
1606051831000,50,129
1606052131000,50,142
1606052431000,51,129
1606052731000,51,131
1606053031000,62,128
1606053331000,52,179
1606053631000,57,130
1606053931000,50,125
1606054231000,56,120
1606054531000,50,160
1606054831000,53,168
1606055131000,53,181
1606055431000,55,145
1606055731000,60,111
1606056031000,52,151
1606056331000,52,158
1606056631000,50,160
1606056931000,51,158
1606057231000,52,175
1606057531000,51,183
1606057831000,51,154
1606058131000,51,155
1606058431000,52,147
1606058731000,57,137
1606059031000,52,148
1606059331000,52,137
1606059631000,53,152
1606059931000,50,144
1606060231000,50,140
1606060531000,49,130
1606060831000,52,128
1606061131000,52,145
1606061431000,56,169
1606061731000,54,147
1606062031000,53,168
1606062331000,56,168
1606062631000,56,168
1606062931000,56,162
1606063231000,50,173
1606063531000,49,174
1606063831000,49,164
1606064131000,49,184
1606064431000,49,172
1606064731000,50,162
1606065031000,49,140
1606065331000,50,159
1606065631000,50,159
1606065931000,49,142
1606066231000,52,129
1606066531000,57,114
1606066831000,50,195
1606067131000,53,176
1606067431000,56,167
1606067731000,51,191
1606068031000,52,167
1606068331000,52,170
1606068631000,51,180
1606068931000,50,199
1606069231000,50,205
1606069531000,52,202
1606069831000,49,172
1606070131000,0,0
1606070431000,57,140
1606070731000,54,144
1606071031000,52,134
1606071331000,53,132
1606071631000,58,125
1606071931000,51,142
1606072231000,49,150
1606072531000,49,162
1606072831000,50,172
1606073131000,0,0
1606073431000,54,127
1606073731000,51,123
1606074031000,51,142
1606074331000,52,130
1606074631000,53,140
1606074931000,52,122
1606075231000,65,104
1606075531000,51,133
1606075831000,49,151
1606076131000,50,140
1606076431000,51,124
1606076731000,51,135
1606077031000,52,130
1606077331000,54,141
1606077631000,54,135
1606077931000,60,125
1606078231000,68,104
1606132741000,0,0
1606133041000,55,153
1606133341000,53,138
1606133641000,52,142
1606133941000,52,135
1606134241000,52,137
1606134541000,53,128
1606134841000,53,135
1606135141000,52,124
1606135441000,52,123
1606135741000,51,122
1606136041000,52,111
1606136341000,52,112
1606136641000,52,122
1606136941000,54,145
1606137241000,55,146
1606137541000,59,134
1606137841000,60,116
1606138141000,58,141
1606138441000,54,156
1606138741000,54,161
1606139041000,55,166
1606139341000,55,164
1606139641000,56,178
1606139941000,54,165
1606140241000,51,134
1606140541000,50,114
1606140841000,50,133
1606141141000,50,139
1606141441000,51,142
1606141741000,54,134
1606142041000,55,147
1606142341000,64,91
1606142641000,60,149
1606142941000,55,146
1606143241000,53,153
1606143541000,50,148
1606143841000,49,162
1606144141000,49,155
1606144441000,48,168
1606144741000,49,157
1606145041000,49,169
1606145341000,50,159
1606145641000,52,148
1606145941000,50,143
1606146241000,49,148
1606146541000,49,149
1606146841000,50,142
1606147141000,56,126
1606147441000,56,138
1606147741000,55,148
1606148041000,60,127
1606148341000,57,152
1606148641000,55,166
1606148941000,52,164
1606149241000,53,164
1606149541000,50,148
1606149841000,50,151
1606205040000,0,0
1606205340000,0,0
1606205640000,57,108
1606205940000,55,119
1606206240000,56,131
1606206540000,57,131
1606206840000,56,124
1606207140000,54,127
1606207440000,55,120
1606207740000,55,121
1606208040000,54,133
1606208340000,53,132
1606208640000,55,138
1606208940000,53,140
1606209240000,56,148
1606209540000,0,0
1606209840000,61,153
1606210140000,53,160
1606210440000,52,174
1606210740000,50,136
1606211040000,50,157
1606211340000,52,161
1606211640000,52,185
1606211940000,54,165
1606212240000,51,153
1606212540000,51,178
1606212840000,51,167
1606213140000,52,161
1606213440000,51,157
1606213740000,48,134
1606214040000,52,161
1606214340000,50,171
1606214640000,56,155
1606214940000,52,190
1606215240000,54,169
1606215540000,49,164
1606215840000,48,167
1606216140000,48,193
1606216440000,48,185
1606216740000,49,185
1606217040000,48,173
1606217340000,49,182
1606217640000,50,198
1606217940000,50,217
1606218240000,49,226
1606218540000,0,0
1606218840000,49,163
1606219140000,50,140
1606219440000,50,184
1606219740000,50,199
1606220040000,49,203
1606220340000,50,200
1606220640000,0,0
1606220940000,50,150
1606221240000,52,163
1606221540000,0,0
1606221840000,54,190
1606222140000,0,0
1606222440000,53,197
1606222740000,54,181
1606223040000,53,217
1606223340000,53,213
1606223640000,54,209
1606223940000,51,144
1606224240000,67,97
1606224540000,0,0
1606224840000,0,0
1606225140000,55,135
1606225440000,61,117
1606225740000,0,0
1606226040000,53,129
1606226340000,51,131
1606226640000,51,137
1606226940000,51,143
1606227240000,0,0
1606227540000,53,166
1606227840000,50,172
1606228140000,50,203
1606228440000,57,158
1606228740000,61,145
1606388040000,0,0
1606388340000,58,144
1606388640000,55,175
1606388940000,53,153
1606389240000,53,152
1606389540000,54,155
1606389840000,54,146
1606390140000,55,148
1606390440000,54,133
1606390740000,54,159
1606391040000,52,138
1606391340000,53,152
1606391640000,0,0
1606391940000,0,0
1606392240000,56,151
1606392540000,59,127
1606392840000,59,141
1606393140000,57,141
1606393440000,54,148
1606393740000,52,150
1606394040000,53,151
1606394340000,52,144
1606394640000,55,172
1606394940000,52,171
1606395240000,50,158
1606395540000,52,165
1606395840000,51,155
1606396140000,51,148
1606396440000,50,138
1606396740000,50,158
1606397040000,51,151
1606397340000,51,158
1606397640000,54,160
1606397940000,60,132
1606398240000,59,159
1606398540000,59,150
1606398840000,57,181
1606399140000,60,165
1606399440000,61,130
1606399740000,58,164
1606400040000,59,163
1606400340000,51,186
1606400640000,50,174
1606400940000,48,180
1606401240000,48,159
1606401540000,46,138
1606401840000,48,134
1606402140000,47,167
1606402440000,48,171
1606402740000,49,170
1606403040000,51,151
1606403340000,49,200
1606403640000,54,176
1606403940000,0,0
1606404240000,54,202
1606404540000,61,153
1606404840000,0,0
1606405140000,55,194
1606405440000,53,210
1606405740000,56,172
1606406040000,50,204
1606406340000,49,205
1606406640000,51,244
1606406940000,49,207
1606407240000,50,211
1606407540000,50,176
1606407840000,49,193
1606408140000,49,169
1606408440000,0,0
1606408740000,56,193
1606409040000,0,0
1606409340000,61,139
1606409640000,0,0
1606409940000,0,0
1606410240000,0,0
1606410540000,60,145
1606410840000,0,0
1606411140000,0,0
1606411440000,50,196
1606411740000,49,200
1606412040000,48,195
1606412340000,48,147
1606412640000,47,143
1606412940000,48,140
1606413240000,0,0
1606413540000,0,0
1606413840000,0,0
1606414140000,0,0
1606414440000,0,0
1606414740000,0,0
1606415040000,49,109
1606415340000,47,88
1606415640000,49,136
1606415940000,50,128
1606416240000,55,151
1606416540000,54,132
1606416840000,52,155
1606417140000,52,164
1606417440000,64,111
1606417740000,0,0
1606418040000,49,162
1606418340000,49,162
1606418640000,50,176
1606418940000,49,157
1606419240000,50,178
1606419540000,50,166
1606419840000,0,0
1606420140000,48,100
1606420440000,52,102
1606420740000,54,140
1606421040000,68,100
1606421340000,64,118
1606421640000,73,88
1606421940000,70,106
1606422240000,65,121
1606422540000,64,126
1606422840000,0,0
1606474740000,54,166
1606475040000,54,176
1606475340000,53,166
1606475640000,53,159
1606475940000,54,147
1606476240000,53,136
1606476540000,51,131
1606476840000,51,125
1606477140000,52,123
1606477440000,54,130
1606477740000,53,172
1606478040000,55,166
1606478340000,60,131
1606478640000,59,142
1606478940000,59,148
1606479240000,58,175
1606479540000,52,180
1606479840000,50,149
1606480140000,49,149
1606480440000,50,149
1606480740000,51,138
1606481040000,50,166
1606481340000,48,170
1606481640000,50,142
1606481940000,49,146
1606482240000,50,143
1606482540000,48,146
1606482840000,48,138
1606483140000,46,147
1606483440000,48,159
1606483740000,47,149
1606484040000,49,146
1606484340000,53,110
1606484640000,55,118
1606484940000,54,181
1606485240000,55,170
1606485540000,54,186
1606485840000,50,221
1606486140000,51,213
1606486440000,51,214
1606486740000,51,228
1606487040000,52,165
1606487340000,49,163
1606487640000,49,158
1606487940000,49,169
1606488240000,49,157
1606488540000,49,163
1606488840000,50,143
1606489140000,52,144
1606489440000,52,160
1606489740000,54,145
1606490040000,56,138
1606490340000,52,156
1606490640000,52,164
1606490940000,51,168
1606491240000,51,166
1606491540000,51,163
1606491840000,50,139
1606492140000,50,150
1606492440000,50,155
1606492740000,50,156
1606493040000,51,173
1606493340000,50,186
1606493640000,50,177
1606493940000,51,166
1606494240000,52,166
1606494540000,55,142
1606494840000,54,151
1606495140000,0,0
1606495440000,49,177
1606495740000,56,149
1606496040000,52,182
1606496340000,0,0
1606496640000,51,198
1606496940000,53,178
1606497240000,53,166
1606497540000,51,173
1606497840000,52,159
1606498140000,52,163
1606498440000,49,147
1606498740000,56,120
1606499040000,49,140
1606499340000,49,148
1606499640000,50,159
1606499940000,49,133
1606500240000,49,144
1606500540000,53,134
1606500840000,49,135
1606501140000,49,118
1606501440000,0,0
1606501740000,0,0
1606502040000,55,160
1606502340000,57,166
1606502640000,59,135
1606502940000,0,0
1606503240000,0,0
1606503540000,51,163
1606503840000,52,154
1606504140000,51,157
1606504440000,50,138
1606504740000,51,149
1606505040000,52,155
1606505340000,50,147
1606505640000,50,135
1606505940000,60,123
1606506240000,59,123
1606506540000,52,129
1606506840000,54,126
1606507140000,0,0
1606507440000,58,114
1606507740000,59,102
1606508040000,67,95
1606508340000,0,0
1606561199000,0,0
1606561499000,54,149
1606561799000,53,140
1606562099000,53,161
1606562399000,54,158
1606562699000,54,170
1606562999000,52,144
1606563299000,53,164
1606563599000,52,162
1606563899000,52,167
1606564199000,53,166
1606564499000,52,173
1606564799000,53,183
1606565099000,53,180
1606565399000,52,178
1606565699000,48,156
1606565999000,49,147
1606566299000,48,154
1606566599000,48,159
1606566899000,50,188
1606567199000,49,158
1606567499000,49,151
1606567799000,56,158
1606568099000,48,176
1606568399000,47,191
1606568699000,47,200
1606568999000,47,173
1606569299000,47,160
1606569599000,47,180
1606569899000,48,156
1606570199000,52,162
1606570499000,52,203
1606570799000,55,186
1606571099000,50,189
1606571399000,52,215
1606571699000,52,193
1606571999000,50,213
1606572299000,51,209
1606572599000,47,200
1606572899000,46,172
1606573199000,46,172
1606573499000,46,188
1606573799000,45,172
1606574099000,46,172
1606574399000,47,191
1606574699000,45,204
1606574999000,51,202
1606575299000,47,196
1606575599000,46,202
1606575899000,47,225
1606576199000,45,211
1606576499000,46,210
1606576799000,47,215
1606577099000,50,163
1606577399000,49,167
1606577699000,49,176
1606577999000,48,189
1606578299000,49,197
1606578599000,49,189
1606578899000,49,167
1606579199000,49,211
1606579499000,48,254
1606579799000,49,200
1606580099000,49,220
1606580399000,49,232
1606580699000,49,225
1606580999000,73,111
1606581299000,79,70
1606581599000,0,0
1606581899000,50,128
1606582199000,54,112
1606582499000,64,133
1606582799000,65,119
1606647030000,0,0
1606647330000,48,188
1606647630000,48,237
1606647930000,49,216
1606648230000,49,224
1606648530000,50,227
1606648830000,52,236
1606649130000,50,234
1606649430000,51,255
1606649730000,50,244
1606650030000,49,250
1606650330000,60,146
1606650630000,60,163
1606650930000,57,169
1606651230000,47,175
1606651530000,47,170
1606651830000,47,178
1606652130000,47,169
1606652430000,48,175
1606652730000,48,174
1606653030000,49,174
1606653330000,50,175
1606653630000,49,175
1606653930000,48,181
1606654230000,51,162
1606654530000,50,149
1606654830000,54,146
1606655130000,57,133
1606655430000,53,176
1606655730000,53,207
1606656030000,51,214
1606656330000,51,220
1606656630000,49,238
1606656930000,50,222
1606657230000,51,229
1606657530000,53,177
1606657830000,51,193
1606658130000,51,186
1606658430000,52,195
1606658730000,55,160
1606659030000,49,159
1606659330000,48,185
1606659630000,48,175
1606659930000,48,192
1606660230000,50,193
1606660530000,52,178
1606660830000,54,136
1606661130000,57,130
1606661430000,52,163
1606661730000,57,201
1606662030000,0,0
1606662330000,52,197
1606662630000,51,196
1606662930000,52,202
1606663230000,51,218
1606663530000,48,206
1606663830000,50,242
1606664130000,51,215
1606664430000,50,233
1606664730000,50,219
1606665030000,50,206
1606665330000,52,204
1606665630000,51,216
1606665930000,52,224
1606666230000,56,141
1606666530000,54,153
1606666830000,55,196
1606667130000,53,194
1606667430000,56,186
1606667730000,57,179
1606668030000,56,195
1606668330000,56,186
1606668630000,51,185
1606668930000,50,191
1606669230000,52,184
1606669530000,52,180
1606669830000,52,200
1606670130000,49,177
1606670430000,50,203
1606670730000,49,184
1606671030000,53,182
1606671330000,49,158
1606671630000,50,172
1606671930000,51,162
1606672230000,52,168
1606672530000,56,158
1606672830000,55,187
1606673130000,61,132
1606673430000,54,208
1606673730000,54,193
1606674030000,52,174
1606674330000,53,204
1606674630000,51,205
1606674930000,51,212
1606675230000,48,191
1606675530000,49,179
1606675830000,49,187
1606676130000,49,211
1606676430000,50,198
1606676730000,51,177
1606677030000,53,164
1606677330000,56,126
1606677630000,51,155
1606677930000,54,153
1606678230000,53,150
1606678530000,54,183
1606678830000,53,160
1606679130000,58,128
1606679430000,54,177
1606679730000,51,166
1606680030000,57,170
1606680330000,49,187
1606680630000,48,151
1606680930000,0,0
1606681230000,59,160
1606733911000,0,0
1606734211000,50,127
1606734511000,50,117
1606734811000,52,137
1606735111000,50,138
1606735411000,50,108
1606735711000,51,106
1606736011000,51,115
1606736311000,51,121
1606736611000,51,121
1606736911000,52,123
1606737211000,52,125
1606737511000,55,125
1606737811000,55,130
1606738111000,56,118
1606738411000,56,165
1606738711000,51,163
1606739011000,54,152
1606739311000,52,163
1606739611000,52,168
1606739911000,52,176
1606740211000,54,171
1606740511000,54,169
1606740811000,56,152
1606741111000,56,113
1606741411000,50,112
1606741711000,51,117
1606742011000,0,0
1606742311000,49,137
1606742611000,55,128
1606742911000,61,103
1606743211000,54,169
1606743511000,55,192
1606743811000,56,182
1606744111000,52,214
1606744411000,52,213
1606744711000,52,199
1606745011000,53,188
1606745311000,54,150
1606745611000,52,148
1606745911000,51,126
1606746211000,51,131
1606746511000,51,133
1606746811000,51,138
1606747111000,54,166
1606747411000,50,202
1606747711000,51,207
1606748011000,52,212
1606748311000,53,209
1606748611000,52,212
1606748911000,52,191
1606749211000,52,174
1606749511000,56,133
1606749811000,60,110
1606750111000,56,146
1606750411000,54,174
1606750711000,55,176
1606751011000,58,149
1606751311000,59,139
1606751611000,0,0
1606751911000,54,195
1606752211000,55,178
1606752511000,56,175
1606752811000,56,185
1606753111000,57,177
1606753411000,53,177
1606753711000,53,170
1606754011000,53,163
1606754311000,52,140
1606754611000,53,134
1606754911000,53,110
1606755211000,56,149
1606755511000,58,116
1606755811000,56,133
1606756111000,57,145
1606756411000,59,126
1606756711000,57,166
1606757011000,56,177
1606757311000,51,149
1606757611000,0,0
1606810591000,63,105
1606810891000,62,125
1606811191000,66,110
1606811491000,65,106
1606811791000,0,0
1606812091000,0,0
1606812391000,0,0
1606812691000,55,117
1606812991000,54,126
1606813291000,53,124
1606813591000,54,116
1606813891000,54,110
1606814191000,54,113
1606814491000,55,127
1606814791000,56,132
1606815091000,57,122
1606815391000,65,91
1606815691000,53,121
1606815991000,56,122
1606816291000,53,122
1606816591000,55,125
1606816891000,54,132
1606817191000,55,135
1606817491000,54,144
1606817791000,54,134
1606818091000,58,109
1606818391000,63,104
1606818691000,58,146
1606818991000,51,123
1606819291000,52,107
1606819591000,51,119
1606819891000,54,139
1606820191000,52,125
1606820491000,53,122
1606820791000,56,117
1606821091000,56,139
1606821391000,53,151
1606821691000,52,177
1606821991000,52,175
1606822291000,53,173
1606822591000,0,0
1606822891000,55,121
1606823191000,52,107
1606823491000,54,126
1606823791000,54,135
1606824091000,55,126
1606824391000,56,109
1606824691000,56,103
1606824991000,57,118
1606825291000,52,181
1606825591000,54,185
1606825891000,53,187
1606826191000,53,164
1606826491000,52,159
1606826791000,52,147
1606827091000,52,149
1606827391000,57,114
1606827691000,51,131
1606827991000,51,140
1606828291000,50,161
1606828591000,51,162
1606828891000,66,108
1606829191000,67,99
1606829491000,54,116
1606829791000,51,134
1606830091000,64,86
1606830391000,67,81
1606894584000,0,0
1606894884000,56,137
1606895184000,55,130
1606895484000,56,113
1606895784000,55,118
1606896084000,56,129
1606896384000,56,126
1606896684000,56,113
1606896984000,55,112
1606897284000,55,116
1606897584000,55,123
1606897884000,55,141
1606898184000,55,159
1606898484000,55,171
1606898784000,62,107
1606899084000,66,57
1606899384000,62,107
1606899684000,58,139
1606899984000,55,134
1606900284000,53,116
1606900584000,53,129
1606900884000,52,133
1606901184000,53,136
1606901484000,52,139
1606901784000,56,116
1606902084000,50,136
1606902384000,50,127
1606902684000,51,128
1606902984000,52,130
1606903284000,52,124
1606903584000,51,133
1606903884000,57,124
1606904184000,55,156
1606904484000,57,155
1606904784000,54,164
1606905084000,54,185
1606905384000,51,210
1606905684000,50,198
1606905984000,50,185
1606906284000,50,190
1606906584000,51,174
1606906884000,52,168
1606907184000,49,172
1606907484000,49,143
1606907784000,49,143
1606908084000,51,164
1606908384000,50,161
1606908684000,54,149
1606908984000,53,183
1606909284000,53,175
1606909584000,50,186
1606909884000,49,206
1606910184000,48,197
1606910484000,48,206
1606910784000,48,186
1606911084000,47,165
1606911384000,47,146
1606911684000,48,153
1606911984000,49,145
1606912284000,49,146
1606912584000,49,145
1606912884000,62,122
1606913184000,50,178
1606913484000,51,174
1606913784000,56,159
1606914084000,54,186
1606914384000,53,188
1606914684000,54,178
1606914984000,50,192
1606915284000,50,175
1606915584000,50,185
1606915884000,49,180
1606916184000,51,176
1606916484000,54,158
1606916784000,49,138
1606917084000,49,146
1606917384000,49,144
1606917684000,51,137
1606917984000,49,159
1606918284000,52,139
1606918584000,55,176
1606918884000,54,167
1606919184000,57,156
1606919484000,62,113
1606919784000,55,164
1606920084000,51,174
1606920384000,50,167
1606920684000,52,167
1606920984000,52,172
1606921284000,52,178
1606921584000,52,175
1606921884000,52,174
1606922184000,52,162
1606922484000,53,168
1606922784000,54,160
1606923084000,58,163
1606923384000,52,175
1606923684000,52,179
1606923984000,53,173
1606924284000,54,165
1606924584000,54,175
1606924884000,55,144
1606925184000,54,166
1606925484000,54,161
1606925784000,52,147
1606926084000,55,148
1606926384000,53,148
1606926684000,55,158
1606926984000,55,160
1606927284000,52,167
1606927584000,50,158
1606927884000,52,162
1606928184000,47,125
1606928484000,48,145
1606928784000,50,144
1606929084000,50,146
1606929384000,52,152
1606929684000,51,155
1606929984000,53,149
1606930284000,68,117
1606930584000,0,0
1606930884000,50,136
1606931184000,52,151
1606931484000,52,142
1606931784000,54,153
1606932084000,56,163
1606932384000,56,144
1606932684000,53,166
1606932984000,54,160
1606933284000,51,168
1606933584000,52,162
1606933884000,52,152
1606934184000,53,147
1606934484000,52,142
1606934784000,53,140
1606935084000,70,108
1606988490000,0,0
1606988790000,62,111
1606989090000,60,128
1606989390000,60,139
1606989690000,60,157
1606989990000,60,145
1606990290000,60,141
1606990590000,60,144
1606990890000,54,137
1606991190000,57,120
1606991490000,53,128
1606991790000,56,130
1606992090000,61,123
1606992390000,63,111
1606992690000,62,113
1606992990000,58,165
1606993290000,57,174
1606993590000,55,165
1606993890000,55,159
1606994190000,56,154
1606994490000,57,163
1606994790000,58,147
1606995090000,53,130
1606995390000,54,120
1606995690000,54,118
1606995990000,53,150
1606996290000,56,135
1606996590000,57,126
1606996890000,55,164
1606997190000,62,109
1606997490000,60,143
1606997790000,63,108
1606998090000,62,137
1606998390000,56,156
1606998690000,55,138
1606998990000,53,159
1606999290000,55,150
1606999590000,53,130
1606999890000,54,115
1607000190000,55,117
1607000490000,60,135
1607000790000,57,168
1607001090000,59,151
1607001390000,59,148
1607001690000,58,157
1607001990000,65,117
1607002290000,54,139
1607002590000,53,133
1607002890000,55,148
1607003190000,53,151
1607003490000,54,144
1607003790000,52,154
1607004090000,55,153
1607004390000,55,151
1607004690000,58,136
1607004990000,57,171
1607005290000,54,183
1607005590000,50,214
1607005890000,56,178
1607006190000,54,181
1607006490000,50,175
1607006790000,52,182
1607007090000,51,162
1607007390000,50,181
1607007690000,49,172
1607007990000,50,169
1607008290000,49,171
1607008590000,49,172
1607008890000,49,182
1607009190000,51,187
1607009490000,58,149
1607009790000,52,175
1607010090000,51,178
1607010390000,50,192
1607010690000,54,180
1607010990000,52,177
1607011290000,49,162
1607011590000,52,201
1607011890000,52,161
1607012190000,49,150
1607012490000,53,173
1607012790000,52,189
1607013090000,50,169
1607013390000,53,179
1607013690000,53,180
1607013990000,50,212
1607014290000,50,200
1607014590000,52,198
1607014890000,48,162
1607015190000,49,166
1607015490000,50,167
1607015790000,51,166
1607016090000,0,0
1607016390000,51,144
1607016690000,0,0
1607016990000,0,0
1607017290000,0,0
1607017590000,52,167
1607017890000,51,161
1607018190000,0,0
1607073691000,0,0
1607073991000,56,124
1607074291000,57,137
1607074591000,58,125
1607074891000,58,115
1607075191000,58,118
1607075491000,59,126
1607075791000,58,112
1607076091000,58,110
1607076391000,58,111
1607076691000,59,117
1607076991000,57,133
1607077291000,60,124
1607077591000,62,115
1607077891000,63,102
1607078191000,63,105
1607078491000,59,124
1607078791000,54,127
1607079091000,56,135
1607079391000,0,0
1607079691000,53,114
1607079991000,54,116
1607080291000,55,118
1607080591000,55,123
1607080891000,55,124
1607081191000,55,120
1607081491000,57,121
1607081791000,58,146
1607082091000,56,169
1607082391000,62,131
1607082691000,56,133
1607082991000,62,104
1607083291000,59,135
1607083591000,57,138
1607083891000,58,133
1607084191000,55,123
1607084491000,54,146
1607084791000,51,202
1607085091000,52,209
1607085391000,52,188
1607085691000,55,170
1607085991000,52,166
1607086291000,53,166
1607086591000,50,137
1607086891000,49,155
1607087191000,51,155
1607087491000,51,159
1607087791000,51,159
1607088091000,51,154
1607088391000,58,149
1607088691000,51,176
1607088991000,52,199
1607089291000,54,189
1607089591000,53,169
1607089891000,53,147
1607090191000,54,154
1607090491000,54,137
1607090791000,52,172
1607091091000,54,168
1607091391000,53,184
1607091691000,55,162
1607091991000,52,191
1607092291000,51,220
1607092591000,51,212
1607092891000,51,219
1607093191000,52,207
1607093491000,52,206
1607093791000,52,189
1607094091000,50,191
1607094391000,51,194
1607094691000,50,186
1607094991000,51,156
1607095291000,51,162
1607095591000,52,158
1607095891000,57,150
1607096191000,53,131
1607096491000,55,176
1607096791000,54,169
1607097091000,51,184
1607097391000,54,167
1607097691000,71,88
1607166691000,0,0
1607166991000,55,121
1607167291000,53,122
1607167591000,54,108
1607167891000,55,111
1607168191000,55,122
1607168491000,55,106
1607168791000,55,113
1607169091000,55,120
1607169391000,54,131
1607169691000,57,134
1607169991000,61,98
1607170291000,60,130
1607170591000,57,150
1607170891000,56,142
1607171191000,56,146
1607171491000,59,137
1607171791000,53,131
1607172091000,54,133
1607172391000,52,131
1607172691000,53,139
1607172991000,53,135
1607173291000,53,132
1607173591000,50,119
1607173891000,51,122
1607174191000,52,131
1607174491000,52,124
1607174791000,54,125
1607175091000,53,143
1607175391000,57,127
1607175691000,56,136
1607175991000,55,154
1607176291000,55,148
1607176591000,55,132
1607176891000,53,144
1607177191000,52,157
1607177491000,52,161
1607177791000,55,143
1607178091000,53,167
1607178391000,52,189
1607178691000,53,186
1607178991000,56,149
1607179291000,48,164
1607179591000,50,147
1607179891000,50,152
1607180191000,51,135
1607180491000,55,136
1607180791000,54,116
1607181091000,56,165
1607181391000,62,113
1607181691000,55,141
1607181991000,53,158
1607182291000,57,136
1607182591000,56,169
1607182891000,53,160
1607183191000,52,149
1607183491000,52,147
1607183791000,51,150
1607184091000,54,137
1607184391000,52,125
1607184691000,54,121
1607184991000,57,135
1607185291000,51,184
1607185591000,53,177
1607185891000,53,170
1607186191000,55,158
1607186491000,54,134
1607186791000,54,149
1607187091000,55,141
1607187391000,58,138
1607187691000,56,150
1607187991000,53,145
1607188291000,51,155
1607188591000,52,157
1607188891000,51,169
1607189191000,51,183
1607189491000,53,139
1607189791000,51,155
1607190091000,53,137
1607190391000,0,0
1607190691000,51,120
1607190991000,50,126
1607191291000,51,137
1607191591000,55,145
1607191891000,62,136
1607192191000,58,136
1607192491000,52,133
1607192791000,51,142
1607193091000,52,135
1607193391000,59,128
1607193691000,52,133
1607193991000,51,107
1607194291000,52,109
1607194591000,54,117
1607194891000,59,114
1607195191000,52,133
1607195491000,53,129
1607195791000,53,118
1607196091000,0,0
1607196391000,52,131
1607196691000,54,114
1607196991000,50,92
1607197291000,0,0
1607197591000,0,0
1607197891000,55,106
1607198191000,0,0
1607259391000,0,0
1607259691000,55,149
1607259991000,56,133
1607260291000,55,118
1607260591000,56,125
1607260891000,56,144
1607261191000,57,141
1607261491000,56,146
1607261791000,57,141
1607262091000,57,142
1607262391000,56,140
1607262691000,56,148
1607262991000,55,150
1607263291000,55,157
1607263591000,62,128
1607263891000,58,165
1607264191000,59,130
1607264491000,57,145
1607264791000,55,146
1607265091000,59,148
1607265391000,51,156
1607265691000,51,137
1607265991000,51,136
1607266291000,54,146
1607266591000,49,129
1607266891000,49,131
1607267191000,51,141
1607267491000,52,144
1607267791000,50,178
1607268091000,54,170
1607268391000,52,167
1607268691000,54,173
1607268991000,55,144
1607269291000,59,135
1607269591000,58,143
1607269891000,62,107
1607270191000,56,146
1607270491000,54,149
1607270791000,53,174
1607271091000,58,139
1607271391000,56,152
1607271691000,56,165
1607271991000,53,159
1607272291000,52,159
1607272591000,52,157
1607272891000,52,155
1607273191000,53,147
1607273491000,53,159
1607273791000,52,157
1607274091000,51,151
1607274391000,51,140
1607274691000,53,141
1607274991000,55,143
1607275291000,56,155
1607275591000,59,149
1607275891000,0,0
1607276191000,53,164
1607276491000,54,184
1607276791000,53,184
1607277091000,57,171
1607277391000,57,160
1607277691000,52,157
1607277991000,51,147
1607278291000,53,137
1607278591000,56,143
1607278891000,55,153
1607279191000,58,125
1607279491000,58,145
1607279791000,59,134
1607280091000,56,149
1607280391000,57,151
1607280691000,51,157
1607280991000,51,174
1607281291000,0,0
1607281591000,52,141
1607281891000,0,0
1607282191000,49,174
1607282491000,50,181
1607282791000,52,175
1607283091000,52,129
1607283391000,0,0
1607283691000,0,0
1607283991000,51,139
1607284291000,53,132
1607284591000,56,145
1607284891000,61,125
1607340930000,0,0
1607341230000,57,175
1607341530000,57,165
1607341830000,57,166
1607342130000,54,144
1607342430000,55,156
1607342730000,55,146
1607343030000,54,152
1607343330000,56,145
1607343630000,56,153
1607343930000,55,155
1607344230000,56,150
1607344530000,56,157
1607344830000,55,161
1607345130000,59,142
1607345430000,58,135
1607345730000,56,143
1607346030000,58,138
1607346330000,57,146
1607346630000,54,156
1607346930000,54,153
1607347230000,54,153
1607347530000,54,149
1607347830000,54,137
1607348130000,55,133
1607348430000,54,143
1607348730000,57,131
1607349030000,53,141
1607349330000,52,147
1607349630000,51,166
1607349930000,52,164
1607350230000,55,166
1607350530000,51,147
1607350830000,52,122
1607351130000,57,125
1607351430000,53,148
1607351730000,57,137
1607352030000,55,144
1607352330000,56,139
1607352630000,56,136
1607352930000,54,145
1607353230000,52,136
1607353530000,51,157
1607353830000,51,152
1607354130000,52,153
1607354430000,52,136
1607354730000,52,142
1607355030000,56,130
1607355330000,52,155
1607355630000,52,177
1607355930000,54,169
1607356230000,50,174
1607356530000,50,175
1607356830000,52,161
1607357130000,51,158
1607357430000,51,174
1607357730000,53,154
1607358030000,54,158
1607358330000,56,156
1607358630000,59,139
1607358930000,60,138
1607359230000,54,177
1607359530000,55,173
1607359830000,57,155
1607360130000,55,162
1607360430000,53,182
1607360730000,51,167
1607361030000,52,155
1607361330000,53,154
1607361630000,52,143
1607361930000,51,142
1607362230000,59,122
1607362530000,50,161
1607362830000,54,141
1607363130000,0,0
1607417551000,69,93
1607417851000,73,69
1607418151000,75,70
1607418451000,75,59
1607418751000,0,0
1607419051000,0,0
1607419351000,63,106
1607419651000,61,111
1607419951000,61,117
1607420251000,59,118
1607420551000,58,117
1607420851000,58,119
1607421151000,57,112
1607421451000,57,119
1607421751000,56,115
1607422051000,56,118
1607422351000,57,130
1607422651000,60,131
1607422951000,64,109
1607423251000,68,73
1607423551000,67,66
1607423851000,62,120
1607424151000,60,143
1607424451000,53,155
1607424751000,53,173
1607425051000,52,171
1607425351000,0,0
1607425651000,51,152
1607425951000,52,146
1607426251000,52,156
1607426551000,52,143
1607426851000,53,147
1607427151000,53,149
1607427451000,0,0
1607427751000,53,166
1607428051000,52,178
1607428351000,53,175
1607428651000,53,168
1607428951000,55,177
1607429251000,58,148
1607429551000,62,109
1607429851000,62,129
1607430151000,56,157
1607430451000,59,129
1607430751000,57,150
1607431051000,55,144
1607431351000,57,151
1607431651000,58,128
1607431951000,57,154
1607432251000,53,170
1607432551000,53,172
1607432851000,53,165
1607433151000,53,150
1607433451000,51,205
1607433751000,50,192
1607434051000,51,178
1607434351000,51,205
1607434651000,51,198
1607434951000,53,197
1607435251000,0,0
1607509348000,0,0
1607509648000,0,0
1607509948000,0,0
1607510248000,0,0
1607510548000,0,0
1607510848000,64,101
1607511148000,0,0
1607511448000,53,127
1607511748000,51,113
1607512048000,52,110
1607512348000,52,117
1607512648000,53,122
1607512948000,53,122
1607513248000,55,134
1607513548000,52,148
1607513848000,52,138
1607514148000,53,143
1607514448000,56,154
1607514748000,53,163
1607515048000,59,125
1607515348000,61,121
1607515648000,63,83
1607515948000,56,160
1607516248000,54,148
1607516548000,54,135
1607516848000,53,129
1607517148000,52,129
1607517448000,52,130
1607517748000,52,139
1607518048000,53,156
1607518348000,51,151
1607518648000,51,137
1607518948000,48,141
1607519248000,49,143
1607519548000,50,147
1607519848000,51,143
1607520148000,52,147
1607520448000,53,143
1607520748000,50,130
1607521048000,50,140
1607521348000,51,135
1607521648000,51,153
1607521948000,56,138
1607522248000,59,141
1607522548000,63,107
1607522848000,59,124
1607523148000,61,109
1607523448000,59,135
1607523748000,51,153
1607524048000,50,141
1607524348000,50,160
1607524648000,49,164
1607524948000,50,156
1607525248000,54,148
1607525548000,49,147
1607525848000,50,153
1607526148000,50,157
1607526448000,51,168
1607526748000,62,144
1607527048000,55,175
1607527348000,51,182
1607527648000,49,189
1607527948000,50,195
1607528248000,54,179
1607528548000,48,150
1607528848000,52,161
1607529148000,54,154
1607529448000,55,159
1607529748000,55,122
1607530048000,68,102
1607530348000,52,186
1607530648000,50,192
1607530948000,51,194
1607531248000,50,190
1607531548000,52,199
1607531848000,49,178
1607532148000,49,148
1607532448000,49,157
1607532748000,49,161
1607533048000,50,170
1607533348000,48,135
1607533648000,49,149
1607533948000,48,154
1607534248000,51,147
1607534548000,55,142
1607534848000,56,164
1607535148000,54,164
1607535448000,51,195
1607535748000,53,174
1607536048000,53,142
1607536348000,50,145
1607536648000,49,141
1607536948000,56,142
1607537248000,0,0
1607600072000,0,0
1607600372000,53,177
1607600672000,54,174
1607600972000,52,177
1607601272000,52,177
1607601572000,52,160
1607601872000,52,179
1607602172000,53,180
1607602472000,55,159
1607602772000,51,136
1607603072000,49,131
1607603372000,49,132
1607603672000,50,139
1607603972000,59,171
1607604272000,51,167
1607604572000,50,170
1607604872000,51,178
1607605172000,51,172
1607605472000,60,141
1607605772000,54,132
1607606072000,55,138
1607606372000,53,198
1607606672000,67,104
1607606972000,55,164
1607607272000,50,208
1607607572000,50,193
1607607872000,49,181
1607608172000,49,192
1607608472000,48,181
1607608772000,47,177
1607609072000,48,188
1607609372000,48,197
1607609672000,47,194
1607609972000,48,178
1607610272000,48,194
1607610572000,53,161
1607610872000,47,144
1607611172000,46,174
1607611472000,47,168
1607611772000,47,183
1607612072000,47,189
1607612372000,47,179
1607612672000,49,180
1607612972000,49,152
1607613272000,50,197
1607613572000,49,200
1607613872000,52,181
1607614172000,49,210
1607614472000,46,176
1607614772000,46,186
1607615072000,46,174
1607615372000,46,180
1607615672000,46,159
1607615972000,47,137
1607616272000,46,147
1607616572000,47,135
1607616872000,47,166
1607617172000,55,138
1607617472000,52,163
1607617772000,0,0
1607618072000,55,151
1607618372000,48,162
1607618672000,51,211
1607618972000,0,0
1607619272000,52,185
1607619572000,52,213
1607619872000,50,192
1607620172000,52,216
1607620472000,51,197
1607620772000,48,155
1607621072000,48,160
1607621372000,47,130
1607621672000,47,140
1607621972000,74,88
1607622272000,62,150
1607622572000,0,0
1607682331000,0,0
1607682631000,55,138
1607682931000,54,132
1607683231000,55,125
1607683531000,54,123
1607683831000,54,133
1607684131000,54,118
1607684431000,55,135
1607684731000,55,147
1607685031000,54,141
1607685331000,56,129
1607685631000,63,143
1607685931000,55,176
1607686231000,57,164
1607686531000,56,161
1607686831000,56,178
1607687131000,54,130
1607687431000,54,133
1607687731000,53,174
1607688031000,57,165
1607688331000,54,174
1607688631000,53,170
1607688931000,52,189
1607689231000,51,186
1607689531000,50,163
1607689831000,50,140
1607690131000,50,157
1607690431000,49,156
1607690731000,49,147
1607691031000,49,152
1607691331000,54,153
1607691631000,50,173
1607691931000,50,194
1607692231000,52,171
1607692531000,50,149
1607692831000,49,173
1607693131000,48,181
1607693431000,49,199
1607693731000,49,237
1607694031000,54,185
1607694331000,55,135
1607694631000,49,178
1607694931000,51,160
1607695231000,55,184
1607695531000,48,176
1607695831000,48,179
1607696131000,0,0
1607696431000,0,0
1607696731000,0,0
1607697031000,49,255
1607697331000,50,248
1607697631000,50,243
1607697931000,0,0
1607698231000,46,188
1607698531000,47,200
1607698831000,46,197
1607699131000,48,177
1607699431000,47,162
1607699731000,47,190
1607700031000,47,181
1607700331000,48,186
1607700631000,49,187
1607700931000,50,172
1607701231000,52,182
1607701531000,54,168
1607701831000,52,183
1607702131000,57,170
1607702431000,53,189
1607702731000,53,199
1607703031000,49,245
1607703331000,50,231
1607703631000,46,184
1607703931000,47,180
1607704231000,47,190
1607704531000,47,183
1607704831000,46,161
1607705131000,48,185
1607705431000,59,125
1607705731000,52,170
1607706031000,49,176
1607706331000,50,165
1607706631000,48,156
1607706931000,48,130
1607707231000,54,151
1607707531000,50,175
1607707831000,58,123
1607708131000,48,163
1607708431000,51,160
1607708731000,48,167
1607709031000,46,164
1607709331000,0,0
1607775841000,55,135
1607776141000,56,135
1607776441000,52,109
1607776741000,52,94
1607777041000,52,103
1607777341000,51,100
1607777641000,51,99
1607777941000,50,102
1607778241000,50,112
1607778541000,51,113
1607778841000,51,121
1607779141000,51,122
1607779441000,54,124
1607779741000,59,118
1607780041000,57,118
1607780341000,57,149
1607780641000,54,172
1607780941000,50,174
1607781241000,51,170
1607781541000,50,149
1607781841000,50,141
1607782141000,52,150
1607782441000,52,149
1607782741000,52,155
1607783041000,53,160
1607783341000,52,157
1607783641000,53,156
1607783941000,53,154
1607784241000,49,151
1607784541000,48,141
1607784841000,49,160
1607785141000,50,164
1607785441000,52,138
1607785741000,54,139
1607786041000,53,145
1607786341000,56,144
1607786641000,50,164
1607786941000,52,138
1607787241000,50,152
1607787541000,50,177
1607787841000,51,165
1607788141000,53,191
1607788441000,49,204
1607788741000,51,160
1607789041000,48,134
1607789341000,47,142
1607789641000,48,139
1607789941000,48,144
1607790241000,48,152
1607790541000,48,150
1607790841000,48,152
1607791141000,57,173
1607791441000,55,172
1607791741000,55,185
1607792041000,54,183
1607792341000,57,170
1607792641000,54,172
1607792941000,53,175
1607793241000,51,189
1607793541000,54,165
1607793841000,50,166
1607794141000,51,157
1607794441000,48,154
1607794741000,47,159
1607795041000,48,169
1607795341000,49,160
1607795641000,49,152
1607795941000,49,163
1607796241000,0,0
1607796541000,49,201
1607796841000,54,197
1607797141000,57,170
1607797441000,63,98
1607797741000,60,141
1607798041000,61,140
1607798341000,55,222
1607798641000,51,190
1607798941000,51,185
1607799241000,49,164
1607799541000,48,160
1607799841000,49,210
1607800141000,49,172
1607800441000,0,0
1607800741000,0,0
1607801041000,0,0
1607801341000,0,0
1607801641000,50,138
1607801941000,50,155
1607802241000,53,155
1607802541000,52,196
1607802841000,51,143
1607803141000,52,173
1607803441000,49,146
1607803741000,49,139
1607804041000,52,132
1607804341000,53,131
1607804641000,51,140
1607804941000,53,138
1607805241000,52,130
1607805541000,52,138
1607805841000,54,137
1607806141000,50,156
1607806441000,0,0
1607806741000,59,151
1607807041000,52,181
1607807341000,55,184
1607807641000,53,197
1607807941000,51,161
1607808241000,50,163
1607808541000,51,157
1607808841000,50,183
1607809141000,72,86
1607809441000,0,0
1607809741000,59,164
1607810041000,61,137
1607810341000,61,129
1607810641000,0,0
1607859598000,0,0
1607859898000,55,109
1607860198000,54,112
1607860498000,53,108
1607860798000,52,102
1607861098000,52,104
1607861398000,52,104
1607861698000,52,109
1607861998000,53,100
1607862298000,53,106
1607862598000,61,117
1607862898000,57,123
1607863198000,57,140
1607863498000,56,129
1607863798000,56,140
1607864098000,55,141
1607864398000,54,146
1607864698000,54,137
1607864998000,54,147
1607865298000,51,124
1607865598000,50,120
1607865898000,50,158
1607866198000,53,103
1607866498000,50,113
1607866798000,50,116
1607867098000,54,132
1607867398000,50,154
1607867698000,53,149
1607867998000,55,138
1607868298000,55,166
1607868598000,55,148
1607868898000,55,133
1607869198000,53,146
1607869498000,54,141
1607869798000,52,167
1607870098000,54,159
1607870398000,51,164
1607870698000,48,160
1607870998000,48,159
1607871298000,48,144
1607871598000,49,154
1607871898000,52,156
1607872198000,49,155
1607872498000,50,162
1607872798000,50,181
1607873098000,51,187
1607873398000,52,192
1607873698000,56,168
1607873998000,51,178
1607874298000,50,205
1607874598000,50,201
1607874898000,50,178
1607875198000,51,193
1607875498000,53,149
1607875798000,54,147
1607876098000,50,137
1607876398000,51,133
1607876698000,51,133
1607876998000,48,141
1607877298000,49,155
1607877598000,48,167
1607877898000,50,164
1607878198000,49,129
1607878498000,49,137
1607878798000,50,139
1607879098000,58,128
1607879398000,51,171
1607879698000,49,160
1607879998000,48,168
1607880298000,47,174
1607880598000,48,179
1607880898000,50,161
1607881198000,51,159
1607881498000,51,157
1607881798000,53,169
1607882098000,55,187
1607882398000,53,157
1607882698000,53,176
1607882998000,54,174
1607883298000,51,193
1607883598000,54,173
1607883898000,49,179
1607884198000,48,173
1607884498000,48,194
1607884798000,47,176
1607885098000,58,131
1607885398000,49,157
1607885698000,48,140
1607885998000,47,141
1607886298000,48,149
1607886598000,49,152
1607886898000,51,134
1607887198000,49,126
1607887498000,50,142
1607887798000,51,176
1607888098000,74,105
1607948400000,0,0
1607948700000,50,146
1607949000000,49,127
1607949300000,48,135
1607949600000,47,106
1607949900000,48,116
1607950200000,48,115
1607950500000,48,128
1607950800000,48,129
1607951100000,49,121
1607951400000,49,129
1607951700000,49,122
1607952000000,51,129
1607952300000,53,116
1607952600000,53,126
1607952900000,53,162
1607953200000,50,174
1607953500000,49,163
1607953800000,50,161
1607954100000,50,160
1607954400000,50,161
1607954700000,51,159
1607955000000,51,161
1607955300000,51,160
1607955600000,50,168
1607955900000,51,167
1607956200000,52,170
1607956500000,55,118
1607956800000,56,124
1607957100000,63,92
1607957400000,52,162
1607957700000,52,154
1607958000000,52,157
1607958300000,50,160
1607958600000,48,157
1607958900000,49,171
1607959200000,48,169
1607959500000,48,150
1607959800000,47,155
1607960100000,49,179
1607960400000,48,166
1607960700000,49,163
1607961000000,54,153
1607961300000,51,169
1607961600000,54,159
1607961900000,56,143
1607962200000,58,130
1607962500000,58,133
1607962800000,55,169
1607963100000,57,143
1607963400000,55,160
1607963700000,52,190
1607964000000,48,163
1607964300000,47,163
1607964600000,48,173
1607964900000,48,161
1607965200000,49,153
1607965500000,52,156
1607965800000,49,149
1607966100000,48,155
1607966400000,49,175
1607966700000,50,159
1607967000000,0,0
1607967300000,0,0
1607967600000,0,0
1607967900000,49,142
1607968200000,51,139
1607968500000,0,0
1608013860000,0,0
1608014160000,67,89
1608014460000,64,113
1608014760000,64,123
1608015060000,0,0
1608015360000,0,0
1608015660000,0,0
1608015960000,0,0
1608016260000,0,0
1608016560000,0,0
1608016860000,0,0
1608017160000,60,104
1608017460000,61,85
1608017760000,68,68
1608018060000,68,63
1608018360000,62,95
1608018660000,58,114
1608018960000,59,102
1608019260000,0,0
1608019560000,0,0
1608019860000,59,120
1608020160000,59,120
1608020460000,59,116
1608020760000,58,136
1608021060000,57,147
1608021360000,57,140
1608021660000,58,152
1608021960000,56,133
1608022260000,57,137
1608022560000,57,137
1608022860000,56,124
1608023160000,56,139
1608023460000,57,142
1608023760000,59,131
1608024060000,60,136
1608024360000,55,121
1608024660000,59,133
1608024960000,64,104
1608025260000,70,53
1608025560000,67,86
1608025860000,63,113
1608026160000,59,152
1608026460000,59,137
1608026760000,57,162
1608027060000,58,155
1608027360000,54,164
1608027660000,53,186
1608027960000,53,185
1608028260000,54,184
1608028560000,52,196
1608028860000,52,211
1608029160000,51,193
1608029460000,58,160
1608029760000,53,141
1608030060000,52,147
1608030360000,51,167
1608030660000,53,168
1608030960000,53,204
1608031260000,51,174
1608031560000,0,0
1608031860000,57,168
1608032160000,62,109
1608032460000,64,139
1608032760000,59,142
1608033060000,54,166
1608033360000,53,176
1608033660000,53,187
1608033960000,54,207
1608034260000,53,187
1608034560000,51,167
1608034860000,53,164
1608035160000,55,167
1608035460000,55,174
1608035760000,54,195
1608036060000,54,151
1608036360000,55,156
1608036660000,56,178
1608036960000,55,167
1608037260000,63,141
1608037560000,60,139
1608037860000,59,142
1608038160000,60,130
1608038460000,54,160
1608038760000,51,169
1608039060000,49,193
1608039360000,49,202
1608039660000,49,172
1608039960000,49,205
1608040260000,65,130
1608040560000,68,104
1608118229000,51,137
1608118529000,49,121
1608118829000,48,106
1608119129000,48,105
1608119429000,48,108
1608119729000,49,115
1608120029000,51,144
1608120329000,52,163
1608120629000,52,169
1608120929000,53,150
1608121229000,57,148
1608121529000,53,162
1608121829000,54,153
1608122129000,52,170
1608122429000,50,157
1608122729000,51,171
1608123029000,52,177
1608123329000,49,116
1608123629000,49,113
1608123929000,50,116
1608124229000,50,113
1608124529000,50,125
1608124829000,51,131
1608125129000,52,135
1608125429000,52,130
1608125729000,51,133
1608126029000,56,145
1608126329000,57,121
1608126629000,64,91
1608126929000,58,150
1608127229000,60,113
1608127529000,59,128
1608127829000,61,125
1608128129000,60,122
1608128429000,53,173
1608128729000,51,186
1608129029000,51,201
1608129329000,51,186
1608129629000,51,180
1608129929000,51,185
1608130229000,48,166
1608130529000,50,168
1608130829000,49,188
1608131129000,49,153
1608131429000,48,163
1608131729000,52,160
1608132029000,53,143
1608132329000,58,123
1608132629000,55,164
1608132929000,51,187
1608133229000,53,169
1608133529000,55,153
1608133829000,53,155
1608134129000,53,162
1608134429000,53,178
1608134729000,57,168
1608135029000,52,169
1608135329000,50,179
1608135629000,50,176
1608135929000,50,186
1608136229000,52,177
1608136529000,52,177
1608136829000,56,171
1608137129000,54,172
1608137429000,54,153
1608137729000,55,162
1608138029000,56,165
1608138329000,56,162
1608138629000,57,164
1608138929000,52,174
1608139229000,55,165
1608139529000,54,174
1608139829000,49,174
1608140129000,47,155
1608140429000,47,158
1608140729000,47,154
1608141029000,52,156
1608141329000,0,0
1608204239000,51,142
1608204539000,51,139
1608204839000,51,135
1608205139000,52,133
1608205439000,52,139
1608205739000,53,143
1608206039000,53,141
1608206339000,52,128
1608206639000,52,135
1608206939000,52,132
1608207239000,51,140
1608207539000,53,138
1608207839000,53,128
1608208139000,53,141
1608208439000,54,133
1608208739000,52,140
1608209039000,52,147
1608209339000,56,154
1608209639000,50,150
1608209939000,50,158
1608210239000,51,165
1608210539000,51,163
1608210839000,52,169
1608211139000,55,147
1608211439000,49,133
1608211739000,49,142
1608212039000,48,138
1608212339000,48,145
1608212639000,49,144
1608212939000,58,122
1608213239000,56,119
1608213539000,58,104
1608213839000,52,166
1608214139000,51,154
1608214439000,52,159
1608214739000,53,153
1608215039000,50,157
1608215339000,51,165
1608215639000,51,164
1608215939000,51,168
1608216239000,52,157
1608216539000,52,174
1608216839000,50,171
1608217139000,52,170
1608217439000,51,156
1608217739000,48,181
1608218039000,49,202
1608218339000,50,185
1608218639000,51,180
1608218939000,53,165
1608219239000,51,176
1608219539000,52,155
1608219839000,49,155
1608220139000,54,163
1608220439000,53,152
1608220739000,57,137
1608221039000,57,137
1608221339000,55,150
1608221639000,55,173
1608221939000,55,203
1608222239000,55,191
1608222539000,56,177
1608222839000,51,141
1608223139000,51,145
1608223439000,51,142
1608223739000,53,139
1608224039000,51,143
1608224339000,58,122
1608224639000,57,139
1608224939000,58,139
1608225239000,64,93
1608225539000,54,163
1608225839000,54,158
1608226139000,53,194
1608226439000,54,168
1608226739000,53,164
1608227039000,54,159
1608227339000,54,163
1608227639000,52,162
1608227939000,54,159
1608228239000,52,172
1608228539000,52,178
1608228839000,54,183
1608229139000,57,163
1608229439000,51,156
1608229739000,51,171
1608230039000,54,182
1608230339000,53,170
1608230639000,53,188
1608230939000,55,185
1608231239000,56,181
1608231539000,53,180
1608231839000,50,169
1608232139000,49,143
1608232439000,49,161
1608232739000,48,146
1608233039000,49,144
1608233339000,52,144
1608233639000,53,142
1608233939000,55,121
1608234239000,52,131
1608234539000,49,151
1608234839000,56,138
1608235139000,51,160
1608235439000,52,133
1608235739000,63,134
1608236039000,68,90
1608236339000,0,0
1608291363000,0,0
1608291663000,56,156
1608291963000,57,163
1608292263000,56,167
1608292563000,64,136
1608292863000,57,149
1608293163000,57,166
1608293463000,57,185
1608293763000,58,176
1608294063000,57,181
1608294363000,56,176
1608294663000,57,157
1608294963000,55,145
1608295263000,54,161
1608295563000,55,149
1608295863000,55,152
1608296163000,55,165
1608296463000,53,193
1608296763000,51,221
1608297063000,52,204
1608297363000,52,188
1608297663000,53,189
1608297963000,56,127
1608298263000,50,133
1608298563000,50,159
1608298863000,52,163
1608299163000,58,144
1608299463000,51,170
1608299763000,52,161
1608300063000,50,175
1608300363000,59,152
1608300663000,57,166
1608300963000,57,173
1608301263000,55,195
1608301563000,54,201
1608301863000,56,204
1608302163000,55,200
1608302463000,48,226
1608302763000,48,212
1608303063000,48,213
1608303363000,48,204
1608303663000,48,208
1608303963000,48,199
1608304263000,49,233
1608304563000,53,158
1608304863000,50,186
1608305163000,50,196
1608305463000,52,171
1608305763000,48,152
1608306063000,48,165
1608306363000,50,156
1608306663000,60,133
1608306963000,52,149
1608307263000,53,154
1608307563000,57,164
1608307863000,55,183
1608308163000,52,166
1608308463000,52,176
1608308763000,52,196
1608309063000,52,184
1608309363000,53,180
1608309663000,53,243
1608309963000,53,255
1608310263000,51,225
1608310563000,48,206
1608310863000,50,217
1608311163000,50,222
1608311463000,51,198
1608311763000,52,179
1608312063000,52,202
1608312363000,52,156
1608312663000,53,129
1608312963000,57,186
1608313263000,50,165
1608313563000,0,0
1608313863000,0,0
1608314163000,55,152
1608314463000,0,0
1608314763000,0,0
1608315063000,51,145
1608315363000,50,135
1608315663000,54,124
1608315963000,53,129
1608316263000,64,116
1608316563000,54,182
1608376710000,0,0
1608377010000,52,139
1608377310000,52,147
1608377610000,53,143
1608377910000,52,145
1608378210000,53,141
1608378510000,53,143
1608378810000,53,147
1608379110000,55,140
1608379410000,57,113
1608379710000,56,123
1608380010000,54,142
1608380310000,53,149
1608380610000,53,138
1608380910000,52,149
1608381210000,52,140
1608381510000,53,134
1608381810000,52,140
1608382110000,52,137
1608382410000,53,137
1608382710000,53,140
1608383010000,51,170
1608383310000,49,159
1608383610000,49,148
1608383910000,50,160
1608384210000,49,174
1608384510000,51,194
1608384810000,55,148
1608385110000,56,149
1608385410000,54,174
1608385710000,54,182
1608386010000,55,190
1608386310000,55,179
1608386610000,54,191
1608386910000,52,224
1608387210000,52,227
1608387510000,49,165
1608387810000,49,157
1608388110000,49,167
1608388410000,49,184
1608388710000,49,185
1608389010000,49,172
1608389310000,51,161
1608389610000,50,195
1608389910000,47,224
1608390210000,48,232
1608390510000,47,241
1608390810000,49,227
1608391110000,51,213
1608391410000,49,232
1608391710000,51,218
1608392010000,53,168
1608392310000,56,157
1608392610000,53,199
1608392910000,56,162
1608393210000,60,124
1608393510000,57,171
1608393810000,52,200
1608394110000,51,180
1608394410000,48,202
1608394710000,48,225
1608395010000,47,207
1608395310000,48,203
1608395610000,49,193
1608395910000,49,191
1608396210000,52,177
1608396510000,51,148
1608396810000,47,157
1608397110000,48,154
1608397410000,50,169
1608397710000,50,162
1608398010000,54,157
1608398310000,52,194
1608398610000,51,180
1608398910000,55,168
1608399210000,54,186
1608399510000,54,167
1608399810000,56,186
1608400110000,59,169
1608400410000,55,195
1608400710000,50,195
1608401010000,50,190
1608401310000,51,171
1608401610000,50,187
1608401910000,51,180
1608402210000,51,152
1608402510000,51,157
1608402810000,54,138
1608403110000,0,0
1608403410000,0,0
1608403710000,54,178
1608404010000,53,188
1608404310000,0,0
1608404610000,0,0
1608404910000,0,0
1608405210000,53,180
1608405510000,51,172
1608405810000,52,168
1608406110000,52,171
1608406410000,52,163
1608406710000,51,179
1608407010000,51,165
1608407310000,51,164
1608407610000,52,181
1608407910000,0,0
1608464758000,0,0
1608465058000,0,0
1608465358000,0,0
1608465658000,0,0
1608465958000,0,0
1608466258000,0,0
1608466558000,53,150
1608466858000,55,178
1608467158000,55,176
1608467458000,57,184
1608467758000,0,0
1608468058000,57,195
1608468358000,0,0
1608468658000,0,0
1608468958000,60,125
1608469258000,61,94
1608469558000,57,146
1608469858000,56,139
1608470158000,53,159
1608470458000,53,150
1608470758000,54,162
1608471058000,0,0
1608471358000,0,0
1608471658000,0,0
1608471958000,0,0
1608472258000,0,0
1608472558000,0,0
1608472858000,0,0
1608473158000,54,186
1608473458000,54,181
1608473758000,54,187
1608474058000,53,170
1608474358000,53,186
1608474658000,0,0
1608474958000,61,114
1608475258000,0,0
1608475558000,0,0
1608475858000,0,0
1608476158000,61,111
1608476458000,56,170
1608476758000,0,0
1608477058000,0,0
1608477358000,0,0
1608477658000,0,0
1608477958000,0,0
1608478258000,0,0
1608478558000,0,0
1608478858000,0,0
1608479158000,49,163
1608479458000,51,170
1608479758000,51,153
1608480058000,52,177
1608480358000,49,190
1608480658000,52,180
1608480958000,53,178
1608481258000,0,0
1608481558000,0,0
1608481858000,0,0
1608482158000,0,0
1608482458000,0,0
1608482758000,53,247
1608483058000,0,0
1608483358000,0,0
1608483658000,0,0
1608483958000,0,0
1608484258000,0,0
1608484558000,0,0
1608484858000,0,0
1608485158000,55,165
1608485458000,62,115
1608485758000,57,169
1608486058000,0,0
1608486358000,0,0
1608486658000,0,0
1608486958000,0,0
1608487258000,0,0
1608487558000,0,0
1608487858000,57,171
1608488158000,64,130
1608488458000,63,122
1608488758000,58,200
1608489058000,63,159
1608489358000,56,229
1608489658000,62,178
1608489958000,57,207
1608490258000,59,218
1608490558000,0,0
1608490858000,57,158
1608491158000,0,0
1608491458000,0,0
1608491758000,54,152
1608492058000,58,132
1608492358000,0,0
1608492658000,0,0
1608492958000,59,141
1608493258000,62,125
1608493558000,0,0
1608493858000,0,0
1608494158000,66,126
1608494458000,0,0
1608494758000,0,0
1608495058000,0,0
1608495358000,0,0
1608495658000,0,0
1608495958000,0,0
1608496258000,0,0
1608496558000,57,154
1608496858000,56,161
1608497158000,0,0
1608497458000,58,130
1608497758000,58,174
1608498058000,62,128
1608498358000,63,105
1608498658000,63,100
1608498958000,0,0
1608499258000,0,0
1608499558000,61,137
1608499858000,0,0
1608500158000,0,0
1608500458000,0,0
1608500758000,0,0
1608501058000,0,0
1608501358000,51,164
1608501658000,0,0
1608501958000,0,0
1608502258000,0,0
1608502558000,0,0
1608502858000,0,0
1608551999000,62,144
1608552299000,61,136
1608552599000,60,141
1608552899000,65,127
1608553199000,60,141
1608553499000,61,145
1608553799000,60,138
1608554099000,61,156
1608554399000,57,138
1608554699000,56,118
1608554999000,56,112
1608555299000,57,116
1608555599000,58,115
1608555899000,58,108
1608556199000,58,119
1608556499000,57,119
1608556799000,57,123
1608557099000,62,98
1608557399000,65,97
1608557699000,64,96
1608557999000,63,105
1608558299000,60,128
1608558599000,62,139
1608558899000,58,152
1608559199000,57,130
1608559499000,57,141
1608559799000,57,139
1608560099000,53,155
1608560399000,54,149
1608560699000,55,149
1608560999000,59,125
1608561299000,55,139
1608561599000,55,137
1608561899000,54,158
1608562199000,55,143
1608562499000,66,121
1608562799000,57,176
1608563099000,61,128
1608563399000,64,91
1608563699000,63,99
1608563999000,64,91
1608564299000,65,93
1608564599000,67,74
1608564899000,0,0
1608565199000,58,185
1608565499000,56,175
1608565799000,55,162
1608566099000,54,167
1608566399000,54,175
1608566699000,58,171
1608566999000,58,183
1608567299000,57,178
1608567599000,61,161
1608567899000,57,184
1608568199000,57,160
1608568499000,0,0
1608640022000,0,0
1608640322000,58,163
1608640622000,58,167
1608640922000,58,146
1608641222000,58,143
1608641522000,60,112
1608641822000,59,121
1608642122000,62,113
1608642422000,61,118
1608642722000,61,111
1608643022000,62,106
1608643322000,62,105
1608643622000,63,101
1608643922000,68,89
1608644222000,64,65
1608644522000,63,80
1608644822000,61,101
1608645122000,59,107
1608645422000,58,125
1608645722000,57,140
1608646022000,56,150
1608646322000,55,155
1608646622000,54,149
1608646922000,55,142
1608647222000,58,153
1608647522000,53,169
1608647822000,55,163
1608648122000,55,171
1608648422000,61,133
1608648722000,54,168
1608649022000,57,162
1608649322000,55,174
1608649622000,57,136
1608649922000,56,131
1608650222000,59,122
1608650522000,58,119
1608650822000,59,121
1608651122000,58,130
1608651422000,59,108
1608651722000,54,158
1608652022000,54,156
1608652322000,54,152
1608652622000,55,139
1608652922000,56,135
1608653222000,56,154
1608653522000,56,124
1608653822000,55,136
1608654122000,61,139
1608654422000,52,206
1608654722000,56,174
1608655022000,55,174
1608655322000,58,152
1608655622000,53,177
1608655922000,54,186
1608656222000,56,166
1608656522000,56,153
1608656822000,56,161
1608657122000,59,121
1608657422000,56,147
1608657722000,59,127
1608658022000,58,139
1608658322000,53,157
1608658622000,53,158
1608658922000,54,155
1608659222000,54,145
1608659522000,55,149
1608659822000,56,145
1608660122000,53,177
1608660422000,55,167
1608660722000,55,164
1608661022000,54,146
1608661322000,60,111
1608661622000,55,162
1608661922000,54,159
1608662222000,57,140
1608662522000,60,136
1608662822000,66,99
1608663122000,60,148
1608663422000,61,131
1608663722000,58,170
1608664022000,55,163
1608664322000,54,170
1608664622000,56,157
1608664922000,55,139
1608665222000,56,154
1608665522000,55,157
1608665822000,58,134
1608666122000,57,133
1608666422000,55,135
1608666722000,59,116
1608667022000,59,120
1608667322000,0,0
1608667622000,52,171
1608667922000,54,160
1608668222000,55,170
1608668522000,54,168
1608668822000,55,157
1608669122000,56,140
1608669422000,54,134
1608669722000,55,154
1608670022000,59,121
1608670322000,62,111
1608670622000,0,0
1608670922000,57,148
1608671222000,55,128
1608671522000,56,124
1608671822000,84,47
1608724862000,0,0
1608725162000,65,96
1608725462000,77,103
1608725762000,0,0
1608726062000,0,0
1608726362000,61,150
1608726662000,61,151
1608726962000,64,147
1608727262000,58,163
1608727562000,58,167
1608727862000,61,156
1608728162000,61,152
1608728462000,61,152
1608728762000,62,141
1608729062000,60,154
1608729362000,60,145
1608729662000,64,135
1608729962000,64,115
1608730262000,63,90
1608730562000,63,86
1608730862000,64,89
1608731162000,61,110
1608731462000,57,152
1608731762000,57,152
1608732062000,58,149
1608732362000,58,147
1608732662000,62,127
1608732962000,0,0
1608733262000,54,164
1608733562000,56,168
1608733862000,56,166
1608734162000,60,141
1608734462000,58,158
1608734762000,53,156
1608735062000,56,140
1608735362000,56,168
1608735662000,58,146
1608735962000,60,140
1608736262000,57,140
1608736562000,55,180
1608736862000,60,141
1608737162000,58,163
1608737462000,54,171
1608737762000,54,176
1608738062000,54,170
1608738362000,54,166
1608738662000,55,165
1608738962000,56,161
1608739262000,55,153
1608739562000,56,135
1608739862000,56,131
1608740162000,60,115
1608740462000,56,171
1608740762000,54,179
1608741062000,54,197
1608741362000,54,176
1608741662000,55,179
1608741962000,57,152
1608742262000,56,151
1608742562000,58,138
1608742862000,56,186
1608743162000,57,169
1608743462000,58,167
1608743762000,58,157
1608744062000,55,160
1608744362000,57,148
1608744662000,57,162
1608744962000,60,144
1608745262000,62,153
1608745562000,55,193
1608745862000,56,208
1608746162000,56,188
1608746462000,59,158
1608746762000,54,184
1608747062000,56,170
1608747362000,61,163
1608747662000,57,156
1608747962000,57,157
1608748262000,59,147
1608748562000,55,175
1608748862000,59,131
1608749162000,58,141
1608749462000,59,143
1608749762000,59,152
1608750062000,55,174
1608750362000,54,158
1608750662000,56,157
1608750962000,55,156
1608751262000,64,131
1608751562000,62,135
1608751862000,56,183
1608752162000,57,157
1608752462000,55,180
1608752762000,58,167
1608753062000,64,120
1608753362000,0,0
1608753662000,0,0
1608753962000,56,176
1608754262000,55,171
1608754562000,56,159
1608754862000,58,156
1608755162000,57,153
1608755462000,58,145
1608755762000,61,131
1608756062000,57,146
1608756362000,59,137
1608756662000,61,133
1608756962000,61,135
1608757262000,66,108
1608757562000,0,0
1608757862000,55,173
1608758162000,55,183
1608758462000,60,160
1608758762000,57,171
1608759062000,60,139
1608759362000,61,126
1608759662000,57,163
1608759962000,56,176
1608760262000,58,165
1608760562000,60,175
1608760862000,60,175
1608761162000,60,166
1608761462000,80,82
1608761762000,74,78
1608812098000,0,0
1608812398000,0,0
1608812698000,59,152
1608812998000,60,142
1608813298000,60,128
1608813598000,61,127
1608813898000,62,130
1608814198000,63,109
1608814498000,64,100
1608814798000,63,104
1608815098000,64,101
1608815398000,69,94
1608815698000,63,125
1608815998000,66,86
1608816298000,65,105
1608816598000,60,114
1608816898000,61,104
1608817198000,59,110
1608817498000,60,100
1608817798000,67,84
1608818098000,75,67
1608818398000,58,113
1608818698000,59,116
1608818998000,60,124
1608819298000,62,115
1608819598000,63,115
1608819898000,59,121
1608820198000,62,120
1608820498000,63,110
1608820798000,66,78
1608821098000,64,95
1608821398000,61,91
1608821698000,62,87
1608821998000,63,79
1608822298000,61,100
1608822598000,61,94
1608822898000,61,124
1608823198000,62,101
1608823498000,64,99
1608823798000,61,108
1608824098000,62,116
1608824398000,61,126
1608824698000,58,146
1608824998000,57,121
1608825298000,59,138
1608825598000,73,83
1608825898000,63,114
1608826198000,60,123
1608826498000,59,136
1608826798000,60,120
1608827098000,59,132
1608827398000,58,129
1608827698000,65,114
1608827998000,64,106
1608828298000,60,116
1608828598000,67,69
1608828898000,66,64
1608829198000,62,87
1608829498000,62,101
1608829798000,64,74
1608830098000,65,98
1608830398000,64,111
1608830698000,60,120
1608830998000,60,131
1608831298000,68,115
1608831598000,57,157
1608831898000,58,145
1608832198000,59,130
1608832498000,59,145
1608832798000,59,142
1608833098000,61,119
1608833398000,62,117
1608833698000,62,122
1608833998000,57,130
1608834298000,57,131
1608834598000,62,90
1608834898000,61,88
1608835198000,63,89
1608835498000,62,91
1608835798000,62,84
1608836098000,60,104
1608836398000,58,154
1608836698000,62,107
1608836998000,61,104
1608837298000,58,139
1608837598000,55,202
1608837898000,82,45
1608838198000,75,49
1608838498000,70,111
1608838798000,77,36
1608839098000,71,64
1608839398000,73,68
1608839698000,0,0
1608894840000,0,0
1608895140000,0,0
1608895440000,0,0
1608895740000,0,0
1608896040000,0,0
1608896340000,62,99
1608896640000,62,103
1608896940000,60,112
1608897240000,60,106
1608897540000,59,102
1608897840000,59,119
1608898140000,58,140
1608898440000,62,134
1608898740000,65,99
1608899040000,64,117
1608899340000,61,107
1608899640000,57,130
1608899940000,55,146
1608900240000,55,132
1608900540000,55,137
1608900840000,56,137
1608901140000,58,158
1608901440000,55,167
1608901740000,55,162
1608902040000,57,161
1608902340000,58,161
1608902640000,0,0
1608902940000,56,155
1608903240000,55,161
1608903540000,53,167
1608903840000,55,170
1608904140000,55,168
1608904440000,63,131
1608904740000,62,83
1608905040000,63,98
1608905340000,61,113
1608905640000,61,126
1608905940000,62,101
1608906240000,61,120
1608906540000,57,131
1608906840000,57,147
1608907140000,56,146
1608907440000,59,135
1608907740000,0,0
1608908040000,56,176
1608908340000,58,164
1608908640000,59,146
1608908940000,0,0
1608909240000,0,0
1608909540000,0,0
1608909840000,53,197
1608910140000,55,167
1608910440000,57,157
1608910740000,58,157
1608911040000,57,177
1608911340000,0,0
1608911640000,65,73
1608911940000,60,127
1608912240000,63,82
1608912540000,62,110
1608912840000,65,79
1608913140000,59,139
1608913440000,59,156
1608913740000,59,140
1608914040000,59,134
1608914340000,0,0
1608914640000,0,0
1608914940000,0,0
1608915240000,0,0
1608915540000,54,196
1608915840000,56,175
1608916140000,57,160
1608916440000,58,140
1608916740000,55,164
1608917040000,55,148
1608917340000,56,142
1608917640000,56,146
1608917940000,59,159
1608918240000,60,135
1608918540000,60,119
1608918840000,59,119
1608919140000,62,132
1608919440000,60,140
1608919740000,61,132
1608920040000,62,111
1608920340000,63,109
1608920640000,64,101
1608920940000,62,120
1608921240000,63,116
1608921540000,62,122
1608921840000,63,113
1608922140000,59,180
1608922440000,57,170
1608922740000,60,138
1608923040000,61,124
1608923340000,63,113
1608923640000,59,133
1608923940000,63,118
1608924240000,0,0
1608983340000,0,0
1608983640000,66,116
1608983940000,66,115
1608984240000,62,135
1608984540000,61,132
1608984840000,60,136
1608985140000,61,147
1608985440000,64,124
1608985740000,60,137
1608986040000,59,134
1608986340000,61,122
1608986640000,65,129
1608986940000,62,131
1608987240000,64,110
1608987540000,64,108
1608987840000,65,102
1608988140000,62,139
1608988440000,58,156
1608988740000,58,149
1608989040000,58,148
1608989340000,58,142
1608989640000,58,144
1608989940000,61,160
1608990240000,57,167
1608990540000,55,199
1608990840000,56,188
1608991140000,59,166
1608991440000,55,187
1608991740000,56,185
1608992040000,59,159
1608992340000,56,163
1608992640000,56,182
1608992940000,58,130
1608993240000,61,97
1608993540000,64,88
1608993840000,60,124
1608994140000,62,92
1608994440000,64,93
1608994740000,63,74
1608995040000,60,134
1608995340000,58,156
1608995640000,54,202
1608995940000,53,205
1608996240000,53,212
1608996540000,55,182
1608996840000,54,210
1608997140000,56,190
1608997440000,52,171
1608997740000,53,187
1608998040000,53,166
1608998340000,54,160
1608998640000,53,164
1608998940000,53,163
1608999240000,53,180
1608999540000,53,168
1608999840000,57,165
1609000140000,61,116
1609000440000,62,112
1609000740000,60,120
1609001040000,61,117
1609001340000,62,99
1609001640000,61,118
1609001940000,54,176
1609002240000,54,183
1609002540000,55,192
1609002840000,55,164
1609003140000,58,158
1609003440000,0,0
1609003740000,54,183
1609004040000,58,133
1609004340000,56,175
1609004640000,59,154
1609004940000,59,147
1609005240000,61,121
1609005540000,60,127
1609005840000,61,142
1609006140000,61,140
1609006440000,56,172
1609006740000,58,149
1609007040000,57,167
1609007340000,59,148
1609007640000,57,169
1609007940000,56,188
1609008240000,0,0
1609008540000,55,218
1609008840000,59,180
1609009140000,57,174
1609009440000,60,159
1609009740000,63,144
1609010040000,59,139
1609010340000,60,145
1609010640000,60,163
1609010940000,0,0
1609011240000,57,161
1609011540000,64,105
1609011840000,0,0
1609012140000,62,143
1609012440000,0,0
1609012740000,0,0
1609013040000,0,0
1609013340000,0,0
1609013640000,0,0
1609013940000,59,148
1609014240000,60,135
1609014540000,61,128
1609014840000,60,145
1609015140000,66,117
1609015440000,0,0
1609015740000,62,150
1609016040000,61,157
1609016340000,62,139
1609016640000,61,141
1609016940000,62,148
1609017240000,64,117
1609017540000,0,0
1609017840000,63,119
1609018140000,63,133
1609018440000,73,73
1609018740000,66,131
1609019040000,65,108
1609019340000,65,121
1609019640000,66,107
1609019940000,61,147
1609020240000,62,136
1609020540000,0,0
1609020840000,57,155
1609021140000,59,155
1609021440000,72,99
1609021740000,0,0
1609022040000,62,148
1609022340000,61,150
1609022640000,0,0
1609022940000,58,145
1609023240000,58,135
1609023540000,61,141
1609023840000,0,0
1609024140000,71,92
1609024440000,0,0
1609074211000,0,0
1609074511000,60,145
1609074811000,59,149
1609075111000,60,136
1609075411000,58,147
1609075711000,58,130
1609076011000,58,140
1609076311000,57,141
1609076611000,58,142
1609076911000,59,141
1609077211000,59,153
1609077511000,59,129
1609077811000,58,144
1609078111000,64,108
1609078411000,67,83
1609078711000,65,95
1609079011000,0,0
1609079311000,58,168
1609079611000,58,167
1609079911000,57,197
1609080211000,59,161
1609080511000,59,167
1609080811000,60,151
1609081111000,58,155
1609081411000,60,154
1609081711000,58,160
1609082011000,54,174
1609082311000,54,155
1609082611000,54,174
1609082911000,57,148
1609083211000,57,163
1609083511000,62,144
1609083811000,63,102
1609084111000,65,75
1609084411000,62,125
1609084711000,62,131
1609085011000,60,145
1609085311000,61,133
1609085611000,62,112
1609085911000,57,195
1609086211000,57,198
1609086511000,56,187
1609086811000,57,180
1609087111000,58,175
1609087411000,56,190
1609087711000,55,201
1609088011000,55,205
1609088311000,0,0
1609088611000,57,183
1609088911000,56,184
1609089211000,57,180
1609089511000,56,183
1609089811000,57,168
1609090111000,60,125
1609090411000,63,118
1609090711000,62,118
1609091011000,62,118
1609091311000,59,146
1609091611000,58,166
1609091911000,58,173
1609092211000,63,158
1609092511000,59,186
1609092811000,58,183
1609093111000,59,179
1609093411000,67,155
1609093711000,57,202
1609094011000,57,189
1609094311000,59,178
1609094611000,62,141
1609094911000,0,0
1609095211000,59,161
1609095511000,0,0
1609095811000,0,0
1609096111000,61,142
1609096411000,0,0
1609096711000,59,148
1609097011000,0,0
1609097311000,0,0
1609097611000,64,123
1609097911000,65,96
1609098211000,65,115
1609098511000,63,130
1609098811000,64,130
1609099111000,0,0
1609099411000,0,0
1609099711000,57,174
1609100011000,55,182
1609100311000,59,156
1609100611000,60,186
1609100911000,60,171
1609101211000,0,0
1609101511000,63,120
1609101811000,63,124
1609102111000,62,123
1609102411000,65,104
1609102711000,66,115
1609103011000,65,117
1609103311000,65,122
1609103611000,68,110
1609103911000,60,128
1609104211000,61,138
1609104511000,63,138
1609104811000,59,151
1609105111000,0,0
1609105411000,0,0
1609155813000,0,0
1609156113000,0,0
1609156413000,69,85
1609156713000,64,119
1609157013000,60,147
1609157313000,61,151
1609157613000,61,134
1609157913000,62,119
1609158213000,64,115
1609158513000,61,134
1609158813000,62,119
1609159113000,61,127
1609159413000,62,123
1609159713000,67,110
1609160013000,60,137
1609160313000,59,132
1609160613000,59,128
1609160913000,59,142
1609161213000,56,163
1609161513000,56,166
1609161813000,54,181
1609162113000,53,172
1609162413000,54,179
1609162713000,58,155
1609163013000,56,195
1609163313000,56,169
1609163613000,52,202
1609163913000,52,194
1609164213000,55,189
1609164513000,54,174
1609164813000,53,193
1609165113000,53,186
1609165413000,59,173
1609165713000,56,143
1609166013000,58,130
1609166313000,59,128
1609166613000,63,115
1609166913000,58,149
1609167213000,55,159
1609167513000,60,136
1609167813000,58,155
1609168113000,57,152
1609168413000,57,168
1609168713000,55,226
1609169013000,55,218
1609169313000,58,187
1609169613000,0,0
1609169913000,53,230
1609170213000,54,202
1609170513000,54,211
1609170813000,55,176
1609171113000,51,191
1609171413000,50,210
1609171713000,51,193
1609172013000,53,179
1609172313000,52,188
1609172613000,58,183
1609172913000,51,180
1609173213000,53,154
1609173513000,57,133
1609173813000,54,162
1609174113000,54,164
1609174413000,57,168
1609174713000,54,178
1609175013000,52,190
1609175313000,0,0
1609175613000,52,239
1609175913000,54,215
1609176213000,52,223
1609176513000,54,210
1609176813000,0,0
1609177113000,53,194
1609177413000,52,193
1609177713000,53,199
1609178013000,51,186
1609178313000,53,216
1609178613000,60,171
1609178913000,54,172
1609179213000,59,134
1609179513000,59,147
1609179813000,56,161
1609180113000,60,128
1609180413000,55,189
1609180713000,53,188
1609181013000,0,0
1609181313000,0,0
1609181613000,52,190
1609181913000,64,133
1609182213000,0,0
1609246230000,0,0
1609246530000,63,146
1609246830000,64,133
1609247130000,65,129
1609247430000,63,131
1609247730000,61,116
1609248030000,61,112
1609248330000,63,100
1609248630000,65,128
1609248930000,59,150
1609249230000,60,141
1609249530000,62,141
1609249830000,61,134
1609250130000,59,159
1609250430000,59,141
1609250730000,59,141
1609251030000,59,137
1609251330000,59,144
1609251630000,60,131
1609251930000,72,89
1609252230000,62,127
1609252530000,64,90
1609252830000,64,89
1609253130000,65,75
1609253430000,63,99
1609253730000,61,126
1609254030000,57,167
1609254330000,56,171
1609254630000,57,162
1609254930000,57,168
1609255230000,55,177
1609255530000,58,165
1609255830000,59,177
1609256130000,53,201
1609256430000,55,173
1609256730000,58,155
1609257030000,56,157
1609257330000,56,173
1609257630000,61,143
1609257930000,54,170
1609258230000,53,183
1609258530000,57,150
1609258830000,64,96
1609259130000,67,65
1609259430000,61,122
1609259730000,61,128
1609260030000,60,148
1609260330000,58,161
1609260630000,57,182
1609260930000,56,157
1609261230000,58,173
1609261530000,56,167
1609261830000,56,180
1609262130000,55,188
1609262430000,56,181
1609262730000,58,164
1609263030000,57,181
1609263330000,61,151
1609263630000,56,184
1609263930000,53,208
1609264230000,53,226
1609264530000,60,160
1609264830000,56,166
1609265130000,58,119
1609265430000,60,109
1609265730000,60,111
1609266030000,58,133
1609266330000,59,118
1609266630000,58,131
1609266930000,56,183
1609267230000,55,203
1609267530000,60,159
1609267830000,0,0
1609268130000,0,0
1609268430000,55,208
1609268730000,58,145
1609269030000,58,142
1609269330000,60,136
1609269630000,59,151
1609269930000,60,142
1609270230000,65,92
1609270530000,64,114
1609270830000,66,101
1609271130000,65,102
1609271430000,65,111
1609271730000,64,101
1609272030000,63,112
1609272330000,65,110
1609272630000,63,126
1609272930000,0,0
1609273230000,55,185
1609273530000,56,175
1609273830000,60,172
1609274130000,57,155
1609274430000,56,151
1609274730000,60,130
1609275030000,60,122
1609275330000,62,117
1609275630000,63,110
1609275930000,66,98
1609276230000,66,92
1609276530000,62,109
1609276830000,63,117
1609277130000,61,130
1609277430000,61,140
1609277730000,80,73
1609278030000,71,97
1609278330000,71,80
1609278630000,0,0
1609334548000,62,136
1609334848000,63,116
1609335148000,64,115
1609335448000,62,114
1609335748000,62,110
1609336048000,62,112
1609336348000,61,132
1609336648000,62,117
1609336948000,63,101
1609337248000,64,115
1609337548000,63,111
1609337848000,71,94
1609338148000,66,63
1609338448000,67,59
1609338748000,63,89
1609339048000,61,105
1609339348000,62,119
1609339648000,57,132
1609339948000,60,103
1609340248000,61,116
1609340548000,62,102
1609340848000,64,91
1609341148000,65,90
1609341448000,64,93
1609341748000,61,96
1609342048000,65,110
1609342348000,65,68
1609342648000,65,64
1609342948000,66,58
1609343248000,66,50
1609343548000,66,63
1609343848000,65,105
1609344148000,58,166
1609344448000,60,147
1609344748000,61,132
1609345048000,59,127
1609345348000,59,123
1609345648000,61,110
1609345948000,60,122
1609346248000,61,111
1609346548000,61,129
1609346848000,59,121
1609347148000,61,122
1609347448000,61,123
1609347748000,59,142
1609348048000,61,119
1609348348000,63,142
1609348648000,60,125
1609348948000,63,82
1609349248000,64,46
1609349548000,67,62
1609349848000,63,71
1609350148000,64,86
1609350448000,67,58
1609350748000,66,54
1609351048000,60,125
1609351348000,58,139
1609351648000,56,138
1609351948000,57,133
1609352248000,57,135
1609352548000,61,132
1609352848000,58,127
1609353148000,60,144
1609353448000,55,162
1609353748000,60,127
1609354048000,59,146
1609354348000,60,141
1609354648000,0,0
1609354948000,58,165
1609355248000,66,110
1609355548000,59,146
1609355848000,55,159
1609356148000,0,0
1609356448000,0,0
1609356748000,0,0
1609357048000,61,122
1609357348000,0,0
1609357648000,0,0
1609357948000,61,145
1609358248000,61,150
1609358548000,0,0
1609358848000,59,146
1609359148000,60,116
1609359448000,59,129
1609359748000,0,0
1609360048000,58,149
1609360348000,58,130
1609360648000,57,134
1609360948000,56,114
1609361248000,0,0
1609361548000,60,106
1609417167000,71,87
1609417467000,71,69
1609417767000,70,78
1609418067000,68,104
1609418367000,68,91
1609418667000,68,95
1609418967000,70,85
1609419267000,72,77
1609419567000,72,82
1609419867000,72,76
1609420167000,71,73
1609420467000,78,71
1609420767000,75,54
1609421067000,77,33
1609421367000,75,40
1609421667000,73,55
1609421967000,71,78
1609422267000,63,114
1609422567000,64,89
1609422867000,65,127
1609423167000,62,115
1609423467000,63,100
1609423767000,64,105
1609424067000,63,115
1609424367000,63,104
1609424667000,68,114
1609424967000,64,99
1609425267000,62,105
1609425567000,62,128
1609425867000,65,98
1609426167000,65,121
1609426467000,63,111
1609426767000,62,122
1609427067000,64,123
1609427367000,61,146
1609427667000,62,105
1609427967000,66,70
1609428267000,68,69
1609428567000,69,49
1609428867000,67,75
1609429167000,67,74
1609429467000,64,99
1609429767000,62,107
1609430067000,60,137
1609430367000,58,152
1609430667000,63,157
1609430967000,60,153
1609431267000,59,140
1609431567000,61,131
1609431867000,60,135
1609432167000,62,121
1609432467000,60,152
1609432767000,61,139
1609433067000,60,143
1609433367000,61,131
1609433667000,57,156
1609433967000,62,93
1609434267000,63,76
1609434567000,64,96
1609434867000,60,169
1609435167000,64,103
1609435467000,64,98
1609435767000,66,79
1609436067000,60,139
1609436367000,61,148
1609436667000,61,151
1609436967000,0,0
1609437267000,57,187
1609437567000,58,169
1609437867000,60,151
1609438167000,60,174
1609438467000,60,181
1609438767000,62,166
1609439067000,0,0
1609439367000,60,152
1609439667000,61,124
1609439967000,64,118
1609440267000,67,96
1609440567000,63,110
1609440867000,63,131
1609441167000,0,0
1609441467000,60,157
1609441767000,61,153
1609442067000,55,167
1609442367000,57,156
1609442667000,59,173
1609442967000,59,161
1609443267000,61,155
1609443567000,60,160
1609443867000,65,129
1609444167000,66,113
1609444467000,62,114
1609444767000,62,144
1609445067000,57,137
1609445367000,72,72
1609445667000,0,0
1609445967000,61,152
1609446267000,60,158
1609446567000,57,153
1609446867000,62,145
1609447167000,59,148
1609447467000,59,152
1609447767000,65,144
1609448067000,61,133
1609448367000,62,137
1609448667000,62,153
1609448967000,0,0
1609449267000,57,145
1609449567000,58,139
1609449867000,57,152
1609450167000,58,138
1609450467000,59,128
1609450767000,62,127
1609451067000,68,116
1609451367000,68,99
1609451667000,68,118
1609451967000,70,104
1609452267000,63,139
1609452567000,62,143
1609452867000,68,107
1609453167000,65,118
1609453467000,63,123
1609453767000,0,0
1609454067000,0,0
1609454367000,0,0
1609507048000,67,112
1609507348000,65,106
1609507648000,66,100
1609507948000,65,106
1609508248000,66,110
1609508548000,68,106
1609508848000,67,110
1609509148000,68,96
1609509448000,66,94
1609509748000,69,96
1609510048000,61,134
1609510348000,60,126
1609510648000,61,114
1609510948000,63,113
1609511248000,61,117
1609511548000,66,71
1609511848000,68,53
1609512148000,68,48
1609512448000,66,72
1609512748000,58,154
1609513048000,59,138
1609513348000,60,143
1609513648000,58,141
1609513948000,59,147
1609514248000,60,136
1609514548000,61,122
1609514848000,61,126
1609515148000,63,126
1609515448000,61,133
1609515748000,57,145
1609516048000,53,175
1609516348000,54,172
1609516648000,55,167
1609516948000,55,165
1609517248000,56,166
1609517548000,61,122
1609517848000,64,77
1609518148000,65,83
1609518448000,57,172
1609518748000,62,120
1609519048000,60,124
1609519348000,58,146
1609519648000,58,135
1609519948000,57,148
1609520248000,54,175
1609520548000,56,169
1609520848000,56,184
1609521148000,57,162
1609521448000,57,178
1609521748000,55,176
1609522048000,56,164
1609522348000,57,157
1609522648000,57,148
1609522948000,58,163
1609523248000,58,137
1609523548000,58,144
1609523848000,60,136
1609524148000,59,134
1609524448000,61,101
1609524748000,61,111
1609525048000,60,136
1609525348000,58,146
1609525648000,57,175
1609525948000,53,206
1609526248000,52,189
1609526548000,55,175
1609526848000,55,179
1609527148000,56,149
1609527448000,58,147
1609527748000,58,133
1609528048000,58,141
1609528348000,0,0
1609528648000,59,145
1609528948000,55,143
1609529248000,57,151
1609529548000,59,131
1609529848000,56,134
1609530148000,59,134
1609530448000,54,153
1609530748000,58,154
1609531048000,53,178
1609531348000,52,165
1609531648000,55,175
1609531948000,56,185
1609532248000,55,168
1609532548000,60,127
1609532848000,58,131
1609533148000,57,133
1609533448000,60,123
1609533748000,61,117
1609534048000,59,134
1609534348000,60,134
1609534648000,58,146
1609534948000,58,150
1609535248000,54,169
1609535548000,57,146
1609535848000,56,169
1609536148000,56,147
1609536448000,58,148
1609536748000,54,144
1609537048000,54,139
1609537348000,0,0
1609537648000,0,0
1609537948000,0,0
1609538248000,58,145
1609538548000,61,125
1609538848000,59,151
1609539148000,58,144
1609539448000,60,129
1609539748000,55,137
1609540048000,55,151
1609540348000,56,139
1609540648000,58,128
1609540948000,65,116
1609541248000,60,128
1609541548000,58,134
1609541848000,57,142
1609542148000,59,131
1609542448000,0,0
1609595069000,0,0
1609595369000,63,111
1609595669000,65,119
1609595969000,61,117
1609596269000,62,128
1609596569000,62,136
1609596869000,61,129
1609597169000,62,137
1609597469000,60,130
1609597769000,64,105
1609598069000,65,100
1609598369000,66,92
1609598669000,65,93
1609598969000,60,138
1609599269000,57,150
1609599569000,59,147
1609599869000,58,132
1609600169000,59,133
1609600469000,60,138
1609600769000,60,138
1609601069000,63,111
1609601369000,59,167
1609601669000,67,133
1609601969000,56,166
1609602269000,56,154
1609602569000,56,163
1609602869000,57,150
1609603169000,57,170
1609603469000,59,152
1609603769000,60,144
1609604069000,63,133
1609604369000,66,68
1609604669000,64,98
1609604969000,57,169
1609605269000,58,164
1609605569000,62,120
1609605869000,61,135
1609606169000,60,150
1609606469000,59,144
1609606769000,57,184
1609607069000,0,0
1609607369000,0,0
1609607669000,0,0
1609607969000,55,191
1609608269000,57,168
1609608569000,56,169
1609608869000,0,0
1609609169000,53,176
1609609469000,53,174
1609609769000,52,183
1609610069000,0,0
1609610369000,55,172
1609610669000,56,166
1609610969000,0,0
1609611269000,0,0
1609611569000,57,152
1609611869000,0,0
1609612169000,0,0
1609612469000,58,164
1609612769000,0,0
1609613069000,63,119
1609613369000,54,160
1609613669000,55,154
1609613969000,55,164
1609614269000,57,148
1609614569000,54,151
1609614869000,0,0
1609615169000,55,137
1609615469000,55,137
1609615769000,0,0
1609616069000,54,187
1609616369000,54,192
1609616669000,57,173
1609616969000,55,195
1609617269000,0,0
1609617569000,59,153
1609617869000,61,125
1609618169000,60,148
1609618469000,56,164
1609618769000,58,148
1609619069000,58,152
1609619369000,66,124
1609619669000,58,144
1609619969000,57,152
1609620269000,57,140
1609620569000,57,133
1609620869000,0,0
1609621169000,0,0
1609621469000,55,172
1609621769000,50,160
1609622069000,53,161
1609622369000,56,148
1609622669000,55,157
1609622969000,55,197
1609623269000,56,181
1609623569000,55,161
1609623869000,0,0
1609624169000,66,138
1609624469000,59,119
1609624769000,61,119
1609625069000,59,127
1609625369000,65,113
1609625669000,0,0
1609678891000,0,0
1609679191000,66,111
1609679491000,64,133
1609679791000,62,143
1609680091000,62,148
1609680391000,62,149
1609680691000,61,137
1609680991000,63,130
1609681291000,62,125
1609681591000,63,118
1609681891000,64,119
1609682191000,64,136
1609682491000,65,94
1609682791000,64,99
1609683091000,66,78
1609683391000,65,84
1609683691000,62,119
1609683991000,61,147
1609684291000,59,158
1609684591000,60,150
1609684891000,64,148
1609685191000,59,131
1609685491000,58,136
1609685791000,58,143
1609686091000,58,150
1609686391000,60,160
1609686691000,60,152
1609686991000,68,117
1609687291000,61,162
1609687591000,58,159
1609687891000,58,156
1609688191000,62,126
1609688491000,63,112
1609688791000,61,137
1609689091000,61,148
1609689391000,61,159
1609689691000,61,148
1609689991000,61,147
1609690291000,58,169
1609690591000,56,193
1609690891000,57,189
1609691191000,58,199
1609691491000,60,185
1609691791000,61,179
1609692091000,0,0
1609692391000,60,202
1609692691000,0,0
1609692991000,54,209
1609693291000,59,176
1609693591000,57,186
1609693891000,56,180
1609694191000,55,187
1609694491000,58,166
1609694791000,57,175
1609695091000,57,184
1609695391000,59,171
1609695691000,58,167
1609695991000,60,151
1609696291000,64,126
1609696591000,67,106
1609696891000,60,145
1609697191000,59,135
1609697491000,59,161
1609697791000,59,159
1609698091000,0,0
1609698391000,0,0
1609698691000,59,179
1609698991000,58,191
1609699291000,0,0
1609699591000,56,210
1609699891000,56,188
1609700191000,55,202
1609700491000,55,213
1609700791000,70,124
1609701091000,61,114
1609701391000,56,133
1609701691000,52,156
1609701991000,55,152
1609702291000,55,148
1609702591000,53,172
1609702891000,58,161
1609703191000,62,136
1609703491000,0,0
1609703791000,58,158
1609704091000,60,126
1609704391000,71,77
1609704691000,73,89
1609704991000,0,0
1609705291000,0,0
1609705591000,0,0
1609705891000,0,0
1609706191000,0,0
1609706491000,0,0
1609759108000,55,154
1609759408000,55,138
1609759708000,56,150
1609760008000,56,123
1609760308000,55,122
1609760608000,57,130
1609760908000,63,126
1609761208000,57,148
1609761508000,59,156
1609761808000,59,153
1609762108000,58,156
1609762408000,59,138
1609762708000,60,135
1609763008000,61,158
1609763308000,62,137
1609763608000,62,125
1609763908000,62,130
1609764208000,66,106
1609764508000,65,93
1609764808000,66,68
1609765108000,66,60
1609765408000,67,57
1609765708000,65,74
1609766008000,63,116
1609766308000,58,143
1609766608000,57,148
1609766908000,59,140
1609767208000,60,133
1609767508000,61,122
1609767808000,60,143
1609768108000,61,120
1609768408000,59,153
1609768708000,60,128
1609769008000,60,129
1609769308000,63,121
1609769608000,63,128
1609769908000,60,125
1609770208000,68,107
1609770508000,65,79
1609770808000,65,61
1609771108000,66,57
1609771408000,70,50
1609771708000,69,49
1609772008000,65,88
1609772308000,61,126
1609772608000,62,102
1609772908000,58,145
1609773208000,57,154
1609773508000,57,162
1609773808000,61,145
1609774108000,57,160
1609774408000,58,152
1609774708000,59,160
1609775008000,60,145
1609775308000,60,135
1609775608000,60,143
1609775908000,77,72
1609776208000,78,59
1609776508000,68,103
1609776808000,77,48
1609834175000,0,0
1609834475000,58,131
1609834775000,59,152
1609835075000,60,151
1609835375000,59,147
1609835675000,61,139
1609835975000,62,137
1609836275000,67,133
1609836575000,64,133
1609836875000,60,133
1609837175000,67,80
1609837475000,67,77
1609837775000,69,67
1609838075000,65,83
1609838375000,64,118
1609838675000,62,111
1609838975000,61,122
1609839275000,63,127
1609839575000,62,118
1609839875000,63,96
1609840175000,62,125
1609840475000,63,106
1609840775000,63,111
1609841075000,56,153
1609841375000,58,150
1609841675000,59,166
1609841975000,58,158
1609842275000,63,152
1609842575000,58,159
1609842875000,58,167
1609843175000,62,123
1609843475000,70,48
1609843775000,68,63
1609844075000,69,65
1609844375000,62,147
1609844675000,59,176
1609844975000,61,160
1609845275000,61,146
1609845575000,60,164
1609845875000,57,173
1609846175000,55,188
1609846475000,55,185
1609846775000,58,180
1609847075000,57,180
1609847375000,60,156
1609847675000,58,164
1609847975000,60,144
1609848275000,61,141
1609848575000,49,198
1609848875000,54,208
1609849175000,51,204
1609849475000,53,224
1609849775000,56,187
1609850075000,62,165
1609850375000,63,100
1609850675000,65,54
1609850975000,65,76
1609851275000,64,76
1609851575000,58,170
1609851875000,53,228
1609852175000,53,227
1609852475000,53,216
1609852775000,50,232
1609853075000,51,224
1609853375000,52,231
1609853675000,56,202
1609853975000,0,0
1609854275000,55,197
1609854575000,0,0
1609854875000,54,192
1609855175000,51,218
1609855475000,0,0
1609855775000,54,239
1609856075000,0,0
1609856375000,52,227
1609856675000,0,0
1609856975000,0,0
1609857275000,63,112
1609857575000,64,103
1609857875000,66,80
1609858175000,0,0
1609858475000,59,174
1609858775000,59,186
1609859075000,53,210
1609859375000,54,220
1609859675000,52,221
1609859975000,51,230
1609860275000,52,244
1609860575000,52,241
1609860875000,54,169
1609861175000,52,184
1609861475000,52,191
1609861775000,52,180
1609862075000,53,205
1609862375000,77,83
1609862675000,64,120
1609862975000,0,0
1609863275000,0,0
1609863575000,0,0
1609863875000,53,125
1609864175000,55,145
1609864475000,63,123
1609864775000,53,147
1609865075000,68,101
1609865375000,0,0
1609865675000,0,0
1609927528000,0,0
1609927828000,0,0
1609928128000,64,130
1609928428000,64,120
1609928728000,64,114
1609929028000,64,124
1609929328000,64,122
1609929628000,63,118
1609929928000,63,111
1609930228000,64,117
1609930528000,64,117
1609930828000,61,121
1609931128000,64,103
1609931428000,71,59
1609931728000,70,57
1609932028000,73,48
1609932328000,70,71
1609932628000,67,125
1609932928000,63,111
1609933228000,63,116
1609933528000,63,108
1609933828000,63,108
1609934128000,61,118
1609934428000,58,117
1609934728000,60,113
1609935028000,62,131
1609935328000,63,106
1609935628000,64,132
1609935928000,64,111
1609936228000,67,71
1609936528000,66,62
1609936828000,66,74
1609937128000,63,91
1609937428000,63,89
1609937728000,60,115
1609938028000,60,138
1609938328000,60,140
1609938628000,59,137
1609938928000,58,151
1609939228000,58,150
1609939528000,57,180
1609939828000,54,197
1609940128000,54,178
1609940428000,53,149
1609940728000,52,167
1609941028000,53,182
1609941328000,53,193
1609941628000,56,191
1609941928000,57,166
1609942228000,60,147
1609942528000,62,123
1609942828000,62,109
1609943128000,61,132
1609943428000,59,137
1609943728000,62,118
1609944028000,55,192
1609944328000,54,188
1609944628000,56,176
1609944928000,58,147
1609945228000,55,175
1609945528000,54,195
1609945828000,53,187
1609946128000,53,194
1609946428000,53,196
1609946728000,52,197
1609947028000,53,185
1609947328000,54,182
1609947628000,54,213
1609947928000,51,230
1609948228000,55,219
1609948528000,52,254
1609948828000,66,147
1609949128000,55,163
1609949428000,53,152
1609949728000,51,150
1609950028000,0,0
1609950328000,65,126
1609950628000,51,182
1609950928000,52,192
1609951228000,53,204
1609951528000,57,168
1609951828000,0,0
1609952128000,0,0
1609952428000,53,122
1609952728000,51,136
1609953028000,55,140
1609953328000,0,0
1610014532000,0,0
1610014832000,0,0
1610015132000,56,153
1610015432000,57,142
1610015732000,59,152
1610016032000,60,149
1610016332000,61,144
1610016632000,61,129
1610016932000,58,128
1610017232000,58,130
1610017532000,57,136
1610017832000,58,133
1610018132000,60,128
1610018432000,65,82
1610018732000,63,96
1610019032000,65,115
1610019332000,58,141
1610019632000,57,132
1610019932000,56,149
1610020232000,58,131
1610020532000,58,139
1610020832000,58,154
1610021132000,59,156
1610021432000,59,133
1610021732000,60,150
1610022032000,0,0
1610022332000,57,170
1610022632000,55,196
1610022932000,57,179
1610023232000,60,161
1610023532000,58,142
1610023832000,65,101
1610024132000,66,105
1610024432000,61,142
1610024732000,61,139
1610025032000,63,133
1610025332000,56,170
1610025632000,58,168
1610025932000,59,145
1610026232000,55,182
1610026532000,55,179
1610026832000,56,164
1610027132000,56,170
1610027432000,58,172
1610027732000,56,181
1610028032000,55,181
1610028332000,55,180
1610028632000,57,183
1610028932000,56,192
1610029232000,0,0
1610029532000,61,166
1610029832000,62,159
1610030132000,59,171
1610030432000,63,151
1610030732000,75,38
1610096908000,0,0
1610097208000,0,0
1610097508000,58,176
1610097808000,58,174
1610098108000,58,171
1610098408000,57,171
1610098708000,57,153
1610099008000,59,160
1610099308000,58,168
1610099608000,59,167
1610099908000,59,170
1610100208000,58,166
1610100508000,60,143
1610100808000,69,59
1610101108000,69,69
1610101408000,67,74
1610101708000,55,164
1610102008000,55,154
1610102308000,54,170
1610102608000,55,167
1610102908000,56,163
1610103208000,56,158
1610103508000,55,149
1610103808000,59,143
1610104108000,57,161
1610104408000,55,163
1610104708000,59,151
1610105008000,62,131
1610105308000,62,124
1610105608000,61,140
1610105908000,61,123
1610106208000,60,138
1610106508000,60,147
1610106808000,57,167
1610107108000,53,172
1610107408000,54,164
1610107708000,54,181
1610108008000,55,167
1610108308000,53,185
1610108608000,55,197
1610108908000,54,195
1610109208000,56,199
1610109508000,57,166
1610109808000,57,183
1610110108000,59,168
1610110408000,63,138
1610110708000,60,166
1610111008000,56,166
1610111308000,61,132
1610111608000,63,97
1610111908000,59,144
1610112208000,59,156
1610112508000,58,155
1610112808000,55,205
1610113108000,53,208
1610113408000,57,194
1610113708000,52,179
1610114008000,55,155
1610114308000,53,170
1610114608000,55,159
1610114908000,54,162
1610115208000,56,157
1610115508000,64,122
1610115808000,62,125
1610116108000,64,101
1610116408000,63,121
1610116708000,59,162
1610117008000,63,99
1610117308000,62,106
1610117608000,64,103
1610117908000,58,159
1610118208000,57,148
1610118508000,56,194
1610118808000,57,192
1610119108000,57,161
1610119408000,0,0
1610119708000,51,163
1610120008000,51,172
1610120308000,50,168
1610120608000,54,193
1610120908000,49,198
1610121208000,52,147
1610121508000,65,117
1610187869000,61,136
1610188169000,59,141
1610188469000,60,139
1610188769000,60,162
1610189069000,61,164
1610189369000,62,150
1610189669000,63,151
1610189969000,64,141
1610190269000,64,133
1610190569000,64,125
1610190869000,64,124
1610191169000,65,122
1610191469000,66,119
1610191769000,66,117
1610192069000,69,101
1610192369000,73,40
1610192669000,72,39
1610192969000,71,50
1610193269000,69,59
1610193569000,68,66
1610193869000,65,86
1610194169000,65,92
1610194469000,67,81
1610194769000,66,84
1610195069000,67,72
1610195369000,67,84
1610195669000,66,84
1610195969000,68,83
1610196269000,65,125
1610196569000,65,95
1610196869000,65,72
1610197169000,64,89
1610197469000,66,72
1610197769000,65,92
1610198069000,63,109
1610198369000,60,135
1610198669000,60,137
1610198969000,60,142
1610199269000,56,193
1610199569000,58,164
1610199869000,58,165
1610200169000,59,154
1610200469000,60,156
1610200769000,60,156
1610201069000,61,150
1610201369000,60,144
1610201669000,58,147
1610201969000,61,118
1610202269000,60,128
1610202569000,66,116
1610202869000,61,114
1610203169000,64,106
1610203469000,57,158
1610203769000,58,169
1610204069000,58,165
1610204369000,57,205
1610204669000,0,0
1610204969000,62,168
1610205269000,59,209
1610205569000,58,196
1610205869000,60,195
1610206169000,55,165
1610206469000,55,166
1610206769000,54,168
1610207069000,55,183
1610207369000,55,165
1610207669000,54,178
1610207969000,59,154
1610208269000,64,115
1610208569000,67,88
1610208869000,63,107
1610209169000,65,101
1610209469000,64,108
1610209769000,61,147
1610210069000,59,177
1610210369000,55,179
1610210669000,58,156
1610210969000,56,204
1610211269000,56,200
1610211569000,56,177
1610211869000,0,0
1610212169000,54,205
1610212469000,53,223
1610212769000,54,212
1610213069000,57,190
1610213369000,0,0
1610213669000,58,163
1610213969000,59,140
1610214269000,61,133
1610214569000,57,176
1610214869000,59,136
1610215169000,59,164
1610215469000,60,173
1610215769000,57,179
1610216069000,55,182
1610216369000,58,185
1610216669000,54,206
1610216969000,55,197
1610217269000,57,194
1610217569000,52,181
1610217869000,54,205
1610218169000,53,199
1610218469000,54,184
1610218769000,82,77
1610219069000,63,115
1610219369000,57,146
1610219669000,57,148
1610219969000,56,145
1610220269000,57,151
1610220569000,0,0
1610220869000,64,122
1610221169000,75,74
1610221469000,71,114
1610221769000,73,97
1610222069000,0,0
1610283867000,57,154
1610284167000,57,167
1610284467000,59,147
1610284767000,59,146
1610285067000,59,130
1610285367000,60,119
1610285667000,60,127
1610285967000,60,136
1610286267000,60,142
1610286567000,59,122
1610286867000,58,139
1610287167000,57,147
1610287467000,57,151
1610287767000,61,136
1610288067000,61,120
1610288367000,61,114
1610288667000,58,151
1610288967000,61,142
1610289267000,57,156
1610289567000,56,144
1610289867000,55,152
1610290167000,55,152
1610290467000,62,121
1610290767000,53,145
1610291067000,53,166
1610291367000,54,180
1610291667000,56,166
1610291967000,54,151
1610292267000,53,149
1610292567000,53,160
1610292867000,52,192
1610293167000,55,193
1610293467000,56,143
1610293767000,59,132
1610294067000,58,147
1610294367000,59,138
1610294667000,57,145
1610294967000,58,153
1610295267000,63,112
1610295567000,61,117
1610295867000,61,128
1610296167000,60,137
1610296467000,56,195
1610296767000,52,193
1610297067000,53,209
1610297367000,52,191
1610297667000,53,200
1610297967000,54,172
1610298267000,52,152
1610298567000,52,154
1610298867000,52,160
1610299167000,52,170
1610299467000,52,154
1610299767000,54,173
1610300067000,53,167
1610300367000,57,164
1610300667000,58,157
1610300967000,61,153
1610301267000,60,134
1610301567000,58,156
1610301867000,55,145
1610302167000,52,152
1610302467000,51,157
1610302767000,51,164
1610303067000,50,167
1610303367000,53,163
1610303667000,54,155
1610303967000,58,143
1610304267000,52,168
1610304567000,52,160
1610304867000,0,0
1610305167000,56,155
1610305467000,53,160
1610305767000,68,102
1610306067000,49,147
1610306367000,50,157
1610306667000,51,150
1610306967000,50,160
1610307267000,51,165
1610307567000,51,161
1610307867000,52,163
1610308167000,56,145
1610308467000,54,138
1610308767000,55,157
1610309067000,52,174
1610309367000,57,177
1610309667000,56,170
1610309967000,56,190
1610310267000,69,83
1610310567000,57,181
1610310867000,57,177
1610311167000,52,184
1610311467000,50,171
1610311767000,52,172
1610312067000,50,187
1610312367000,50,177
1610312667000,52,192
1610312967000,54,168
1610313267000,52,116
1610313567000,51,138
1610313867000,52,128
1610314167000,53,123
1610314467000,55,151
1610314767000,55,183
1610315067000,0,0
1610315367000,56,158
1610315667000,53,164
1610315967000,53,173
1610316267000,53,171
1610316567000,54,133
1610316867000,51,138
1610317167000,52,137
1610317467000,55,135
1610317767000,55,111
1610318067000,54,131
1610318367000,56,123
1610318667000,54,124
1610318967000,58,120
1610319267000,61,119
1610319567000,74,72
1610366847000,0,0
1610367147000,50,128
1610367447000,49,126
1610367747000,49,124
1610368047000,50,129
1610368347000,51,127
1610368647000,51,132
1610368947000,52,132
1610369247000,54,128
1610369547000,52,128
1610369847000,49,138
1610370147000,49,142
1610370447000,51,152
1610370747000,50,158
1610371047000,50,150
1610371347000,52,148
1610371647000,56,117
1610371947000,50,130
1610372247000,51,120
1610372547000,50,147
1610372847000,55,131
1610373147000,57,145
1610373447000,59,116
1610373747000,57,158
1610374047000,53,188
1610374347000,52,163
1610374647000,51,162
1610374947000,51,170
1610375247000,50,160
1610375547000,49,148
1610375847000,49,155
1610376147000,49,152
1610376447000,51,172
1610376747000,49,167
1610377047000,49,187
1610377347000,49,190
1610377647000,52,154
1610377947000,54,131
1610378247000,52,122
1610378547000,49,147
1610378847000,50,145
1610379147000,50,171
1610379447000,53,165
1610379747000,51,152
1610380047000,50,154
1610380347000,50,134
1610380647000,49,184
1610380947000,47,175
1610381247000,48,192
1610381547000,52,153
1610381847000,50,202
1610382147000,53,165
1610382447000,60,107
1610382747000,56,136
1610383047000,49,141
1610383347000,51,154
1610383647000,48,161
1610383947000,49,156
1610384247000,50,172
1610384547000,49,137
1610384847000,0,0
1610385147000,51,151
1610385447000,0,0
1610385747000,0,0
1610386047000,0,0
1610386347000,0,0
1610386647000,0,0
1610386947000,51,149
1610387247000,50,132
1610387547000,49,145
1610387847000,48,146
1610388147000,0,0
1610388447000,50,129
1610388747000,51,146
1610389047000,48,150
1610389347000,46,102
1610389647000,48,165
1610389947000,51,142
1610390247000,47,155
1610390547000,49,139
1610390847000,54,142
1610391147000,57,126
1610391447000,59,125
1610443768000,0,0
1610444068000,59,152
1610444368000,57,152
1610444668000,57,141
1610444968000,57,143
1610445268000,58,144
1610445568000,58,144
1610445868000,59,147
1610446168000,58,152
1610446468000,58,148
1610446768000,59,160
1610447068000,63,141
1610447368000,59,134
1610447668000,59,153
1610447968000,59,158
1610448268000,57,152
1610448568000,54,157
1610448868000,53,169
1610449168000,54,148
1610449468000,54,163
1610449768000,54,170
1610450068000,56,172
1610450368000,59,141
1610450668000,53,158
1610450968000,54,164
1610451268000,55,170
1610451568000,55,159
1610451868000,61,141
1610452168000,56,182
1610452468000,64,122
1610452768000,64,101
1610453068000,65,107
1610453368000,62,135
1610453668000,61,137
1610453968000,54,192
1610454268000,53,158
1610454568000,51,154
1610454868000,52,169
1610455168000,52,174
1610455468000,52,183
1610455768000,53,190
1610456068000,53,200
1610456368000,59,139
1610456668000,52,155
1610456968000,52,175
1610457268000,55,157
1610457568000,55,136
1610457868000,55,128
1610458168000,58,141
1610458468000,63,107
1610458768000,63,122
1610459068000,58,160
1610459368000,61,174
1610459668000,55,194
1610459968000,56,189
1610460268000,54,194
1610460568000,52,204
1610460868000,51,205
1610461168000,50,206
1610461468000,51,204
1610461768000,49,193
1610462068000,50,180
1610462368000,50,198
1610462668000,48,184
1610462968000,48,192
1610463268000,48,220
1610463568000,49,224
1610463868000,51,224
1610464168000,51,167
1610464468000,51,155
1610464768000,50,176
1610465068000,54,162
1610465368000,52,168
1610465668000,51,161
1610465968000,0,0
1610466268000,55,163
1610466568000,56,197
1610466868000,60,157
1610467168000,59,154
1610467468000,52,194
1610467768000,54,174
1610468068000,48,196
1610468368000,48,164
1610468668000,47,205
1610468968000,0,0
1610469268000,46,162
1610469568000,48,186
1610469868000,50,185
1610470168000,48,161
1610470468000,61,136
1610470768000,72,94
1610471068000,65,105
1610471368000,70,99
1610471668000,70,103
1610471968000,71,88
1610472268000,0,0
1610534340000,0,0
1610534640000,54,150
1610534940000,53,154
1610535240000,53,159
1610535540000,52,149
1610535840000,53,140
1610536140000,54,140
1610536440000,55,140
1610536740000,55,140
1610537040000,56,150
1610537340000,55,149
1610537640000,61,138
1610537940000,63,113
1610538240000,64,96
1610538540000,62,91
1610538840000,60,149
1610539140000,55,176
1610539440000,53,176
1610539740000,55,161
1610540040000,56,160
1610540340000,54,162
1610540640000,54,167
1610540940000,56,147
1610541240000,54,145
1610541540000,52,151
1610541840000,52,162
1610542140000,53,173
1610542440000,58,143
1610542740000,53,154
1610543040000,62,134
1610543340000,57,148
1610543640000,54,187
1610543940000,52,190
1610544240000,55,186
1610544540000,62,127
1610544840000,56,137
1610545140000,62,109
1610545440000,58,126
1610545740000,53,193
1610546040000,56,184
1610546340000,59,158
1610546640000,55,183
1610546940000,60,126
1610547240000,63,93
1610547540000,60,139
1610547840000,61,149
1610548140000,54,198
1610548440000,54,202
1610548740000,53,217
1610549040000,55,193
1610549340000,55,180
1610549640000,54,199
1610549940000,55,192
1610550240000,55,181
1610550540000,57,171
1610550840000,53,145
1610551140000,52,168
1610551440000,53,182
1610551740000,54,175
1610552040000,55,165
1610552340000,55,161
1610552640000,63,154
1610552940000,72,48
1610553240000,55,162
1610553540000,52,152
1610553840000,51,154
1610554140000,52,137
1610554440000,50,173
1610554740000,0,0
1610555040000,55,152
1610555340000,50,174
1610555640000,51,173
1610555940000,58,142
1610556240000,56,192
1610556540000,57,160
1610556840000,55,156
1610557140000,52,163
1610557440000,52,178
1610557740000,54,188
1610558040000,63,157
1610558340000,57,138
1610558640000,53,153
1610558940000,67,79
1610559240000,0,0
1610559540000,0,0
1610559840000,0,0
1610560140000,0,0
1610560440000,0,0
1610560740000,52,131
1610561040000,55,134
1610561340000,54,137
1610561640000,55,133
1610561940000,57,150
1610562240000,59,126
1610562540000,0,0
1610562840000,0,0
1610563140000,57,151
1610563440000,62,121
1610563740000,56,156
1610564040000,0,0
1610620052000,51,161
1610620352000,52,165
1610620652000,51,153
1610620952000,51,134
1610621252000,50,147
1610621552000,51,147
1610621852000,50,136
1610622152000,50,157
1610622452000,51,149
1610622752000,52,165
1610623052000,52,158
1610623352000,53,160
1610623652000,52,167
1610623952000,59,144
1610624252000,0,0
1610624552000,53,179
1610624852000,54,188
1610625152000,57,194
1610625452000,52,191
1610625752000,54,180
1610626052000,53,190
1610626352000,54,192
1610626652000,54,199
1610626952000,55,211
1610627252000,62,169
1610627552000,58,147
1610627852000,59,157
1610628152000,62,151
1610628452000,55,180
1610628752000,55,193
1610629052000,55,208
1610629352000,51,210
1610629652000,50,201
1610629952000,51,200
1610630252000,51,198
1610630552000,51,216
1610630852000,51,210
1610631152000,51,200
1610631452000,52,163
1610631752000,51,166
1610632052000,50,170
1610632352000,51,171
1610632652000,51,189
1610632952000,0,0
1610633252000,0,0
1610633552000,57,165
1610633852000,60,164
1610634152000,63,127
1610634452000,59,144
1610634752000,54,185
1610635052000,52,198
1610635352000,52,199
1610635652000,52,190
1610635952000,50,212
1610636252000,50,231
1610636552000,49,218
1610636852000,50,206
1610637152000,50,235
1610637452000,48,204
1610637752000,52,205
1610638052000,49,168
1610638352000,50,179
1610638652000,51,183
1610638952000,50,203
1610639252000,51,184
1610639552000,0,0
1610639852000,0,0
1610640152000,64,99
1610640452000,57,204
1610640752000,0,0
1610641052000,52,189
1610641352000,49,172
1610641652000,0,0
1610641952000,47,181
1610642252000,0,0
1610642552000,45,175
1610642852000,0,0
1610643152000,0,0
1610643452000,48,160
1610643752000,50,147
1610644052000,49,145
1610644352000,49,155
1610644652000,0,0
1610644952000,0,0
1610645252000,0,0
1610645552000,0,0
1610645852000,0,0
1610646152000,0,0
1610646452000,58,166
1610646752000,0,0
1610647052000,0,0
1610647352000,0,0
1610647652000,0,0
1610647952000,0,0
1610648252000,0,0
1610648552000,0,0
1610648852000,0,0
1610649152000,0,0
1610649452000,50,106
1610649752000,0,0
1610650052000,0,0
1610650352000,0,0
1610706078000,0,0
1610706378000,0,0
1610706678000,59,148
1610706978000,63,138
1610707278000,0,0
1610707578000,51,181
1610707878000,49,131
1610708178000,48,140
1610708478000,48,148
1610708778000,48,138
1610709078000,49,134
1610709378000,50,148
1610709678000,51,145
1610709978000,52,156
1610710278000,54,143
1610710578000,55,152
1610710878000,52,157
1610711178000,52,171
1610711478000,51,172
1610711778000,52,172
1610712078000,52,186
1610712378000,54,161
1610712678000,54,180
1610712978000,54,170
1610713278000,55,173
1610713578000,55,188
1610713878000,56,181
1610714178000,53,186
1610714478000,58,149
1610714778000,55,140
1610715078000,58,149
1610715378000,58,160
1610715678000,58,143
1610715978000,67,81
1610716278000,59,148
1610716578000,61,137
1610716878000,59,152
1610717178000,55,167
1610717478000,55,173
1610717778000,54,170
1610718078000,55,164
1610718378000,55,166
1610718678000,55,167
1610718978000,55,164
1610719278000,56,157
1610719578000,52,157
1610719878000,51,174
1610720178000,52,162
1610720478000,52,175
1610720778000,53,169
1610721078000,55,168
1610721378000,56,144
1610721678000,61,156
1610721978000,60,133
1610722278000,57,182
1610722578000,55,188
1610722878000,54,204
1610723178000,52,201
1610723478000,54,206
1610723778000,52,202
1610724078000,51,220
1610724378000,52,220
1610724678000,53,223
1610724978000,58,137
1610725278000,50,159
1610725578000,52,160
1610725878000,0,0
1610726178000,65,121
1610726478000,66,119
1610726778000,77,83
1610727078000,0,0
1610798220000,0,0
1610798520000,53,144
1610798820000,52,135
1610799120000,52,132
1610799420000,52,124
1610799720000,51,134
1610800020000,51,136
1610800320000,51,138
1610800620000,52,139
1610800920000,52,150
1610801220000,52,153
1610801520000,54,149
1610801820000,53,181
1610802120000,54,177
1610802420000,51,164
1610802720000,50,174
1610803020000,50,168
1610803320000,51,188
1610803620000,58,145
1610803920000,50,141
1610804220000,49,151
1610804520000,49,166
1610804820000,49,173
1610805120000,49,155
1610805420000,50,179
1610805720000,55,160
1610806020000,48,157
1610806320000,49,152
1610806620000,50,166
1610806920000,52,161
1610807220000,51,167
1610807520000,56,179
1610807820000,59,145
1610808120000,52,190
1610808420000,48,153
1610808720000,46,135
1610809020000,47,181
1610809320000,46,163
1610809620000,46,170
1610809920000,47,186
1610810220000,47,184
1610810520000,51,131
1610810820000,47,168
1610811120000,47,190
1610811420000,47,179
1610811720000,48,185
1610812020000,48,179
1610812320000,48,171
1610812620000,49,136
1610812920000,45,125
1610813220000,48,165
1610813520000,0,0
1610813820000,55,142
1610814120000,57,151
1610814420000,58,150
1610814720000,0,0
1610815020000,51,164
1610815320000,49,139
1610815620000,48,168
1610815920000,48,156
1610816220000,47,126
1610816520000,47,147
1610816820000,47,147
1610817120000,48,164
1610817420000,48,156
1610817720000,51,160
1610818020000,49,145
1610818320000,47,185
1610818620000,48,159
1610818920000,48,152
1610819220000,47,141
1610819520000,49,204
1610819820000,50,188
1610820120000,52,176
1610820420000,48,156
1610820720000,49,182
1610821020000,48,161
1610821320000,48,172
1610821620000,48,168
1610821920000,47,134
1610822220000,46,143
1610822520000,60,124
1610822820000,49,129
1610823120000,47,137
1610823420000,48,113
1610823720000,47,104
1610824020000,48,116
1610824320000,50,123
1610824620000,48,131
1610824920000,46,124
1610825220000,52,115
1610825520000,49,122
1610825820000,0,0
1610826120000,54,113
1610826420000,54,99
1610826720000,48,95
1610827020000,69,115
1610886601000,0,0
1610886901000,59,145
1610887201000,59,147
1610887501000,60,149
1610887801000,58,129
1610888101000,58,128
1610888401000,58,134
1610888701000,58,141
1610889001000,56,123
1610889301000,57,117
1610889601000,57,118
1610889901000,59,116
1610890201000,61,127
1610890501000,58,121
1610890801000,69,77
1610891101000,62,96
1610891401000,65,83
1610891701000,65,83
1610892001000,63,105
1610892301000,57,119
1610892601000,56,129
1610892901000,56,122
1610893201000,57,118
1610893501000,52,145
1610893801000,54,150
1610894101000,54,147
1610894401000,55,146
1610894701000,55,152
1610895001000,54,154
1610895301000,54,153
1610895601000,54,172
1610895901000,58,118
1610896201000,55,130
1610896501000,62,114
1610896801000,59,149
1610897101000,60,150
1610897401000,58,169
1610897701000,57,182
1610898001000,56,185
1610898301000,52,201
1610898601000,50,209
1610898901000,51,204
1610899201000,50,197
1610899501000,52,197
1610899801000,51,187
1610900101000,59,153
1610900401000,50,167
1610900701000,50,166
1610901001000,50,185
1610901301000,48,175
1610901601000,48,160
1610901901000,48,171
1610902201000,51,142
1610902501000,52,166
1610902801000,54,155
1610903101000,53,166
1610903401000,51,154
1610903701000,50,164
1610904001000,51,178
1610904301000,50,158
1610904601000,49,143
1610904901000,48,153
1610905201000,48,141
1610905501000,48,142
1610905801000,48,159
1610906101000,49,190
1610906401000,49,180
1610906701000,50,174
1610907001000,53,177
1610907301000,55,180
1610907601000,0,0
1610907901000,53,173
1610908201000,58,140
1610908501000,59,151
1610908801000,55,178
1610909101000,52,183
1610909401000,53,207
1610909701000,53,180
1610910001000,48,118
1610910301000,51,178
1610910601000,47,145
1610910901000,47,147
1610911201000,48,150
1610911501000,49,119
1610911801000,51,105
1610912101000,50,125
1610912401000,49,124
1610912701000,54,128
1610913001000,51,100
1610913301000,53,125
1610913601000,54,163
1610913901000,0,0
1610914201000,0,0
1610914501000,62,144
1610914801000,0,0
1610915101000,57,193
1610915401000,51,166
1610915701000,51,159
1610916001000,50,164
1610916301000,50,165
1610916601000,49,148
1610916901000,49,154
1610917201000,49,147
1610917501000,52,126
1610917801000,50,123
1610918101000,52,131
1610918401000,55,129
1610918701000,53,142
1610919001000,59,148
1610919301000,56,160
1610919601000,55,189
1610919901000,67,109
1610920201000,0,0
1610920501000,0,0
1610920801000,74,79
1610973721000,0,0
1610974021000,65,108
1610974321000,66,100
1610974621000,65,105
1610974921000,60,119
1610975221000,59,114
1610975521000,59,111
1610975821000,59,110
1610976121000,58,114
1610976421000,58,111
1610976721000,57,122
1610977021000,55,122
1610977321000,57,123
1610977621000,59,94
1610977921000,60,104
1610978221000,55,136
1610978521000,55,123
1610978821000,54,129
1610979121000,54,130
1610979421000,54,130
1610979721000,55,154
1610980021000,56,164
1610980321000,57,145
1610980621000,58,125
1610980921000,53,132
1610981221000,53,143
1610981521000,53,156
1610981821000,52,133
1610982121000,52,140
1610982421000,50,151
1610982721000,56,125
1610983021000,53,147
1610983321000,56,139
1610983621000,51,143
1610983921000,53,171
1610984221000,53,168
1610984521000,50,184
1610984821000,53,187
1610985121000,56,157
1610985421000,51,168
1610985721000,50,143
1610986021000,49,134
1610986321000,48,138
1610986621000,50,157
1610986921000,46,145
1610987221000,0,0
1610987521000,55,128
1610987821000,0,0
1610988121000,56,162
1610988421000,48,137
1610988721000,50,147
1610989021000,48,149
1610989321000,51,158
1610989621000,0,0
1610989921000,49,114
1610990221000,48,101
1610990521000,50,119
1610990821000,80,71
1610991121000,0,0
1610991421000,50,133
1610991721000,52,163
1610992021000,49,150
1610992321000,57,131
1610992621000,48,115
1610992921000,48,118
1610993221000,49,123
1610993521000,50,122
1610993821000,50,127
1610994121000,50,125
1610994421000,49,131
1610994721000,52,125
1610995021000,0,0
1611048240000,0,0
1611048540000,63,135
1611048840000,62,138
1611049140000,62,137
1611049440000,63,129
1611049740000,62,135
1611050040000,63,132
1611050340000,0,0
1611050640000,62,128
1611050940000,62,136
1611051240000,0,0
1611051540000,0,0
1611051840000,61,149
1611052140000,61,120
1611052440000,0,0
1611052740000,57,172
1611053040000,56,161
1611053340000,54,152
1611053640000,53,162
1611053940000,53,161
1611054240000,54,155
1611054540000,55,156
1611054840000,53,149
1611055140000,53,149
1611055440000,54,154
1611055740000,65,138
1611056040000,52,181
1611056340000,53,204
1611056640000,52,201
1611056940000,53,187
1611057240000,58,160
1611057540000,62,89
1611057840000,61,128
1611058140000,54,180
1611058440000,61,119
1611058740000,56,174
1611059040000,55,164
1611059340000,58,162
1611059640000,53,199
1611059940000,52,198
1611060240000,52,215
1611060540000,51,218
1611060840000,52,202
1611061140000,49,190
1611061440000,50,175
1611061740000,51,198
1611062040000,0,0
1611062340000,51,214
1611062640000,51,220
1611062940000,52,214
1611063240000,53,198
1611063540000,52,215
1611063840000,54,209
1611064140000,51,200
1611064440000,53,161
1611064740000,52,186
1611065040000,54,209
1611065340000,53,203
1611065640000,53,204
1611065940000,51,200
1611066240000,51,213
1611066540000,51,205
1611066840000,50,203
1611067140000,50,187
1611067440000,52,211
1611067740000,54,186
1611068040000,53,156
1611068340000,52,150
1611068640000,53,166
1611068940000,53,199
1611069240000,55,179
1611069540000,59,138
1611069840000,60,121
1611070140000,63,92
1611070440000,62,108
1611070740000,60,123
1611071040000,51,181
1611071340000,49,198
1611071640000,48,213
1611071940000,0,0
1611072240000,69,98
1611072540000,59,160
1611072840000,64,123
1611073140000,0,0
1611139861000,54,134
1611140161000,54,138
1611140461000,54,128
1611140761000,54,124
1611141061000,54,130
1611141361000,54,144
1611141661000,54,147
1611141961000,53,157
1611142261000,53,155
1611142561000,53,159
1611142861000,53,146
1611143161000,53,154
1611143461000,53,165
1611143761000,58,130
1611144061000,61,100
1611144361000,62,102
1611144661000,60,115
1611144961000,51,182
1611145261000,51,177
1611145561000,51,181
1611145861000,52,155
1611146161000,50,143
1611146461000,50,152
1611146761000,51,157
1611147061000,50,159
1611147361000,51,150
1611147661000,51,169
1611147961000,50,160
1611148261000,60,137
1611148561000,62,107
1611148861000,61,124
1611149161000,58,139
1611149461000,0,0
1611149761000,49,154
1611150061000,49,147
1611150361000,50,158
1611150661000,50,169
1611150961000,52,147
1611151261000,51,183
1611151561000,52,155
1611151861000,51,167
1611152161000,53,151
1611152461000,50,160
1611152761000,51,160
1611153061000,55,153
1611153361000,57,163
1611153661000,51,206
1611153961000,52,197
1611154261000,53,199
1611154561000,52,168
1611154861000,53,149
1611155161000,53,174
1611155461000,55,143
1611155761000,55,176
1611156061000,53,172
1611156361000,56,163
1611156661000,57,144
1611156961000,62,98
1611157261000,61,125
1611157561000,56,141
1611157861000,54,199
1611158161000,81,117
1611225901000,63,125
1611226201000,60,135
1611226501000,58,126
1611226801000,57,123
1611227101000,56,134
1611227401000,55,129
1611227701000,55,131
1611228001000,55,132
1611228301000,56,139
1611228601000,60,135
1611228901000,63,125
1611229201000,66,86
1611229501000,64,106
1611229801000,60,159
1611230101000,56,184
1611230401000,55,172
1611230701000,54,187
1611231001000,54,177
1611231301000,55,169
1611231601000,52,173
1611231901000,52,151
1611232201000,51,140
1611232501000,53,158
1611232801000,57,125
1611233101000,50,157
1611233401000,51,163
1611233701000,62,161
1611234001000,55,192
1611234301000,63,120
1611234601000,63,127
1611234901000,67,94
1611235201000,57,200
1611235501000,55,209
1611235801000,54,200
1611236101000,53,209
1611236401000,56,181
1611236701000,53,211
1611237001000,56,188
1611237301000,54,194
1611237601000,51,166
1611237901000,54,145
1611238201000,56,178
1611238501000,56,172
1611238801000,56,183
1611239101000,57,167
1611239401000,0,0
1611239701000,56,211
1611240001000,55,211
1611240301000,51,244
1611240601000,50,249
1611240901000,51,236
1611241201000,51,234
1611241501000,51,234
1611241801000,52,207
1611242101000,49,197
1611242401000,47,188
1611242701000,47,196
1611243001000,48,186
1611243301000,47,197
1611243601000,48,198
1611243901000,0,0
1611244201000,65,106
1611244501000,54,161
1611244801000,56,155
1611245101000,53,162
1611245401000,58,161
1611245701000,55,162
1611246001000,53,194
1611246301000,53,182
1611246601000,0,0
1611246901000,0,0
1611247201000,48,255
1611247501000,49,238
1611247801000,48,170
1611248101000,47,176
1611248401000,48,163
1611248701000,48,178
1611249001000,49,149
1611249301000,0,0
1611249601000,51,134
1611249901000,0,0
1611250201000,0,0
1611250501000,0,0
1611250801000,0,0
1611251101000,49,150
1611251401000,0,0
1611251701000,49,151
1611252001000,50,137
1611252301000,48,146
1611252601000,60,117
1611252901000,0,0
1611253201000,51,127
1611253501000,49,110
1611253801000,62,99
1611254101000,0,0
1611254401000,0,0
1611254701000,0,0
1611255001000,0,0
1611255301000,0,0
1611255601000,62,144
1611255901000,51,160
1611256201000,51,179
1611256501000,0,0
1611256801000,51,150
1611257101000,50,172
1611257401000,0,0
1611257701000,50,128
1611258001000,52,147
1611258301000,0,0
1611258601000,50,151
1611258901000,0,0
1611259201000,50,130
1611259501000,50,122
1611259801000,50,153
1611260101000,0,0
1611260401000,50,178
1611260701000,0,0
1611261001000,0,0
1611261301000,0,0
1611261601000,62,117
1611261901000,52,146
1611262201000,49,123
1611262501000,50,151
1611311162000,0,0
1611311462000,56,155
1611311762000,55,155
1611312062000,56,141
1611312362000,56,140
1611312662000,55,131
1611312962000,55,130
1611313262000,57,127
1611313562000,58,127
1611313862000,53,174
1611314162000,53,162
1611314462000,55,169
1611314762000,55,179
1611315062000,54,171
1611315362000,59,136
1611315662000,59,123
1611315962000,63,95
1611316262000,59,120
1611316562000,58,137
1611316862000,54,155
1611317162000,53,154
1611317462000,55,137
1611317762000,56,148
1611318062000,56,147
1611318362000,56,150
1611318662000,54,190
1611318962000,54,175
1611319262000,56,171
1611319562000,53,146
1611319862000,54,158
1611320162000,56,166
1611320462000,55,178
1611320762000,61,117
1611321062000,62,135
1611321362000,59,167
1611321662000,65,81
1611321962000,67,67
1611322262000,65,75
1611322562000,66,67
1611322862000,65,71
1611323162000,54,180
1611323462000,54,176
1611323762000,54,177
1611324062000,54,176
1611324362000,55,163
1611324662000,0,0
1611324962000,56,193
1611325262000,56,197
1611325562000,59,183
1611325862000,55,190
1611326162000,55,192
1611326462000,54,179
1611326762000,52,190
1611327062000,53,177
1611327362000,54,168
1611327662000,53,169
1611327962000,55,180
1611328262000,55,184
1611328562000,57,194
1611328862000,55,158
1611329162000,65,134
1611329462000,0,0
1611329762000,55,151
1611330062000,58,141
1611330362000,0,0
1611330662000,62,121
1611330962000,61,130
1611331262000,53,157
1611331562000,69,90
1611400860000,0,0
1611401160000,54,134
1611401460000,54,144
1611401760000,53,133
1611402060000,54,125
1611402360000,60,128
1611402660000,51,137
1611402960000,53,132
1611403260000,51,141
1611403560000,52,146
1611403860000,52,154
1611404160000,52,149
1611404460000,53,151
1611404760000,53,166
1611405060000,57,153
1611405360000,65,85
1611405660000,62,112
1611405960000,55,168
1611406260000,52,176
1611406560000,52,176
1611406860000,52,187
1611407160000,52,191
1611407460000,51,176
1611407760000,52,173
1611408060000,52,182
1611408360000,52,183
1611408660000,51,169
1611408960000,49,132
1611409260000,50,146
1611409560000,50,147
1611409860000,49,152
1611410160000,50,149
1611410460000,49,149
1611410760000,55,142
1611411060000,54,170
1611411360000,54,142
1611411660000,54,160
1611411960000,57,162
1611412260000,54,201
1611412560000,59,130
1611412860000,58,138
1611413160000,52,204
1611413460000,52,197
1611413760000,52,218
1611414060000,51,197
1611414360000,50,159
1611414660000,50,155
1611414960000,49,152
1611415260000,49,163
1611415560000,49,175
1611415860000,50,180
1611416160000,48,161
1611416460000,49,167
1611416760000,51,190
1611417060000,52,164
1611417360000,53,209
1611417660000,54,182
1611417960000,57,144
1611418260000,56,155
1611418560000,58,146
1611418860000,54,212
1611419160000,50,225
1611419460000,49,172
1611419760000,49,194
1611420060000,50,189
1611420360000,51,200
1611420660000,51,158
1611420960000,50,145
1611421260000,48,164
1611421560000,46,123
1611421860000,48,158
1611422160000,49,165
1611422460000,52,174
1611422760000,50,184
1611423060000,57,141
1611423360000,60,144
1611423660000,58,140
1611423960000,59,139
1611424260000,58,164
1611424560000,52,177
1611424860000,52,184
1611425160000,51,197
1611425460000,50,192
1611425760000,49,179
1611426060000,49,167
1611426360000,50,159
1611426660000,50,159
1611426960000,51,144
1611427260000,0,0
1611427560000,51,194
1611427860000,51,200
1611428160000,0,0
1611428460000,0,0
1611428760000,0,0
1611429060000,49,134
1611429360000,46,118
1611429660000,47,108
1611429960000,49,136
1611430260000,0,0
1611430560000,50,135
1611430860000,49,137
1611431160000,54,160
1611431460000,51,217
1611431760000,54,159
1611432060000,0,0
1611485819000,0,0
1611486119000,57,137
1611486419000,57,142
1611486719000,55,136
1611487019000,56,148
1611487319000,55,127
1611487619000,55,126
1611487919000,56,130
1611488219000,57,125
1611488519000,57,123
1611488819000,58,126
1611489119000,58,122
1611489419000,62,126
1611489719000,62,122
1611490019000,0,0
1611490319000,0,0
1611490619000,0,0
1611490919000,0,0
1611491219000,0,0
1611491519000,0,0
1611491819000,0,0
1611492119000,0,0
1611492419000,0,0
1611492719000,0,0
1611493019000,0,0
1611493319000,0,0
1611493619000,54,147
1611493919000,54,140
1611494219000,58,144
1611494519000,58,141
1611494819000,59,135
1611495119000,58,140
1611495419000,57,154
1611495719000,55,160
1611496019000,57,156
1611496319000,57,139
1611496619000,55,153
1611496919000,54,162
1611497219000,54,173
1611497519000,55,160
1611497819000,55,163
1611498119000,0,0
1611498419000,55,203
1611498719000,0,0
1611499019000,0,0
1611499319000,0,0
1611499619000,0,0
1611499919000,0,0
1611500219000,61,128
1611500519000,0,0
1611500819000,0,0
1611501119000,0,0
1611501419000,60,138
1611501719000,67,71
1611502019000,62,134
1611502319000,51,173
1611502619000,58,155
1611502919000,56,173
1611503219000,61,134
1611503519000,56,178
1611503819000,53,195
1611504119000,52,199
1611504419000,50,175
1611504719000,51,193
1611505019000,52,176
1611505319000,51,169
1611505619000,54,157
1611505919000,53,154
1611506219000,55,139
1611506519000,55,134
1611506819000,0,0
1611507119000,54,208
1611507419000,55,219
1611507719000,0,0
1611508019000,0,0
1611508319000,63,140
1611508619000,56,148
1611508919000,57,148
1611509219000,63,97
1611509519000,61,141
1611509819000,58,183
1611510119000,59,172
1611510419000,54,156
1611510719000,54,174
1611511019000,54,169
1611511319000,55,167
1611511619000,56,153
1611511919000,53,172
1611512219000,0,0
1611512519000,0,0
1611512819000,0,0
1611513119000,0,0
1611513419000,49,191
1611513719000,48,158
1611514019000,0,0
1611514319000,54,145
1611514619000,52,123
1611514919000,51,89
1611515219000,52,146
1611515519000,57,151
1611515819000,0,0
1611516119000,0,0
1611516419000,0,0
1611516719000,53,169
1611517019000,0,0
1611517319000,52,160
1611517619000,0,0
1611517919000,0,0
1611518219000,0,0
1611518519000,55,127
1611518819000,52,135
1611519119000,0,0
1611519419000,0,0
1611519719000,55,120
1611520019000,50,114
1611520319000,53,128
1611520619000,52,121
1611520919000,53,139
1611521219000,54,169
1611521519000,63,145
1611521819000,56,160
1611522119000,65,131
1611522419000,56,159
1611522719000,52,180
1611523019000,53,162
1611523319000,0,0
1611523619000,0,0
1611523919000,0,0
1611524219000,0,0
1611524519000,52,119
1611524819000,52,113
1611525119000,55,110
1611525419000,69,94
1611574323000,0,0
1611574623000,54,117
1611574923000,55,117
1611575223000,56,129
1611575523000,55,125
1611575823000,56,112
1611576123000,56,116
1611576423000,56,106
1611576723000,56,114
1611577023000,0,0
1611577323000,0,0
1611577623000,0,0
1611577923000,0,0
1611578223000,0,0
1611578523000,0,0
1611578823000,0,0
1611579123000,0,0
1611579423000,61,89
1611579723000,61,106
1611580023000,57,132
1611580323000,57,120
1611580623000,55,134
1611580923000,56,127
1611581223000,56,129
1611581523000,57,149
1611581823000,57,134
1611582123000,55,132
1611582423000,57,131
1611582723000,0,0
1611583023000,57,153
1611583323000,60,134
1611583623000,65,88
1611583923000,62,135
1611584223000,0,0
1611584523000,64,119
1611584823000,59,147
1611585123000,59,132
1611585423000,60,130
1611585723000,54,156
1611586023000,53,142
1611586323000,53,142
1611586623000,53,148
1611586923000,53,141
1611587223000,53,158
1611587523000,54,158
1611587823000,54,122
1611588123000,53,120
1611588423000,53,128
1611588723000,55,130
1611589023000,54,133
1611589323000,56,134
1611589623000,0,0
1611589923000,0,0
1611590223000,52,169
1611590523000,56,144
1611590823000,0,0
1611591123000,53,155
1611591423000,52,143
1611591723000,54,117
1611592023000,0,0
1611592323000,0,0
1611592623000,0,0
1611592923000,0,0
1611593223000,52,169
1611593523000,51,159
1611593823000,52,150
1611594123000,53,154
1611594423000,54,154
1611594723000,0,0
1611595023000,51,139
1611595323000,0,0
1611655351000,53,168
1611655651000,55,158
1611655951000,55,155
1611656251000,57,149
1611656551000,56,165
1611656851000,55,129
1611657151000,55,133
1611657451000,56,150
1611657751000,57,162
1611658051000,58,161
1611658351000,56,162
1611658651000,58,169
1611658951000,65,99
1611659251000,65,107
1611659551000,56,149
1611659851000,56,135
1611660151000,54,127
1611660451000,55,132
1611660751000,56,139
1611661051000,56,139
1611661351000,55,133
1611661651000,56,158
1611661951000,56,155
1611662251000,55,164
1611662551000,54,178
1611662851000,55,177
1611663151000,55,174
1611663451000,55,178
1611663751000,56,183
1611664051000,63,124
1611664351000,68,48
1611664651000,68,47
1611664951000,54,177
1611665251000,57,140
1611665551000,56,140
1611665851000,57,134
1611666151000,58,140
1611666451000,54,160
1611666751000,52,175
1611667051000,53,170
1611667351000,55,173
1611667651000,52,206
1611667951000,52,194
1611668251000,52,213
1611668551000,58,167
1611668851000,50,179
1611669151000,51,166
1611669451000,50,163
1611669751000,50,191
1611670051000,50,181
1611670351000,50,182
1611670651000,52,187
1611670951000,53,177
1611671251000,0,0
1611671551000,55,152
1611671851000,53,177
1611672151000,54,190
1611672451000,55,185
1611672751000,57,156
1611673051000,55,181
1611673351000,53,189
1611673651000,51,178
1611673951000,50,185
1611674251000,52,188
1611674551000,51,177
1611674851000,51,181
1611675151000,56,176
1611675451000,51,200
1611675751000,0,0
1611676051000,0,0
1611676351000,0,0
1611676651000,0,0
1611739891000,0,0
1611740191000,0,0
1611740491000,57,144
1611740791000,57,154
1611741091000,56,130
1611741391000,55,133
1611741691000,56,149
1611741991000,58,161
1611742291000,58,154
1611742591000,58,156
1611742891000,59,157
1611743191000,60,154
1611743491000,60,152
1611743791000,61,160
1611744091000,63,164
1611744391000,63,104
1611744691000,61,125
1611744991000,59,142
1611745291000,57,175
1611745591000,0,0
1611745891000,0,0
1611746191000,0,0
1611746491000,0,0
1611746791000,0,0
1611747091000,0,0
1611747391000,0,0
1611747691000,0,0
1611747991000,0,0
1611748291000,63,138
1611748591000,58,153
1611748891000,56,162
1611749191000,59,150
1611749491000,0,0
1611749791000,60,129
1611750091000,64,104
1611750391000,62,104
1611750691000,58,139
1611750991000,58,129
1611751291000,61,131
1611751591000,62,113
1611751891000,68,86
1611752191000,62,156
1611752491000,61,123
1611752791000,60,139
1611753091000,61,139
1611753391000,58,164
1611753691000,60,149
1611753991000,54,189
1611754291000,0,0
1611754591000,0,0
1611754891000,0,0
1611755191000,0,0
1611755491000,0,0
1611755791000,0,0
1611756091000,0,0
1611756391000,51,144
1611756691000,51,132
1611756991000,51,166
1611757291000,52,176
1611757591000,55,161
1611757891000,52,184
1611758191000,52,172
1611758491000,57,170
1611758791000,54,166
1611759091000,57,166
1611759391000,51,199
1611759691000,52,196
1611759991000,52,193
1611760291000,51,198
1611760591000,53,199
1611760891000,0,0
1611761191000,0,0
1611761491000,0,0
1611761791000,0,0
1611762091000,51,200
1611762391000,0,0
1611828452000,61,146
1611828752000,62,132
1611829052000,61,127
1611829352000,61,140
1611829652000,60,152
1611829952000,59,156
1611830252000,59,163
1611830552000,59,164
1611830852000,59,153
1611831152000,61,147
1611831452000,61,143
1611831752000,66,91
1611832052000,69,70
1611832352000,65,102
1611832652000,65,102
1611832952000,62,121
1611833252000,60,130
1611833552000,61,130
1611833852000,62,128
1611834152000,58,152
1611834452000,58,135
1611834752000,58,150
1611835052000,57,172
1611835352000,56,169
1611835652000,56,173
1611835952000,55,172
1611836252000,55,178
1611836552000,61,143
1611836852000,68,52
1611837152000,67,61
1611837452000,65,106
1611837752000,64,112
1611838052000,64,111
1611838352000,65,106
1611838652000,65,107
1611838952000,62,132
1611839252000,57,157
1611839552000,53,167
1611839852000,54,168
1611840152000,54,167
1611840452000,56,162
1611840752000,60,176
1611841052000,53,180
1611841352000,53,200
1611841652000,52,197
1611841952000,52,221
1611842252000,52,224
1611842552000,54,199
1611842852000,53,201
1611843152000,58,167
1611843452000,61,137
1611843752000,61,133
1611844052000,62,113
1611844352000,59,163
1611844652000,61,141
1611844952000,60,140
1611845252000,55,205
1611845552000,54,255
1611845852000,56,240
1611846152000,58,205
1611846452000,51,157
1611846752000,50,155
1611847052000,51,162
1611847352000,49,167
1611847652000,51,157
1611847952000,59,195
1611848252000,49,186
1611848552000,53,166
1611848852000,0,0
1611849152000,51,132
1611849452000,51,161
1611849752000,53,166
1611850052000,52,171
1611850352000,52,151
1611850652000,62,122
1611850952000,60,119
1611851252000,62,162
1611851552000,58,184
1611851852000,63,122
1611852152000,61,155
1611852452000,52,174
1611852752000,57,161
1611853052000,52,157
1611853352000,50,143
1611853652000,51,168
1611853952000,52,152
1611854252000,51,162
1611854552000,53,171
1611854852000,52,139
1611855152000,51,178
1611855452000,52,171
1611855752000,51,166
1611856052000,0,0
1611856352000,52,180
1611856652000,52,198
1611856952000,59,170
1611857252000,58,156
1611857552000,57,145
1611857852000,61,121
1611858152000,60,141
1611858452000,58,181
1611858752000,58,163
1611859052000,53,135
1611859352000,53,136
1611859652000,52,138
1611859952000,53,131
1611860252000,52,138
1611860552000,53,128
1611860852000,52,139
1611861152000,54,143
1611861452000,54,146
1611861752000,65,116
1611862052000,0,0
1611917072000,0,0
1611917372000,0,0
1611917672000,63,113
1611917972000,0,0
1611918272000,56,155
1611918572000,54,160
1611918872000,55,168
1611919172000,55,173
1611919472000,56,180
1611919772000,54,178
1611920072000,55,176
1611920372000,54,178
1611920672000,53,170
1611920972000,53,177
1611921272000,55,172
1611921572000,0,0
1611921872000,0,0
1611922172000,51,192
1611922472000,51,205
1611922772000,52,202
1611923072000,51,185
1611923372000,52,183
1611923672000,52,187
1611923972000,51,181
1611924272000,0,0
1611924572000,51,203
1611924872000,51,197
1611925172000,51,206
1611925472000,52,221
1611925772000,0,0
1611926072000,0,0
1611926372000,56,139
1611926672000,55,152
1611926972000,57,155
1611927272000,59,125
1611927572000,55,168
1611927872000,54,183
1611928172000,56,182
1611928472000,52,242
1611928772000,50,232
1611929072000,48,134
1611929372000,48,122
1611929672000,49,144
1611929972000,49,144
1611930272000,50,161
1611930572000,0,0
1611930872000,51,197
1611931172000,52,167
1611931472000,0,0
1611931772000,49,130
1611932072000,48,137
1611932372000,51,156
1611932672000,54,133
1611932972000,52,142
1611933272000,0,0
1611933572000,0,0
1611933872000,0,0
1611934172000,0,0
1611934472000,0,0
1611934772000,0,0
1611935072000,48,182
1611935372000,48,191
1611935672000,0,0
1611935972000,0,0
1611936272000,0,0
1612004012000,0,0
1612004312000,59,160
1612004612000,53,161
1612004912000,53,168
1612005212000,52,165
1612005512000,52,171
1612005812000,52,179
1612006112000,52,167
1612006412000,50,180
1612006712000,50,186
1612007012000,51,186
1612007312000,52,186
1612007612000,54,184
1612007912000,53,201
1612008212000,54,196
1612008512000,65,86
1612008812000,61,120
1612009112000,59,147
1612009412000,51,177
1612009712000,50,177
1612010012000,51,173
1612010312000,52,157
1612010612000,53,172
1612010912000,54,179
1612011212000,57,154
1612011512000,60,143
1612011812000,53,171
1612012112000,52,189
1612012412000,52,200
1612012712000,52,196
1612013012000,53,198
1612013312000,55,185
1612013612000,57,160
1612013912000,60,123
1612014212000,58,160
1612014512000,61,119
1612014812000,61,127
1612015112000,60,142
1612015412000,55,181
1612015712000,51,198
1612016012000,52,200
1612016312000,51,205
1612016612000,52,195
1612016912000,52,175
1612017212000,52,185
1612017512000,52,173
1612017812000,54,165
1612018112000,53,162
1612018412000,54,168
1612018712000,53,179
1612019012000,58,130
1612019312000,63,115
1612019612000,60,131
1612019912000,64,113
1612020212000,55,186
1612020512000,57,161
1612020812000,58,171
1612021112000,59,148
1612021412000,59,164
1612021712000,54,208
1612022012000,55,210
1612022312000,56,190
1612022612000,53,184
1612022912000,52,199
1612023212000,52,205
1612023512000,52,198
1612023812000,54,195
1612024112000,55,159
1612024412000,53,182
1612024712000,56,164
1612025012000,60,146
1612025312000,58,162
1612025612000,53,200
1612025912000,58,154
1612026212000,60,175
1612026512000,60,180
1612026812000,59,197
1612027112000,56,214
1612027412000,57,208
1612027712000,56,221
1612028012000,55,212
1612028312000,0,0
1612028612000,51,174
1612028912000,51,161
1612029212000,50,163
1612029512000,52,172
1612029812000,54,166
1612030112000,58,159
1612030412000,56,178
1612030712000,59,143
1612031012000,63,117
1612031312000,55,208
1612031612000,0,0
1612031912000,63,139
1612032212000,59,183
1612032512000,57,190
1612032812000,56,215
1612033112000,0,0
1612033412000,50,147
1612033712000,51,145
1612034012000,51,158
1612034312000,52,160
1612034612000,52,138
1612034912000,53,127
1612035212000,51,146
1612035512000,53,133
1612035812000,51,153
1612036112000,51,164
1612036412000,0,0
1612036712000,0,0
1612037012000,0,0
1612093712000,53,166
1612094012000,54,147
1612094312000,54,143
1612094612000,55,145
1612094912000,55,139
1612095212000,56,139
1612095512000,58,143
1612095812000,56,144
1612096112000,56,143
1612096412000,57,143
1612096712000,55,151
1612097012000,56,155
1612097312000,58,156
1612097612000,62,108
1612097912000,65,83
1612098212000,62,116
1612098512000,60,139
1612098812000,57,169
1612099112000,53,174
1612099412000,57,172
1612099712000,53,187
1612100012000,53,190
1612100312000,54,169
1612100612000,55,157
1612100912000,54,179
1612101212000,56,165
1612101512000,51,144
1612101812000,52,130
1612102112000,54,148
1612102412000,54,131
1612102712000,54,160
1612103012000,56,149
1612103312000,59,133
1612103612000,62,116
1612103912000,64,88
1612104212000,60,131
1612104512000,57,176
1612104812000,52,221
1612105112000,53,206
1612105412000,52,211
1612105712000,52,208
1612106012000,53,204
1612106312000,54,202
1612106612000,53,199
1612106912000,54,196
1612107212000,51,192
1612107512000,49,166
1612107812000,50,161
1612108112000,51,176
1612108412000,55,161
1612108712000,57,155
1612109012000,59,135
1612109312000,54,161
1612109612000,54,139
1612109912000,57,153
1612110212000,55,140
1612110512000,62,102
1612110812000,62,112
1612111112000,59,144
1612111412000,54,162
1612111712000,54,159
1612112012000,53,159
1612112312000,53,183
1612112612000,0,0
1612112912000,53,225
1612113212000,52,191
1612113512000,52,179
1612113812000,51,178
1612114112000,0,0
1612114412000,0,0
1612114712000,54,200
1612115012000,0,0
1612115312000,0,0
1612115612000,0,0
1612115912000,0,0
1612116212000,52,218
1612116512000,52,165
1612116812000,50,171
1612117112000,52,179
1612117412000,55,159
1612117712000,0,0
1612118012000,52,169
1612118312000,0,0
1612118612000,60,142
1612118912000,74,30
1612119212000,0,0
1612119512000,0,0
1612119812000,49,127
1612120112000,0,0
1612120412000,0,0
1612120712000,0,0
1612121012000,0,0
1612121312000,0,0
1612121612000,0,0
1612121912000,0,0
1612122212000,50,154
1612122512000,50,135
1612122812000,0,0
1612123112000,48,143
1612123412000,48,146
1612123712000,51,134
1612124012000,49,109
1612124312000,48,114
1612124612000,57,165
1612124912000,57,152
1612125212000,68,94
1612125512000,0,0
1612125812000,0,0
1612126112000,0,0
1612126412000,55,135
1612126712000,55,134
1612127012000,58,136
1612127312000,53,141
1612127612000,57,128
1612127912000,0,0
