timestamp,hypnogram_level,hypnogram_class
1595068068000,4,awake
1595068368000,2,light
1595068668000,1,deep
1595068968000,1,deep
1595069268000,1,deep
1595069568000,2,light
1595069868000,1,deep
1595070168000,1,deep
1595070468000,4,awake
1595070768000,2,light
1595071068000,1,deep
1595071368000,2,light
1595071668000,2,light
1595071968000,2,light
1595072268000,1,deep
1595072568000,1,deep
1595072868000,2,light
1595073168000,1,deep
1595073468000,1,deep
1595073768000,1,deep
1595074068000,2,light
1595074368000,2,light
1595074668000,3,REM
1595074968000,1,deep
1595075268000,1,deep
1595075568000,2,light
1595075868000,2,light
1595076168000,1,deep
1595076468000,1,deep
1595076768000,2,light
1595077068000,1,deep
1595077368000,2,light
1595077668000,2,light
1595077968000,1,deep
1595078268000,1,deep
1595078568000,1,deep
1595078868000,2,light
1595079168000,2,light
1595079468000,1,deep
1595079768000,1,deep
1595080068000,1,deep
1595080368000,1,deep
1595080668000,1,deep
1595080968000,1,deep
1595081268000,3,REM
1595081568000,3,REM
1595081868000,2,light
1595082168000,2,light
1595082468000,2,light
1595082768000,2,light
1595083068000,2,light
1595083368000,2,light
1595083668000,2,light
1595083968000,1,deep
1595084268000,2,light
1595084568000,2,light
1595084868000,2,light
1595085168000,2,light
1595085468000,2,light
1595085768000,2,light
1595086068000,2,light
1595086368000,2,light
1595086668000,2,light
1595086968000,2,light
1595087268000,2,light
1595087568000,3,REM
1595087868000,3,REM
1595088168000,3,REM
1595088468000,3,REM
1595088768000,3,REM
1595089068000,2,light
1595089368000,2,light
1595089668000,2,light
1595089968000,2,light
1595090268000,2,light
1595090568000,2,light
1595090868000,2,light
1595091168000,2,light
1595091468000,2,light
1595091768000,2,light
1595092068000,2,light
1595092368000,2,light
1595092668000,2,light
1595092968000,2,light
1595093268000,2,light
1595093568000,3,REM
1595093868000,4,awake
1595094168000,4,awake
1595094468000,2,light
1595094768000,2,light
1595095068000,3,REM
1595095368000,3,REM
1595095668000,3,REM
1595095968000,2,light
1595096268000,3,REM
1595096568000,3,REM
1595096868000,3,REM
1595097168000,3,REM
1595097468000,3,REM
1595097768000,4,awake
1595098068000,4,awake
1595098368000,2,light
1595098668000,4,awake
1595098968000,4,awake
1595099268000,4,awake
1595099568000,4,awake
1595099868000,4,awake
1595100168000,3,REM
1595100468000,2,light
1595100768000,2,light
1595101068000,4,awake
1595101368000,4,awake
1595101668000,4,awake
1595101968000,4,awake
1595102268000,3,REM
1595102568000,4,awake
1595102868000,4,awake
1595103168000,4,awake
1595103468000,4,awake
1595103768000,4,awake
1595104068000,4,awake
1595156910000,4,awake
1595157210000,2,light
1595157510000,2,light
1595157810000,2,light
1595158110000,1,deep
1595158410000,1,deep
1595158710000,1,deep
1595159010000,2,light
1595159310000,1,deep
1595159610000,1,deep
1595159910000,1,deep
1595160210000,1,deep
1595160510000,1,deep
1595160810000,2,light
1595161110000,2,light
1595161410000,4,awake
1595161710000,2,light
1595162010000,2,light
1595162310000,2,light
1595162610000,2,light
1595162910000,2,light
1595163210000,2,light
1595163510000,1,deep
1595163810000,1,deep
1595164110000,2,light
1595164410000,2,light
1595164710000,2,light
1595165010000,2,light
1595165310000,1,deep
1595165610000,1,deep
1595165910000,2,light
1595166210000,2,light
1595166510000,2,light
1595166810000,2,light
1595167110000,4,awake
1595167410000,4,awake
1595167710000,3,REM
1595168010000,3,REM
1595168310000,2,light
1595168610000,2,light
1595168910000,2,light
1595169210000,2,light
1595169510000,1,deep
1595169810000,2,light
1595170110000,2,light
1595170410000,1,deep
1595170710000,1,deep
1595171010000,2,light
1595171310000,2,light
1595171610000,2,light
1595171910000,2,light
1595172210000,1,deep
1595172510000,2,light
1595172810000,2,light
1595173110000,2,light
1595173410000,3,REM
1595173710000,3,REM
1595174010000,3,REM
1595174310000,3,REM
1595174610000,3,REM
1595174910000,3,REM
1595175210000,2,light
1595175510000,2,light
1595175810000,2,light
1595176110000,2,light
1595176410000,2,light
1595176710000,1,deep
1595177010000,1,deep
1595177310000,2,light
1595177610000,2,light
1595177910000,2,light
1595178210000,2,light
1595178510000,2,light
1595178810000,1,deep
1595179110000,3,REM
1595179410000,4,awake
1595179710000,4,awake
1595180010000,3,REM
1595180310000,3,REM
1595180610000,3,REM
1595180910000,2,light
1595181210000,2,light
1595181510000,2,light
1595181810000,2,light
1595182110000,4,awake
1595182410000,4,awake
1595182710000,2,light
1595183010000,2,light
1595183310000,2,light
1595183610000,3,REM
1595183910000,3,REM
1595184210000,4,awake
1595184510000,4,awake
1595184810000,4,awake
1595185110000,4,awake
1595185410000,4,awake
1595185710000,4,awake
1595186010000,4,awake
1595243790000,4,awake
1595244090000,4,awake
1595244390000,2,light
1595244690000,2,light
1595244990000,2,light
1595245290000,2,light
1595245590000,1,deep
1595245890000,1,deep
1595246190000,1,deep
1595246490000,2,light
1595246790000,2,light
1595247090000,4,awake
1595247390000,2,light
1595247690000,2,light
1595247990000,1,deep
1595248290000,1,deep
1595248590000,2,light
1595248890000,2,light
1595249190000,2,light
1595249490000,2,light
1595249790000,2,light
1595250090000,2,light
1595250390000,1,deep
1595250690000,2,light
1595250990000,2,light
1595251290000,2,light
1595251590000,2,light
1595251890000,2,light
1595252190000,2,light
1595252490000,2,light
1595252790000,1,deep
1595253090000,2,light
1595253390000,2,light
1595253690000,2,light
1595253990000,2,light
1595254290000,3,REM
1595254590000,3,REM
1595254890000,2,light
1595255190000,3,REM
1595255490000,3,REM
1595255790000,1,deep
1595256090000,2,light
1595256390000,2,light
1595256690000,1,deep
1595256990000,1,deep
1595257290000,2,light
1595257590000,2,light
1595257890000,2,light
1595258190000,2,light
1595258490000,2,light
1595258790000,2,light
1595259090000,1,deep
1595259390000,2,light
1595259690000,2,light
1595259990000,2,light
1595260290000,2,light
1595260590000,2,light
1595260890000,2,light
1595261190000,2,light
1595261490000,2,light
1595261790000,2,light
1595262090000,1,deep
1595262390000,3,REM
1595262690000,3,REM
1595262990000,3,REM
1595263290000,2,light
1595263590000,2,light
1595263890000,2,light
1595264190000,2,light
1595264490000,2,light
1595264790000,2,light
1595265090000,2,light
1595265390000,2,light
1595265690000,2,light
1595265990000,2,light
1595266290000,2,light
1595266590000,3,REM
1595266890000,3,REM
1595267190000,3,REM
1595267490000,3,REM
1595267790000,4,awake
1595268090000,2,light
1595268390000,2,light
1595268690000,2,light
1595268990000,2,light
1595269290000,2,light
1595269590000,3,REM
1595269890000,3,REM
1595270190000,4,awake
1595270490000,4,awake
1595270790000,2,light
1595271090000,2,light
1595271390000,4,awake
1595271690000,4,awake
1595330490000,4,awake
1595330790000,2,light
1595331090000,2,light
1595331390000,2,light
1595331690000,2,light
1595331990000,2,light
1595332290000,2,light
1595332590000,1,deep
1595332890000,1,deep
1595333190000,1,deep
1595333490000,2,light
1595333790000,2,light
1595334090000,2,light
1595334390000,1,deep
1595334690000,2,light
1595334990000,2,light
1595335290000,1,deep
1595335590000,1,deep
1595335890000,1,deep
1595336190000,1,deep
1595336490000,1,deep
1595336790000,1,deep
1595337090000,2,light
1595337390000,2,light
1595337690000,1,deep
1595337990000,1,deep
1595338290000,1,deep
1595338590000,1,deep
1595338890000,1,deep
1595339190000,2,light
1595339490000,2,light
1595339790000,2,light
1595340090000,2,light
1595340390000,2,light
1595340690000,1,deep
1595340990000,2,light
1595341290000,2,light
1595341590000,1,deep
1595341890000,1,deep
1595342190000,2,light
1595342490000,2,light
1595342790000,2,light
1595343090000,2,light
1595343390000,2,light
1595343690000,2,light
1595343990000,2,light
1595344290000,2,light
1595344590000,2,light
1595344890000,2,light
1595345190000,1,deep
1595345490000,2,light
1595345790000,1,deep
1595346090000,1,deep
1595346390000,2,light
1595346690000,2,light
1595346990000,2,light
1595347290000,2,light
1595347590000,2,light
1595347890000,1,deep
1595348190000,4,awake
1595348490000,3,REM
1595348790000,3,REM
1595349090000,3,REM
1595349390000,3,REM
1595349690000,3,REM
1595349990000,4,awake
1595350290000,2,light
1595350590000,2,light
1595350890000,2,light
1595351190000,2,light
1595351490000,2,light
1595351790000,1,deep
1595352090000,4,awake
1595352390000,2,light
1595352690000,2,light
1595352990000,2,light
1595353290000,4,awake
1595353590000,4,awake
1595353890000,4,awake
1595354190000,3,REM
1595354490000,4,awake
1595354790000,4,awake
1595355090000,4,awake
1595355390000,2,light
1595355690000,4,awake
1595355990000,4,awake
1595356290000,4,awake
1595356590000,4,awake
1595356890000,4,awake
1595357190000,2,light
1595357490000,2,light
1595357790000,4,awake
1595358090000,4,awake
1595358390000,4,awake
1595358690000,4,awake
1595358990000,4,awake
1595359290000,4,awake
1595359590000,4,awake
1595359890000,4,awake
1595360190000,3,REM
1595360490000,3,REM
1595360790000,4,awake
1595361090000,4,awake
1595416142000,4,awake
1595416442000,4,awake
1595416742000,4,awake
1595417042000,2,light
1595417342000,2,light
1595417642000,2,light
1595417942000,1,deep
1595418242000,1,deep
1595418542000,1,deep
1595418842000,1,deep
1595419142000,1,deep
1595419442000,1,deep
1595419742000,2,light
1595420042000,1,deep
1595420342000,1,deep
1595420642000,1,deep
1595420942000,1,deep
1595421242000,1,deep
1595421542000,1,deep
1595421842000,1,deep
1595422142000,1,deep
1595422442000,2,light
1595422742000,2,light
1595423042000,2,light
1595423342000,2,light
1595423642000,2,light
1595423942000,1,deep
1595424242000,1,deep
1595424542000,2,light
1595424842000,2,light
1595425142000,1,deep
1595425442000,1,deep
1595425742000,1,deep
1595426042000,2,light
1595426342000,2,light
1595426642000,2,light
1595426942000,2,light
1595427242000,2,light
1595427542000,2,light
1595427842000,2,light
1595428142000,2,light
1595428442000,1,deep
1595428742000,2,light
1595429042000,3,REM
1595429342000,3,REM
1595429642000,3,REM
1595429942000,3,REM
1595430242000,3,REM
1595430542000,2,light
1595430842000,2,light
1595431142000,2,light
1595431442000,1,deep
1595431742000,1,deep
1595432042000,1,deep
1595432342000,2,light
1595432642000,2,light
1595432942000,2,light
1595433242000,1,deep
1595433542000,2,light
1595433842000,2,light
1595434142000,2,light
1595434442000,1,deep
1595434742000,1,deep
1595435042000,2,light
1595435342000,3,REM
1595435642000,3,REM
1595435942000,3,REM
1595436242000,3,REM
1595436542000,4,awake
1595436842000,2,light
1595437142000,2,light
1595437442000,3,REM
1595437742000,3,REM
1595438042000,2,light
1595438342000,2,light
1595438642000,2,light
1595438942000,2,light
1595439242000,2,light
1595439542000,2,light
1595439842000,2,light
1595440142000,3,REM
1595440442000,3,REM
1595440742000,4,awake
1595441042000,4,awake
1595441342000,3,REM
1595441642000,3,REM
1595441942000,3,REM
1595442242000,3,REM
1595442542000,3,REM
1595442842000,4,awake
1595443142000,2,light
1595443442000,2,light
1595443742000,2,light
1595444042000,2,light
1595444342000,4,awake
1595444642000,4,awake
1595444942000,4,awake
1595445242000,4,awake
1595445542000,2,light
1595445842000,4,awake
1595446142000,2,light
1595446442000,2,light
1595446742000,3,REM
1595447042000,4,awake
1595447342000,4,awake
1595503231000,4,awake
1595503531000,2,light
1595503831000,1,deep
1595504131000,1,deep
1595504431000,1,deep
1595504731000,2,light
1595505031000,1,deep
1595505331000,1,deep
1595505631000,2,light
1595505931000,1,deep
1595506231000,1,deep
1595506531000,1,deep
1595506831000,4,awake
1595507131000,4,awake
1595507431000,2,light
1595507731000,2,light
1595508031000,2,light
1595508331000,2,light
1595508631000,1,deep
1595508931000,2,light
1595509231000,2,light
1595509531000,1,deep
1595509831000,2,light
1595510131000,2,light
1595510431000,2,light
1595510731000,2,light
1595511031000,2,light
1595511331000,2,light
1595511631000,2,light
1595511931000,2,light
1595512231000,2,light
1595512531000,1,deep
1595512831000,1,deep
1595513131000,1,deep
1595513431000,1,deep
1595513731000,1,deep
1595514031000,1,deep
1595514331000,1,deep
1595514631000,2,light
1595514931000,2,light
1595515231000,1,deep
1595515531000,2,light
1595515831000,2,light
1595516131000,2,light
1595516431000,2,light
1595516731000,2,light
1595517031000,3,REM
1595517331000,3,REM
1595517631000,3,REM
1595517931000,3,REM
1595518231000,3,REM
1595518531000,2,light
1595518831000,2,light
1595519131000,2,light
1595519431000,4,awake
1595519731000,2,light
1595520031000,2,light
1595520331000,2,light
1595520631000,2,light
1595520931000,2,light
1595521231000,2,light
1595521531000,2,light
1595521831000,2,light
1595522131000,1,deep
1595522431000,1,deep
1595522731000,2,light
1595523031000,2,light
1595523331000,2,light
1595523631000,3,REM
1595523931000,3,REM
1595524231000,3,REM
1595524531000,3,REM
1595524831000,3,REM
1595525131000,3,REM
1595525431000,3,REM
1595525731000,3,REM
1595526031000,3,REM
1595526331000,2,light
1595526631000,2,light
1595526931000,2,light
1595527231000,1,deep
1595527531000,1,deep
1595527831000,1,deep
1595528131000,1,deep
1595528431000,4,awake
1595528731000,3,REM
1595529031000,4,awake
1595529331000,2,light
1595529631000,3,REM
1595529931000,3,REM
1595530231000,3,REM
1595530531000,4,awake
1595530831000,2,light
1595531131000,2,light
1595531431000,4,awake
1595531731000,4,awake
1595532031000,4,awake
1595591060000,4,awake
1595591360000,2,light
1595591660000,2,light
1595591960000,2,light
1595592260000,1,deep
1595592560000,1,deep
1595592860000,2,light
1595593160000,2,light
1595593460000,1,deep
1595593760000,1,deep
1595594060000,2,light
1595594360000,2,light
1595594660000,1,deep
1595594960000,1,deep
1595595260000,2,light
1595595560000,2,light
1595595860000,1,deep
1595596160000,1,deep
1595596460000,1,deep
1595596760000,1,deep
1595597060000,1,deep
1595597360000,1,deep
1595597660000,1,deep
1595597960000,2,light
1595598260000,2,light
1595598560000,1,deep
1595598860000,1,deep
1595599160000,2,light
1595599460000,1,deep
1595599760000,1,deep
1595600060000,2,light
1595600360000,1,deep
1595600660000,3,REM
1595600960000,3,REM
1595601260000,3,REM
1595601560000,3,REM
1595601860000,3,REM
1595602160000,2,light
1595602460000,2,light
1595602760000,2,light
1595603060000,2,light
1595603360000,1,deep
1595603660000,2,light
1595603960000,2,light
1595604260000,2,light
1595604560000,2,light
1595604860000,1,deep
1595605160000,2,light
1595605460000,2,light
1595605760000,1,deep
1595606060000,1,deep
1595606360000,2,light
1595606660000,2,light
1595606960000,1,deep
1595607260000,1,deep
1595607560000,4,awake
1595607860000,3,REM
1595608160000,3,REM
1595608460000,3,REM
1595608760000,3,REM
1595609060000,3,REM
1595609360000,3,REM
1595609660000,2,light
1595609960000,2,light
1595610260000,2,light
1595610560000,2,light
1595610860000,2,light
1595611160000,2,light
1595611460000,2,light
1595611760000,2,light
1595612060000,4,awake
1595612360000,4,awake
1595612660000,4,awake
1595612960000,4,awake
1595613260000,3,REM
1595613560000,4,awake
1595613860000,4,awake
1595614160000,2,light
1595614460000,2,light
1595614760000,2,light
1595615060000,2,light
1595615360000,4,awake
1595615660000,3,REM
1595615960000,3,REM
1595616260000,3,REM
1595616560000,3,REM
1595616860000,3,REM
1595617160000,4,awake
1595617460000,4,awake
1595617760000,4,awake
1595618060000,4,awake
1595618360000,4,awake
1595678027000,4,awake
1595678327000,2,light
1595678627000,2,light
1595678927000,2,light
1595679227000,2,light
1595679527000,2,light
1595679827000,2,light
1595680127000,1,deep
1595680427000,1,deep
1595680727000,1,deep
1595681027000,1,deep
1595681327000,1,deep
1595681627000,1,deep
1595681927000,1,deep
1595682227000,1,deep
1595682527000,1,deep
1595682827000,2,light
1595683127000,2,light
1595683427000,2,light
1595683727000,2,light
1595684027000,2,light
1595684327000,1,deep
1595684627000,1,deep
1595684927000,2,light
1595685227000,2,light
1595685527000,1,deep
1595685827000,1,deep
1595686127000,1,deep
1595686427000,2,light
1595686727000,1,deep
1595687027000,1,deep
1595687327000,2,light
1595687627000,2,light
1595687927000,2,light
1595688227000,2,light
1595688527000,2,light
1595688827000,2,light
1595689127000,2,light
1595689427000,2,light
1595689727000,2,light
1595690027000,2,light
1595690327000,2,light
1595690627000,1,deep
1595690927000,1,deep
1595691227000,1,deep
1595691527000,2,light
1595691827000,2,light
1595692127000,2,light
1595692427000,1,deep
1595692727000,2,light
1595693027000,2,light
1595693327000,2,light
1595693627000,3,REM
1595693927000,3,REM
1595694227000,3,REM
1595694527000,2,light
1595694827000,2,light
1595695127000,2,light
1595695427000,2,light
1595695727000,2,light
1595696027000,1,deep
1595696327000,1,deep
1595696627000,2,light
1595696927000,2,light
1595697227000,1,deep
1595697527000,1,deep
1595697827000,2,light
1595698127000,2,light
1595698427000,3,REM
1595698727000,3,REM
1595699027000,3,REM
1595699327000,2,light
1595699627000,2,light
1595699927000,2,light
1595700227000,2,light
1595700527000,2,light
1595700827000,2,light
1595701127000,2,light
1595701427000,2,light
1595701727000,3,REM
1595702027000,3,REM
1595702327000,3,REM
1595702627000,3,REM
1595702927000,3,REM
1595703227000,3,REM
1595703527000,2,light
1595703827000,2,light
1595704127000,2,light
1595704427000,4,awake
1595704727000,3,REM
1595705027000,3,REM
1595705327000,4,awake
1595705627000,2,light
1595705927000,2,light
1595706227000,2,light
1595706527000,2,light
1595706827000,2,light
1595707127000,4,awake
1595707427000,4,awake
1595707727000,2,light
1595708027000,3,REM
1595708327000,3,REM
1595708627000,3,REM
1595708927000,3,REM
1595709227000,4,awake
1595709527000,4,awake
1595709827000,2,light
1595710127000,2,light
1595710427000,4,awake
1595710727000,4,awake
1595763462000,4,awake
1595763762000,4,awake
1595764062000,2,light
1595764362000,2,light
1595764662000,1,deep
1595764962000,1,deep
1595765262000,1,deep
1595765562000,1,deep
1595765862000,2,light
1595766162000,2,light
1595766462000,1,deep
1595766762000,1,deep
1595767062000,1,deep
1595767362000,1,deep
1595767662000,2,light
1595767962000,2,light
1595768262000,2,light
1595768562000,2,light
1595768862000,2,light
1595769162000,2,light
1595769462000,2,light
1595769762000,2,light
1595770062000,2,light
1595770362000,2,light
1595770662000,2,light
1595770962000,1,deep
1595771262000,1,deep
1595771562000,2,light
1595771862000,2,light
1595772162000,1,deep
1595772462000,1,deep
1595772762000,1,deep
1595773062000,2,light
1595773362000,2,light
1595773662000,2,light
1595773962000,2,light
1595774262000,2,light
1595774562000,2,light
1595774862000,3,REM
1595775162000,3,REM
1595775462000,3,REM
1595775762000,2,light
1595776062000,2,light
1595776362000,2,light
1595776662000,2,light
1595776962000,2,light
1595777262000,2,light
1595777562000,2,light
1595777862000,1,deep
1595778162000,1,deep
1595778462000,1,deep
1595778762000,1,deep
1595779062000,2,light
1595779362000,2,light
1595779662000,2,light
1595779962000,2,light
1595780262000,2,light
1595780562000,2,light
1595780862000,2,light
1595781162000,3,REM
1595781462000,3,REM
1595781762000,3,REM
1595782062000,2,light
1595782362000,2,light
1595782662000,2,light
1595782962000,2,light
1595783262000,2,light
1595783562000,2,light
1595783862000,2,light
1595784162000,2,light
1595784462000,4,awake
1595784762000,2,light
1595785062000,2,light
1595785362000,2,light
1595785662000,2,light
1595785962000,3,REM
1595786262000,4,awake
1595786562000,4,awake
1595786862000,3,REM
1595787162000,3,REM
1595787462000,4,awake
1595787762000,4,awake
1595788062000,2,light
1595788362000,2,light
1595788662000,2,light
1595788962000,2,light
1595789262000,4,awake
1595789562000,2,light
1595789862000,4,awake
1595790162000,4,awake
1595790462000,4,awake
1595790762000,2,light
1595791062000,3,REM
1595791362000,3,REM
1595791662000,2,light
1595791962000,3,REM
1595792262000,3,REM
1595792562000,3,REM
1595792862000,3,REM
1595793162000,3,REM
1595793462000,4,awake
1595793762000,2,light
1595794062000,2,light
1595794362000,2,light
1595794662000,2,light
1595794962000,2,light
1595795262000,2,light
1595795562000,1,deep
1595795862000,4,awake
1595796162000,4,awake
1595850841000,4,awake
1595851141000,4,awake
1595851441000,4,awake
1595851741000,4,awake
1595852041000,2,light
1595852341000,1,deep
1595852641000,1,deep
1595852941000,1,deep
1595853241000,2,light
1595853541000,2,light
1595853841000,2,light
1595854141000,1,deep
1595854441000,1,deep
1595854741000,1,deep
1595855041000,1,deep
1595855341000,1,deep
1595855641000,1,deep
1595855941000,1,deep
1595856241000,1,deep
1595856541000,2,light
1595856841000,3,REM
1595857141000,4,awake
1595857441000,2,light
1595857741000,2,light
1595858041000,2,light
1595858341000,1,deep
1595858641000,1,deep
1595858941000,2,light
1595859241000,2,light
1595859541000,2,light
1595859841000,2,light
1595860141000,2,light
1595860441000,2,light
1595860741000,1,deep
1595861041000,2,light
1595861341000,3,REM
1595861641000,3,REM
1595861941000,3,REM
1595862241000,4,awake
1595862541000,2,light
1595862841000,2,light
1595863141000,2,light
1595863441000,2,light
1595863741000,2,light
1595864041000,2,light
1595864341000,2,light
1595864641000,2,light
1595864941000,2,light
1595865241000,2,light
1595865541000,2,light
1595865841000,2,light
1595866141000,1,deep
1595866441000,2,light
1595866741000,2,light
1595867041000,2,light
1595867341000,2,light
1595867641000,2,light
1595867941000,3,REM
1595868241000,3,REM
1595868541000,2,light
1595868841000,2,light
1595869141000,2,light
1595869441000,2,light
1595869741000,1,deep
1595870041000,1,deep
1595870341000,2,light
1595870641000,2,light
1595870941000,2,light
1595871241000,1,deep
1595871541000,1,deep
1595871841000,1,deep
1595872141000,2,light
1595872441000,3,REM
1595872741000,3,REM
1595873041000,3,REM
1595873341000,3,REM
1595873641000,3,REM
1595873941000,2,light
1595874241000,2,light
1595874541000,2,light
1595874841000,1,deep
1595875141000,1,deep
1595875441000,3,REM
1595875741000,3,REM
1595876041000,3,REM
1595876341000,4,awake
1595876641000,4,awake
1595876941000,4,awake
1595877241000,4,awake
1595936973000,4,awake
1595937273000,2,light
1595937573000,1,deep
1595937873000,1,deep
1595938173000,1,deep
1595938473000,1,deep
1595938773000,1,deep
1595939073000,1,deep
1595939373000,1,deep
1595939673000,1,deep
1595939973000,1,deep
1595940273000,1,deep
1595940573000,1,deep
1595940873000,2,light
1595941173000,2,light
1595941473000,3,REM
1595941773000,3,REM
1595942073000,2,light
1595942373000,1,deep
1595942673000,1,deep
1595942973000,1,deep
1595943273000,2,light
1595943573000,2,light
1595943873000,1,deep
1595944173000,1,deep
1595944473000,1,deep
1595944773000,1,deep
1595945073000,2,light
1595945373000,2,light
1595945673000,1,deep
1595945973000,1,deep
1595946273000,1,deep
1595946573000,2,light
1595946873000,2,light
1595947173000,3,REM
1595947473000,3,REM
1595947773000,3,REM
1595948073000,3,REM
1595948373000,1,deep
1595948673000,1,deep
1595948973000,2,light
1595949273000,2,light
1595949573000,1,deep
1595949873000,1,deep
1595950173000,1,deep
1595950473000,2,light
1595950773000,1,deep
1595951073000,1,deep
1595951373000,2,light
1595951673000,2,light
1595951973000,2,light
1595952273000,2,light
1595952573000,1,deep
1595952873000,1,deep
1595953173000,2,light
1595953473000,3,REM
1595953773000,3,REM
1595954073000,3,REM
1595954373000,3,REM
1595954673000,3,REM
1595954973000,3,REM
1595955273000,2,light
1595955573000,2,light
1595955873000,2,light
1595956173000,2,light
1595956473000,2,light
1595956773000,2,light
1595957073000,1,deep
1595957373000,1,deep
1595957673000,2,light
1595957973000,2,light
1595958273000,2,light
1595958573000,2,light
1595958873000,2,light
1595959173000,2,light
1595959473000,3,REM
1595959773000,3,REM
1595960073000,3,REM
1595960373000,3,REM
1595960673000,3,REM
1595960973000,3,REM
1595961273000,3,REM
1595961573000,3,REM
1595961873000,3,REM
1595962173000,3,REM
1595962473000,4,awake
1595962773000,4,awake
1595963073000,4,awake
1595963373000,4,awake
1595963673000,4,awake
1596023123000,4,awake
1596023423000,4,awake
1596023723000,2,light
1596024023000,2,light
1596024323000,1,deep
1596024623000,2,light
1596024923000,2,light
1596025223000,2,light
1596025523000,2,light
1596025823000,2,light
1596026123000,2,light
1596026423000,2,light
1596026723000,4,awake
1596027023000,2,light
1596027323000,2,light
1596027623000,2,light
1596027923000,2,light
1596028223000,2,light
1596028523000,1,deep
1596028823000,1,deep
1596029123000,1,deep
1596029423000,1,deep
1596029723000,1,deep
1596030023000,1,deep
1596030323000,1,deep
1596030623000,1,deep
1596030923000,1,deep
1596031223000,1,deep
1596031523000,1,deep
1596031823000,2,light
1596032123000,2,light
1596032423000,1,deep
1596032723000,1,deep
1596033023000,1,deep
1596033323000,2,light
1596033623000,3,REM
1596033923000,2,light
1596034223000,2,light
1596034523000,2,light
1596034823000,2,light
1596035123000,2,light
1596035423000,2,light
1596035723000,2,light
1596036023000,2,light
1596036323000,1,deep
1596036623000,1,deep
1596036923000,2,light
1596037223000,2,light
1596037523000,2,light
1596037823000,2,light
1596038123000,2,light
1596038423000,2,light
1596038723000,2,light
1596039023000,2,light
1596039323000,2,light
1596039623000,2,light
1596039923000,1,deep
1596040223000,2,light
1596040523000,2,light
1596040823000,3,REM
1596041123000,3,REM
1596041423000,3,REM
1596041723000,3,REM
1596042023000,4,awake
1596042323000,2,light
1596042623000,2,light
1596042923000,2,light
1596043223000,2,light
1596043523000,2,light
1596043823000,2,light
1596044123000,2,light
1596044423000,2,light
1596044723000,1,deep
1596045023000,4,awake
1596045323000,2,light
1596045623000,2,light
1596045923000,2,light
1596046223000,2,light
1596046523000,2,light
1596046823000,3,REM
1596047123000,3,REM
1596047423000,3,REM
1596047723000,3,REM
1596048023000,3,REM
1596048323000,2,light
1596048623000,2,light
1596048923000,2,light
1596049223000,3,REM
1596049523000,4,awake
1596049823000,4,awake
1596050123000,4,awake
1596050423000,4,awake
1596050723000,2,light
1596051023000,2,light
1596051323000,2,light
1596051623000,2,light
1596051923000,2,light
1596052223000,3,REM
1596052523000,3,REM
1596052823000,3,REM
1596053123000,3,REM
1596053423000,3,REM
1596053723000,3,REM
1596054023000,3,REM
1596054323000,2,light
1596054623000,2,light
1596054923000,2,light
1596055223000,3,REM
1596055523000,3,REM
1596055823000,3,REM
1596056123000,4,awake
1596056423000,4,awake
1596056723000,3,REM
1596057023000,3,REM
1596057323000,2,light
1596057623000,3,REM
1596057923000,4,awake
1596110094000,4,awake
1596110394000,4,awake
1596110694000,4,awake
1596110994000,2,light
1596111294000,2,light
1596111594000,2,light
1596111894000,1,deep
1596112194000,1,deep
1596112494000,1,deep
1596112794000,2,light
1596113094000,2,light
1596113394000,2,light
1596113694000,1,deep
1596113994000,1,deep
1596114294000,1,deep
1596114594000,1,deep
1596114894000,2,light
1596115194000,1,deep
1596115494000,1,deep
1596115794000,1,deep
1596116094000,1,deep
1596116394000,1,deep
1596116694000,1,deep
1596116994000,1,deep
1596117294000,1,deep
1596117594000,1,deep
1596117894000,2,light
1596118194000,1,deep
1596118494000,2,light
1596118794000,2,light
1596119094000,2,light
1596119394000,2,light
1596119694000,2,light
1596119994000,2,light
1596120294000,2,light
1596120594000,2,light
1596120894000,3,REM
1596121194000,3,REM
1596121494000,2,light
1596121794000,2,light
1596122094000,2,light
1596122394000,2,light
1596122694000,2,light
1596122994000,1,deep
1596123294000,1,deep
1596123594000,1,deep
1596123894000,1,deep
1596124194000,2,light
1596124494000,2,light
1596124794000,1,deep
1596125094000,1,deep
1596125394000,2,light
1596125694000,2,light
1596125994000,2,light
1596126294000,2,light
1596126594000,4,awake
1596126894000,2,light
1596127194000,3,REM
1596127494000,3,REM
1596127794000,3,REM
1596128094000,3,REM
1596128394000,3,REM
1596128694000,4,awake
1596128994000,2,light
1596129294000,2,light
1596129594000,2,light
1596129894000,2,light
1596130194000,2,light
1596130494000,2,light
1596130794000,2,light
1596131094000,2,light
1596131394000,1,deep
1596131694000,1,deep
1596131994000,1,deep
1596132294000,1,deep
1596132594000,3,REM
1596132894000,3,REM
1596133194000,3,REM
1596133494000,3,REM
1596133794000,2,light
1596134094000,2,light
1596134394000,2,light
1596134694000,2,light
1596134994000,2,light
1596135294000,2,light
1596135594000,4,awake
1596135894000,4,awake
1596136194000,4,awake
1596136494000,4,awake
1596194733000,4,awake
1596195033000,2,light
1596195333000,1,deep
1596195633000,1,deep
1596195933000,2,light
1596196233000,2,light
1596196533000,2,light
1596196833000,2,light
1596197133000,2,light
1596197433000,2,light
1596197733000,2,light
1596198033000,4,awake
1596198333000,4,awake
1596198633000,2,light
1596198933000,2,light
1596199233000,2,light
1596199533000,1,deep
1596199833000,1,deep
1596200133000,1,deep
1596200433000,1,deep
1596200733000,1,deep
1596201033000,1,deep
1596201333000,1,deep
1596201633000,1,deep
1596201933000,2,light
1596202233000,2,light
1596202533000,2,light
1596202833000,2,light
1596203133000,2,light
1596203433000,2,light
1596203733000,2,light
1596204033000,2,light
1596204333000,1,deep
1596204633000,2,light
1596204933000,2,light
1596205233000,2,light
1596205533000,3,REM
1596205833000,3,REM
1596206133000,3,REM
1596206433000,2,light
1596206733000,2,light
1596207033000,2,light
1596207333000,2,light
1596207633000,2,light
1596207933000,2,light
1596208233000,2,light
1596208533000,2,light
1596208833000,2,light
1596209133000,2,light
1596209433000,1,deep
1596209733000,1,deep
1596210033000,2,light
1596210333000,2,light
1596210633000,2,light
1596210933000,2,light
1596211233000,2,light
1596211533000,2,light
1596211833000,2,light
1596212133000,2,light
1596212433000,2,light
1596212733000,2,light
1596213033000,2,light
1596213333000,3,REM
1596213633000,2,light
1596213933000,2,light
1596214233000,2,light
1596214533000,2,light
1596214833000,2,light
1596215133000,2,light
1596215433000,2,light
1596215733000,1,deep
1596216033000,1,deep
1596216333000,1,deep
1596216633000,3,REM
1596216933000,2,light
1596217233000,3,REM
1596217533000,3,REM
1596217833000,3,REM
1596218133000,3,REM
1596218433000,3,REM
1596218733000,3,REM
1596219033000,3,REM
1596219333000,3,REM
1596219633000,3,REM
1596219933000,3,REM
1596220233000,3,REM
1596220533000,3,REM
1596220833000,3,REM
1596221133000,4,awake
1596221433000,2,light
1596221733000,2,light
1596222033000,4,awake
1596222333000,4,awake
1596222633000,4,awake
1596222933000,4,awake
1596223233000,4,awake
1596223533000,3,REM
1596223833000,4,awake
1596224133000,4,awake
1596280022000,4,awake
1596280322000,2,light
1596280622000,2,light
1596280922000,1,deep
1596281222000,1,deep
1596281522000,1,deep
1596281822000,1,deep
1596282122000,2,light
1596282422000,1,deep
1596282722000,1,deep
1596283022000,2,light
1596283322000,1,deep
1596283622000,1,deep
1596283922000,1,deep
1596284222000,1,deep
1596284522000,1,deep
1596284822000,1,deep
1596285122000,1,deep
1596285422000,2,light
1596285722000,1,deep
1596286022000,1,deep
1596286322000,2,light
1596286622000,2,light
1596286922000,1,deep
1596287222000,1,deep
1596287522000,1,deep
1596287822000,1,deep
1596288122000,2,light
1596288422000,2,light
1596288722000,2,light
1596289022000,2,light
1596289322000,1,deep
1596289622000,1,deep
1596289922000,2,light
1596290222000,2,light
1596290522000,2,light
1596290822000,2,light
1596291122000,2,light
1596291422000,2,light
1596291722000,1,deep
1596292022000,2,light
1596292322000,2,light
1596292622000,2,light
1596292922000,2,light
1596293222000,2,light
1596293522000,2,light
1596293822000,2,light
1596294122000,2,light
1596294422000,2,light
1596294722000,2,light
1596295022000,2,light
1596295322000,1,deep
1596295622000,1,deep
1596295922000,1,deep
1596296222000,1,deep
1596296522000,1,deep
1596296822000,1,deep
1596297122000,2,light
1596297422000,1,deep
1596297722000,2,light
1596298022000,2,light
1596298322000,2,light
1596298622000,2,light
1596298922000,2,light
1596299222000,2,light
1596299522000,2,light
1596299822000,2,light
1596300122000,2,light
1596300422000,3,REM
1596300722000,2,light
1596301022000,2,light
1596301322000,2,light
1596301622000,2,light
1596301922000,2,light
1596302222000,1,deep
1596302522000,2,light
1596302822000,2,light
1596303122000,2,light
1596303422000,2,light
1596303722000,2,light
1596304022000,2,light
1596304322000,2,light
1596304622000,2,light
1596304922000,3,REM
1596305222000,3,REM
1596305522000,3,REM
1596305822000,3,REM
1596306122000,3,REM
1596306422000,2,light
1596306722000,2,light
1596307022000,2,light
1596307322000,2,light
1596307622000,2,light
1596307922000,2,light
1596308222000,4,awake
1596308522000,4,awake
1596308822000,4,awake
1596309122000,4,awake
1596309422000,4,awake
1596309722000,4,awake
1596310022000,4,awake
1596310322000,3,REM
1596310622000,2,light
1596310922000,3,REM
1596311222000,3,REM
1596311522000,3,REM
1596311822000,3,REM
1596312122000,3,REM
1596312422000,3,REM
1596312722000,3,REM
1596313022000,2,light
1596313322000,2,light
1596313622000,2,light
1596313922000,2,light
1596314222000,4,awake
1596314522000,2,light
1596314822000,2,light
1596315122000,3,REM
1596315422000,2,light
1596315722000,3,REM
1596316022000,3,REM
1596316322000,2,light
1596316622000,2,light
1596316922000,2,light
1596317222000,3,REM
1596317522000,3,REM
1596317822000,3,REM
1596318122000,3,REM
1596318422000,3,REM
1596318722000,2,light
1596319022000,2,light
1596319322000,2,light
1596319622000,1,deep
1596319922000,1,deep
1596320222000,1,deep
1596320522000,4,awake
1596320822000,3,REM
1596321122000,3,REM
1596321422000,3,REM
1596321722000,4,awake
1596322022000,4,awake
1596322322000,4,awake
1596322622000,4,awake
1596371338000,4,awake
1596371638000,2,light
1596371938000,4,awake
1596372238000,4,awake
1596372538000,2,light
1596372838000,1,deep
1596373138000,2,light
1596373438000,2,light
1596373738000,2,light
1596374038000,2,light
1596374338000,2,light
1596374638000,2,light
1596374938000,2,light
1596375238000,1,deep
1596375538000,2,light
1596375838000,1,deep
1596376138000,1,deep
1596376438000,4,awake
1596376738000,4,awake
1596377038000,2,light
1596377338000,1,deep
1596377638000,1,deep
1596377938000,1,deep
1596378238000,1,deep
1596378538000,1,deep
1596378838000,2,light
1596379138000,2,light
1596379438000,1,deep
1596379738000,2,light
1596380038000,2,light
1596380338000,2,light
1596380638000,2,light
1596380938000,2,light
1596381238000,1,deep
1596381538000,2,light
1596381838000,1,deep
1596382138000,2,light
1596382438000,1,deep
1596382738000,1,deep
1596383038000,1,deep
1596383338000,2,light
1596383638000,1,deep
1596383938000,1,deep
1596384238000,1,deep
1596384538000,1,deep
1596384838000,1,deep
1596385138000,1,deep
1596385438000,2,light
1596385738000,3,REM
1596386038000,3,REM
1596386338000,3,REM
1596386638000,3,REM
1596386938000,2,light
1596387238000,2,light
1596387538000,2,light
1596387838000,2,light
1596388138000,2,light
1596388438000,1,deep
1596388738000,1,deep
1596389038000,1,deep
1596389338000,1,deep
1596389638000,2,light
1596389938000,2,light
1596390238000,2,light
1596390538000,2,light
1596390838000,4,awake
1596391138000,3,REM
1596391438000,3,REM
1596391738000,3,REM
1596392038000,3,REM
1596392338000,3,REM
1596392638000,3,REM
1596392938000,3,REM
1596393238000,2,light
1596393538000,2,light
1596393838000,4,awake
1596394138000,4,awake
1596394438000,4,awake
1596394738000,4,awake
1596395038000,2,light
1596395338000,2,light
1596395638000,4,awake
1596395938000,4,awake
1596396238000,4,awake
1596396538000,4,awake
1596396838000,4,awake
1596397138000,4,awake
1596397438000,4,awake
1596397738000,4,awake
1596398038000,4,awake
1596451207000,4,awake
1596451507000,4,awake
1596451807000,2,light
1596452107000,1,deep
1596452407000,1,deep
1596452707000,1,deep
1596453007000,1,deep
1596453307000,4,awake
1596453607000,2,light
1596453907000,2,light
1596454207000,1,deep
1596454507000,2,light
1596454807000,2,light
1596455107000,2,light
1596455407000,2,light
1596455707000,2,light
1596456007000,2,light
1596456307000,2,light
1596456607000,3,REM
1596456907000,3,REM
1596457207000,3,REM
1596457507000,2,light
1596457807000,2,light
1596458107000,2,light
1596458407000,1,deep
1596458707000,1,deep
1596459007000,1,deep
1596459307000,1,deep
1596459607000,1,deep
1596459907000,1,deep
1596460207000,1,deep
1596460507000,1,deep
1596460807000,4,awake
1596461107000,2,light
1596461407000,2,light
1596461707000,1,deep
1596462007000,2,light
1596462307000,2,light
1596462607000,2,light
1596462907000,2,light
1596463207000,2,light
1596463507000,2,light
1596463807000,2,light
1596464107000,2,light
1596464407000,2,light
1596464707000,2,light
1596465007000,3,REM
1596465307000,3,REM
1596465607000,3,REM
1596465907000,3,REM
1596466207000,3,REM
1596466507000,2,light
1596466807000,2,light
1596467107000,2,light
1596467407000,1,deep
1596467707000,1,deep
1596468007000,1,deep
1596468307000,1,deep
1596468607000,1,deep
1596468907000,1,deep
1596469207000,2,light
1596469507000,2,light
1596469807000,2,light
1596470107000,2,light
1596470407000,2,light
1596470707000,4,awake
1596471007000,2,light
1596471307000,3,REM
1596471607000,3,REM
1596471907000,3,REM
1596472207000,2,light
1596472507000,2,light
1596472807000,2,light
1596473107000,2,light
1596473407000,2,light
1596473707000,2,light
1596474007000,2,light
1596474307000,2,light
1596474607000,2,light
1596474907000,2,light
1596475207000,3,REM
1596475507000,3,REM
1596475807000,3,REM
1596476107000,3,REM
1596476407000,3,REM
1596476707000,3,REM
1596477007000,3,REM
1596477307000,3,REM
1596477607000,3,REM
1596477907000,3,REM
1596478207000,2,light
1596478507000,2,light
1596478807000,2,light
1596479107000,2,light
1596479407000,2,light
1596479707000,2,light
1596480007000,2,light
1596480307000,4,awake
1596480607000,4,awake
1596480907000,4,awake
1596481207000,4,awake
1596481507000,4,awake
1596481807000,4,awake
1596482107000,4,awake
1596537277000,4,awake
1596537577000,4,awake
1596537877000,4,awake
1596538177000,4,awake
1596538477000,4,awake
1596538777000,4,awake
1596539077000,2,light
1596539377000,2,light
1596539677000,2,light
1596539977000,4,awake
1596540277000,2,light
1596540577000,1,deep
1596540877000,1,deep
1596541177000,2,light
1596541477000,2,light
1596541777000,2,light
1596542077000,2,light
1596542377000,1,deep
1596542677000,1,deep
1596542977000,1,deep
1596543277000,1,deep
1596543577000,1,deep
1596543877000,2,light
1596544177000,2,light
1596544477000,2,light
1596544777000,2,light
1596545077000,2,light
1596545377000,2,light
1596545677000,2,light
1596545977000,2,light
1596546277000,2,light
1596546577000,2,light
1596546877000,1,deep
1596547177000,1,deep
1596547477000,2,light
1596547777000,1,deep
1596548077000,2,light
1596548377000,2,light
1596548677000,2,light
1596548977000,2,light
1596549277000,1,deep
1596549577000,1,deep
1596549877000,1,deep
1596550177000,3,REM
1596550477000,3,REM
1596550777000,3,REM
1596551077000,3,REM
1596551377000,3,REM
1596551677000,4,awake
1596551977000,2,light
1596552277000,2,light
1596552577000,2,light
1596552877000,2,light
1596553177000,2,light
1596553477000,1,deep
1596553777000,1,deep
1596554077000,2,light
1596554377000,2,light
1596554677000,2,light
1596554977000,2,light
1596555277000,2,light
1596555577000,2,light
1596555877000,2,light
1596556177000,2,light
1596556477000,2,light
1596556777000,2,light
1596557077000,3,REM
1596557377000,3,REM
1596557677000,4,awake
1596557977000,4,awake
1596623099000,4,awake
1596623399000,2,light
1596623699000,1,deep
1596623999000,1,deep
1596624299000,1,deep
1596624599000,1,deep
1596624899000,2,light
1596625199000,2,light
1596625499000,1,deep
1596625799000,1,deep
1596626099000,2,light
1596626399000,2,light
1596626699000,2,light
1596626999000,1,deep
1596627299000,1,deep
1596627599000,1,deep
1596627899000,1,deep
1596628199000,1,deep
1596628499000,1,deep
1596628799000,2,light
1596629099000,2,light
1596629399000,2,light
1596629699000,1,deep
1596629999000,1,deep
1596630299000,1,deep
1596630599000,1,deep
1596630899000,1,deep
1596631199000,1,deep
1596631499000,4,awake
1596631799000,2,light
1596632099000,2,light
1596632399000,1,deep
1596632699000,1,deep
1596632999000,1,deep
1596633299000,1,deep
1596633599000,1,deep
1596633899000,2,light
1596634199000,2,light
1596634499000,4,awake
1596634799000,3,REM
1596635099000,3,REM
1596635399000,2,light
1596635699000,2,light
1596635999000,2,light
1596636299000,1,deep
1596636599000,2,light
1596636899000,2,light
1596637199000,1,deep
1596637499000,1,deep
1596637799000,2,light
1596638099000,2,light
1596638399000,2,light
1596638699000,2,light
1596638999000,1,deep
1596639299000,2,light
1596639599000,2,light
1596639899000,2,light
1596640199000,1,deep
1596640499000,2,light
1596640799000,3,REM
1596641099000,3,REM
1596641399000,3,REM
1596641699000,3,REM
1596641999000,3,REM
1596642299000,3,REM
1596642599000,3,REM
1596642899000,3,REM
1596643199000,2,light
1596643499000,2,light
1596643799000,2,light
1596644099000,2,light
1596644399000,4,awake
1596644699000,4,awake
1596644999000,2,light
1596645299000,2,light
1596645599000,1,deep
1596645899000,2,light
1596646199000,2,light
1596646499000,3,REM
1596646799000,3,REM
1596647099000,3,REM
1596647399000,3,REM
1596647699000,3,REM
1596647999000,3,REM
1596648299000,3,REM
1596648599000,3,REM
1596648899000,3,REM
1596649199000,4,awake
1596649499000,2,light
1596649799000,2,light
1596650099000,1,deep
1596650399000,1,deep
1596650699000,4,awake
1596650999000,4,awake
1596651299000,4,awake
1596651599000,2,light
1596651899000,4,awake
1596652199000,4,awake
1596652499000,4,awake
1596652799000,3,REM
1596653099000,3,REM
1596653399000,4,awake
1596653699000,4,awake
1596653999000,2,light
1596654299000,2,light
1596654599000,4,awake
1596654899000,4,awake
1596711088000,4,awake
1596711388000,2,light
1596711688000,2,light
1596711988000,2,light
1596712288000,2,light
1596712588000,2,light
1596712888000,2,light
1596713188000,2,light
1596713488000,2,light
1596713788000,2,light
1596714088000,1,deep
1596714388000,1,deep
1596714688000,1,deep
1596714988000,1,deep
1596715288000,1,deep
1596715588000,1,deep
1596715888000,1,deep
1596716188000,1,deep
1596716488000,2,light
1596716788000,1,deep
1596717088000,3,REM
1596717388000,1,deep
1596717688000,2,light
1596717988000,2,light
1596718288000,2,light
1596718588000,1,deep
1596718888000,1,deep
1596719188000,1,deep
1596719488000,1,deep
1596719788000,1,deep
1596720088000,2,light
1596720388000,2,light
1596720688000,1,deep
1596720988000,2,light
1596721288000,2,light
1596721588000,2,light
1596721888000,2,light
1596722188000,1,deep
1596722488000,4,awake
1596722788000,2,light
1596723088000,2,light
1596723388000,2,light
1596723688000,2,light
1596723988000,2,light
1596724288000,2,light
1596724588000,1,deep
1596724888000,2,light
1596725188000,2,light
1596725488000,3,REM
1596725788000,3,REM
1596726088000,3,REM
1596726388000,2,light
1596726688000,2,light
1596726988000,2,light
1596727288000,2,light
1596727588000,2,light
1596727888000,1,deep
1596728188000,1,deep
1596728488000,1,deep
1596728788000,1,deep
1596729088000,1,deep
1596729388000,1,deep
1596729688000,2,light
1596729988000,2,light
1596730288000,1,deep
1596730588000,1,deep
1596730888000,1,deep
1596731188000,2,light
1596731488000,3,REM
1596731788000,3,REM
1596732088000,3,REM
1596732388000,3,REM
1596732688000,3,REM
1596732988000,4,awake
1596733288000,2,light
1596733588000,2,light
1596733888000,2,light
1596734188000,2,light
1596734488000,2,light
1596734788000,2,light
1596735088000,2,light
1596735388000,2,light
1596735688000,2,light
1596735988000,3,REM
1596736288000,3,REM
1596736588000,3,REM
1596736888000,3,REM
1596737188000,3,REM
1596737488000,3,REM
1596737788000,3,REM
1596738088000,3,REM
1596738388000,2,light
1596738688000,2,light
1596738988000,2,light
1596739288000,1,deep
1596739588000,2,light
1596739888000,3,REM
1596740188000,4,awake
1596740488000,4,awake
1596740788000,4,awake
1596741088000,4,awake
1596741388000,4,awake
1596741688000,4,awake
1596741988000,4,awake
1596742288000,3,REM
1596742588000,4,awake
1596742888000,4,awake
1596743188000,4,awake
1596743488000,4,awake
1596796319000,4,awake
1596796619000,2,light
1596796919000,2,light
1596797219000,1,deep
1596797519000,1,deep
1596797819000,2,light
1596798119000,2,light
1596798419000,2,light
1596798719000,1,deep
1596799019000,4,awake
1596799319000,2,light
1596799619000,2,light
1596799919000,2,light
1596800219000,2,light
1596800519000,2,light
1596800819000,2,light
1596801119000,2,light
1596801419000,4,awake
1596801719000,2,light
1596802019000,2,light
1596802319000,2,light
1596802619000,2,light
1596802919000,2,light
1596803219000,1,deep
1596803519000,1,deep
1596803819000,2,light
1596804119000,2,light
1596804419000,4,awake
1596804719000,4,awake
1596805019000,1,deep
1596805319000,1,deep
1596805619000,2,light
1596805919000,2,light
1596806219000,1,deep
1596806519000,4,awake
1596806819000,4,awake
1596807119000,2,light
1596807419000,2,light
1596807719000,2,light
1596808019000,2,light
1596808319000,2,light
1596808619000,2,light
1596808919000,2,light
1596809219000,3,REM
1596809519000,4,awake
1596809819000,4,awake
1596810119000,3,REM
1596810419000,3,REM
1596810719000,2,light
1596811019000,4,awake
1596811319000,4,awake
1596811619000,4,awake
1596811919000,4,awake
1596882294000,4,awake
1596882594000,4,awake
1596882894000,2,light
1596883194000,2,light
1596883494000,1,deep
1596883794000,2,light
1596884094000,2,light
1596884394000,2,light
1596884694000,1,deep
1596884994000,1,deep
1596885294000,1,deep
1596885594000,1,deep
1596885894000,1,deep
1596886194000,1,deep
1596886494000,1,deep
1596886794000,1,deep
1596887094000,2,light
1596887394000,2,light
1596887694000,2,light
1596887994000,2,light
1596888294000,1,deep
1596888594000,2,light
1596888894000,2,light
1596889194000,1,deep
1596889494000,1,deep
1596889794000,1,deep
1596890094000,1,deep
1596890394000,2,light
1596890694000,1,deep
1596890994000,1,deep
1596891294000,1,deep
1596891594000,1,deep
1596891894000,4,awake
1596892194000,3,REM
1596892494000,3,REM
1596892794000,3,REM
1596893094000,3,REM
1596893394000,2,light
1596893694000,2,light
1596893994000,2,light
1596894294000,2,light
1596894594000,1,deep
1596894894000,1,deep
1596895194000,1,deep
1596895494000,2,light
1596895794000,1,deep
1596896094000,1,deep
1596896394000,2,light
1596896694000,2,light
1596896994000,2,light
1596897294000,1,deep
1596897594000,2,light
1596897894000,2,light
1596898194000,1,deep
1596898494000,1,deep
1596898794000,3,REM
1596899094000,3,REM
1596899394000,3,REM
1596899694000,2,light
1596899994000,2,light
1596900294000,2,light
1596900594000,2,light
1596900894000,3,REM
1596901194000,2,light
1596901494000,2,light
1596901794000,2,light
1596902094000,2,light
1596902394000,2,light
1596902694000,1,deep
1596902994000,2,light
1596903294000,2,light
1596903594000,2,light
1596903894000,2,light
1596904194000,2,light
1596904494000,2,light
1596904794000,2,light
1596905094000,1,deep
1596905394000,1,deep
1596905694000,3,REM
1596905994000,3,REM
1596906294000,3,REM
1596906594000,3,REM
1596906894000,3,REM
1596907194000,3,REM
1596907494000,3,REM
1596907794000,2,light
1596908094000,2,light
1596908394000,3,REM
1596908694000,3,REM
1596908994000,2,light
1596909294000,2,light
1596909594000,4,awake
1596909894000,2,light
1596910194000,3,REM
1596910494000,3,REM
1596910794000,3,REM
1596911094000,3,REM
1596911394000,3,REM
1596911694000,3,REM
1596911994000,3,REM
1596912294000,3,REM
1596912594000,3,REM
1596912894000,4,awake
1596913194000,2,light
1596913494000,2,light
1596913794000,4,awake
1596914094000,4,awake
1596914394000,4,awake
1596914694000,4,awake
1596914994000,4,awake
1596915294000,2,light
1596915594000,2,light
1596915894000,2,light
1596916194000,2,light
1596916494000,3,REM
1596916794000,1,deep
1596917094000,3,REM
1596917394000,2,light
1596917694000,3,REM
1596917994000,3,REM
1596918294000,2,light
1596918594000,2,light
1596918894000,2,light
1596919194000,2,light
1596919494000,2,light
1596919794000,2,light
1596920094000,2,light
1596920394000,2,light
1596920694000,4,awake
1596920994000,4,awake
1596921294000,4,awake
1596921594000,3,REM
1596921894000,4,awake
1596922194000,3,REM
1596922494000,4,awake
1596922794000,4,awake
1596923094000,4,awake
1596923394000,4,awake
1596923694000,4,awake
1596972598000,4,awake
1596972898000,2,light
1596973198000,2,light
1596973498000,1,deep
1596973798000,2,light
1596974098000,2,light
1596974398000,2,light
1596974698000,2,light
1596974998000,2,light
1596975298000,1,deep
1596975598000,1,deep
1596975898000,2,light
1596976198000,2,light
1596976498000,2,light
1596976798000,2,light
1596977098000,2,light
1596977398000,2,light
1596977698000,1,deep
1596977998000,1,deep
1596978298000,1,deep
1596978598000,2,light
1596978898000,1,deep
1596979198000,1,deep
1596979498000,2,light
1596979798000,2,light
1596980098000,4,awake
1596980398000,2,light
1596980698000,3,REM
1596980998000,3,REM
1596981298000,3,REM
1596981598000,2,light
1596981898000,2,light
1596982198000,2,light
1596982498000,1,deep
1596982798000,1,deep
1596983098000,1,deep
1596983398000,1,deep
1596983698000,1,deep
1596983998000,1,deep
1596984298000,2,light
1596984598000,2,light
1596984898000,1,deep
1596985198000,4,awake
1596985498000,2,light
1596985798000,2,light
1596986098000,2,light
1596986398000,2,light
1596986698000,2,light
1596986998000,1,deep
1596987298000,2,light
1596987598000,2,light
1596987898000,3,REM
1596988198000,2,light
1596988498000,2,light
1596988798000,2,light
1596989098000,1,deep
1596989398000,1,deep
1596989698000,1,deep
1596989998000,1,deep
1596990298000,1,deep
1596990598000,1,deep
1596990898000,1,deep
1596991198000,1,deep
1596991498000,3,REM
1596991798000,3,REM
1596992098000,3,REM
1596992398000,3,REM
1596992698000,3,REM
1596992998000,3,REM
1596993298000,3,REM
1596993598000,2,light
1596993898000,2,light
1596994198000,2,light
1596994498000,2,light
1596994798000,2,light
1596995098000,2,light
1596995398000,1,deep
1596995698000,2,light
1596995998000,2,light
1596996298000,3,REM
1596996598000,3,REM
1596996898000,3,REM
1596997198000,3,REM
1596997498000,3,REM
1596997798000,3,REM
1596998098000,3,REM
1596998398000,4,awake
1596998698000,4,awake
1596998998000,3,REM
1596999298000,3,REM
1596999598000,4,awake
1596999898000,4,awake
1597000198000,4,awake
1597000498000,4,awake
1597000798000,4,awake
1597001098000,2,light
1597001398000,2,light
1597001698000,2,light
1597001998000,2,light
1597002298000,4,awake
1597057980000,4,awake
1597058280000,4,awake
1597058580000,2,light
1597058880000,1,deep
1597059180000,1,deep
1597059480000,1,deep
1597059780000,1,deep
1597060080000,2,light
1597060380000,2,light
1597060680000,2,light
1597060980000,4,awake
1597061280000,2,light
1597061580000,2,light
1597061880000,2,light
1597062180000,2,light
1597062480000,1,deep
1597062780000,2,light
1597063080000,2,light
1597063380000,1,deep
1597063680000,1,deep
1597063980000,1,deep
1597064280000,1,deep
1597064580000,1,deep
1597064880000,4,awake
1597065180000,2,light
1597065480000,1,deep
1597065780000,1,deep
1597066080000,1,deep
1597066380000,1,deep
1597066680000,2,light
1597066980000,2,light
1597067280000,3,REM
1597067580000,3,REM
1597067880000,2,light
1597068180000,2,light
1597068480000,2,light
1597068780000,2,light
1597069080000,2,light
1597069380000,2,light
1597069680000,1,deep
1597069980000,1,deep
1597070280000,1,deep
1597070580000,1,deep
1597070880000,1,deep
1597071180000,2,light
1597071480000,2,light
1597071780000,2,light
1597072080000,2,light
1597072380000,2,light
1597072680000,2,light
1597072980000,1,deep
1597073280000,3,REM
1597073580000,3,REM
1597073880000,3,REM
1597074180000,3,REM
1597074480000,3,REM
1597074780000,3,REM
1597075080000,4,awake
1597075380000,2,light
1597075680000,2,light
1597075980000,2,light
1597076280000,2,light
1597076580000,2,light
1597076880000,1,deep
1597077180000,2,light
1597077480000,2,light
1597077780000,2,light
1597078080000,2,light
1597078380000,2,light
1597078680000,2,light
1597078980000,3,REM
1597079280000,3,REM
1597079580000,3,REM
1597079880000,3,REM
1597080180000,3,REM
1597080480000,3,REM
1597080780000,2,light
1597081080000,2,light
1597081380000,2,light
1597081680000,2,light
1597081980000,2,light
1597082280000,2,light
1597082580000,2,light
1597082880000,2,light
1597083180000,2,light
1597083480000,4,awake
1597083780000,4,awake
1597142871000,4,awake
1597143171000,4,awake
1597143471000,2,light
1597143771000,1,deep
1597144071000,2,light
1597144371000,2,light
1597144671000,2,light
1597144971000,2,light
1597145271000,1,deep
1597145571000,1,deep
1597145871000,2,light
1597146171000,2,light
1597146471000,2,light
1597146771000,2,light
1597147071000,2,light
1597147371000,1,deep
1597147671000,1,deep
1597147971000,1,deep
1597148271000,1,deep
1597148571000,2,light
1597148871000,2,light
1597149171000,1,deep
1597149471000,1,deep
1597149771000,1,deep
1597150071000,1,deep
1597150371000,2,light
1597150671000,2,light
1597150971000,4,awake
1597151271000,4,awake
1597151571000,2,light
1597151871000,2,light
1597152171000,1,deep
1597152471000,1,deep
1597152771000,1,deep
1597153071000,2,light
1597153371000,2,light
1597153671000,3,REM
1597153971000,3,REM
1597154271000,3,REM
1597154571000,2,light
1597154871000,2,light
1597155171000,2,light
1597155471000,2,light
1597155771000,2,light
1597156071000,2,light
1597156371000,1,deep
1597156671000,2,light
1597156971000,2,light
1597157271000,2,light
1597157571000,1,deep
1597157871000,1,deep
1597158171000,1,deep
1597158471000,2,light
1597158771000,2,light
1597159071000,2,light
1597159371000,2,light
1597159671000,2,light
1597159971000,2,light
1597160271000,1,deep
1597160571000,3,REM
1597160871000,3,REM
1597161171000,3,REM
1597161471000,3,REM
1597161771000,3,REM
1597162071000,2,light
1597162371000,2,light
1597162671000,2,light
1597162971000,1,deep
1597163271000,1,deep
1597163571000,1,deep
1597163871000,3,REM
1597164171000,2,light
1597164471000,2,light
1597164771000,2,light
1597165071000,2,light
1597165371000,2,light
1597165671000,3,REM
1597165971000,3,REM
1597166271000,3,REM
1597166571000,3,REM
1597166871000,4,awake
1597167171000,4,awake
1597167471000,2,light
1597167771000,4,awake
1597168071000,4,awake
1597168371000,4,awake
1597168671000,4,awake
1597168971000,4,awake
1597169271000,4,awake
1597169571000,4,awake
1597228804000,4,awake
1597229104000,4,awake
1597229404000,2,light
1597229704000,2,light
1597230004000,1,deep
1597230304000,2,light
1597230604000,4,awake
1597230904000,4,awake
1597231204000,2,light
1597231504000,1,deep
1597231804000,1,deep
1597232104000,1,deep
1597232404000,1,deep
1597232704000,4,awake
1597233004000,2,light
1597233304000,1,deep
1597233604000,1,deep
1597233904000,1,deep
1597234204000,1,deep
1597234504000,1,deep
1597234804000,2,light
1597235104000,2,light
1597235404000,1,deep
1597235704000,1,deep
1597236004000,1,deep
1597236304000,1,deep
1597236604000,2,light
1597236904000,2,light
1597237204000,2,light
1597237504000,2,light
1597237804000,2,light
1597238104000,4,awake
1597238404000,4,awake
1597238704000,4,awake
1597239004000,3,REM
1597239304000,3,REM
1597239604000,2,light
1597239904000,2,light
1597240204000,2,light
1597240504000,2,light
1597240804000,1,deep
1597241104000,1,deep
1597241404000,1,deep
1597241704000,1,deep
1597242004000,1,deep
1597242304000,1,deep
1597242604000,1,deep
1597242904000,1,deep
1597243204000,1,deep
1597243504000,1,deep
1597243804000,1,deep
1597244104000,2,light
1597244404000,2,light
1597244704000,2,light
1597245004000,2,light
1597245304000,2,light
1597245604000,2,light
1597245904000,2,light
1597246204000,3,REM
1597246504000,3,REM
1597246804000,3,REM
1597247104000,2,light
1597247404000,3,REM
1597247704000,3,REM
1597248004000,3,REM
1597248304000,2,light
1597248604000,2,light
1597248904000,2,light
1597249204000,2,light
1597249504000,1,deep
1597249804000,1,deep
1597250104000,2,light
1597250404000,2,light
1597250704000,2,light
1597251004000,1,deep
1597251304000,1,deep
1597251604000,1,deep
1597251904000,3,REM
1597252204000,3,REM
1597252504000,3,REM
1597252804000,3,REM
1597253104000,3,REM
1597253404000,4,awake
1597253704000,4,awake
1597254004000,4,awake
1597254304000,4,awake
1597254604000,4,awake
1597316280000,4,awake
1597316580000,2,light
1597316880000,1,deep
1597317180000,1,deep
1597317480000,2,light
1597317780000,2,light
1597318080000,2,light
1597318380000,1,deep
1597318680000,1,deep
1597318980000,1,deep
1597319280000,1,deep
1597319580000,1,deep
1597319880000,1,deep
1597320180000,1,deep
1597320480000,1,deep
1597320780000,1,deep
1597321080000,1,deep
1597321380000,1,deep
1597321680000,1,deep
1597321980000,1,deep
1597322280000,1,deep
1597322580000,1,deep
1597322880000,2,light
1597323180000,2,light
1597323480000,2,light
1597323780000,2,light
1597324080000,2,light
1597324380000,1,deep
1597324680000,1,deep
1597324980000,2,light
1597325280000,2,light
1597325580000,3,REM
1597325880000,3,REM
1597326180000,3,REM
1597326480000,2,light
1597326780000,2,light
1597327080000,2,light
1597327380000,1,deep
1597327680000,1,deep
1597327980000,2,light
1597328280000,2,light
1597328580000,2,light
1597328880000,2,light
1597329180000,1,deep
1597329480000,2,light
1597329780000,2,light
1597330080000,2,light
1597330380000,2,light
1597330680000,2,light
1597330980000,1,deep
1597331280000,2,light
1597331580000,3,REM
1597331880000,3,REM
1597332180000,3,REM
1597332480000,3,REM
1597332780000,3,REM
1597333080000,3,REM
1597333380000,2,light
1597333680000,2,light
1597333980000,2,light
1597334280000,2,light
1597334580000,1,deep
1597334880000,2,light
1597335180000,2,light
1597335480000,2,light
1597335780000,2,light
1597336080000,1,deep
1597336380000,1,deep
1597336680000,3,REM
1597336980000,3,REM
1597337280000,3,REM
1597337580000,3,REM
1597337880000,3,REM
1597338180000,3,REM
1597338480000,2,light
1597338780000,2,light
1597339080000,2,light
1597339380000,3,REM
1597339680000,3,REM
1597339980000,3,REM
1597340280000,4,awake
1597340580000,4,awake
1597340880000,3,REM
1597341180000,2,light
1597341480000,2,light
1597341780000,3,REM
1597342080000,3,REM
1597342380000,4,awake
1597342680000,4,awake
1597342980000,4,awake
1597343280000,4,awake
1597343580000,4,awake
1597343880000,4,awake
1597344180000,4,awake
1597403417000,4,awake
1597403717000,4,awake
1597404017000,4,awake
1597404317000,2,light
1597404617000,1,deep
1597404917000,2,light
1597405217000,2,light
1597405517000,2,light
1597405817000,2,light
1597406117000,2,light
1597406417000,2,light
1597406717000,4,awake
1597407017000,4,awake
1597407317000,2,light
1597407617000,1,deep
1597407917000,2,light
1597408217000,1,deep
1597408517000,1,deep
1597408817000,1,deep
1597409117000,1,deep
1597409417000,2,light
1597409717000,1,deep
1597410017000,1,deep
1597410317000,1,deep
1597410617000,1,deep
1597410917000,1,deep
1597411217000,2,light
1597411517000,2,light
1597411817000,2,light
1597412117000,2,light
1597412417000,1,deep
1597412717000,1,deep
1597413017000,4,awake
1597413317000,4,awake
1597413617000,3,REM
1597413917000,3,REM
1597414217000,1,deep
1597414517000,2,light
1597414817000,2,light
1597415117000,2,light
1597415417000,1,deep
1597415717000,1,deep
1597416017000,2,light
1597416317000,2,light
1597416617000,1,deep
1597416917000,1,deep
1597417217000,1,deep
1597417517000,2,light
1597417817000,2,light
1597418117000,1,deep
1597418417000,4,awake
1597418717000,4,awake
1597419017000,4,awake
1597419317000,4,awake
1597419617000,4,awake
1597419917000,4,awake
1597420217000,4,awake
1597420517000,2,light
1597420817000,2,light
1597421117000,3,REM
1597421417000,3,REM
1597421717000,3,REM
1597422017000,3,REM
1597422317000,3,REM
1597422617000,3,REM
1597422917000,2,light
1597423217000,2,light
1597423517000,2,light
1597423817000,2,light
1597424117000,2,light
1597424417000,2,light
1597424717000,1,deep
1597425017000,1,deep
1597425317000,2,light
1597425617000,2,light
1597425917000,3,REM
1597426217000,2,light
1597426517000,2,light
1597426817000,4,awake
1597427117000,2,light
1597427417000,3,REM
1597427717000,3,REM
1597428017000,4,awake
1597428317000,3,REM
1597428617000,4,awake
1597428917000,4,awake
1597429217000,4,awake
1597429517000,4,awake
1597429817000,4,awake
1597430117000,4,awake
1597490699000,4,awake
1597490999000,2,light
1597491299000,2,light
1597491599000,1,deep
1597491899000,1,deep
1597492199000,1,deep
1597492499000,1,deep
1597492799000,1,deep
1597493099000,1,deep
1597493399000,1,deep
1597493699000,1,deep
1597493999000,1,deep
1597494299000,2,light
1597494599000,2,light
1597494899000,1,deep
1597495199000,2,light
1597495499000,1,deep
1597495799000,1,deep
1597496099000,2,light
1597496399000,2,light
1597496699000,1,deep
1597496999000,1,deep
1597497299000,1,deep
1597497599000,1,deep
1597497899000,1,deep
1597498199000,1,deep
1597498499000,1,deep
1597498799000,1,deep
1597499099000,1,deep
1597499399000,1,deep
1597499699000,2,light
1597499999000,2,light
1597500299000,2,light
1597500599000,2,light
1597500899000,2,light
1597501199000,2,light
1597501499000,3,REM
1597501799000,3,REM
1597502099000,3,REM
1597502399000,2,light
1597502699000,2,light
1597502999000,2,light
1597503299000,2,light
1597503599000,2,light
1597503899000,2,light
1597504199000,2,light
1597504499000,1,deep
1597504799000,1,deep
1597505099000,1,deep
1597505399000,2,light
1597505699000,2,light
1597505999000,1,deep
1597506299000,1,deep
1597506599000,1,deep
1597506899000,2,light
1597507199000,1,deep
1597507499000,3,REM
1597507799000,2,light
1597508099000,2,light
1597508399000,3,REM
1597508699000,3,REM
1597508999000,3,REM
1597509299000,2,light
1597509599000,2,light
1597509899000,2,light
1597510199000,2,light
1597510499000,2,light
1597510799000,2,light
1597511099000,2,light
1597511399000,2,light
1597511699000,2,light
1597511999000,2,light
1597512299000,2,light
1597512599000,4,awake
1597512899000,3,REM
1597513199000,3,REM
1597513499000,1,deep
1597513799000,3,REM
1597514099000,3,REM
1597514399000,3,REM
1597514699000,3,REM
1597514999000,3,REM
1597515299000,3,REM
1597515599000,3,REM
1597515899000,3,REM
1597516199000,3,REM
1597516499000,3,REM
1597516799000,2,light
1597517099000,2,light
1597517399000,2,light
1597517699000,4,awake
1597517999000,4,awake
1597518299000,4,awake
1597518599000,2,light
1597518899000,4,awake
1597519199000,3,REM
1597519499000,2,light
1597519799000,3,REM
1597520099000,4,awake
1597520399000,4,awake
1597520699000,4,awake
1597520999000,4,awake
1597521299000,4,awake
1597521599000,4,awake
1597521899000,4,awake
1597522199000,4,awake
1597522499000,4,awake
1597574907000,4,awake
1597575207000,4,awake
1597575507000,2,light
1597575807000,2,light
1597576107000,2,light
1597576407000,1,deep
1597576707000,1,deep
1597577007000,2,light
1597577307000,2,light
1597577607000,1,deep
1597577907000,1,deep
1597578207000,1,deep
1597578507000,1,deep
1597578807000,1,deep
1597579107000,1,deep
1597579407000,1,deep
1597579707000,2,light
1597580007000,2,light
1597580307000,2,light
1597580607000,2,light
1597580907000,1,deep
1597581207000,1,deep
1597581507000,1,deep
1597581807000,1,deep
1597582107000,1,deep
1597582407000,1,deep
1597582707000,2,light
1597583007000,2,light
1597583307000,2,light
1597583607000,2,light
1597583907000,1,deep
1597584207000,1,deep
1597584507000,2,light
1597584807000,2,light
1597585107000,2,light
1597585407000,3,REM
1597585707000,3,REM
1597586007000,2,light
1597586307000,2,light
1597586607000,2,light
1597586907000,2,light
1597587207000,2,light
1597587507000,2,light
1597587807000,2,light
1597588107000,2,light
1597588407000,1,deep
1597588707000,2,light
1597589007000,2,light
1597589307000,2,light
1597589607000,2,light
1597589907000,2,light
1597590207000,2,light
1597590507000,2,light
1597590807000,2,light
1597591107000,2,light
1597591407000,2,light
1597591707000,2,light
1597592007000,3,REM
1597592307000,3,REM
1597592607000,3,REM
1597592907000,2,light
1597593207000,2,light
1597593507000,2,light
1597593807000,2,light
1597594107000,2,light
1597594407000,2,light
1597594707000,1,deep
1597595007000,1,deep
1597595307000,2,light
1597595607000,2,light
1597595907000,2,light
1597596207000,2,light
1597596507000,4,awake
1597596807000,4,awake
1597597107000,3,REM
1597597407000,3,REM
1597597707000,3,REM
1597598007000,3,REM
1597598307000,3,REM
1597598607000,3,REM
1597598907000,2,light
1597599207000,2,light
1597599507000,2,light
1597599807000,2,light
1597600107000,2,light
1597600407000,2,light
1597600707000,4,awake
1597601007000,2,light
1597601307000,3,REM
1597601607000,3,REM
1597601907000,3,REM
1597602207000,4,awake
1597602507000,4,awake
1597602807000,3,REM
1597603107000,3,REM
1597603407000,3,REM
1597603707000,3,REM
1597604007000,3,REM
1597604307000,4,awake
1597604607000,4,awake
1597604907000,4,awake
1597605207000,4,awake
1597663447000,4,awake
1597663747000,4,awake
1597664047000,4,awake
1597664347000,2,light
1597664647000,1,deep
1597664947000,1,deep
1597665247000,1,deep
1597665547000,1,deep
1597665847000,2,light
1597666147000,2,light
1597666447000,2,light
1597666747000,1,deep
1597667047000,1,deep
1597667347000,1,deep
1597667647000,1,deep
1597667947000,1,deep
1597668247000,1,deep
1597668547000,1,deep
1597668847000,1,deep
1597669147000,1,deep
1597669447000,1,deep
1597669747000,1,deep
1597670047000,1,deep
1597670347000,1,deep
1597670647000,2,light
1597670947000,2,light
1597671247000,1,deep
1597671547000,1,deep
1597671847000,3,REM
1597672147000,3,REM
1597672447000,2,light
1597672747000,2,light
1597673047000,2,light
1597673347000,2,light
1597673647000,2,light
1597673947000,3,REM
1597674247000,3,REM
1597674547000,3,REM
1597674847000,2,light
1597675147000,2,light
1597675447000,1,deep
1597675747000,2,light
1597676047000,2,light
1597676347000,1,deep
1597676647000,1,deep
1597676947000,1,deep
1597677247000,2,light
1597677547000,2,light
1597677847000,2,light
1597678147000,2,light
1597678447000,2,light
1597678747000,2,light
1597679047000,2,light
1597679347000,2,light
1597679647000,3,REM
1597679947000,3,REM
1597680247000,3,REM
1597680547000,3,REM
1597680847000,3,REM
1597681147000,3,REM
1597681447000,4,awake
1597681747000,2,light
1597682047000,2,light
1597682347000,2,light
1597682647000,2,light
1597682947000,2,light
1597683247000,2,light
1597683547000,2,light
1597683847000,2,light
1597684147000,2,light
1597684447000,2,light
1597684747000,4,awake
1597685047000,2,light
1597685347000,3,REM
1597685647000,2,light
1597685947000,2,light
1597686247000,2,light
1597686547000,2,light
1597686847000,2,light
1597687147000,2,light
1597687447000,2,light
1597687747000,3,REM
1597688047000,3,REM
1597688347000,3,REM
1597688647000,3,REM
1597688947000,3,REM
1597689247000,3,REM
1597689547000,3,REM
1597689847000,3,REM
1597690147000,3,REM
1597690447000,3,REM
1597690747000,2,light
1597691047000,2,light
1597691347000,2,light
1597691647000,4,awake
1597691947000,4,awake
1597692247000,4,awake
1597692547000,4,awake
1597692847000,4,awake
1597693147000,2,light
1597693447000,2,light
1597693747000,4,awake
1597694047000,4,awake
1597694347000,3,REM
1597694647000,3,REM
1597694947000,4,awake
1597750473000,4,awake
1597750773000,2,light
1597751073000,1,deep
1597751373000,1,deep
1597751673000,2,light
1597751973000,1,deep
1597752273000,1,deep
1597752573000,1,deep
1597752873000,1,deep
1597753173000,2,light
1597753473000,1,deep
1597753773000,2,light
1597754073000,2,light
1597754373000,2,light
1597754673000,2,light
1597754973000,2,light
1597755273000,1,deep
1597755573000,1,deep
1597755873000,2,light
1597756173000,4,awake
1597756473000,1,deep
1597756773000,1,deep
1597757073000,1,deep
1597757373000,1,deep
1597757673000,2,light
1597757973000,1,deep
1597758273000,1,deep
1597758573000,1,deep
1597758873000,2,light
1597759173000,2,light
1597759473000,1,deep
1597759773000,2,light
1597760073000,2,light
1597760373000,3,REM
1597760673000,3,REM
1597760973000,2,light
1597761273000,2,light
1597761573000,2,light
1597761873000,2,light
1597762173000,1,deep
1597762473000,1,deep
1597762773000,1,deep
1597763073000,1,deep
1597763373000,2,light
1597763673000,2,light
1597763973000,2,light
1597764273000,1,deep
1597764573000,2,light
1597764873000,2,light
1597765173000,2,light
1597765473000,2,light
1597765773000,2,light
1597766073000,1,deep
1597766373000,2,light
1597766673000,2,light
1597766973000,2,light
1597767273000,3,REM
1597767573000,3,REM
1597767873000,3,REM
1597768173000,3,REM
1597768473000,2,light
1597768773000,2,light
1597769073000,2,light
1597769373000,2,light
1597769673000,2,light
1597769973000,2,light
1597770273000,2,light
1597770573000,2,light
1597770873000,2,light
1597771173000,3,REM
1597771473000,3,REM
1597771773000,3,REM
1597772073000,3,REM
1597772373000,3,REM
1597772673000,3,REM
1597772973000,4,awake
1597773273000,4,awake
1597773573000,4,awake
1597773873000,4,awake
1597774173000,4,awake
1597831168000,4,awake
1597831468000,4,awake
1597831768000,4,awake
1597832068000,4,awake
1597832368000,2,light
1597832668000,2,light
1597832968000,2,light
1597833268000,2,light
1597833568000,2,light
1597833868000,2,light
1597834168000,2,light
1597834468000,2,light
1597834768000,4,awake
1597835068000,4,awake
1597835368000,2,light
1597835668000,2,light
1597835968000,2,light
1597836268000,2,light
1597836568000,2,light
1597836868000,1,deep
1597837168000,1,deep
1597837468000,1,deep
1597837768000,1,deep
1597838068000,2,light
1597838368000,2,light
1597838668000,2,light
1597838968000,1,deep
1597839268000,1,deep
1597839568000,1,deep
1597839868000,1,deep
1597840168000,2,light
1597840468000,2,light
1597840768000,2,light
1597841068000,2,light
1597841368000,2,light
1597841668000,2,light
1597841968000,3,REM
1597842268000,3,REM
1597842568000,3,REM
1597842868000,4,awake
1597843168000,2,light
1597843468000,2,light
1597843768000,2,light
1597844068000,2,light
1597844368000,1,deep
1597844668000,1,deep
1597844968000,1,deep
1597845268000,1,deep
1597845568000,2,light
1597845868000,2,light
1597846168000,2,light
1597846468000,2,light
1597846768000,2,light
1597847068000,2,light
1597847368000,2,light
1597847668000,2,light
1597847968000,2,light
1597848268000,2,light
1597848568000,3,REM
1597848868000,3,REM
1597849168000,3,REM
1597849468000,3,REM
1597849768000,3,REM
1597850068000,3,REM
1597850368000,2,light
1597850668000,2,light
1597850968000,2,light
1597851268000,2,light
1597851568000,3,REM
1597851868000,3,REM
1597852168000,2,light
1597852468000,2,light
1597852768000,2,light
1597853068000,2,light
1597853368000,2,light
1597853668000,4,awake
1597853968000,4,awake
1597854268000,4,awake
1597854568000,4,awake
1597854868000,4,awake
1597855168000,4,awake
1597917091000,4,awake
1597917391000,4,awake
1597917691000,4,awake
1597917991000,2,light
1597918291000,2,light
1597918591000,1,deep
1597918891000,1,deep
1597919191000,2,light
1597919491000,1,deep
1597919791000,1,deep
1597920091000,1,deep
1597920391000,2,light
1597920691000,1,deep
1597920991000,4,awake
1597921291000,4,awake
1597921591000,2,light
1597921891000,3,REM
1597922191000,2,light
1597922491000,2,light
1597922791000,2,light
1597923091000,1,deep
1597923391000,1,deep
1597923691000,1,deep
1597923991000,1,deep
1597924291000,1,deep
1597924591000,1,deep
1597924891000,2,light
1597925191000,2,light
1597925491000,1,deep
1597925791000,1,deep
1597926091000,1,deep
1597926391000,1,deep
1597926691000,1,deep
1597926991000,1,deep
1597927291000,1,deep
1597927591000,2,light
1597927891000,1,deep
1597928191000,3,REM
1597928491000,1,deep
1597928791000,1,deep
1597929091000,1,deep
1597929391000,1,deep
1597929691000,1,deep
1597929991000,1,deep
1597930291000,1,deep
1597930591000,2,light
1597930891000,1,deep
1597931191000,1,deep
1597931491000,1,deep
1597931791000,2,light
1597932091000,1,deep
1597932391000,2,light
1597932691000,2,light
1597932991000,2,light
1597933291000,2,light
1597933591000,3,REM
1597933891000,3,REM
1597934191000,3,REM
1597934491000,3,REM
1597934791000,4,awake
1597935091000,2,light
1597935391000,3,REM
1597935691000,2,light
1597935991000,2,light
1597936291000,1,deep
1597936591000,1,deep
1597936891000,1,deep
1597937191000,2,light
1597937491000,2,light
1597937791000,2,light
1597938091000,2,light
1597938391000,2,light
1597938691000,2,light
1597938991000,1,deep
1597939291000,1,deep
1597939591000,3,REM
1597939891000,2,light
1597940191000,3,REM
1597940491000,3,REM
1597940791000,3,REM
1597941091000,3,REM
1597941391000,3,REM
1597941691000,2,light
1597941991000,2,light
1597942291000,2,light
1597942591000,3,REM
1597942891000,2,light
1597943191000,2,light
1597943491000,3,REM
1597943791000,3,REM
1597944091000,3,REM
1597944391000,3,REM
1597944691000,3,REM
1597944991000,2,light
1597945291000,3,REM
1597945591000,3,REM
1597945891000,3,REM
1597946191000,4,awake
1597946491000,3,REM
1597946791000,3,REM
1597947091000,3,REM
1597947391000,3,REM
1597947691000,3,REM
1597947991000,2,light
1597948291000,2,light
1597948591000,2,light
1597948891000,2,light
1597949191000,2,light
1597949491000,2,light
1597949791000,2,light
1597950091000,4,awake
1597950391000,4,awake
1597950691000,4,awake
1597950991000,4,awake
1597951291000,4,awake
1597951591000,4,awake
1597951891000,4,awake
1597952191000,4,awake
1597952491000,4,awake
1597952791000,4,awake
1598007619000,4,awake
1598007919000,4,awake
1598008219000,2,light
1598008519000,2,light
1598008819000,2,light
1598009119000,2,light
1598009419000,2,light
1598009719000,2,light
1598010019000,2,light
1598010319000,2,light
1598010619000,1,deep
1598010919000,2,light
1598011219000,2,light
1598011519000,2,light
1598011819000,2,light
1598012119000,1,deep
1598012419000,1,deep
1598012719000,1,deep
1598013019000,1,deep
1598013319000,2,light
1598013619000,2,light
1598013919000,2,light
1598014219000,2,light
1598014519000,1,deep
1598014819000,1,deep
1598015119000,1,deep
1598015419000,1,deep
1598015719000,1,deep
1598016019000,1,deep
1598016319000,2,light
1598016619000,2,light
1598016919000,2,light
1598017219000,2,light
1598017519000,2,light
1598017819000,2,light
1598018119000,2,light
1598018419000,2,light
1598018719000,2,light
1598019019000,2,light
1598019319000,2,light
1598019619000,2,light
1598019919000,2,light
1598020219000,2,light
1598020519000,2,light
1598020819000,2,light
1598021119000,2,light
1598021419000,2,light
1598021719000,2,light
1598022019000,2,light
1598022319000,2,light
1598022619000,2,light
1598022919000,1,deep
1598023219000,1,deep
1598023519000,2,light
1598023819000,1,deep
1598024119000,1,deep
1598024419000,1,deep
1598024719000,2,light
1598025019000,2,light
1598025319000,2,light
1598025619000,2,light
1598025919000,2,light
1598026219000,2,light
1598026519000,2,light
1598026819000,3,REM
1598027119000,3,REM
1598027419000,3,REM
1598027719000,3,REM
1598028019000,2,light
1598028319000,2,light
1598028619000,3,REM
1598028919000,3,REM
1598029219000,3,REM
1598029519000,4,awake
1598029819000,4,awake
1598030119000,4,awake
1598030419000,4,awake
1598030719000,4,awake
1598031019000,2,light
1598031319000,2,light
1598031619000,2,light
1598031919000,2,light
1598032219000,2,light
1598032519000,2,light
1598032819000,2,light
1598033119000,2,light
1598033419000,3,REM
1598033719000,4,awake
1598034019000,4,awake
1598034319000,4,awake
1598034619000,4,awake
1598034919000,4,awake
1598035219000,4,awake
1598093042000,4,awake
1598093342000,2,light
1598093642000,2,light
1598093942000,2,light
1598094242000,2,light
1598094542000,2,light
1598094842000,1,deep
1598095142000,2,light
1598095442000,4,awake
1598095742000,4,awake
1598096042000,2,light
1598096342000,1,deep
1598096642000,1,deep
1598096942000,4,awake
1598097242000,2,light
1598097542000,4,awake
1598097842000,2,light
1598098142000,2,light
1598098442000,2,light
1598098742000,1,deep
1598099042000,2,light
1598099342000,2,light
1598099642000,1,deep
1598099942000,1,deep
1598100242000,2,light
1598100542000,2,light
1598100842000,1,deep
1598101142000,1,deep
1598101442000,1,deep
1598101742000,1,deep
1598102042000,1,deep
1598102342000,2,light
1598102642000,1,deep
1598102942000,1,deep
1598103242000,2,light
1598103542000,2,light
1598103842000,2,light
1598104142000,2,light
1598104442000,2,light
1598104742000,2,light
1598105042000,2,light
1598105342000,2,light
1598105642000,1,deep
1598105942000,1,deep
1598106242000,1,deep
1598106542000,1,deep
1598106842000,1,deep
1598107142000,1,deep
1598107442000,2,light
1598107742000,1,deep
1598108042000,1,deep
1598108342000,2,light
1598108642000,2,light
1598108942000,2,light
1598109242000,3,REM
1598109542000,2,light
1598109842000,2,light
1598110142000,2,light
1598110442000,2,light
1598110742000,2,light
1598111042000,1,deep
1598111342000,1,deep
1598111642000,1,deep
1598111942000,2,light
1598112242000,2,light
1598112542000,2,light
1598112842000,2,light
1598113142000,2,light
1598113442000,3,REM
1598113742000,3,REM
1598114042000,3,REM
1598114342000,4,awake
1598114642000,3,REM
1598114942000,3,REM
1598115242000,4,awake
1598115542000,2,light
1598115842000,2,light
1598116142000,3,REM
1598116442000,3,REM
1598116742000,3,REM
1598117042000,4,awake
1598117342000,3,REM
1598117642000,2,light
1598117942000,2,light
1598118242000,2,light
1598118542000,2,light
1598118842000,2,light
1598119142000,1,deep
1598119442000,4,awake
1598119742000,3,REM
1598120042000,4,awake
1598120342000,2,light
1598120642000,3,REM
1598120942000,3,REM
1598121242000,3,REM
1598121542000,3,REM
1598121842000,4,awake
1598122142000,2,light
1598122442000,2,light
1598122742000,3,REM
1598123042000,4,awake
1598123342000,4,awake
1598123642000,2,light
1598123942000,2,light
1598124242000,2,light
1598124542000,2,light
1598124842000,1,deep
1598125142000,4,awake
1598125442000,4,awake
1598125742000,3,REM
1598126042000,3,REM
1598126342000,3,REM
1598126642000,3,REM
1598126942000,4,awake
1598127242000,2,light
1598127542000,2,light
1598127842000,3,REM
1598128142000,4,awake
1598128442000,4,awake
1598128742000,4,awake
1598129042000,4,awake
1598129342000,4,awake
1598129642000,4,awake
1598129942000,4,awake
1598182374000,4,awake
1598182674000,2,light
1598182974000,2,light
1598183274000,1,deep
1598183574000,1,deep
1598183874000,2,light
1598184174000,1,deep
1598184474000,1,deep
1598184774000,2,light
1598185074000,2,light
1598185374000,2,light
1598185674000,1,deep
1598185974000,1,deep
1598186274000,2,light
1598186574000,2,light
1598186874000,1,deep
1598187174000,1,deep
1598187474000,1,deep
1598187774000,2,light
1598188074000,2,light
1598188374000,1,deep
1598188674000,1,deep
1598188974000,1,deep
1598189274000,1,deep
1598189574000,2,light
1598189874000,2,light
1598190174000,1,deep
1598190474000,2,light
1598190774000,2,light
1598191074000,1,deep
1598191374000,1,deep
1598191674000,4,awake
1598191974000,2,light
1598192274000,2,light
1598192574000,1,deep
1598192874000,1,deep
1598193174000,1,deep
1598193474000,4,awake
1598193774000,2,light
1598194074000,2,light
1598194374000,3,REM
1598194674000,2,light
1598194974000,2,light
1598195274000,3,REM
1598195574000,3,REM
1598195874000,3,REM
1598196174000,1,deep
1598196474000,1,deep
1598196774000,2,light
1598197074000,2,light
1598197374000,2,light
1598197674000,2,light
1598197974000,2,light
1598198274000,2,light
1598198574000,1,deep
1598198874000,2,light
1598199174000,2,light
1598199474000,1,deep
1598199774000,1,deep
1598200074000,1,deep
1598200374000,2,light
1598200674000,2,light
1598200974000,4,awake
1598201274000,4,awake
1598201574000,4,awake
1598201874000,3,REM
1598202174000,3,REM
1598202474000,4,awake
1598202774000,4,awake
1598203074000,4,awake
1598265149000,4,awake
1598265449000,4,awake
1598265749000,2,light
1598266049000,1,deep
1598266349000,1,deep
1598266649000,1,deep
1598266949000,1,deep
1598267249000,1,deep
1598267549000,1,deep
1598267849000,1,deep
1598268149000,1,deep
1598268449000,2,light
1598268749000,2,light
1598269049000,2,light
1598269349000,2,light
1598269649000,2,light
1598269949000,2,light
1598270249000,2,light
1598270549000,2,light
1598270849000,2,light
1598271149000,2,light
1598271449000,1,deep
1598271749000,2,light
1598272049000,2,light
1598272349000,1,deep
1598272649000,1,deep
1598272949000,1,deep
1598273249000,1,deep
1598273549000,1,deep
1598273849000,1,deep
1598274149000,1,deep
1598274449000,2,light
1598274749000,1,deep
1598275049000,1,deep
1598275349000,3,REM
1598275649000,3,REM
1598275949000,2,light
1598276249000,2,light
1598276549000,2,light
1598276849000,2,light
1598277149000,1,deep
1598277449000,1,deep
1598277749000,2,light
1598278049000,1,deep
1598278349000,1,deep
1598278649000,2,light
1598278949000,2,light
1598279249000,2,light
1598279549000,1,deep
1598279849000,1,deep
1598280149000,2,light
1598280449000,2,light
1598280749000,2,light
1598281049000,2,light
1598281349000,2,light
1598281649000,2,light
1598281949000,2,light
1598282249000,2,light
1598282549000,2,light
1598282849000,2,light
1598283149000,2,light
1598283449000,2,light
1598283749000,2,light
1598284049000,2,light
1598284349000,2,light
1598284649000,2,light
1598284949000,4,awake
1598285249000,4,awake
1598285549000,2,light
1598285849000,2,light
1598286149000,2,light
1598286449000,2,light
1598286749000,2,light
1598287049000,3,REM
1598287349000,3,REM
1598287649000,3,REM
1598287949000,3,REM
1598288249000,3,REM
1598288549000,3,REM
1598288849000,3,REM
1598289149000,3,REM
1598289449000,4,awake
1598289749000,2,light
1598290049000,2,light
1598290349000,2,light
1598290649000,2,light
1598290949000,1,deep
1598291249000,1,deep
1598291549000,4,awake
1598291849000,2,light
1598292149000,4,awake
1598292449000,4,awake
1598292749000,4,awake
1598293049000,3,REM
1598293349000,3,REM
1598293649000,3,REM
1598293949000,3,REM
1598294249000,3,REM
1598294549000,3,REM
1598294849000,4,awake
1598295149000,3,REM
1598295449000,4,awake
1598295749000,4,awake
1598296049000,4,awake
1598296349000,4,awake
1598296649000,4,awake
1598296949000,4,awake
1598350048000,4,awake
1598350348000,2,light
1598350648000,2,light
1598350948000,2,light
1598351248000,2,light
1598351548000,1,deep
1598351848000,1,deep
1598352148000,1,deep
1598352448000,1,deep
1598352748000,1,deep
1598353048000,1,deep
1598353348000,1,deep
1598353648000,1,deep
1598353948000,2,light
1598354248000,1,deep
1598354548000,1,deep
1598354848000,2,light
1598355148000,2,light
1598355448000,2,light
1598355748000,1,deep
1598356048000,1,deep
1598356348000,1,deep
1598356648000,2,light
1598356948000,1,deep
1598357248000,1,deep
1598357548000,1,deep
1598357848000,1,deep
1598358148000,1,deep
1598358448000,1,deep
1598358748000,1,deep
1598359048000,2,light
1598359348000,2,light
1598359648000,2,light
1598359948000,3,REM
1598360248000,3,REM
1598360548000,4,awake
1598360848000,2,light
1598361148000,2,light
1598361448000,2,light
1598361748000,1,deep
1598362048000,2,light
1598362348000,2,light
1598362648000,2,light
1598362948000,1,deep
1598363248000,1,deep
1598363548000,2,light
1598363848000,2,light
1598364148000,2,light
1598364448000,2,light
1598364748000,1,deep
1598365048000,2,light
1598365348000,2,light
1598365648000,4,awake
1598365948000,4,awake
1598366248000,4,awake
1598366548000,3,REM
1598366848000,2,light
1598367148000,3,REM
1598367448000,3,REM
1598367748000,2,light
1598368048000,2,light
1598368348000,2,light
1598368648000,2,light
1598368948000,1,deep
1598369248000,2,light
1598369548000,2,light
1598369848000,2,light
1598370148000,2,light
1598370448000,2,light
1598370748000,2,light
1598371048000,2,light
1598371348000,2,light
1598371648000,3,REM
1598371948000,2,light
1598372248000,3,REM
1598372548000,3,REM
1598372848000,3,REM
1598373148000,3,REM
1598373448000,2,light
1598373748000,2,light
1598374048000,2,light
1598374348000,2,light
1598374648000,2,light
1598374948000,2,light
1598375248000,2,light
1598375548000,2,light
1598375848000,4,awake
1598376148000,4,awake
1598376448000,3,REM
1598376748000,3,REM
1598377048000,3,REM
1598377348000,3,REM
1598377648000,3,REM
1598377948000,4,awake
1598378248000,4,awake
1598378548000,4,awake
1598378848000,4,awake
1598379148000,4,awake
1598379448000,4,awake
1598379748000,4,awake
1598437650000,4,awake
1598437950000,4,awake
1598438250000,4,awake
1598438550000,4,awake
1598438850000,2,light
1598439150000,2,light
1598439450000,1,deep
1598439750000,1,deep
1598440050000,1,deep
1598440350000,1,deep
1598440650000,1,deep
1598440950000,2,light
1598441250000,2,light
1598441550000,1,deep
1598441850000,2,light
1598442150000,2,light
1598442450000,2,light
1598442750000,2,light
1598443050000,1,deep
1598443350000,2,light
1598443650000,1,deep
1598443950000,1,deep
1598444250000,1,deep
1598444550000,1,deep
1598444850000,1,deep
1598445150000,1,deep
1598445450000,1,deep
1598445750000,1,deep
1598446050000,2,light
1598446350000,2,light
1598446650000,1,deep
1598446950000,1,deep
1598447250000,2,light
1598447550000,2,light
1598447850000,2,light
1598448150000,2,light
1598448450000,2,light
1598448750000,2,light
1598449050000,3,REM
1598449350000,3,REM
1598449650000,3,REM
1598449950000,3,REM
1598450250000,4,awake
1598450550000,2,light
1598450850000,2,light
1598451150000,1,deep
1598451450000,2,light
1598451750000,2,light
1598452050000,2,light
1598452350000,2,light
1598452650000,1,deep
1598452950000,1,deep
1598453250000,2,light
1598453550000,2,light
1598453850000,1,deep
1598454150000,2,light
1598454450000,2,light
1598454750000,2,light
1598455050000,3,REM
1598455350000,3,REM
1598455650000,3,REM
1598455950000,3,REM
1598456250000,3,REM
1598456550000,3,REM
1598456850000,3,REM
1598457150000,2,light
1598457450000,2,light
1598457750000,2,light
1598458050000,2,light
1598458350000,2,light
1598458650000,2,light
1598458950000,2,light
1598459250000,2,light
1598459550000,2,light
1598459850000,1,deep
1598460150000,2,light
1598460450000,3,REM
1598460750000,3,REM
1598461050000,3,REM
1598461350000,2,light
1598461650000,2,light
1598461950000,2,light
1598462250000,3,REM
1598462550000,3,REM
1598462850000,4,awake
1598463150000,4,awake
1598463450000,4,awake
1598463750000,4,awake
1598464050000,4,awake
1598525367000,4,awake
1598525667000,4,awake
1598525967000,4,awake
1598526267000,1,deep
1598526567000,1,deep
1598526867000,1,deep
1598527167000,1,deep
1598527467000,1,deep
1598527767000,1,deep
1598528067000,1,deep
1598528367000,1,deep
1598528667000,1,deep
1598528967000,2,light
1598529267000,2,light
1598529567000,1,deep
1598529867000,1,deep
1598530167000,2,light
1598530467000,2,light
1598530767000,2,light
1598531067000,2,light
1598531367000,1,deep
1598531667000,1,deep
1598531967000,1,deep
1598532267000,1,deep
1598532567000,1,deep
1598532867000,1,deep
1598533167000,1,deep
1598533467000,1,deep
1598533767000,1,deep
1598534067000,2,light
1598534367000,2,light
1598534667000,1,deep
1598534967000,2,light
1598535267000,2,light
1598535567000,2,light
1598535867000,2,light
1598536167000,4,awake
1598536467000,2,light
1598536767000,2,light
1598537067000,1,deep
1598537367000,1,deep
1598537667000,1,deep
1598537967000,1,deep
1598538267000,4,awake
1598538567000,2,light
1598538867000,2,light
1598539167000,2,light
1598539467000,2,light
1598539767000,2,light
1598540067000,2,light
1598540367000,2,light
1598540667000,2,light
1598540967000,2,light
1598541267000,1,deep
1598541567000,1,deep
1598541867000,2,light
1598542167000,3,REM
1598542467000,3,REM
1598542767000,3,REM
1598543067000,3,REM
1598543367000,3,REM
1598543667000,2,light
1598543967000,2,light
1598544267000,2,light
1598544567000,2,light
1598544867000,2,light
1598545167000,2,light
1598545467000,2,light
1598545767000,1,deep
1598546067000,2,light
1598546367000,2,light
1598546667000,2,light
1598546967000,2,light
1598547267000,3,REM
1598547567000,3,REM
1598547867000,3,REM
1598548167000,4,awake
1598548467000,3,REM
1598548767000,3,REM
1598549067000,3,REM
1598549367000,3,REM
1598549667000,3,REM
1598549967000,2,light
1598550267000,2,light
1598550567000,3,REM
1598550867000,3,REM
1598551167000,3,REM
1598551467000,2,light
1598551767000,2,light
1598552067000,3,REM
1598552367000,3,REM
1598552667000,3,REM
1598552967000,3,REM
1598553267000,4,awake
1598553567000,2,light
1598553867000,3,REM
1598554167000,3,REM
1598554467000,4,awake
1598554767000,4,awake
1598555067000,3,REM
1598555367000,4,awake
1598612788000,4,awake
1598613088000,2,light
1598613388000,1,deep
1598613688000,1,deep
1598613988000,1,deep
1598614288000,2,light
1598614588000,2,light
1598614888000,1,deep
1598615188000,1,deep
1598615488000,1,deep
1598615788000,1,deep
1598616088000,1,deep
1598616388000,1,deep
1598616688000,2,light
1598616988000,2,light
1598617288000,1,deep
1598617588000,1,deep
1598617888000,1,deep
1598618188000,1,deep
1598618488000,1,deep
1598618788000,1,deep
1598619088000,1,deep
1598619388000,1,deep
1598619688000,1,deep
1598619988000,1,deep
1598620288000,1,deep
1598620588000,2,light
1598620888000,2,light
1598621188000,2,light
1598621488000,2,light
1598621788000,2,light
1598622088000,1,deep
1598622388000,2,light
1598622688000,2,light
1598622988000,3,REM
1598623288000,3,REM
1598623588000,3,REM
1598623888000,3,REM
1598624188000,2,light
1598624488000,2,light
1598624788000,2,light
1598625088000,1,deep
1598625388000,2,light
1598625688000,2,light
1598625988000,2,light
1598626288000,2,light
1598626588000,2,light
1598626888000,1,deep
1598627188000,1,deep
1598627488000,2,light
1598627788000,1,deep
1598628088000,1,deep
1598628388000,1,deep
1598628688000,1,deep
1598628988000,3,REM
1598629288000,3,REM
1598629588000,2,light
1598629888000,3,REM
1598630188000,2,light
1598630488000,2,light
1598630788000,2,light
1598631088000,2,light
1598631388000,2,light
1598631688000,2,light
1598631988000,1,deep
1598632288000,1,deep
1598632588000,1,deep
1598632888000,1,deep
1598633188000,3,REM
1598633488000,2,light
1598633788000,2,light
1598634088000,3,REM
1598634388000,3,REM
1598634688000,3,REM
1598634988000,3,REM
1598635288000,3,REM
1598635588000,3,REM
1598635888000,3,REM
1598636188000,2,light
1598636488000,2,light
1598636788000,2,light
1598637088000,2,light
1598637388000,2,light
1598637688000,3,REM
1598637988000,3,REM
1598638288000,3,REM
1598638588000,4,awake
1598638888000,4,awake
1598639188000,4,awake
1598639488000,4,awake
1598696619000,4,awake
1598696919000,2,light
1598697219000,1,deep
1598697519000,1,deep
1598697819000,1,deep
1598698119000,1,deep
1598698419000,1,deep
1598698719000,1,deep
1598699019000,1,deep
1598699319000,1,deep
1598699619000,1,deep
1598699919000,2,light
1598700219000,2,light
1598700519000,2,light
1598700819000,1,deep
1598701119000,1,deep
1598701419000,2,light
1598701719000,1,deep
1598702019000,1,deep
1598702319000,1,deep
1598702619000,2,light
1598702919000,1,deep
1598703219000,1,deep
1598703519000,1,deep
1598703819000,2,light
1598704119000,2,light
1598704419000,1,deep
1598704719000,1,deep
1598705019000,2,light
1598705319000,2,light
1598705619000,3,REM
1598705919000,3,REM
1598706219000,3,REM
1598706519000,3,REM
1598706819000,2,light
1598707119000,2,light
1598707419000,2,light
1598707719000,2,light
1598708019000,1,deep
1598708319000,1,deep
1598708619000,1,deep
1598708919000,2,light
1598709219000,1,deep
1598709519000,1,deep
1598709819000,1,deep
1598710119000,1,deep
1598710419000,2,light
1598710719000,2,light
1598711019000,2,light
1598711319000,2,light
1598711619000,2,light
1598711919000,2,light
1598712219000,1,deep
1598712519000,2,light
1598712819000,2,light
1598713119000,3,REM
1598713419000,4,awake
1598713719000,2,light
1598714019000,2,light
1598714319000,2,light
1598714619000,2,light
1598714919000,2,light
1598715219000,2,light
1598715519000,1,deep
1598715819000,1,deep
1598716119000,2,light
1598716419000,2,light
1598716719000,2,light
1598717019000,1,deep
1598717319000,1,deep
1598717619000,2,light
1598717919000,2,light
1598718219000,2,light
1598718519000,3,REM
1598718819000,3,REM
1598719119000,3,REM
1598719419000,3,REM
1598719719000,3,REM
1598720019000,2,light
1598720319000,2,light
1598720619000,2,light
1598720919000,3,REM
1598721219000,3,REM
1598721519000,3,REM
1598721819000,2,light
1598722119000,2,light
1598722419000,2,light
1598722719000,2,light
1598723019000,3,REM
1598723319000,2,light
1598723619000,2,light
1598723919000,4,awake
1598724219000,2,light
1598724519000,2,light
1598724819000,2,light
1598725119000,2,light
1598725419000,4,awake
1598725719000,3,REM
1598726019000,3,REM
1598726319000,3,REM
1598726619000,3,REM
1598726919000,4,awake
1598727219000,2,light
1598727519000,4,awake
1598727819000,4,awake
1598728119000,4,awake
1598728419000,4,awake
1598728719000,4,awake
1598729019000,4,awake
1598729319000,4,awake
1598729619000,2,light
1598729919000,2,light
1598730219000,2,light
1598730519000,2,light
1598730819000,4,awake
1598731119000,4,awake
1598731419000,2,light
1598731719000,2,light
1598732019000,4,awake
1598732319000,4,awake
1598732619000,4,awake
1598732919000,2,light
1598733219000,2,light
1598733519000,3,REM
1598733819000,3,REM
1598734119000,3,REM
1598734419000,2,light
1598734719000,4,awake
1598735019000,4,awake
1598735319000,4,awake
1598735619000,4,awake
1598735919000,4,awake
1598786517000,4,awake
1598786817000,4,awake
1598787117000,4,awake
1598787417000,1,deep
1598787717000,1,deep
1598788017000,1,deep
1598788317000,1,deep
1598788617000,1,deep
1598788917000,1,deep
1598789217000,1,deep
1598789517000,2,light
1598789817000,1,deep
1598790117000,2,light
1598790417000,2,light
1598790717000,1,deep
1598791017000,1,deep
1598791317000,2,light
1598791617000,1,deep
1598791917000,1,deep
1598792217000,1,deep
1598792517000,1,deep
1598792817000,1,deep
1598793117000,1,deep
1598793417000,1,deep
1598793717000,1,deep
1598794017000,1,deep
1598794317000,1,deep
1598794617000,1,deep
1598794917000,1,deep
1598795217000,2,light
1598795517000,1,deep
1598795817000,1,deep
1598796117000,2,light
1598796417000,2,light
1598796717000,2,light
1598797017000,2,light
1598797317000,3,REM
1598797617000,3,REM
1598797917000,3,REM
1598798217000,3,REM
1598798517000,2,light
1598798817000,2,light
1598799117000,2,light
1598799417000,2,light
1598799717000,1,deep
1598800017000,1,deep
1598800317000,2,light
1598800617000,2,light
1598800917000,2,light
1598801217000,2,light
1598801517000,1,deep
1598801817000,1,deep
1598802117000,2,light
1598802417000,2,light
1598802717000,1,deep
1598803017000,2,light
1598803317000,2,light
1598803617000,2,light
1598803917000,3,REM
1598804217000,3,REM
1598804517000,3,REM
1598804817000,3,REM
1598805117000,3,REM
1598805417000,3,REM
1598805717000,3,REM
1598806017000,2,light
1598806317000,2,light
1598806617000,2,light
1598806917000,1,deep
1598807217000,1,deep
1598807517000,4,awake
1598807817000,4,awake
1598808117000,2,light
1598808417000,2,light
1598808717000,2,light
1598809017000,3,REM
1598809317000,3,REM
1598809617000,3,REM
1598809917000,2,light
1598810217000,4,awake
1598810517000,3,REM
1598810817000,3,REM
1598811117000,3,REM
1598811417000,3,REM
1598811717000,3,REM
1598812017000,2,light
1598812317000,2,light
1598812617000,2,light
1598812917000,2,light
1598813217000,2,light
1598813517000,3,REM
1598813817000,4,awake
1598814117000,4,awake
1598814417000,4,awake
1598814717000,4,awake
1598815017000,4,awake
1598815317000,3,REM
1598815617000,4,awake
1598815917000,3,REM
1598816217000,4,awake
1598816517000,4,awake
1598816817000,4,awake
1598817117000,2,light
1598817417000,2,light
1598817717000,4,awake
1598818017000,4,awake
1598870262000,4,awake
1598870562000,2,light
1598870862000,2,light
1598871162000,1,deep
1598871462000,1,deep
1598871762000,1,deep
1598872062000,1,deep
1598872362000,1,deep
1598872662000,1,deep
1598872962000,1,deep
1598873262000,1,deep
1598873562000,1,deep
1598873862000,1,deep
1598874162000,2,light
1598874462000,2,light
1598874762000,2,light
1598875062000,2,light
1598875362000,1,deep
1598875662000,1,deep
1598875962000,1,deep
1598876262000,1,deep
1598876562000,1,deep
1598876862000,1,deep
1598877162000,2,light
1598877462000,2,light
1598877762000,2,light
1598878062000,2,light
1598878362000,2,light
1598878662000,2,light
1598878962000,2,light
1598879262000,2,light
1598879562000,1,deep
1598879862000,2,light
1598880162000,4,awake
1598880462000,4,awake
1598880762000,3,REM
1598881062000,3,REM
1598881362000,3,REM
1598881662000,3,REM
1598881962000,2,light
1598882262000,2,light
1598882562000,2,light
1598882862000,1,deep
1598883162000,1,deep
1598883462000,2,light
1598883762000,2,light
1598884062000,2,light
1598884362000,1,deep
1598884662000,1,deep
1598884962000,1,deep
1598885262000,1,deep
1598885562000,2,light
1598885862000,2,light
1598886162000,2,light
1598886462000,2,light
1598886762000,2,light
1598887062000,2,light
1598887362000,3,REM
1598887662000,3,REM
1598887962000,3,REM
1598888262000,3,REM
1598888562000,3,REM
1598888862000,3,REM
1598889162000,2,light
1598889462000,2,light
1598889762000,2,light
1598890062000,2,light
1598890362000,1,deep
1598890662000,1,deep
1598890962000,1,deep
1598891262000,2,light
1598891562000,2,light
1598891862000,2,light
1598892162000,2,light
1598892462000,2,light
1598892762000,3,REM
1598893062000,4,awake
1598893362000,3,REM
1598893662000,3,REM
1598893962000,3,REM
1598894262000,3,REM
1598894562000,2,light
1598894862000,3,REM
1598895162000,3,REM
1598895462000,2,light
1598895762000,2,light
1598896062000,4,awake
1598896362000,4,awake
1598957640000,4,awake
1598957940000,4,awake
1598958240000,4,awake
1598958540000,4,awake
1598958840000,2,light
1598959140000,1,deep
1598959440000,1,deep
1598959740000,1,deep
1598960040000,1,deep
1598960340000,1,deep
1598960640000,1,deep
1598960940000,2,light
1598961240000,2,light
1598961540000,2,light
1598961840000,2,light
1598962140000,2,light
1598962440000,1,deep
1598962740000,1,deep
1598963040000,1,deep
1598963340000,1,deep
1598963640000,1,deep
1598963940000,1,deep
1598964240000,1,deep
1598964540000,2,light
1598964840000,1,deep
1598965140000,1,deep
1598965440000,1,deep
1598965740000,2,light
1598966040000,2,light
1598966340000,1,deep
1598966640000,3,REM
1598966940000,1,deep
1598967240000,2,light
1598967540000,2,light
1598967840000,2,light
1598968140000,2,light
1598968440000,2,light
1598968740000,2,light
1598969040000,2,light
1598969340000,1,deep
1598969640000,1,deep
1598969940000,1,deep
1598970240000,1,deep
1598970540000,3,REM
1598970840000,1,deep
1598971140000,2,light
1598971440000,2,light
1598971740000,2,light
1598972040000,2,light
1598972340000,2,light
1598972640000,2,light
1598972940000,3,REM
1598973240000,3,REM
1598973540000,3,REM
1598973840000,3,REM
1598974140000,3,REM
1598974440000,3,REM
1598974740000,2,light
1598975040000,2,light
1598975340000,2,light
1598975640000,1,deep
1598975940000,1,deep
1598976240000,1,deep
1598976540000,1,deep
1598976840000,1,deep
1598977140000,1,deep
1598977440000,2,light
1598977740000,2,light
1598978040000,2,light
1598978340000,1,deep
1598978640000,3,REM
1598978940000,3,REM
1598979240000,3,REM
1598979540000,3,REM
1598979840000,3,REM
1598980140000,3,REM
1598980440000,3,REM
1598980740000,3,REM
1598981040000,3,REM
1598981340000,3,REM
1598981640000,2,light
1598981940000,2,light
1598982240000,3,REM
1598982540000,4,awake
1598982840000,4,awake
1598983140000,4,awake
1598983440000,4,awake
1598983740000,4,awake
1598984040000,2,light
1598984340000,2,light
1598984640000,2,light
1598984940000,4,awake
1598985240000,4,awake
1598985540000,2,light
1598985840000,2,light
1598986140000,4,awake
1598986440000,4,awake
1598986740000,4,awake
1598987040000,4,awake
1598987340000,2,light
1598987640000,4,awake
1598987940000,4,awake
1598988240000,4,awake
1598988540000,4,awake
1598988840000,2,light
1598989140000,4,awake
1598989440000,4,awake
1598989740000,3,REM
1598990040000,2,light
1598990340000,4,awake
1598990640000,4,awake
1599044520000,4,awake
1599044820000,2,light
1599045120000,2,light
1599045420000,1,deep
1599045720000,1,deep
1599046020000,1,deep
1599046320000,1,deep
1599046620000,2,light
1599046920000,2,light
1599047220000,4,awake
1599047520000,4,awake
1599047820000,2,light
1599048120000,2,light
1599048420000,2,light
1599048720000,2,light
1599049020000,2,light
1599049320000,1,deep
1599049620000,2,light
1599049920000,1,deep
1599050220000,1,deep
1599050520000,1,deep
1599050820000,1,deep
1599051120000,2,light
1599051420000,2,light
1599051720000,1,deep
1599052020000,1,deep
1599052320000,1,deep
1599052620000,1,deep
1599052920000,2,light
1599053220000,2,light
1599053520000,3,REM
1599053820000,3,REM
1599054120000,3,REM
1599054420000,3,REM
1599054720000,2,light
1599055020000,2,light
1599055320000,2,light
1599055620000,1,deep
1599055920000,1,deep
1599056220000,2,light
1599056520000,2,light
1599056820000,2,light
1599057120000,1,deep
1599057420000,1,deep
1599057720000,2,light
1599058020000,2,light
1599058320000,2,light
1599058620000,2,light
1599058920000,2,light
1599059220000,1,deep
1599059520000,2,light
1599059820000,3,REM
1599060120000,3,REM
1599060420000,3,REM
1599060720000,2,light
1599061020000,4,awake
1599061320000,4,awake
1599061620000,2,light
1599061920000,3,REM
1599062220000,3,REM
1599062520000,3,REM
1599062820000,3,REM
1599063120000,3,REM
1599063420000,1,deep
1599063720000,2,light
1599064020000,4,awake
1599064320000,2,light
1599064620000,2,light
1599064920000,2,light
1599065220000,2,light
1599065520000,2,light
1599065820000,2,light
1599066120000,3,REM
1599066420000,3,REM
1599066720000,3,REM
1599067020000,3,REM
1599067320000,2,light
1599067620000,2,light
1599067920000,2,light
1599068220000,2,light
1599068520000,4,awake
1599068820000,4,awake
1599069120000,4,awake
1599131760000,4,awake
1599132060000,2,light
1599132360000,2,light
1599132660000,1,deep
1599132960000,1,deep
1599133260000,1,deep
1599133560000,1,deep
1599133860000,1,deep
1599134160000,2,light
1599134460000,2,light
1599134760000,1,deep
1599135060000,1,deep
1599135360000,1,deep
1599135660000,1,deep
1599135960000,1,deep
1599136260000,1,deep
1599136560000,3,REM
1599136860000,3,REM
1599137160000,3,REM
1599137460000,1,deep
1599137760000,1,deep
1599138060000,2,light
1599138360000,2,light
1599138660000,1,deep
1599138960000,1,deep
1599139260000,1,deep
1599139560000,1,deep
1599139860000,1,deep
1599140160000,1,deep
1599140460000,1,deep
1599140760000,1,deep
1599141060000,2,light
1599141360000,1,deep
1599141660000,1,deep
1599141960000,1,deep
1599142260000,1,deep
1599142560000,1,deep
1599142860000,3,REM
1599143160000,3,REM
1599143460000,3,REM
1599143760000,2,light
1599144060000,3,REM
1599144360000,3,REM
1599144660000,2,light
1599144960000,2,light
1599145260000,2,light
1599145560000,1,deep
1599145860000,1,deep
1599146160000,1,deep
1599146460000,2,light
1599146760000,1,deep
1599147060000,4,awake
1599147360000,4,awake
1599147660000,4,awake
1599147960000,4,awake
1599216480000,4,awake
1599216780000,2,light
1599217080000,4,awake
1599217380000,4,awake
1599217680000,2,light
1599217980000,1,deep
1599218280000,1,deep
1599218580000,1,deep
1599218880000,1,deep
1599219180000,1,deep
1599219480000,1,deep
1599219780000,1,deep
1599220080000,1,deep
1599220380000,1,deep
1599220680000,2,light
1599220980000,2,light
1599221280000,2,light
1599221580000,4,awake
1599221880000,2,light
1599222180000,2,light
1599222480000,1,deep
1599222780000,2,light
1599223080000,1,deep
1599223380000,1,deep
1599223680000,2,light
1599223980000,1,deep
1599224280000,1,deep
1599224580000,2,light
1599224880000,2,light
1599225180000,2,light
1599225480000,1,deep
1599225780000,1,deep
1599226080000,1,deep
1599226380000,2,light
1599226680000,3,REM
1599226980000,3,REM
1599227280000,3,REM
1599227580000,3,REM
1599227880000,2,light
1599228180000,2,light
1599228480000,2,light
1599228780000,2,light
1599229080000,2,light
1599229380000,2,light
1599229680000,1,deep
1599229980000,2,light
1599230280000,2,light
1599230580000,2,light
1599230880000,2,light
1599231180000,1,deep
1599231480000,2,light
1599231780000,2,light
1599232080000,3,REM
1599232380000,3,REM
1599232680000,3,REM
1599232980000,3,REM
1599233280000,3,REM
1599233580000,3,REM
1599233880000,3,REM
1599234180000,3,REM
1599234480000,2,light
1599234780000,2,light
1599235080000,2,light
1599235380000,2,light
1599235680000,2,light
1599235980000,2,light
1599236280000,2,light
1599236580000,2,light
1599236880000,2,light
1599237180000,2,light
1599237480000,2,light
1599237780000,3,REM
1599238080000,3,REM
1599238380000,3,REM
1599238680000,3,REM
1599238980000,3,REM
1599239280000,2,light
1599239580000,2,light
1599239880000,2,light
1599240180000,2,light
1599240480000,2,light
1599240780000,4,awake
1599241080000,4,awake
1599241380000,2,light
1599241680000,2,light
1599241980000,1,deep
1599242280000,4,awake
1599242580000,4,awake
1599242880000,4,awake
1599243180000,3,REM
1599243480000,3,REM
1599243780000,4,awake
1599244080000,4,awake
1599302643000,4,awake
1599302943000,2,light
1599303243000,1,deep
1599303543000,1,deep
1599303843000,2,light
1599304143000,2,light
1599304443000,2,light
1599304743000,2,light
1599305043000,2,light
1599305343000,1,deep
1599305643000,2,light
1599305943000,2,light
1599306243000,1,deep
1599306543000,1,deep
1599306843000,1,deep
1599307143000,1,deep
1599307443000,1,deep
1599307743000,1,deep
1599308043000,1,deep
1599308343000,1,deep
1599308643000,1,deep
1599308943000,2,light
1599309243000,1,deep
1599309543000,1,deep
1599309843000,1,deep
1599310143000,1,deep
1599310443000,1,deep
1599310743000,1,deep
1599311043000,2,light
1599311343000,2,light
1599311643000,2,light
1599311943000,2,light
1599312243000,2,light
1599312543000,4,awake
1599312843000,2,light
1599313143000,2,light
1599313443000,3,REM
1599313743000,3,REM
1599314043000,3,REM
1599314343000,3,REM
1599314643000,2,light
1599314943000,2,light
1599315243000,2,light
1599315543000,2,light
1599315843000,1,deep
1599316143000,2,light
1599316443000,2,light
1599316743000,2,light
1599317043000,1,deep
1599317343000,1,deep
1599317643000,1,deep
1599317943000,2,light
1599318243000,1,deep
1599318543000,1,deep
1599318843000,1,deep
1599319143000,2,light
1599319443000,2,light
1599319743000,2,light
1599320043000,2,light
1599320343000,2,light
1599320643000,3,REM
1599320943000,3,REM
1599321243000,2,light
1599321543000,2,light
1599321843000,4,awake
1599322143000,2,light
1599322443000,2,light
1599322743000,2,light
1599323043000,2,light
1599323343000,2,light
1599323643000,2,light
1599323943000,2,light
1599324243000,2,light
1599324543000,2,light
1599324843000,1,deep
1599325143000,2,light
1599325443000,3,REM
1599325743000,3,REM
1599326043000,3,REM
1599326343000,3,REM
1599326643000,3,REM
1599326943000,4,awake
1599327243000,2,light
1599327543000,2,light
1599327843000,2,light
1599328143000,2,light
1599328443000,2,light
1599328743000,2,light
1599329043000,2,light
1599329343000,2,light
1599329643000,2,light
1599329943000,2,light
1599330243000,3,REM
1599330543000,3,REM
1599330843000,3,REM
1599331143000,3,REM
1599331443000,3,REM
1599331743000,3,REM
1599332043000,3,REM
1599332343000,4,awake
1599332643000,4,awake
1599332943000,4,awake
1599333243000,2,light
1599333543000,2,light
1599333843000,2,light
1599334143000,1,deep
1599334443000,3,REM
1599334743000,3,REM
1599335043000,3,REM
1599335343000,4,awake
1599335643000,4,awake
1599335943000,4,awake
1599336243000,4,awake
1599336543000,4,awake
1599336843000,4,awake
1599394380000,4,awake
1599394680000,2,light
1599394980000,2,light
1599395280000,2,light
1599395580000,2,light
1599395880000,2,light
1599396180000,1,deep
1599396480000,1,deep
1599396780000,1,deep
1599397080000,1,deep
1599397380000,1,deep
1599397680000,1,deep
1599397980000,1,deep
1599398280000,1,deep
1599398580000,2,light
1599398880000,2,light
1599399180000,2,light
1599399480000,2,light
1599399780000,2,light
1599400080000,2,light
1599400380000,2,light
1599400680000,1,deep
1599400980000,1,deep
1599401280000,1,deep
1599401580000,1,deep
1599401880000,1,deep
1599402180000,2,light
1599402480000,2,light
1599402780000,2,light
1599403080000,2,light
1599403380000,2,light
1599403680000,1,deep
1599403980000,2,light
1599404280000,2,light
1599404580000,2,light
1599404880000,2,light
1599405180000,2,light
1599405480000,3,REM
1599405780000,2,light
1599406080000,2,light
1599406380000,2,light
1599406680000,2,light
1599406980000,2,light
1599407280000,2,light
1599407580000,2,light
1599407880000,2,light
1599408180000,2,light
1599408480000,2,light
1599408780000,2,light
1599409080000,2,light
1599409380000,2,light
1599409680000,2,light
1599409980000,4,awake
1599410280000,2,light
1599410580000,2,light
1599410880000,3,REM
1599411180000,3,REM
1599411480000,2,light
1599411780000,2,light
1599412080000,2,light
1599412380000,2,light
1599412680000,2,light
1599412980000,2,light
1599413280000,2,light
1599413580000,3,REM
1599413880000,3,REM
1599414180000,2,light
1599414480000,4,awake
1599414780000,4,awake
1599415080000,2,light
1599415380000,3,REM
1599415680000,3,REM
1599415980000,3,REM
1599416280000,3,REM
1599416580000,3,REM
1599416880000,2,light
1599417180000,2,light
1599417480000,2,light
1599417780000,2,light
1599418080000,2,light
1599418380000,2,light
1599418680000,4,awake
1599418980000,3,REM
1599419280000,2,light
1599419580000,2,light
1599419880000,2,light
1599420180000,4,awake
1599420480000,3,REM
1599420780000,3,REM
1599421080000,3,REM
1599421380000,3,REM
1599421680000,3,REM
1599421980000,4,awake
1599422280000,4,awake
1599422580000,4,awake
1599422880000,4,awake
1599423180000,4,awake
1599477480000,4,awake
1599477780000,2,light
1599478080000,1,deep
1599478380000,1,deep
1599478680000,1,deep
1599478980000,1,deep
1599479280000,2,light
1599479580000,2,light
1599479880000,2,light
1599480180000,2,light
1599480480000,1,deep
1599480780000,2,light
1599481080000,2,light
1599481380000,2,light
1599481680000,2,light
1599481980000,2,light
1599482280000,1,deep
1599482580000,1,deep
1599482880000,2,light
1599483180000,1,deep
1599483480000,2,light
1599483780000,2,light
1599484080000,2,light
1599484380000,2,light
1599484680000,2,light
1599484980000,1,deep
1599485280000,1,deep
1599485580000,1,deep
1599485880000,2,light
1599486180000,1,deep
1599486480000,1,deep
1599486780000,1,deep
1599487080000,1,deep
1599487380000,2,light
1599487680000,2,light
1599487980000,1,deep
1599488280000,1,deep
1599488580000,3,REM
1599488880000,3,REM
1599489180000,3,REM
1599489480000,2,light
1599489780000,2,light
1599490080000,2,light
1599490380000,2,light
1599490680000,2,light
1599490980000,1,deep
1599491280000,1,deep
1599491580000,1,deep
1599491880000,2,light
1599492180000,2,light
1599492480000,2,light
1599492780000,2,light
1599493080000,2,light
1599493380000,2,light
1599493680000,2,light
1599493980000,2,light
1599494280000,2,light
1599494580000,2,light
1599494880000,2,light
1599495180000,3,REM
1599495480000,3,REM
1599495780000,2,light
1599496080000,3,REM
1599496380000,2,light
1599496680000,2,light
1599496980000,2,light
1599497280000,2,light
1599497580000,2,light
1599497880000,1,deep
1599498180000,2,light
1599498480000,2,light
1599498780000,2,light
1599499080000,2,light
1599499380000,3,REM
1599499680000,3,REM
1599499980000,3,REM
1599500280000,3,REM
1599500580000,4,awake
1599500880000,4,awake
1599501180000,3,REM
1599501480000,3,REM
1599501780000,3,REM
1599502080000,2,light
1599502380000,2,light
1599502680000,2,light
1599502980000,2,light
1599503280000,2,light
1599503580000,3,REM
1599503880000,2,light
1599504180000,3,REM
1599504480000,3,REM
1599504780000,4,awake
1599505080000,4,awake
1599505380000,4,awake
1599505680000,3,REM
1599505980000,4,awake
1599506280000,4,awake
1599506580000,4,awake
1599506880000,4,awake
1599507180000,4,awake
1599507480000,4,awake
1599561722000,4,awake
1599562022000,4,awake
1599562322000,2,light
1599562622000,2,light
1599562922000,1,deep
1599563222000,1,deep
1599563522000,1,deep
1599563822000,2,light
1599564122000,2,light
1599564422000,1,deep
1599564722000,1,deep
1599565022000,2,light
1599565322000,2,light
1599565622000,2,light
1599565922000,2,light
1599566222000,2,light
1599566522000,2,light
1599566822000,2,light
1599567122000,2,light
1599567422000,2,light
1599567722000,2,light
1599568022000,2,light
1599568322000,1,deep
1599568622000,1,deep
1599568922000,1,deep
1599569222000,1,deep
1599569522000,1,deep
1599569822000,1,deep
1599570122000,2,light
1599570422000,2,light
1599570722000,2,light
1599571022000,1,deep
1599571322000,1,deep
1599571622000,2,light
1599571922000,4,awake
1599572222000,4,awake
1599572522000,3,REM
1599572822000,3,REM
1599573122000,2,light
1599573422000,2,light
1599573722000,2,light
1599574022000,2,light
1599574322000,2,light
1599574622000,2,light
1599574922000,2,light
1599575222000,2,light
1599575522000,2,light
1599575822000,2,light
1599576122000,2,light
1599576422000,2,light
1599576722000,2,light
1599577022000,4,awake
1599577322000,2,light
1599577622000,2,light
1599577922000,2,light
1599578222000,2,light
1599578522000,2,light
1599578822000,2,light
1599579122000,2,light
1599579422000,2,light
1599579722000,2,light
1599580022000,3,REM
1599580322000,3,REM
1599580622000,3,REM
1599580922000,3,REM
1599581222000,4,awake
1599581522000,2,light
1599581822000,2,light
1599582122000,2,light
1599582422000,1,deep
1599582722000,1,deep
1599583022000,1,deep
1599583322000,2,light
1599583622000,2,light
1599583922000,2,light
1599584222000,2,light
1599584522000,2,light
1599584822000,2,light
1599585122000,3,REM
1599585422000,3,REM
1599585722000,3,REM
1599586022000,3,REM
1599586322000,3,REM
1599586622000,3,REM
1599586922000,3,REM
1599587222000,3,REM
1599587522000,3,REM
1599587822000,4,awake
1599588122000,2,light
1599588422000,2,light
1599588722000,2,light
1599589022000,2,light
1599589322000,2,light
1599589622000,4,awake
1599589922000,4,awake
1599590222000,3,REM
1599590522000,4,awake
1599590822000,4,awake
1599591122000,4,awake
1599591422000,4,awake
1599648720000,4,awake
1599649020000,2,light
1599649320000,2,light
1599649620000,2,light
1599649920000,1,deep
1599650220000,1,deep
1599650520000,1,deep
1599650820000,1,deep
1599651120000,1,deep
1599651420000,1,deep
1599651720000,2,light
1599652020000,2,light
1599652320000,2,light
1599652620000,2,light
1599652920000,2,light
1599653220000,2,light
1599653520000,2,light
1599653820000,2,light
1599654120000,1,deep
1599654420000,2,light
1599654720000,2,light
1599655020000,2,light
1599655320000,2,light
1599655620000,1,deep
1599655920000,1,deep
1599656220000,1,deep
1599656520000,4,awake
1599656820000,4,awake
1599657120000,2,light
1599657420000,2,light
1599657720000,2,light
1599658020000,2,light
1599658320000,2,light
1599658620000,2,light
1599658920000,2,light
1599659220000,3,REM
1599659520000,3,REM
1599659820000,3,REM
1599660120000,4,awake
1599660420000,2,light
1599660720000,2,light
1599661020000,2,light
1599661320000,1,deep
1599661620000,2,light
1599661920000,2,light
1599662220000,2,light
1599662520000,1,deep
1599662820000,1,deep
1599663120000,2,light
1599663420000,2,light
1599663720000,2,light
1599664020000,2,light
1599664320000,2,light
1599664620000,1,deep
1599664920000,3,REM
1599665220000,3,REM
1599665520000,3,REM
1599665820000,4,awake
1599666120000,2,light
1599666420000,2,light
1599666720000,2,light
1599667020000,1,deep
1599667320000,2,light
1599667620000,1,deep
1599667920000,1,deep
1599668220000,2,light
1599668520000,2,light
1599668820000,2,light
1599669120000,2,light
1599669420000,1,deep
1599669720000,1,deep
1599670020000,3,REM
1599670320000,3,REM
1599670620000,3,REM
1599670920000,3,REM
1599671220000,3,REM
1599671520000,3,REM
1599671820000,3,REM
1599672120000,3,REM
1599672420000,3,REM
1599672720000,3,REM
1599673020000,2,light
1599673320000,2,light
1599673620000,2,light
1599673920000,2,light
1599674220000,2,light
1599674520000,2,light
1599674820000,1,deep
1599675120000,3,REM
1599675420000,2,light
1599675720000,3,REM
1599676020000,3,REM
1599676320000,3,REM
1599676620000,4,awake
1599676920000,3,REM
1599677220000,3,REM
1599677520000,3,REM
1599677820000,3,REM
1599678120000,4,awake
1599678420000,4,awake
1599678720000,4,awake
1599679020000,4,awake
1599736622000,4,awake
1599736922000,4,awake
1599737222000,2,light
1599737522000,2,light
1599737822000,2,light
1599738122000,1,deep
1599738422000,2,light
1599738722000,2,light
1599739022000,1,deep
1599739322000,1,deep
1599739622000,1,deep
1599739922000,1,deep
1599740222000,4,awake
1599740522000,4,awake
1599740822000,1,deep
1599741122000,1,deep
1599741422000,1,deep
1599741722000,1,deep
1599742022000,1,deep
1599742322000,1,deep
1599742622000,2,light
1599742922000,1,deep
1599743222000,1,deep
1599743522000,1,deep
1599743822000,1,deep
1599744122000,2,light
1599744422000,1,deep
1599744722000,1,deep
1599745022000,1,deep
1599745322000,1,deep
1599745622000,2,light
1599745922000,1,deep
1599746222000,2,light
1599746522000,2,light
1599746822000,2,light
1599747122000,4,awake
1599747422000,3,REM
1599747722000,2,light
1599748022000,2,light
1599748322000,2,light
1599748622000,2,light
1599748922000,1,deep
1599749222000,1,deep
1599749522000,1,deep
1599749822000,1,deep
1599750122000,1,deep
1599750422000,1,deep
1599750722000,2,light
1599751022000,2,light
1599751322000,1,deep
1599751622000,2,light
1599751922000,2,light
1599752222000,2,light
1599752522000,2,light
1599752822000,2,light
1599753122000,2,light
1599753422000,2,light
1599753722000,2,light
1599754022000,2,light
1599754322000,2,light
1599754622000,1,deep
1599754922000,3,REM
1599755222000,3,REM
1599755522000,3,REM
1599755822000,3,REM
1599756122000,4,awake
1599756422000,4,awake
1599756722000,3,REM
1599757022000,4,awake
1599757322000,4,awake
1599757622000,4,awake
1599757922000,4,awake
1599758222000,4,awake
1599821098000,4,awake
1599821398000,2,light
1599821698000,2,light
1599821998000,1,deep
1599822298000,1,deep
1599822598000,1,deep
1599822898000,1,deep
1599823198000,1,deep
1599823498000,1,deep
1599823798000,1,deep
1599824098000,1,deep
1599824398000,1,deep
1599824698000,1,deep
1599824998000,1,deep
1599825298000,2,light
1599825598000,2,light
1599825898000,2,light
1599826198000,2,light
1599826498000,2,light
1599826798000,1,deep
1599827098000,1,deep
1599827398000,2,light
1599827698000,1,deep
1599827998000,1,deep
1599828298000,1,deep
1599828598000,2,light
1599828898000,1,deep
1599829198000,1,deep
1599829498000,2,light
1599829798000,2,light
1599830098000,2,light
1599830398000,2,light
1599830698000,2,light
1599830998000,3,REM
1599831298000,3,REM
1599831598000,2,light
1599831898000,2,light
1599832198000,2,light
1599832498000,2,light
1599832798000,2,light
1599833098000,2,light
1599833398000,1,deep
1599833698000,1,deep
1599833998000,1,deep
1599834298000,1,deep
1599834598000,2,light
1599834898000,1,deep
1599835198000,2,light
1599835498000,2,light
1599835798000,1,deep
1599836098000,1,deep
1599836398000,2,light
1599836698000,2,light
1599836998000,2,light
1599837298000,2,light
1599837598000,2,light
1599837898000,1,deep
1599838198000,1,deep
1599838498000,1,deep
1599838798000,2,light
1599839098000,2,light
1599839398000,2,light
1599839698000,2,light
1599839998000,2,light
1599840298000,2,light
1599840598000,2,light
1599840898000,2,light
1599841198000,2,light
1599841498000,2,light
1599841798000,2,light
1599842098000,2,light
1599842398000,2,light
1599842698000,2,light
1599842998000,3,REM
1599843298000,4,awake
1599843598000,3,REM
1599843898000,3,REM
1599844198000,3,REM
1599844498000,2,light
1599844798000,2,light
1599845098000,2,light
1599845398000,2,light
1599845698000,2,light
1599845998000,2,light
1599846298000,2,light
1599846598000,3,REM
1599846898000,3,REM
1599847198000,4,awake
1599847498000,2,light
1599847798000,2,light
1599848098000,2,light
1599848398000,2,light
1599848698000,2,light
1599848998000,3,REM
1599849298000,3,REM
1599849598000,3,REM
1599849898000,3,REM
1599850198000,3,REM
1599850498000,2,light
1599850798000,2,light
1599851098000,2,light
1599851398000,2,light
1599851698000,2,light
1599851998000,2,light
1599852298000,2,light
1599852598000,2,light
1599852898000,2,light
1599853198000,3,REM
1599853498000,3,REM
1599853798000,3,REM
1599854098000,3,REM
1599854398000,3,REM
1599854698000,4,awake
1599854998000,4,awake
1599855298000,2,light
1599855598000,4,awake
1599855898000,2,light
1599856198000,2,light
1599856498000,4,awake
1599856798000,2,light
1599857098000,2,light
1599857398000,2,light
1599857698000,2,light
1599857998000,2,light
1599858298000,2,light
1599858598000,3,REM
1599858898000,3,REM
1599859198000,3,REM
1599859498000,3,REM
1599859798000,3,REM
1599860098000,3,REM
1599860398000,3,REM
1599860698000,2,light
1599860998000,2,light
1599861298000,2,light
1599861598000,2,light
1599861898000,2,light
1599862198000,2,light
1599862498000,2,light
1599862798000,4,awake
1599863098000,4,awake
1599863398000,3,REM
1599863698000,3,REM
1599863998000,4,awake
1599864298000,4,awake
1599864598000,4,awake
1599914279000,4,awake
1599914579000,4,awake
1599914879000,2,light
1599915179000,2,light
1599915479000,1,deep
1599915779000,1,deep
1599916079000,1,deep
1599916379000,1,deep
1599916679000,1,deep
1599916979000,1,deep
1599917279000,1,deep
1599917579000,1,deep
1599917879000,1,deep
1599918179000,1,deep
1599918479000,1,deep
1599918779000,2,light
1599919079000,1,deep
1599919379000,1,deep
1599919679000,1,deep
1599919979000,2,light
1599920279000,2,light
1599920579000,1,deep
1599920879000,1,deep
1599921179000,2,light
1599921479000,2,light
1599921779000,1,deep
1599922079000,1,deep
1599922379000,1,deep
1599922679000,1,deep
1599922979000,1,deep
1599923279000,1,deep
1599923579000,1,deep
1599923879000,1,deep
1599924179000,3,REM
1599924479000,3,REM
1599924779000,3,REM
1599925079000,3,REM
1599925379000,2,light
1599925679000,2,light
1599925979000,2,light
1599926279000,2,light
1599926579000,2,light
1599926879000,2,light
1599927179000,2,light
1599927479000,1,deep
1599927779000,2,light
1599928079000,2,light
1599928379000,2,light
1599928679000,2,light
1599928979000,2,light
1599929279000,3,REM
1599929579000,3,REM
1599929879000,1,deep
1599930179000,2,light
1599930479000,2,light
1599930779000,2,light
1599931079000,2,light
1599931379000,2,light
1599931679000,2,light
1599931979000,2,light
1599932279000,2,light
1599932579000,2,light
1599932879000,2,light
1599933179000,1,deep
1599933479000,1,deep
1599933779000,1,deep
1599934079000,2,light
1599934379000,3,REM
1599934679000,3,REM
1599934979000,3,REM
1599935279000,3,REM
1599935579000,3,REM
1599935879000,3,REM
1599936179000,2,light
1599936479000,3,REM
1599936779000,4,awake
1599937079000,2,light
1599937379000,4,awake
1599937679000,4,awake
1599937979000,2,light
1599938279000,2,light
1599938579000,4,awake
1599938879000,4,awake
1599939179000,2,light
1599939479000,2,light
1599939779000,2,light
1599940079000,2,light
1599940379000,2,light
1599940679000,4,awake
1599940979000,4,awake
1599941279000,4,awake
1599941579000,4,awake
1599941879000,4,awake
1599942179000,2,light
1599942479000,4,awake
1599942779000,4,awake
1599943079000,2,light
1599943379000,4,awake
1599943679000,4,awake
1599943979000,2,light
1599944279000,3,REM
1599944579000,4,awake
1599944879000,3,REM
1599945179000,4,awake
1599945479000,4,awake
1599997057000,4,awake
1599997357000,2,light
1599997657000,2,light
1599997957000,2,light
1599998257000,1,deep
1599998557000,2,light
1599998857000,4,awake
1599999157000,2,light
1599999457000,1,deep
1599999757000,1,deep
1600000057000,1,deep
1600000357000,4,awake
1600000657000,4,awake
1600000957000,2,light
1600001257000,2,light
1600001557000,2,light
1600001857000,2,light
1600002157000,2,light
1600002457000,2,light
1600002757000,2,light
1600003057000,2,light
1600003357000,2,light
1600003657000,2,light
1600003957000,2,light
1600004257000,2,light
1600004557000,2,light
1600004857000,2,light
1600005157000,1,deep
1600005457000,1,deep
1600005757000,1,deep
1600006057000,1,deep
1600006357000,1,deep
1600006657000,1,deep
1600006957000,4,awake
1600007257000,2,light
1600007557000,2,light
1600007857000,2,light
1600008157000,2,light
1600008457000,2,light
1600008757000,2,light
1600009057000,2,light
1600009357000,2,light
1600009657000,2,light
1600009957000,3,REM
1600010257000,3,REM
1600010557000,4,awake
1600010857000,4,awake
1600011157000,2,light
1600011457000,4,awake
1600011757000,4,awake
1600012057000,4,awake
1600080722000,4,awake
1600081022000,4,awake
1600081322000,4,awake
1600081622000,2,light
1600081922000,2,light
1600082222000,2,light
1600082522000,2,light
1600082822000,2,light
1600083122000,2,light
1600083422000,4,awake
1600083722000,2,light
1600084022000,2,light
1600084322000,1,deep
1600084622000,1,deep
1600084922000,1,deep
1600085222000,4,awake
1600085522000,2,light
1600085822000,1,deep
1600086122000,1,deep
1600086422000,2,light
1600086722000,1,deep
1600087022000,1,deep
1600087322000,1,deep
1600087622000,1,deep
1600087922000,2,light
1600088222000,1,deep
1600088522000,2,light
1600088822000,2,light
1600089122000,2,light
1600089422000,2,light
1600089722000,2,light
1600090022000,2,light
1600090322000,1,deep
1600090622000,1,deep
1600090922000,1,deep
1600091222000,1,deep
1600091522000,1,deep
1600091822000,1,deep
1600092122000,1,deep
1600092422000,1,deep
1600092722000,2,light
1600093022000,2,light
1600093322000,2,light
1600093622000,2,light
1600093922000,2,light
1600094222000,2,light
1600094522000,2,light
1600094822000,3,REM
1600095122000,3,REM
1600095422000,3,REM
1600095722000,3,REM
1600096022000,2,light
1600096322000,2,light
1600096622000,2,light
1600096922000,2,light
1600097222000,1,deep
1600097522000,1,deep
1600097822000,1,deep
1600098122000,2,light
1600098422000,2,light
1600098722000,2,light
1600099022000,2,light
1600099322000,2,light
1600099622000,2,light
1600099922000,2,light
1600100222000,2,light
1600100522000,2,light
1600100822000,3,REM
1600101122000,3,REM
1600101422000,2,light
1600101722000,2,light
1600102022000,2,light
1600102322000,2,light
1600102622000,2,light
1600102922000,2,light
1600103222000,3,REM
1600103522000,1,deep
1600103822000,2,light
1600104122000,2,light
1600104422000,2,light
1600104722000,2,light
1600105022000,2,light
1600105322000,2,light
1600105622000,2,light
1600105922000,2,light
1600106222000,2,light
1600106522000,1,deep
1600106822000,1,deep
1600107122000,3,REM
1600107422000,3,REM
1600107722000,3,REM
1600108022000,3,REM
1600108322000,3,REM
1600108622000,3,REM
1600108922000,2,light
1600109222000,2,light
1600109522000,2,light
1600109822000,4,awake
1600110122000,4,awake
1600110422000,4,awake
1600110722000,4,awake
1600111022000,4,awake
1600111322000,4,awake
1600111622000,3,REM
1600111922000,3,REM
1600112222000,2,light
1600112522000,4,awake
1600112822000,3,REM
1600113122000,4,awake
1600113422000,4,awake
1600113722000,4,awake
1600174918000,4,awake
1600175218000,2,light
1600175518000,2,light
1600175818000,2,light
1600176118000,2,light
1600176418000,1,deep
1600176718000,1,deep
1600177018000,1,deep
1600177318000,1,deep
1600177618000,1,deep
1600177918000,2,light
1600178218000,2,light
1600178518000,2,light
1600178818000,2,light
1600179118000,2,light
1600179418000,1,deep
1600179718000,2,light
1600180018000,2,light
1600180318000,2,light
1600180618000,2,light
1600180918000,1,deep
1600181218000,2,light
1600181518000,1,deep
1600181818000,1,deep
1600182118000,1,deep
1600182418000,2,light
1600182718000,2,light
1600183018000,2,light
1600183318000,2,light
1600183618000,2,light
1600183918000,3,REM
1600184218000,3,REM
1600184518000,3,REM
1600184818000,3,REM
1600185118000,1,deep
1600185418000,1,deep
1600185718000,1,deep
1600186018000,1,deep
1600186318000,1,deep
1600186618000,1,deep
1600186918000,1,deep
1600187218000,2,light
1600187518000,2,light
1600187818000,1,deep
1600188118000,2,light
1600188418000,2,light
1600188718000,2,light
1600189018000,2,light
1600189318000,1,deep
1600189618000,1,deep
1600189918000,4,awake
1600190218000,3,REM
1600190518000,3,REM
1600190818000,3,REM
1600191118000,3,REM
1600191418000,3,REM
1600191718000,2,light
1600192018000,2,light
1600192318000,1,deep
1600192618000,2,light
1600192918000,2,light
1600193218000,2,light
1600193518000,4,awake
1600193818000,4,awake
1600252637000,4,awake
1600252937000,2,light
1600253237000,1,deep
1600253537000,1,deep
1600253837000,2,light
1600254137000,2,light
1600254437000,2,light
1600254737000,1,deep
1600255037000,1,deep
1600255337000,1,deep
1600255637000,1,deep
1600255937000,1,deep
1600256237000,1,deep
1600256537000,2,light
1600256837000,2,light
1600257137000,2,light
1600257437000,2,light
1600257737000,2,light
1600258037000,2,light
1600258337000,1,deep
1600258637000,1,deep
1600258937000,1,deep
1600259237000,2,light
1600259537000,2,light
1600259837000,1,deep
1600260137000,2,light
1600260437000,1,deep
1600260737000,1,deep
1600261037000,1,deep
1600261337000,2,light
1600261637000,2,light
1600261937000,1,deep
1600262237000,1,deep
1600262537000,1,deep
1600262837000,2,light
1600263137000,2,light
1600263437000,2,light
1600263737000,2,light
1600264037000,2,light
1600264337000,2,light
1600264637000,2,light
1600264937000,4,awake
1600265237000,4,awake
1600265537000,2,light
1600265837000,2,light
1600266137000,2,light
1600266437000,2,light
1600266737000,2,light
1600267037000,2,light
1600267337000,2,light
1600267637000,2,light
1600267937000,1,deep
1600268237000,1,deep
1600268537000,2,light
1600268837000,2,light
1600269137000,2,light
1600269437000,2,light
1600269737000,2,light
1600270037000,3,REM
1600270337000,3,REM
1600270637000,3,REM
1600270937000,3,REM
1600271237000,3,REM
1600271537000,2,light
1600271837000,2,light
1600272137000,2,light
1600272437000,2,light
1600272737000,2,light
1600273037000,2,light
1600273337000,2,light
1600273637000,2,light
1600273937000,2,light
1600274237000,2,light
1600274537000,2,light
1600274837000,1,deep
1600275137000,2,light
1600275437000,3,REM
1600275737000,3,REM
1600276037000,3,REM
1600276337000,3,REM
1600276637000,3,REM
1600276937000,3,REM
1600277237000,4,awake
1600277537000,2,light
1600277837000,2,light
1600278137000,2,light
1600278437000,2,light
1600278737000,2,light
1600279037000,4,awake
1600279337000,2,light
1600279637000,2,light
1600279937000,2,light
1600280237000,2,light
1600280537000,3,REM
1600280837000,3,REM
1600281137000,3,REM
1600281437000,3,REM
1600281737000,3,REM
1600282037000,3,REM
1600282337000,3,REM
1600282637000,2,light
1600282937000,2,light
1600283237000,2,light
1600283537000,2,light
1600283837000,2,light
1600284137000,2,light
1600284437000,2,light
1600284737000,2,light
1600285037000,2,light
1600285337000,2,light
1600285637000,2,light
1600285937000,2,light
1600286237000,2,light
1600286537000,4,awake
1600286837000,4,awake
1600287137000,3,REM
1600287437000,3,REM
1600287737000,3,REM
1600288037000,3,REM
1600288337000,3,REM
1600288637000,3,REM
1600288937000,4,awake
1600289237000,2,light
1600289537000,2,light
1600289837000,2,light
1600290137000,2,light
1600290437000,2,light
1600290737000,2,light
1600291037000,2,light
1600291337000,4,awake
1600291637000,4,awake
1600291937000,3,REM
1600292237000,3,REM
1600292537000,3,REM
1600292837000,4,awake
1600293137000,4,awake
1600293437000,4,awake
1600293737000,3,REM
1600294037000,4,awake
1600294337000,4,awake
1600424131000,4,awake
1600424431000,2,light
1600424731000,2,light
1600425031000,1,deep
1600425331000,2,light
1600425631000,2,light
1600425931000,2,light
1600426231000,1,deep
1600426531000,1,deep
1600426831000,1,deep
1600427131000,1,deep
1600427431000,1,deep
1600427731000,1,deep
1600428031000,2,light
1600428331000,2,light
1600428631000,2,light
1600428931000,2,light
1600429231000,1,deep
1600429531000,1,deep
1600429831000,1,deep
1600430131000,1,deep
1600430431000,1,deep
1600430731000,2,light
1600431031000,1,deep
1600431331000,1,deep
1600431631000,1,deep
1600431931000,1,deep
1600432231000,1,deep
1600432531000,1,deep
1600432831000,1,deep
1600433131000,1,deep
1600433431000,1,deep
1600433731000,1,deep
1600434031000,3,REM
1600434331000,3,REM
1600434631000,3,REM
1600434931000,3,REM
1600435231000,2,light
1600435531000,2,light
1600435831000,2,light
1600436131000,1,deep
1600436431000,1,deep
1600436731000,1,deep
1600437031000,2,light
1600437331000,1,deep
1600437631000,1,deep
1600437931000,1,deep
1600438231000,1,deep
1600438531000,1,deep
1600438831000,2,light
1600439131000,2,light
1600439431000,2,light
1600439731000,2,light
1600440031000,2,light
1600440331000,1,deep
1600440631000,2,light
1600440931000,3,REM
1600441231000,3,REM
1600441531000,3,REM
1600441831000,3,REM
1600442131000,3,REM
1600442431000,2,light
1600442731000,2,light
1600443031000,3,REM
1600443331000,3,REM
1600443631000,2,light
1600443931000,2,light
1600444231000,2,light
1600444531000,2,light
1600444831000,2,light
1600445131000,2,light
1600445431000,2,light
1600445731000,2,light
1600446031000,2,light
1600446331000,1,deep
1600446631000,2,light
1600446931000,2,light
1600447231000,3,REM
1600447531000,4,awake
1600447831000,3,REM
1600448131000,3,REM
1600448431000,3,REM
1600448731000,3,REM
1600449031000,4,awake
1600449331000,2,light
1600449631000,2,light
1600449931000,2,light
1600450231000,4,awake
1600450531000,4,awake
1600450831000,4,awake
1600451131000,4,awake
1600451431000,4,awake
1600451731000,4,awake
1600452031000,2,light
1600452331000,4,awake
1600452631000,4,awake
1600452931000,4,awake
1600453231000,2,light
1600453531000,2,light
1600453831000,2,light
1600454131000,2,light
1600454431000,3,REM
1600454731000,3,REM
1600455031000,3,REM
1600455331000,4,awake
1600455631000,4,awake
1600455931000,2,light
1600456231000,4,awake
1600456531000,4,awake
1600456831000,4,awake
1600457131000,4,awake
1600457431000,4,awake
1600507410000,4,awake
1600507710000,4,awake
1600508010000,2,light
1600508310000,2,light
1600508610000,2,light
1600508910000,2,light
1600509210000,2,light
1600509510000,2,light
1600509810000,2,light
1600510110000,4,awake
1600510410000,4,awake
1600510710000,2,light
1600511010000,2,light
1600511310000,1,deep
1600511610000,1,deep
1600511910000,1,deep
1600512210000,1,deep
1600512510000,1,deep
1600512810000,2,light
1600513110000,2,light
1600513410000,2,light
1600513710000,1,deep
1600514010000,1,deep
1600514310000,4,awake
1600514610000,4,awake
1600514910000,4,awake
1600515210000,2,light
1600515510000,2,light
1600515810000,2,light
1600516110000,2,light
1600516410000,2,light
1600516710000,2,light
1600517010000,2,light
1600517310000,2,light
1600517610000,2,light
1600517910000,1,deep
1600518210000,2,light
1600518510000,2,light
1600518810000,2,light
1600519110000,2,light
1600519410000,1,deep
1600519710000,1,deep
1600520010000,1,deep
1600520310000,2,light
1600520610000,1,deep
1600520910000,2,light
1600521210000,1,deep
1600521510000,1,deep
1600521810000,1,deep
1600522110000,2,light
1600522410000,2,light
1600522710000,3,REM
1600523010000,3,REM
1600523310000,3,REM
1600523610000,4,awake
1600523910000,2,light
1600524210000,2,light
1600524510000,2,light
1600524810000,2,light
1600525110000,2,light
1600525410000,2,light
1600525710000,2,light
1600526010000,2,light
1600526310000,2,light
1600526610000,2,light
1600526910000,1,deep
1600527210000,1,deep
1600527510000,2,light
1600527810000,2,light
1600528110000,2,light
1600528410000,2,light
1600528710000,2,light
1600529010000,3,REM
1600529310000,4,awake
1600529610000,2,light
1600529910000,2,light
1600530210000,2,light
1600530510000,3,REM
1600530810000,3,REM
1600531110000,2,light
1600531410000,2,light
1600531710000,2,light
1600532010000,2,light
1600532310000,2,light
1600532610000,2,light
1600532910000,2,light
1600533210000,2,light
1600533510000,2,light
1600533810000,2,light
1600534110000,4,awake
1600534410000,3,REM
1600534710000,3,REM
1600535010000,3,REM
1600535310000,3,REM
1600535610000,3,REM
1600535910000,3,REM
1600536210000,3,REM
1600536510000,4,awake
1600536810000,2,light
1600537110000,2,light
1600537410000,2,light
1600537710000,2,light
1600538010000,2,light
1600538310000,2,light
1600538610000,4,awake
1600538910000,2,light
1600539210000,2,light
1600539510000,3,REM
1600539810000,3,REM
1600540110000,4,awake
1600540410000,4,awake
1600540710000,2,light
1600541010000,2,light
1600541310000,2,light
1600541610000,4,awake
1600541910000,4,awake
1600542210000,4,awake
1600542510000,4,awake
1600542810000,4,awake
1600543110000,4,awake
1600543410000,4,awake
1600543710000,2,light
1600544010000,2,light
1600544310000,2,light
1600544610000,2,light
1600544910000,2,light
1600545210000,2,light
1600545510000,3,REM
1600545810000,3,REM
1600546110000,3,REM
1600546410000,2,light
1600546710000,2,light
1600547010000,2,light
1600547310000,2,light
1600547610000,4,awake
1600547910000,4,awake
1600548210000,4,awake
1600548510000,4,awake
1600548810000,4,awake
1600599281000,4,awake
1600599581000,4,awake
1600599881000,4,awake
1600600181000,4,awake
1600600481000,2,light
1600600781000,2,light
1600601081000,2,light
1600601381000,2,light
1600601681000,2,light
1600601981000,1,deep
1600602281000,1,deep
1600602581000,1,deep
1600602881000,4,awake
1600603181000,2,light
1600603481000,2,light
1600603781000,2,light
1600604081000,2,light
1600604381000,2,light
1600604681000,2,light
1600604981000,2,light
1600605281000,2,light
1600605581000,1,deep
1600605881000,1,deep
1600606181000,2,light
1600606481000,1,deep
1600606781000,1,deep
1600607081000,1,deep
1600607381000,1,deep
1600607681000,1,deep
1600607981000,2,light
1600608281000,3,REM
1600608581000,3,REM
1600608881000,3,REM
1600609181000,4,awake
1600609481000,4,awake
1600609781000,2,light
1600610081000,2,light
1600610381000,2,light
1600610681000,2,light
1600610981000,1,deep
1600611281000,1,deep
1600611581000,2,light
1600611881000,2,light
1600612181000,2,light
1600612481000,2,light
1600612781000,2,light
1600613081000,2,light
1600613381000,2,light
1600613681000,2,light
1600613981000,2,light
1600614281000,2,light
1600614581000,2,light
1600614881000,3,REM
1600615181000,3,REM
1600615481000,3,REM
1600615781000,3,REM
1600616081000,2,light
1600616381000,2,light
1600616681000,2,light
1600616981000,2,light
1600617281000,2,light
1600617581000,2,light
1600617881000,1,deep
1600618181000,1,deep
1600618481000,2,light
1600618781000,2,light
1600619081000,1,deep
1600619381000,1,deep
1600619681000,1,deep
1600619981000,1,deep
1600620281000,3,REM
1600620581000,3,REM
1600620881000,3,REM
1600621181000,4,awake
1600621481000,4,awake
1600621781000,2,light
1600622081000,2,light
1600622381000,2,light
1600622681000,2,light
1600622981000,2,light
1600623281000,4,awake
1600623581000,2,light
1600623881000,2,light
1600624181000,4,awake
1600624481000,4,awake
1600624781000,4,awake
1600625081000,4,awake
1600625381000,4,awake
1600625681000,2,light
1600625981000,3,REM
1600626281000,3,REM
1600626581000,4,awake
1600626881000,3,REM
1600627181000,4,awake
1600627481000,4,awake
1600627781000,4,awake
1600628081000,4,awake
1600682612000,4,awake
1600682912000,4,awake
1600683212000,4,awake
1600683512000,4,awake
1600683812000,4,awake
1600684112000,4,awake
1600684412000,4,awake
1600684712000,4,awake
1600685012000,4,awake
1600685312000,4,awake
1600685612000,2,light
1600685912000,2,light
1600686212000,2,light
1600686512000,2,light
1600686812000,2,light
1600687112000,2,light
1600687412000,1,deep
1600687712000,1,deep
1600688012000,1,deep
1600688312000,1,deep
1600688612000,4,awake
1600688912000,2,light
1600689212000,2,light
1600689512000,2,light
1600689812000,2,light
1600690112000,2,light
1600690412000,2,light
1600690712000,2,light
1600691012000,1,deep
1600691312000,1,deep
1600691612000,2,light
1600691912000,1,deep
1600692212000,2,light
1600692512000,2,light
1600692812000,2,light
1600693112000,2,light
1600693412000,2,light
1600693712000,2,light
1600694012000,3,REM
1600694312000,3,REM
1600694612000,3,REM
1600694912000,2,light
1600695212000,2,light
1600695512000,2,light
1600695812000,2,light
1600696112000,2,light
1600696412000,2,light
1600696712000,2,light
1600697012000,2,light
1600697312000,2,light
1600697612000,2,light
1600697912000,2,light
1600698212000,1,deep
1600698512000,2,light
1600698812000,2,light
1600699112000,2,light
1600699412000,2,light
1600699712000,2,light
1600700012000,2,light
1600700312000,1,deep
1600700612000,3,REM
1600700912000,3,REM
1600701212000,2,light
1600701512000,2,light
1600701812000,2,light
1600702112000,1,deep
1600702412000,2,light
1600702712000,2,light
1600703012000,2,light
1600703312000,2,light
1600703612000,2,light
1600703912000,2,light
1600704212000,2,light
1600704512000,2,light
1600704812000,2,light
1600705112000,2,light
1600705412000,1,deep
1600705712000,3,REM
1600706012000,4,awake
1600706312000,4,awake
1600706612000,4,awake
1600706912000,4,awake
1600707212000,4,awake
1600707512000,4,awake
1600707812000,4,awake
1600708112000,4,awake
1600708412000,4,awake
1600708712000,4,awake
1600709012000,4,awake
1600709312000,4,awake
1600709612000,4,awake
1600770628000,4,awake
1600770928000,2,light
1600771228000,2,light
1600771528000,1,deep
1600771828000,1,deep
1600772128000,1,deep
1600772428000,2,light
1600772728000,2,light
1600773028000,2,light
1600773328000,1,deep
1600773628000,1,deep
1600773928000,1,deep
1600774228000,3,REM
1600774528000,3,REM
1600774828000,2,light
1600775128000,1,deep
1600775428000,1,deep
1600775728000,1,deep
1600776028000,2,light
1600776328000,1,deep
1600776628000,1,deep
1600776928000,1,deep
1600777228000,1,deep
1600777528000,1,deep
1600777828000,1,deep
1600778128000,1,deep
1600778428000,1,deep
1600778728000,2,light
1600779028000,2,light
1600779328000,2,light
1600779628000,2,light
1600779928000,2,light
1600780228000,1,deep
1600780528000,1,deep
1600780828000,4,awake
1600781128000,4,awake
1600781428000,3,REM
1600781728000,3,REM
1600782028000,3,REM
1600782328000,3,REM
1600782628000,2,light
1600782928000,2,light
1600783228000,2,light
1600783528000,1,deep
1600783828000,1,deep
1600784128000,1,deep
1600784428000,2,light
1600784728000,2,light
1600785028000,1,deep
1600785328000,1,deep
1600785628000,2,light
1600785928000,2,light
1600786228000,2,light
1600786528000,3,REM
1600786828000,2,light
1600787128000,3,REM
1600787428000,3,REM
1600787728000,2,light
1600788028000,2,light
1600788328000,4,awake
1600788628000,4,awake
1600855409000,4,awake
1600855709000,2,light
1600856009000,1,deep
1600856309000,1,deep
1600856609000,2,light
1600856909000,2,light
1600857209000,2,light
1600857509000,1,deep
1600857809000,1,deep
1600858109000,1,deep
1600858409000,1,deep
1600858709000,1,deep
1600859009000,1,deep
1600859309000,1,deep
1600859609000,1,deep
1600859909000,1,deep
1600860209000,3,REM
1600860509000,3,REM
1600860809000,2,light
1600861109000,2,light
1600861409000,2,light
1600861709000,2,light
1600862009000,1,deep
1600862309000,1,deep
1600862609000,1,deep
1600862909000,1,deep
1600863209000,2,light
1600863509000,1,deep
1600863809000,1,deep
1600864109000,1,deep
1600864409000,1,deep
1600864709000,2,light
1600865009000,1,deep
1600865309000,3,REM
1600865609000,4,awake
1600865909000,3,REM
1600866209000,3,REM
1600866509000,2,light
1600866809000,2,light
1600867109000,2,light
1600867409000,2,light
1600867709000,1,deep
1600868009000,1,deep
1600868309000,1,deep
1600868609000,2,light
1600868909000,1,deep
1600869209000,1,deep
1600869509000,1,deep
1600869809000,1,deep
1600870109000,1,deep
1600870409000,1,deep
1600870709000,2,light
1600871009000,1,deep
1600871309000,2,light
1600871609000,3,REM
1600871909000,3,REM
1600872209000,3,REM
1600872509000,2,light
1600872809000,2,light
1600873109000,2,light
1600873409000,2,light
1600873709000,2,light
1600874009000,2,light
1600874309000,4,awake
1600938852000,4,awake
1600939152000,2,light
1600939452000,2,light
1600939752000,2,light
1600940052000,4,awake
1600940352000,2,light
1600940652000,1,deep
1600940952000,1,deep
1600941252000,1,deep
1600941552000,1,deep
1600941852000,2,light
1600942152000,2,light
1600942452000,2,light
1600942752000,3,REM
1600943052000,3,REM
1600943352000,2,light
1600943652000,4,awake
1600943952000,4,awake
1600944252000,2,light
1600944552000,1,deep
1600944852000,1,deep
1600945152000,1,deep
1600945452000,1,deep
1600945752000,2,light
1600946052000,2,light
1600946352000,2,light
1600946652000,2,light
1600946952000,2,light
1600947252000,2,light
1600947552000,1,deep
1600947852000,1,deep
1600948152000,1,deep
1600948452000,4,awake
1600948752000,4,awake
1600949052000,2,light
1600949352000,2,light
1600949652000,1,deep
1600949952000,1,deep
1600950252000,1,deep
1600950552000,1,deep
1600950852000,1,deep
1600951152000,4,awake
1600951452000,2,light
1600951752000,2,light
1600952052000,2,light
1600952352000,2,light
1600952652000,2,light
1600952952000,2,light
1600953252000,1,deep
1600953552000,1,deep
1600953852000,1,deep
1600954152000,1,deep
1600954452000,2,light
1600954752000,3,REM
1600955052000,2,light
1600955352000,2,light
1600955652000,2,light
1600955952000,2,light
1600956252000,3,REM
1600956552000,3,REM
1600956852000,3,REM
1600957152000,3,REM
1600957452000,3,REM
1600957752000,3,REM
1600958052000,3,REM
1600958352000,2,light
1600958652000,2,light
1600958952000,2,light
1600959252000,2,light
1600959552000,2,light
1600959852000,2,light
1600960152000,2,light
1600960452000,1,deep
1600960752000,4,awake
1600961052000,4,awake
1600961352000,4,awake
1600961652000,4,awake
1601024852000,4,awake
1601025152000,2,light
1601025452000,1,deep
1601025752000,1,deep
1601026052000,1,deep
1601026352000,1,deep
1601026652000,1,deep
1601026952000,1,deep
1601027252000,1,deep
1601027552000,1,deep
1601027852000,1,deep
1601028152000,1,deep
1601028452000,1,deep
1601028752000,1,deep
1601029052000,2,light
1601029352000,2,light
1601029652000,2,light
1601029952000,1,deep
1601030252000,1,deep
1601030552000,1,deep
1601030852000,2,light
1601031152000,2,light
1601031452000,1,deep
1601031752000,1,deep
1601032052000,1,deep
1601032352000,2,light
1601032652000,1,deep
1601032952000,1,deep
1601033252000,3,REM
1601033552000,2,light
1601033852000,2,light
1601034152000,3,REM
1601034452000,2,light
1601034752000,2,light
1601035052000,1,deep
1601035352000,1,deep
1601035652000,4,awake
1601035952000,4,awake
1601036252000,2,light
1601036552000,2,light
1601036852000,2,light
1601037152000,1,deep
1601037452000,1,deep
1601037752000,2,light
1601038052000,2,light
1601038352000,1,deep
1601038652000,1,deep
1601038952000,2,light
1601039252000,1,deep
1601039552000,4,awake
1601039852000,4,awake
1601040152000,3,REM
1601040452000,3,REM
1601040752000,2,light
1601041052000,2,light
1601041352000,2,light
1601041652000,2,light
1601041952000,2,light
1601042252000,2,light
1601042552000,2,light
1601042852000,2,light
1601043152000,2,light
1601043452000,2,light
1601043752000,2,light
1601044052000,2,light
1601044352000,2,light
1601044652000,4,awake
1601044952000,4,awake
1601045252000,3,REM
1601045552000,3,REM
1601045852000,3,REM
1601046152000,3,REM
1601046452000,3,REM
1601046752000,3,REM
1601047052000,2,light
1601047352000,2,light
1601047652000,2,light
1601047952000,2,light
1601048252000,2,light
1601048552000,4,awake
1601048852000,4,awake
1601049152000,2,light
1601049452000,2,light
1601049752000,2,light
1601050052000,1,deep
1601050352000,4,awake
1601050652000,4,awake
1601050952000,2,light
1601051252000,2,light
1601051552000,4,awake
1601051852000,4,awake
1601052152000,2,light
1601052452000,4,awake
1601052752000,4,awake
1601110050000,4,awake
1601110350000,4,awake
1601110650000,4,awake
1601110950000,4,awake
1601111250000,2,light
1601111550000,2,light
1601111850000,1,deep
1601112150000,1,deep
1601112450000,1,deep
1601112750000,1,deep
1601113050000,1,deep
1601113350000,1,deep
1601113650000,1,deep
1601113950000,1,deep
1601114250000,4,awake
1601114550000,2,light
1601114850000,1,deep
1601115150000,2,light
1601115450000,2,light
1601115750000,1,deep
1601116050000,1,deep
1601116350000,2,light
1601116650000,1,deep
1601116950000,1,deep
1601117250000,2,light
1601117550000,2,light
1601117850000,1,deep
1601118150000,1,deep
1601118450000,1,deep
1601118750000,1,deep
1601119050000,1,deep
1601119350000,1,deep
1601119650000,3,REM
1601119950000,3,REM
1601120250000,3,REM
1601120550000,2,light
1601120850000,2,light
1601121150000,2,light
1601121450000,2,light
1601121750000,2,light
1601122050000,2,light
1601122350000,2,light
1601122650000,4,awake
1601122950000,4,awake
1601123250000,2,light
1601123550000,2,light
1601123850000,1,deep
1601124150000,2,light
1601124450000,2,light
1601124750000,1,deep
1601125050000,1,deep
1601125350000,2,light
1601125650000,2,light
1601125950000,2,light
1601126250000,2,light
1601126550000,3,REM
1601126850000,3,REM
1601127150000,3,REM
1601127450000,3,REM
1601127750000,3,REM
1601128050000,3,REM
1601128350000,3,REM
1601128650000,3,REM
1601128950000,2,light
1601129250000,2,light
1601129550000,2,light
1601129850000,2,light
1601130150000,2,light
1601130450000,2,light
1601130750000,2,light
1601131050000,2,light
1601131350000,2,light
1601131650000,2,light
1601131950000,2,light
1601132250000,2,light
1601132550000,3,REM
1601132850000,4,awake
1601188260000,4,awake
1601188560000,2,light
1601188860000,2,light
1601189160000,2,light
1601189460000,1,deep
1601189760000,1,deep
1601190060000,1,deep
1601190360000,2,light
1601190660000,2,light
1601190960000,2,light
1601191260000,2,light
1601191560000,1,deep
1601191860000,1,deep
1601192160000,2,light
1601192460000,4,awake
1601192760000,4,awake
1601193060000,2,light
1601193360000,1,deep
1601193660000,1,deep
1601193960000,2,light
1601194260000,2,light
1601194560000,2,light
1601194860000,2,light
1601195160000,2,light
1601195460000,2,light
1601195760000,2,light
1601196060000,2,light
1601196360000,2,light
1601196660000,1,deep
1601196960000,4,awake
1601197260000,4,awake
1601197560000,2,light
1601197860000,1,deep
1601198160000,4,awake
1601198460000,4,awake
1601198760000,2,light
1601199060000,2,light
1601199360000,4,awake
1601199660000,4,awake
1601199960000,2,light
1601200260000,2,light
1601200560000,2,light
1601200860000,2,light
1601201160000,2,light
1601201460000,2,light
1601201760000,3,REM
1601202060000,2,light
1601202360000,2,light
1601202660000,2,light
1601202960000,2,light
1601203260000,2,light
1601203560000,2,light
1601203860000,2,light
1601204160000,1,deep
1601204460000,1,deep
1601204760000,2,light
1601205060000,2,light
1601205360000,2,light
1601205660000,1,deep
1601205960000,2,light
1601206260000,2,light
1601206560000,1,deep
1601206860000,2,light
1601207160000,3,REM
1601207460000,2,light
1601207760000,2,light
1601208060000,3,REM
1601208360000,3,REM
1601208660000,3,REM
1601208960000,3,REM
1601209260000,2,light
1601209560000,2,light
1601209860000,2,light
1601210160000,2,light
1601210460000,2,light
1601210760000,2,light
1601211060000,2,light
1601211360000,2,light
1601211660000,2,light
1601211960000,4,awake
1601212260000,2,light
1601212560000,2,light
1601212860000,3,REM
1601213160000,4,awake
1601276835000,4,awake
1601277135000,2,light
1601277435000,2,light
1601277735000,2,light
1601278035000,2,light
1601278335000,2,light
1601278635000,2,light
1601278935000,2,light
1601279235000,2,light
1601279535000,2,light
1601279835000,1,deep
1601280135000,4,awake
1601280435000,4,awake
1601280735000,4,awake
1601281035000,3,REM
1601281335000,1,deep
1601281635000,1,deep
1601281935000,1,deep
1601282235000,1,deep
1601282535000,1,deep
1601282835000,2,light
1601283135000,2,light
1601283435000,1,deep
1601283735000,1,deep
1601284035000,1,deep
1601284335000,1,deep
1601284635000,1,deep
1601284935000,1,deep
1601285235000,2,light
1601285535000,2,light
1601285835000,2,light
1601286135000,4,awake
1601286435000,4,awake
1601286735000,3,REM
1601287035000,3,REM
1601287335000,4,awake
1601287635000,2,light
1601287935000,2,light
1601288235000,2,light
1601288535000,1,deep
1601288835000,1,deep
1601289135000,1,deep
1601289435000,1,deep
1601289735000,2,light
1601290035000,2,light
1601290335000,2,light
1601290635000,2,light
1601290935000,2,light
1601291235000,2,light
1601291535000,4,awake
1601291835000,4,awake
1601292135000,2,light
1601292435000,3,REM
1601292735000,3,REM
1601293035000,1,deep
1601293335000,2,light
1601293635000,2,light
1601293935000,2,light
1601294235000,2,light
1601294535000,2,light
1601294835000,2,light
1601295135000,1,deep
1601295435000,1,deep
1601295735000,1,deep
1601296035000,2,light
1601296335000,2,light
1601296635000,2,light
1601296935000,1,deep
1601297235000,2,light
1601297535000,3,REM
1601297835000,3,REM
1601298135000,3,REM
1601298435000,3,REM
1601298735000,3,REM
1601299035000,3,REM
1601299335000,3,REM
1601299635000,3,REM
1601299935000,3,REM
1601300235000,3,REM
1601300535000,2,light
1601300835000,2,light
1601301135000,2,light
1601301435000,2,light
1601301735000,2,light
1601302035000,2,light
1601302335000,3,REM
1601302635000,3,REM
1601302935000,3,REM
1601303235000,3,REM
1601303535000,3,REM
1601303835000,2,light
1601304135000,2,light
1601304435000,2,light
1601304735000,2,light
1601305035000,2,light
1601305335000,2,light
1601305635000,2,light
1601305935000,4,awake
1601363673000,4,awake
1601363973000,4,awake
1601364273000,1,deep
1601364573000,4,awake
1601364873000,4,awake
1601365173000,4,awake
1601365473000,4,awake
1601365773000,4,awake
1601366073000,2,light
1601366373000,2,light
1601366673000,1,deep
1601366973000,1,deep
1601367273000,1,deep
1601367573000,1,deep
1601367873000,4,awake
1601368173000,4,awake
1601368473000,2,light
1601368773000,2,light
1601369073000,4,awake
1601369373000,4,awake
1601369673000,2,light
1601369973000,2,light
1601370273000,2,light
1601370573000,2,light
1601370873000,1,deep
1601371173000,2,light
1601371473000,1,deep
1601371773000,1,deep
1601372073000,1,deep
1601372373000,1,deep
1601372673000,1,deep
1601372973000,2,light
1601373273000,2,light
1601373573000,2,light
1601373873000,2,light
1601374173000,2,light
1601374473000,2,light
1601374773000,2,light
1601375073000,1,deep
1601375373000,1,deep
1601375673000,4,awake
1601375973000,4,awake
1601376273000,2,light
1601376573000,2,light
1601376873000,1,deep
1601377173000,1,deep
1601377473000,1,deep
1601377773000,1,deep
1601378073000,2,light
1601378373000,2,light
1601378673000,2,light
1601378973000,1,deep
1601379273000,3,REM
1601379573000,3,REM
1601379873000,4,awake
1601380173000,4,awake
1601380473000,2,light
1601380773000,2,light
1601381073000,2,light
1601381373000,2,light
1601381673000,2,light
1601381973000,2,light
1601382273000,2,light
1601382573000,2,light
1601382873000,1,deep
1601383173000,1,deep
1601383473000,2,light
1601383773000,2,light
1601384073000,2,light
1601384373000,2,light
1601384673000,2,light
1601384973000,2,light
1601385273000,2,light
1601385573000,2,light
1601385873000,4,awake
1601386173000,3,REM
1601386473000,3,REM
1601386773000,3,REM
1601387073000,3,REM
1601387373000,3,REM
1601387673000,3,REM
1601387973000,3,REM
1601388273000,3,REM
1601388573000,2,light
1601388873000,2,light
1601389173000,2,light
1601389473000,2,light
1601389773000,2,light
1601390073000,3,REM
1601390373000,3,REM
1601390673000,3,REM
1601390973000,3,REM
1601391273000,3,REM
1601391573000,4,awake
1601391873000,2,light
1601392173000,2,light
1601392473000,4,awake
1601392773000,4,awake
1601393073000,4,awake
1601393373000,4,awake
1601449437000,4,awake
1601449737000,2,light
1601450037000,2,light
1601450337000,2,light
1601450637000,1,deep
1601450937000,2,light
1601451237000,2,light
1601451537000,2,light
1601451837000,2,light
1601452137000,1,deep
1601452437000,1,deep
1601452737000,2,light
1601453037000,1,deep
1601453337000,1,deep
1601453637000,4,awake
1601453937000,4,awake
1601454237000,1,deep
1601454537000,2,light
1601454837000,2,light
1601455137000,1,deep
1601455437000,1,deep
1601455737000,1,deep
1601456037000,1,deep
1601456337000,1,deep
1601456637000,2,light
1601456937000,2,light
1601457237000,1,deep
1601457537000,1,deep
1601457837000,1,deep
1601458137000,4,awake
1601458437000,2,light
1601458737000,2,light
1601459037000,2,light
1601459337000,2,light
1601459637000,2,light
1601459937000,2,light
1601460237000,2,light
1601460537000,4,awake
1601460837000,4,awake
1601461137000,4,awake
1601461437000,3,REM
1601461737000,3,REM
1601462037000,3,REM
1601462337000,3,REM
1601462637000,2,light
1601462937000,2,light
1601463237000,1,deep
1601463537000,1,deep
1601463837000,2,light
1601464137000,2,light
1601464437000,2,light
1601464737000,1,deep
1601465037000,1,deep
1601465337000,2,light
1601465637000,2,light
1601465937000,2,light
1601466237000,1,deep
1601466537000,1,deep
1601466837000,2,light
1601467137000,2,light
1601467437000,2,light
1601467737000,4,awake
1601468037000,4,awake
1601468337000,3,REM
1601468637000,3,REM
1601468937000,3,REM
1601469237000,3,REM
1601469537000,3,REM
1601469837000,2,light
1601470137000,2,light
1601470437000,2,light
1601470737000,2,light
1601471037000,2,light
1601471337000,2,light
1601471637000,2,light
1601471937000,2,light
1601472237000,2,light
1601472537000,2,light
1601472837000,2,light
1601473137000,4,awake
1601473437000,2,light
1601473737000,2,light
1601474037000,3,REM
1601474337000,3,REM
1601474637000,3,REM
1601474937000,2,light
1601475237000,4,awake
1601475537000,3,REM
1601475837000,4,awake
1601476137000,4,awake
1601476437000,2,light
1601476737000,2,light
1601477037000,2,light
1601477337000,4,awake
1601477637000,4,awake
1601477937000,4,awake
1601478237000,4,awake
1601478537000,4,awake
1601478837000,4,awake
1601479137000,4,awake
1601479437000,4,awake
1601479737000,4,awake
1601480037000,4,awake
1601538975000,4,awake
1601539275000,2,light
1601539575000,2,light
1601539875000,2,light
1601540175000,2,light
1601540475000,2,light
1601540775000,1,deep
1601541075000,2,light
1601541375000,1,deep
1601541675000,1,deep
1601541975000,4,awake
1601542275000,1,deep
1601542575000,3,REM
1601542875000,4,awake
1601543175000,4,awake
1601543475000,2,light
1601543775000,2,light
1601544075000,2,light
1601544375000,1,deep
1601544675000,1,deep
1601544975000,2,light
1601545275000,2,light
1601545575000,2,light
1601545875000,2,light
1601546175000,1,deep
1601546475000,1,deep
1601546775000,4,awake
1601547075000,2,light
1601547375000,2,light
1601547675000,1,deep
1601547975000,2,light
1601548275000,2,light
1601548575000,4,awake
1601548875000,2,light
1601549175000,3,REM
1601549475000,3,REM
1601549775000,3,REM
1601550075000,3,REM
1601550375000,3,REM
1601550675000,2,light
1601550975000,2,light
1601551275000,2,light
1601551575000,2,light
1601551875000,2,light
1601552175000,2,light
1601552475000,2,light
1601552775000,2,light
1601553075000,1,deep
1601553375000,1,deep
1601553675000,4,awake
1601553975000,2,light
1601554275000,2,light
1601554575000,2,light
1601554875000,2,light
1601555175000,2,light
1601555475000,2,light
1601555775000,1,deep
1601556075000,2,light
1601556375000,3,REM
1601556675000,3,REM
1601556975000,2,light
1601557275000,2,light
1601557575000,2,light
1601557875000,2,light
1601558175000,2,light
1601558475000,2,light
1601558775000,2,light
1601559075000,2,light
1601559375000,2,light
1601559675000,2,light
1601559975000,4,awake
1601560275000,4,awake
1601560575000,4,awake
1601560875000,4,awake
1601561175000,4,awake
1601561475000,2,light
1601561775000,2,light
1601562075000,3,REM
1601562375000,3,REM
1601562675000,3,REM
1601562975000,3,REM
1601563275000,3,REM
1601563575000,3,REM
1601563875000,1,deep
1601564175000,2,light
1601564475000,2,light
1601564775000,2,light
1601565075000,4,awake
1601565375000,4,awake
1601565675000,2,light
1601565975000,4,awake
1601566275000,4,awake
1601566575000,4,awake
1601566875000,2,light
1601567175000,2,light
1601567475000,4,awake
1601567775000,4,awake
1601625256000,4,awake
1601625556000,2,light
1601625856000,2,light
1601626156000,2,light
1601626456000,2,light
1601626756000,1,deep
1601627056000,1,deep
1601627356000,1,deep
1601627656000,2,light
1601627956000,2,light
1601628256000,1,deep
1601628556000,1,deep
1601628856000,1,deep
1601629156000,1,deep
1601629456000,2,light
1601629756000,3,REM
1601630056000,3,REM
1601630356000,2,light
1601630656000,2,light
1601630956000,1,deep
1601631256000,1,deep
1601631556000,1,deep
1601631856000,2,light
1601632156000,2,light
1601632456000,1,deep
1601632756000,1,deep
1601633056000,1,deep
1601633356000,2,light
1601633656000,1,deep
1601633956000,2,light
1601634256000,2,light
1601634556000,2,light
1601634856000,2,light
1601635156000,1,deep
1601635456000,2,light
1601635756000,4,awake
1601636056000,3,REM
1601636356000,3,REM
1601636656000,3,REM
1601636956000,4,awake
1601637256000,4,awake
1601637556000,2,light
1601637856000,2,light
1601638156000,2,light
1601638456000,2,light
1601638756000,2,light
1601639056000,2,light
1601639356000,2,light
1601639656000,2,light
1601639956000,2,light
1601640256000,2,light
1601640556000,2,light
1601640856000,2,light
1601641156000,2,light
1601641456000,2,light
1601641756000,3,REM
1601642056000,3,REM
1601642356000,3,REM
1601642656000,3,REM
1601642956000,3,REM
1601643256000,3,REM
1601643556000,3,REM
1601643856000,2,light
1601644156000,2,light
1601644456000,2,light
1601644756000,1,deep
1601645056000,1,deep
1601645356000,2,light
1601645656000,2,light
1601645956000,2,light
1601646256000,2,light
1601646556000,2,light
1601646856000,2,light
1601647156000,2,light
1601647456000,3,REM
1601647756000,4,awake
1601648056000,4,awake
1601648356000,2,light
1601648656000,2,light
1601648956000,4,awake
1601649256000,4,awake
1601710745000,4,awake
1601711045000,2,light
1601711345000,2,light
1601711645000,1,deep
1601711945000,2,light
1601712245000,2,light
1601712545000,2,light
1601712845000,1,deep
1601713145000,1,deep
1601713445000,1,deep
1601713745000,1,deep
1601714045000,1,deep
1601714345000,1,deep
1601714645000,2,light
1601714945000,2,light
1601715245000,2,light
1601715545000,2,light
1601715845000,2,light
1601716145000,1,deep
1601716445000,1,deep
1601716745000,1,deep
1601717045000,4,awake
1601717345000,4,awake
1601717645000,2,light
1601717945000,2,light
1601718245000,2,light
1601718545000,2,light
1601718845000,2,light
1601719145000,2,light
1601719445000,2,light
1601719745000,1,deep
1601720045000,2,light
1601720345000,1,deep
1601720645000,2,light
1601720945000,2,light
1601721245000,2,light
1601721545000,2,light
1601721845000,2,light
1601722145000,2,light
1601722445000,2,light
1601722745000,2,light
1601723045000,2,light
1601723345000,2,light
1601723645000,2,light
1601723945000,1,deep
1601724245000,1,deep
1601724545000,1,deep
1601724845000,1,deep
1601725145000,1,deep
1601725445000,1,deep
1601725745000,2,light
1601726045000,2,light
1601726345000,1,deep
1601726645000,1,deep
1601726945000,2,light
1601727245000,2,light
1601727545000,2,light
1601727845000,2,light
1601728145000,2,light
1601728445000,2,light
1601728745000,2,light
1601729045000,3,REM
1601729345000,3,REM
1601729645000,3,REM
1601729945000,3,REM
1601730245000,2,light
1601730545000,2,light
1601730845000,2,light
1601731145000,2,light
1601731445000,1,deep
1601731745000,1,deep
1601732045000,2,light
1601732345000,2,light
1601732645000,1,deep
1601732945000,1,deep
1601733245000,1,deep
1601733545000,2,light
1601733845000,3,REM
1601734145000,3,REM
1601734445000,3,REM
1601734745000,3,REM
1601735045000,3,REM
1601735345000,2,light
1601735645000,2,light
1601735945000,3,REM
1601736245000,3,REM
1601736545000,3,REM
1601736845000,3,REM
1601737145000,4,awake
1601737445000,2,light
1601737745000,2,light
1601738045000,3,REM
1601738345000,2,light
1601738645000,2,light
1601738945000,2,light
1601739245000,2,light
1601739545000,2,light
1601739845000,4,awake
1601740145000,2,light
1601740445000,4,awake
1601740745000,2,light
1601741045000,2,light
1601741345000,3,REM
1601741645000,3,REM
1601741945000,3,REM
1601742245000,3,REM
1601742545000,3,REM
1601742845000,3,REM
1601743145000,3,REM
1601743445000,3,REM
1601743745000,3,REM
1601744045000,3,REM
1601744345000,4,awake
1601744645000,4,awake
1601744945000,4,awake
1601745245000,2,light
1601745545000,2,light
1601745845000,2,light
1601746145000,2,light
1601746445000,2,light
1601746745000,2,light
1601747045000,2,light
1601747345000,3,REM
1601747645000,3,REM
1601747945000,3,REM
1601748245000,2,light
1601748545000,4,awake
1601748845000,4,awake
1601807940000,4,awake
1601808240000,2,light
1601808540000,2,light
1601808840000,1,deep
1601809140000,1,deep
1601809440000,1,deep
1601809740000,1,deep
1601810040000,1,deep
1601810340000,1,deep
1601810640000,2,light
1601810940000,2,light
1601811240000,2,light
1601811540000,2,light
1601811840000,2,light
1601812140000,2,light
1601812440000,1,deep
1601812740000,2,light
1601813040000,2,light
1601813340000,1,deep
1601813640000,1,deep
1601813940000,1,deep
1601814240000,1,deep
1601814540000,1,deep
1601814840000,1,deep
1601815140000,1,deep
1601815440000,2,light
1601815740000,2,light
1601816040000,2,light
1601816340000,3,REM
1601816640000,3,REM
1601816940000,3,REM
1601817240000,2,light
1601817540000,2,light
1601817840000,2,light
1601818140000,2,light
1601818440000,1,deep
1601818740000,1,deep
1601819040000,2,light
1601819340000,1,deep
1601819640000,2,light
1601819940000,2,light
1601820240000,2,light
1601820540000,4,awake
1601820840000,4,awake
1601821140000,2,light
1601821440000,2,light
1601821740000,3,REM
1601822040000,3,REM
1601822340000,3,REM
1601822640000,2,light
1601822940000,2,light
1601823240000,2,light
1601823540000,2,light
1601823840000,1,deep
1601824140000,1,deep
1601824440000,2,light
1601824740000,2,light
1601825040000,4,awake
1601825340000,3,REM
1601825640000,4,awake
1601825940000,4,awake
1601826240000,4,awake
1601826540000,4,awake
1601892345000,4,awake
1601892645000,2,light
1601892945000,1,deep
1601893245000,1,deep
1601893545000,1,deep
1601893845000,1,deep
1601894145000,1,deep
1601894445000,2,light
1601894745000,2,light
1601895045000,1,deep
1601895345000,4,awake
1601895645000,4,awake
1601895945000,2,light
1601896245000,2,light
1601896545000,1,deep
1601896845000,1,deep
1601897145000,1,deep
1601897445000,2,light
1601897745000,2,light
1601898045000,1,deep
1601898345000,3,REM
1601898645000,2,light
1601898945000,2,light
1601899245000,1,deep
1601899545000,1,deep
1601899845000,1,deep
1601900145000,2,light
1601900445000,2,light
1601900745000,1,deep
1601901045000,1,deep
1601901345000,2,light
1601901645000,2,light
1601901945000,1,deep
1601902245000,1,deep
1601902545000,2,light
1601902845000,2,light
1601903145000,2,light
1601903445000,3,REM
1601903745000,3,REM
1601904045000,3,REM
1601904345000,3,REM
1601904645000,3,REM
1601904945000,3,REM
1601905245000,3,REM
1601905545000,3,REM
1601905845000,3,REM
1601906145000,3,REM
1601906445000,3,REM
1601906745000,3,REM
1601907045000,3,REM
1601907345000,4,awake
1601907645000,2,light
1601907945000,2,light
1601908245000,2,light
1601908545000,2,light
1601908845000,2,light
1601909145000,2,light
1601909445000,2,light
1601909745000,2,light
1601910045000,1,deep
1601910345000,2,light
1601910645000,4,awake
1601910945000,4,awake
1601911245000,4,awake
1601911545000,4,awake
1601911845000,4,awake
1601912145000,4,awake
1601912445000,4,awake
1601912745000,4,awake
1601913045000,4,awake
1601965922000,4,awake
1601966222000,2,light
1601966522000,2,light
1601966822000,1,deep
1601967122000,1,deep
1601967422000,1,deep
1601967722000,1,deep
1601968022000,1,deep
1601968322000,2,light
1601968622000,2,light
1601968922000,2,light
1601969222000,1,deep
1601969522000,1,deep
1601969822000,4,awake
1601970122000,2,light
1601970422000,2,light
1601970722000,1,deep
1601971022000,1,deep
1601971322000,1,deep
1601971622000,1,deep
1601971922000,1,deep
1601972222000,1,deep
1601972522000,1,deep
1601972822000,1,deep
1601973122000,1,deep
1601973422000,1,deep
1601973722000,1,deep
1601974022000,2,light
1601974322000,1,deep
1601974622000,4,awake
1601974922000,2,light
1601975222000,2,light
1601975522000,2,light
1601975822000,2,light
1601976122000,2,light
1601976422000,3,REM
1601976722000,2,light
1601977022000,2,light
1601977322000,1,deep
1601977622000,2,light
1601977922000,4,awake
1601978222000,4,awake
1601978522000,4,awake
1601978822000,2,light
1601979122000,2,light
1601979422000,2,light
1601979722000,2,light
1601980022000,2,light
1601980322000,2,light
1601980622000,2,light
1601980922000,3,REM
1601981222000,3,REM
1601981522000,3,REM
1601981822000,3,REM
1601982122000,3,REM
1601982422000,3,REM
1601982722000,1,deep
1601983022000,2,light
1601983322000,2,light
1601983622000,1,deep
1601983922000,1,deep
1601984222000,1,deep
1601984522000,1,deep
1601984822000,2,light
1601985122000,2,light
1601985422000,2,light
1601985722000,2,light
1601986022000,2,light
1601986322000,2,light
1601986622000,1,deep
1601986922000,1,deep
1601987222000,1,deep
1601987522000,2,light
1601987822000,2,light
1601988122000,2,light
1601988422000,2,light
1601988722000,3,REM
1601989022000,3,REM
1601989322000,3,REM
1601989622000,2,light
1601989922000,2,light
1601990222000,2,light
1601990522000,2,light
1601990822000,2,light
1601991122000,4,awake
1601991422000,4,awake
1601991722000,4,awake
1602054719000,2,light
1602055019000,1,deep
1602055319000,1,deep
1602055619000,1,deep
1602055919000,1,deep
1602056219000,1,deep
1602056519000,2,light
1602056819000,2,light
1602057119000,1,deep
1602057419000,1,deep
1602057719000,1,deep
1602058019000,1,deep
1602058319000,1,deep
1602058619000,4,awake
1602058919000,4,awake
1602059219000,2,light
1602059519000,2,light
1602059819000,2,light
1602060119000,2,light
1602060419000,2,light
1602060719000,1,deep
1602061019000,1,deep
1602061319000,1,deep
1602061619000,1,deep
1602061919000,1,deep
1602062219000,1,deep
1602062519000,2,light
1602062819000,1,deep
1602063119000,1,deep
1602063419000,1,deep
1602063719000,4,awake
1602064019000,4,awake
1602064319000,2,light
1602064619000,2,light
1602064919000,2,light
1602065219000,2,light
1602065519000,2,light
1602065819000,2,light
1602066119000,2,light
1602066419000,2,light
1602066719000,2,light
1602067019000,2,light
1602067319000,2,light
1602067619000,2,light
1602067919000,2,light
1602068219000,1,deep
1602068519000,1,deep
1602068819000,1,deep
1602069119000,2,light
1602069419000,1,deep
1602069719000,1,deep
1602070019000,2,light
1602070319000,2,light
1602070619000,1,deep
1602070919000,1,deep
1602071219000,1,deep
1602071519000,1,deep
1602071819000,1,deep
1602072119000,3,REM
1602072419000,2,light
1602072719000,3,REM
1602073019000,3,REM
1602073319000,3,REM
1602073619000,3,REM
1602073919000,2,light
1602074219000,2,light
1602074519000,2,light
1602074819000,2,light
1602075119000,2,light
1602075419000,3,REM
1602075719000,3,REM
1602076019000,3,REM
1602076319000,3,REM
1602076619000,3,REM
1602076919000,3,REM
1602077219000,3,REM
1602077519000,2,light
1602077819000,2,light
1602078119000,2,light
1602078419000,3,REM
1602078719000,3,REM
1602079019000,3,REM
1602079319000,4,awake
1602079619000,3,REM
1602079919000,2,light
1602080219000,2,light
1602080519000,3,REM
1602080819000,2,light
1602081119000,2,light
1602081419000,2,light
1602081719000,2,light
1602082019000,4,awake
1602082319000,4,awake
1602082619000,2,light
1602082919000,2,light
1602083219000,3,REM
1602083519000,4,awake
1602083819000,4,awake
1602084119000,4,awake
1602084419000,4,awake
1602084719000,2,light
1602085019000,4,awake
1602085319000,4,awake
1602085619000,4,awake
1602085919000,2,light
1602086219000,3,REM
1602086519000,2,light
1602086819000,4,awake
1602087119000,4,awake
1602087419000,4,awake
1602087719000,4,awake
1602088019000,4,awake
1602088319000,4,awake
1602144061000,4,awake
1602144361000,2,light
1602144661000,1,deep
1602144961000,2,light
1602145261000,1,deep
1602145561000,1,deep
1602145861000,1,deep
1602146161000,1,deep
1602146461000,1,deep
1602146761000,1,deep
1602147061000,1,deep
1602147361000,1,deep
1602147661000,2,light
1602147961000,2,light
1602148261000,2,light
1602148561000,2,light
1602148861000,1,deep
1602149161000,1,deep
1602149461000,1,deep
1602149761000,1,deep
1602150061000,2,light
1602150361000,1,deep
1602150661000,1,deep
1602150961000,1,deep
1602151261000,1,deep
1602151561000,1,deep
1602151861000,1,deep
1602152161000,1,deep
1602152461000,1,deep
1602152761000,4,awake
1602153061000,4,awake
1602153361000,3,REM
1602153661000,3,REM
1602153961000,2,light
1602154261000,2,light
1602154561000,2,light
1602154861000,2,light
1602155161000,2,light
1602155461000,2,light
1602155761000,2,light
1602156061000,2,light
1602156361000,2,light
1602156661000,1,deep
1602156961000,1,deep
1602157261000,1,deep
1602157561000,1,deep
1602157861000,1,deep
1602158161000,2,light
1602158461000,2,light
1602158761000,4,awake
1602159061000,4,awake
1602159361000,2,light
1602159661000,2,light
1602159961000,2,light
1602160261000,2,light
1602160561000,1,deep
1602160861000,1,deep
1602161161000,1,deep
1602161461000,1,deep
1602161761000,2,light
1602162061000,2,light
1602162361000,1,deep
1602162661000,2,light
1602162961000,2,light
1602163261000,2,light
1602163561000,3,REM
1602163861000,3,REM
1602164161000,3,REM
1602164461000,4,awake
1602164761000,3,REM
1602165061000,3,REM
1602165361000,2,light
1602165661000,2,light
1602165961000,2,light
1602166261000,2,light
1602166561000,2,light
1602166861000,2,light
1602167161000,2,light
1602167461000,2,light
1602167761000,2,light
1602168061000,2,light
1602168361000,3,REM
1602168661000,3,REM
1602168961000,3,REM
1602169261000,3,REM
1602169561000,3,REM
1602169861000,4,awake
1602170161000,4,awake
1602170461000,2,light
1602170761000,2,light
1602171061000,4,awake
1602171361000,4,awake
1602171661000,2,light
1602171961000,2,light
1602172261000,2,light
1602172561000,2,light
1602172861000,4,awake
1602231540000,4,awake
1602231840000,2,light
1602232140000,2,light
1602232440000,1,deep
1602232740000,1,deep
1602233040000,1,deep
1602233340000,1,deep
1602233640000,1,deep
1602233940000,1,deep
1602234240000,1,deep
1602234540000,1,deep
1602234840000,1,deep
1602235140000,2,light
1602235440000,2,light
1602235740000,2,light
1602236040000,1,deep
1602236340000,1,deep
1602236640000,1,deep
1602236940000,1,deep
1602237240000,1,deep
1602237540000,2,light
1602237840000,2,light
1602238140000,2,light
1602238440000,2,light
1602238740000,1,deep
1602239040000,1,deep
1602239340000,1,deep
1602239640000,1,deep
1602239940000,2,light
1602240240000,2,light
1602240540000,3,REM
1602240840000,3,REM
1602241140000,2,light
1602241440000,2,light
1602241740000,2,light
1602242040000,2,light
1602242340000,2,light
1602242640000,2,light
1602242940000,2,light
1602243240000,2,light
1602243540000,2,light
1602243840000,1,deep
1602244140000,1,deep
1602244440000,2,light
1602244740000,2,light
1602245040000,2,light
1602245340000,2,light
1602245640000,1,deep
1602245940000,1,deep
1602246240000,1,deep
1602246540000,3,REM
1602246840000,3,REM
1602247140000,3,REM
1602247440000,2,light
1602247740000,4,awake
1602248040000,4,awake
1602248340000,2,light
1602248640000,2,light
1602248940000,2,light
1602249240000,1,deep
1602249540000,2,light
1602249840000,2,light
1602250140000,2,light
1602250440000,2,light
1602250740000,4,awake
1602251040000,2,light
1602251340000,2,light
1602251640000,2,light
1602251940000,3,REM
1602252240000,3,REM
1602252540000,3,REM
1602252840000,4,awake
1602253140000,3,REM
1602253440000,4,awake
1602253740000,4,awake
1602254040000,4,awake
1602254340000,4,awake
1602254640000,4,awake
1602254940000,4,awake
1602255240000,4,awake
1602255540000,4,awake
1602255840000,4,awake
1602256140000,4,awake
1602256440000,4,awake
1602256740000,4,awake
1602257040000,4,awake
1602257340000,4,awake
1602322137000,4,awake
1602322437000,2,light
1602322737000,1,deep
1602323037000,1,deep
1602323337000,1,deep
1602323637000,1,deep
1602323937000,1,deep
1602324237000,1,deep
1602324537000,1,deep
1602324837000,1,deep
1602325137000,1,deep
1602325437000,1,deep
1602325737000,2,light
1602326037000,2,light
1602326337000,2,light
1602326637000,2,light
1602326937000,2,light
1602327237000,2,light
1602327537000,2,light
1602327837000,1,deep
1602328137000,1,deep
1602328437000,2,light
1602328737000,1,deep
1602329037000,1,deep
1602329337000,1,deep
1602329637000,1,deep
1602329937000,1,deep
1602330237000,3,REM
1602330537000,3,REM
1602330837000,2,light
1602331137000,2,light
1602331437000,2,light
1602331737000,2,light
1602332037000,1,deep
1602332337000,1,deep
1602332637000,1,deep
1602332937000,1,deep
1602333237000,1,deep
1602333537000,1,deep
1602333837000,2,light
1602334137000,2,light
1602334437000,1,deep
1602334737000,1,deep
1602335037000,1,deep
1602335337000,2,light
1602335637000,2,light
1602335937000,3,REM
1602336237000,3,REM
1602336537000,2,light
1602336837000,3,REM
1602337137000,3,REM
1602337437000,3,REM
1602337737000,3,REM
1602338037000,3,REM
1602338337000,2,light
1602338637000,1,deep
1602338937000,1,deep
1602339237000,1,deep
1602339537000,1,deep
1602339837000,2,light
1602340137000,2,light
1602340437000,2,light
1602340737000,2,light
1602341037000,1,deep
1602341337000,4,awake
1602341637000,4,awake
1602341937000,4,awake
1602342237000,4,awake
1602342537000,4,awake
1602342837000,4,awake
1602343137000,4,awake
1602343437000,4,awake
1602343737000,4,awake
1602344037000,4,awake
1602344337000,2,light
1602344637000,2,light
1602344937000,2,light
1602345237000,4,awake
1602345537000,2,light
1602345837000,2,light
1602346137000,4,awake
1602346437000,4,awake
1602346737000,4,awake
1602347037000,3,REM
1602347337000,2,light
1602347637000,2,light
1602347937000,2,light
1602348237000,2,light
1602348537000,3,REM
1602348837000,3,REM
1602349137000,3,REM
1602349437000,3,REM
1602349737000,2,light
1602350037000,2,light
1602350337000,2,light
1602350637000,2,light
1602350937000,2,light
1602351237000,2,light
1602351537000,1,deep
1602351837000,1,deep
1602352137000,1,deep
1602352437000,4,awake
1602352737000,3,REM
1602353037000,4,awake
1602353337000,4,awake
1602353637000,4,awake
1602353937000,2,light
1602354237000,4,awake
1602408840000,4,awake
1602409140000,4,awake
1602409440000,2,light
1602409740000,1,deep
1602410040000,1,deep
1602410340000,1,deep
1602410640000,1,deep
1602410940000,1,deep
1602411240000,1,deep
1602411540000,1,deep
1602411840000,1,deep
1602412140000,1,deep
1602412440000,1,deep
1602412740000,1,deep
1602413040000,1,deep
1602413340000,2,light
1602413640000,2,light
1602413940000,2,light
1602414240000,2,light
1602414540000,1,deep
1602414840000,2,light
1602415140000,1,deep
1602415440000,2,light
1602415740000,1,deep
1602416040000,2,light
1602416340000,2,light
1602416640000,1,deep
1602416940000,1,deep
1602417240000,1,deep
1602417540000,1,deep
1602417840000,1,deep
1602418140000,1,deep
1602418440000,2,light
1602418740000,2,light
1602419040000,2,light
1602419340000,2,light
1602419640000,2,light
1602419940000,2,light
1602420240000,2,light
1602420540000,2,light
1602420840000,1,deep
1602421140000,2,light
1602421440000,2,light
1602421740000,2,light
1602422040000,1,deep
1602422340000,1,deep
1602422640000,2,light
1602422940000,2,light
1602423240000,2,light
1602423540000,1,deep
1602423840000,1,deep
1602424140000,1,deep
1602424440000,1,deep
1602424740000,1,deep
1602425040000,3,REM
1602425340000,3,REM
1602425640000,3,REM
1602425940000,3,REM
1602426240000,4,awake
1602426540000,4,awake
1602426840000,3,REM
1602427140000,3,REM
1602427440000,2,light
1602427740000,2,light
1602428040000,2,light
1602428340000,1,deep
1602428640000,2,light
1602428940000,2,light
1602429240000,2,light
1602429540000,2,light
1602429840000,2,light
1602430140000,2,light
1602430440000,2,light
1602430740000,4,awake
1602431040000,4,awake
1602431340000,3,REM
1602431640000,3,REM
1602431940000,3,REM
1602432240000,3,REM
1602432540000,3,REM
1602432840000,3,REM
1602433140000,3,REM
1602433440000,3,REM
1602433740000,3,REM
1602434040000,2,light
1602434340000,2,light
1602434640000,2,light
1602434940000,2,light
1602435240000,2,light
1602435540000,2,light
1602435840000,2,light
1602436140000,3,REM
1602436440000,3,REM
1602436740000,3,REM
1602437040000,3,REM
1602437340000,3,REM
1602437640000,3,REM
1602437940000,3,REM
1602438240000,3,REM
1602438540000,3,REM
1602438840000,3,REM
1602439140000,2,light
1602439440000,2,light
1602439740000,2,light
1602440040000,1,deep
1602440340000,1,deep
1602440640000,4,awake
1602440940000,4,awake
1602441240000,2,light
1602441540000,2,light
1602441840000,4,awake
1602442140000,4,awake
1602442440000,4,awake
1602442740000,4,awake
1602443040000,4,awake
1602443340000,4,awake
1602443640000,4,awake
1602496500000,4,awake
1602496800000,2,light
1602497100000,2,light
1602497400000,2,light
1602497700000,1,deep
1602498000000,1,deep
1602498300000,1,deep
1602498600000,1,deep
1602498900000,1,deep
1602499200000,2,light
1602499500000,1,deep
1602499800000,1,deep
1602500100000,1,deep
1602500400000,1,deep
1602500700000,1,deep
1602501000000,1,deep
1602501300000,1,deep
1602501600000,1,deep
1602501900000,3,REM
1602502200000,1,deep
1602502500000,2,light
1602502800000,2,light
1602503100000,2,light
1602503400000,2,light
1602503700000,2,light
1602504000000,2,light
1602504300000,1,deep
1602504600000,1,deep
1602504900000,1,deep
1602505200000,1,deep
1602505500000,2,light
1602505800000,2,light
1602506100000,2,light
1602506400000,2,light
1602506700000,2,light
1602507000000,4,awake
1602507300000,3,REM
1602507600000,2,light
1602507900000,2,light
1602508200000,2,light
1602508500000,2,light
1602508800000,2,light
1602509100000,2,light
1602509400000,2,light
1602509700000,2,light
1602510000000,2,light
1602510300000,2,light
1602510600000,2,light
1602510900000,2,light
1602511200000,2,light
1602511500000,1,deep
1602511800000,4,awake
1602512100000,4,awake
1602512400000,3,REM
1602512700000,4,awake
1602513000000,4,awake
1602513300000,3,REM
1602513600000,2,light
1602513900000,2,light
1602514200000,2,light
1602514500000,2,light
1602514800000,2,light
1602515100000,2,light
1602515400000,2,light
1602515700000,2,light
1602516000000,2,light
1602516300000,4,awake
1602516600000,4,awake
1602516900000,2,light
1602517200000,4,awake
1602517500000,4,awake
1602517800000,4,awake
1602518100000,2,light
1602518400000,2,light
1602518700000,4,awake
1602519000000,4,awake
1602519300000,4,awake
1602519600000,4,awake
1602519900000,4,awake
1602520200000,2,light
1602520500000,2,light
1602520800000,4,awake
1602521100000,4,awake
1602521400000,2,light
1602521700000,2,light
1602522000000,4,awake
1602522300000,4,awake
1602575160000,4,awake
1602575460000,4,awake
1602575760000,1,deep
1602576060000,1,deep
1602576360000,2,light
1602576660000,2,light
1602576960000,2,light
1602577260000,2,light
1602577560000,1,deep
1602577860000,1,deep
1602578160000,1,deep
1602578460000,2,light
1602578760000,1,deep
1602579060000,1,deep
1602579360000,2,light
1602579660000,1,deep
1602579960000,1,deep
1602580260000,1,deep
1602580560000,1,deep
1602580860000,1,deep
1602581160000,1,deep
1602581460000,1,deep
1602581760000,1,deep
1602582060000,2,light
1602582360000,2,light
1602582660000,2,light
1602582960000,2,light
1602583260000,2,light
1602583560000,2,light
1602583860000,3,REM
1602584160000,3,REM
1602584460000,3,REM
1602584760000,2,light
1602585060000,2,light
1602585360000,2,light
1602585660000,2,light
1602585960000,1,deep
1602586260000,1,deep
1602586560000,1,deep
1602586860000,2,light
1602587160000,2,light
1602587460000,1,deep
1602587760000,1,deep
1602588060000,1,deep
1602588360000,2,light
1602588660000,2,light
1602588960000,2,light
1602589260000,2,light
1602589560000,3,REM
1602589860000,4,awake
1602590160000,3,REM
1602590460000,3,REM
1602590760000,2,light
1602591060000,4,awake
1602591360000,4,awake
1602665007000,4,awake
1602665307000,2,light
1602665607000,1,deep
1602665907000,1,deep
1602666207000,1,deep
1602666507000,2,light
1602666807000,1,deep
1602667107000,1,deep
1602667407000,1,deep
1602667707000,1,deep
1602668007000,1,deep
1602668307000,1,deep
1602668607000,1,deep
1602668907000,1,deep
1602669207000,1,deep
1602669507000,1,deep
1602669807000,1,deep
1602670107000,3,REM
1602670407000,3,REM
1602670707000,2,light
1602671007000,2,light
1602671307000,2,light
1602671607000,1,deep
1602671907000,1,deep
1602672207000,1,deep
1602672507000,1,deep
1602672807000,1,deep
1602673107000,1,deep
1602673407000,1,deep
1602673707000,1,deep
1602674007000,1,deep
1602674307000,1,deep
1602674607000,4,awake
1602674907000,2,light
1602675207000,3,REM
1602675507000,3,REM
1602675807000,2,light
1602676107000,2,light
1602676407000,2,light
1602676707000,2,light
1602677007000,2,light
1602677307000,2,light
1602677607000,2,light
1602677907000,2,light
1602678207000,2,light
1602678507000,1,deep
1602678807000,1,deep
1602679107000,1,deep
1602679407000,4,awake
1602679707000,3,REM
1602680007000,3,REM
1602680307000,3,REM
1602680607000,3,REM
1602680907000,3,REM
1602681207000,2,light
1602681507000,2,light
1602681807000,2,light
1602682107000,4,awake
1602682407000,4,awake
1602682707000,2,light
1602683007000,2,light
1602683307000,2,light
1602683607000,2,light
1602683907000,2,light
1602684207000,1,deep
1602684507000,2,light
1602684807000,3,REM
1602685107000,3,REM
1602685407000,3,REM
1602685707000,3,REM
1602686007000,4,awake
1602686307000,4,awake
1602686607000,2,light
1602686907000,2,light
1602687207000,2,light
1602687507000,1,deep
1602687807000,1,deep
1602688107000,4,awake
1602688407000,3,REM
1602688707000,3,REM
1602689007000,3,REM
1602689307000,3,REM
1602689607000,3,REM
1602689907000,3,REM
1602690207000,3,REM
1602690507000,3,REM
1602690807000,2,light
1602691107000,2,light
1602691407000,3,REM
1602691707000,2,light
1602692007000,2,light
1602692307000,2,light
1602692607000,2,light
1602692907000,4,awake
1602750869000,4,awake
1602751169000,4,awake
1602751469000,2,light
1602751769000,1,deep
1602752069000,1,deep
1602752369000,1,deep
1602752669000,1,deep
1602752969000,1,deep
1602753269000,2,light
1602753569000,2,light
1602753869000,1,deep
1602754169000,1,deep
1602754469000,4,awake
1602754769000,3,REM
1602755069000,2,light
1602755369000,1,deep
1602755669000,1,deep
1602755969000,1,deep
1602756269000,2,light
1602756569000,2,light
1602756869000,1,deep
1602757169000,1,deep
1602757469000,1,deep
1602757769000,2,light
1602758069000,2,light
1602758369000,4,awake
1602758669000,4,awake
1602758969000,2,light
1602759269000,1,deep
1602759569000,1,deep
1602759869000,1,deep
1602760169000,2,light
1602760469000,3,REM
1602760769000,3,REM
1602761069000,2,light
1602761369000,2,light
1602761669000,2,light
1602761969000,2,light
1602762269000,1,deep
1602762569000,1,deep
1602762869000,1,deep
1602763169000,2,light
1602763469000,1,deep
1602763769000,1,deep
1602764069000,1,deep
1602764369000,2,light
1602764669000,2,light
1602764969000,2,light
1602765269000,1,deep
1602765569000,2,light
1602765869000,2,light
1602766169000,2,light
1602766469000,3,REM
1602766769000,3,REM
1602767069000,4,awake
1602767369000,2,light
1602767669000,2,light
1602767969000,2,light
1602768269000,2,light
1602768569000,2,light
1602768869000,2,light
1602769169000,2,light
1602769469000,4,awake
1602769769000,2,light
1602770069000,2,light
1602770369000,2,light
1602770669000,2,light
1602770969000,4,awake
1602771269000,4,awake
1602837389000,2,light
1602837689000,2,light
1602837989000,1,deep
1602838289000,1,deep
1602838589000,1,deep
1602838889000,1,deep
1602839189000,1,deep
1602839489000,1,deep
1602839789000,1,deep
1602840089000,2,light
1602840389000,1,deep
1602840689000,2,light
1602840989000,2,light
1602841289000,2,light
1602841589000,3,REM
1602841889000,4,awake
1602842189000,4,awake
1602842489000,2,light
1602842789000,1,deep
1602843089000,1,deep
1602843389000,2,light
1602843689000,2,light
1602843989000,1,deep
1602844289000,1,deep
1602844589000,1,deep
1602844889000,1,deep
1602845189000,2,light
1602845489000,1,deep
1602845789000,1,deep
1602846089000,1,deep
1602846389000,1,deep
1602846689000,1,deep
1602846989000,3,REM
1602847289000,3,REM
1602847589000,3,REM
1602847889000,2,light
1602848189000,2,light
1602848489000,2,light
1602848789000,2,light
1602849089000,2,light
1602849389000,2,light
1602849689000,2,light
1602849989000,1,deep
1602850289000,1,deep
1602850589000,1,deep
1602850889000,1,deep
1602851189000,2,light
1602851489000,1,deep
1602851789000,2,light
1602852089000,2,light
1602852389000,2,light
1602852689000,2,light
1602852989000,3,REM
1602853289000,4,awake
1602853589000,4,awake
1602853889000,4,awake
1602854189000,2,light
1602854489000,2,light
1602854789000,2,light
1602855089000,2,light
1602855389000,2,light
1602855689000,2,light
1602855989000,2,light
1602856289000,2,light
1602856589000,4,awake
1602856889000,4,awake
1602857189000,4,awake
1602857489000,4,awake
1602857789000,2,light
1602858089000,4,awake
1602858389000,4,awake
1602858689000,2,light
1602858989000,2,light
1602859289000,2,light
1602859589000,2,light
1602859889000,4,awake
1602860189000,2,light
1602860489000,4,awake
1602860789000,4,awake
1602861089000,4,awake
1602861389000,4,awake
1602924332000,4,awake
1602924632000,1,deep
1602924932000,1,deep
1602925232000,1,deep
1602925532000,1,deep
1602925832000,1,deep
1602926132000,1,deep
1602926432000,1,deep
1602926732000,1,deep
1602927032000,1,deep
1602927332000,1,deep
1602927632000,1,deep
1602927932000,1,deep
1602928232000,1,deep
1602928532000,2,light
1602928832000,2,light
1602929132000,2,light
1602929432000,1,deep
1602929732000,1,deep
1602930032000,1,deep
1602930332000,1,deep
1602930632000,2,light
1602930932000,2,light
1602931232000,4,awake
1602931532000,2,light
1602931832000,2,light
1602932132000,2,light
1602932432000,1,deep
1602932732000,1,deep
1602933032000,2,light
1602933332000,2,light
1602933632000,2,light
1602933932000,1,deep
1602934232000,3,REM
1602934532000,2,light
1602934832000,1,deep
1602935132000,1,deep
1602935432000,2,light
1602935732000,2,light
1602936032000,2,light
1602936332000,2,light
1602936632000,2,light
1602936932000,2,light
1602937232000,2,light
1602937532000,1,deep
1602937832000,2,light
1602938132000,2,light
1602938432000,1,deep
1602938732000,1,deep
1602939032000,1,deep
1602939332000,1,deep
1602939632000,1,deep
1602939932000,1,deep
1602940232000,3,REM
1602940532000,3,REM
1602940832000,3,REM
1602941132000,4,awake
1602941432000,4,awake
1602941732000,2,light
1602942032000,2,light
1602942332000,2,light
1602942632000,2,light
1602942932000,2,light
1602943232000,2,light
1602943532000,1,deep
1602943832000,1,deep
1602944132000,1,deep
1602944432000,2,light
1602944732000,2,light
1602945032000,3,REM
1602945332000,3,REM
1602945632000,3,REM
1602945932000,2,light
1602946232000,2,light
1602946532000,2,light
1602946832000,2,light
1602947132000,2,light
1602947432000,2,light
1602947732000,2,light
1602948032000,2,light
1602948332000,2,light
1602948632000,2,light
1602948932000,2,light
1602949232000,4,awake
1602949532000,2,light
1602949832000,2,light
1602950132000,3,REM
1602950432000,3,REM
1602950732000,2,light
1602951032000,3,REM
1602951332000,4,awake
1602951632000,4,awake
1602951932000,3,REM
1602952232000,3,REM
1602952532000,4,awake
1602952832000,4,awake
1602953132000,2,light
1602953432000,2,light
1602953732000,2,light
1602954032000,2,light
1602954332000,2,light
1602954632000,2,light
1602954932000,1,deep
1602955232000,4,awake
1602955532000,3,REM
1602955832000,3,REM
1602956132000,3,REM
1602956432000,3,REM
1602956732000,4,awake
1602957032000,2,light
1602957332000,2,light
1602957632000,2,light
1602957932000,2,light
1602958232000,2,light
1602958532000,1,deep
1602958832000,1,deep
1602959132000,3,REM
1602959432000,3,REM
1602959732000,3,REM
1602960032000,4,awake
1602960332000,4,awake
1602960632000,2,light
1602960932000,2,light
1602961232000,4,awake
1602961532000,4,awake
1602961832000,4,awake
1602962132000,4,awake
1602962432000,4,awake
1602962732000,4,awake
1602963032000,4,awake
1602963332000,4,awake
1602963632000,4,awake
1603019851000,4,awake
1603020151000,2,light
1603020451000,1,deep
1603020751000,1,deep
1603021051000,1,deep
1603021351000,1,deep
1603021651000,1,deep
1603021951000,1,deep
1603022251000,1,deep
1603022551000,1,deep
1603022851000,1,deep
1603023151000,2,light
1603023451000,1,deep
1603023751000,1,deep
1603024051000,1,deep
1603024351000,1,deep
1603024651000,1,deep
1603024951000,2,light
1603025251000,2,light
1603025551000,1,deep
1603025851000,1,deep
1603026151000,1,deep
1603026451000,1,deep
1603026751000,1,deep
1603027051000,1,deep
1603027351000,1,deep
1603027651000,1,deep
1603027951000,4,awake
1603028251000,4,awake
1603028551000,2,light
1603028851000,1,deep
1603029151000,1,deep
1603029451000,2,light
1603029751000,3,REM
1603030051000,3,REM
1603030351000,2,light
1603030651000,2,light
1603030951000,2,light
1603031251000,2,light
1603031551000,1,deep
1603031851000,1,deep
1603032151000,1,deep
1603032451000,1,deep
1603032751000,1,deep
1603033051000,2,light
1603033351000,2,light
1603033651000,3,REM
1603033951000,3,REM
1603034251000,4,awake
1603034551000,4,awake
1603034851000,2,light
1603035151000,2,light
1603035451000,2,light
1603035751000,2,light
1603036051000,2,light
1603036351000,2,light
1603036651000,2,light
1603036951000,2,light
1603037251000,2,light
1603037551000,2,light
1603037851000,2,light
1603038151000,2,light
1603038451000,1,deep
1603038751000,1,deep
1603039051000,1,deep
1603039351000,4,awake
1603039651000,4,awake
1603039951000,2,light
1603040251000,3,REM
1603040551000,3,REM
1603040851000,2,light
1603041151000,3,REM
1603041451000,3,REM
1603041751000,4,awake
1603042051000,4,awake
1603042351000,4,awake
1603042651000,4,awake
1603042951000,2,light
1603043251000,2,light
1603043551000,4,awake
1603043851000,2,light
1603044151000,3,REM
1603044451000,3,REM
1603044751000,4,awake
1603045051000,4,awake
1603045351000,3,REM
1603045651000,3,REM
1603045951000,4,awake
1603046251000,4,awake
1603046551000,3,REM
1603046851000,3,REM
1603047151000,3,REM
1603047451000,4,awake
1603047751000,4,awake
1603101391000,4,awake
1603101691000,2,light
1603101991000,1,deep
1603102291000,1,deep
1603102591000,1,deep
1603102891000,1,deep
1603103191000,1,deep
1603103491000,1,deep
1603103791000,1,deep
1603104091000,1,deep
1603104391000,1,deep
1603104691000,2,light
1603104991000,2,light
1603105291000,2,light
1603105591000,2,light
1603105891000,2,light
1603106191000,1,deep
1603106491000,1,deep
1603106791000,1,deep
1603107091000,1,deep
1603107391000,2,light
1603107691000,1,deep
1603107991000,2,light
1603108291000,2,light
1603108591000,2,light
1603108891000,2,light
1603109191000,2,light
1603109491000,2,light
1603109791000,2,light
1603110091000,2,light
1603110391000,2,light
1603110691000,1,deep
1603110991000,1,deep
1603111291000,2,light
1603111591000,1,deep
1603111891000,1,deep
1603112191000,1,deep
1603112491000,1,deep
1603112791000,2,light
1603113091000,2,light
1603113391000,1,deep
1603113691000,1,deep
1603113991000,1,deep
1603114291000,2,light
1603114591000,2,light
1603114891000,4,awake
1603115191000,4,awake
1603115491000,2,light
1603115791000,2,light
1603116091000,2,light
1603116391000,2,light
1603116691000,2,light
1603116991000,4,awake
1603117291000,3,REM
1603117591000,3,REM
1603117891000,3,REM
1603118191000,4,awake
1603118491000,4,awake
1603118791000,4,awake
1603119091000,2,light
1603119391000,2,light
1603119691000,1,deep
1603119991000,1,deep
1603120291000,1,deep
1603120591000,4,awake
1603120891000,2,light
1603121191000,2,light
1603121491000,2,light
1603121791000,4,awake
1603122091000,4,awake
1603122391000,3,REM
1603122691000,3,REM
1603122991000,3,REM
1603123291000,4,awake
1603123591000,4,awake
1603174382000,4,awake
1603174682000,2,light
1603174982000,1,deep
1603175282000,1,deep
1603175582000,1,deep
1603175882000,1,deep
1603176182000,1,deep
1603176482000,1,deep
1603176782000,1,deep
1603177082000,1,deep
1603177382000,4,awake
1603177682000,2,light
1603177982000,2,light
1603178282000,2,light
1603178582000,2,light
1603178882000,2,light
1603179182000,1,deep
1603179482000,1,deep
1603179782000,4,awake
1603180082000,2,light
1603180382000,2,light
1603180682000,1,deep
1603180982000,4,awake
1603181282000,4,awake
1603181582000,2,light
1603181882000,2,light
1603182182000,1,deep
1603182482000,4,awake
1603182782000,4,awake
1603183082000,4,awake
1603183382000,2,light
1603183682000,1,deep
1603183982000,1,deep
1603184282000,1,deep
1603184582000,2,light
1603184882000,1,deep
1603185182000,1,deep
1603185482000,2,light
1603185782000,3,REM
1603186082000,3,REM
1603186382000,3,REM
1603186682000,3,REM
1603186982000,2,light
1603187282000,2,light
1603187582000,2,light
1603187882000,2,light
1603188182000,1,deep
1603188482000,1,deep
1603188782000,1,deep
1603189082000,2,light
1603189382000,2,light
1603189682000,1,deep
1603189982000,2,light
1603190282000,2,light
1603190582000,2,light
1603190882000,2,light
1603191182000,2,light
1603191482000,1,deep
1603191782000,1,deep
1603192082000,1,deep
1603192382000,3,REM
1603192682000,3,REM
1603192982000,2,light
1603193282000,2,light
1603193582000,3,REM
1603193882000,3,REM
1603194182000,3,REM
1603194482000,3,REM
1603194782000,2,light
1603195082000,2,light
1603195382000,2,light
1603195682000,2,light
1603195982000,2,light
1603196282000,4,awake
1603196582000,4,awake
1603196882000,4,awake
1603258653000,4,awake
1603258953000,2,light
1603259253000,1,deep
1603259553000,1,deep
1603259853000,1,deep
1603260153000,1,deep
1603260453000,1,deep
1603260753000,1,deep
1603261053000,1,deep
1603261353000,1,deep
1603261653000,1,deep
1603261953000,1,deep
1603262253000,4,awake
1603262553000,4,awake
1603262853000,2,light
1603263153000,2,light
1603263453000,2,light
1603263753000,2,light
1603264053000,1,deep
1603264353000,1,deep
1603264653000,1,deep
1603264953000,1,deep
1603265253000,1,deep
1603265553000,1,deep
1603265853000,1,deep
1603266153000,2,light
1603266453000,2,light
1603266753000,1,deep
1603267053000,1,deep
1603267353000,1,deep
1603267653000,2,light
1603267953000,2,light
1603268253000,3,REM
1603268553000,3,REM
1603268853000,3,REM
1603269153000,3,REM
1603269453000,4,awake
1603269753000,2,light
1603270053000,2,light
1603270353000,2,light
1603270653000,2,light
1603270953000,2,light
1603271253000,2,light
1603271553000,1,deep
1603271853000,2,light
1603272153000,1,deep
1603272453000,1,deep
1603272753000,4,awake
1603273053000,2,light
1603273353000,2,light
1603273653000,2,light
1603273953000,1,deep
1603274253000,1,deep
1603274553000,2,light
1603274853000,2,light
1603275153000,2,light
1603275453000,2,light
1603275753000,2,light
1603276053000,2,light
1603276353000,2,light
1603276653000,2,light
1603276953000,2,light
1603277253000,2,light
1603277553000,2,light
1603277853000,1,deep
1603278153000,2,light
1603278453000,2,light
1603278753000,2,light
1603279053000,2,light
1603279353000,2,light
1603279653000,2,light
1603279953000,2,light
1603280253000,2,light
1603280553000,2,light
1603280853000,3,REM
1603281153000,3,REM
1603281453000,3,REM
1603281753000,3,REM
1603282053000,3,REM
1603282353000,4,awake
1603282653000,2,light
1603282953000,2,light
1603283253000,2,light
1603283553000,2,light
1603283853000,2,light
1603284153000,2,light
1603284453000,2,light
1603284753000,2,light
1603285053000,3,REM
1603285353000,2,light
1603285653000,2,light
1603285953000,2,light
1603286253000,2,light
1603286553000,3,REM
1603286853000,3,REM
1603287153000,3,REM
1603287453000,3,REM
1603287753000,3,REM
1603288053000,3,REM
1603288353000,3,REM
1603288653000,3,REM
1603288953000,3,REM
1603289253000,3,REM
1603289553000,2,light
1603289853000,2,light
1603290153000,2,light
1603290453000,1,deep
1603290753000,1,deep
1603291053000,2,light
1603291353000,1,deep
1603291653000,2,light
1603291953000,2,light
1603292253000,2,light
1603292553000,2,light
1603292853000,2,light
1603293153000,2,light
1603293453000,2,light
1603293753000,3,REM
1603294053000,3,REM
1603294353000,3,REM
1603294653000,3,REM
1603294953000,3,REM
1603295253000,3,REM
1603295553000,3,REM
1603295853000,2,light
1603296153000,2,light
1603296453000,2,light
1603296753000,2,light
1603297053000,3,REM
1603297353000,3,REM
1603297653000,4,awake
1603297953000,4,awake
1603298253000,4,awake
1603368927000,4,awake
1603369227000,2,light
1603369527000,1,deep
1603369827000,2,light
1603370127000,1,deep
1603370427000,1,deep
1603370727000,1,deep
1603371027000,1,deep
1603371327000,1,deep
1603371627000,1,deep
1603371927000,2,light
1603372227000,2,light
1603372527000,2,light
1603372827000,2,light
1603373127000,1,deep
1603373427000,1,deep
1603373727000,1,deep
1603374027000,1,deep
1603374327000,1,deep
1603374627000,1,deep
1603374927000,2,light
1603375227000,1,deep
1603375527000,1,deep
1603375827000,1,deep
1603376127000,1,deep
1603376427000,4,awake
1603376727000,4,awake
1603377027000,3,REM
1603377327000,2,light
1603377627000,2,light
1603377927000,2,light
1603378227000,3,REM
1603378527000,3,REM
1603378827000,3,REM
1603379127000,3,REM
1603379427000,2,light
1603379727000,2,light
1603380027000,1,deep
1603380327000,1,deep
1603380627000,1,deep
1603380927000,2,light
1603381227000,2,light
1603381527000,2,light
1603381827000,2,light
1603382127000,4,awake
1603382427000,4,awake
1603382727000,4,awake
1603383027000,4,awake
1603383327000,4,awake
1603383627000,4,awake
1603383927000,4,awake
1603384227000,4,awake
1603441049000,4,awake
1603441349000,2,light
1603441649000,2,light
1603441949000,1,deep
1603442249000,1,deep
1603442549000,1,deep
1603442849000,1,deep
1603443149000,1,deep
1603443449000,1,deep
1603443749000,1,deep
1603444049000,1,deep
1603444349000,1,deep
1603444649000,1,deep
1603444949000,1,deep
1603445249000,1,deep
1603445549000,1,deep
1603445849000,1,deep
1603446149000,1,deep
1603446449000,1,deep
1603446749000,2,light
1603447049000,2,light
1603447349000,1,deep
1603447649000,1,deep
1603447949000,2,light
1603448249000,1,deep
1603448549000,1,deep
1603448849000,2,light
1603449149000,2,light
1603449449000,2,light
1603449749000,2,light
1603450049000,2,light
1603450349000,1,deep
1603450649000,1,deep
1603450949000,1,deep
1603451249000,1,deep
1603451549000,1,deep
1603451849000,2,light
1603452149000,2,light
1603452449000,1,deep
1603452749000,2,light
1603453049000,1,deep
1603453349000,2,light
1603453649000,2,light
1603453949000,2,light
1603454249000,3,REM
1603454549000,3,REM
1603454849000,3,REM
1603455149000,3,REM
1603455449000,2,light
1603455749000,2,light
1603456049000,2,light
1603456349000,2,light
1603456649000,1,deep
1603456949000,1,deep
1603457249000,1,deep
1603457549000,1,deep
1603457849000,1,deep
1603458149000,2,light
1603458449000,1,deep
1603458749000,1,deep
1603459049000,1,deep
1603459349000,2,light
1603459649000,2,light
1603459949000,3,REM
1603460249000,3,REM
1603460549000,3,REM
1603460849000,3,REM
1603461149000,3,REM
1603461449000,3,REM
1603461749000,2,light
1603462049000,2,light
1603462349000,2,light
1603462649000,3,REM
1603462949000,2,light
1603463249000,4,awake
1603463549000,4,awake
1603463849000,4,awake
1603464149000,4,awake
1603464449000,4,awake
1603464749000,4,awake
1603465049000,4,awake
1603465349000,4,awake
1603465649000,4,awake
1603533451000,4,awake
1603533751000,2,light
1603534051000,1,deep
1603534351000,1,deep
1603534651000,1,deep
1603534951000,1,deep
1603535251000,1,deep
1603535551000,1,deep
1603535851000,2,light
1603536151000,1,deep
1603536451000,1,deep
1603536751000,1,deep
1603537051000,1,deep
1603537351000,4,awake
1603537651000,4,awake
1603537951000,3,REM
1603538251000,3,REM
1603538551000,2,light
1603538851000,2,light
1603539151000,1,deep
1603539451000,1,deep
1603539751000,2,light
1603540051000,1,deep
1603540351000,1,deep
1603540651000,1,deep
1603540951000,2,light
1603541251000,2,light
1603541551000,1,deep
1603541851000,1,deep
1603542151000,2,light
1603542451000,2,light
1603542751000,1,deep
1603543051000,1,deep
1603543351000,3,REM
1603543651000,2,light
1603543951000,2,light
1603544251000,2,light
1603544551000,2,light
1603544851000,2,light
1603545151000,1,deep
1603545451000,1,deep
1603545751000,1,deep
1603546051000,1,deep
1603546351000,1,deep
1603546651000,2,light
1603546951000,2,light
1603547251000,1,deep
1603547551000,2,light
1603547851000,2,light
1603548151000,2,light
1603548451000,3,REM
1603548751000,4,awake
1603549051000,2,light
1603549351000,2,light
1603549651000,2,light
1603549951000,2,light
1603550251000,2,light
1603550551000,2,light
1603550851000,2,light
1603551151000,2,light
1603551451000,2,light
1603551751000,2,light
1603552051000,4,awake
1603552351000,2,light
1603552651000,2,light
1603552951000,2,light
1603553251000,2,light
1603553551000,2,light
1603553851000,2,light
1603554151000,2,light
1603554451000,2,light
1603554751000,2,light
1603555051000,1,deep
1603555351000,2,light
1603555651000,2,light
1603555951000,2,light
1603556251000,2,light
1603556551000,2,light
1603556851000,3,REM
1603557151000,3,REM
1603557451000,3,REM
1603557751000,3,REM
1603558051000,3,REM
1603558351000,4,awake
1603558651000,3,REM
1603558951000,3,REM
1603559251000,3,REM
1603559551000,2,light
1603559851000,2,light
1603560151000,2,light
1603560451000,1,deep
1603560751000,2,light
1603561051000,2,light
1603561351000,2,light
1603561651000,2,light
1603561951000,1,deep
1603562251000,1,deep
1603562551000,4,awake
1603562851000,3,REM
1603563151000,3,REM
1603563451000,4,awake
1603563751000,4,awake
1603564051000,4,awake
1603564351000,4,awake
1603564651000,4,awake
1603564951000,4,awake
1603565251000,2,light
1603565551000,2,light
1603565851000,2,light
1603566151000,4,awake
1603566451000,4,awake
1603566751000,4,awake
1603567051000,2,light
1603567351000,4,awake
1603567651000,4,awake
1603567951000,4,awake
1603568251000,4,awake
1603568551000,4,awake
1603568851000,4,awake
1603616491000,4,awake
1603616791000,2,light
1603617091000,1,deep
1603617391000,1,deep
1603617691000,1,deep
1603617991000,1,deep
1603618291000,1,deep
1603618591000,1,deep
1603618891000,1,deep
1603619191000,1,deep
1603619491000,1,deep
1603619791000,1,deep
1603620091000,1,deep
1603620391000,2,light
1603620691000,1,deep
1603620991000,1,deep
1603621291000,2,light
1603621591000,1,deep
1603621891000,1,deep
1603622191000,1,deep
1603622491000,1,deep
1603622791000,1,deep
1603623091000,1,deep
1603623391000,1,deep
1603623691000,1,deep
1603623991000,1,deep
1603624291000,4,awake
1603624591000,4,awake
1603624891000,2,light
1603625191000,2,light
1603625491000,3,REM
1603625791000,2,light
1603626091000,2,light
1603626391000,2,light
1603626691000,2,light
1603626991000,1,deep
1603627291000,1,deep
1603627591000,1,deep
1603627891000,1,deep
1603628191000,2,light
1603628491000,2,light
1603628791000,2,light
1603629091000,2,light
1603629391000,2,light
1603629691000,2,light
1603629991000,1,deep
1603630291000,1,deep
1603630591000,2,light
1603630891000,1,deep
1603631191000,3,REM
1603631491000,3,REM
1603631791000,3,REM
1603632091000,3,REM
1603632391000,2,light
1603632691000,2,light
1603632991000,2,light
1603633291000,1,deep
1603633591000,2,light
1603633891000,2,light
1603634191000,1,deep
1603634491000,1,deep
1603634791000,1,deep
1603635091000,2,light
1603635391000,1,deep
1603635691000,2,light
1603635991000,2,light
1603636291000,1,deep
1603636591000,1,deep
1603636891000,3,REM
1603637191000,3,REM
1603637491000,2,light
1603637791000,2,light
1603638091000,3,REM
1603638391000,3,REM
1603638691000,3,REM
1603638991000,3,REM
1603639291000,3,REM
1603639591000,3,REM
1603639891000,3,REM
1603640191000,2,light
1603640491000,2,light
1603640791000,4,awake
1603641091000,4,awake
1603641391000,2,light
1603641691000,2,light
1603641991000,2,light
1603642291000,2,light
1603642591000,2,light
1603642891000,2,light
1603643191000,3,REM
1603643491000,3,REM
1603643791000,3,REM
1603644091000,3,REM
1603644391000,3,REM
1603644691000,3,REM
1603644991000,4,awake
1603645291000,3,REM
1603645591000,3,REM
1603645891000,3,REM
1603646191000,3,REM
1603646491000,3,REM
1603646791000,3,REM
1603647091000,4,awake
1603647391000,4,awake
1603647691000,4,awake
1603647991000,4,awake
1603648291000,2,light
1603648591000,2,light
1603648891000,2,light
1603649191000,2,light
1603649491000,2,light
1603649791000,3,REM
1603650091000,3,REM
1603650391000,2,light
1603650691000,2,light
1603650991000,2,light
1603651291000,3,REM
1603651591000,3,REM
1603651891000,3,REM
1603652191000,3,REM
1603652491000,4,awake
1603652791000,4,awake
1603653091000,4,awake
1603653391000,4,awake
1603653691000,2,light
1603653991000,2,light
1603654291000,2,light
1603654591000,2,light
1603654891000,2,light
1603655191000,2,light
1603655491000,3,REM
1603655791000,2,light
1603656091000,4,awake
1603656391000,4,awake
1603706972000,4,awake
1603707272000,2,light
1603707572000,2,light
1603707872000,1,deep
1603708172000,1,deep
1603708472000,1,deep
1603708772000,1,deep
1603709072000,1,deep
1603709372000,1,deep
1603709672000,1,deep
1603709972000,1,deep
1603710272000,1,deep
1603710572000,1,deep
1603710872000,1,deep
1603711172000,2,light
1603711472000,1,deep
1603711772000,2,light
1603712072000,2,light
1603712372000,1,deep
1603712672000,1,deep
1603712972000,1,deep
1603713272000,2,light
1603713572000,1,deep
1603713872000,2,light
1603714172000,2,light
1603714472000,1,deep
1603714772000,1,deep
1603715072000,2,light
1603715372000,2,light
1603715672000,2,light
1603715972000,2,light
1603716272000,2,light
1603716572000,3,REM
1603716872000,3,REM
1603717172000,3,REM
1603717472000,3,REM
1603717772000,3,REM
1603718072000,3,REM
1603718372000,3,REM
1603718672000,3,REM
1603718972000,2,light
1603719272000,2,light
1603719572000,2,light
1603719872000,2,light
1603720172000,1,deep
1603720472000,1,deep
1603720772000,2,light
1603721072000,2,light
1603721372000,1,deep
1603721672000,2,light
1603721972000,2,light
1603722272000,1,deep
1603722572000,2,light
1603722872000,2,light
1603723172000,2,light
1603723472000,2,light
1603723772000,2,light
1603724072000,1,deep
1603724372000,3,REM
1603724672000,3,REM
1603724972000,3,REM
1603725272000,3,REM
1603725572000,3,REM
1603725872000,4,awake
1603726172000,2,light
1603726472000,2,light
1603726772000,2,light
1603727072000,4,awake
1603727372000,4,awake
1603727672000,2,light
1603727972000,2,light
1603728272000,2,light
1603728572000,2,light
1603728872000,2,light
1603729172000,1,deep
1603729472000,4,awake
1603729772000,4,awake
1603730072000,4,awake
1603730372000,4,awake
1603785720000,4,awake
1603786020000,2,light
1603786320000,2,light
1603786620000,2,light
1603786920000,1,deep
1603787220000,2,light
1603787520000,1,deep
1603787820000,1,deep
1603788120000,2,light
1603788420000,2,light
1603788720000,1,deep
1603789020000,1,deep
1603789320000,1,deep
1603789620000,1,deep
1603789920000,1,deep
1603790220000,4,awake
1603790520000,4,awake
1603790820000,2,light
1603791120000,2,light
1603791420000,2,light
1603791720000,2,light
1603792020000,2,light
1603792320000,2,light
1603792620000,1,deep
1603792920000,2,light
1603793220000,2,light
1603793520000,2,light
1603793820000,1,deep
1603794120000,1,deep
1603794420000,1,deep
1603794720000,1,deep
1603795020000,1,deep
1603795320000,1,deep
1603795620000,1,deep
1603795920000,2,light
1603796220000,3,REM
1603796520000,3,REM
1603796820000,4,awake
1603797120000,2,light
1603797420000,2,light
1603797720000,2,light
1603798020000,2,light
1603798320000,2,light
1603798620000,2,light
1603798920000,1,deep
1603799220000,1,deep
1603799520000,1,deep
1603799820000,2,light
1603800120000,2,light
1603800420000,2,light
1603800720000,2,light
1603801020000,2,light
1603801320000,2,light
1603801620000,2,light
1603801920000,1,deep
1603802220000,2,light
1603802520000,2,light
1603802820000,2,light
1603803120000,4,awake
1603803420000,4,awake
1603803720000,3,REM
1603804020000,2,light
1603804320000,3,REM
1603804620000,4,awake
1603804920000,2,light
1603805220000,2,light
1603805520000,2,light
1603805820000,2,light
1603806120000,2,light
1603806420000,2,light
1603806720000,2,light
1603807020000,2,light
1603807320000,2,light
1603807620000,2,light
1603807920000,2,light
1603808220000,2,light
1603808520000,2,light
1603808820000,2,light
1603809120000,3,REM
1603809420000,4,awake
1603809720000,4,awake
1603810020000,4,awake
1603810320000,4,awake
1603810620000,3,REM
1603810920000,3,REM
1603811220000,2,light
1603811520000,2,light
1603811820000,2,light
1603812120000,2,light
1603812420000,2,light
1603812720000,1,deep
1603813020000,4,awake
1603813320000,3,REM
1603813620000,2,light
1603813920000,2,light
1603814220000,2,light
1603814520000,2,light
1603814820000,3,REM
1603815120000,3,REM
1603815420000,3,REM
1603815720000,3,REM
1603816020000,4,awake
1603816320000,2,light
1603816620000,4,awake
1603816920000,4,awake
1603817220000,4,awake
1603817520000,4,awake
1603817820000,2,light
1603818120000,4,awake
1603818420000,4,awake
1603818720000,4,awake
1603819020000,4,awake
1603873860000,4,awake
1603874160000,4,awake
1603874460000,4,awake
1603874760000,4,awake
1603875060000,4,awake
1603875360000,2,light
1603875660000,2,light
1603875960000,1,deep
1603876260000,2,light
1603876560000,2,light
1603876860000,2,light
1603877160000,2,light
1603877460000,1,deep
1603877760000,1,deep
1603878060000,1,deep
1603878360000,4,awake
1603878660000,4,awake
1603878960000,2,light
1603879260000,2,light
1603879560000,2,light
1603879860000,1,deep
1603880160000,1,deep
1603880460000,1,deep
1603880760000,1,deep
1603881060000,1,deep
1603881360000,4,awake
1603881660000,2,light
1603881960000,2,light
1603882260000,1,deep
1603882560000,1,deep
1603882860000,1,deep
1603883160000,2,light
1603883460000,2,light
1603883760000,1,deep
1603884060000,2,light
1603884360000,2,light
1603884660000,2,light
1603884960000,1,deep
1603885260000,2,light
1603885560000,1,deep
1603885860000,1,deep
1603886160000,1,deep
1603886460000,1,deep
1603886760000,2,light
1603887060000,2,light
1603887360000,2,light
1603887660000,2,light
1603887960000,2,light
1603888260000,2,light
1603888560000,3,REM
1603888860000,3,REM
1603889160000,3,REM
1603889460000,3,REM
1603889760000,3,REM
1603890060000,3,REM
1603890360000,2,light
1603890660000,2,light
1603890960000,2,light
1603891260000,2,light
1603891560000,1,deep
1603891860000,3,REM
1603892160000,3,REM
1603892460000,3,REM
1603892760000,3,REM
1603893060000,3,REM
1603893360000,2,light
1603893660000,2,light
1603893960000,2,light
1603894260000,2,light
1603894560000,2,light
1603894860000,2,light
1603895160000,1,deep
1603895460000,1,deep
1603895760000,3,REM
1603896060000,3,REM
1603896360000,3,REM
1603896660000,3,REM
1603896960000,2,light
1603897260000,2,light
1603897560000,2,light
1603897860000,1,deep
1603898160000,2,light
1603898460000,2,light
1603898760000,2,light
1603899060000,3,REM
1603899360000,3,REM
1603899660000,3,REM
1603899960000,3,REM
1603900260000,3,REM
1603900560000,3,REM
1603900860000,4,awake
1603901160000,2,light
1603901460000,2,light
1603901760000,2,light
1603902060000,1,deep
1603902360000,2,light
1603902660000,4,awake
1603902960000,4,awake
1603903260000,4,awake
1603903560000,2,light
1603903860000,2,light
1603904160000,4,awake
1603962178000,4,awake
1603962478000,2,light
1603962778000,1,deep
1603963078000,1,deep
1603963378000,1,deep
1603963678000,1,deep
1603963978000,1,deep
1603964278000,1,deep
1603964578000,1,deep
1603964878000,1,deep
1603965178000,1,deep
1603965478000,1,deep
1603965778000,4,awake
1603966078000,2,light
1603966378000,2,light
1603966678000,2,light
1603966978000,2,light
1603967278000,1,deep
1603967578000,1,deep
1603967878000,2,light
1603968178000,2,light
1603968478000,1,deep
1603968778000,1,deep
1603969078000,2,light
1603969378000,2,light
1603969678000,2,light
1603969978000,1,deep
1603970278000,1,deep
1603970578000,1,deep
1603970878000,4,awake
1603971178000,3,REM
1603971478000,3,REM
1603971778000,3,REM
1603972078000,2,light
1603972378000,2,light
1603972678000,2,light
1603972978000,2,light
1603973278000,1,deep
1603973578000,2,light
1603973878000,2,light
1603974178000,2,light
1603974478000,2,light
1603974778000,2,light
1603975078000,1,deep
1603975378000,1,deep
1603975678000,2,light
1603975978000,2,light
1603976278000,2,light
1603976578000,2,light
1603976878000,2,light
1603977178000,1,deep
1603977478000,3,REM
1603977778000,3,REM
1603978078000,3,REM
1603978378000,3,REM
1603978678000,3,REM
1603978978000,3,REM
1603979278000,3,REM
1603979578000,3,REM
1603979878000,2,light
1603980178000,2,light
1603980478000,1,deep
1603980778000,2,light
1603981078000,2,light
1603981378000,2,light
1603981678000,2,light
1603981978000,1,deep
1603982278000,1,deep
1603982578000,2,light
1603982878000,2,light
1603983178000,2,light
1603983478000,3,REM
1603983778000,3,REM
1603984078000,3,REM
1603984378000,4,awake
1603984678000,4,awake
1603984978000,3,REM
1603985278000,3,REM
1603985578000,2,light
1603985878000,2,light
1603986178000,2,light
1603986478000,1,deep
1603986778000,4,awake
1603987078000,2,light
1603987378000,2,light
1603987678000,2,light
1603987978000,2,light
1603988278000,4,awake
1603988578000,4,awake
1603988878000,4,awake
1603989178000,4,awake
1603989478000,3,REM
1603989778000,3,REM
1603990078000,3,REM
1603990378000,4,awake
1603990678000,4,awake
1603990978000,4,awake
1603991278000,4,awake
1603991578000,4,awake
1603991878000,4,awake
1603992178000,4,awake
1603992478000,4,awake
1604044319000,4,awake
1604044619000,2,light
1604044919000,1,deep
1604045219000,1,deep
1604045519000,1,deep
1604045819000,1,deep
1604046119000,1,deep
1604046419000,1,deep
1604046719000,1,deep
1604047019000,1,deep
1604047319000,1,deep
1604047619000,1,deep
1604047919000,1,deep
1604048219000,1,deep
1604048519000,2,light
1604048819000,2,light
1604049119000,1,deep
1604049419000,1,deep
1604049719000,1,deep
1604050019000,2,light
1604050319000,2,light
1604050619000,1,deep
1604050919000,1,deep
1604051219000,1,deep
1604051519000,1,deep
1604051819000,4,awake
1604052119000,2,light
1604052419000,4,awake
1604052719000,2,light
1604053019000,2,light
1604053319000,2,light
1604053619000,2,light
1604053919000,4,awake
1604054219000,3,REM
1604054519000,3,REM
1604054819000,3,REM
1604055119000,4,awake
1604055419000,2,light
1604055719000,2,light
1604056019000,2,light
1604056319000,2,light
1604056619000,1,deep
1604056919000,1,deep
1604057219000,3,REM
1604057519000,3,REM
1604057819000,3,REM
1604058119000,3,REM
1604058419000,4,awake
1604058719000,2,light
1604059019000,2,light
1604059319000,2,light
1604059619000,2,light
1604059919000,2,light
1604060219000,1,deep
1604060519000,1,deep
1604060819000,2,light
1604061119000,2,light
1604061419000,2,light
1604061719000,2,light
1604062019000,2,light
1604062319000,2,light
1604062619000,2,light
1604062919000,2,light
1604063219000,1,deep
1604063519000,2,light
1604063819000,2,light
1604064119000,2,light
1604064419000,2,light
1604064719000,2,light
1604065019000,2,light
1604065319000,2,light
1604065619000,2,light
1604065919000,2,light
1604066219000,3,REM
1604066519000,3,REM
1604066819000,3,REM
1604067119000,3,REM
1604067419000,4,awake
1604067719000,2,light
1604068019000,2,light
1604068319000,2,light
1604068619000,4,awake
1604138820000,4,awake
1604139120000,2,light
1604139420000,2,light
1604139720000,1,deep
1604140020000,1,deep
1604140320000,1,deep
1604140620000,1,deep
1604140920000,1,deep
1604141220000,1,deep
1604141520000,1,deep
1604141820000,1,deep
1604142120000,4,awake
1604142420000,4,awake
1604142720000,2,light
1604143020000,2,light
1604143320000,2,light
1604143620000,2,light
1604143920000,1,deep
1604144220000,1,deep
1604144520000,1,deep
1604144820000,1,deep
1604145120000,1,deep
1604145420000,4,awake
1604145720000,2,light
1604146020000,1,deep
1604146320000,1,deep
1604146620000,1,deep
1604146920000,1,deep
1604147220000,1,deep
1604147520000,1,deep
1604147820000,1,deep
1604148120000,2,light
1604148420000,4,awake
1604148720000,2,light
1604149020000,2,light
1604149320000,2,light
1604149620000,2,light
1604149920000,2,light
1604150220000,2,light
1604150520000,2,light
1604150820000,1,deep
1604151120000,1,deep
1604151420000,1,deep
1604151720000,1,deep
1604152020000,1,deep
1604152320000,1,deep
1604152620000,1,deep
1604152920000,2,light
1604153220000,2,light
1604153520000,2,light
1604153820000,2,light
1604154120000,3,REM
1604154420000,3,REM
1604154720000,3,REM
1604155020000,3,REM
1604155320000,3,REM
1604155620000,2,light
1604155920000,2,light
1604156220000,2,light
1604156520000,1,deep
1604156820000,1,deep
1604157120000,2,light
1604157420000,2,light
1604157720000,2,light
1604158020000,3,REM
1604158320000,3,REM
1604158620000,4,awake
1604158920000,4,awake
1604159220000,3,REM
1604159520000,3,REM
1604159820000,3,REM
1604160120000,3,REM
1604160420000,3,REM
1604160720000,2,light
1604161020000,2,light
1604161320000,2,light
1604161620000,2,light
1604161920000,2,light
1604162220000,2,light
1604162520000,2,light
1604162820000,2,light
1604163120000,2,light
1604163420000,2,light
1604163720000,3,REM
1604164020000,3,REM
1604164320000,3,REM
1604164620000,4,awake
1604164920000,3,REM
1604165220000,3,REM
1604165520000,2,light
1604165820000,3,REM
1604166120000,3,REM
1604166420000,2,light
1604166720000,2,light
1604167020000,2,light
1604167320000,2,light
1604167620000,2,light
1604167920000,2,light
1604168220000,2,light
1604168520000,1,deep
1604168820000,3,REM
1604169120000,3,REM
1604169420000,4,awake
1604169720000,4,awake
1604170020000,4,awake
1604170320000,4,awake
1604170620000,4,awake
1604228462000,4,awake
1604228762000,4,awake
1604229062000,4,awake
1604229362000,2,light
1604229662000,2,light
1604229962000,1,deep
1604230262000,1,deep
1604230562000,1,deep
1604230862000,1,deep
1604231162000,1,deep
1604231462000,1,deep
1604231762000,1,deep
1604232062000,1,deep
1604232362000,1,deep
1604232662000,4,awake
1604232962000,2,light
1604233262000,2,light
1604233562000,1,deep
1604233862000,1,deep
1604234162000,1,deep
1604234462000,1,deep
1604234762000,1,deep
1604235062000,1,deep
1604235362000,1,deep
1604235662000,1,deep
1604235962000,4,awake
1604236262000,2,light
1604236562000,1,deep
1604236862000,1,deep
1604237162000,1,deep
1604237462000,1,deep
1604237762000,2,light
1604238062000,2,light
1604238362000,2,light
1604238662000,2,light
1604238962000,2,light
1604239262000,2,light
1604239562000,2,light
1604239862000,2,light
1604240162000,2,light
1604240462000,2,light
1604240762000,1,deep
1604241062000,2,light
1604241362000,1,deep
1604241662000,1,deep
1604241962000,1,deep
1604242262000,4,awake
1604242562000,2,light
1604242862000,2,light
1604243162000,2,light
1604243462000,2,light
1604243762000,2,light
1604244062000,3,REM
1604244362000,3,REM
1604244662000,2,light
1604244962000,2,light
1604245262000,2,light
1604245562000,2,light
1604245862000,2,light
1604246162000,2,light
1604246462000,1,deep
1604246762000,2,light
1604247062000,1,deep
1604247362000,1,deep
1604247662000,2,light
1604247962000,2,light
1604248262000,2,light
1604248562000,2,light
1604248862000,2,light
1604249162000,2,light
1604249462000,3,REM
1604249762000,4,awake
1604250062000,4,awake
1604250362000,2,light
1604250662000,2,light
1604250962000,2,light
1604251262000,2,light
1604251562000,2,light
1604251862000,2,light
1604252162000,4,awake
1604252462000,4,awake
1604252762000,3,REM
1604253062000,3,REM
1604253362000,3,REM
1604253662000,4,awake
1604253962000,4,awake
1604254262000,2,light
1604254562000,2,light
1604254862000,2,light
1604255162000,2,light
1604255462000,2,light
1604255762000,2,light
1604256062000,2,light
1604256362000,2,light
1604256662000,2,light
1604256962000,3,REM
1604257262000,3,REM
1604257562000,3,REM
1604257862000,3,REM
1604258162000,3,REM
1604258462000,4,awake
1604258762000,2,light
1604259062000,3,REM
1604259362000,3,REM
1604259662000,3,REM
1604259962000,2,light
1604260262000,2,light
1604260562000,2,light
1604260862000,2,light
1604261162000,2,light
1604261462000,1,deep
1604261762000,4,awake
1604262062000,4,awake
1604262362000,2,light
1604262662000,2,light
1604262962000,2,light
1604263262000,3,REM
1604263562000,3,REM
1604263862000,3,REM
1604264162000,4,awake
1604264462000,4,awake
1604264762000,4,awake
1604265062000,4,awake
1604265362000,4,awake
1604265662000,4,awake
1604265962000,4,awake
1604266262000,4,awake
1604313900000,2,light
1604314200000,2,light
1604314500000,2,light
1604314800000,1,deep
1604315100000,1,deep
1604315400000,2,light
1604315700000,1,deep
1604316000000,1,deep
1604316300000,1,deep
1604316600000,1,deep
1604316900000,1,deep
1604317200000,1,deep
1604317500000,1,deep
1604317800000,2,light
1604318100000,3,REM
1604318400000,2,light
1604318700000,2,light
1604319000000,2,light
1604319300000,2,light
1604319600000,2,light
1604319900000,2,light
1604320200000,1,deep
1604320500000,1,deep
1604320800000,1,deep
1604321100000,1,deep
1604321400000,1,deep
1604321700000,1,deep
1604322000000,2,light
1604322300000,2,light
1604322600000,3,REM
1604322900000,3,REM
1604323200000,2,light
1604323500000,2,light
1604323800000,2,light
1604324100000,2,light
1604324400000,2,light
1604324700000,2,light
1604325000000,2,light
1604325300000,4,awake
1604325600000,2,light
1604325900000,1,deep
1604326200000,1,deep
1604326500000,1,deep
1604326800000,2,light
1604327100000,2,light
1604327400000,1,deep
1604327700000,2,light
1604328000000,2,light
1604328300000,2,light
1604328600000,2,light
1604328900000,2,light
1604329200000,3,REM
1604329500000,3,REM
1604329800000,3,REM
1604330100000,3,REM
1604330400000,3,REM
1604330700000,4,awake
1604331000000,2,light
1604331300000,3,REM
1604331600000,4,awake
1604331900000,2,light
1604332200000,2,light
1604332500000,2,light
1604332800000,2,light
1604333100000,2,light
1604333400000,2,light
1604333700000,2,light
1604334000000,2,light
1604334300000,1,deep
1604334600000,1,deep
1604334900000,3,REM
1604335200000,3,REM
1604335500000,3,REM
1604335800000,3,REM
1604336100000,3,REM
1604336400000,2,light
1604336700000,2,light
1604337000000,2,light
1604337300000,2,light
1604337600000,2,light
1604337900000,2,light
1604338200000,4,awake
1604338500000,4,awake
1604338800000,4,awake
1604339100000,4,awake
1604339400000,4,awake
1604392381000,4,awake
1604392681000,4,awake
1604392981000,4,awake
1604393281000,2,light
1604393581000,2,light
1604393881000,1,deep
1604394181000,1,deep
1604394481000,1,deep
1604394781000,1,deep
1604395081000,2,light
1604395381000,1,deep
1604395681000,1,deep
1604395981000,2,light
1604396281000,2,light
1604396581000,2,light
1604396881000,1,deep
1604397181000,1,deep
1604397481000,2,light
1604397781000,3,REM
1604398081000,3,REM
1604398381000,3,REM
1604398681000,2,light
1604398981000,2,light
1604399281000,2,light
1604399581000,2,light
1604399881000,2,light
1604400181000,2,light
1604400481000,1,deep
1604400781000,1,deep
1604401081000,2,light
1604401381000,1,deep
1604401681000,2,light
1604401981000,2,light
1604402281000,1,deep
1604402581000,1,deep
1604402881000,1,deep
1604403181000,2,light
1604403481000,2,light
1604403781000,3,REM
1604404081000,2,light
1604404381000,2,light
1604404681000,2,light
1604404981000,4,awake
1604405281000,2,light
1604405581000,2,light
1604405881000,2,light
1604406181000,2,light
1604406481000,2,light
1604406781000,2,light
1604407081000,2,light
1604407381000,2,light
1604407681000,2,light
1604407981000,2,light
1604408281000,2,light
1604408581000,1,deep
1604408881000,2,light
1604409181000,2,light
1604409481000,2,light
1604409781000,4,awake
1604479380000,4,awake
1604479680000,4,awake
1604479980000,2,light
1604480280000,1,deep
1604480580000,1,deep
1604480880000,1,deep
1604481180000,1,deep
1604481480000,1,deep
1604481780000,1,deep
1604482080000,1,deep
1604482380000,1,deep
1604482680000,1,deep
1604482980000,1,deep
1604483280000,1,deep
1604483580000,1,deep
1604483880000,1,deep
1604484180000,1,deep
1604484480000,3,REM
1604484780000,2,light
1604485080000,2,light
1604485380000,1,deep
1604485680000,1,deep
1604485980000,1,deep
1604486280000,1,deep
1604486580000,1,deep
1604486880000,1,deep
1604487180000,1,deep
1604487480000,2,light
1604487780000,2,light
1604488080000,1,deep
1604488380000,1,deep
1604488680000,3,REM
1604488980000,1,deep
1604489280000,1,deep
1604489580000,2,light
1604489880000,2,light
1604490180000,1,deep
1604490480000,1,deep
1604490780000,1,deep
1604491080000,1,deep
1604491380000,1,deep
1604491680000,1,deep
1604491980000,2,light
1604492280000,2,light
1604492580000,1,deep
1604492880000,1,deep
1604493180000,2,light
1604493480000,1,deep
1604493780000,2,light
1604494080000,2,light
1604494380000,2,light
1604494680000,2,light
1604494980000,2,light
1604495280000,1,deep
1604495580000,4,awake
1604495880000,4,awake
1604496180000,4,awake
1604496480000,2,light
1604496780000,3,REM
1604497080000,3,REM
1604497380000,2,light
1604497680000,2,light
1604497980000,4,awake
1604498280000,2,light
1604498580000,2,light
1604498880000,3,REM
1604499180000,3,REM
1604499480000,3,REM
1604499780000,2,light
1604500080000,2,light
1604500380000,2,light
1604500680000,2,light
1604500980000,2,light
1604501280000,2,light
1604501580000,2,light
1604501880000,2,light
1604502180000,2,light
1604502480000,3,REM
1604502780000,2,light
1604503080000,2,light
1604503380000,2,light
1604503680000,2,light
1604503980000,3,REM
1604504280000,3,REM
1604504580000,3,REM
1604504880000,2,light
1604505180000,2,light
1604505480000,2,light
1604505780000,3,REM
1604506080000,3,REM
1604506380000,3,REM
1604506680000,3,REM
1604506980000,3,REM
1604507280000,4,awake
1604507580000,4,awake
1604570879000,4,awake
1604571179000,4,awake
1604571479000,4,awake
1604571779000,2,light
1604572079000,2,light
1604572379000,1,deep
1604572679000,1,deep
1604572979000,2,light
1604573279000,2,light
1604573579000,2,light
1604573879000,1,deep
1604574179000,1,deep
1604574479000,1,deep
1604574779000,1,deep
1604575079000,1,deep
1604575379000,3,REM
1604575679000,4,awake
1604575979000,2,light
1604576279000,2,light
1604576579000,1,deep
1604576879000,2,light
1604577179000,1,deep
1604577479000,1,deep
1604577779000,1,deep
1604578079000,1,deep
1604578379000,1,deep
1604578679000,1,deep
1604578979000,1,deep
1604579279000,4,awake
1604579579000,2,light
1604579879000,2,light
1604580179000,1,deep
1604580479000,1,deep
1604580779000,1,deep
1604581079000,1,deep
1604581379000,2,light
1604581679000,3,REM
1604581979000,2,light
1604582279000,2,light
1604582579000,2,light
1604582879000,2,light
1604583179000,2,light
1604583479000,1,deep
1604583779000,1,deep
1604584079000,2,light
1604584379000,1,deep
1604584679000,1,deep
1604584979000,2,light
1604585279000,2,light
1604585579000,2,light
1604585879000,2,light
1604586179000,1,deep
1604586479000,4,awake
1604586779000,4,awake
1604587079000,3,REM
1604587379000,3,REM
1604587679000,3,REM
1604587979000,3,REM
1604588279000,2,light
1604588579000,2,light
1604588879000,2,light
1604589179000,2,light
1604589479000,2,light
1604589779000,1,deep
1604590079000,1,deep
1604590379000,1,deep
1604590679000,1,deep
1604590979000,1,deep
1604591279000,1,deep
1604591579000,4,awake
1604591879000,2,light
1604592179000,3,REM
1604592479000,3,REM
1604592779000,3,REM
1604593079000,2,light
1604593379000,2,light
1604593679000,3,REM
1604593979000,2,light
1604594279000,2,light
1604594579000,2,light
1604594879000,2,light
1604595179000,2,light
1604595479000,2,light
1604595779000,2,light
1604596079000,2,light
1604596379000,3,REM
1604596679000,4,awake
1604596979000,4,awake
1604597279000,4,awake
1604597579000,4,awake
1604597879000,4,awake
1604598179000,4,awake
1604598479000,4,awake
1604598779000,4,awake
1604651817000,4,awake
1604652117000,2,light
1604652417000,1,deep
1604652717000,1,deep
1604653017000,1,deep
1604653317000,1,deep
1604653617000,1,deep
1604653917000,1,deep
1604654217000,1,deep
1604654517000,1,deep
1604654817000,1,deep
1604655117000,1,deep
1604655417000,1,deep
1604655717000,1,deep
1604656017000,4,awake
1604656317000,4,awake
1604656617000,4,awake
1604656917000,2,light
1604657217000,2,light
1604657517000,2,light
1604657817000,2,light
1604658117000,2,light
1604658417000,4,awake
1604658717000,2,light
1604659017000,2,light
1604659317000,3,REM
1604659617000,3,REM
1604659917000,2,light
1604660217000,2,light
1604660517000,2,light
1604660817000,1,deep
1604661117000,1,deep
1604661417000,2,light
1604661717000,2,light
1604662017000,2,light
1604662317000,2,light
1604662617000,1,deep
1604662917000,2,light
1604663217000,1,deep
1604663517000,1,deep
1604663817000,1,deep
1604664117000,1,deep
1604664417000,1,deep
1604664717000,1,deep
1604665017000,1,deep
1604665317000,1,deep
1604665617000,1,deep
1604665917000,2,light
1604666217000,2,light
1604666517000,2,light
1604666817000,2,light
1604667117000,2,light
1604667417000,2,light
1604667717000,2,light
1604668017000,2,light
1604668317000,2,light
1604668617000,2,light
1604668917000,1,deep
1604669217000,1,deep
1604669517000,2,light
1604669817000,2,light
1604670117000,2,light
1604670417000,2,light
1604670717000,2,light
1604671017000,2,light
1604671317000,4,awake
1604671617000,4,awake
1604671917000,3,REM
1604672217000,3,REM
1604672517000,3,REM
1604672817000,3,REM
1604673117000,2,light
1604673417000,2,light
1604673717000,2,light
1604674017000,2,light
1604674317000,1,deep
1604674617000,1,deep
1604674917000,1,deep
1604675217000,1,deep
1604675517000,2,light
1604675817000,2,light
1604676117000,3,REM
1604676417000,1,deep
1604676717000,4,awake
1604677017000,4,awake
1604677317000,4,awake
1604677617000,4,awake
1604677917000,4,awake
1604678217000,4,awake
1604678517000,4,awake
1604678817000,4,awake
1604679117000,4,awake
1604679417000,4,awake
1604679717000,4,awake
1604680017000,4,awake
1604680317000,4,awake
1604680617000,4,awake
1604680917000,2,light
1604681217000,2,light
1604681517000,3,REM
1604681817000,4,awake
1604682117000,3,REM
1604682417000,3,REM
1604682717000,3,REM
1604683017000,2,light
1604683317000,2,light
1604683617000,4,awake
1604683917000,4,awake
1604684217000,2,light
1604684517000,4,awake
1604684817000,4,awake
1604685117000,4,awake
1604685417000,4,awake
1604750341000,4,awake
1604750641000,2,light
1604750941000,2,light
1604751241000,2,light
1604751541000,1,deep
1604751841000,1,deep
1604752141000,1,deep
1604752441000,1,deep
1604752741000,1,deep
1604753041000,1,deep
1604753341000,1,deep
1604753641000,1,deep
1604753941000,2,light
1604754241000,2,light
1604754541000,2,light
1604754841000,1,deep
1604755141000,1,deep
1604755441000,1,deep
1604755741000,1,deep
1604756041000,2,light
1604756341000,1,deep
1604756641000,1,deep
1604756941000,2,light
1604757241000,2,light
1604757541000,2,light
1604757841000,1,deep
1604758141000,2,light
1604758441000,2,light
1604758741000,1,deep
1604759041000,4,awake
1604759341000,2,light
1604759641000,2,light
1604759941000,2,light
1604760241000,2,light
1604760541000,2,light
1604760841000,2,light
1604761141000,1,deep
1604761441000,1,deep
1604761741000,1,deep
1604762041000,2,light
1604762341000,2,light
1604762641000,1,deep
1604762941000,1,deep
1604763241000,1,deep
1604763541000,4,awake
1604763841000,2,light
1604764141000,2,light
1604764441000,2,light
1604764741000,2,light
1604765041000,2,light
1604765341000,2,light
1604765641000,2,light
1604765941000,2,light
1604766241000,1,deep
1604766541000,2,light
1604766841000,2,light
1604767141000,1,deep
1604767441000,3,REM
1604767741000,3,REM
1604768041000,3,REM
1604768341000,3,REM
1604768641000,3,REM
1604768941000,3,REM
1604769241000,2,light
1604769541000,2,light
1604769841000,2,light
1604770141000,2,light
1604770441000,2,light
1604770741000,1,deep
1604771041000,1,deep
1604771341000,1,deep
1604771641000,1,deep
1604771941000,1,deep
1604772241000,3,REM
1604772541000,3,REM
1604772841000,3,REM
1604773141000,3,REM
1604773441000,4,awake
1604773741000,4,awake
1604774041000,2,light
1604774341000,2,light
1604774641000,2,light
1604774941000,2,light
1604775241000,2,light
1604775541000,2,light
1604775841000,2,light
1604776141000,2,light
1604776441000,3,REM
1604776741000,3,REM
1604777041000,3,REM
1604777341000,3,REM
1604777641000,3,REM
1604777941000,3,REM
1604778241000,3,REM
1604778541000,3,REM
1604778841000,3,REM
1604779141000,4,awake
1604779441000,4,awake
1604779741000,2,light
1604780041000,2,light
1604780341000,2,light
1604780641000,2,light
1604780941000,2,light
1604781241000,2,light
1604781541000,4,awake
1604781841000,4,awake
1604782141000,2,light
1604782441000,3,REM
1604782741000,4,awake
1604783041000,4,awake
1604832512000,4,awake
1604832812000,2,light
1604833112000,2,light
1604833412000,1,deep
1604833712000,1,deep
1604834012000,2,light
1604834312000,2,light
1604834612000,2,light
1604834912000,2,light
1604835212000,2,light
1604835512000,2,light
1604835812000,2,light
1604836112000,4,awake
1604836412000,2,light
1604836712000,2,light
1604837012000,2,light
1604837312000,1,deep
1604837612000,2,light
1604837912000,1,deep
1604838212000,1,deep
1604838512000,1,deep
1604838812000,4,awake
1604839112000,2,light
1604839412000,1,deep
1604839712000,1,deep
1604840012000,1,deep
1604840312000,1,deep
1604840612000,2,light
1604840912000,2,light
1604841212000,2,light
1604841512000,2,light
1604841812000,2,light
1604842112000,2,light
1604842412000,2,light
1604842712000,2,light
1604843012000,2,light
1604843312000,2,light
1604843612000,2,light
1604843912000,2,light
1604844212000,2,light
1604844512000,2,light
1604844812000,1,deep
1604845112000,1,deep
1604845412000,2,light
1604845712000,2,light
1604846012000,2,light
1604846312000,2,light
1604846612000,2,light
1604846912000,2,light
1604847212000,2,light
1604847512000,2,light
1604847812000,2,light
1604848112000,2,light
1604848412000,4,awake
1604848712000,2,light
1604849012000,2,light
1604849312000,2,light
1604849612000,1,deep
1604849912000,1,deep
1604850212000,1,deep
1604850512000,2,light
1604850812000,2,light
1604851112000,2,light
1604851412000,2,light
1604851712000,2,light
1604852012000,1,deep
1604852312000,3,REM
1604852612000,3,REM
1604852912000,3,REM
1604853212000,3,REM
1604853512000,3,REM
1604853812000,2,light
1604854112000,2,light
1604854412000,2,light
1604854712000,2,light
1604855012000,2,light
1604855312000,2,light
1604855612000,2,light
1604855912000,2,light
1604856212000,2,light
1604856512000,2,light
1604856812000,2,light
1604857112000,4,awake
1604857412000,3,REM
1604857712000,3,REM
1604858012000,3,REM
1604858312000,3,REM
1604858612000,2,light
1604858912000,2,light
1604859212000,2,light
1604859512000,2,light
1604859812000,2,light
1604860112000,2,light
1604860412000,2,light
1604860712000,4,awake
1604861012000,3,REM
1604861312000,3,REM
1604861612000,2,light
1604861912000,4,awake
1604862212000,4,awake
1604862512000,4,awake
1604862812000,2,light
1604863112000,2,light
1604863412000,3,REM
1604863712000,4,awake
1604864012000,4,awake
1604864312000,3,REM
1604864612000,3,REM
1604864912000,3,REM
1604865212000,2,light
1604865512000,2,light
1604865812000,2,light
1604866112000,2,light
1604866412000,2,light
1604866712000,2,light
1604867012000,2,light
1604867312000,2,light
1604867612000,3,REM
1604867912000,3,REM
1604868212000,3,REM
1604868512000,2,light
1604868812000,3,REM
1604869112000,3,REM
1604869412000,3,REM
1604869712000,3,REM
1604870012000,3,REM
1604870312000,2,light
1604870612000,3,REM
1604870912000,2,light
1604871212000,4,awake
1604871512000,4,awake
1604871812000,4,awake
1604872112000,4,awake
1604918908000,4,awake
1604919208000,2,light
1604919508000,2,light
1604919808000,2,light
1604920108000,1,deep
1604920408000,1,deep
1604920708000,2,light
1604921008000,2,light
1604921308000,1,deep
1604921608000,1,deep
1604921908000,1,deep
1604922208000,4,awake
1604922508000,2,light
1604922808000,1,deep
1604923108000,1,deep
1604923408000,1,deep
1604923708000,1,deep
1604924008000,2,light
1604924308000,2,light
1604924608000,2,light
1604924908000,2,light
1604925208000,1,deep
1604925508000,4,awake
1604925808000,4,awake
1604926108000,2,light
1604926408000,1,deep
1604926708000,2,light
1604927008000,2,light
1604927308000,2,light
1604927608000,2,light
1604927908000,2,light
1604928208000,3,REM
1604928508000,3,REM
1604928808000,2,light
1604929108000,2,light
1604929408000,2,light
1604929708000,2,light
1604930008000,2,light
1604930308000,2,light
1604930608000,2,light
1604930908000,1,deep
1604931208000,1,deep
1604931508000,1,deep
1604931808000,2,light
1604932108000,2,light
1604932408000,2,light
1604932708000,2,light
1604933008000,1,deep
1604933308000,2,light
1604933608000,2,light
1604933908000,2,light
1604934208000,2,light
1604934508000,2,light
1604934808000,4,awake
1604935108000,4,awake
1604935408000,4,awake
1604935708000,3,REM
1604936008000,2,light
1604936308000,2,light
1604936608000,2,light
1604936908000,2,light
1604937208000,2,light
1604937508000,2,light
1604937808000,2,light
1604938108000,1,deep
1604938408000,1,deep
1604938708000,1,deep
1604939008000,2,light
1604939308000,2,light
1604939608000,2,light
1604939908000,2,light
1604940208000,1,deep
1604940508000,3,REM
1604940808000,2,light
1604941108000,2,light
1604941408000,3,REM
1604941708000,4,awake
1604942008000,4,awake
1604942308000,3,REM
1604942608000,3,REM
1604942908000,4,awake
1604943208000,4,awake
1604943508000,3,REM
1604943808000,3,REM
1604944108000,3,REM
1604944408000,4,awake
1604944708000,4,awake
1604995890000,4,awake
1604996190000,2,light
1604996490000,1,deep
1604996790000,1,deep
1604997090000,1,deep
1604997390000,1,deep
1604997690000,1,deep
1604997990000,1,deep
1604998290000,1,deep
1604998590000,1,deep
1604998890000,4,awake
1604999190000,1,deep
1604999490000,1,deep
1604999790000,1,deep
1605000090000,3,REM
1605000390000,3,REM
1605000690000,4,awake
1605000990000,4,awake
1605001290000,4,awake
1605001590000,4,awake
1605001890000,4,awake
1605002190000,2,light
1605002490000,2,light
1605002790000,2,light
1605003090000,2,light
1605003390000,2,light
1605003690000,2,light
1605003990000,2,light
1605004290000,1,deep
1605004590000,1,deep
1605004890000,1,deep
1605005190000,1,deep
1605005490000,1,deep
1605005790000,2,light
1605006090000,2,light
1605006390000,2,light
1605006690000,1,deep
1605006990000,1,deep
1605007290000,2,light
1605007590000,3,REM
1605007890000,1,deep
1605008190000,2,light
1605008490000,2,light
1605008790000,2,light
1605009090000,2,light
1605009390000,2,light
1605009690000,2,light
1605009990000,2,light
1605010290000,1,deep
1605010590000,2,light
1605010890000,2,light
1605011190000,2,light
1605011490000,2,light
1605011790000,2,light
1605012090000,1,deep
1605012390000,2,light
1605012690000,2,light
1605012990000,2,light
1605013290000,2,light
1605013590000,2,light
1605013890000,4,awake
1605014190000,2,light
1605014490000,2,light
1605014790000,3,REM
1605015090000,4,awake
1605015390000,4,awake
1605087512000,2,light
1605087812000,2,light
1605088112000,1,deep
1605088412000,1,deep
1605088712000,2,light
1605089012000,1,deep
1605089312000,1,deep
1605089612000,1,deep
1605089912000,1,deep
1605090212000,1,deep
1605090512000,2,light
1605090812000,1,deep
1605091112000,1,deep
1605091412000,1,deep
1605091712000,1,deep
1605092012000,1,deep
1605092312000,1,deep
1605092612000,4,awake
1605092912000,4,awake
1605093212000,2,light
1605093512000,2,light
1605093812000,1,deep
1605094112000,1,deep
1605094412000,1,deep
1605094712000,1,deep
1605095012000,1,deep
1605095312000,1,deep
1605095612000,1,deep
1605095912000,1,deep
1605096212000,1,deep
1605096512000,2,light
1605096812000,1,deep
1605097112000,4,awake
1605097412000,3,REM
1605097712000,2,light
1605098012000,2,light
1605098312000,2,light
1605098612000,2,light
1605098912000,2,light
1605099212000,2,light
1605099512000,2,light
1605099812000,2,light
1605100112000,2,light
1605100412000,2,light
1605100712000,2,light
1605101012000,2,light
1605101312000,2,light
1605101612000,2,light
1605101912000,2,light
1605102212000,2,light
1605102512000,4,awake
1605102812000,2,light
1605103112000,2,light
1605103412000,3,REM
1605103712000,3,REM
1605104012000,2,light
1605104312000,2,light
1605104612000,2,light
1605104912000,1,deep
1605105212000,1,deep
1605105512000,1,deep
1605105812000,2,light
1605106112000,2,light
1605106412000,2,light
1605106712000,2,light
1605107012000,2,light
1605107312000,2,light
1605107612000,1,deep
1605107912000,4,awake
1605108212000,3,REM
1605108512000,3,REM
1605108812000,3,REM
1605109112000,4,awake
1605109412000,2,light
1605109712000,2,light
1605110012000,2,light
1605110312000,2,light
1605110612000,2,light
1605110912000,2,light
1605111212000,2,light
1605111512000,2,light
1605111812000,2,light
1605112112000,2,light
1605112412000,4,awake
1605112712000,3,REM
1605113012000,3,REM
1605113312000,3,REM
1605113612000,3,REM
1605113912000,3,REM
1605114212000,3,REM
1605114512000,2,light
1605114812000,2,light
1605115112000,2,light
1605115412000,2,light
1605115712000,4,awake
1605173911000,4,awake
1605174211000,2,light
1605174511000,2,light
1605174811000,1,deep
1605175111000,1,deep
1605175411000,2,light
1605175711000,1,deep
1605176011000,1,deep
1605176311000,1,deep
1605176611000,1,deep
1605176911000,4,awake
1605177211000,4,awake
1605177511000,2,light
1605177811000,4,awake
1605178111000,2,light
1605178411000,1,deep
1605178711000,1,deep
1605179011000,1,deep
1605179311000,1,deep
1605179611000,1,deep
1605179911000,1,deep
1605180211000,1,deep
1605180511000,1,deep
1605180811000,1,deep
1605181111000,1,deep
1605181411000,1,deep
1605181711000,2,light
1605182011000,4,awake
1605182311000,4,awake
1605182611000,2,light
1605182911000,3,REM
1605183211000,3,REM
1605183511000,2,light
1605183811000,2,light
1605184111000,1,deep
1605184411000,1,deep
1605184711000,1,deep
1605185011000,1,deep
1605185311000,1,deep
1605185611000,1,deep
1605185911000,1,deep
1605186211000,2,light
1605186511000,2,light
1605186811000,2,light
1605187111000,1,deep
1605187411000,2,light
1605187711000,2,light
1605188011000,2,light
1605188311000,2,light
1605188611000,3,REM
1605188911000,3,REM
1605189211000,3,REM
1605189511000,3,REM
1605189811000,2,light
1605190111000,3,REM
1605190411000,4,awake
1605190711000,2,light
1605191011000,2,light
1605191311000,2,light
1605191611000,2,light
1605191911000,1,deep
1605192211000,2,light
1605192511000,2,light
1605192811000,1,deep
1605193111000,1,deep
1605193411000,2,light
1605193711000,2,light
1605194011000,2,light
1605194311000,2,light
1605194611000,2,light
1605194911000,4,awake
1605195211000,4,awake
1605195511000,3,REM
1605195811000,4,awake
1605196111000,4,awake
1605196411000,4,awake
1605196711000,4,awake
1605197011000,2,light
1605197311000,3,REM
1605197611000,4,awake
1605197911000,4,awake
1605198211000,4,awake
1605253710000,4,awake
1605254010000,2,light
1605254310000,1,deep
1605254610000,1,deep
1605254910000,1,deep
1605255210000,1,deep
1605255510000,1,deep
1605255810000,1,deep
1605256110000,1,deep
1605256410000,1,deep
1605256710000,1,deep
1605257010000,1,deep
1605257310000,1,deep
1605257610000,1,deep
1605257910000,1,deep
1605258210000,2,light
1605258510000,2,light
1605258810000,2,light
1605259110000,1,deep
1605259410000,1,deep
1605259710000,1,deep
1605260010000,1,deep
1605260310000,1,deep
1605260610000,1,deep
1605260910000,1,deep
1605261210000,1,deep
1605261510000,2,light
1605261810000,1,deep
1605262110000,1,deep
1605262410000,1,deep
1605262710000,1,deep
1605263010000,1,deep
1605263310000,1,deep
1605263610000,3,REM
1605263910000,3,REM
1605264210000,3,REM
1605264510000,2,light
1605264810000,2,light
1605265110000,2,light
1605265410000,1,deep
1605265710000,1,deep
1605266010000,1,deep
1605266310000,2,light
1605266610000,1,deep
1605266910000,1,deep
1605267210000,2,light
1605267510000,2,light
1605267810000,2,light
1605268110000,2,light
1605268410000,2,light
1605268710000,2,light
1605269010000,2,light
1605269310000,1,deep
1605269610000,1,deep
1605269910000,2,light
1605270210000,2,light
1605270510000,3,REM
1605270810000,3,REM
1605271110000,4,awake
1605271410000,4,awake
1605271710000,2,light
1605272010000,2,light
1605272310000,2,light
1605272610000,2,light
1605272910000,2,light
1605273210000,2,light
1605273510000,2,light
1605273810000,2,light
1605274110000,2,light
1605274410000,2,light
1605274710000,2,light
1605275010000,2,light
1605275310000,2,light
1605275610000,2,light
1605275910000,4,awake
1605276210000,4,awake
1605276510000,3,REM
1605276810000,2,light
1605277110000,2,light
1605277410000,2,light
1605277710000,3,REM
1605278010000,3,REM
1605278310000,2,light
1605278610000,2,light
1605278910000,2,light
1605279210000,2,light
1605279510000,2,light
1605279810000,2,light
1605280110000,2,light
1605280410000,2,light
1605280710000,3,REM
1605281010000,4,awake
1605281310000,4,awake
1605281610000,4,awake
1605281910000,2,light
1605282210000,2,light
1605282510000,2,light
1605282810000,3,REM
1605283110000,4,awake
1605283410000,4,awake
1605283710000,4,awake
1605284010000,4,awake
1605284310000,4,awake
1605284610000,4,awake
1605284910000,4,awake
1605285210000,4,awake
1605285510000,4,awake
1605285810000,4,awake
1605286110000,4,awake
1605286410000,4,awake
1605286710000,4,awake
1605287010000,2,light
1605287310000,2,light
1605287610000,2,light
1605287910000,2,light
1605288210000,2,light
1605288510000,4,awake
1605288810000,4,awake
1605289110000,4,awake
1605289410000,4,awake
1605289710000,4,awake
1605433171000,4,awake
1605433471000,4,awake
1605433771000,4,awake
1605434071000,4,awake
1605434371000,2,light
1605434671000,2,light
1605434971000,1,deep
1605435271000,1,deep
1605435571000,1,deep
1605435871000,1,deep
1605436171000,2,light
1605436471000,2,light
1605436771000,2,light
1605437071000,2,light
1605437371000,2,light
1605437671000,2,light
1605437971000,1,deep
1605438271000,1,deep
1605438571000,1,deep
1605438871000,1,deep
1605439171000,2,light
1605439471000,1,deep
1605439771000,1,deep
1605440071000,1,deep
1605440371000,4,awake
1605440671000,4,awake
1605440971000,2,light
1605441271000,2,light
1605441571000,2,light
1605441871000,4,awake
1605442171000,4,awake
1605442471000,2,light
1605442771000,2,light
1605443071000,2,light
1605443371000,2,light
1605443671000,2,light
1605443971000,2,light
1605444271000,2,light
1605444571000,2,light
1605444871000,2,light
1605445171000,1,deep
1605445471000,2,light
1605445771000,2,light
1605446071000,2,light
1605446371000,2,light
1605446671000,1,deep
1605446971000,1,deep
1605447271000,1,deep
1605447571000,1,deep
1605447871000,2,light
1605448171000,2,light
1605448471000,4,awake
1605448771000,4,awake
1605449071000,3,REM
1605449371000,3,REM
1605449671000,2,light
1605449971000,2,light
1605450271000,2,light
1605450571000,1,deep
1605450871000,2,light
1605451171000,2,light
1605451471000,2,light
1605451771000,2,light
1605452071000,2,light
1605452371000,2,light
1605452671000,2,light
1605452971000,2,light
1605453271000,3,REM
1605453571000,3,REM
1605453871000,3,REM
1605454171000,3,REM
1605454471000,3,REM
1605454771000,2,light
1605455071000,2,light
1605455371000,2,light
1605455671000,2,light
1605455971000,2,light
1605456271000,2,light
1605456571000,2,light
1605456871000,2,light
1605457171000,2,light
1605457471000,2,light
1605457771000,2,light
1605458071000,2,light
1605458371000,2,light
1605458671000,3,REM
1605458971000,3,REM
1605459271000,2,light
1605459571000,2,light
1605459871000,2,light
1605460171000,4,awake
1605460471000,2,light
1605460771000,2,light
1605461071000,3,REM
1605461371000,3,REM
1605461671000,3,REM
1605461971000,3,REM
1605462271000,3,REM
1605462571000,3,REM
1605462871000,4,awake
1605463171000,2,light
1605463471000,2,light
1605463771000,2,light
1605464071000,2,light
1605464371000,2,light
1605464671000,2,light
1605464971000,2,light
1605465271000,2,light
1605465571000,3,REM
1605465871000,4,awake
1605466171000,4,awake
1605466471000,3,REM
1605466771000,4,awake
1605467071000,4,awake
1605467371000,4,awake
1605467671000,2,light
1605467971000,2,light
1605468271000,2,light
1605468571000,4,awake
1605468871000,3,REM
1605469171000,3,REM
1605469471000,3,REM
1605469771000,3,REM
1605470071000,4,awake
1605470371000,4,awake
1605470671000,4,awake
1605470971000,4,awake
1605471271000,4,awake
1605525210000,4,awake
1605525510000,2,light
1605525810000,2,light
1605526110000,2,light
1605526410000,2,light
1605526710000,1,deep
1605527010000,1,deep
1605527310000,1,deep
1605527610000,1,deep
1605527910000,1,deep
1605528210000,1,deep
1605528510000,1,deep
1605528810000,1,deep
1605529110000,4,awake
1605529410000,2,light
1605529710000,2,light
1605530010000,2,light
1605530310000,2,light
1605530610000,2,light
1605530910000,2,light
1605531210000,2,light
1605531510000,1,deep
1605531810000,1,deep
1605532110000,1,deep
1605532410000,1,deep
1605532710000,1,deep
1605533010000,1,deep
1605533310000,2,light
1605533610000,1,deep
1605533910000,1,deep
1605534210000,2,light
1605534510000,4,awake
1605534810000,4,awake
1605535110000,2,light
1605535410000,2,light
1605535710000,2,light
1605536010000,2,light
1605536310000,2,light
1605536610000,3,REM
1605536910000,3,REM
1605537210000,2,light
1605537510000,2,light
1605537810000,2,light
1605538110000,1,deep
1605538410000,2,light
1605538710000,1,deep
1605539010000,1,deep
1605539310000,1,deep
1605539610000,2,light
1605539910000,1,deep
1605540210000,1,deep
1605540510000,1,deep
1605540810000,1,deep
1605541110000,4,awake
1605541410000,2,light
1605541710000,2,light
1605542010000,2,light
1605542310000,2,light
1605542610000,2,light
1605542910000,2,light
1605543210000,2,light
1605543510000,2,light
1605543810000,1,deep
1605544110000,1,deep
1605544410000,2,light
1605544710000,2,light
1605545010000,4,awake
1605545310000,3,REM
1605545610000,3,REM
1605545910000,3,REM
1605546210000,3,REM
1605546510000,3,REM
1605546810000,3,REM
1605547110000,3,REM
1605547410000,3,REM
1605547710000,4,awake
1605548010000,4,awake
1605548310000,4,awake
1605548610000,2,light
1605548910000,4,awake
1605549210000,4,awake
1605603208000,4,awake
1605603508000,2,light
1605603808000,2,light
1605604108000,2,light
1605604408000,2,light
1605604708000,1,deep
1605605008000,1,deep
1605605308000,1,deep
1605605608000,1,deep
1605605908000,1,deep
1605606208000,1,deep
1605606508000,4,awake
1605606808000,1,deep
1605607108000,1,deep
1605607408000,2,light
1605607708000,2,light
1605608008000,2,light
1605608308000,2,light
1605608608000,2,light
1605608908000,2,light
1605609208000,2,light
1605609508000,1,deep
1605609808000,4,awake
1605610108000,2,light
1605610408000,1,deep
1605610708000,4,awake
1605611008000,4,awake
1605611308000,4,awake
1605611608000,4,awake
1605611908000,2,light
1605612208000,2,light
1605612508000,2,light
1605612808000,2,light
1605613108000,2,light
1605613408000,2,light
1605613708000,2,light
1605614008000,3,REM
1605614308000,3,REM
1605614608000,3,REM
1605614908000,2,light
1605615208000,2,light
1605615508000,2,light
1605615808000,2,light
1605616108000,2,light
1605616408000,2,light
1605616708000,2,light
1605617008000,1,deep
1605617308000,1,deep
1605617608000,1,deep
1605617908000,4,awake
1605618208000,2,light
1605618508000,1,deep
1605618808000,1,deep
1605619108000,1,deep
1605619408000,4,awake
1605619708000,4,awake
1605620008000,4,awake
1605620308000,4,awake
1605620608000,4,awake
1605620908000,4,awake
1605688381000,2,light
1605688681000,2,light
1605688981000,1,deep
1605689281000,1,deep
1605689581000,1,deep
1605689881000,1,deep
1605690181000,1,deep
1605690481000,1,deep
1605690781000,1,deep
1605691081000,1,deep
1605691381000,1,deep
1605691681000,1,deep
1605691981000,1,deep
1605692281000,1,deep
1605692581000,4,awake
1605692881000,2,light
1605693181000,1,deep
1605693481000,1,deep
1605693781000,1,deep
1605694081000,1,deep
1605694381000,1,deep
1605694681000,4,awake
1605694981000,3,REM
1605695281000,1,deep
1605695581000,1,deep
1605695881000,1,deep
1605696181000,4,awake
1605696481000,2,light
1605696781000,2,light
1605697081000,2,light
1605697381000,1,deep
1605697681000,1,deep
1605697981000,1,deep
1605698281000,1,deep
1605698581000,3,REM
1605698881000,4,awake
1605699181000,3,REM
1605699481000,2,light
1605699781000,2,light
1605700081000,2,light
1605700381000,2,light
1605700681000,2,light
1605700981000,1,deep
1605701281000,1,deep
1605701581000,1,deep
1605701881000,2,light
1605702181000,2,light
1605702481000,2,light
1605702781000,1,deep
1605703081000,2,light
1605703381000,1,deep
1605703681000,1,deep
1605703981000,1,deep
1605704281000,2,light
1605704581000,2,light
1605704881000,2,light
1605705181000,2,light
1605705481000,2,light
1605705781000,4,awake
1605706081000,4,awake
1605706381000,4,awake
1605706681000,4,awake
1605706981000,4,awake
1605707281000,4,awake
1605707581000,2,light
1605707881000,2,light
1605708181000,4,awake
1605708481000,2,light
1605708781000,2,light
1605709081000,2,light
1605709381000,2,light
1605709681000,2,light
1605709981000,4,awake
1605710281000,2,light
1605710581000,2,light
1605710881000,3,REM
1605711181000,3,REM
1605711481000,2,light
1605711781000,2,light
1605712081000,2,light
1605712381000,2,light
1605712681000,2,light
1605712981000,1,deep
1605713281000,1,deep
1605713581000,2,light
1605713881000,2,light
1605714181000,4,awake
1605774541000,4,awake
1605774841000,2,light
1605775141000,1,deep
1605775441000,1,deep
1605775741000,1,deep
1605776041000,1,deep
1605776341000,1,deep
1605776641000,1,deep
1605776941000,1,deep
1605777241000,4,awake
1605777541000,2,light
1605777841000,2,light
1605778141000,2,light
1605778441000,2,light
1605778741000,2,light
1605779041000,4,awake
1605779341000,4,awake
1605779641000,1,deep
1605779941000,1,deep
1605780241000,1,deep
1605780541000,1,deep
1605780841000,1,deep
1605781141000,1,deep
1605781441000,1,deep
1605781741000,1,deep
1605782041000,1,deep
1605782341000,1,deep
1605782641000,1,deep
1605782941000,1,deep
1605783241000,2,light
1605783541000,3,REM
1605783841000,3,REM
1605784141000,2,light
1605784441000,2,light
1605784741000,2,light
1605785041000,2,light
1605785341000,2,light
1605785641000,1,deep
1605785941000,1,deep
1605786241000,2,light
1605786541000,2,light
1605786841000,1,deep
1605787141000,2,light
1605787441000,2,light
1605787741000,2,light
1605788041000,2,light
1605788341000,1,deep
1605788641000,1,deep
1605788941000,2,light
1605789241000,3,REM
1605789541000,2,light
1605789841000,2,light
1605790141000,2,light
1605790441000,2,light
1605790741000,1,deep
1605791041000,1,deep
1605791341000,2,light
1605791641000,2,light
1605791941000,1,deep
1605792241000,1,deep
1605792541000,1,deep
1605792841000,1,deep
1605793141000,2,light
1605793441000,2,light
1605793741000,2,light
1605794041000,2,light
1605794341000,2,light
1605794641000,3,REM
1605794941000,3,REM
1605795241000,3,REM
1605795541000,3,REM
1605795841000,3,REM
1605796141000,2,light
1605796441000,2,light
1605796741000,2,light
1605797041000,2,light
1605797341000,2,light
1605797641000,2,light
1605797941000,2,light
1605798241000,2,light
1605798541000,1,deep
1605798841000,3,REM
1605799141000,2,light
1605799441000,2,light
1605799741000,2,light
1605800041000,2,light
1605800341000,2,light
1605800641000,3,REM
1605800941000,3,REM
1605801241000,3,REM
1605801541000,3,REM
1605801841000,3,REM
1605802141000,3,REM
1605802441000,3,REM
1605802741000,3,REM
1605803041000,2,light
1605803341000,3,REM
1605803641000,2,light
1605803941000,2,light
1605804241000,3,REM
1605804541000,1,deep
1605804841000,1,deep
1605805141000,2,light
1605805441000,2,light
1605805741000,3,REM
1605806041000,3,REM
1605806341000,3,REM
1605806641000,3,REM
1605806941000,4,awake
1605807241000,4,awake
1605807541000,4,awake
1605807841000,2,light
1605808141000,2,light
1605808441000,2,light
1605808741000,4,awake
1605809041000,4,awake
1605809341000,2,light
1605809641000,2,light
1605809941000,3,REM
1605810241000,4,awake
1605810541000,4,awake
1605866672000,4,awake
1605866972000,2,light
1605867272000,1,deep
1605867572000,1,deep
1605867872000,1,deep
1605868172000,1,deep
1605868472000,2,light
1605868772000,1,deep
1605869072000,1,deep
1605869372000,1,deep
1605869672000,1,deep
1605869972000,1,deep
1605870272000,2,light
1605870572000,3,REM
1605870872000,1,deep
1605871172000,2,light
1605871472000,2,light
1605871772000,4,awake
1605872072000,2,light
1605872372000,1,deep
1605872672000,1,deep
1605872972000,1,deep
1605873272000,1,deep
1605873572000,1,deep
1605873872000,1,deep
1605874172000,4,awake
1605874472000,2,light
1605874772000,2,light
1605875072000,2,light
1605875372000,2,light
1605875672000,2,light
1605875972000,3,REM
1605876272000,1,deep
1605876572000,3,REM
1605876872000,4,awake
1605877172000,4,awake
1605877472000,2,light
1605877772000,2,light
1605878072000,2,light
1605878372000,2,light
1605878672000,2,light
1605878972000,2,light
1605879272000,1,deep
1605879572000,1,deep
1605879872000,2,light
1605880172000,2,light
1605880472000,2,light
1605880772000,2,light
1605881072000,1,deep
1605881372000,2,light
1605881672000,2,light
1605881972000,2,light
1605882272000,3,REM
1605882572000,1,deep
1605882872000,2,light
1605883172000,2,light
1605883472000,2,light
1605883772000,2,light
1605884072000,1,deep
1605884372000,1,deep
1605884672000,1,deep
1605884972000,1,deep
1605885272000,2,light
1605885572000,4,awake
1605885872000,4,awake
1605886172000,2,light
1605886472000,4,awake
1605886772000,4,awake
1605887072000,2,light
1605887372000,4,awake
1605887672000,3,REM
1605887972000,2,light
1605888272000,4,awake
1605888572000,4,awake
1605888872000,2,light
1605889172000,3,REM
1605889472000,3,REM
1605889772000,4,awake
1605890072000,4,awake
1605890372000,2,light
1605890672000,2,light
1605890972000,2,light
1605891272000,1,deep
1605891572000,4,awake
1605891872000,3,REM
1605892172000,4,awake
1605892472000,4,awake
1605892772000,4,awake
1605893072000,4,awake
1605950022000,4,awake
1605950322000,2,light
1605950622000,2,light
1605950922000,1,deep
1605951222000,1,deep
1605951522000,1,deep
1605951822000,1,deep
1605952122000,1,deep
1605952422000,1,deep
1605952722000,1,deep
1605953022000,1,deep
1605953322000,1,deep
1605953622000,4,awake
1605953922000,2,light
1605954222000,2,light
1605954522000,2,light
1605954822000,2,light
1605955122000,2,light
1605955422000,1,deep
1605955722000,1,deep
1605956022000,1,deep
1605956322000,1,deep
1605956622000,1,deep
1605956922000,4,awake
1605957222000,2,light
1605957522000,1,deep
1605957822000,1,deep
1605958122000,1,deep
1605958422000,2,light
1605958722000,2,light
1605959022000,2,light
1605959322000,2,light
1605959622000,2,light
1605959922000,2,light
1605960222000,2,light
1605960522000,2,light
1605960822000,1,deep
1605961122000,2,light
1605961422000,2,light
1605961722000,2,light
1605962022000,1,deep
1605962322000,1,deep
1605962622000,1,deep
1605962922000,2,light
1605963222000,2,light
1605963522000,1,deep
1605963822000,1,deep
1605964122000,2,light
1605964422000,4,awake
1605964722000,3,REM
1605965022000,3,REM
1605965322000,2,light
1605965622000,2,light
1605965922000,2,light
1605966222000,2,light
1605966522000,2,light
1605966822000,1,deep
1605967122000,1,deep
1605967422000,2,light
1605967722000,2,light
1605968022000,2,light
1605968322000,2,light
1605968622000,4,awake
1605968922000,2,light
1605969222000,2,light
1605969522000,1,deep
1605969822000,1,deep
1605970122000,4,awake
1605970422000,3,REM
1605970722000,3,REM
1605971022000,3,REM
1605971322000,4,awake
1605971622000,2,light
1605971922000,2,light
1605972222000,2,light
1605972522000,2,light
1605972822000,2,light
1605973122000,2,light
1605973422000,2,light
1605973722000,2,light
1605974022000,3,REM
1605974322000,3,REM
1605974622000,2,light
1605974922000,2,light
1605975222000,2,light
1605975522000,3,REM
1605975822000,3,REM
1605976122000,3,REM
1605976422000,4,awake
1605976722000,3,REM
1605977022000,2,light
1605977322000,2,light
1605977622000,2,light
1605977922000,2,light
1605978222000,2,light
1605978522000,2,light
1605978822000,3,REM
1605979122000,3,REM
1605979422000,3,REM
1605979722000,2,light
1605980022000,4,awake
1605980322000,4,awake
1605980622000,2,light
1605980922000,4,awake
1605981222000,2,light
1605981522000,2,light
1605981822000,2,light
1605982122000,2,light
1605982422000,3,REM
1605982722000,3,REM
1605983022000,3,REM
1605983322000,3,REM
1605983622000,4,awake
1605983922000,4,awake
1605984222000,4,awake
1605984522000,2,light
1605984822000,2,light
1605985122000,4,awake
1605985422000,4,awake
1605985722000,2,light
1605986022000,2,light
1605986322000,2,light
1605986622000,3,REM
1605986922000,1,deep
1605987222000,1,deep
1605987522000,1,deep
1605987822000,4,awake
1605988122000,4,awake
1605988422000,4,awake
1606043731000,4,awake
1606044031000,2,light
1606044331000,1,deep
1606044631000,1,deep
1606044931000,1,deep
1606045231000,1,deep
1606045531000,1,deep
1606045831000,1,deep
1606046131000,1,deep
1606046431000,1,deep
1606046731000,4,awake
1606047031000,4,awake
1606047331000,2,light
1606047631000,1,deep
1606047931000,2,light
1606048231000,2,light
1606048531000,4,awake
1606048831000,4,awake
1606049131000,2,light
1606049431000,2,light
1606049731000,2,light
1606050031000,2,light
1606050331000,1,deep
1606050631000,1,deep
1606050931000,2,light
1606051231000,1,deep
1606051531000,1,deep
1606051831000,2,light
1606052131000,1,deep
1606052431000,2,light
1606052731000,2,light
1606053031000,2,light
1606053331000,2,light
1606053631000,4,awake
1606053931000,4,awake
1606054231000,4,awake
1606054531000,2,light
1606054831000,3,REM
1606055131000,3,REM
1606055431000,4,awake
1606055731000,2,light
1606056031000,2,light
1606056331000,2,light
1606056631000,2,light
1606056931000,1,deep
1606057231000,1,deep
1606057531000,1,deep
1606057831000,2,light
1606058131000,2,light
1606058431000,1,deep
1606058731000,1,deep
1606059031000,2,light
1606059331000,2,light
1606059631000,2,light
1606059931000,2,light
1606060231000,2,light
1606060531000,2,light
1606060831000,3,REM
1606061131000,2,light
1606061431000,2,light
1606061731000,3,REM
1606062031000,3,REM
1606062331000,3,REM
1606062631000,3,REM
1606062931000,2,light
1606063231000,2,light
1606063531000,2,light
1606063831000,2,light
1606064131000,2,light
1606064431000,1,deep
1606064731000,2,light
1606065031000,2,light
1606065331000,1,deep
1606065631000,1,deep
1606065931000,2,light
1606066231000,3,REM
1606066531000,3,REM
1606066831000,4,awake
1606067131000,3,REM
1606067431000,3,REM
1606067731000,2,light
1606068031000,3,REM
1606068331000,3,REM
1606068631000,1,deep
1606068931000,2,light
1606069231000,2,light
1606069531000,2,light
1606069831000,3,REM
1606070131000,1,deep
1606070431000,4,awake
1606070731000,2,light
1606071031000,2,light
1606071331000,4,awake
1606071631000,4,awake
1606071931000,2,light
1606072231000,2,light
1606072531000,3,REM
1606072831000,4,awake
1606073131000,4,awake
1606073431000,4,awake
1606073731000,2,light
1606074031000,3,REM
1606074331000,3,REM
1606074631000,3,REM
1606074931000,2,light
1606075231000,4,awake
1606075531000,3,REM
1606075831000,3,REM
1606076131000,3,REM
1606076431000,2,light
1606076731000,2,light
1606077031000,2,light
1606077331000,2,light
1606077631000,4,awake
1606077931000,4,awake
1606078231000,4,awake
1606132741000,4,awake
1606133041000,2,light
1606133341000,2,light
1606133641000,1,deep
1606133941000,1,deep
1606134241000,1,deep
1606134541000,1,deep
1606134841000,1,deep
1606135141000,2,light
1606135441000,1,deep
1606135741000,2,light
1606136041000,1,deep
1606136341000,1,deep
1606136641000,1,deep
1606136941000,2,light
1606137241000,2,light
1606137541000,3,REM
1606137841000,2,light
1606138141000,2,light
1606138441000,2,light
1606138741000,2,light
1606139041000,1,deep
1606139341000,1,deep
1606139641000,1,deep
1606139941000,2,light
1606140241000,2,light
1606140541000,2,light
1606140841000,2,light
1606141141000,1,deep
1606141441000,4,awake
1606141741000,3,REM
1606142041000,3,REM
1606142341000,3,REM
1606142641000,3,REM
1606142941000,2,light
1606143241000,2,light
1606143541000,2,light
1606143841000,1,deep
1606144141000,2,light
1606144441000,1,deep
1606144741000,1,deep
1606145041000,1,deep
1606145341000,4,awake
1606145641000,2,light
1606145941000,1,deep
1606146241000,1,deep
1606146541000,1,deep
1606146841000,1,deep
1606147141000,4,awake
1606147441000,3,REM
1606147741000,3,REM
1606148041000,3,REM
1606148341000,3,REM
1606148641000,4,awake
1606148941000,2,light
1606149241000,2,light
1606149541000,4,awake
1606149841000,4,awake
1606205040000,4,awake
1606205340000,2,light
1606205640000,1,deep
1606205940000,1,deep
1606206240000,1,deep
1606206540000,1,deep
1606206840000,1,deep
1606207140000,1,deep
1606207440000,1,deep
1606207740000,1,deep
1606208040000,1,deep
1606208340000,1,deep
1606208640000,1,deep
1606208940000,1,deep
1606209240000,3,REM
1606209540000,3,REM
1606209840000,1,deep
1606210140000,4,awake
1606210440000,2,light
1606210740000,2,light
1606211040000,2,light
1606211340000,1,deep
1606211640000,1,deep
1606211940000,2,light
1606212240000,1,deep
1606212540000,1,deep
1606212840000,1,deep
1606213140000,2,light
1606213440000,2,light
1606213740000,1,deep
1606214040000,3,REM
1606214340000,3,REM
1606214640000,3,REM
1606214940000,4,awake
1606215240000,2,light
1606215540000,2,light
1606215840000,1,deep
1606216140000,1,deep
1606216440000,2,light
1606216740000,2,light
1606217040000,1,deep
1606217340000,2,light
1606217640000,1,deep
1606217940000,1,deep
1606218240000,1,deep
1606218540000,4,awake
1606218840000,4,awake
1606219140000,2,light
1606219440000,2,light
1606219740000,1,deep
1606220040000,1,deep
1606220340000,1,deep
1606220640000,2,light
1606220940000,3,REM
1606221240000,1,deep
1606221540000,2,light
1606221840000,3,REM
1606222140000,3,REM
1606222440000,2,light
1606222740000,2,light
1606223040000,2,light
1606223340000,2,light
1606223640000,4,awake
1606223940000,4,awake
1606224240000,4,awake
1606224540000,4,awake
1606224840000,4,awake
1606225140000,4,awake
1606225440000,4,awake
1606225740000,4,awake
1606226040000,2,light
1606226340000,2,light
1606226640000,2,light
1606226940000,4,awake
1606227240000,4,awake
1606227540000,2,light
1606227840000,2,light
1606228140000,1,deep
1606228440000,4,awake
1606228740000,4,awake
1606388040000,4,awake
1606388340000,4,awake
1606388640000,4,awake
1606388940000,2,light
1606389240000,1,deep
1606389540000,1,deep
1606389840000,1,deep
1606390140000,1,deep
1606390440000,1,deep
1606390740000,1,deep
1606391040000,1,deep
1606391340000,1,deep
1606391640000,1,deep
1606391940000,4,awake
1606392240000,4,awake
1606392540000,2,light
1606392840000,2,light
1606393140000,2,light
1606393440000,2,light
1606393740000,1,deep
1606394040000,1,deep
1606394340000,1,deep
1606394640000,4,awake
1606394940000,2,light
1606395240000,1,deep
1606395540000,1,deep
1606395840000,2,light
1606396140000,1,deep
1606396440000,1,deep
1606396740000,1,deep
1606397040000,1,deep
1606397340000,1,deep
1606397640000,1,deep
1606397940000,2,light
1606398240000,2,light
1606398540000,2,light
1606398840000,2,light
1606399140000,2,light
1606399440000,2,light
1606399740000,2,light
1606400040000,2,light
1606400340000,2,light
1606400640000,2,light
1606400940000,2,light
1606401240000,2,light
1606401540000,2,light
1606401840000,2,light
1606402140000,1,deep
1606402440000,1,deep
1606402740000,1,deep
1606403040000,1,deep
1606403340000,1,deep
1606403640000,2,light
1606403940000,2,light
1606404240000,2,light
1606404540000,3,REM
1606404840000,2,light
1606405140000,2,light
1606405440000,2,light
1606405740000,2,light
1606406040000,2,light
1606406340000,2,light
1606406640000,2,light
1606406940000,1,deep
1606407240000,1,deep
1606407540000,1,deep
1606407840000,2,light
1606408140000,2,light
1606408440000,2,light
1606408740000,3,REM
1606409040000,3,REM
1606409340000,3,REM
1606409640000,3,REM
1606409940000,3,REM
1606410240000,3,REM
1606410540000,3,REM
1606410840000,3,REM
1606411140000,2,light
1606411440000,2,light
1606411740000,2,light
1606412040000,2,light
1606412340000,2,light
1606412640000,2,light
1606412940000,3,REM
1606413240000,4,awake
1606413540000,4,awake
1606413840000,4,awake
1606414140000,4,awake
1606414440000,4,awake
1606414740000,4,awake
1606415040000,2,light
1606415340000,2,light
1606415640000,2,light
1606415940000,2,light
1606416240000,3,REM
1606416540000,3,REM
1606416840000,3,REM
1606417140000,3,REM
1606417440000,3,REM
1606417740000,4,awake
1606418040000,2,light
1606418340000,2,light
1606418640000,3,REM
1606418940000,3,REM
1606419240000,3,REM
1606419540000,3,REM
1606419840000,1,deep
1606420140000,4,awake
1606420440000,2,light
1606420740000,3,REM
1606421040000,3,REM
1606421340000,4,awake
1606421640000,4,awake
1606421940000,4,awake
1606422240000,4,awake
1606422540000,4,awake
1606474740000,4,awake
1606475040000,2,light
1606475340000,1,deep
1606475640000,1,deep
1606475940000,1,deep
1606476240000,2,light
1606476540000,2,light
1606476840000,1,deep
1606477140000,1,deep
1606477440000,1,deep
1606477740000,4,awake
1606478040000,2,light
1606478340000,3,REM
1606478640000,1,deep
1606478940000,1,deep
1606479240000,2,light
1606479540000,2,light
1606479840000,2,light
1606480140000,1,deep
1606480440000,1,deep
1606480740000,1,deep
1606481040000,1,deep
1606481340000,1,deep
1606481640000,2,light
1606481940000,2,light
1606482240000,1,deep
1606482540000,2,light
1606482840000,2,light
1606483140000,1,deep
1606483440000,2,light
1606483740000,2,light
1606484040000,1,deep
1606484340000,3,REM
1606484640000,3,REM
1606484940000,2,light
1606485240000,2,light
1606485540000,2,light
1606485840000,1,deep
1606486140000,1,deep
1606486440000,1,deep
1606486740000,1,deep
1606487040000,2,light
1606487340000,2,light
1606487640000,1,deep
1606487940000,1,deep
1606488240000,2,light
1606488540000,2,light
1606488840000,2,light
1606489140000,2,light
1606489440000,3,REM
1606489740000,3,REM
1606490040000,3,REM
1606490340000,1,deep
1606490640000,1,deep
1606490940000,1,deep
1606491240000,1,deep
1606491540000,1,deep
1606491840000,1,deep
1606492140000,2,light
1606492440000,1,deep
1606492740000,1,deep
1606493040000,1,deep
1606493340000,2,light
1606493640000,2,light
1606493940000,1,deep
1606494240000,3,REM
1606494540000,3,REM
1606494840000,3,REM
1606495140000,3,REM
1606495440000,3,REM
1606495740000,3,REM
1606496040000,3,REM
1606496340000,4,awake
1606496640000,4,awake
1606496940000,2,light
1606497240000,2,light
1606497540000,2,light
1606497840000,2,light
1606498140000,4,awake
1606498440000,2,light
1606498740000,2,light
1606499040000,2,light
1606499340000,2,light
1606499640000,4,awake
1606499940000,2,light
1606500240000,2,light
1606500540000,2,light
1606500840000,3,REM
1606501140000,4,awake
1606501440000,4,awake
1606501740000,4,awake
1606502040000,3,REM
1606502340000,3,REM
1606502640000,3,REM
1606502940000,3,REM
1606503240000,3,REM
1606503540000,4,awake
1606503840000,2,light
1606504140000,2,light
1606504440000,3,REM
1606504740000,2,light
1606505040000,2,light
1606505340000,2,light
1606505640000,2,light
1606505940000,1,deep
1606506240000,4,awake
1606506540000,4,awake
1606506840000,2,light
1606507140000,4,awake
1606507440000,4,awake
1606507740000,4,awake
1606508040000,4,awake
1606508340000,4,awake
1606561199000,4,awake
1606561499000,4,awake
1606561799000,1,deep
1606562099000,1,deep
1606562399000,1,deep
1606562699000,1,deep
1606562999000,1,deep
1606563299000,1,deep
1606563599000,4,awake
1606563899000,4,awake
1606564199000,1,deep
1606564499000,1,deep
1606564799000,1,deep
1606565099000,2,light
1606565399000,1,deep
1606565699000,2,light
1606565999000,2,light
1606566299000,1,deep
1606566599000,1,deep
1606566899000,1,deep
1606567199000,1,deep
1606567499000,1,deep
1606567799000,4,awake
1606568099000,4,awake
1606568399000,1,deep
1606568699000,1,deep
1606568999000,1,deep
1606569299000,1,deep
1606569599000,1,deep
1606569899000,2,light
1606570199000,4,awake
1606570499000,4,awake
1606570799000,3,REM
1606571099000,3,REM
1606571399000,3,REM
1606571699000,3,REM
1606571999000,3,REM
1606572299000,2,light
1606572599000,2,light
1606572899000,2,light
1606573199000,1,deep
1606573499000,1,deep
1606573799000,1,deep
1606574099000,2,light
1606574399000,2,light
1606574699000,2,light
1606574999000,1,deep
1606575299000,2,light
1606575599000,2,light
1606575899000,2,light
1606576199000,2,light
1606576499000,2,light
1606576799000,2,light
1606577099000,4,awake
1606577399000,2,light
1606577699000,2,light
1606577999000,2,light
1606578299000,2,light
1606578599000,2,light
1606578899000,2,light
1606579199000,1,deep
1606579499000,1,deep
1606579799000,2,light
1606580099000,2,light
1606580399000,2,light
1606580699000,1,deep
1606580999000,4,awake
1606581299000,4,awake
1606581599000,4,awake
1606581899000,2,light
1606582199000,4,awake
1606582499000,4,awake
1606582799000,4,awake
1606647030000,4,awake
1606647330000,2,light
1606647630000,2,light
1606647930000,2,light
1606648230000,1,deep
1606648530000,1,deep
1606648830000,1,deep
1606649130000,1,deep
1606649430000,1,deep
1606649730000,1,deep
1606650030000,1,deep
1606650330000,1,deep
1606650630000,1,deep
1606650930000,4,awake
1606651230000,2,light
1606651530000,1,deep
1606651830000,1,deep
1606652130000,1,deep
1606652430000,1,deep
1606652730000,1,deep
1606653030000,1,deep
1606653330000,1,deep
1606653630000,1,deep
1606653930000,1,deep
1606654230000,2,light
1606654530000,2,light
1606654830000,1,deep
1606655130000,1,deep
1606655430000,2,light
1606655730000,2,light
1606656030000,2,light
1606656330000,1,deep
1606656630000,1,deep
1606656930000,1,deep
1606657230000,1,deep
1606657530000,2,light
1606657830000,1,deep
1606658130000,1,deep
1606658430000,1,deep
1606658730000,2,light
1606659030000,2,light
1606659330000,2,light
1606659630000,2,light
1606659930000,1,deep
1606660230000,2,light
1606660530000,2,light
1606660830000,3,REM
1606661130000,4,awake
1606661430000,2,light
1606661730000,2,light
1606662030000,2,light
1606662330000,2,light
1606662630000,2,light
1606662930000,1,deep
1606663230000,2,light
1606663530000,2,light
1606663830000,1,deep
1606664130000,1,deep
1606664430000,1,deep
1606664730000,2,light
1606665030000,2,light
1606665330000,2,light
1606665630000,2,light
1606665930000,2,light
1606666230000,2,light
1606666530000,2,light
1606666830000,2,light
1606667130000,2,light
1606667430000,3,REM
1606667730000,3,REM
1606668030000,2,light
1606668330000,4,awake
1606668630000,2,light
1606668930000,2,light
1606669230000,2,light
1606669530000,2,light
1606669830000,2,light
1606670130000,2,light
1606670430000,2,light
1606670730000,2,light
1606671030000,2,light
1606671330000,2,light
1606671630000,2,light
1606671930000,2,light
1606672230000,2,light
1606672530000,4,awake
1606672830000,4,awake
1606673130000,3,REM
1606673430000,3,REM
1606673730000,3,REM
1606674030000,3,REM
1606674330000,3,REM
1606674630000,2,light
1606674930000,2,light
1606675230000,2,light
1606675530000,2,light
1606675830000,3,REM
1606676130000,1,deep
1606676430000,3,REM
1606676730000,3,REM
1606677030000,4,awake
1606677330000,4,awake
1606677630000,2,light
1606677930000,2,light
1606678230000,3,REM
1606678530000,3,REM
1606678830000,3,REM
1606679130000,3,REM
1606679430000,2,light
1606679730000,4,awake
1606680030000,4,awake
1606680330000,2,light
1606680630000,3,REM
1606680930000,4,awake
1606681230000,4,awake
1606733911000,4,awake
1606734211000,2,light
1606734511000,1,deep
1606734811000,1,deep
1606735111000,1,deep
1606735411000,2,light
1606735711000,2,light
1606736011000,1,deep
1606736311000,1,deep
1606736611000,1,deep
1606736911000,1,deep
1606737211000,1,deep
1606737511000,1,deep
1606737811000,2,light
1606738111000,2,light
1606738411000,2,light
1606738711000,2,light
1606739011000,2,light
1606739311000,2,light
1606739611000,2,light
1606739911000,1,deep
1606740211000,1,deep
1606740511000,1,deep
1606740811000,1,deep
1606741111000,4,awake
1606741411000,3,REM
1606741711000,3,REM
1606742011000,3,REM
1606742311000,3,REM
1606742611000,3,REM
1606742911000,3,REM
1606743211000,4,awake
1606743511000,2,light
1606743811000,2,light
1606744111000,2,light
1606744411000,2,light
1606744711000,2,light
1606745011000,1,deep
1606745311000,1,deep
1606745611000,2,light
1606745911000,2,light
1606746211000,1,deep
1606746511000,1,deep
1606746811000,1,deep
1606747111000,1,deep
1606747411000,2,light
1606747711000,1,deep
1606748011000,1,deep
1606748311000,2,light
1606748611000,2,light
1606748911000,1,deep
1606749211000,3,REM
1606749511000,3,REM
1606749811000,3,REM
1606750111000,3,REM
1606750411000,3,REM
1606750711000,2,light
1606751011000,2,light
1606751311000,4,awake
1606751611000,4,awake
1606751911000,2,light
1606752211000,2,light
1606752511000,2,light
1606752811000,2,light
1606753111000,2,light
1606753411000,2,light
1606753711000,2,light
1606754011000,2,light
1606754311000,2,light
1606754611000,2,light
1606754911000,3,REM
1606755211000,3,REM
1606755511000,3,REM
1606755811000,3,REM
1606756111000,3,REM
1606756411000,4,awake
1606756711000,4,awake
1606757011000,2,light
1606757311000,4,awake
1606757611000,4,awake
1606810591000,4,awake
1606810891000,4,awake
1606811191000,2,light
1606811491000,2,light
1606811791000,4,awake
1606812091000,4,awake
1606812391000,4,awake
1606812691000,2,light
1606812991000,2,light
1606813291000,2,light
1606813591000,2,light
1606813891000,2,light
1606814191000,2,light
1606814491000,1,deep
1606814791000,1,deep
1606815091000,4,awake
1606815391000,4,awake
1606815691000,2,light
1606815991000,2,light
1606816291000,2,light
1606816591000,1,deep
1606816891000,1,deep
1606817191000,1,deep
1606817491000,1,deep
1606817791000,1,deep
1606818091000,1,deep
1606818391000,3,REM
1606818691000,2,light
1606818991000,2,light
1606819291000,2,light
1606819591000,1,deep
1606819891000,2,light
1606820191000,2,light
1606820491000,1,deep
1606820791000,1,deep
1606821091000,2,light
1606821391000,2,light
1606821691000,2,light
1606821991000,2,light
1606822291000,2,light
1606822591000,4,awake
1606822891000,4,awake
1606823191000,2,light
1606823491000,2,light
1606823791000,2,light
1606824091000,2,light
1606824391000,2,light
1606824691000,2,light
1606824991000,1,deep
1606825291000,2,light
1606825591000,2,light
1606825891000,1,deep
1606826191000,2,light
1606826491000,2,light
1606826791000,1,deep
1606827091000,4,awake
1606827391000,4,awake
1606827691000,2,light
1606827991000,2,light
1606828291000,2,light
1606828591000,2,light
1606828891000,4,awake
1606829191000,4,awake
1606829491000,4,awake
1606829791000,3,REM
1606830091000,4,awake
1606830391000,4,awake
1606894584000,4,awake
1606894884000,1,deep
1606895184000,1,deep
1606895484000,1,deep
1606895784000,1,deep
1606896084000,1,deep
1606896384000,1,deep
1606896684000,1,deep
1606896984000,1,deep
1606897284000,1,deep
1606897584000,1,deep
1606897884000,2,light
1606898184000,2,light
1606898484000,1,deep
1606898784000,1,deep
1606899084000,1,deep
1606899384000,1,deep
1606899684000,2,light
1606899984000,2,light
1606900284000,1,deep
1606900584000,1,deep
1606900884000,1,deep
1606901184000,1,deep
1606901484000,1,deep
1606901784000,1,deep
1606902084000,2,light
1606902384000,2,light
1606902684000,1,deep
1606902984000,1,deep
1606903284000,1,deep
1606903584000,1,deep
1606903884000,4,awake
1606904184000,4,awake
1606904484000,2,light
1606904784000,2,light
1606905084000,2,light
1606905384000,2,light
1606905684000,1,deep
1606905984000,1,deep
1606906284000,1,deep
1606906584000,2,light
1606906884000,2,light
1606907184000,2,light
1606907484000,2,light
1606907784000,2,light
1606908084000,2,light
1606908384000,2,light
1606908684000,2,light
1606908984000,2,light
1606909284000,2,light
1606909584000,1,deep
1606909884000,2,light
1606910184000,1,deep
1606910484000,2,light
1606910784000,2,light
1606911084000,2,light
1606911384000,2,light
1606911684000,1,deep
1606911984000,1,deep
1606912284000,1,deep
1606912584000,2,light
1606912884000,4,awake
1606913184000,2,light
1606913484000,2,light
1606913784000,2,light
1606914084000,2,light
1606914384000,2,light
1606914684000,2,light
1606914984000,2,light
1606915284000,2,light
1606915584000,2,light
1606915884000,2,light
1606916184000,1,deep
1606916484000,1,deep
1606916784000,2,light
1606917084000,2,light
1606917384000,2,light
1606917684000,2,light
1606917984000,2,light
1606918284000,2,light
1606918584000,3,REM
1606918884000,3,REM
1606919184000,3,REM
1606919484000,3,REM
1606919784000,4,awake
1606920084000,2,light
1606920384000,2,light
1606920684000,2,light
1606920984000,2,light
1606921284000,2,light
1606921584000,1,deep
1606921884000,2,light
1606922184000,2,light
1606922484000,2,light
1606922784000,1,deep
1606923084000,2,light
1606923384000,2,light
1606923684000,2,light
1606923984000,2,light
1606924284000,4,awake
1606924584000,3,REM
1606924884000,4,awake
1606925184000,4,awake
1606925484000,3,REM
1606925784000,3,REM
1606926084000,3,REM
1606926384000,3,REM
1606926684000,4,awake
1606926984000,4,awake
1606927284000,3,REM
1606927584000,3,REM
1606927884000,2,light
1606928184000,2,light
1606928484000,2,light
1606928784000,2,light
1606929084000,2,light
1606929384000,2,light
1606929684000,2,light
1606929984000,4,awake
1606930284000,4,awake
1606930584000,4,awake
1606930884000,3,REM
1606931184000,2,light
1606931484000,3,REM
1606931784000,3,REM
1606932084000,3,REM
1606932384000,3,REM
1606932684000,3,REM
1606932984000,3,REM
1606933284000,3,REM
1606933584000,3,REM
1606933884000,3,REM
1606934184000,1,deep
1606934484000,2,light
1606934784000,4,awake
1606935084000,4,awake
1606988490000,4,awake
1606988790000,2,light
1606989090000,1,deep
1606989390000,1,deep
1606989690000,1,deep
1606989990000,1,deep
1606990290000,1,deep
1606990590000,1,deep
1606990890000,2,light
1606991190000,2,light
1606991490000,2,light
1606991790000,1,deep
1606992090000,1,deep
1606992390000,1,deep
1606992690000,1,deep
1606992990000,2,light
1606993290000,2,light
1606993590000,2,light
1606993890000,1,deep
1606994190000,1,deep
1606994490000,1,deep
1606994790000,1,deep
1606995090000,2,light
1606995390000,1,deep
1606995690000,1,deep
1606995990000,1,deep
1606996290000,2,light
1606996590000,4,awake
1606996890000,2,light
1606997190000,2,light
1606997490000,2,light
1606997790000,2,light
1606998090000,2,light
1606998390000,2,light
1606998690000,2,light
1606998990000,2,light
1606999290000,4,awake
1606999590000,2,light
1606999890000,2,light
1607000190000,1,deep
1607000490000,2,light
1607000790000,2,light
1607001090000,2,light
1607001390000,2,light
1607001690000,4,awake
1607001990000,2,light
1607002290000,2,light
1607002590000,2,light
1607002890000,1,deep
1607003190000,1,deep
1607003490000,1,deep
1607003790000,2,light
1607004090000,2,light
1607004390000,3,REM
1607004690000,3,REM
1607004990000,3,REM
1607005290000,3,REM
1607005590000,3,REM
1607005890000,2,light
1607006190000,2,light
1607006490000,4,awake
1607006790000,4,awake
1607007090000,2,light
1607007390000,2,light
1607007690000,1,deep
1607007990000,1,deep
1607008290000,1,deep
1607008590000,1,deep
1607008890000,1,deep
1607009190000,1,deep
1607009490000,2,light
1607009790000,2,light
1607010090000,2,light
1607010390000,2,light
1607010690000,2,light
1607010990000,3,REM
1607011290000,3,REM
1607011590000,4,awake
1607011890000,2,light
1607012190000,2,light
1607012490000,2,light
1607012790000,2,light
1607013090000,3,REM
1607013390000,2,light
1607013690000,2,light
1607013990000,2,light
1607014290000,2,light
1607014590000,2,light
1607014890000,2,light
1607015190000,1,deep
1607015490000,1,deep
1607015790000,4,awake
1607016090000,2,light
1607016390000,4,awake
1607016690000,4,awake
1607016990000,4,awake
1607017290000,4,awake
1607017590000,2,light
1607017890000,4,awake
1607073691000,4,awake
1607073991000,1,deep
1607074291000,1,deep
1607074591000,1,deep
1607074891000,1,deep
1607075191000,1,deep
1607075491000,1,deep
1607075791000,1,deep
1607076091000,1,deep
1607076391000,1,deep
1607076691000,1,deep
1607076991000,2,light
1607077291000,2,light
1607077591000,2,light
1607077891000,2,light
1607078191000,2,light
1607078491000,2,light
1607078791000,2,light
1607079091000,1,deep
1607079391000,4,awake
1607079691000,2,light
1607079991000,1,deep
1607080291000,1,deep
1607080591000,1,deep
1607080891000,1,deep
1607081191000,1,deep
1607081491000,1,deep
1607081791000,2,light
1607082091000,2,light
1607082391000,4,awake
1607082691000,2,light
1607082991000,2,light
1607083291000,2,light
1607083591000,2,light
1607083891000,2,light
1607084191000,1,deep
1607084491000,2,light
1607084791000,2,light
1607085091000,2,light
1607085391000,2,light
1607085691000,2,light
1607085991000,2,light
1607086291000,2,light
1607086591000,2,light
1607086891000,2,light
1607087191000,2,light
1607087491000,2,light
1607087791000,1,deep
1607088091000,1,deep
1607088391000,2,light
1607088691000,2,light
1607088991000,2,light
1607089291000,2,light
1607089591000,2,light
1607089891000,3,REM
1607090191000,3,REM
1607090491000,4,awake
1607090791000,2,light
1607091091000,2,light
1607091391000,2,light
1607091691000,2,light
1607091991000,2,light
1607092291000,2,light
1607092591000,2,light
1607092891000,2,light
1607093191000,2,light
1607093491000,1,deep
1607093791000,2,light
1607094091000,2,light
1607094391000,1,deep
1607094691000,1,deep
1607094991000,3,REM
1607095291000,2,light
1607095591000,4,awake
1607095891000,4,awake
1607096191000,4,awake
1607096491000,4,awake
1607096791000,2,light
1607097091000,2,light
1607097391000,4,awake
1607097691000,4,awake
1607166691000,4,awake
1607166991000,2,light
1607167291000,1,deep
1607167591000,1,deep
1607167891000,1,deep
1607168191000,1,deep
1607168491000,1,deep
1607168791000,1,deep
1607169091000,4,awake
1607169391000,2,light
1607169691000,2,light
1607169991000,2,light
1607170291000,2,light
1607170591000,2,light
1607170891000,1,deep
1607171191000,1,deep
1607171491000,1,deep
1607171791000,1,deep
1607172091000,2,light
1607172391000,1,deep
1607172691000,1,deep
1607172991000,1,deep
1607173291000,1,deep
1607173591000,1,deep
1607173891000,1,deep
1607174191000,1,deep
1607174491000,1,deep
1607174791000,1,deep
1607175091000,2,light
1607175391000,2,light
1607175691000,2,light
1607175991000,2,light
1607176291000,2,light
1607176591000,2,light
1607176891000,2,light
1607177191000,1,deep
1607177491000,1,deep
1607177791000,1,deep
1607178091000,1,deep
1607178391000,2,light
1607178691000,1,deep
1607178991000,2,light
1607179291000,2,light
1607179591000,2,light
1607179891000,2,light
1607180191000,2,light
1607180491000,3,REM
1607180791000,3,REM
1607181091000,4,awake
1607181391000,3,REM
1607181691000,3,REM
1607181991000,3,REM
1607182291000,3,REM
1607182591000,2,light
1607182891000,2,light
1607183191000,2,light
1607183491000,2,light
1607183791000,2,light
1607184091000,1,deep
1607184391000,2,light
1607184691000,2,light
1607184991000,2,light
1607185291000,2,light
1607185591000,2,light
1607185891000,2,light
1607186191000,2,light
1607186491000,4,awake
1607186791000,2,light
1607187091000,3,REM
1607187391000,3,REM
1607187691000,2,light
1607187991000,2,light
1607188291000,2,light
1607188591000,2,light
1607188891000,2,light
1607189191000,2,light
1607189491000,2,light
1607189791000,3,REM
1607190091000,4,awake
1607190391000,4,awake
1607190691000,4,awake
1607190991000,2,light
1607191291000,2,light
1607191591000,4,awake
1607191891000,4,awake
1607192191000,4,awake
1607192491000,2,light
1607192791000,2,light
1607193091000,4,awake
1607193391000,4,awake
1607193691000,4,awake
1607193991000,4,awake
1607194291000,3,REM
1607194591000,4,awake
1607194891000,4,awake
1607195191000,3,REM
1607195491000,3,REM
1607195791000,3,REM
1607196091000,3,REM
1607196391000,4,awake
1607196691000,4,awake
1607196991000,4,awake
1607197291000,4,awake
1607197591000,4,awake
1607197891000,4,awake
1607198191000,4,awake
1607259391000,4,awake
1607259691000,2,light
1607259991000,2,light
1607260291000,1,deep
1607260591000,1,deep
1607260891000,1,deep
1607261191000,1,deep
1607261491000,1,deep
1607261791000,1,deep
1607262091000,1,deep
1607262391000,1,deep
1607262691000,1,deep
1607262991000,1,deep
1607263291000,1,deep
1607263591000,1,deep
1607263891000,2,light
1607264191000,2,light
1607264491000,2,light
1607264791000,1,deep
1607265091000,1,deep
1607265391000,2,light
1607265691000,1,deep
1607265991000,1,deep
1607266291000,2,light
1607266591000,2,light
1607266891000,1,deep
1607267191000,1,deep
1607267491000,1,deep
1607267791000,2,light
1607268091000,1,deep
1607268391000,1,deep
1607268691000,1,deep
1607268991000,2,light
1607269291000,3,REM
1607269591000,3,REM
1607269891000,3,REM
1607270191000,2,light
1607270491000,2,light
1607270791000,2,light
1607271091000,2,light
1607271391000,2,light
1607271691000,2,light
1607271991000,2,light
1607272291000,2,light
1607272591000,2,light
1607272891000,1,deep
1607273191000,1,deep
1607273491000,1,deep
1607273791000,1,deep
1607274091000,1,deep
1607274391000,2,light
1607274691000,2,light
1607274991000,3,REM
1607275291000,3,REM
1607275591000,3,REM
1607275891000,2,light
1607276191000,2,light
1607276491000,2,light
1607276791000,2,light
1607277091000,1,deep
1607277391000,1,deep
1607277691000,2,light
1607277991000,2,light
1607278291000,2,light
1607278591000,3,REM
1607278891000,3,REM
1607279191000,3,REM
1607279491000,3,REM
1607279791000,2,light
1607280091000,3,REM
1607280391000,2,light
1607280691000,2,light
1607280991000,3,REM
1607281291000,3,REM
1607281591000,4,awake
1607281891000,4,awake
1607282191000,2,light
1607282491000,3,REM
1607282791000,3,REM
1607283091000,3,REM
1607283391000,4,awake
1607283691000,4,awake
1607283991000,3,REM
1607284291000,3,REM
1607284591000,4,awake
1607284891000,4,awake
1607340930000,4,awake
1607341230000,4,awake
1607341530000,4,awake
1607341830000,4,awake
1607342130000,2,light
1607342430000,2,light
1607342730000,2,light
1607343030000,1,deep
1607343330000,1,deep
1607343630000,1,deep
1607343930000,1,deep
1607344230000,1,deep
1607344530000,1,deep
1607344830000,1,deep
1607345130000,4,awake
1607345430000,2,light
1607345730000,2,light
1607346030000,2,light
1607346330000,2,light
1607346630000,2,light
1607346930000,1,deep
1607347230000,1,deep
1607347530000,2,light
1607347830000,2,light
1607348130000,2,light
1607348430000,1,deep
1607348730000,2,light
1607349030000,2,light
1607349330000,2,light
1607349630000,2,light
1607349930000,1,deep
1607350230000,1,deep
1607350530000,2,light
1607350830000,3,REM
1607351130000,3,REM
1607351430000,3,REM
1607351730000,3,REM
1607352030000,3,REM
1607352330000,2,light
1607352630000,2,light
1607352930000,2,light
1607353230000,2,light
1607353530000,1,deep
1607353830000,1,deep
1607354130000,1,deep
1607354430000,1,deep
1607354730000,1,deep
1607355030000,1,deep
1607355330000,2,light
1607355630000,2,light
1607355930000,1,deep
1607356230000,2,light
1607356530000,2,light
1607356830000,1,deep
1607357130000,2,light
1607357430000,1,deep
1607357730000,1,deep
1607358030000,1,deep
1607358330000,3,REM
1607358630000,3,REM
1607358930000,3,REM
1607359230000,3,REM
1607359530000,3,REM
1607359830000,2,light
1607360130000,2,light
1607360430000,2,light
1607360730000,2,light
1607361030000,2,light
1607361330000,2,light
1607361630000,2,light
1607361930000,2,light
1607362230000,4,awake
1607362530000,2,light
1607362830000,4,awake
1607417551000,4,awake
1607417851000,4,awake
1607418151000,4,awake
1607418451000,4,awake
1607418751000,4,awake
1607419051000,4,awake
1607419351000,4,awake
1607419651000,2,light
1607419951000,2,light
1607420251000,2,light
1607420551000,2,light
1607420851000,2,light
1607421151000,2,light
1607421451000,1,deep
1607421751000,1,deep
1607422051000,1,deep
1607422351000,2,light
1607422651000,4,awake
1607422951000,4,awake
1607423251000,3,REM
1607423551000,3,REM
1607423851000,2,light
1607424151000,2,light
1607424451000,2,light
1607424751000,2,light
1607425051000,2,light
1607425351000,1,deep
1607425651000,4,awake
1607425951000,2,light
1607426251000,1,deep
1607426551000,1,deep
1607426851000,1,deep
1607427151000,1,deep
1607427451000,4,awake
1607427751000,2,light
1607428051000,2,light
1607428351000,2,light
1607428651000,2,light
1607428951000,1,deep
1607429251000,1,deep
1607429551000,1,deep
1607429851000,3,REM
1607430151000,4,awake
1607430451000,2,light
1607430751000,2,light
1607431051000,2,light
1607431351000,2,light
1607431651000,2,light
1607431951000,3,REM
1607432251000,1,deep
1607432551000,2,light
1607432851000,2,light
1607433151000,2,light
1607433451000,2,light
1607433751000,2,light
1607434051000,2,light
1607434351000,2,light
1607434651000,2,light
1607434951000,2,light
1607435251000,4,awake
1607509348000,4,awake
1607509648000,4,awake
1607509948000,4,awake
1607510248000,4,awake
1607510548000,4,awake
1607510848000,4,awake
1607511148000,4,awake
1607511448000,4,awake
1607511748000,2,light
1607512048000,2,light
1607512348000,1,deep
1607512648000,1,deep
1607512948000,1,deep
1607513248000,4,awake
1607513548000,2,light
1607513848000,1,deep
1607514148000,1,deep
1607514448000,1,deep
1607514748000,2,light
1607515048000,1,deep
1607515348000,1,deep
1607515648000,1,deep
1607515948000,4,awake
1607516248000,2,light
1607516548000,2,light
1607516848000,2,light
1607517148000,1,deep
1607517448000,1,deep
1607517748000,1,deep
1607518048000,1,deep
1607518348000,1,deep
1607518648000,1,deep
1607518948000,1,deep
1607519248000,2,light
1607519548000,2,light
1607519848000,1,deep
1607520148000,1,deep
1607520448000,1,deep
1607520748000,1,deep
1607521048000,2,light
1607521348000,1,deep
1607521648000,1,deep
1607521948000,2,light
1607522248000,3,REM
1607522548000,3,REM
1607522848000,3,REM
1607523148000,3,REM
1607523448000,3,REM
1607523748000,2,light
1607524048000,2,light
1607524348000,2,light
1607524648000,2,light
1607524948000,2,light
1607525248000,1,deep
1607525548000,2,light
1607525848000,2,light
1607526148000,2,light
1607526448000,2,light
1607526748000,4,awake
1607527048000,4,awake
1607527348000,2,light
1607527648000,2,light
1607527948000,2,light
1607528248000,1,deep
1607528548000,4,awake
1607528848000,2,light
1607529148000,3,REM
1607529448000,3,REM
1607529748000,3,REM
1607530048000,4,awake
1607530348000,2,light
1607530648000,2,light
1607530948000,2,light
1607531248000,2,light
1607531548000,2,light
1607531848000,2,light
1607532148000,2,light
1607532448000,2,light
1607532748000,2,light
1607533048000,2,light
1607533348000,2,light
1607533648000,2,light
1607533948000,2,light
1607534248000,2,light
1607534548000,3,REM
1607534848000,4,awake
1607535148000,4,awake
1607535448000,4,awake
1607535748000,4,awake
1607536048000,4,awake
1607536348000,4,awake
1607536648000,2,light
1607536948000,4,awake
1607537248000,4,awake
1607600072000,4,awake
1607600372000,4,awake
1607600672000,1,deep
1607600972000,1,deep
1607601272000,1,deep
1607601572000,1,deep
1607601872000,1,deep
1607602172000,1,deep
1607602472000,1,deep
1607602772000,1,deep
1607603072000,2,light
1607603372000,1,deep
1607603672000,1,deep
1607603972000,4,awake
1607604272000,2,light
1607604572000,1,deep
1607604872000,1,deep
1607605172000,1,deep
1607605472000,4,awake
1607605772000,4,awake
1607606072000,2,light
1607606372000,2,light
1607606672000,3,REM
1607606972000,2,light
1607607272000,2,light
1607607572000,2,light
1607607872000,2,light
1607608172000,2,light
1607608472000,1,deep
1607608772000,1,deep
1607609072000,1,deep
1607609372000,2,light
1607609672000,2,light
1607609972000,2,light
1607610272000,2,light
1607610572000,4,awake
1607610872000,2,light
1607611172000,2,light
1607611472000,1,deep
1607611772000,1,deep
1607612072000,1,deep
1607612372000,1,deep
1607612672000,1,deep
1607612972000,4,awake
1607613272000,4,awake
1607613572000,3,REM
1607613872000,2,light
1607614172000,2,light
1607614472000,2,light
1607614772000,2,light
1607615072000,1,deep
1607615372000,1,deep
1607615672000,1,deep
1607615972000,2,light
1607616272000,2,light
1607616572000,2,light
1607616872000,2,light
1607617172000,4,awake
1607617472000,4,awake
1607617772000,4,awake
1607618072000,4,awake
1607618372000,3,REM
1607618672000,3,REM
1607618972000,3,REM
1607619272000,3,REM
1607619572000,3,REM
1607619872000,3,REM
1607620172000,3,REM
1607620472000,4,awake
1607620772000,2,light
1607621072000,2,light
1607621372000,2,light
1607621672000,4,awake
1607621972000,4,awake
1607622272000,4,awake
1607622572000,4,awake
1607682331000,4,awake
1607682631000,2,light
1607682931000,1,deep
1607683231000,1,deep
1607683531000,1,deep
1607683831000,1,deep
1607684131000,1,deep
1607684431000,1,deep
1607684731000,1,deep
1607685031000,1,deep
1607685331000,4,awake
1607685631000,4,awake
1607685931000,2,light
1607686231000,1,deep
1607686531000,1,deep
1607686831000,1,deep
1607687131000,2,light
1607687431000,1,deep
1607687731000,3,REM
1607688031000,2,light
1607688331000,2,light
1607688631000,1,deep
1607688931000,1,deep
1607689231000,1,deep
1607689531000,2,light
1607689831000,1,deep
1607690131000,1,deep
1607690431000,1,deep
1607690731000,1,deep
1607691031000,1,deep
1607691331000,1,deep
1607691631000,2,light
1607691931000,2,light
1607692231000,4,awake
1607692531000,4,awake
1607692831000,2,light
1607693131000,2,light
1607693431000,2,light
1607693731000,2,light
1607694031000,4,awake
1607694331000,4,awake
1607694631000,2,light
1607694931000,2,light
1607695231000,2,light
1607695531000,2,light
1607695831000,2,light
1607696131000,4,awake
1607696431000,3,REM
1607696731000,2,light
1607697031000,2,light
1607697331000,2,light
1607697631000,2,light
1607697931000,2,light
1607698231000,2,light
1607698531000,1,deep
1607698831000,1,deep
1607699131000,2,light
1607699431000,2,light
1607699731000,1,deep
1607700031000,2,light
1607700331000,2,light
1607700631000,1,deep
1607700931000,1,deep
1607701231000,4,awake
1607701531000,3,REM
1607701831000,3,REM
1607702131000,3,REM
1607702431000,3,REM
1607702731000,3,REM
1607703031000,2,light
1607703331000,2,light
1607703631000,2,light
1607703931000,2,light
1607704231000,2,light
1607704531000,2,light
1607704831000,2,light
1607705131000,2,light
1607705431000,4,awake
1607705731000,2,light
1607706031000,2,light
1607706331000,2,light
1607706631000,4,awake
1607706931000,4,awake
1607707231000,3,REM
1607707531000,4,awake
1607707831000,4,awake
1607708131000,2,light
1607708431000,2,light
1607708731000,2,light
1607709031000,4,awake
1607709331000,4,awake
1607775841000,4,awake
1607776141000,4,awake
1607776441000,2,light
1607776741000,2,light
1607777041000,2,light
1607777341000,1,deep
1607777641000,1,deep
1607777941000,2,light
1607778241000,1,deep
1607778541000,1,deep
1607778841000,1,deep
1607779141000,1,deep
1607779441000,1,deep
1607779741000,3,REM
1607780041000,4,awake
1607780341000,4,awake
1607780641000,2,light
1607780941000,2,light
1607781241000,1,deep
1607781541000,1,deep
1607781841000,2,light
1607782141000,2,light
1607782441000,1,deep
1607782741000,1,deep
1607783041000,2,light
1607783341000,2,light
1607783641000,2,light
1607783941000,1,deep
1607784241000,2,light
1607784541000,2,light
1607784841000,1,deep
1607785141000,1,deep
1607785441000,1,deep
1607785741000,2,light
1607786041000,2,light
1607786341000,2,light
1607786641000,2,light
1607786941000,2,light
1607787241000,2,light
1607787541000,1,deep
1607787841000,1,deep
1607788141000,1,deep
1607788441000,2,light
1607788741000,1,deep
1607789041000,2,light
1607789341000,2,light
1607789641000,1,deep
1607789941000,2,light
1607790241000,2,light
1607790541000,1,deep
1607790841000,1,deep
1607791141000,1,deep
1607791441000,2,light
1607791741000,3,REM
1607792041000,3,REM
1607792341000,3,REM
1607792641000,3,REM
1607792941000,2,light
1607793241000,3,REM
1607793541000,1,deep
1607793841000,2,light
1607794141000,2,light
1607794441000,2,light
1607794741000,2,light
1607795041000,1,deep
1607795341000,1,deep
1607795641000,1,deep
1607795941000,1,deep
1607796241000,1,deep
1607796541000,2,light
1607796841000,3,REM
1607797141000,3,REM
1607797441000,3,REM
1607797741000,3,REM
1607798041000,3,REM
1607798341000,4,awake
1607798641000,2,light
1607798941000,2,light
1607799241000,2,light
1607799541000,2,light
1607799841000,2,light
1607800141000,2,light
1607800441000,4,awake
1607800741000,3,REM
1607801041000,3,REM
1607801341000,4,awake
1607801641000,4,awake
1607801941000,4,awake
1607802241000,3,REM
1607802541000,3,REM
1607802841000,4,awake
1607803141000,4,awake
1607803441000,2,light
1607803741000,4,awake
1607804041000,4,awake
1607804341000,2,light
1607804641000,2,light
1607804941000,2,light
1607805241000,2,light
1607805541000,2,light
1607805841000,4,awake
1607806141000,3,REM
1607806441000,3,REM
1607806741000,3,REM
1607807041000,3,REM
1607807341000,2,light
1607807641000,4,awake
1607807941000,2,light
1607808241000,2,light
1607808541000,2,light
1607808841000,2,light
1607809141000,4,awake
1607809441000,4,awake
1607809741000,4,awake
1607810041000,4,awake
1607810341000,4,awake
1607810641000,4,awake
1607859598000,4,awake
1607859898000,2,light
1607860198000,1,deep
1607860498000,2,light
1607860798000,2,light
1607861098000,2,light
1607861398000,1,deep
1607861698000,1,deep
1607861998000,2,light
1607862298000,1,deep
1607862598000,4,awake
1607862898000,2,light
1607863198000,2,light
1607863498000,2,light
1607863798000,2,light
1607864098000,2,light
1607864398000,1,deep
1607864698000,2,light
1607864998000,1,deep
1607865298000,2,light
1607865598000,2,light
1607865898000,2,light
1607866198000,2,light
1607866498000,2,light
1607866798000,1,deep
1607867098000,2,light
1607867398000,2,light
1607867698000,2,light
1607867998000,2,light
1607868298000,2,light
1607868598000,3,REM
1607868898000,3,REM
1607869198000,4,awake
1607869498000,2,light
1607869798000,2,light
1607870098000,2,light
1607870398000,2,light
1607870698000,2,light
1607870998000,2,light
1607871298000,2,light
1607871598000,2,light
1607871898000,1,deep
1607872198000,1,deep
1607872498000,1,deep
1607872798000,1,deep
1607873098000,1,deep
1607873398000,1,deep
1607873698000,2,light
1607873998000,2,light
1607874298000,1,deep
1607874598000,1,deep
1607874898000,2,light
1607875198000,2,light
1607875498000,4,awake
1607875798000,4,awake
1607876098000,2,light
1607876398000,2,light
1607876698000,2,light
1607876998000,2,light
1607877298000,2,light
1607877598000,2,light
1607877898000,2,light
1607878198000,2,light
1607878498000,1,deep
1607878798000,1,deep
1607879098000,4,awake
1607879398000,2,light
1607879698000,2,light
1607879998000,2,light
1607880298000,2,light
1607880598000,2,light
1607880898000,2,light
1607881198000,3,REM
1607881498000,3,REM
1607881798000,4,awake
1607882098000,4,awake
1607882398000,3,REM
1607882698000,3,REM
1607882998000,3,REM
1607883298000,3,REM
1607883598000,3,REM
1607883898000,3,REM
1607884198000,2,light
1607884498000,2,light
1607884798000,3,REM
1607885098000,4,awake
1607885398000,2,light
1607885698000,2,light
1607885998000,2,light
1607886298000,2,light
1607886598000,2,light
1607886898000,3,REM
1607887198000,3,REM
1607887498000,4,awake
1607887798000,4,awake
1607888098000,4,awake
1607948400000,4,awake
1607948700000,2,light
1607949000000,2,light
1607949300000,2,light
1607949600000,2,light
1607949900000,2,light
1607950200000,1,deep
1607950500000,1,deep
1607950800000,1,deep
1607951100000,1,deep
1607951400000,1,deep
1607951700000,1,deep
1607952000000,1,deep
1607952300000,2,light
1607952600000,1,deep
1607952900000,1,deep
1607953200000,1,deep
1607953500000,1,deep
1607953800000,1,deep
1607954100000,1,deep
1607954400000,1,deep
1607954700000,1,deep
1607955000000,1,deep
1607955300000,1,deep
1607955600000,1,deep
1607955900000,1,deep
1607956200000,4,awake
1607956500000,3,REM
1607956800000,3,REM
1607957100000,1,deep
1607957400000,1,deep
1607957700000,2,light
1607958000000,2,light
1607958300000,2,light
1607958600000,1,deep
1607958900000,1,deep
1607959200000,2,light
1607959500000,2,light
1607959800000,2,light
1607960100000,2,light
1607960400000,1,deep
1607960700000,1,deep
1607961000000,2,light
1607961300000,2,light
1607961600000,3,REM
1607961900000,3,REM
1607962200000,3,REM
1607962500000,3,REM
1607962800000,3,REM
1607963100000,3,REM
1607963400000,3,REM
1607963700000,2,light
1607964000000,2,light
1607964300000,2,light
1607964600000,2,light
1607964900000,2,light
1607965200000,2,light
1607965500000,2,light
1607965800000,2,light
1607966100000,1,deep
1607966400000,1,deep
1607966700000,2,light
1607967000000,4,awake
1607967300000,4,awake
1607967600000,4,awake
1607967900000,2,light
1607968200000,4,awake
1607968500000,4,awake
1608013860000,4,awake
1608014160000,2,light
1608014460000,1,deep
1608014760000,4,awake
1608015060000,4,awake
1608015360000,1,deep
1608015660000,1,deep
1608015960000,1,deep
1608016260000,1,deep
1608016560000,1,deep
1608016860000,1,deep
1608017160000,2,light
1608017460000,2,light
1608017760000,1,deep
1608018060000,3,REM
1608018360000,2,light
1608018660000,2,light
1608018960000,4,awake
1608019260000,4,awake
1608019560000,4,awake
1608019860000,2,light
1608020160000,1,deep
1608020460000,1,deep
1608020760000,1,deep
1608021060000,1,deep
1608021360000,1,deep
1608021660000,1,deep
1608021960000,2,light
1608022260000,2,light
1608022560000,2,light
1608022860000,2,light
1608023160000,1,deep
1608023460000,2,light
1608023760000,2,light
1608024060000,2,light
1608024360000,2,light
1608024660000,2,light
1608024960000,3,REM
1608025260000,3,REM
1608025560000,3,REM
1608025860000,4,awake
1608026160000,2,light
1608026460000,2,light
1608026760000,2,light
1608027060000,2,light
1608027360000,2,light
1608027660000,2,light
1608027960000,2,light
1608028260000,2,light
1608028560000,2,light
1608028860000,1,deep
1608029160000,1,deep
1608029460000,4,awake
1608029760000,2,light
1608030060000,2,light
1608030360000,2,light
1608030660000,2,light
1608030960000,1,deep
1608031260000,2,light
1608031560000,2,light
1608031860000,3,REM
1608032160000,3,REM
1608032460000,2,light
1608032760000,2,light
1608033060000,2,light
1608033360000,2,light
1608033660000,1,deep
1608033960000,1,deep
1608034260000,1,deep
1608034560000,2,light
1608034860000,2,light
1608035160000,2,light
1608035460000,2,light
1608035760000,2,light
1608036060000,2,light
1608036360000,3,REM
1608036660000,3,REM
1608036960000,3,REM
1608037260000,3,REM
1608037560000,3,REM
1608037860000,2,light
1608038160000,2,light
1608038460000,2,light
1608038760000,2,light
1608039060000,2,light
1608039360000,2,light
1608039660000,2,light
1608039960000,2,light
1608040260000,4,awake
1608118229000,2,light
1608118529000,2,light
1608118829000,1,deep
1608119129000,1,deep
1608119429000,1,deep
1608119729000,1,deep
1608120029000,1,deep
1608120329000,1,deep
1608120629000,1,deep
1608120929000,1,deep
1608121229000,1,deep
1608121529000,2,light
1608121829000,2,light
1608122129000,2,light
1608122429000,1,deep
1608122729000,1,deep
1608123029000,1,deep
1608123329000,1,deep
1608123629000,1,deep
1608123929000,1,deep
1608124229000,1,deep
1608124529000,1,deep
1608124829000,1,deep
1608125129000,1,deep
1608125429000,1,deep
1608125729000,1,deep
1608126029000,4,awake
1608126329000,2,light
1608126629000,1,deep
1608126929000,3,REM
1608127229000,3,REM
1608127529000,3,REM
1608127829000,2,light
1608128129000,2,light
1608128429000,2,light
1608128729000,2,light
1608129029000,2,light
1608129329000,1,deep
1608129629000,1,deep
1608129929000,1,deep
1608130229000,2,light
1608130529000,1,deep
1608130829000,1,deep
1608131129000,1,deep
1608131429000,1,deep
1608131729000,1,deep
1608132029000,3,REM
1608132329000,3,REM
1608132629000,3,REM
1608132929000,2,light
1608133229000,3,REM
1608133529000,3,REM
1608133829000,2,light
1608134129000,2,light
1608134429000,4,awake
1608134729000,4,awake
1608135029000,2,light
1608135329000,2,light
1608135629000,2,light
1608135929000,2,light
1608136229000,2,light
1608136529000,4,awake
1608136829000,4,awake
1608137129000,2,light
1608137429000,2,light
1608137729000,3,REM
1608138029000,3,REM
1608138329000,3,REM
1608138629000,3,REM
1608138929000,3,REM
1608139229000,3,REM
1608139529000,1,deep
1608139829000,2,light
1608140129000,2,light
1608140429000,2,light
1608140729000,2,light
1608141029000,4,awake
1608141329000,4,awake
1608204239000,2,light
1608204539000,2,light
1608204839000,1,deep
1608205139000,1,deep
1608205439000,1,deep
1608205739000,1,deep
1608206039000,1,deep
1608206339000,1,deep
1608206639000,1,deep
1608206939000,1,deep
1608207239000,1,deep
1608207539000,2,light
1608207839000,2,light
1608208139000,1,deep
1608208439000,1,deep
1608208739000,1,deep
1608209039000,1,deep
1608209339000,4,awake
1608209639000,2,light
1608209939000,1,deep
1608210239000,1,deep
1608210539000,1,deep
1608210839000,1,deep
1608211139000,1,deep
1608211439000,2,light
1608211739000,2,light
1608212039000,2,light
1608212339000,2,light
1608212639000,1,deep
1608212939000,4,awake
1608213239000,4,awake
1608213539000,3,REM
1608213839000,2,light
1608214139000,2,light
1608214439000,2,light
1608214739000,2,light
1608215039000,1,deep
1608215339000,1,deep
1608215639000,1,deep
1608215939000,1,deep
1608216239000,1,deep
1608216539000,1,deep
1608216839000,2,light
1608217139000,4,awake
1608217439000,4,awake
1608217739000,2,light
1608218039000,2,light
1608218339000,2,light
1608218639000,1,deep
1608218939000,2,light
1608219239000,2,light
1608219539000,2,light
1608219839000,3,REM
1608220139000,3,REM
1608220439000,3,REM
1608220739000,3,REM
1608221039000,3,REM
1608221339000,2,light
1608221639000,2,light
1608221939000,2,light
1608222239000,1,deep
1608222539000,1,deep
1608222839000,2,light
1608223139000,2,light
1608223439000,2,light
1608223739000,4,awake
1608224039000,4,awake
1608224339000,2,light
1608224639000,4,awake
1608224939000,4,awake
1608225239000,3,REM
1608225539000,3,REM
1608225839000,2,light
1608226139000,4,awake
1608226439000,4,awake
1608226739000,3,REM
1608227039000,3,REM
1608227339000,3,REM
1608227639000,2,light
1608227939000,2,light
1608228239000,2,light
1608228539000,2,light
1608228839000,2,light
1608229139000,1,deep
1608229439000,2,light
1608229739000,2,light
1608230039000,3,REM
1608230339000,3,REM
1608230639000,2,light
1608230939000,2,light
1608231239000,2,light
1608231539000,2,light
1608231839000,4,awake
1608232139000,2,light
1608232439000,2,light
1608232739000,2,light
1608233039000,2,light
1608233339000,2,light
1608233639000,2,light
1608233939000,4,awake
1608234239000,4,awake
1608234539000,4,awake
1608234839000,3,REM
1608235139000,3,REM
1608235439000,4,awake
1608235739000,4,awake
1608236039000,4,awake
1608236339000,4,awake
1608291363000,4,awake
1608291663000,2,light
1608291963000,1,deep
1608292263000,4,awake
1608292563000,4,awake
1608292863000,2,light
1608293163000,2,light
1608293463000,2,light
1608293763000,2,light
1608294063000,2,light
1608294363000,1,deep
1608294663000,4,awake
1608294963000,2,light
1608295263000,2,light
1608295563000,2,light
1608295863000,2,light
1608296163000,2,light
1608296463000,2,light
1608296763000,1,deep
1608297063000,1,deep
1608297363000,1,deep
1608297663000,4,awake
1608297963000,2,light
1608298263000,1,deep
1608298563000,1,deep
1608298863000,1,deep
1608299163000,2,light
1608299463000,2,light
1608299763000,2,light
1608300063000,2,light
1608300363000,4,awake
1608300663000,2,light
1608300963000,2,light
1608301263000,2,light
1608301563000,2,light
1608301863000,2,light
1608302163000,2,light
1608302463000,2,light
1608302763000,2,light
1608303063000,1,deep
1608303363000,1,deep
1608303663000,1,deep
1608303963000,2,light
1608304263000,1,deep
1608304563000,1,deep
1608304863000,2,light
1608305163000,2,light
1608305463000,2,light
1608305763000,2,light
1608306063000,1,deep
1608306363000,1,deep
1608306663000,4,awake
1608306963000,2,light
1608307263000,3,REM
1608307563000,4,awake
1608307863000,2,light
1608308163000,3,REM
1608308463000,2,light
1608308763000,2,light
1608309063000,2,light
1608309363000,2,light
1608309663000,2,light
1608309963000,2,light
1608310263000,2,light
1608310563000,2,light
1608310863000,2,light
1608311163000,2,light
1608311463000,2,light
1608311763000,2,light
1608312063000,4,awake
1608312363000,4,awake
1608312663000,4,awake
1608312963000,4,awake
1608313263000,4,awake
1608313563000,4,awake
1608313863000,3,REM
1608314163000,4,awake
1608314463000,4,awake
1608314763000,4,awake
1608315063000,4,awake
1608315363000,4,awake
1608315663000,4,awake
1608315963000,4,awake
1608316263000,4,awake
1608316563000,4,awake
1608376710000,4,awake
1608377010000,2,light
1608377310000,1,deep
1608377610000,1,deep
1608377910000,1,deep
1608378210000,1,deep
1608378510000,1,deep
1608378810000,1,deep
1608379110000,1,deep
1608379410000,1,deep
1608379710000,1,deep
1608380010000,1,deep
1608380310000,1,deep
1608380610000,1,deep
1608380910000,1,deep
1608381210000,1,deep
1608381510000,1,deep
1608381810000,1,deep
1608382110000,1,deep
1608382410000,1,deep
1608382710000,1,deep
1608383010000,1,deep
1608383310000,1,deep
1608383610000,1,deep
1608383910000,1,deep
1608384210000,1,deep
1608384510000,1,deep
1608384810000,1,deep
1608385110000,2,light
1608385410000,3,REM
1608385710000,2,light
1608386010000,2,light
1608386310000,1,deep
1608386610000,1,deep
1608386910000,1,deep
1608387210000,1,deep
1608387510000,1,deep
1608387810000,1,deep
1608388110000,1,deep
1608388410000,1,deep
1608388710000,1,deep
1608389010000,1,deep
1608389310000,1,deep
1608389610000,2,light
1608389910000,2,light
1608390210000,2,light
1608390510000,1,deep
1608390810000,1,deep
1608391110000,1,deep
1608391410000,1,deep
1608391710000,1,deep
1608392010000,3,REM
1608392310000,3,REM
1608392610000,3,REM
1608392910000,3,REM
1608393210000,3,REM
1608393510000,3,REM
1608393810000,2,light
1608394110000,2,light
1608394410000,2,light
1608394710000,2,light
1608395010000,1,deep
1608395310000,1,deep
1608395610000,1,deep
1608395910000,1,deep
1608396210000,1,deep
1608396510000,2,light
1608396810000,2,light
1608397110000,2,light
1608397410000,1,deep
1608397710000,3,REM
1608398010000,3,REM
1608398310000,3,REM
1608398610000,3,REM
1608398910000,3,REM
1608399210000,3,REM
1608399510000,3,REM
1608399810000,3,REM
1608400110000,3,REM
1608400410000,3,REM
1608400710000,2,light
1608401010000,2,light
1608401310000,2,light
1608401610000,2,light
1608401910000,1,deep
1608402210000,1,deep
1608402510000,2,light
1608402810000,3,REM
1608403110000,4,awake
1608403410000,4,awake
1608403710000,4,awake
1608404010000,3,REM
1608404310000,3,REM
1608404610000,3,REM
1608404910000,3,REM
1608405210000,4,awake
1608405510000,4,awake
1608405810000,3,REM
1608406110000,3,REM
1608406410000,3,REM
1608406710000,3,REM
1608407010000,3,REM
1608407310000,2,light
1608407610000,4,awake
1608407910000,4,awake
1608464758000,4,awake
1608465058000,2,light
1608465358000,2,light
1608465658000,2,light
1608465958000,2,light
1608466258000,2,light
1608466558000,2,light
1608466858000,1,deep
1608467158000,1,deep
1608467458000,1,deep
1608467758000,1,deep
1608468058000,1,deep
1608468358000,1,deep
1608468658000,1,deep
1608468958000,2,light
1608469258000,2,light
1608469558000,2,light
1608469858000,2,light
1608470158000,1,deep
1608470458000,1,deep
1608470758000,1,deep
1608471058000,1,deep
1608471358000,1,deep
1608471658000,2,light
1608471958000,2,light
1608472258000,1,deep
1608472558000,1,deep
1608472858000,1,deep
1608473158000,1,deep
1608473458000,1,deep
1608473758000,1,deep
1608474058000,1,deep
1608474358000,1,deep
1608474658000,1,deep
1608474958000,3,REM
1608475258000,3,REM
1608475558000,4,awake
1608475858000,4,awake
1608476158000,2,light
1608476458000,2,light
1608476758000,2,light
1608477058000,3,REM
1608477358000,3,REM
1608477658000,3,REM
1608477958000,2,light
1608478258000,1,deep
1608478558000,3,REM
1608478858000,2,light
1608479158000,2,light
1608479458000,2,light
1608479758000,2,light
1608480058000,1,deep
1608480358000,2,light
1608480658000,2,light
1608480958000,1,deep
1608481258000,1,deep
1608481558000,2,light
1608481858000,3,REM
1608482158000,3,REM
1608482458000,2,light
1608482758000,2,light
1608483058000,2,light
1608483358000,2,light
1608483658000,2,light
1608483958000,2,light
1608484258000,3,REM
1608484558000,1,deep
1608484858000,2,light
1608485158000,2,light
1608485458000,2,light
1608485758000,3,REM
1608486058000,3,REM
1608486358000,4,awake
1608486658000,3,REM
1608486958000,3,REM
1608487258000,4,awake
1608487558000,4,awake
1608487858000,2,light
1608488158000,2,light
1608488458000,2,light
1608488758000,2,light
1608489058000,2,light
1608489358000,2,light
1608489658000,2,light
1608489958000,2,light
1608490258000,2,light
1608490558000,2,light
1608490858000,4,awake
1608491158000,4,awake
1608491458000,4,awake
1608491758000,2,light
1608492058000,4,awake
1608492358000,4,awake
1608492658000,2,light
1608492958000,3,REM
1608493258000,3,REM
1608493558000,3,REM
1608493858000,2,light
1608494158000,4,awake
1608494458000,4,awake
1608494758000,2,light
1608495058000,3,REM
1608495358000,3,REM
1608495658000,3,REM
1608495958000,2,light
1608496258000,2,light
1608496558000,2,light
1608496858000,2,light
1608497158000,2,light
1608497458000,2,light
1608497758000,3,REM
1608498058000,3,REM
1608498358000,3,REM
1608498658000,3,REM
1608498958000,3,REM
1608499258000,3,REM
1608499558000,3,REM
1608499858000,3,REM
1608500158000,3,REM
1608500458000,2,light
1608500758000,2,light
1608501058000,2,light
1608501358000,2,light
1608501658000,3,REM
1608501958000,3,REM
1608502258000,3,REM
1608502558000,4,awake
1608502858000,4,awake
1608551999000,2,light
1608552299000,2,light
1608552599000,2,light
1608552899000,4,awake
1608553199000,2,light
1608553499000,2,light
1608553799000,2,light
1608554099000,4,awake
1608554399000,2,light
1608554699000,2,light
1608554999000,2,light
1608555299000,1,deep
1608555599000,2,light
1608555899000,1,deep
1608556199000,1,deep
1608556499000,1,deep
1608556799000,1,deep
1608557099000,1,deep
1608557399000,3,REM
1608557699000,3,REM
1608557999000,2,light
1608558299000,2,light
1608558599000,2,light
1608558899000,2,light
1608559199000,2,light
1608559499000,2,light
1608559799000,2,light
1608560099000,2,light
1608560399000,2,light
1608560699000,1,deep
1608560999000,1,deep
1608561299000,2,light
1608561599000,1,deep
1608561899000,1,deep
1608562199000,1,deep
1608562499000,4,awake
1608562799000,4,awake
1608563099000,3,REM
1608563399000,3,REM
1608563699000,3,REM
1608563999000,3,REM
1608564299000,3,REM
1608564599000,4,awake
1608564899000,4,awake
1608565199000,2,light
1608565499000,2,light
1608565799000,2,light
1608566099000,2,light
1608566399000,1,deep
1608566699000,1,deep
1608566999000,2,light
1608567299000,1,deep
1608567599000,1,deep
1608567899000,4,awake
1608568199000,4,awake
1608568499000,4,awake
1608640022000,4,awake
1608640322000,2,light
1608640622000,2,light
1608640922000,1,deep
1608641222000,1,deep
1608641522000,1,deep
1608641822000,1,deep
1608642122000,1,deep
1608642422000,1,deep
1608642722000,1,deep
1608643022000,1,deep
1608643322000,1,deep
1608643622000,1,deep
1608643922000,4,awake
1608644222000,3,REM
1608644522000,1,deep
1608644822000,1,deep
1608645122000,1,deep
1608645422000,1,deep
1608645722000,1,deep
1608646022000,2,light
1608646322000,2,light
1608646622000,2,light
1608646922000,1,deep
1608647222000,2,light
1608647522000,2,light
1608647822000,1,deep
1608648122000,1,deep
1608648422000,1,deep
1608648722000,2,light
1608649022000,2,light
1608649322000,1,deep
1608649622000,2,light
1608649922000,2,light
1608650222000,1,deep
1608650522000,3,REM
1608650822000,3,REM
1608651122000,2,light
1608651422000,2,light
1608651722000,2,light
1608652022000,2,light
1608652322000,1,deep
1608652622000,1,deep
1608652922000,1,deep
1608653222000,1,deep
1608653522000,1,deep
1608653822000,1,deep
1608654122000,2,light
1608654422000,2,light
1608654722000,2,light
1608655022000,2,light
1608655322000,2,light
1608655622000,2,light
1608655922000,2,light
1608656222000,2,light
1608656522000,3,REM
1608656822000,3,REM
1608657122000,3,REM
1608657422000,3,REM
1608657722000,2,light
1608658022000,2,light
1608658322000,2,light
1608658622000,1,deep
1608658922000,1,deep
1608659222000,1,deep
1608659522000,1,deep
1608659822000,1,deep
1608660122000,2,light
1608660422000,2,light
1608660722000,2,light
1608661022000,3,REM
1608661322000,3,REM
1608661622000,3,REM
1608661922000,3,REM
1608662222000,3,REM
1608662522000,3,REM
1608662822000,3,REM
1608663122000,3,REM
1608663422000,3,REM
1608663722000,2,light
1608664022000,2,light
1608664322000,2,light
1608664622000,2,light
1608664922000,2,light
1608665222000,3,REM
1608665522000,1,deep
1608665822000,4,awake
1608666122000,4,awake
1608666422000,3,REM
1608666722000,3,REM
1608667022000,4,awake
1608667322000,4,awake
1608667622000,2,light
1608667922000,2,light
1608668222000,2,light
1608668522000,2,light
1608668822000,2,light
1608669122000,2,light
1608669422000,3,REM
1608669722000,3,REM
1608670022000,3,REM
1608670322000,3,REM
1608670622000,4,awake
1608670922000,2,light
1608671222000,2,light
1608671522000,4,awake
1608671822000,4,awake
1608724862000,4,awake
1608725162000,4,awake
1608725462000,4,awake
1608725762000,4,awake
1608726062000,4,awake
1608726362000,2,light
1608726662000,1,deep
1608726962000,2,light
1608727262000,2,light
1608727562000,1,deep
1608727862000,1,deep
1608728162000,1,deep
1608728462000,1,deep
1608728762000,2,light
1608729062000,1,deep
1608729362000,1,deep
1608729662000,4,awake
1608729962000,4,awake
1608730262000,2,light
1608730562000,1,deep
1608730862000,1,deep
1608731162000,1,deep
1608731462000,1,deep
1608731762000,1,deep
1608732062000,1,deep
1608732362000,1,deep
1608732662000,4,awake
1608732962000,4,awake
1608733262000,2,light
1608733562000,2,light
1608733862000,1,deep
1608734162000,2,light
1608734462000,2,light
1608734762000,2,light
1608735062000,4,awake
1608735362000,2,light
1608735662000,2,light
1608735962000,2,light
1608736262000,2,light
1608736562000,3,REM
1608736862000,3,REM
1608737162000,2,light
1608737462000,2,light
1608737762000,1,deep
1608738062000,1,deep
1608738362000,1,deep
1608738662000,1,deep
1608738962000,1,deep
1608739262000,1,deep
1608739562000,1,deep
1608739862000,1,deep
1608740162000,1,deep
1608740462000,2,light
1608740762000,2,light
1608741062000,2,light
1608741362000,2,light
1608741662000,2,light
1608741962000,2,light
1608742262000,3,REM
1608742562000,4,awake
1608742862000,2,light
1608743162000,2,light
1608743462000,2,light
1608743762000,2,light
1608744062000,2,light
1608744362000,1,deep
1608744662000,1,deep
1608744962000,1,deep
1608745262000,4,awake
1608745562000,2,light
1608745862000,2,light
1608746162000,2,light
1608746462000,2,light
1608746762000,2,light
1608747062000,2,light
1608747362000,4,awake
1608747662000,2,light
1608747962000,2,light
1608748262000,2,light
1608748562000,2,light
1608748862000,3,REM
1608749162000,3,REM
1608749462000,3,REM
1608749762000,2,light
1608750062000,2,light
1608750362000,2,light
1608750662000,2,light
1608750962000,1,deep
1608751262000,4,awake
1608751562000,3,REM
1608751862000,2,light
1608752162000,2,light
1608752462000,3,REM
1608752762000,3,REM
1608753062000,4,awake
1608753362000,4,awake
1608753662000,4,awake
1608753962000,4,awake
1608754262000,2,light
1608754562000,2,light
1608754862000,2,light
1608755162000,2,light
1608755462000,3,REM
1608755762000,3,REM
1608756062000,2,light
1608756362000,3,REM
1608756662000,3,REM
1608756962000,3,REM
1608757262000,4,awake
1608757562000,4,awake
1608757862000,2,light
1608758162000,3,REM
1608758462000,3,REM
1608758762000,3,REM
1608759062000,3,REM
1608759362000,3,REM
1608759662000,2,light
1608759962000,2,light
1608760262000,2,light
1608760562000,2,light
1608760862000,3,REM
1608761162000,4,awake
1608761462000,4,awake
1608761762000,4,awake
1608812098000,4,awake
1608812398000,2,light
1608812698000,1,deep
1608812998000,1,deep
1608813298000,1,deep
1608813598000,1,deep
1608813898000,1,deep
1608814198000,1,deep
1608814498000,1,deep
1608814798000,1,deep
1608815098000,1,deep
1608815398000,2,light
1608815698000,2,light
1608815998000,2,light
1608816298000,4,awake
1608816598000,2,light
1608816898000,2,light
1608817198000,2,light
1608817498000,2,light
1608817798000,4,awake
1608818098000,4,awake
1608818398000,2,light
1608818698000,2,light
1608818998000,2,light
1608819298000,2,light
1608819598000,2,light
1608819898000,1,deep
1608820198000,2,light
1608820498000,2,light
1608820798000,3,REM
1608821098000,4,awake
1608821398000,4,awake
1608821698000,3,REM
1608821998000,2,light
1608822298000,2,light
1608822598000,2,light
1608822898000,1,deep
1608823198000,2,light
1608823498000,2,light
1608823798000,2,light
1608824098000,2,light
1608824398000,4,awake
1608824698000,2,light
1608824998000,2,light
1608825298000,2,light
1608825598000,4,awake
1608825898000,2,light
1608826198000,2,light
1608826498000,2,light
1608826798000,2,light
1608827098000,2,light
1608827398000,2,light
1608827698000,4,awake
1608827998000,4,awake
1608828298000,2,light
1608828598000,3,REM
1608828898000,3,REM
1608829198000,3,REM
1608829498000,2,light
1608829798000,2,light
1608830098000,2,light
1608830398000,2,light
1608830698000,2,light
1608830998000,2,light
1608831298000,4,awake
1608831598000,2,light
1608831898000,2,light
1608832198000,2,light
1608832498000,2,light
1608832798000,2,light
1608833098000,2,light
1608833398000,4,awake
1608833698000,4,awake
1608833998000,2,light
1608834298000,2,light
1608834598000,2,light
1608834898000,3,REM
1608835198000,3,REM
1608835498000,3,REM
1608835798000,3,REM
1608836098000,3,REM
1608836398000,3,REM
1608836698000,2,light
1608836998000,2,light
1608837298000,2,light
1608837598000,2,light
1608837898000,3,REM
1608838198000,4,awake
1608838498000,4,awake
1608838798000,4,awake
1608839098000,4,awake
1608839398000,4,awake
1608839698000,4,awake
1608894840000,4,awake
1608895140000,4,awake
1608895440000,4,awake
1608895740000,3,REM
1608896040000,3,REM
1608896340000,1,deep
1608896640000,2,light
1608896940000,2,light
1608897240000,2,light
1608897540000,1,deep
1608897840000,1,deep
1608898140000,1,deep
1608898440000,1,deep
1608898740000,1,deep
1608899040000,2,light
1608899340000,2,light
1608899640000,1,deep
1608899940000,2,light
1608900240000,1,deep
1608900540000,1,deep
1608900840000,1,deep
1608901140000,1,deep
1608901440000,2,light
1608901740000,2,light
1608902040000,1,deep
1608902340000,1,deep
1608902640000,1,deep
1608902940000,2,light
1608903240000,2,light
1608903540000,2,light
1608903840000,2,light
1608904140000,1,deep
1608904440000,4,awake
1608904740000,3,REM
1608905040000,1,deep
1608905340000,1,deep
1608905640000,3,REM
1608905940000,3,REM
1608906240000,2,light
1608906540000,2,light
1608906840000,2,light
1608907140000,1,deep
1608907440000,1,deep
1608907740000,2,light
1608908040000,2,light
1608908340000,1,deep
1608908640000,1,deep
1608908940000,1,deep
1608909240000,1,deep
1608909540000,2,light
1608909840000,2,light
1608910140000,2,light
1608910440000,2,light
1608910740000,2,light
1608911040000,4,awake
1608911340000,4,awake
1608911640000,3,REM
1608911940000,3,REM
1608912240000,3,REM
1608912540000,3,REM
1608912840000,3,REM
1608913140000,1,deep
1608913440000,1,deep
1608913740000,2,light
1608914040000,2,light
1608914340000,3,REM
1608914640000,3,REM
1608914940000,4,awake
1608915240000,4,awake
1608915540000,2,light
1608915840000,2,light
1608916140000,2,light
1608916440000,2,light
1608916740000,2,light
1608917040000,2,light
1608917340000,2,light
1608917640000,1,deep
1608917940000,1,deep
1608918240000,2,light
1608918540000,3,REM
1608918840000,3,REM
1608919140000,3,REM
1608919440000,2,light
1608919740000,3,REM
1608920040000,1,deep
1608920340000,1,deep
1608920640000,3,REM
1608920940000,3,REM
1608921240000,3,REM
1608921540000,1,deep
1608921840000,1,deep
1608922140000,2,light
1608922440000,2,light
1608922740000,1,deep
1608923040000,1,deep
1608923340000,1,deep
1608923640000,2,light
1608923940000,4,awake
1608924240000,4,awake
1608983340000,4,awake
1608983640000,2,light
1608983940000,4,awake
1608984240000,4,awake
1608984540000,2,light
1608984840000,1,deep
1608985140000,1,deep
1608985440000,1,deep
1608985740000,2,light
1608986040000,1,deep
1608986340000,1,deep
1608986640000,4,awake
1608986940000,2,light
1608987240000,2,light
1608987540000,2,light
1608987840000,2,light
1608988140000,2,light
1608988440000,1,deep
1608988740000,1,deep
1608989040000,1,deep
1608989340000,1,deep
1608989640000,1,deep
1608989940000,1,deep
1608990240000,2,light
1608990540000,2,light
1608990840000,2,light
1608991140000,2,light
1608991440000,2,light
1608991740000,1,deep
1608992040000,1,deep
1608992340000,2,light
1608992640000,1,deep
1608992940000,2,light
1608993240000,2,light
1608993540000,2,light
1608993840000,2,light
1608994140000,3,REM
1608994440000,3,REM
1608994740000,3,REM
1608995040000,2,light
1608995340000,2,light
1608995640000,2,light
1608995940000,2,light
1608996240000,1,deep
1608996540000,1,deep
1608996840000,2,light
1608997140000,1,deep
1608997440000,2,light
1608997740000,2,light
1608998040000,1,deep
1608998340000,1,deep
1608998640000,1,deep
1608998940000,1,deep
1608999240000,2,light
1608999540000,2,light
1608999840000,2,light
1609000140000,2,light
1609000440000,2,light
1609000740000,2,light
1609001040000,2,light
1609001340000,3,REM
1609001640000,2,light
1609001940000,2,light
1609002240000,2,light
1609002540000,2,light
1609002840000,2,light
1609003140000,1,deep
1609003440000,3,REM
1609003740000,3,REM
1609004040000,2,light
1609004340000,2,light
1609004640000,3,REM
1609004940000,2,light
1609005240000,2,light
1609005540000,4,awake
1609005840000,4,awake
1609006140000,3,REM
1609006440000,3,REM
1609006740000,2,light
1609007040000,3,REM
1609007340000,2,light
1609007640000,2,light
1609007940000,2,light
1609008240000,4,awake
1609008540000,4,awake
1609008840000,2,light
1609009140000,3,REM
1609009440000,3,REM
1609009740000,3,REM
1609010040000,3,REM
1609010340000,3,REM
1609010640000,4,awake
1609010940000,4,awake
1609011240000,3,REM
1609011540000,4,awake
1609011840000,4,awake
1609012140000,2,light
1609012440000,4,awake
1609012740000,3,REM
1609013040000,2,light
1609013340000,3,REM
1609013640000,4,awake
1609013940000,2,light
1609014240000,2,light
1609014540000,2,light
1609014840000,2,light
1609015140000,4,awake
1609015440000,4,awake
1609015740000,4,awake
1609016040000,2,light
1609016340000,2,light
1609016640000,2,light
1609016940000,2,light
1609017240000,2,light
1609017540000,4,awake
1609017840000,3,REM
1609018140000,3,REM
1609018440000,3,REM
1609018740000,3,REM
1609019040000,3,REM
1609019340000,3,REM
1609019640000,3,REM
1609019940000,3,REM
1609020240000,2,light
1609020540000,2,light
1609020840000,2,light
1609021140000,2,light
1609021440000,4,awake
1609021740000,4,awake
1609022040000,4,awake
1609022340000,4,awake
1609022640000,2,light
1609022940000,2,light
1609023240000,2,light
1609023540000,2,light
1609023840000,4,awake
1609024140000,4,awake
1609024440000,4,awake
1609074211000,4,awake
1609074511000,2,light
1609074811000,1,deep
1609075111000,1,deep
1609075411000,2,light
1609075711000,1,deep
1609076011000,1,deep
1609076311000,1,deep
1609076611000,1,deep
1609076911000,1,deep
1609077211000,1,deep
1609077511000,1,deep
1609077811000,1,deep
1609078111000,1,deep
1609078411000,2,light
1609078711000,2,light
1609079011000,2,light
1609079311000,2,light
1609079611000,1,deep
1609079911000,2,light
1609080211000,2,light
1609080511000,1,deep
1609080811000,1,deep
1609081111000,1,deep
1609081411000,1,deep
1609081711000,4,awake
1609082011000,2,light
1609082311000,1,deep
1609082611000,1,deep
1609082911000,1,deep
1609083211000,1,deep
1609083511000,1,deep
1609083811000,3,REM
1609084111000,3,REM
1609084411000,3,REM
1609084711000,1,deep
1609085011000,2,light
1609085311000,2,light
1609085611000,2,light
1609085911000,2,light
1609086211000,2,light
1609086511000,2,light
1609086811000,2,light
1609087111000,1,deep
1609087411000,1,deep
1609087711000,2,light
1609088011000,2,light
1609088311000,1,deep
1609088611000,2,light
1609088911000,2,light
1609089211000,2,light
1609089511000,2,light
1609089811000,2,light
1609090111000,2,light
1609090411000,1,deep
1609090711000,2,light
1609091011000,2,light
1609091311000,2,light
1609091611000,2,light
1609091911000,2,light
1609092211000,2,light
1609092511000,2,light
1609092811000,2,light
1609093111000,2,light
1609093411000,2,light
1609093711000,2,light
1609094011000,2,light
1609094311000,2,light
1609094611000,2,light
1609094911000,4,awake
1609095211000,4,awake
1609095511000,4,awake
1609095811000,4,awake
1609096111000,4,awake
1609096411000,2,light
1609096711000,2,light
1609097011000,2,light
1609097311000,3,REM
1609097611000,3,REM
1609097911000,3,REM
1609098211000,3,REM
1609098511000,3,REM
1609098811000,3,REM
1609099111000,4,awake
1609099411000,4,awake
1609099711000,2,light
1609100011000,2,light
1609100311000,2,light
1609100611000,2,light
1609100911000,2,light
1609101211000,4,awake
1609101511000,4,awake
1609101811000,3,REM
1609102111000,3,REM
1609102411000,3,REM
1609102711000,3,REM
1609103011000,3,REM
1609103311000,3,REM
1609103611000,3,REM
1609103911000,3,REM
1609104211000,3,REM
1609104511000,3,REM
1609104811000,3,REM
1609105111000,4,awake
1609105411000,4,awake
1609155813000,4,awake
1609156113000,4,awake
1609156413000,4,awake
1609156713000,2,light
1609157013000,2,light
1609157313000,2,light
1609157613000,1,deep
1609157913000,1,deep
1609158213000,1,deep
1609158513000,2,light
1609158813000,2,light
1609159113000,1,deep
1609159413000,1,deep
1609159713000,4,awake
1609160013000,4,awake
1609160313000,2,light
1609160613000,2,light
1609160913000,2,light
1609161213000,2,light
1609161513000,2,light
1609161813000,2,light
1609162113000,1,deep
1609162413000,1,deep
1609162713000,1,deep
1609163013000,1,deep
1609163313000,1,deep
1609163613000,2,light
1609163913000,2,light
1609164213000,1,deep
1609164513000,2,light
1609164813000,2,light
1609165113000,2,light
1609165413000,1,deep
1609165713000,4,awake
1609166013000,2,light
1609166313000,3,REM
1609166613000,3,REM
1609166913000,3,REM
1609167213000,2,light
1609167513000,3,REM
1609167813000,3,REM
1609168113000,1,deep
1609168413000,1,deep
1609168713000,2,light
1609169013000,1,deep
1609169313000,1,deep
1609169613000,2,light
1609169913000,2,light
1609170213000,2,light
1609170513000,2,light
1609170813000,2,light
1609171113000,2,light
1609171413000,2,light
1609171713000,1,deep
1609172013000,2,light
1609172313000,2,light
1609172613000,4,awake
1609172913000,2,light
1609173213000,2,light
1609173513000,2,light
1609173813000,2,light
1609174113000,2,light
1609174413000,2,light
1609174713000,2,light
1609175013000,2,light
1609175313000,2,light
1609175613000,2,light
1609175913000,2,light
1609176213000,2,light
1609176513000,2,light
1609176813000,4,awake
1609177113000,4,awake
1609177413000,2,light
1609177713000,2,light
1609178013000,2,light
1609178313000,2,light
1609178613000,4,awake
1609178913000,3,REM
1609179213000,3,REM
1609179513000,3,REM
1609179813000,3,REM
1609180113000,3,REM
1609180413000,2,light
1609180713000,2,light
1609181013000,2,light
1609181313000,2,light
1609181613000,2,light
1609181913000,4,awake
1609182213000,4,awake
1609246230000,4,awake
1609246530000,2,light
1609246830000,1,deep
1609247130000,1,deep
1609247430000,1,deep
1609247730000,2,light
1609248030000,2,light
1609248330000,2,light
1609248630000,2,light
1609248930000,2,light
1609249230000,1,deep
1609249530000,2,light
1609249830000,2,light
1609250130000,2,light
1609250430000,2,light
1609250730000,1,deep
1609251030000,1,deep
1609251330000,1,deep
1609251630000,1,deep
1609251930000,4,awake
1609252230000,4,awake
1609252530000,2,light
1609252830000,2,light
1609253130000,2,light
1609253430000,2,light
1609253730000,2,light
1609254030000,1,deep
1609254330000,1,deep
1609254630000,1,deep
1609254930000,1,deep
1609255230000,1,deep
1609255530000,1,deep
1609255830000,1,deep
1609256130000,2,light
1609256430000,2,light
1609256730000,2,light
1609257030000,2,light
1609257330000,1,deep
1609257630000,2,light
1609257930000,2,light
1609258230000,2,light
1609258530000,1,deep
1609258830000,4,awake
1609259130000,3,REM
1609259430000,2,light
1609259730000,2,light
1609260030000,2,light
1609260330000,2,light
1609260630000,2,light
1609260930000,2,light
1609261230000,1,deep
1609261530000,1,deep
1609261830000,2,light
1609262130000,1,deep
1609262430000,1,deep
1609262730000,1,deep
1609263030000,1,deep
1609263330000,1,deep
1609263630000,2,light
1609263930000,2,light
1609264230000,1,deep
1609264530000,2,light
1609264830000,2,light
1609265130000,3,REM
1609265430000,3,REM
1609265730000,2,light
1609266030000,2,light
1609266330000,2,light
1609266630000,2,light
1609266930000,2,light
1609267230000,2,light
1609267530000,4,awake
1609267830000,4,awake
1609268130000,2,light
1609268430000,2,light
1609268730000,4,awake
1609269030000,2,light
1609269330000,2,light
1609269630000,2,light
1609269930000,3,REM
1609270230000,3,REM
1609270530000,3,REM
1609270830000,3,REM
1609271130000,3,REM
1609271430000,3,REM
1609271730000,3,REM
1609272030000,3,REM
1609272330000,3,REM
1609272630000,4,awake
1609272930000,4,awake
1609273230000,2,light
1609273530000,2,light
1609273830000,2,light
1609274130000,2,light
1609274430000,3,REM
1609274730000,4,awake
1609275030000,4,awake
1609275330000,3,REM
1609275630000,3,REM
1609275930000,3,REM
1609276230000,3,REM
1609276530000,3,REM
1609276830000,3,REM
1609277130000,2,light
1609277430000,4,awake
1609277730000,4,awake
1609278030000,3,REM
1609278330000,4,awake
1609278630000,4,awake
1609334548000,2,light
1609334848000,2,light
1609335148000,1,deep
1609335448000,1,deep
1609335748000,2,light
1609336048000,1,deep
1609336348000,1,deep
1609336648000,1,deep
1609336948000,1,deep
1609337248000,1,deep
1609337548000,2,light
1609337848000,4,awake
1609338148000,4,awake
1609338448000,2,light
1609338748000,2,light
1609339048000,2,light
1609339348000,2,light
1609339648000,2,light
1609339948000,2,light
1609340248000,1,deep
1609340548000,1,deep
1609340848000,1,deep
1609341148000,1,deep
1609341448000,1,deep
1609341748000,1,deep
1609342048000,1,deep
1609342348000,3,REM
1609342648000,3,REM
1609342948000,3,REM
1609343248000,3,REM
1609343548000,3,REM
1609343848000,4,awake
1609344148000,2,light
1609344448000,2,light
1609344748000,1,deep
1609345048000,1,deep
1609345348000,1,deep
1609345648000,1,deep
1609345948000,2,light
1609346248000,2,light
1609346548000,1,deep
1609346848000,2,light
1609347148000,2,light
1609347448000,2,light
1609347748000,2,light
1609348048000,2,light
1609348348000,4,awake
1609348648000,2,light
1609348948000,3,REM
1609349248000,3,REM
1609349548000,3,REM
1609349848000,3,REM
1609350148000,3,REM
1609350448000,3,REM
1609350748000,3,REM
1609351048000,2,light
1609351348000,2,light
1609351648000,2,light
1609351948000,2,light
1609352248000,1,deep
1609352548000,1,deep
1609352848000,2,light
1609353148000,2,light
1609353448000,2,light
1609353748000,2,light
1609354048000,1,deep
1609354348000,1,deep
1609354648000,4,awake
1609354948000,4,awake
1609355248000,3,REM
1609355548000,4,awake
1609355848000,2,light
1609356148000,4,awake
1609356448000,4,awake
1609356748000,4,awake
1609357048000,4,awake
1609357348000,4,awake
1609357648000,4,awake
1609357948000,4,awake
1609358248000,2,light
1609358548000,3,REM
1609358848000,2,light
1609359148000,2,light
1609359448000,2,light
1609359748000,4,awake
1609360048000,4,awake
1609360348000,4,awake
1609360648000,4,awake
1609360948000,4,awake
1609361248000,4,awake
1609361548000,4,awake
1609417167000,4,awake
1609417467000,2,light
1609417767000,1,deep
1609418067000,1,deep
1609418367000,1,deep
1609418667000,1,deep
1609418967000,1,deep
1609419267000,1,deep
1609419567000,1,deep
1609419867000,1,deep
1609420167000,1,deep
1609420467000,1,deep
1609420767000,3,REM
1609421067000,3,REM
1609421367000,1,deep
1609421667000,1,deep
1609421967000,1,deep
1609422267000,2,light
1609422567000,2,light
1609422867000,2,light
1609423167000,2,light
1609423467000,2,light
1609423767000,2,light
1609424067000,2,light
1609424367000,1,deep
1609424667000,1,deep
1609424967000,2,light
1609425267000,2,light
1609425567000,2,light
1609425867000,2,light
1609426167000,2,light
1609426467000,1,deep
1609426767000,1,deep
1609427067000,1,deep
1609427367000,2,light
1609427667000,2,light
1609427967000,1,deep
1609428267000,3,REM
1609428567000,3,REM
1609428867000,2,light
1609429167000,2,light
1609429467000,1,deep
1609429767000,2,light
1609430067000,2,light
1609430367000,2,light
1609430667000,2,light
1609430967000,2,light
1609431267000,2,light
1609431567000,1,deep
1609431867000,1,deep
1609432167000,1,deep
1609432467000,2,light
1609432767000,2,light
1609433067000,2,light
1609433367000,2,light
1609433667000,2,light
1609433967000,3,REM
1609434267000,3,REM
1609434567000,3,REM
1609434867000,2,light
1609435167000,2,light
1609435467000,2,light
1609435767000,2,light
1609436067000,2,light
1609436367000,2,light
1609436667000,2,light
1609436967000,2,light
1609437267000,2,light
1609437567000,2,light
1609437867000,2,light
1609438167000,1,deep
1609438467000,1,deep
1609438767000,2,light
1609439067000,4,awake
1609439367000,4,awake
1609439667000,2,light
1609439967000,3,REM
1609440267000,3,REM
1609440567000,3,REM
1609440867000,4,awake
1609441167000,4,awake
1609441467000,2,light
1609441767000,2,light
1609442067000,2,light
1609442367000,2,light
1609442667000,2,light
1609442967000,2,light
1609443267000,2,light
1609443567000,2,light
1609443867000,4,awake
1609444167000,4,awake
1609444467000,3,REM
1609444767000,3,REM
1609445067000,3,REM
1609445367000,4,awake
1609445667000,4,awake
1609445967000,2,light
1609446267000,2,light
1609446567000,2,light
1609446867000,2,light
1609447167000,2,light
1609447467000,2,light
1609447767000,3,REM
1609448067000,3,REM
1609448367000,3,REM
1609448667000,4,awake
1609448967000,4,awake
1609449267000,2,light
1609449567000,2,light
1609449867000,2,light
1609450167000,2,light
1609450467000,2,light
1609450767000,2,light
1609451067000,4,awake
1609451367000,4,awake
1609451667000,3,REM
1609451967000,4,awake
1609452267000,2,light
1609452567000,3,REM
1609452867000,3,REM
1609453167000,3,REM
1609453467000,4,awake
1609453767000,4,awake
1609454067000,4,awake
1609454367000,4,awake
1609507048000,4,awake
1609507348000,2,light
1609507648000,1,deep
1609507948000,1,deep
1609508248000,1,deep
1609508548000,1,deep
1609508848000,1,deep
1609509148000,1,deep
1609509448000,1,deep
1609509748000,1,deep
1609510048000,2,light
1609510348000,2,light
1609510648000,1,deep
1609510948000,2,light
1609511248000,2,light
1609511548000,1,deep
1609511848000,1,deep
1609512148000,1,deep
1609512448000,1,deep
1609512748000,2,light
1609513048000,2,light
1609513348000,1,deep
1609513648000,2,light
1609513948000,2,light
1609514248000,1,deep
1609514548000,1,deep
1609514848000,1,deep
1609515148000,1,deep
1609515448000,1,deep
1609515748000,2,light
1609516048000,2,light
1609516348000,2,light
1609516648000,2,light
1609516948000,2,light
1609517248000,1,deep
1609517548000,1,deep
1609517848000,3,REM
1609518148000,3,REM
1609518448000,4,awake
1609518748000,2,light
1609519048000,2,light
1609519348000,2,light
1609519648000,2,light
1609519948000,2,light
1609520248000,2,light
1609520548000,1,deep
1609520848000,1,deep
1609521148000,1,deep
1609521448000,1,deep
1609521748000,2,light
1609522048000,2,light
1609522348000,1,deep
1609522648000,1,deep
1609522948000,1,deep
1609523248000,1,deep
1609523548000,1,deep
1609523848000,1,deep
1609524148000,2,light
1609524448000,3,REM
1609524748000,3,REM
1609525048000,2,light
1609525348000,2,light
1609525648000,2,light
1609525948000,2,light
1609526248000,2,light
1609526548000,2,light
1609526848000,2,light
1609527148000,2,light
1609527448000,2,light
1609527748000,3,REM
1609528048000,3,REM
1609528348000,3,REM
1609528648000,4,awake
1609528948000,4,awake
1609529248000,2,light
1609529548000,2,light
1609529848000,3,REM
1609530148000,2,light
1609530448000,2,light
1609530748000,2,light
1609531048000,4,awake
1609531348000,2,light
1609531648000,2,light
1609531948000,2,light
1609532248000,1,deep
1609532548000,1,deep
1609532848000,2,light
1609533148000,2,light
1609533448000,2,light
1609533748000,3,REM
1609534048000,3,REM
1609534348000,3,REM
1609534648000,2,light
1609534948000,2,light
1609535248000,2,light
1609535548000,2,light
1609535848000,2,light
1609536148000,2,light
1609536448000,2,light
1609536748000,4,awake
1609537048000,2,light
1609537348000,3,REM
1609537648000,3,REM
1609537948000,3,REM
1609538248000,3,REM
1609538548000,3,REM
1609538848000,3,REM
1609539148000,3,REM
1609539448000,3,REM
1609539748000,2,light
1609540048000,2,light
1609540348000,2,light
1609540648000,1,deep
1609540948000,1,deep
1609541248000,4,awake
1609541548000,3,REM
1609541848000,3,REM
1609542148000,4,awake
1609595069000,4,awake
1609595369000,4,awake
1609595669000,2,light
1609595969000,2,light
1609596269000,1,deep
1609596569000,1,deep
1609596869000,1,deep
1609597169000,1,deep
1609597469000,1,deep
1609597769000,1,deep
1609598069000,1,deep
1609598369000,1,deep
1609598669000,2,light
1609598969000,1,deep
1609599269000,1,deep
1609599569000,1,deep
1609599869000,2,light
1609600169000,1,deep
1609600469000,1,deep
1609600769000,1,deep
1609601069000,1,deep
1609601369000,1,deep
1609601669000,1,deep
1609601969000,2,light
1609602269000,2,light
1609602569000,1,deep
1609602869000,1,deep
1609603169000,1,deep
1609603469000,1,deep
1609603769000,1,deep
1609604069000,2,light
1609604369000,2,light
1609604669000,4,awake
1609604969000,2,light
1609605269000,2,light
1609605569000,2,light
1609605869000,3,REM
1609606169000,2,light
1609606469000,1,deep
1609606769000,1,deep
1609607069000,4,awake
1609607369000,4,awake
1609607669000,2,light
1609607969000,2,light
1609608269000,2,light
1609608569000,1,deep
1609608869000,2,light
1609609169000,2,light
1609609469000,2,light
1609609769000,2,light
1609610069000,2,light
1609610369000,2,light
1609610669000,1,deep
1609610969000,4,awake
1609611269000,4,awake
1609611569000,2,light
1609611869000,3,REM
1609612169000,4,awake
1609612469000,2,light
1609612769000,4,awake
1609613069000,4,awake
1609613369000,2,light
1609613669000,2,light
1609613969000,2,light
1609614269000,2,light
1609614569000,2,light
1609614869000,4,awake
1609615169000,2,light
1609615469000,2,light
1609615769000,2,light
1609616069000,2,light
1609616369000,2,light
1609616669000,1,deep
1609616969000,1,deep
1609617269000,1,deep
1609617569000,4,awake
1609617869000,3,REM
1609618169000,3,REM
1609618469000,2,light
1609618769000,3,REM
1609619069000,3,REM
1609619369000,3,REM
1609619669000,2,light
1609619969000,2,light
1609620269000,2,light
1609620569000,2,light
1609620869000,4,awake
1609621169000,4,awake
1609621469000,2,light
1609621769000,2,light
1609622069000,2,light
1609622369000,2,light
1609622669000,2,light
1609622969000,3,REM
1609623269000,2,light
1609623569000,2,light
1609623869000,3,REM
1609624169000,4,awake
1609624469000,4,awake
1609624769000,3,REM
1609625069000,3,REM
1609625369000,3,REM
1609625669000,4,awake
1609678891000,4,awake
1609679191000,2,light
1609679491000,2,light
1609679791000,1,deep
1609680091000,1,deep
1609680391000,1,deep
1609680691000,1,deep
1609680991000,1,deep
1609681291000,1,deep
1609681591000,1,deep
1609681891000,1,deep
1609682191000,2,light
1609682491000,1,deep
1609682791000,1,deep
1609683091000,1,deep
1609683391000,1,deep
1609683691000,2,light
1609683991000,2,light
1609684291000,1,deep
1609684591000,1,deep
1609684891000,1,deep
1609685191000,1,deep
1609685491000,1,deep
1609685791000,1,deep
1609686091000,1,deep
1609686391000,1,deep
1609686691000,1,deep
1609686991000,4,awake
1609687291000,2,light
1609687591000,2,light
1609687891000,3,REM
1609688191000,3,REM
1609688491000,3,REM
1609688791000,2,light
1609689091000,4,awake
1609689391000,2,light
1609689691000,2,light
1609689991000,2,light
1609690291000,2,light
1609690591000,1,deep
1609690891000,1,deep
1609691191000,2,light
1609691491000,2,light
1609691791000,2,light
1609692091000,2,light
1609692391000,2,light
1609692691000,2,light
1609692991000,2,light
1609693291000,1,deep
1609693591000,2,light
1609693891000,2,light
1609694191000,2,light
1609694491000,2,light
1609694791000,2,light
1609695091000,1,deep
1609695391000,1,deep
1609695691000,3,REM
1609695991000,3,REM
1609696291000,3,REM
1609696591000,3,REM
1609696891000,2,light
1609697191000,2,light
1609697491000,2,light
1609697791000,2,light
1609698091000,2,light
1609698391000,2,light
1609698691000,2,light
1609698991000,2,light
1609699291000,2,light
1609699591000,2,light
1609699891000,2,light
1609700191000,2,light
1609700491000,3,REM
1609700791000,4,awake
1609701091000,4,awake
1609701391000,2,light
1609701691000,2,light
1609701991000,2,light
1609702291000,2,light
1609702591000,2,light
1609702891000,4,awake
1609703191000,4,awake
1609703491000,4,awake
1609703791000,3,REM
1609704091000,3,REM
1609704391000,3,REM
1609704691000,4,awake
1609704991000,4,awake
1609705291000,4,awake
1609705591000,4,awake
1609705891000,4,awake
1609706191000,4,awake
1609706491000,4,awake
1609759108000,2,light
1609759408000,2,light
1609759708000,1,deep
1609760008000,1,deep
1609760308000,1,deep
1609760608000,1,deep
1609760908000,1,deep
1609761208000,4,awake
1609761508000,2,light
1609761808000,1,deep
1609762108000,1,deep
1609762408000,1,deep
1609762708000,1,deep
1609763008000,1,deep
1609763308000,1,deep
1609763608000,1,deep
1609763908000,1,deep
1609764208000,1,deep
1609764508000,2,light
1609764808000,3,REM
1609765108000,3,REM
1609765408000,3,REM
1609765708000,3,REM
1609766008000,1,deep
1609766308000,2,light
1609766608000,2,light
1609766908000,1,deep
1609767208000,1,deep
1609767508000,1,deep
1609767808000,1,deep
1609768108000,2,light
1609768408000,2,light
1609768708000,2,light
1609769008000,2,light
1609769308000,1,deep
1609769608000,2,light
1609769908000,2,light
1609770208000,2,light
1609770508000,3,REM
1609770808000,3,REM
1609771108000,3,REM
1609771408000,3,REM
1609771708000,3,REM
1609772008000,3,REM
1609772308000,2,light
1609772608000,2,light
1609772908000,2,light
1609773208000,2,light
1609773508000,2,light
1609773808000,1,deep
1609774108000,2,light
1609774408000,2,light
1609774708000,1,deep
1609775008000,1,deep
1609775308000,1,deep
1609775608000,1,deep
1609775908000,4,awake
1609776208000,4,awake
1609776508000,4,awake
1609776808000,4,awake
1609834175000,4,awake
1609834475000,1,deep
1609834775000,1,deep
1609835075000,1,deep
1609835375000,1,deep
1609835675000,1,deep
1609835975000,1,deep
1609836275000,1,deep
1609836575000,1,deep
1609836875000,1,deep
1609837175000,1,deep
1609837475000,1,deep
1609837775000,2,light
1609838075000,2,light
1609838375000,2,light
1609838675000,2,light
1609838975000,1,deep
1609839275000,2,light
1609839575000,2,light
1609839875000,1,deep
1609840175000,1,deep
1609840475000,2,light
1609840775000,2,light
1609841075000,1,deep
1609841375000,2,light
1609841675000,2,light
1609841975000,1,deep
1609842275000,1,deep
1609842575000,2,light
1609842875000,2,light
1609843175000,1,deep
1609843475000,1,deep
1609843775000,3,REM
1609844075000,4,awake
1609844375000,2,light
1609844675000,2,light
1609844975000,2,light
1609845275000,2,light
1609845575000,2,light
1609845875000,2,light
1609846175000,2,light
1609846475000,1,deep
1609846775000,2,light
1609847075000,2,light
1609847375000,1,deep
1609847675000,2,light
1609847975000,1,deep
1609848275000,1,deep
1609848575000,2,light
1609848875000,2,light
1609849175000,2,light
1609849475000,1,deep
1609849775000,1,deep
1609850075000,2,light
1609850375000,3,REM
1609850675000,3,REM
1609850975000,3,REM
1609851275000,3,REM
1609851575000,2,light
1609851875000,2,light
1609852175000,2,light
1609852475000,2,light
1609852775000,2,light
1609853075000,2,light
1609853375000,2,light
1609853675000,2,light
1609853975000,2,light
1609854275000,3,REM
1609854575000,2,light
1609854875000,2,light
1609855175000,2,light
1609855475000,2,light
1609855775000,1,deep
1609856075000,2,light
1609856375000,2,light
1609856675000,3,REM
1609856975000,3,REM
1609857275000,3,REM
1609857575000,3,REM
1609857875000,3,REM
1609858175000,4,awake
1609858475000,2,light
1609858775000,3,REM
1609859075000,3,REM
1609859375000,2,light
1609859675000,2,light
1609859975000,2,light
1609860275000,2,light
1609860575000,1,deep
1609860875000,2,light
1609861175000,2,light
1609861475000,2,light
1609861775000,1,deep
1609862075000,1,deep
1609862375000,4,awake
1609862675000,3,REM
1609862975000,2,light
1609863275000,4,awake
1609863575000,4,awake
1609863875000,2,light
1609864175000,2,light
1609864475000,4,awake
1609864775000,4,awake
1609865075000,4,awake
1609865375000,4,awake
1609927528000,4,awake
1609927828000,4,awake
1609928128000,2,light
1609928428000,2,light
1609928728000,1,deep
1609929028000,1,deep
1609929328000,1,deep
1609929628000,2,light
1609929928000,1,deep
1609930228000,1,deep
1609930528000,1,deep
1609930828000,1,deep
1609931128000,1,deep
1609931428000,1,deep
1609931728000,3,REM
1609932028000,1,deep
1609932328000,1,deep
1609932628000,4,awake
1609932928000,2,light
1609933228000,2,light
1609933528000,2,light
1609933828000,2,light
1609934128000,4,awake
1609934428000,2,light
1609934728000,2,light
1609935028000,1,deep
1609935328000,1,deep
1609935628000,4,awake
1609935928000,2,light
1609936228000,3,REM
1609936528000,3,REM
1609936828000,2,light
1609937128000,2,light
1609937428000,2,light
1609937728000,2,light
1609938028000,2,light
1609938328000,2,light
1609938628000,2,light
1609938928000,2,light
1609939228000,2,light
1609939528000,2,light
1609939828000,2,light
1609940128000,2,light
1609940428000,2,light
1609940728000,2,light
1609941028000,2,light
1609941328000,2,light
1609941628000,1,deep
1609941928000,1,deep
1609942228000,2,light
1609942528000,3,REM
1609942828000,3,REM
1609943128000,3,REM
1609943428000,3,REM
1609943728000,2,light
1609944028000,2,light
1609944328000,2,light
1609944628000,2,light
1609944928000,2,light
1609945228000,2,light
1609945528000,2,light
1609945828000,2,light
1609946128000,2,light
1609946428000,1,deep
1609946728000,2,light
1609947028000,2,light
1609947328000,2,light
1609947628000,2,light
1609947928000,2,light
1609948228000,2,light
1609948528000,2,light
1609948828000,4,awake
1609949128000,4,awake
1609949428000,2,light
1609949728000,2,light
1609950028000,4,awake
1609950328000,4,awake
1609950628000,2,light
1609950928000,2,light
1609951228000,2,light
1609951528000,4,awake
1609951828000,4,awake
1609952128000,4,awake
1609952428000,2,light
1609952728000,2,light
1609953028000,4,awake
1609953328000,4,awake
1610014532000,4,awake
1610014832000,4,awake
1610015132000,2,light
1610015432000,1,deep
1610015732000,1,deep
1610016032000,1,deep
1610016332000,1,deep
1610016632000,1,deep
1610016932000,2,light
1610017232000,1,deep
1610017532000,1,deep
1610017832000,1,deep
1610018132000,2,light
1610018432000,2,light
1610018732000,1,deep
1610019032000,2,light
1610019332000,2,light
1610019632000,2,light
1610019932000,1,deep
1610020232000,1,deep
1610020532000,1,deep
1610020832000,1,deep
1610021132000,1,deep
1610021432000,1,deep
1610021732000,1,deep
1610022032000,4,awake
1610022332000,2,light
1610022632000,2,light
1610022932000,1,deep
1610023232000,2,light
1610023532000,3,REM
1610023832000,3,REM
1610024132000,3,REM
1610024432000,3,REM
1610024732000,2,light
1610025032000,2,light
1610025332000,2,light
1610025632000,2,light
1610025932000,2,light
1610026232000,1,deep
1610026532000,1,deep
1610026832000,1,deep
1610027132000,1,deep
1610027432000,2,light
1610027732000,2,light
1610028032000,2,light
1610028332000,2,light
1610028632000,1,deep
1610028932000,1,deep
1610029232000,4,awake
1610029532000,2,light
1610029832000,2,light
1610030132000,2,light
1610030432000,4,awake
1610030732000,4,awake
1610096908000,4,awake
1610097208000,4,awake
1610097508000,2,light
1610097808000,2,light
1610098108000,2,light
1610098408000,1,deep
1610098708000,1,deep
1610099008000,1,deep
1610099308000,1,deep
1610099608000,1,deep
1610099908000,1,deep
1610100208000,1,deep
1610100508000,1,deep
1610100808000,1,deep
1610101108000,3,REM
1610101408000,2,light
1610101708000,2,light
1610102008000,2,light
1610102308000,1,deep
1610102608000,1,deep
1610102908000,2,light
1610103208000,2,light
1610103508000,1,deep
1610103808000,1,deep
1610104108000,2,light
1610104408000,2,light
1610104708000,2,light
1610105008000,2,light
1610105308000,2,light
1610105608000,2,light
1610105908000,2,light
1610106208000,2,light
1610106508000,2,light
1610106808000,2,light
1610107108000,2,light
1610107408000,2,light
1610107708000,1,deep
1610108008000,1,deep
1610108308000,1,deep
1610108608000,2,light
1610108908000,2,light
1610109208000,2,light
1610109508000,2,light
1610109808000,2,light
1610110108000,2,light
1610110408000,1,deep
1610110708000,2,light
1610111008000,3,REM
1610111308000,3,REM
1610111608000,3,REM
1610111908000,3,REM
1610112208000,2,light
1610112508000,2,light
1610112808000,2,light
1610113108000,2,light
1610113408000,2,light
1610113708000,2,light
1610114008000,2,light
1610114308000,2,light
1610114608000,2,light
1610114908000,1,deep
1610115208000,2,light
1610115508000,2,light
1610115808000,3,REM
1610116108000,3,REM
1610116408000,3,REM
1610116708000,3,REM
1610117008000,3,REM
1610117308000,3,REM
1610117608000,3,REM
1610117908000,3,REM
1610118208000,2,light
1610118508000,2,light
1610118808000,3,REM
1610119108000,3,REM
1610119408000,4,awake
1610119708000,2,light
1610120008000,2,light
1610120308000,2,light
1610120608000,2,light
1610120908000,2,light
1610121208000,2,light
1610121508000,4,awake
1610187869000,4,awake
1610188169000,2,light
1610188469000,2,light
1610188769000,1,deep
1610189069000,1,deep
1610189369000,1,deep
1610189669000,1,deep
1610189969000,1,deep
1610190269000,1,deep
1610190569000,1,deep
1610190869000,1,deep
1610191169000,1,deep
1610191469000,1,deep
1610191769000,1,deep
1610192069000,4,awake
1610192369000,3,REM
1610192669000,3,REM
1610192969000,3,REM
1610193269000,2,light
1610193569000,2,light
1610193869000,1,deep
1610194169000,1,deep
1610194469000,1,deep
1610194769000,1,deep
1610195069000,1,deep
1610195369000,1,deep
1610195669000,1,deep
1610195969000,1,deep
1610196269000,2,light
1610196569000,2,light
1610196869000,2,light
1610197169000,3,REM
1610197469000,2,light
1610197769000,2,light
1610198069000,2,light
1610198369000,2,light
1610198669000,1,deep
1610198969000,1,deep
1610199269000,2,light
1610199569000,2,light
1610199869000,1,deep
1610200169000,1,deep
1610200469000,1,deep
1610200769000,2,light
1610201069000,2,light
1610201369000,2,light
1610201669000,2,light
1610201969000,3,REM
1610202269000,3,REM
1610202569000,4,awake
1610202869000,4,awake
1610203169000,2,light
1610203469000,2,light
1610203769000,2,light
1610204069000,2,light
1610204369000,2,light
1610204669000,2,light
1610204969000,1,deep
1610205269000,1,deep
1610205569000,2,light
1610205869000,2,light
1610206169000,2,light
1610206469000,2,light
1610206769000,2,light
1610207069000,2,light
1610207369000,2,light
1610207669000,2,light
1610207969000,1,deep
1610208269000,3,REM
1610208569000,3,REM
1610208869000,3,REM
1610209169000,3,REM
1610209469000,4,awake
1610209769000,4,awake
1610210069000,2,light
1610210369000,2,light
1610210669000,2,light
1610210969000,2,light
1610211269000,2,light
1610211569000,2,light
1610211869000,2,light
1610212169000,2,light
1610212469000,2,light
1610212769000,2,light
1610213069000,3,REM
1610213369000,3,REM
1610213669000,3,REM
1610213969000,3,REM
1610214269000,3,REM
1610214569000,2,light
1610214869000,3,REM
1610215169000,3,REM
1610215469000,3,REM
1610215769000,2,light
1610216069000,2,light
1610216369000,2,light
1610216669000,2,light
1610216969000,2,light
1610217269000,2,light
1610217569000,2,light
1610217869000,2,light
1610218169000,2,light
1610218469000,2,light
1610218769000,4,awake
1610219069000,4,awake
1610219369000,2,light
1610219669000,2,light
1610219969000,2,light
1610220269000,2,light
1610220569000,2,light
1610220869000,4,awake
1610221169000,4,awake
1610221469000,4,awake
1610221769000,4,awake
1610222069000,4,awake
1610283867000,4,awake
1610284167000,2,light
1610284467000,1,deep
1610284767000,1,deep
1610285067000,1,deep
1610285367000,1,deep
1610285667000,1,deep
1610285967000,1,deep
1610286267000,1,deep
1610286567000,1,deep
1610286867000,2,light
1610287167000,2,light
1610287467000,1,deep
1610287767000,1,deep
1610288067000,2,light
1610288367000,2,light
1610288667000,2,light
1610288967000,2,light
1610289267000,2,light
1610289567000,2,light
1610289867000,1,deep
1610290167000,1,deep
1610290467000,1,deep
1610290767000,2,light
1610291067000,1,deep
1610291367000,1,deep
1610291667000,2,light
1610291967000,2,light
1610292267000,2,light
1610292567000,2,light
1610292867000,2,light
1610293167000,1,deep
1610293467000,2,light
1610293767000,3,REM
1610294067000,3,REM
1610294367000,3,REM
1610294667000,4,awake
1610294967000,4,awake
1610295267000,3,REM
1610295567000,2,light
1610295867000,2,light
1610296167000,2,light
1610296467000,2,light
1610296767000,2,light
1610297067000,2,light
1610297367000,2,light
1610297667000,1,deep
1610297967000,1,deep
1610298267000,1,deep
1610298567000,1,deep
1610298867000,1,deep
1610299167000,1,deep
1610299467000,1,deep
1610299767000,1,deep
1610300067000,1,deep
1610300367000,2,light
1610300667000,3,REM
1610300967000,3,REM
1610301267000,3,REM
1610301567000,2,light
1610301867000,2,light
1610302167000,2,light
1610302467000,2,light
1610302767000,2,light
1610303067000,2,light
1610303367000,2,light
1610303667000,1,deep
1610303967000,1,deep
1610304267000,2,light
1610304567000,2,light
1610304867000,3,REM
1610305167000,2,light
1610305467000,4,awake
1610305767000,4,awake
1610306067000,4,awake
1610306367000,2,light
1610306667000,2,light
1610306967000,2,light
1610307267000,2,light
1610307567000,2,light
1610307867000,2,light
1610308167000,1,deep
1610308467000,4,awake
1610308767000,4,awake
1610309067000,2,light
1610309367000,2,light
1610309667000,3,REM
1610309967000,3,REM
1610310267000,3,REM
1610310567000,3,REM
1610310867000,3,REM
1610311167000,2,light
1610311467000,2,light
1610311767000,2,light
1610312067000,2,light
1610312367000,2,light
1610312667000,2,light
1610312967000,2,light
1610313267000,2,light
1610313567000,2,light
1610313867000,2,light
1610314167000,3,REM
1610314467000,3,REM
1610314767000,4,awake
1610315067000,4,awake
1610315367000,3,REM
1610315667000,3,REM
1610315967000,2,light
1610316267000,2,light
1610316567000,3,REM
1610316867000,3,REM
1610317167000,3,REM
1610317467000,3,REM
1610317767000,3,REM
1610318067000,3,REM
1610318367000,4,awake
1610318667000,4,awake
1610318967000,3,REM
1610319267000,4,awake
1610319567000,4,awake
1610366847000,4,awake
1610367147000,4,awake
1610367447000,2,light
1610367747000,1,deep
1610368047000,1,deep
1610368347000,1,deep
1610368647000,1,deep
1610368947000,1,deep
1610369247000,1,deep
1610369547000,1,deep
1610369847000,2,light
1610370147000,2,light
1610370447000,1,deep
1610370747000,1,deep
1610371047000,2,light
1610371347000,2,light
1610371647000,4,awake
1610371947000,2,light
1610372247000,2,light
1610372547000,2,light
1610372847000,2,light
1610373147000,3,REM
1610373447000,3,REM
1610373747000,1,deep
1610374047000,1,deep
1610374347000,2,light
1610374647000,2,light
1610374947000,1,deep
1610375247000,1,deep
1610375547000,2,light
1610375847000,2,light
1610376147000,1,deep
1610376447000,1,deep
1610376747000,2,light
1610377047000,2,light
1610377347000,2,light
1610377647000,1,deep
1610377947000,4,awake
1610378247000,2,light
1610378547000,2,light
1610378847000,2,light
1610379147000,2,light
1610379447000,2,light
1610379747000,2,light
1610380047000,2,light
1610380347000,2,light
1610380647000,2,light
1610380947000,2,light
1610381247000,2,light
1610381547000,2,light
1610381847000,2,light
1610382147000,1,deep
1610382447000,4,awake
1610382747000,4,awake
1610383047000,4,awake
1610383347000,2,light
1610383647000,4,awake
1610383947000,2,light
1610384247000,2,light
1610384547000,2,light
1610384847000,3,REM
1610385147000,3,REM
1610385447000,4,awake
1610385747000,4,awake
1610386047000,4,awake
1610386347000,4,awake
1610386647000,4,awake
1610386947000,4,awake
1610387247000,2,light
1610387547000,2,light
1610387847000,2,light
1610388147000,4,awake
1610388447000,2,light
1610388747000,2,light
1610389047000,2,light
1610389347000,2,light
1610389647000,2,light
1610389947000,4,awake
1610390247000,2,light
1610390547000,2,light
1610390847000,2,light
1610391147000,4,awake
1610391447000,4,awake
1610443768000,4,awake
1610444068000,2,light
1610444368000,2,light
1610444668000,1,deep
1610444968000,1,deep
1610445268000,1,deep
1610445568000,1,deep
1610445868000,1,deep
1610446168000,1,deep
1610446468000,1,deep
1610446768000,1,deep
1610447068000,1,deep
1610447368000,4,awake
1610447668000,2,light
1610447968000,2,light
1610448268000,1,deep
1610448568000,2,light
1610448868000,1,deep
1610449168000,1,deep
1610449468000,2,light
1610449768000,1,deep
1610450068000,1,deep
1610450368000,1,deep
1610450668000,2,light
1610450968000,1,deep
1610451268000,1,deep
1610451568000,1,deep
1610451868000,4,awake
1610452168000,2,light
1610452468000,2,light
1610452768000,3,REM
1610453068000,3,REM
1610453368000,2,light
1610453668000,2,light
1610453968000,2,light
1610454268000,2,light
1610454568000,2,light
1610454868000,2,light
1610455168000,2,light
1610455468000,1,deep
1610455768000,1,deep
1610456068000,1,deep
1610456368000,2,light
1610456668000,2,light
1610456968000,2,light
1610457268000,2,light
1610457568000,3,REM
1610457868000,3,REM
1610458168000,4,awake
1610458468000,3,REM
1610458768000,4,awake
1610459068000,4,awake
1610459368000,2,light
1610459668000,2,light
1610459968000,2,light
1610460268000,2,light
1610460568000,2,light
1610460868000,1,deep
1610461168000,1,deep
1610461468000,1,deep
1610461768000,2,light
1610462068000,2,light
1610462368000,1,deep
1610462668000,2,light
1610462968000,2,light
1610463268000,2,light
1610463568000,2,light
1610463868000,2,light
1610464168000,2,light
1610464468000,2,light
1610464768000,2,light
1610465068000,2,light
1610465368000,2,light
1610465668000,3,REM
1610465968000,2,light
1610466268000,2,light
1610466568000,3,REM
1610466868000,3,REM
1610467168000,3,REM
1610467468000,3,REM
1610467768000,2,light
1610468068000,2,light
1610468368000,2,light
1610468668000,2,light
1610468968000,4,awake
1610469268000,4,awake
1610469568000,2,light
1610469868000,2,light
1610470168000,2,light
1610470468000,4,awake
1610470768000,4,awake
1610471068000,4,awake
1610471368000,4,awake
1610471668000,4,awake
1610471968000,4,awake
1610472268000,4,awake
1610534340000,4,awake
1610534640000,2,light
1610534940000,1,deep
1610535240000,1,deep
1610535540000,1,deep
1610535840000,1,deep
1610536140000,1,deep
1610536440000,1,deep
1610536740000,1,deep
1610537040000,1,deep
1610537340000,1,deep
1610537640000,4,awake
1610537940000,4,awake
1610538240000,2,light
1610538540000,2,light
1610538840000,1,deep
1610539140000,1,deep
1610539440000,2,light
1610539740000,2,light
1610540040000,1,deep
1610540340000,1,deep
1610540640000,1,deep
1610540940000,1,deep
1610541240000,2,light
1610541540000,2,light
1610541840000,2,light
1610542140000,1,deep
1610542440000,1,deep
1610542740000,1,deep
1610543040000,1,deep
1610543340000,2,light
1610543640000,2,light
1610543940000,2,light
1610544240000,2,light
1610544540000,4,awake
1610544840000,4,awake
1610545140000,3,REM
1610545440000,3,REM
1610545740000,2,light
1610546040000,3,REM
1610546340000,2,light
1610546640000,2,light
1610546940000,2,light
1610547240000,4,awake
1610547540000,2,light
1610547840000,2,light
1610548140000,2,light
1610548440000,2,light
1610548740000,2,light
1610549040000,2,light
1610549340000,2,light
1610549640000,2,light
1610549940000,2,light
1610550240000,2,light
1610550540000,2,light
1610550840000,2,light
1610551140000,2,light
1610551440000,1,deep
1610551740000,2,light
1610552040000,1,deep
1610552340000,2,light
1610552640000,4,awake
1610552940000,4,awake
1610553240000,4,awake
1610553540000,2,light
1610553840000,2,light
1610554140000,2,light
1610554440000,2,light
1610554740000,4,awake
1610555040000,4,awake
1610555340000,2,light
1610555640000,2,light
1610555940000,3,REM
1610556240000,3,REM
1610556540000,3,REM
1610556840000,2,light
1610557140000,2,light
1610557440000,2,light
1610557740000,2,light
1610558040000,4,awake
1610558340000,2,light
1610558640000,4,awake
1610558940000,4,awake
1610559240000,4,awake
1610559540000,4,awake
1610559840000,4,awake
1610560140000,4,awake
1610560440000,4,awake
1610560740000,2,light
1610561040000,3,REM
1610561340000,3,REM
1610561640000,3,REM
1610561940000,3,REM
1610562240000,4,awake
1610562540000,4,awake
1610562840000,2,light
1610563140000,2,light
1610563440000,4,awake
1610563740000,4,awake
1610564040000,4,awake
1610620052000,2,light
1610620352000,1,deep
1610620652000,1,deep
1610620952000,1,deep
1610621252000,1,deep
1610621552000,1,deep
1610621852000,1,deep
1610622152000,1,deep
1610622452000,2,light
1610622752000,2,light
1610623052000,1,deep
1610623352000,2,light
1610623652000,2,light
1610623952000,2,light
1610624252000,4,awake
1610624552000,4,awake
1610624852000,2,light
1610625152000,1,deep
1610625452000,1,deep
1610625752000,2,light
1610626052000,2,light
1610626352000,2,light
1610626652000,1,deep
1610626952000,2,light
1610627252000,1,deep
1610627552000,4,awake
1610627852000,4,awake
1610628152000,3,REM
1610628452000,2,light
1610628752000,2,light
1610629052000,2,light
1610629352000,1,deep
1610629652000,1,deep
1610629952000,1,deep
1610630252000,1,deep
1610630552000,1,deep
1610630852000,1,deep
1610631152000,1,deep
1610631452000,1,deep
1610631752000,1,deep
1610632052000,2,light
1610632352000,1,deep
1610632652000,1,deep
1610632952000,1,deep
1610633252000,2,light
1610633552000,2,light
1610633852000,3,REM
1610634152000,3,REM
1610634452000,3,REM
1610634752000,2,light
1610635052000,2,light
1610635352000,2,light
1610635652000,2,light
1610635952000,1,deep
1610636252000,1,deep
1610636552000,1,deep
1610636852000,1,deep
1610637152000,1,deep
1610637452000,1,deep
1610637752000,1,deep
1610638052000,1,deep
1610638352000,2,light
1610638652000,2,light
1610638952000,1,deep
1610639252000,1,deep
1610639552000,4,awake
1610639852000,2,light
1610640152000,3,REM
1610640452000,3,REM
1610640752000,4,awake
1610641052000,2,light
1610641352000,2,light
1610641652000,2,light
1610641952000,2,light
1610642252000,2,light
1610642552000,3,REM
1610642852000,4,awake
1610643152000,4,awake
1610643452000,2,light
1610643752000,2,light
1610644052000,2,light
1610644352000,2,light
1610644652000,4,awake
1610644952000,4,awake
1610645252000,3,REM
1610645552000,3,REM
1610645852000,3,REM
1610646152000,3,REM
1610646452000,3,REM
1610646752000,4,awake
1610647052000,4,awake
1610647352000,3,REM
1610647652000,3,REM
1610647952000,3,REM
1610648252000,3,REM
1610648552000,3,REM
1610648852000,3,REM
1610649152000,4,awake
1610649452000,4,awake
1610649752000,4,awake
1610650052000,4,awake
1610650352000,4,awake
1610706078000,4,awake
1610706378000,2,light
1610706678000,2,light
1610706978000,4,awake
1610707278000,4,awake
1610707578000,4,awake
1610707878000,2,light
1610708178000,2,light
1610708478000,1,deep
1610708778000,2,light
1610709078000,2,light
1610709378000,1,deep
1610709678000,1,deep
1610709978000,1,deep
1610710278000,2,light
1610710578000,2,light
1610710878000,2,light
1610711178000,2,light
1610711478000,1,deep
1610711778000,1,deep
1610712078000,1,deep
1610712378000,2,light
1610712678000,2,light
1610712978000,1,deep
1610713278000,1,deep
1610713578000,1,deep
1610713878000,1,deep
1610714178000,2,light
1610714478000,2,light
1610714778000,2,light
1610715078000,3,REM
1610715378000,3,REM
1610715678000,3,REM
1610715978000,3,REM
1610716278000,3,REM
1610716578000,1,deep
1610716878000,1,deep
1610717178000,1,deep
1610717478000,1,deep
1610717778000,1,deep
1610718078000,1,deep
1610718378000,1,deep
1610718678000,1,deep
1610718978000,1,deep
1610719278000,1,deep
1610719578000,2,light
1610719878000,1,deep
1610720178000,2,light
1610720478000,2,light
1610720778000,2,light
1610721078000,2,light
1610721378000,4,awake
1610721678000,3,REM
1610721978000,3,REM
1610722278000,2,light
1610722578000,2,light
1610722878000,2,light
1610723178000,2,light
1610723478000,2,light
1610723778000,2,light
1610724078000,2,light
1610724378000,2,light
1610724678000,2,light
1610724978000,2,light
1610725278000,2,light
1610725578000,4,awake
1610725878000,4,awake
1610726178000,4,awake
1610726478000,4,awake
1610726778000,4,awake
1610727078000,4,awake
1610798220000,4,awake
1610798520000,2,light
1610798820000,1,deep
1610799120000,2,light
1610799420000,2,light
1610799720000,1,deep
1610800020000,1,deep
1610800320000,1,deep
1610800620000,2,light
1610800920000,2,light
1610801220000,1,deep
1610801520000,1,deep
1610801820000,1,deep
1610802120000,1,deep
1610802420000,1,deep
1610802720000,1,deep
1610803020000,1,deep
1610803320000,4,awake
1610803620000,4,awake
1610803920000,2,light
1610804220000,2,light
1610804520000,1,deep
1610804820000,1,deep
1610805120000,2,light
1610805420000,2,light
1610805720000,2,light
1610806020000,2,light
1610806320000,1,deep
1610806620000,4,awake
1610806920000,4,awake
1610807220000,2,light
1610807520000,2,light
1610807820000,2,light
1610808120000,2,light
1610808420000,2,light
1610808720000,2,light
1610809020000,2,light
1610809320000,2,light
1610809620000,1,deep
1610809920000,1,deep
1610810220000,1,deep
1610810520000,2,light
1610810820000,2,light
1610811120000,2,light
1610811420000,1,deep
1610811720000,1,deep
1610812020000,1,deep
1610812320000,2,light
1610812620000,2,light
1610812920000,2,light
1610813220000,2,light
1610813520000,3,REM
1610813820000,3,REM
1610814120000,3,REM
1610814420000,3,REM
1610814720000,4,awake
1610815020000,2,light
1610815320000,2,light
1610815620000,2,light
1610815920000,2,light
1610816220000,2,light
1610816520000,2,light
1610816820000,1,deep
1610817120000,1,deep
1610817420000,1,deep
1610817720000,2,light
1610818020000,2,light
1610818320000,2,light
1610818620000,2,light
1610818920000,3,REM
1610819220000,3,REM
1610819520000,3,REM
1610819820000,3,REM
1610820120000,4,awake
1610820420000,4,awake
1610820720000,3,REM
1610821020000,3,REM
1610821320000,2,light
1610821620000,2,light
1610821920000,2,light
1610822220000,4,awake
1610822520000,4,awake
1610822820000,2,light
1610823120000,2,light
1610823420000,4,awake
1610823720000,4,awake
1610824020000,4,awake
1610824320000,4,awake
1610824620000,2,light
1610824920000,2,light
1610825220000,3,REM
1610825520000,4,awake
1610825820000,4,awake
1610826120000,4,awake
1610826420000,4,awake
1610826720000,4,awake
1610827020000,4,awake
1610886601000,4,awake
1610886901000,2,light
1610887201000,1,deep
1610887501000,1,deep
1610887801000,1,deep
1610888101000,1,deep
1610888401000,1,deep
1610888701000,1,deep
1610889001000,2,light
1610889301000,2,light
1610889601000,1,deep
1610889901000,1,deep
1610890201000,1,deep
1610890501000,1,deep
1610890801000,4,awake
1610891101000,4,awake
1610891401000,3,REM
1610891701000,1,deep
1610892001000,1,deep
1610892301000,1,deep
1610892601000,1,deep
1610892901000,1,deep
1610893201000,1,deep
1610893501000,2,light
1610893801000,1,deep
1610894101000,2,light
1610894401000,2,light
1610894701000,2,light
1610895001000,2,light
1610895301000,1,deep
1610895601000,1,deep
1610895901000,2,light
1610896201000,2,light
1610896501000,3,REM
1610896801000,4,awake
1610897101000,4,awake
1610897401000,2,light
1610897701000,2,light
1610898001000,2,light
1610898301000,2,light
1610898601000,1,deep
1610898901000,1,deep
1610899201000,1,deep
1610899501000,1,deep
1610899801000,1,deep
1610900101000,2,light
1610900401000,2,light
1610900701000,1,deep
1610901001000,1,deep
1610901301000,2,light
1610901601000,2,light
1610901901000,2,light
1610902201000,2,light
1610902501000,2,light
1610902801000,2,light
1610903101000,2,light
1610903401000,2,light
1610903701000,2,light
1610904001000,2,light
1610904301000,2,light
1610904601000,2,light
1610904901000,1,deep
1610905201000,1,deep
1610905501000,1,deep
1610905801000,1,deep
1610906101000,2,light
1610906401000,2,light
1610906701000,2,light
1610907001000,3,REM
1610907301000,3,REM
1610907601000,3,REM
1610907901000,4,awake
1610908201000,4,awake
1610908501000,3,REM
1610908801000,2,light
1610909101000,3,REM
1610909401000,2,light
1610909701000,2,light
1610910001000,2,light
1610910301000,2,light
1610910601000,2,light
1610910901000,2,light
1610911201000,3,REM
1610911501000,4,awake
1610911801000,3,REM
1610912101000,2,light
1610912401000,2,light
1610912701000,2,light
1610913001000,4,awake
1610913301000,4,awake
1610913601000,3,REM
1610913901000,3,REM
1610914201000,3,REM
1610914501000,3,REM
1610914801000,3,REM
1610915101000,3,REM
1610915401000,3,REM
1610915701000,2,light
1610916001000,2,light
1610916301000,2,light
1610916601000,2,light
1610916901000,2,light
1610917201000,2,light
1610917501000,2,light
1610917801000,2,light
1610918101000,2,light
1610918401000,2,light
1610918701000,2,light
1610919001000,3,REM
1610919301000,3,REM
1610919601000,3,REM
1610919901000,3,REM
1610920201000,3,REM
1610920501000,4,awake
1610920801000,4,awake
1610973721000,4,awake
1610974021000,2,light
1610974321000,2,light
1610974621000,2,light
1610974921000,2,light
1610975221000,1,deep
1610975521000,1,deep
1610975821000,1,deep
1610976121000,1,deep
1610976421000,1,deep
1610976721000,1,deep
1610977021000,2,light
1610977321000,2,light
1610977621000,3,REM
1610977921000,2,light
1610978221000,2,light
1610978521000,1,deep
1610978821000,1,deep
1610979121000,1,deep
1610979421000,1,deep
1610979721000,1,deep
1610980021000,1,deep
1610980321000,4,awake
1610980621000,4,awake
1610980921000,2,light
1610981221000,1,deep
1610981521000,1,deep
1610981821000,1,deep
1610982121000,1,deep
1610982421000,1,deep
1610982721000,1,deep
1610983021000,3,REM
1610983321000,4,awake
1610983621000,4,awake
1610983921000,2,light
1610984221000,2,light
1610984521000,2,light
1610984821000,2,light
1610985121000,2,light
1610985421000,2,light
1610985721000,1,deep
1610986021000,2,light
1610986321000,1,deep
1610986621000,2,light
1610986921000,4,awake
1610987221000,4,awake
1610987521000,4,awake
1610987821000,4,awake
1610988121000,2,light
1610988421000,2,light
1610988721000,2,light
1610989021000,2,light
1610989321000,4,awake
1610989621000,4,awake
1610989921000,2,light
1610990221000,2,light
1610990521000,4,awake
1610990821000,4,awake
1610991121000,4,awake
1610991421000,2,light
1610991721000,2,light
1610992021000,4,awake
1610992321000,4,awake
1610992621000,2,light
1610992921000,2,light
1610993221000,2,light
1610993521000,2,light
1610993821000,2,light
1610994121000,2,light
1610994421000,1,deep
1610994721000,4,awake
1611048240000,4,awake
1611048540000,2,light
1611048840000,1,deep
1611049140000,2,light
1611049440000,1,deep
1611049740000,1,deep
1611050040000,1,deep
1611050340000,1,deep
1611050640000,1,deep
1611050940000,1,deep
1611051240000,1,deep
1611051540000,4,awake
1611051840000,4,awake
1611052140000,2,light
1611052440000,2,light
1611052740000,2,light
1611053040000,2,light
1611053340000,2,light
1611053640000,2,light
1611053940000,2,light
1611054240000,2,light
1611054540000,1,deep
1611054840000,2,light
1611055140000,1,deep
1611055440000,1,deep
1611055740000,1,deep
1611056040000,2,light
1611056340000,1,deep
1611056640000,2,light
1611056940000,2,light
1611057240000,3,REM
1611057540000,3,REM
1611057840000,4,awake
1611058140000,2,light
1611058440000,3,REM
1611058740000,3,REM
1611059040000,2,light
1611059340000,3,REM
1611059640000,3,REM
1611059940000,2,light
1611060240000,2,light
1611060540000,1,deep
1611060840000,1,deep
1611061140000,2,light
1611061440000,2,light
1611061740000,2,light
1611062040000,4,awake
1611062340000,2,light
1611062640000,2,light
1611062940000,1,deep
1611063240000,1,deep
1611063540000,1,deep
1611063840000,1,deep
1611064140000,2,light
1611064440000,3,REM
1611064740000,4,awake
1611065040000,2,light
1611065340000,2,light
1611065640000,2,light
1611065940000,2,light
1611066240000,2,light
1611066540000,2,light
1611066840000,2,light
1611067140000,2,light
1611067440000,2,light
1611067740000,1,deep
1611068040000,2,light
1611068340000,2,light
1611068640000,1,deep
1611068940000,1,deep
1611069240000,3,REM
1611069540000,3,REM
1611069840000,3,REM
1611070140000,3,REM
1611070440000,3,REM
1611070740000,3,REM
1611071040000,2,light
1611071340000,2,light
1611071640000,2,light
1611071940000,4,awake
1611072240000,4,awake
1611072540000,4,awake
1611072840000,4,awake
1611073140000,4,awake
1611139861000,4,awake
1611140161000,2,light
1611140461000,1,deep
1611140761000,1,deep
1611141061000,1,deep
1611141361000,1,deep
1611141661000,2,light
1611141961000,1,deep
1611142261000,1,deep
1611142561000,1,deep
1611142861000,2,light
1611143161000,1,deep
1611143461000,1,deep
1611143761000,1,deep
1611144061000,3,REM
1611144361000,3,REM
1611144661000,1,deep
1611144961000,2,light
1611145261000,1,deep
1611145561000,1,deep
1611145861000,2,light
1611146161000,2,light
1611146461000,1,deep
1611146761000,1,deep
1611147061000,1,deep
1611147361000,1,deep
1611147661000,1,deep
1611147961000,4,awake
1611148261000,4,awake
1611148561000,3,REM
1611148861000,3,REM
1611149161000,3,REM
1611149461000,2,light
1611149761000,2,light
1611150061000,1,deep
1611150361000,1,deep
1611150661000,1,deep
1611150961000,2,light
1611151261000,2,light
1611151561000,2,light
1611151861000,1,deep
1611152161000,2,light
1611152461000,1,deep
1611152761000,1,deep
1611153061000,4,awake
1611153361000,2,light
1611153661000,2,light
1611153961000,2,light
1611154261000,2,light
1611154561000,3,REM
1611154861000,3,REM
1611155161000,3,REM
1611155461000,4,awake
1611155761000,4,awake
1611156061000,2,light
1611156361000,2,light
1611156661000,3,REM
1611156961000,3,REM
1611157261000,3,REM
1611157561000,4,awake
1611157861000,4,awake
1611158161000,4,awake
1611225901000,4,awake
1611226201000,2,light
1611226501000,2,light
1611226801000,2,light
1611227101000,2,light
1611227401000,2,light
1611227701000,2,light
1611228001000,1,deep
1611228301000,1,deep
1611228601000,1,deep
1611228901000,4,awake
1611229201000,1,deep
1611229501000,1,deep
1611229801000,1,deep
1611230101000,1,deep
1611230401000,1,deep
1611230701000,1,deep
1611231001000,1,deep
1611231301000,1,deep
1611231601000,1,deep
1611231901000,1,deep
1611232201000,1,deep
1611232501000,1,deep
1611232801000,2,light
1611233101000,2,light
1611233401000,1,deep
1611233701000,1,deep
1611234001000,1,deep
1611234301000,1,deep
1611234601000,3,REM
1611234901000,3,REM
1611235201000,2,light
1611235501000,2,light
1611235801000,1,deep
1611236101000,1,deep
1611236401000,2,light
1611236701000,2,light
1611237001000,1,deep
1611237301000,4,awake
1611237601000,2,light
1611237901000,2,light
1611238201000,2,light
1611238501000,2,light
1611238801000,2,light
1611239101000,2,light
1611239401000,2,light
1611239701000,2,light
1611240001000,2,light
1611240301000,2,light
1611240601000,2,light
1611240901000,2,light
1611241201000,2,light
1611241501000,2,light
1611241801000,2,light
1611242101000,2,light
1611242401000,2,light
1611242701000,1,deep
1611243001000,2,light
1611243301000,2,light
1611243601000,1,deep
1611243901000,4,awake
1611244201000,4,awake
1611244501000,2,light
1611244801000,3,REM
1611245101000,3,REM
1611245401000,3,REM
1611245701000,3,REM
1611246001000,2,light
1611246301000,2,light
1611246601000,2,light
1611246901000,2,light
1611247201000,2,light
1611247501000,2,light
1611247801000,2,light
1611248101000,2,light
1611248401000,2,light
1611248701000,2,light
1611249001000,4,awake
1611249301000,4,awake
1611249601000,4,awake
1611249901000,2,light
1611250201000,4,awake
1611250501000,4,awake
1611250801000,4,awake
1611251101000,4,awake
1611251401000,4,awake
1611251701000,2,light
1611252001000,2,light
1611252301000,2,light
1611252601000,4,awake
1611252901000,4,awake
1611253201000,2,light
1611253501000,4,awake
1611253801000,4,awake
1611254101000,4,awake
1611254401000,4,awake
1611254701000,2,light
1611255001000,3,REM
1611255301000,3,REM
1611255601000,3,REM
1611255901000,2,light
1611256201000,3,REM
1611256501000,4,awake
1611256801000,4,awake
1611257101000,2,light
1611257401000,2,light
1611257701000,2,light
1611258001000,1,deep
1611258301000,4,awake
1611258601000,2,light
1611258901000,2,light
1611259201000,2,light
1611259501000,2,light
1611259801000,4,awake
1611260101000,4,awake
1611260401000,3,REM
1611260701000,3,REM
1611261001000,4,awake
1611261301000,4,awake
1611261601000,4,awake
1611261901000,4,awake
1611262201000,2,light
1611262501000,4,awake
1611311162000,4,awake
1611311462000,2,light
1611311762000,2,light
1611312062000,2,light
1611312362000,1,deep
1611312662000,1,deep
1611312962000,1,deep
1611313262000,1,deep
1611313562000,1,deep
1611313862000,2,light
1611314162000,1,deep
1611314462000,1,deep
1611314762000,1,deep
1611315062000,1,deep
1611315362000,2,light
1611315662000,2,light
1611315962000,3,REM
1611316262000,2,light
1611316562000,2,light
1611316862000,2,light
1611317162000,2,light
1611317462000,1,deep
1611317762000,1,deep
1611318062000,1,deep
1611318362000,1,deep
1611318662000,2,light
1611318962000,1,deep
1611319262000,2,light
1611319562000,2,light
1611319862000,1,deep
1611320162000,2,light
1611320462000,2,light
1611320762000,3,REM
1611321062000,3,REM
1611321362000,3,REM
1611321662000,3,REM
1611321962000,3,REM
1611322262000,3,REM
1611322562000,4,awake
1611322862000,4,awake
1611323162000,2,light
1611323462000,1,deep
1611323762000,1,deep
1611324062000,1,deep
1611324362000,4,awake
1611324662000,4,awake
1611324962000,2,light
1611325262000,2,light
1611325562000,2,light
1611325862000,2,light
1611326162000,2,light
1611326462000,2,light
1611326762000,2,light
1611327062000,2,light
1611327362000,2,light
1611327662000,2,light
1611327962000,2,light
1611328262000,2,light
1611328562000,2,light
1611328862000,2,light
1611329162000,4,awake
1611329462000,4,awake
1611329762000,3,REM
1611330062000,4,awake
1611330362000,4,awake
1611330662000,3,REM
1611330962000,3,REM
1611331262000,4,awake
1611331562000,4,awake
1611400860000,4,awake
1611401160000,1,deep
1611401460000,1,deep
1611401760000,1,deep
1611402060000,1,deep
1611402360000,1,deep
1611402660000,2,light
1611402960000,1,deep
1611403260000,1,deep
1611403560000,1,deep
1611403860000,1,deep
1611404160000,1,deep
1611404460000,1,deep
1611404760000,1,deep
1611405060000,1,deep
1611405360000,1,deep
1611405660000,2,light
1611405960000,2,light
1611406260000,1,deep
1611406560000,1,deep
1611406860000,1,deep
1611407160000,1,deep
1611407460000,1,deep
1611407760000,2,light
1611408060000,1,deep
1611408360000,1,deep
1611408660000,1,deep
1611408960000,2,light
1611409260000,1,deep
1611409560000,1,deep
1611409860000,1,deep
1611410160000,1,deep
1611410460000,1,deep
1611410760000,1,deep
1611411060000,3,REM
1611411360000,3,REM
1611411660000,4,awake
1611411960000,2,light
1611412260000,2,light
1611412560000,3,REM
1611412860000,2,light
1611413160000,2,light
1611413460000,2,light
1611413760000,2,light
1611414060000,2,light
1611414360000,2,light
1611414660000,1,deep
1611414960000,2,light
1611415260000,2,light
1611415560000,1,deep
1611415860000,1,deep
1611416160000,2,light
1611416460000,2,light
1611416760000,2,light
1611417060000,1,deep
1611417360000,2,light
1611417660000,3,REM
1611417960000,3,REM
1611418260000,3,REM
1611418560000,3,REM
1611418860000,2,light
1611419160000,2,light
1611419460000,2,light
1611419760000,2,light
1611420060000,2,light
1611420360000,1,deep
1611420660000,2,light
1611420960000,2,light
1611421260000,2,light
1611421560000,2,light
1611421860000,2,light
1611422160000,1,deep
1611422460000,2,light
1611422760000,3,REM
1611423060000,3,REM
1611423360000,3,REM
1611423660000,3,REM
1611423960000,3,REM
1611424260000,3,REM
1611424560000,3,REM
1611424860000,3,REM
1611425160000,2,light
1611425460000,2,light
1611425760000,2,light
1611426060000,2,light
1611426360000,2,light
1611426660000,2,light
1611426960000,4,awake
1611427260000,2,light
1611427560000,2,light
1611427860000,3,REM
1611428160000,3,REM
1611428460000,3,REM
1611428760000,3,REM
1611429060000,2,light
1611429360000,2,light
1611429660000,2,light
1611429960000,2,light
1611430260000,2,light
1611430560000,2,light
1611430860000,3,REM
1611431160000,3,REM
1611431460000,3,REM
1611431760000,4,awake
1611432060000,4,awake
1611485819000,4,awake
1611486119000,2,light
1611486419000,2,light
1611486719000,2,light
1611487019000,1,deep
1611487319000,1,deep
1611487619000,1,deep
1611487919000,1,deep
1611488219000,1,deep
1611488519000,1,deep
1611488819000,1,deep
1611489119000,1,deep
1611489419000,2,light
1611489719000,4,awake
1611490019000,4,awake
1611490319000,4,awake
1611490619000,4,awake
1611490919000,4,awake
1611491219000,4,awake
1611491519000,4,awake
1611491819000,4,awake
1611492119000,4,awake
1611492419000,4,awake
1611492719000,4,awake
1611493019000,4,awake
1611493319000,4,awake
1611493619000,2,light
1611493919000,2,light
1611494219000,2,light
1611494519000,2,light
1611494819000,2,light
1611495119000,2,light
1611495419000,2,light
1611495719000,2,light
1611496019000,2,light
1611496319000,2,light
1611496619000,1,deep
1611496919000,1,deep
1611497219000,2,light
1611497519000,1,deep
1611497819000,1,deep
1611498119000,2,light
1611498419000,2,light
1611498719000,1,deep
1611499019000,3,REM
1611499319000,3,REM
1611499619000,3,REM
1611499919000,2,light
1611500219000,2,light
1611500519000,2,light
1611500819000,2,light
1611501119000,2,light
1611501419000,2,light
1611501719000,2,light
1611502019000,2,light
1611502319000,2,light
1611502619000,2,light
1611502919000,2,light
1611503219000,2,light
1611503519000,2,light
1611503819000,2,light
1611504119000,2,light
1611504419000,2,light
1611504719000,2,light
1611505019000,2,light
1611505319000,2,light
1611505619000,2,light
1611505919000,1,deep
1611506219000,1,deep
1611506519000,2,light
1611506819000,2,light
1611507119000,2,light
1611507419000,1,deep
1611507719000,1,deep
1611508019000,1,deep
1611508319000,3,REM
1611508619000,3,REM
1611508919000,3,REM
1611509219000,3,REM
1611509519000,2,light
1611509819000,2,light
1611510119000,2,light
1611510419000,2,light
1611510719000,2,light
1611511019000,1,deep
1611511319000,3,REM
1611511619000,2,light
1611511919000,2,light
1611512219000,3,REM
1611512519000,3,REM
1611512819000,2,light
1611513119000,2,light
1611513419000,2,light
1611513719000,2,light
1611514019000,2,light
1611514319000,2,light
1611514619000,2,light
1611514919000,3,REM
1611515219000,3,REM
1611515519000,4,awake
1611515819000,4,awake
1611516119000,2,light
1611516419000,2,light
1611516719000,2,light
1611517019000,2,light
1611517319000,2,light
1611517619000,3,REM
1611517919000,3,REM
1611518219000,3,REM
1611518519000,2,light
1611518819000,2,light
1611519119000,4,awake
1611519419000,4,awake
1611519719000,2,light
1611520019000,2,light
1611520319000,2,light
1611520619000,2,light
1611520919000,3,REM
1611521219000,3,REM
1611521519000,3,REM
1611521819000,3,REM
1611522119000,2,light
1611522419000,2,light
1611522719000,2,light
1611523019000,4,awake
1611523319000,4,awake
1611523619000,3,REM
1611523919000,4,awake
1611524219000,4,awake
1611524519000,2,light
1611524819000,2,light
1611525119000,2,light
1611525419000,4,awake
1611574323000,2,light
1611574623000,2,light
1611574923000,1,deep
1611575223000,1,deep
1611575523000,1,deep
1611575823000,2,light
1611576123000,1,deep
1611576423000,1,deep
1611576723000,1,deep
1611577023000,1,deep
1611577323000,1,deep
1611577623000,4,awake
1611577923000,4,awake
1611578223000,4,awake
1611578523000,4,awake
1611578823000,3,REM
1611579123000,3,REM
1611579423000,2,light
1611579723000,2,light
1611580023000,2,light
1611580323000,2,light
1611580623000,1,deep
1611580923000,1,deep
1611581223000,1,deep
1611581523000,2,light
1611581823000,2,light
1611582123000,1,deep
1611582423000,1,deep
1611582723000,2,light
1611583023000,3,REM
1611583323000,3,REM
1611583623000,3,REM
1611583923000,3,REM
1611584223000,4,awake
1611584523000,4,awake
1611584823000,2,light
1611585123000,2,light
1611585423000,2,light
1611585723000,2,light
1611586023000,2,light
1611586323000,2,light
1611586623000,2,light
1611586923000,1,deep
1611587223000,1,deep
1611587523000,2,light
1611587823000,2,light
1611588123000,1,deep
1611588423000,1,deep
1611588723000,2,light
1611589023000,2,light
1611589323000,2,light
1611589623000,2,light
1611589923000,2,light
1611590223000,2,light
1611590523000,2,light
1611590823000,2,light
1611591123000,2,light
1611591423000,2,light
1611591723000,4,awake
1611592023000,4,awake
1611592323000,4,awake
1611592623000,4,awake
1611592923000,2,light
1611593223000,2,light
1611593523000,2,light
1611593823000,2,light
1611594123000,2,light
1611594423000,1,deep
1611594723000,2,light
1611595023000,4,awake
1611595323000,4,awake
1611655351000,4,awake
1611655651000,1,deep
1611655951000,1,deep
1611656251000,1,deep
1611656551000,1,deep
1611656851000,1,deep
1611657151000,1,deep
1611657451000,1,deep
1611657751000,1,deep
1611658051000,1,deep
1611658351000,1,deep
1611658651000,1,deep
1611658951000,1,deep
1611659251000,1,deep
1611659551000,2,light
1611659851000,2,light
1611660151000,1,deep
1611660451000,1,deep
1611660751000,1,deep
1611661051000,1,deep
1611661351000,1,deep
1611661651000,1,deep
1611661951000,1,deep
1611662251000,2,light
1611662551000,2,light
1611662851000,2,light
1611663151000,1,deep
1611663451000,1,deep
1611663751000,2,light
1611664051000,1,deep
1611664351000,3,REM
1611664651000,3,REM
1611664951000,4,awake
1611665251000,2,light
1611665551000,2,light
1611665851000,2,light
1611666151000,2,light
1611666451000,1,deep
1611666751000,2,light
1611667051000,2,light
1611667351000,1,deep
1611667651000,1,deep
1611667951000,2,light
1611668251000,2,light
1611668551000,2,light
1611668851000,2,light
1611669151000,2,light
1611669451000,2,light
1611669751000,2,light
1611670051000,2,light
1611670351000,2,light
1611670651000,2,light
1611670951000,3,REM
1611671251000,2,light
1611671551000,2,light
1611671851000,2,light
1611672151000,3,REM
1611672451000,3,REM
1611672751000,3,REM
1611673051000,3,REM
1611673351000,2,light
1611673651000,2,light
1611673951000,2,light
1611674251000,1,deep
1611674551000,1,deep
1611674851000,1,deep
1611675151000,1,deep
1611675451000,2,light
1611675751000,4,awake
1611676051000,4,awake
1611676351000,3,REM
1611676651000,4,awake
1611739891000,4,awake
1611740191000,4,awake
1611740491000,2,light
1611740791000,1,deep
1611741091000,1,deep
1611741391000,1,deep
1611741691000,1,deep
1611741991000,1,deep
1611742291000,1,deep
1611742591000,1,deep
1611742891000,1,deep
1611743191000,1,deep
1611743491000,1,deep
1611743791000,1,deep
1611744091000,1,deep
1611744391000,2,light
1611744691000,2,light
1611744991000,2,light
1611745291000,1,deep
1611745591000,1,deep
1611745891000,1,deep
1611746191000,1,deep
1611746491000,1,deep
1611746791000,3,REM
1611747091000,3,REM
1611747391000,1,deep
1611747691000,1,deep
1611747991000,4,awake
1611748291000,2,light
1611748591000,2,light
1611748891000,2,light
1611749191000,2,light
1611749491000,2,light
1611749791000,2,light
1611750091000,3,REM
1611750391000,2,light
1611750691000,2,light
1611750991000,3,REM
1611751291000,3,REM
1611751591000,3,REM
1611751891000,2,light
1611752191000,2,light
1611752491000,2,light
1611752791000,2,light
1611753091000,2,light
1611753391000,2,light
1611753691000,2,light
1611753991000,1,deep
1611754291000,1,deep
1611754591000,3,REM
1611754891000,3,REM
1611755191000,3,REM
1611755491000,1,deep
1611755791000,1,deep
1611756091000,2,light
1611756391000,2,light
1611756691000,2,light
1611756991000,1,deep
1611757291000,2,light
1611757591000,2,light
1611757891000,2,light
1611758191000,3,REM
1611758491000,3,REM
1611758791000,2,light
1611759091000,2,light
1611759391000,2,light
1611759691000,2,light
1611759991000,1,deep
1611760291000,2,light
1611760591000,1,deep
1611760891000,1,deep
1611761191000,1,deep
1611761491000,1,deep
1611761791000,1,deep
1611762091000,4,awake
1611762391000,4,awake
1611828452000,4,awake
1611828752000,2,light
1611829052000,1,deep
1611829352000,1,deep
1611829652000,1,deep
1611829952000,1,deep
1611830252000,1,deep
1611830552000,1,deep
1611830852000,1,deep
1611831152000,1,deep
1611831452000,1,deep
1611831752000,2,light
1611832052000,1,deep
1611832352000,3,REM
1611832652000,2,light
1611832952000,2,light
1611833252000,2,light
1611833552000,1,deep
1611833852000,1,deep
1611834152000,2,light
1611834452000,2,light
1611834752000,1,deep
1611835052000,1,deep
1611835352000,1,deep
1611835652000,1,deep
1611835952000,2,light
1611836252000,2,light
1611836552000,2,light
1611836852000,1,deep
1611837152000,3,REM
1611837452000,3,REM
1611837752000,3,REM
1611838052000,2,light
1611838352000,4,awake
1611838652000,4,awake
1611838952000,2,light
1611839252000,4,awake
1611839552000,2,light
1611839852000,2,light
1611840152000,1,deep
1611840452000,1,deep
1611840752000,1,deep
1611841052000,2,light
1611841352000,2,light
1611841652000,2,light
1611841952000,2,light
1611842252000,1,deep
1611842552000,1,deep
1611842852000,2,light
1611843152000,2,light
1611843452000,3,REM
1611843752000,3,REM
1611844052000,3,REM
1611844352000,3,REM
1611844652000,3,REM
1611844952000,2,light
1611845252000,2,light
1611845552000,2,light
1611845852000,2,light
1611846152000,1,deep
1611846452000,1,deep
1611846752000,2,light
1611847052000,2,light
1611847352000,2,light
1611847652000,2,light
1611847952000,1,deep
1611848252000,2,light
1611848552000,2,light
1611848852000,4,awake
1611849152000,2,light
1611849452000,2,light
1611849752000,2,light
1611850052000,2,light
1611850352000,2,light
1611850652000,2,light
1611850952000,4,awake
1611851252000,3,REM
1611851552000,3,REM
1611851852000,3,REM
1611852152000,4,awake
1611852452000,2,light
1611852752000,2,light
1611853052000,2,light
1611853352000,2,light
1611853652000,2,light
1611853952000,2,light
1611854252000,2,light
1611854552000,2,light
1611854852000,2,light
1611855152000,2,light
1611855452000,2,light
1611855752000,2,light
1611856052000,1,deep
1611856352000,2,light
1611856652000,2,light
1611856952000,3,REM
1611857252000,3,REM
1611857552000,3,REM
1611857852000,3,REM
1611858152000,3,REM
1611858452000,3,REM
1611858752000,3,REM
1611859052000,4,awake
1611859352000,2,light
1611859652000,2,light
1611859952000,2,light
1611860252000,2,light
1611860552000,2,light
1611860852000,2,light
1611861152000,2,light
1611861452000,3,REM
1611861752000,4,awake
1611862052000,4,awake
1611917072000,4,awake
1611917372000,4,awake
1611917672000,4,awake
1611917972000,4,awake
1611918272000,4,awake
1611918572000,2,light
1611918872000,2,light
1611919172000,2,light
1611919472000,2,light
1611919772000,2,light
1611920072000,1,deep
1611920372000,1,deep
1611920672000,1,deep
1611920972000,1,deep
1611921272000,2,light
1611921572000,2,light
1611921872000,2,light
1611922172000,2,light
1611922472000,2,light
1611922772000,2,light
1611923072000,2,light
1611923372000,2,light
1611923672000,2,light
1611923972000,2,light
1611924272000,1,deep
1611924572000,1,deep
1611924872000,2,light
1611925172000,1,deep
1611925472000,1,deep
1611925772000,4,awake
1611926072000,4,awake
1611926372000,4,awake
1611926672000,4,awake
1611926972000,2,light
1611927272000,2,light
1611927572000,2,light
1611927872000,2,light
1611928172000,2,light
1611928472000,2,light
1611928772000,2,light
1611929072000,2,light
1611929372000,2,light
1611929672000,2,light
1611929972000,2,light
1611930272000,1,deep
1611930572000,2,light
1611930872000,2,light
1611931172000,2,light
1611931472000,4,awake
1611931772000,2,light
1611932072000,2,light
1611932372000,2,light
1611932672000,3,REM
1611932972000,3,REM
1611933272000,3,REM
1611933572000,3,REM
1611933872000,3,REM
1611934172000,3,REM
1611934472000,3,REM
1611934772000,2,light
1611935072000,2,light
1611935372000,2,light
1611935672000,4,awake
1611935972000,4,awake
1612004012000,4,awake
1612004312000,2,light
1612004612000,2,light
1612004912000,2,light
1612005212000,2,light
1612005512000,2,light
1612005812000,2,light
1612006112000,1,deep
1612006412000,1,deep
1612006712000,1,deep
1612007012000,1,deep
1612007312000,1,deep
1612007612000,1,deep
1612007912000,1,deep
1612008212000,1,deep
1612008512000,1,deep
1612008812000,1,deep
1612009112000,1,deep
1612009412000,1,deep
1612009712000,2,light
1612010012000,2,light
1612010312000,1,deep
1612010612000,1,deep
1612010912000,1,deep
1612011212000,1,deep
1612011512000,1,deep
1612011812000,4,awake
1612012112000,2,light
1612012412000,1,deep
1612012712000,1,deep
1612013012000,1,deep
1612013312000,1,deep
1612013612000,3,REM
1612013912000,3,REM
1612014212000,3,REM
1612014512000,3,REM
1612014812000,2,light
1612015112000,2,light
1612015412000,2,light
1612015712000,2,light
1612016012000,2,light
1612016312000,2,light
1612016612000,2,light
1612016912000,1,deep
1612017212000,2,light
1612017512000,2,light
1612017812000,2,light
1612018112000,2,light
1612018412000,2,light
1612018712000,2,light
1612019012000,4,awake
1612019312000,4,awake
1612019612000,3,REM
1612019912000,4,awake
1612020212000,4,awake
1612020512000,2,light
1612020812000,2,light
1612021112000,2,light
1612021412000,2,light
1612021712000,1,deep
1612022012000,2,light
1612022312000,2,light
1612022612000,1,deep
1612022912000,2,light
1612023212000,2,light
1612023512000,2,light
1612023812000,2,light
1612024112000,2,light
1612024412000,3,REM
1612024712000,3,REM
1612025012000,3,REM
1612025312000,4,awake
1612025612000,3,REM
1612025912000,3,REM
1612026212000,3,REM
1612026512000,3,REM
1612026812000,3,REM
1612027112000,3,REM
1612027412000,3,REM
1612027712000,2,light
1612028012000,2,light
1612028312000,1,deep
1612028612000,2,light
1612028912000,2,light
1612029212000,2,light
1612029512000,2,light
1612029812000,2,light
1612030112000,4,awake
1612030412000,3,REM
1612030712000,3,REM
1612031012000,3,REM
1612031312000,3,REM
1612031612000,3,REM
1612031912000,3,REM
1612032212000,3,REM
1612032512000,2,light
1612032812000,2,light
1612033112000,4,awake
1612033412000,4,awake
1612033712000,2,light
1612034012000,2,light
1612034312000,2,light
1612034612000,2,light
1612034912000,2,light
1612035212000,2,light
1612035512000,2,light
1612035812000,4,awake
1612036112000,2,light
1612036412000,4,awake
1612036712000,4,awake
1612037012000,4,awake
1612093712000,4,awake
1612094012000,2,light
1612094312000,1,deep
1612094612000,1,deep
1612094912000,1,deep
1612095212000,1,deep
1612095512000,1,deep
1612095812000,1,deep
1612096112000,1,deep
1612096412000,1,deep
1612096712000,1,deep
1612097012000,1,deep
1612097312000,1,deep
1612097612000,2,light
1612097912000,1,deep
1612098212000,1,deep
1612098512000,2,light
1612098812000,2,light
1612099112000,2,light
1612099412000,2,light
1612099712000,2,light
1612100012000,1,deep
1612100312000,1,deep
1612100612000,1,deep
1612100912000,1,deep
1612101212000,1,deep
1612101512000,2,light
1612101812000,2,light
1612102112000,1,deep
1612102412000,1,deep
1612102712000,1,deep
1612103012000,1,deep
1612103312000,4,awake
1612103612000,4,awake
1612103912000,3,REM
1612104212000,3,REM
1612104512000,2,light
1612104812000,2,light
1612105112000,1,deep
1612105412000,1,deep
1612105712000,1,deep
1612106012000,1,deep
1612106312000,1,deep
1612106612000,2,light
1612106912000,2,light
1612107212000,2,light
1612107512000,2,light
1612107812000,2,light
1612108112000,2,light
1612108412000,2,light
1612108712000,3,REM
1612109012000,3,REM
1612109312000,2,light
1612109612000,3,REM
1612109912000,3,REM
1612110212000,3,REM
1612110512000,3,REM
1612110812000,3,REM
1612111112000,3,REM
1612111412000,2,light
1612111712000,2,light
1612112012000,2,light
1612112312000,1,deep
1612112612000,1,deep
1612112912000,1,deep
1612113212000,2,light
1612113512000,2,light
1612113812000,1,deep
1612114112000,1,deep
1612114412000,2,light
1612114712000,2,light
1612115012000,3,REM
1612115312000,3,REM
1612115612000,3,REM
1612115912000,3,REM
1612116212000,2,light
1612116512000,2,light
1612116812000,2,light
1612117112000,2,light
1612117412000,2,light
1612117712000,4,awake
1612118012000,3,REM
1612118312000,3,REM
1612118612000,3,REM
1612118912000,3,REM
1612119212000,4,awake
1612119512000,4,awake
1612119812000,4,awake
1612120112000,4,awake
1612120412000,4,awake
1612120712000,4,awake
1612121012000,3,REM
1612121312000,3,REM
1612121612000,3,REM
1612121912000,4,awake
1612122212000,2,light
1612122512000,2,light
1612122812000,2,light
1612123112000,2,light
1612123412000,2,light
1612123712000,4,awake
1612124012000,4,awake
1612124312000,2,light
1612124612000,3,REM
1612124912000,3,REM
1612125212000,4,awake
1612125512000,4,awake
1612125812000,2,light
1612126112000,4,awake
1612126412000,4,awake
1612126712000,4,awake
1612127012000,4,awake
1612127312000,4,awake
1612127612000,4,awake
1612127912000,4,awake
