timestamp,heart_rate,heart_rmssd
1595402534000,69,36
1595402834000,70,27
1595403134000,71,27
1595403434000,71,25
1595403734000,71,19
1595404034000,72,23
1595404334000,74,20
1595404634000,73,21
1595404934000,74,19
1595405234000,0,0
1595405534000,0,0
1595405834000,73,19
1595406134000,73,17
1595406434000,72,17
1595406734000,71,17
1595407034000,71,17
1595407334000,70,19
1595407634000,70,19
1595407934000,70,19
1595408234000,67,30
1595408534000,66,26
1595408834000,67,28
1595409134000,67,28
1595409434000,68,23
1595409734000,68,30
1595410034000,76,16
1595410334000,78,13
1595410634000,76,15
1595410934000,71,23
1595411234000,68,22
1595411534000,67,28
1595411834000,66,28
1595412134000,66,33
1595412434000,65,33
1595412734000,66,33
1595413034000,65,33
1595413334000,64,37
1595413634000,66,42
1595413934000,67,37
1595414234000,65,30
1595414534000,66,33
1595414834000,69,26
1595415134000,71,22
1595415434000,67,29
1595415734000,65,31
1595416034000,64,31
1595416334000,62,49
1595416634000,60,40
1595416934000,59,45
1595417234000,60,47
1595417534000,59,51
1595417834000,58,48
1595418134000,59,52
1595418434000,58,56
1595418734000,57,49
1595419034000,57,55
1595419334000,57,55
1595419634000,57,65
1595419934000,57,63
1595420234000,59,70
1595420534000,60,77
1595420834000,61,62
1595421134000,67,40
1595421434000,64,60
1595421734000,62,64
1595422034000,59,60
1595422334000,62,53
1595422634000,59,64
1595422934000,60,43
1595423234000,60,40
1595423534000,59,45
1595423834000,59,47
1595424134000,59,50
1595424434000,59,54
1595424734000,59,53
1595425034000,59,50
1595425334000,59,52
1595425634000,60,47
1595425934000,63,50
1595426234000,60,60
1595426534000,58,56
1595426834000,58,58
1595427134000,58,66
1595427434000,61,61
1595427734000,61,64
1595428034000,66,54
1595428334000,62,56
1595428634000,64,51
1595428934000,59,85
1595429234000,61,80
1595429534000,61,71
1595429834000,64,49
1595505612000,0,0
1595505912000,0,0
1595506212000,0,0
1595506512000,0,0
1595506812000,66,41
1595507112000,64,41
1595507412000,63,32
1595507712000,62,32
1595508012000,62,39
1595508312000,61,39
1595508612000,62,38
1595508912000,62,37
1595509212000,62,39
1595509512000,63,36
1595509812000,62,40
1595510112000,64,38
1595510412000,69,32
1595510712000,68,29
1595511012000,67,31
1595511312000,65,39
1595511612000,65,37
1595511912000,66,39
1595512212000,66,30
1595512512000,65,33
1595512812000,64,36
1595513112000,64,35
1595513412000,64,34
1595513712000,64,38
1595514012000,61,58
1595514312000,58,53
1595514612000,59,54
1595514912000,59,58
1595515212000,57,52
1595515512000,57,53
1595515812000,57,50
1595516112000,58,55
1595516412000,61,48
1595516712000,61,38
1595517012000,61,40
1595517312000,61,48
1595517612000,59,48
1595517912000,59,45
1595518212000,58,59
1595518512000,57,58
1595518812000,58,56
1595519112000,58,61
1595519412000,58,62
1595519712000,57,81
1595520012000,57,78
1595520312000,61,48
1595520612000,59,65
1595520912000,62,61
1595521212000,59,69
1595521512000,59,69
1595521812000,60,62
1595522112000,60,56
1595522412000,62,56
1595522712000,60,53
1595523012000,59,64
1595523312000,58,61
1595523612000,59,55
1595523912000,58,47
1595524212000,58,50
1595524512000,58,52
1595524812000,59,56
1595525112000,56,54
1595525412000,56,61
1595525712000,55,81
1595526012000,56,75
1595526312000,58,68
1595526612000,0,0
1595526912000,0,0
1595527212000,56,90
1595527512000,56,71
1595527812000,56,67
1595528112000,56,68
1595528412000,55,79
1595584383000,69,39
1595584683000,68,42
1595584983000,67,41
1595585283000,68,41
1595585583000,68,37
1595585883000,67,38
1595586183000,66,41
1595586483000,63,43
1595586783000,62,55
1595587083000,62,59
1595587383000,63,68
1595587683000,62,67
1595587983000,62,73
1595588283000,61,64
1595588583000,61,42
1595588883000,62,43
1595589183000,65,34
1595589483000,66,35
1595589783000,64,44
1595590083000,64,37
1595590383000,64,31
1595590683000,62,39
1595590983000,62,40
1595591283000,61,41
1595591583000,61,45
1595591883000,61,44
1595592183000,61,46
1595592483000,61,56
1595592783000,60,47
1595593083000,60,47
1595593383000,61,56
1595593683000,58,62
1595593983000,60,59
1595594283000,62,51
1595594583000,61,51
1595594883000,60,55
1595595183000,59,73
1595595483000,59,71
1595595783000,58,69
1595596083000,59,62
1595596383000,60,56
1595596683000,61,45
1595596983000,60,47
1595597283000,60,50
1595597583000,58,58
1595597883000,58,55
1595598183000,58,51
1595598483000,58,55
1595598783000,58,55
1595599083000,58,68
1595599383000,57,69
1595599683000,57,59
1595599983000,56,89
1595600283000,52,84
1595600583000,54,106
1595600883000,53,100
1595601183000,56,98
1595601483000,55,105
1595601783000,51,90
1595602083000,54,87
1595602383000,55,86
1595602683000,50,104
1595602983000,57,84
1595603283000,59,58
1595603583000,58,70
1595603883000,59,58
1595604183000,60,63
1595604483000,59,61
1595604783000,60,64
1595605083000,0,0
1595605383000,53,82
1595605683000,52,79
1595605983000,53,87
1595606283000,53,84
1595606583000,53,92
1595606883000,54,91
1595607183000,54,91
1595607483000,55,83
1595607783000,55,96
1595608083000,54,85
1595608383000,54,78
1595608683000,56,78
1595608983000,60,53
1595669547000,67,48
1595669847000,63,33
1595670147000,61,38
1595670447000,63,39
1595670747000,64,32
1595671047000,63,29
1595671347000,64,28
1595671647000,65,30
1595671947000,66,27
1595672247000,66,23
1595672547000,66,24
1595672847000,68,24
1595673147000,70,19
1595673447000,69,21
1595673747000,69,20
1595674047000,71,29
1595674347000,67,26
1595674647000,67,27
1595674947000,66,29
1595675247000,65,29
1595675547000,65,32
1595675847000,64,34
1595676147000,63,37
1595676447000,62,39
1595676747000,62,42
1595677047000,60,49
1595677347000,61,46
1595677647000,60,57
1595677947000,62,41
1595678247000,65,34
1595678547000,65,32
1595678847000,64,41
1595679147000,61,54
1595679447000,60,58
1595679747000,61,56
1595680047000,61,48
1595680347000,61,45
1595680647000,61,44
1595680947000,60,45
1595681247000,61,45
1595681547000,58,44
1595681847000,58,43
1595682147000,58,44
1595682447000,62,58
1595682747000,57,59
1595683047000,55,53
1595683347000,55,56
1595683647000,55,60
1595683947000,55,59
1595684247000,55,57
1595684547000,57,56
1595684847000,57,65
1595685147000,58,61
1595685447000,0,0
1595685747000,53,77
1595686047000,53,99
1595686347000,55,75
1595686647000,57,67
1595686947000,57,62
1595687247000,56,91
1595687547000,56,70
1595687847000,58,71
1595688147000,57,68
1595688447000,58,70
1595688747000,59,58
1595689047000,58,78
1595689347000,58,72
1595689647000,58,69
1595689947000,55,82
1595690247000,55,69
1595690547000,55,82
1595690847000,56,78
1595691147000,60,82
1595691447000,59,83
1595691747000,58,74
1595692047000,58,84
1595692347000,60,68
1595692647000,61,60
1595692947000,63,68
1595693247000,59,59
1595693547000,59,60
1595693847000,62,59
1595694147000,61,55
1595694447000,61,61
1595694747000,60,62
1595695047000,0,0
1595754260000,64,33
1595754560000,62,38
1595754860000,62,32
1595755160000,62,33
1595755460000,62,32
1595755760000,63,31
1595756060000,63,32
1595756360000,63,28
1595756660000,63,29
1595756960000,64,31
1595757260000,63,33
1595757560000,66,25
1595757860000,65,29
1595758160000,64,29
1595758460000,63,30
1595758760000,65,33
1595759060000,61,40
1595759360000,58,43
1595759660000,57,46
1595759960000,56,53
1595760260000,56,58
1595760560000,56,62
1595760860000,56,61
1595761160000,55,60
1595761460000,54,69
1595761760000,59,59
1595762060000,64,43
1595762360000,64,34
1595762660000,62,50
1595762960000,61,43
1595763260000,60,42
1595763560000,60,41
1595763860000,59,47
1595764160000,58,47
1595764460000,59,46
1595764760000,60,48
1595765060000,58,54
1595765360000,59,56
1595765660000,59,53
1595765960000,57,50
1595766260000,58,50
1595766560000,58,47
1595766860000,58,50
1595767160000,62,46
1595767460000,58,43
1595767760000,58,41
1595768060000,58,45
1595768360000,64,38
1595768660000,70,18
1595768960000,64,37
1595769260000,65,35
1595769560000,62,49
1595769860000,60,53
1595770160000,58,65
1595770460000,57,64
1595770760000,58,72
1595771060000,59,57
1595771360000,59,57
1595771660000,58,59
1595771960000,60,54
1595772260000,60,49
1595772560000,62,47
1595772860000,62,43
1595773160000,62,37
1595773460000,62,39
1595773760000,62,39
1595774060000,62,43
1595774360000,62,46
1595774660000,65,32
1595774960000,64,39
1595775260000,65,38
1595775560000,65,47
1595775860000,64,34
1595776160000,64,38
1595776460000,65,37
1595776760000,64,31
1595777060000,65,29
1595777360000,66,26
1595777660000,69,26
1595777960000,69,58
1595843129000,70,24
1595843429000,69,27
1595843729000,69,28
1595844029000,67,30
1595844329000,67,31
1595844629000,66,33
1595844929000,66,35
1595845229000,65,37
1595845529000,65,37
1595845829000,63,40
1595846129000,63,41
1595846429000,67,32
1595846729000,67,31
1595847029000,65,36
1595847329000,63,42
1595847629000,65,34
1595847929000,64,30
1595848229000,63,35
1595848529000,63,33
1595848829000,62,36
1595849129000,62,38
1595849429000,61,40
1595849729000,61,46
1595850029000,61,41
1595850329000,64,41
1595850629000,72,23
1595850929000,69,39
1595851229000,67,44
1595851529000,65,36
1595851829000,65,40
1595852129000,63,43
1595852429000,62,46
1595852729000,62,46
1595853029000,60,57
1595853329000,59,63
1595853629000,62,60
1595853929000,59,59
1595854229000,59,46
1595854529000,59,51
1595854829000,60,50
1595855129000,59,51
1595855429000,64,62
1595855729000,59,63
1595856029000,57,61
1595856329000,57,70
1595856629000,58,61
1595856929000,58,55
1595857229000,58,57
1595857529000,58,62
1595857829000,58,81
1595858129000,62,52
1595858429000,62,46
1595858729000,63,44
1595859029000,62,48
1595859329000,64,51
1595859629000,62,52
1595859929000,61,58
1595860229000,62,59
1595860529000,66,48
1595860829000,62,59
1595861129000,60,54
1595861429000,61,52
1595861729000,61,71
1595862029000,57,66
1595862329000,57,63
1595862629000,56,80
1595862929000,61,59
1595863229000,61,49
1595863529000,60,62
1595863829000,66,58
1595864129000,0,0
1595929111000,0,0
1595929411000,0,0
1595929711000,63,41
1595930011000,62,40
1595930311000,61,43
1595930611000,62,40
1595930911000,61,40
1595931211000,62,42
1595931511000,61,45
1595931811000,62,42
1595932111000,61,46
1595932411000,61,41
1595932711000,62,56
1595933011000,63,42
1595933311000,65,35
1595933611000,66,29
1595933911000,64,35
1595934211000,62,27
1595934511000,62,25
1595934811000,60,46
1595935111000,61,51
1595935411000,60,53
1595935711000,60,48
1595936011000,59,55
1595936311000,58,53
1595936611000,58,56
1595936911000,58,56
1595937211000,58,60
1595937511000,58,81
1595937811000,59,62
1595938111000,63,45
1595938411000,61,61
1595938711000,60,52
1595939011000,58,50
1595939311000,58,61
1595939611000,58,56
1595939911000,61,53
1595940211000,60,51
1595940511000,59,59
1595940811000,60,60
1595941111000,60,54
1595941411000,60,58
1595941711000,60,60
1595942011000,56,68
1595942311000,56,68
1595942611000,59,52
1595942911000,60,60
1595943211000,59,54
1595943511000,58,66
1595943811000,58,60
1595944111000,55,75
1595944411000,55,68
1595944711000,55,66
1595945011000,55,72
1595945311000,55,79
1595945611000,55,76
1595945911000,0,0
1595946211000,54,84
1595946511000,58,77
1595946811000,58,61
1595947111000,58,58
1595947411000,58,64
1595947711000,58,76
1595948011000,58,62
1595948311000,0,0
1595948611000,0,0
1595948911000,0,0
1595949211000,57,88
1595949511000,56,80
1595949811000,58,75
1595950111000,63,50
1595950411000,59,64
1595950711000,54,76
1595951011000,59,71
1595951311000,54,73
1595951611000,53,85
1595951911000,52,91
1595952211000,53,82
1595952511000,54,59
1595952811000,54,68
1595953111000,55,59
1595953411000,56,70
1595953711000,56,72
1595954011000,55,74
1595954311000,0,0
1595954611000,0,0
1595954911000,56,64
1595955211000,55,65
1595955511000,56,63
1595955811000,56,67
1595956111000,59,69
1595956411000,57,66
1595956711000,57,76
1595957011000,58,73
1595957311000,55,87
1595957611000,59,65
1595957911000,56,77
1595958211000,57,79
1595958511000,57,59
1595958811000,58,58
1595959111000,0,0
1596016827000,0,0
1596017127000,66,28
1596017427000,67,28
1596017727000,67,23
1596018027000,67,23
1596018327000,68,22
1596018627000,68,22
1596018927000,68,25
1596019227000,68,22
1596019527000,67,27
1596019827000,69,24
1596020127000,75,15
1596020427000,79,14
1596020727000,76,16
1596021027000,74,18
1596021327000,73,18
1596021627000,69,23
1596021927000,65,29
1596022227000,64,32
1596022527000,63,33
1596022827000,63,35
1596023127000,62,37
1596023427000,61,40
1596023727000,61,36
1596024027000,61,40
1596024327000,63,37
1596024627000,63,35
1596024927000,67,31
1596025227000,68,24
1596025527000,69,23
1596025827000,67,29
1596026127000,66,32
1596026427000,67,35
1596026727000,65,35
1596027027000,65,32
1596027327000,65,33
1596027627000,66,34
1596027927000,66,28
1596028227000,65,27
1596028527000,66,29
1596028827000,64,25
1596029127000,63,29
1596029427000,64,25
1596029727000,64,26
1596030027000,64,28
1596030327000,64,27
1596030627000,64,30
1596030927000,65,36
1596031227000,65,35
1596031527000,66,31
1596031827000,66,36
1596032127000,66,36
1596032427000,64,37
1596032727000,64,33
1596033027000,65,34
1596033327000,63,46
1596033627000,63,35
1596033927000,64,33
1596034227000,64,39
1596034527000,65,39
1596034827000,65,45
1596035127000,64,43
1596035427000,64,36
1596035727000,65,41
1596036027000,63,41
1596036327000,64,49
1596036627000,67,41
1596036927000,64,46
1596037227000,63,47
1596037527000,63,51
1596037827000,64,45
1596038127000,62,45
1596038427000,64,48
1596038727000,0,0
1596100755000,71,18
1596101055000,71,19
1596101355000,70,20
1596101655000,69,22
1596101955000,68,22
1596102255000,69,21
1596102555000,70,22
1596102855000,68,22
1596103155000,68,23
1596103455000,69,23
1596103755000,73,16
1596104055000,71,18
1596104355000,69,21
1596104655000,70,24
1596104955000,66,26
1596105255000,66,25
1596105555000,66,26
1596105855000,70,28
1596106155000,67,32
1596106455000,70,28
1596106755000,66,36
1596107055000,66,30
1596107355000,66,30
1596107655000,66,30
1596107955000,65,33
1596108255000,65,34
1596108555000,67,26
1596108855000,69,22
1596109155000,67,33
1596109455000,68,32
1596109755000,67,32
1596110055000,67,32
1596110355000,66,37
1596110655000,65,35
1596110955000,64,42
1596111255000,63,30
1596111555000,62,33
1596111855000,62,33
1596112155000,62,38
1596112455000,62,39
1596112755000,62,44
1596113055000,62,42
1596113355000,61,44
1596113655000,62,42
1596113955000,62,40
1596114255000,62,49
1596114555000,62,47
1596114855000,62,53
1596115155000,65,35
1596115455000,64,41
1596115755000,63,51
1596116055000,61,52
1596116355000,60,50
1596116655000,62,50
1596116955000,61,48
1596117255000,61,48
1596117555000,62,45
1596117855000,61,48
1596118155000,60,48
1596118455000,62,36
1596118755000,63,36
1596119055000,63,40
1596119355000,63,37
1596119655000,64,49
1596119955000,61,51
1596120255000,62,39
1596120555000,63,41
1596120855000,63,40
1596121155000,63,44
1596121455000,63,52
1596121755000,64,46
1596122055000,65,45
1596122355000,64,52
1596122655000,66,40
1596122955000,65,45
1596123255000,68,36
1596123555000,61,58
1596123855000,62,52
1596124155000,63,51
1596124455000,63,43
1596124755000,64,42
1596125055000,64,39
1596125355000,64,40
1596125655000,65,42
1596125955000,64,50
1596126255000,64,49
1596126555000,65,47
1596126855000,64,43
1596127155000,64,43
1596127455000,65,41
1596127755000,65,50
1596128055000,64,44
1596128355000,65,47
1596128655000,65,45
1596128955000,0,0
1596180273000,72,29
1596180573000,70,35
1596180873000,69,38
1596181173000,69,31
1596181473000,68,35
1596181773000,66,44
1596182073000,65,41
1596182373000,66,40
1596182673000,69,33
1596182973000,70,37
1596183273000,70,39
1596183573000,69,37
1596183873000,66,40
1596184173000,66,38
1596184473000,65,37
1596184773000,66,36
1596185073000,66,31
1596185373000,67,28
1596185673000,67,30
1596185973000,67,31
1596186273000,67,30
1596186573000,67,34
1596186873000,68,29
1596187173000,71,19
1596187473000,70,20
1596187773000,69,26
1596188073000,68,30
1596188373000,68,30
1596188673000,66,38
1596188973000,66,36
1596189273000,66,38
1596189573000,67,41
1596189873000,67,28
1596190173000,66,30
1596190473000,65,35
1596190773000,64,36
1596191073000,64,37
1596191373000,63,42
1596191673000,64,35
1596191973000,66,34
1596192273000,64,35
1596192573000,63,54
1596192873000,63,53
1596193173000,62,50
1596193473000,60,54
1596193773000,60,56
1596194073000,61,51
1596194373000,63,49
1596194673000,62,39
1596194973000,62,42
1596195273000,62,42
1596195573000,62,44
1596195873000,62,43
1596196173000,63,42
1596196473000,62,44
1596196773000,63,39
1596197073000,64,41
1596197373000,66,37
1596197673000,67,34
1596197973000,65,49
1596198273000,62,51
1596198573000,62,53
1596198873000,62,51
1596199173000,61,44
1596199473000,61,42
1596199773000,61,44
1596200073000,57,55
1596200373000,57,59
1596200673000,56,59
1596200973000,56,64
1596201273000,60,68
1596201573000,0,0
1596201873000,0,0
1596202173000,0,0
1596202473000,0,0
1596202773000,0,0
1596203073000,0,0
1596203373000,68,46
1596203673000,68,42
1596203973000,64,49
1596204273000,64,60
1596204573000,65,51
1596204873000,65,50
1596205173000,64,54
1596205473000,61,47
1596205773000,59,49
1596206073000,58,56
1596206373000,59,70
1596206673000,60,75
1596206973000,63,50
1596207273000,63,44
1596207573000,66,73
1596207873000,58,79
1596208173000,61,67
1596208473000,61,61
1596208773000,62,45
1596209073000,63,45
1596209373000,63,54
1596209673000,63,48
1596209973000,63,46
1596210273000,63,50
1596210573000,64,51
1596210873000,64,48
1596211173000,64,57
1596211473000,64,51
1596211773000,65,60
1596212073000,65,47
1596212373000,66,50
1596212673000,71,35
1596212973000,72,28
1596213273000,66,44
1596213573000,66,44
1596213873000,71,39
1596214173000,68,33
1596214473000,68,31
1596214773000,69,28
1596215073000,69,30
1596215373000,71,34
1596215673000,70,42
1596215973000,70,42
1596216273000,75,43
1596273786000,74,15
1596274086000,76,21
1596274386000,74,19
1596274686000,74,19
1596274986000,73,20
1596275286000,73,20
1596275586000,0,0
1596275886000,72,18
1596276186000,70,20
1596276486000,69,19
1596276786000,68,18
1596277086000,69,17
1596277386000,69,19
1596277686000,69,19
1596277986000,70,18
1596278286000,69,18
1596278586000,69,18
1596278886000,68,18
1596279186000,68,20
1596279486000,69,27
1596279786000,68,20
1596280086000,69,19
1596280386000,69,19
1596280686000,69,19
1596280986000,70,24
1596281286000,67,28
1596281586000,67,29
1596281886000,66,24
1596282186000,66,28
1596282486000,65,29
1596282786000,65,31
1596283086000,67,33
1596283386000,67,26
1596283686000,66,28
1596283986000,66,28
1596284286000,67,30
1596284586000,66,25
1596284886000,69,24
1596285186000,67,28
1596285486000,67,23
1596285786000,66,30
1596286086000,65,35
1596286386000,65,32
1596286686000,62,44
1596286986000,62,43
1596287286000,62,37
1596287586000,61,46
1596287886000,58,48
1596288186000,58,51
1596288486000,59,58
1596288786000,56,51
1596289086000,55,66
1596289386000,55,55
1596289686000,56,59
1596289986000,58,58
1596290286000,57,69
1596290586000,57,64
1596290886000,58,64
1596291186000,62,51
1596291486000,63,46
1596291786000,61,54
1596292086000,61,45
1596292386000,59,43
1596292686000,60,57
1596292986000,60,52
1596293286000,60,48
1596293586000,60,49
1596293886000,62,58
1596294186000,62,50
1596294486000,64,45
1596294786000,64,42
1596295086000,63,37
1596295386000,64,36
1596295686000,64,32
1596295986000,65,30
1596296286000,65,34
1596296586000,65,34
1596296886000,66,54
1596297186000,68,33
1596297486000,66,41
1596297786000,70,26
1596298086000,66,40
1596298386000,63,48
1596298686000,62,44
1596298986000,64,38
1596299286000,64,38
1596299586000,65,33
1596299886000,66,35
1596300186000,67,34
1596300486000,68,30
1596300786000,67,27
1596301086000,67,26
1596301386000,67,28
1596301686000,69,26
1596301986000,67,41
1596302286000,66,34
1596302586000,67,32
1596302886000,67,31
1596303186000,67,35
1596303486000,68,38
1596303786000,68,32
1596304086000,68,36
1596304386000,73,31
1596304686000,69,34
1596304986000,69,30
1596305286000,71,24
1596305586000,69,27
1596305886000,69,23
1596306186000,70,23
1596306486000,73,21
1596306786000,0,0
1596307086000,72,31
1596307386000,0,0
1596307686000,72,36
1596307986000,70,41
1596308286000,71,38
1596308586000,68,37
1596308886000,73,31
1596309186000,77,29
1596309486000,70,33
1596359340000,0,0
1596359640000,0,0
1596359940000,0,0
1596360240000,0,0
1596360540000,76,25
1596360840000,76,21
1596361140000,77,26
1596361440000,0,0
1596361740000,69,31
1596362040000,69,29
1596362340000,70,36
1596362640000,68,30
1596362940000,68,31
1596363240000,70,32
1596363540000,69,27
1596363840000,69,25
1596364140000,68,28
1596364440000,68,25
1596364740000,69,23
1596365040000,69,22
1596365340000,68,26
1596365640000,69,26
1596365940000,66,29
1596366240000,66,31
1596366540000,69,26
1596366840000,70,22
1596367140000,69,27
1596367440000,68,27
1596367740000,66,32
1596368040000,66,33
1596368340000,65,34
1596368640000,64,35
1596368940000,64,35
1596369240000,64,37
1596369540000,63,37
1596369840000,65,43
1596370140000,67,30
1596370440000,63,39
1596370740000,65,31
1596371040000,64,33
1596371340000,63,37
1596371640000,64,44
1596371940000,63,43
1596372240000,62,42
1596372540000,60,42
1596372840000,60,45
1596373140000,59,52
1596373440000,59,50
1596373740000,57,73
1596374040000,60,71
1596374340000,62,55
1596374640000,62,52
1596374940000,57,61
1596375240000,59,63
1596375540000,59,77
1596375840000,59,71
1596376140000,60,65
1596376440000,59,63
1596376740000,60,60
1596377040000,60,52
1596377340000,61,60
1596377640000,60,57
1596377940000,60,58
1596378240000,64,60
1596378540000,60,65
1596378840000,60,52
1596379140000,61,56
1596379440000,61,57
1596379740000,60,59
1596380040000,62,64
1596380340000,58,79
1596380640000,58,63
1596380940000,59,69
1596381240000,60,68
1596381540000,58,61
1596381840000,59,64
1596382140000,59,66
1596382440000,58,66
1596382740000,61,63
1596383040000,60,60
1596383340000,58,67
1596383640000,59,72
1596383940000,59,66
1596384240000,60,60
1596384540000,60,60
1596384840000,60,61
1596385140000,61,50
1596385440000,62,44
1596385740000,64,37
1596386040000,64,38
1596386340000,64,39
1596386640000,64,39
1596386940000,64,39
1596387240000,65,41
1596387540000,64,47
1596387840000,62,54
1596388140000,63,55
1596388440000,63,51
1596388740000,63,57
1596389040000,62,59
1596389340000,64,48
1596389640000,64,49
1596389940000,62,58
1596390240000,64,43
1596390540000,66,41
1596390840000,65,45
1596391140000,67,45
1596391440000,70,37
1596391740000,0,0
1596435722000,0,0
1596436022000,0,0
1596436322000,0,0
1596436622000,71,37
1596436922000,70,29
1596437222000,70,31
1596437522000,71,24
1596437822000,71,27
1596438122000,70,27
1596438422000,69,26
1596438722000,68,28
1596439022000,68,22
1596439322000,69,23
1596439622000,69,20
1596439922000,69,22
1596440222000,69,23
1596440522000,71,25
1596440822000,70,21
1596441122000,69,23
1596441422000,69,21
1596441722000,69,21
1596442022000,69,21
1596442322000,69,24
1596442622000,69,26
1596442922000,69,26
1596443222000,68,26
1596443522000,69,24
1596443822000,71,21
1596444122000,74,15
1596444422000,75,14
1596444722000,73,21
1596445022000,72,23
1596445322000,70,26
1596445622000,69,30
1596445922000,69,31
1596446222000,69,30
1596446522000,70,35
1596446822000,69,29
1596447122000,69,28
1596447422000,69,30
1596447722000,68,31
1596448022000,67,34
1596448322000,67,34
1596448622000,68,37
1596448922000,66,39
1596449222000,65,41
1596449522000,65,40
1596449822000,67,38
1596450122000,65,33
1596450422000,65,41
1596450722000,67,36
1596451022000,68,29
1596451322000,67,32
1596451622000,66,35
1596451922000,65,39
1596452222000,66,39
1596452522000,66,39
1596452822000,62,37
1596453122000,62,39
1596453422000,63,37
1596453722000,62,42
1596454022000,62,43
1596454322000,63,44
1596454622000,0,0
1596454922000,64,42
1596455222000,67,42
1596455522000,64,38
1596455822000,63,40
1596456122000,63,41
1596456422000,61,54
1596456722000,58,54
1596457022000,58,57
1596457322000,59,60
1596457622000,64,40
1596457922000,64,43
1596458222000,62,65
1596458522000,60,67
1596458822000,62,67
1596459122000,63,57
1596459422000,66,47
1596459722000,64,49
1596460022000,61,60
1596460322000,61,60
1596460622000,58,58
1596460922000,59,55
1596461222000,58,63
1596461522000,61,68
1596461822000,65,52
1596462122000,62,50
1596462422000,62,47
1596462722000,63,40
1596463022000,65,40
1596463322000,0,0
1596463622000,56,67
1596463922000,56,65
1596464222000,56,69
1596464522000,57,69
1596464822000,57,66
1596465122000,57,73
1596465422000,59,67
1596529009000,64,36
1596529309000,66,35
1596529609000,64,36
1596529909000,64,39
1596530209000,64,44
1596530509000,62,36
1596530809000,62,34
1596531109000,62,33
1596531409000,62,32
1596531709000,62,35
1596532009000,63,34
1596532309000,63,36
1596532609000,63,31
1596532909000,63,31
1596533209000,66,27
1596533509000,67,33
1596533809000,64,34
1596534109000,64,32
1596534409000,65,30
1596534709000,66,33
1596535009000,65,32
1596535309000,67,33
1596535609000,63,28
1596535909000,64,27
1596536209000,64,29
1596536509000,64,29
1596536809000,64,38
1596537109000,65,32
1596537409000,70,23
1596537709000,70,22
1596538009000,68,30
1596538309000,65,31
1596538609000,64,36
1596538909000,63,40
1596539209000,62,35
1596539509000,62,38
1596539809000,62,40
1596540109000,61,41
1596540409000,61,40
1596540709000,60,48
1596541009000,60,50
1596541309000,57,56
1596541609000,58,49
1596541909000,58,55
1596542209000,58,55
1596542509000,58,58
1596542809000,58,59
1596543109000,59,55
1596543409000,62,55
1596543709000,65,52
1596544009000,57,89
1596544309000,59,71
1596544609000,56,77
1596544909000,62,53
1596545209000,57,76
1596545509000,57,67
1596545809000,59,83
1596546109000,59,59
1596546409000,59,53
1596546709000,61,78
1596547009000,59,60
1596547309000,60,53
1596547609000,60,51
1596547909000,60,54
1596548209000,60,52
1596548509000,62,62
1596548809000,57,58
1596549109000,58,56
1596549409000,58,65
1596549709000,61,66
1596550009000,61,48
1596550309000,64,37
1596550609000,63,46
1596550909000,62,48
1596551209000,0,0
1596551509000,62,63
1596551809000,59,67
1596615876000,0,0
1596616176000,75,28
1596616476000,72,25
1596616776000,71,20
1596617076000,70,22
1596617376000,70,19
1596617676000,70,19
1596617976000,70,19
1596618276000,69,19
1596618576000,69,20
1596618876000,69,19
1596619176000,69,21
1596619476000,70,23
1596619776000,70,23
1596620076000,69,22
1596620376000,69,22
1596620676000,70,30
1596620976000,69,24
1596621276000,69,24
1596621576000,68,24
1596621876000,68,21
1596622176000,68,25
1596622476000,68,23
1596622776000,69,22
1596623076000,68,24
1596623376000,68,23
1596623676000,68,23
1596623976000,69,22
1596624276000,68,26
1596624576000,71,26
1596624876000,71,29
1596625176000,72,18
1596625476000,72,22
1596625776000,70,25
1596626076000,70,21
1596626376000,70,23
1596626676000,68,30
1596626976000,66,30
1596627276000,66,32
1596627576000,66,35
1596627876000,63,35
1596628176000,62,40
1596628476000,61,42
1596628776000,61,44
1596629076000,67,52
1596629376000,66,38
1596629676000,66,36
1596629976000,67,37
1596630276000,66,38
1596630576000,66,31
1596630876000,69,31
1596631176000,65,49
1596631476000,67,33
1596631776000,69,26
1596632076000,68,37
1596632376000,66,35
1596632676000,64,41
1596632976000,70,30
1596633276000,66,50
1596633576000,64,40
1596633876000,63,42
1596634176000,63,40
1596634476000,65,50
1596634776000,64,37
1596635076000,67,39
1596635376000,60,43
1596635676000,61,41
1596635976000,62,41
1596636276000,0,0
1596636576000,66,52
1596636876000,0,0
1596637176000,0,0
1596637476000,0,0
1596637776000,65,54
1596638076000,0,0
1596638376000,0,0
1596638676000,0,0
1596638976000,0,0
1596639276000,0,0
1596639576000,0,0
1596639876000,0,0
1596640176000,0,0
1596640476000,0,0
1596640776000,0,0
1596641076000,0,0
1596641376000,0,0
1596641676000,0,0
1596641976000,0,0
1596642276000,0,0
1596642576000,0,0
1596642876000,0,0
1596643176000,81,19
1596643476000,80,23
1596643776000,76,29
1596644076000,74,37
1596644376000,75,38
1596644676000,71,47
1596644976000,71,50
1596645276000,70,59
1596645576000,70,60
1596645876000,69,66
1596646176000,71,66
1596646476000,73,53
1596646776000,67,87
1596647076000,73,51
1596647376000,75,39
1596647676000,76,29
1596647976000,71,49
1596648276000,69,54
1596648576000,67,78
1596648876000,62,93
1596649176000,63,84
1596649476000,64,83
1596649776000,64,83
1596650076000,63,83
1596650376000,65,85
1596650676000,64,65
1596650976000,64,64
1596651276000,64,68
1596651576000,61,78
1596651876000,59,83
1596652176000,61,75
1596652476000,0,0
1596698462000,74,18
1596698762000,74,21
1596699062000,75,18
1596699362000,72,17
1596699662000,72,18
1596699962000,72,17
1596700262000,73,16
1596700562000,74,16
1596700862000,73,16
1596701162000,74,16
1596701462000,74,16
1596701762000,73,18
1596702062000,74,22
1596702362000,74,16
1596702662000,76,15
1596702962000,77,12
1596703262000,76,15
1596703562000,75,14
1596703862000,75,16
1596704162000,77,19
1596704462000,75,15
1596704762000,75,14
1596705062000,74,15
1596705362000,76,18
1596705662000,72,18
1596705962000,73,17
1596706262000,72,19
1596706562000,71,20
1596706862000,74,21
1596707162000,74,15
1596707462000,76,15
1596707762000,75,25
1596708062000,76,17
1596708362000,73,19
1596708662000,73,22
1596708962000,71,21
1596709262000,69,25
1596709562000,69,24
1596709862000,69,25
1596710162000,68,27
1596710462000,69,29
1596710762000,67,29
1596711062000,67,29
1596711362000,68,32
1596711662000,63,41
1596711962000,62,37
1596712262000,64,40
1596712562000,63,38
1596712862000,63,41
1596713162000,62,44
1596713462000,62,43
1596713762000,64,46
1596714062000,62,46
1596714362000,64,41
1596714662000,65,41
1596714962000,64,50
1596715262000,64,57
1596715562000,64,50
1596715862000,65,48
1596716162000,65,42
1596716462000,64,43
1596716762000,63,45
1596717062000,64,42
1596717362000,63,39
1596717662000,63,42
1596717962000,62,44
1596718262000,62,44
1596718562000,62,57
1596718862000,59,48
1596719162000,60,45
1596719462000,64,39
1596719762000,60,54
1596720062000,60,51
1596720362000,59,52
1596720662000,60,54
1596720962000,60,57
1596721262000,60,68
1596721562000,62,61
1596721862000,60,59
1596722162000,61,63
1596722462000,59,60
1596722762000,60,63
1596723062000,63,78
1596723362000,62,66
1596723662000,64,55
1596723962000,64,56
1596724262000,63,42
1596724562000,63,49
1596724862000,64,44
1596725162000,0,0
1596725462000,66,42
1596725762000,64,42
1596726062000,65,45
1596726362000,65,46
1596726662000,68,44
1596726962000,0,0
1596727262000,0,0
1596789169000,76,14
1596789469000,73,18
1596789769000,71,22
1596790069000,71,20
1596790369000,70,24
1596790669000,70,23
1596790969000,71,28
1596791269000,69,27
1596791569000,68,30
1596791869000,67,35
1596792169000,68,37
1596792469000,68,33
1596792769000,69,31
1596793069000,70,30
1596793369000,69,30
1596793669000,69,29
1596793969000,68,42
1596794269000,67,36
1596794569000,66,39
1596794869000,66,39
1596795169000,66,38
1596795469000,66,39
1596795769000,65,40
1596796069000,64,42
1596796369000,64,46
1596796669000,64,49
1596796969000,62,50
1596797269000,67,40
1596797569000,65,44
1596797869000,63,53
1596798169000,63,56
1596798469000,66,42
1596798769000,65,51
1596799069000,64,52
1596799369000,61,54
1596799669000,60,57
1596799969000,60,58
1596800269000,62,55
1596800569000,59,65
1596800869000,60,50
1596801169000,60,54
1596801469000,59,55
1596801769000,60,54
1596802069000,61,57
1596802369000,59,54
1596802669000,60,62
1596802969000,60,64
1596803269000,62,63
1596803569000,61,59
1596803869000,60,64
1596804169000,61,57
1596804469000,62,54
1596804769000,61,67
1596805069000,60,57
1596805369000,60,58
1596805669000,61,45
1596805969000,59,68
1596806269000,63,42
1596806569000,62,43
1596806869000,63,39
1596807169000,62,43
1596807469000,63,43
1596807769000,62,53
1596808069000,60,46
1596808369000,0,0
1596808669000,61,34
1596808969000,60,44
1596809269000,60,59
1596809569000,61,62
1596809869000,59,52
1596810169000,60,47
1596810469000,59,50
1596810769000,62,52
1596811069000,61,50
1596811369000,61,51
1596811669000,62,42
1596811969000,63,42
1596812269000,63,37
1596812569000,64,42
1596812869000,65,38
1596813169000,66,41
1596813469000,59,46
1596813769000,59,49
1596814069000,60,44
1596814369000,61,42
1596814669000,61,48
1596814969000,64,43
1596815269000,66,38
1596815569000,0,0
1596874804000,0,0
1596875104000,69,34
1596875404000,68,39
1596875704000,69,37
1596876004000,68,37
1596876304000,69,34
1596876604000,69,32
1596876904000,68,32
1596877204000,70,27
1596877504000,73,24
1596877804000,71,21
1596878104000,74,20
1596878404000,73,25
1596878704000,72,19
1596879004000,71,25
1596879304000,71,24
1596879604000,72,25
1596879904000,69,32
1596880204000,68,29
1596880504000,69,27
1596880804000,69,26
1596881104000,70,24
1596881404000,69,44
1596881704000,65,33
1596882004000,67,27
1596882304000,67,32
1596882604000,65,28
1596882904000,64,29
1596883204000,58,40
1596883504000,61,49
1596883804000,62,45
1596884104000,65,40
1596884404000,65,43
1596884704000,63,52
1596885004000,64,44
1596885304000,64,47
1596885604000,66,50
1596885904000,63,48
1596886204000,65,42
1596886504000,64,43
1596886804000,63,53
1596887104000,62,51
1596887404000,62,45
1596887704000,62,45
1596888004000,61,48
1596888304000,62,51
1596888604000,60,57
1596888904000,61,53
1596889204000,60,55
1596889504000,56,68
1596889804000,57,59
1596890104000,55,68
1596890404000,56,66
1596890704000,57,73
1596891004000,60,48
1596891304000,60,49
1596891604000,60,55
1596891904000,58,61
1596892204000,59,71
1596892504000,64,78
1596892804000,59,76
1596893104000,57,85
1596893404000,56,106
1596893704000,57,95
1596894004000,58,86
1596894304000,58,62
1596894604000,55,75
1596894904000,54,58
1596895204000,55,65
1596895504000,54,71
1596895804000,56,63
1596896104000,56,62
1596896404000,59,57
1596896704000,59,54
1596897004000,56,64
1596897304000,59,63
1596897604000,60,65
1596897904000,60,59
1596898204000,61,53
1596898504000,62,49
1596898804000,62,48
1596899104000,62,52
1596899404000,63,57
1596899704000,66,46
1596900004000,67,41
1596900304000,67,35
1596900604000,68,38
1596900904000,68,35
1596901204000,67,37
1596901504000,64,56
1596901804000,60,56
1596902104000,62,48
1596902404000,65,39
1596902704000,63,48
1596903004000,64,45
1596903304000,65,37
1596903604000,66,33
1596903904000,65,33
1596904204000,66,43
1596904504000,66,36
1596904804000,66,37
1596905104000,65,46
1596905404000,65,40
1596905704000,67,39
1596906004000,70,41
1596906304000,68,36
1596906604000,65,41
1596957492000,61,46
1596957792000,63,45
1596958092000,65,36
1596958392000,66,31
1596958692000,68,34
1596958992000,67,33
1596959292000,0,0
1596959592000,0,0
1596959892000,64,38
1596960192000,64,32
1596960492000,64,28
1596960792000,0,0
1596961092000,0,0
1596961392000,0,0
1596961692000,67,35
1596961992000,70,28
1596962292000,70,28
1596962592000,68,31
1596962892000,69,28
1596963192000,71,20
1596963492000,73,21
1596963792000,74,22
1596964092000,0,0
1596964392000,70,22
1596964692000,71,21
1596964992000,72,29
1596965292000,72,24
1596965592000,70,26
1596965892000,69,21
1596966192000,69,22
1596966492000,68,21
1596966792000,68,19
1596967092000,68,21
1596967392000,68,23
1596967692000,68,23
1596967992000,68,24
1596968292000,68,25
1596968592000,68,27
1596968892000,70,24
1596969192000,70,19
1596969492000,67,27
1596969792000,67,25
1596970092000,66,25
1596970392000,65,29
1596970692000,66,32
1596970992000,66,31
1596971292000,66,25
1596971592000,65,27
1596971892000,65,31
1596972192000,65,38
1596972492000,62,39
1596972792000,62,40
1596973092000,63,39
1596973392000,65,51
1596973692000,63,48
1596973992000,64,35
1596974292000,63,40
1596974592000,62,42
1596974892000,62,65
1596975192000,62,50
1596975492000,61,50
1596975792000,60,47
1596976092000,59,52
1596976392000,60,51
1596976692000,60,51
1596976992000,60,49
1596977292000,59,51
1596977592000,59,58
1596977892000,60,47
1596978192000,63,34
1596978492000,62,34
1596978792000,61,37
1596979092000,0,0
1596979392000,61,43
1596979692000,60,49
1596979992000,62,59
1596980292000,57,70
1596980592000,59,65
1596980892000,56,77
1596981192000,56,72
1596981492000,57,65
1596981792000,58,58
1596982092000,59,65
1596982392000,58,63
1596982692000,58,65
1596982992000,58,76
1596983292000,58,68
1596983592000,57,72
1596983892000,56,70
1596984192000,56,91
1596984492000,57,68
1596984792000,57,76
1596985092000,62,76
1596985392000,59,82
1596985692000,61,69
1596985992000,63,62
1596986292000,63,58
1596986592000,59,72
1596986892000,60,57
1596987192000,61,54
1596987492000,61,53
1596987792000,63,41
1596988092000,0,0
1596988392000,0,0
1596988692000,0,0
1596988992000,64,58
1596989292000,62,41
1596989592000,63,39
1596989892000,64,35
1596990192000,65,33
1596990492000,66,43
1597046457000,65,35
1597046757000,66,38
1597047057000,67,40
1597047357000,68,30
1597047657000,68,33
1597047957000,67,33
1597048257000,67,32
1597048557000,64,35
1597048857000,68,34
1597049157000,68,28
1597049457000,68,28
1597049757000,66,34
1597050057000,66,29
1597050357000,68,31
1597050657000,66,37
1597050957000,68,27
1597051257000,68,32
1597051557000,0,0
1597051857000,70,19
1597052157000,0,0
1597052457000,0,0
1597052757000,0,0
1597053057000,68,25
1597053357000,71,25
1597053657000,71,25
1597053957000,71,20
1597054257000,68,28
1597054557000,66,32
1597054857000,66,33
1597055157000,67,28
1597055457000,68,30
1597055757000,67,26
1597056057000,66,28
1597056357000,69,28
1597056657000,68,30
1597056957000,0,0
1597057257000,0,0
1597057557000,0,0
1597057857000,0,0
1597058157000,63,38
1597058457000,61,40
1597058757000,62,37
1597059057000,63,36
1597059357000,62,43
1597059657000,62,40
1597059957000,63,38
1597060257000,63,39
1597060557000,64,35
1597060857000,67,30
1597061157000,69,30
1597061457000,64,46
1597061757000,65,37
1597062057000,64,37
1597062357000,65,40
1597062657000,64,43
1597062957000,65,41
1597063257000,65,43
1597063557000,63,54
1597063857000,61,45
1597064157000,62,47
1597064457000,61,50
1597064757000,60,52
1597065057000,61,60
1597065357000,62,46
1597065657000,60,42
1597065957000,61,44
1597066257000,60,45
1597066557000,60,42
1597066857000,60,45
1597067157000,60,69
1597067457000,62,46
1597067757000,61,58
1597068057000,0,0
1597068357000,57,62
1597068657000,55,77
1597068957000,58,84
1597069257000,56,73
1597069557000,57,66
1597069857000,56,58
1597070157000,57,54
1597070457000,57,54
1597070757000,57,52
1597071057000,57,60
1597071357000,57,59
1597071657000,57,60
1597071957000,61,72
1597072257000,59,63
1597072557000,55,76
1597072857000,56,63
1597073157000,57,54
1597073457000,57,57
1597073757000,58,56
1597074057000,58,68
1597074357000,59,61
1597074657000,60,72
1597074957000,64,49
1597075257000,61,72
1597075557000,59,67
1597075857000,58,75
1597076157000,59,78
1597076457000,62,77
1597076757000,60,57
1597077057000,61,58
1597077357000,62,49
1597077657000,63,49
1597077957000,66,47
1597078257000,68,50
1597078557000,69,46
1597078857000,70,40
1597079157000,71,40
1597131507000,67,34
1597131807000,68,24
1597132107000,69,20
1597132407000,69,29
1597132707000,70,21
1597133007000,69,31
1597133307000,70,23
1597133607000,69,19
1597133907000,67,24
1597134207000,66,24
1597134507000,65,22
1597134807000,65,24
1597135107000,65,20
1597135407000,65,19
1597135707000,65,20
1597136007000,65,22
1597136307000,64,22
1597136607000,65,27
1597136907000,65,22
1597137207000,65,23
1597137507000,64,24
1597137807000,64,23
1597138107000,63,23
1597138407000,63,27
1597138707000,63,29
1597139007000,64,33
1597139307000,69,21
1597139607000,74,14
1597139907000,72,17
1597140207000,70,19
1597140507000,68,19
1597140807000,66,25
1597141107000,65,33
1597141407000,62,26
1597141707000,61,35
1597142007000,60,34
1597142307000,61,36
1597142607000,61,31
1597142907000,61,33
1597143207000,61,35
1597143507000,61,35
1597143807000,60,37
1597144107000,60,41
1597144407000,60,43
1597144707000,59,42
1597145007000,59,56
1597145307000,59,53
1597145607000,59,54
1597145907000,58,51
1597146207000,58,46
1597146507000,58,45
1597146807000,58,49
1597147107000,58,47
1597147407000,58,48
1597147707000,58,51
1597148007000,57,61
1597148307000,57,50
1597148607000,57,54
1597148907000,56,57
1597149207000,56,56
1597149507000,56,56
1597149807000,57,55
1597150107000,58,53
1597150407000,64,35
1597150707000,65,33
1597151007000,63,35
1597151307000,59,58
1597151607000,61,41
1597151907000,59,56
1597152207000,60,45
1597152507000,57,51
1597152807000,58,53
1597153107000,57,63
1597153407000,59,72
1597153707000,61,56
1597154007000,61,59
1597154307000,60,55
1597154607000,58,59
1597154907000,57,63
1597155207000,57,58
1597155507000,57,55
1597155807000,58,44
1597156107000,58,47
1597156407000,0,0
1597156707000,57,57
1597157007000,58,46
1597157307000,59,44
1597157607000,60,44
1597157907000,60,47
1597158207000,59,56
1597158507000,60,54
1597158807000,63,48
1597159107000,64,43
1597159407000,67,36
1597159707000,65,40
1597160007000,64,37
1597160307000,64,40
1597160607000,63,39
1597160907000,63,41
1597216081000,61,42
1597216381000,61,53
1597216681000,61,48
1597216981000,62,45
1597217281000,61,33
1597217581000,61,37
1597217881000,62,33
1597218181000,61,33
1597218481000,61,35
1597218781000,61,35
1597219081000,61,35
1597219381000,63,44
1597219681000,64,34
1597219981000,63,36
1597220281000,62,32
1597220581000,63,39
1597220881000,63,38
1597221181000,62,36
1597221481000,62,39
1597221781000,63,41
1597222081000,66,34
1597222381000,65,36
1597222681000,64,40
1597222981000,62,33
1597223281000,60,42
1597223581000,60,41
1597223881000,60,42
1597224181000,61,48
1597224481000,59,49
1597224781000,59,45
1597225081000,59,49
1597225381000,59,51
1597225681000,59,52
1597225981000,58,51
1597226281000,58,53
1597226581000,57,56
1597226881000,60,46
1597227181000,59,40
1597227481000,55,55
1597227781000,56,61
1597228081000,55,71
1597228381000,56,63
1597228681000,54,74
1597228981000,52,74
1597229281000,52,66
1597229581000,52,91
1597229881000,51,74
1597230181000,51,66
1597230481000,53,66
1597230781000,53,66
1597231081000,53,60
1597231381000,54,66
1597231681000,55,60
1597231981000,55,66
1597232281000,54,65
1597232581000,53,65
1597232881000,54,58
1597233181000,54,67
1597233481000,54,68
1597233781000,54,71
1597234081000,56,72
1597234381000,61,51
1597234681000,59,88
1597234981000,56,73
1597235281000,53,107
1597235581000,54,90
1597235881000,55,86
1597236181000,53,94
1597236481000,51,101
1597236781000,52,95
1597237081000,52,106
1597237381000,56,93
1597237681000,53,94
1597237981000,54,89
1597238281000,51,98
1597238581000,51,99
1597238881000,51,88
1597239181000,51,98
1597239481000,52,101
1597239781000,53,106
1597240081000,53,95
1597240381000,54,87
1597240681000,59,73
1597240981000,56,82
1597241281000,58,58
1597241581000,58,69
1597241881000,55,76
1597242181000,55,70
1597242481000,62,53
1597242781000,56,85
1597243081000,53,95
1597243381000,54,97
1597243681000,54,81
1597243981000,55,88
1597244281000,56,85
1597244581000,56,84
1597244881000,56,85
1597245181000,56,77
1597245481000,57,77
1597245781000,0,0
1597246081000,60,50
1597246381000,60,47
1597246681000,61,45
1597246981000,59,67
1597247281000,59,60
1597247581000,60,47
1597247881000,64,45
1597248181000,0,0
1597248481000,64,48
1597248781000,64,34
1597249081000,64,40
1597249381000,64,39
1597249681000,65,43
1597249981000,64,41
1597250281000,65,47
1597250581000,71,46
1597304642000,0,0
1597304942000,66,29
1597305242000,63,37
1597305542000,63,38
1597305842000,63,38
1597306142000,60,37
1597306442000,60,33
1597306742000,60,31
1597307042000,61,29
1597307342000,61,30
1597307642000,61,30
1597307942000,60,34
1597308242000,60,39
1597308542000,62,32
1597308842000,63,28
1597309142000,64,30
1597309442000,63,29
1597309742000,61,36
1597310042000,63,38
1597310342000,61,36
1597310642000,61,31
1597310942000,57,44
1597311242000,55,43
1597311542000,55,43
1597311842000,55,48
1597312142000,55,45
1597312442000,55,46
1597312742000,57,47
1597313042000,57,63
1597313342000,57,47
1597313642000,60,46
1597313942000,59,45
1597314242000,58,50
1597314542000,58,55
1597314842000,64,33
1597315142000,60,47
1597315442000,59,53
1597315742000,59,50
1597316042000,58,56
1597316342000,58,54
1597316642000,57,53
1597316942000,54,58
1597317242000,53,57
1597317542000,53,57
1597317842000,55,69
1597318142000,54,65
1597318442000,54,67
1597318742000,54,63
1597319042000,53,55
1597319342000,53,65
1597319642000,53,68
1597319942000,53,56
1597320242000,53,63
1597320542000,53,61
1597320842000,53,66
1597321142000,53,56
1597321442000,52,63
1597321742000,53,67
1597322042000,53,66
1597322342000,55,71
1597322642000,56,65
1597322942000,58,53
1597323242000,57,70
1597323542000,55,75
1597323842000,55,77
1597324142000,55,65
1597324442000,56,78
1597324742000,0,0
1597325042000,57,45
1597325342000,55,51
1597325642000,55,55
1597325942000,56,61
1597326242000,56,49
1597326542000,59,50
1597326842000,57,50
1597327142000,57,44
1597327442000,56,64
1597327742000,54,65
1597328042000,55,75
1597328342000,57,61
1597328642000,58,71
1597328942000,58,78
1597387199000,72,23
1597387499000,71,31
1597387799000,68,34
1597388099000,66,32
1597388399000,0,0
1597388699000,0,0
1597388999000,65,35
1597389299000,63,36
1597389599000,62,37
1597389899000,61,39
1597390199000,61,41
1597390499000,64,36
1597390799000,64,36
1597391099000,63,39
1597391399000,65,29
1597391699000,64,29
1597391999000,63,29
1597392299000,63,31
1597392599000,62,36
1597392899000,63,32
1597393199000,63,34
1597393499000,64,34
1597393799000,62,32
1597394099000,63,34
1597394399000,62,35
1597394699000,61,35
1597394999000,59,44
1597395299000,58,41
1597395599000,57,48
1597395899000,56,51
1597396199000,59,47
1597396499000,59,44
1597396799000,58,51
1597397099000,57,50
1597397399000,58,58
1597397699000,56,67
1597397999000,55,60
1597398299000,55,62
1597398599000,55,58
1597398899000,55,60
1597399199000,55,57
1597399499000,55,57
1597399799000,56,54
1597400099000,58,62
1597400399000,62,44
1597400699000,60,52
1597400999000,63,45
1597401299000,61,52
1597401599000,60,57
1597401899000,58,64
1597402199000,56,74
1597402499000,56,77
1597402799000,56,70
1597403099000,55,59
1597403399000,54,56
1597403699000,55,66
1597403999000,54,60
1597404299000,54,71
1597404599000,54,64
1597404899000,54,77
1597405199000,54,69
1597405499000,54,68
1597405799000,56,72
1597406099000,53,71
1597406399000,53,63
1597406699000,53,72
1597406999000,53,68
1597407299000,53,78
1597407599000,53,81
1597407899000,53,82
1597408199000,53,70
1597408499000,55,81
1597408799000,55,73
1597409099000,59,50
1597409399000,59,54
1597409699000,58,58
1597409999000,55,72
1597410299000,55,66
1597410599000,56,63
1597410899000,54,76
1597411199000,58,56
1597411499000,56,61
1597411799000,57,54
1597412099000,56,59
1597412399000,55,56
1597412699000,55,59
1597412999000,57,61
1597413299000,56,60
1597413599000,52,66
1597413899000,0,0
1597414199000,0,0
1597414499000,0,0
1597414799000,0,0
1597415099000,0,0
1597415399000,0,0
1597415699000,57,64
1597415999000,57,65
1597416299000,62,48
1597416599000,62,39
1597416899000,63,42
1597417199000,62,40
1597417499000,61,49
1597417799000,59,48
1597418099000,59,48
1597418399000,59,52
1597418699000,59,55
1597418999000,0,0
1597419299000,0,0
1597419599000,68,44
1597419899000,66,39
1597420199000,66,39
1597420499000,66,33
1597420799000,66,32
1597421099000,66,34
1597421399000,0,0
1597421699000,64,51
1597421999000,64,39
1597422299000,0,0
1597422599000,0,0
1597422899000,67,39
1597423199000,68,30
1597423499000,65,34
1597423799000,0,0
1597474390000,0,0
1597474690000,66,117
1597474990000,67,49
1597475290000,69,61
1597475590000,68,23
1597475890000,0,0
1597476190000,69,27
1597476490000,70,22
1597476790000,69,25
1597477090000,68,22
1597477390000,69,33
1597477690000,70,24
1597477990000,69,24
1597478290000,68,23
1597478590000,0,0
1597478890000,0,0
1597479190000,67,31
1597479490000,66,33
1597479790000,68,31
1597480090000,0,0
1597480390000,0,0
1597480690000,0,0
1597480990000,0,0
1597481290000,0,0
1597481590000,0,0
1597481890000,65,23
1597482190000,64,25
1597482490000,64,21
1597482790000,64,26
1597483090000,66,27
1597483390000,65,24
1597483690000,62,30
1597483990000,62,32
1597484290000,61,34
1597484590000,61,31
1597484890000,60,36
1597485190000,62,30
1597485490000,60,44
1597485790000,60,37
1597486090000,59,43
1597486390000,59,34
1597486690000,57,45
1597486990000,57,52
1597487290000,57,53
1597487590000,57,53
1597487890000,59,51
1597488190000,58,44
1597488490000,57,46
1597488790000,56,50
1597489090000,57,53
1597489390000,57,53
1597489690000,59,49
1597489990000,60,46
1597490290000,62,42
1597490590000,61,40
1597490890000,58,53
1597491190000,57,61
1597491490000,57,69
1597491790000,57,55
1597492090000,55,57
1597492390000,55,57
1597492690000,55,57
1597492990000,57,61
1597493290000,55,66
1597493590000,55,62
1597493890000,55,72
1597494190000,53,76
1597494490000,53,68
1597494790000,53,71
1597495090000,53,68
1597495390000,54,81
1597495690000,53,82
1597495990000,56,75
1597496290000,56,75
1597496590000,56,78
1597496890000,55,79
1597497190000,55,76
1597497490000,54,79
1597497790000,58,63
1597498090000,58,61
1597498390000,56,64
1597498690000,53,94
1597498990000,52,98
1597499290000,0,0
1597499590000,55,65
1597499890000,56,68
1597500190000,55,68
1597500490000,49,87
1597500790000,49,93
1597501090000,49,80
1597501390000,50,80
1597501690000,52,86
1597501990000,54,74
1597502290000,54,70
1597502590000,55,66
1597502890000,57,61
1597503190000,58,57
1597503490000,56,61
1597503790000,55,76
1597504090000,54,87
1597504390000,52,99
1597504690000,54,80
1597504990000,54,86
1597505290000,54,69
1597505590000,55,68
1597505890000,55,64
1597506190000,55,61
1597506490000,55,83
1597506790000,54,70
1597507090000,55,63
1597507390000,55,60
1597507690000,56,65
1597507990000,55,75
1597508290000,55,70
1597508590000,55,87
1597508890000,54,74
1597509190000,58,63
1597509490000,59,71
1597509790000,59,76
1597567412000,62,41
1597567712000,62,40
1597568012000,63,36
1597568312000,65,36
1597568612000,64,36
1597568912000,66,31
1597569212000,66,29
1597569512000,68,27
1597569812000,65,32
1597570112000,65,31
1597570412000,67,30
1597570712000,66,29
1597571012000,66,28
1597571312000,66,26
1597571612000,68,23
1597571912000,69,22
1597572212000,66,27
1597572512000,65,29
1597572812000,66,26
1597573112000,66,23
1597573412000,68,25
1597573712000,65,25
1597574012000,65,24
1597574312000,67,22
1597574612000,65,29
1597574912000,66,29
1597575212000,63,30
1597575512000,67,38
1597575812000,0,0
1597576112000,0,0
1597576412000,64,24
1597576712000,63,31
1597577012000,62,33
1597577312000,62,35
1597577612000,62,33
1597577912000,62,29
1597578212000,61,34
1597578512000,63,33
1597578812000,63,37
1597579112000,60,46
1597579412000,58,45
1597579712000,59,47
1597580012000,59,44
1597580312000,59,47
1597580612000,59,47
1597580912000,60,47
1597581212000,58,44
1597581512000,57,49
1597581812000,59,48
1597582112000,60,44
1597582412000,58,46
1597582712000,58,52
1597583012000,57,55
1597583312000,57,60
1597583612000,57,59
1597583912000,60,54
1597584212000,56,49
1597584512000,55,49
1597584812000,55,53
1597585112000,55,59
1597585412000,56,55
1597585712000,58,59
1597586012000,59,56
1597586312000,60,56
1597586612000,59,57
1597586912000,60,63
1597587212000,57,74
1597587512000,56,70
1597587812000,57,57
1597588112000,58,58
1597588412000,63,68
1597588712000,59,54
1597589012000,57,54
1597589312000,57,58
1597589612000,53,102
1597589912000,52,116
1597590212000,53,110
1597590512000,55,103
1597590812000,59,64
1597591112000,56,81
1597591412000,54,79
1597591712000,59,86
1597592012000,58,63
1597592312000,59,57
1597592612000,60,51
1597592912000,59,51
1597593212000,60,46
1597593512000,59,51
1597593812000,61,53
1597594112000,63,48
1597594412000,61,49
1597594712000,61,47
1597595012000,61,65
1597595312000,60,65
1597595612000,62,48
1597595912000,64,44
1597596212000,64,50
1597596512000,62,49
1597596812000,61,48
1597597112000,61,42
1597597412000,60,41
1597597712000,60,45
1597598012000,60,46
1597598312000,59,50
1597598612000,59,52
1597598912000,68,57
1597655129000,0,0
1597655429000,62,40
1597655729000,63,40
1597656029000,65,37
1597656329000,63,37
1597656629000,0,0
1597656929000,0,0
1597657229000,65,31
1597657529000,66,27
1597657829000,68,29
1597658129000,68,39
1597658429000,70,30
1597658729000,67,27
1597659029000,65,54
1597659329000,0,0
1597659629000,0,0
1597659929000,0,0
1597660229000,0,0
1597660529000,63,37
1597660829000,65,34
1597661129000,65,33
1597661429000,64,36
1597661729000,64,35
1597662029000,65,39
1597662329000,62,49
1597662629000,60,40
1597662929000,59,39
1597663229000,58,47
1597663529000,59,43
1597663829000,58,41
1597664129000,57,53
1597664429000,57,54
1597664729000,61,41
1597665029000,63,37
1597665329000,61,49
1597665629000,58,47
1597665929000,59,44
1597666229000,57,46
1597666529000,57,48
1597666829000,56,57
1597667129000,56,56
1597667429000,55,60
1597667729000,56,62
1597668029000,55,56
1597668329000,55,62
1597668629000,55,65
1597668929000,54,68
1597669229000,55,65
1597669529000,54,65
1597669829000,61,48
1597670129000,58,72
1597670429000,58,60
1597670729000,58,62
1597671029000,60,50
1597671329000,58,73
1597671629000,56,83
1597671929000,57,68
1597672229000,55,64
1597672529000,55,64
1597672829000,58,61
1597673129000,55,67
1597673429000,55,63
1597673729000,56,65
1597674029000,56,65
1597674329000,53,79
1597674629000,53,87
1597674929000,56,86
1597675229000,57,67
1597675529000,56,83
1597675829000,55,86
1597676129000,57,74
1597676429000,57,83
1597676729000,54,74
1597677029000,54,71
1597677329000,57,71
1597677629000,55,73
1597677929000,55,74
1597678229000,56,71
1597678529000,56,63
1597678829000,56,72
1597679129000,55,66
1597679429000,56,78
1597744170000,0,0
1597744470000,0,0
1597744770000,57,60
1597745070000,55,51
1597745370000,54,63
1597745670000,53,58
1597745970000,53,58
1597746270000,52,60
1597746570000,53,57
1597746870000,52,62
1597747170000,51,75
1597747470000,53,77
1597747770000,52,77
1597748070000,51,85
1597748370000,52,83
1597748670000,55,82
1597748970000,56,70
1597749270000,58,53
1597749570000,56,63
1597749870000,54,65
1597750170000,53,54
1597750470000,52,66
1597750770000,51,72
1597751070000,50,78
1597751370000,49,80
1597751670000,49,88
1597751970000,54,71
1597752270000,53,63
1597752570000,50,71
1597752870000,51,63
1597753170000,53,79
1597753470000,55,58
1597753770000,56,48
1597754070000,55,58
1597754370000,54,63
1597754670000,53,63
1597754970000,53,59
1597755270000,52,71
1597755570000,51,73
1597755870000,52,62
1597756170000,51,65
1597756470000,51,59
1597756770000,0,0
1597757070000,50,56
1597757370000,48,67
1597757670000,48,75
1597757970000,48,86
1597758270000,49,108
1597758570000,54,65
1597758870000,51,69
1597759170000,52,73
1597759470000,51,76
1597759770000,50,91
1597760070000,50,77
1597760370000,50,81
1597760670000,53,87
1597760970000,55,73
1597761270000,54,76
1597761570000,55,80
1597761870000,51,101
1597762170000,56,69
1597762470000,52,90
1597762770000,54,83
1597763070000,53,97
1597763370000,52,98
1597763670000,53,78
1597763970000,53,88
1597764270000,53,80
1597764570000,53,67
1597764870000,51,90
1597765170000,53,79
1597765470000,52,70
1597828352000,65,29
1597828652000,0,0
1597828952000,0,0
1597829252000,0,0
1597829552000,70,19
1597829852000,70,18
1597830152000,69,21
1597830452000,70,18
1597830752000,69,23
1597831052000,70,23
1597831352000,68,20
1597831652000,68,23
1597831952000,68,23
1597832252000,67,25
1597832552000,67,27
1597832852000,67,24
1597833152000,69,25
1597833452000,69,26
1597833752000,68,26
1597834052000,66,26
1597834352000,65,28
1597834652000,64,28
1597834952000,62,37
1597835252000,62,40
1597835552000,62,42
1597835852000,62,40
1597836152000,62,40
1597836452000,65,48
1597836752000,68,27
1597837052000,65,31
1597837352000,64,31
1597837652000,62,38
1597837952000,62,43
1597838252000,61,47
1597838552000,67,41
1597838852000,76,14
1597839152000,72,18
1597839452000,67,28
1597839752000,66,32
1597840052000,67,31
1597840352000,66,31
1597840652000,65,34
1597840952000,64,39
1597841252000,67,25
1597841552000,67,32
1597841852000,64,34
1597842152000,63,41
1597842452000,62,46
1597842752000,61,48
1597843052000,56,71
1597843352000,54,71
1597843652000,54,73
1597843952000,53,81
1597844252000,54,73
1597844552000,53,80
1597844852000,0,0
1597845152000,57,62
1597845452000,57,63
1597845752000,56,55
1597846052000,56,54
1597846352000,55,54
1597846652000,55,61
1597846952000,54,63
1597847252000,57,57
1597847552000,58,64
1597847852000,57,61
1597848152000,60,47
1597848452000,60,47
1597848752000,59,45
1597849052000,59,49
1597849352000,57,55
1597849652000,56,59
1597849952000,56,55
1597850252000,58,47
1597850552000,56,51
1597850852000,55,53
1597851152000,55,50
1597851452000,56,56
1597851752000,58,44
1597852052000,57,44
1597852352000,0,0
1597852652000,64,46
1597921828000,0,0
1597922128000,65,26
1597922428000,66,29
1597922728000,67,24
1597923028000,65,25
1597923328000,63,30
1597923628000,63,31
1597923928000,63,29
1597924228000,63,31
1597924528000,63,29
1597924828000,63,30
1597925128000,63,30
1597925428000,64,27
1597925728000,64,28
1597926028000,65,25
1597926328000,67,21
1597926628000,68,20
1597926928000,69,19
1597927228000,73,15
1597927528000,62,42
1597927828000,63,28
1597928128000,63,30
1597928428000,62,38
1597928728000,61,38
1597929028000,61,30
1597929328000,62,30
1597929628000,59,34
1597929928000,58,37
1597930228000,57,37
1597930528000,57,45
1597930828000,57,41
1597931128000,0,0
1597931428000,56,50
1597931728000,55,56
1597932028000,58,56
1597932328000,58,52
1597932628000,59,56
1597932928000,58,54
1597933228000,60,53
1597933528000,59,55
1597933828000,60,55
1597934128000,60,47
1597934428000,58,62
1597934728000,60,45
1597935028000,59,45
1597935328000,58,52
1597935628000,57,65
1598002770000,0,0
1598003070000,63,35
1598003370000,62,35
1598003670000,61,34
1598003970000,61,35
1598004270000,61,30
1598004570000,61,34
1598004870000,62,33
1598005170000,61,31
1598005470000,61,32
1598005770000,61,34
1598006070000,61,35
1598006370000,63,35
1598006670000,66,19
1598006970000,65,25
1598007270000,64,25
1598007570000,63,30
1598007870000,62,27
1598008170000,63,25
1598008470000,63,25
1598008770000,64,31
1598009070000,60,33
1598009370000,58,36
1598009670000,58,42
1598009970000,57,38
1598010270000,56,47
1598010570000,56,46
1598010870000,56,43
1598011170000,55,50
1598011470000,56,49
1598011770000,57,51
1598012070000,59,43
1598012370000,61,39
1598012670000,60,41
1598012970000,58,51
1598013270000,58,49
1598013570000,58,53
1598013870000,57,51
1598014170000,57,50
1598014470000,55,56
1598014770000,55,59
1598015070000,57,56
1598015370000,55,54
1598015670000,53,61
1598015970000,57,55
1598016270000,55,58
1598016570000,54,60
1598016870000,55,62
1598017170000,55,62
1598017470000,55,68
1598017770000,56,64
1598018070000,56,80
1598018370000,61,61
1598018670000,55,75
1598018970000,55,69
1598019270000,56,53
1598019570000,54,74
1598019870000,54,87
1598020170000,54,83
1598020470000,54,79
1598020770000,54,72
1598021070000,56,65
1598021370000,53,75
1598021670000,52,77
1598021970000,53,78
1598022270000,53,82
1598022570000,53,83
1598022870000,54,76
1598023170000,0,0
1598023470000,0,0
1598023770000,0,0
1598024070000,56,95
1598024370000,55,78
1598024670000,55,71
1598024970000,55,80
1598025270000,55,75
1598025570000,55,71
1598025870000,55,68
1598026170000,57,57
1598026470000,57,48
1598026770000,57,65
1598027070000,55,69
1598027370000,55,61
1598027670000,54,62
1598027970000,54,67
1598028270000,54,69
1598028570000,54,67
1598028870000,54,68
1598029170000,55,66
1598029470000,58,57
1598029770000,59,62
1598030070000,57,80
1598030370000,61,63
1598030670000,58,60
1598030970000,59,58
1598031270000,0,0
1598031570000,0,0
1598086413000,0,0
1598086713000,0,0
1598087013000,67,29
1598087313000,65,38
1598087613000,64,40
1598087913000,62,36
1598088213000,62,36
1598088513000,61,35
1598088813000,60,38
1598089113000,60,39
1598089413000,61,38
1598089713000,60,41
1598090013000,60,39
1598090313000,59,43
1598090613000,59,50
1598090913000,60,44
1598091213000,62,41
1598091513000,64,33
1598091813000,65,29
1598092113000,65,30
1598092413000,64,32
1598092713000,63,31
1598093013000,64,37
1598093313000,63,41
1598093613000,61,38
1598093913000,65,37
1598094213000,60,35
1598094513000,60,38
1598094813000,61,47
1598095113000,63,34
1598095413000,65,29
1598095713000,63,37
1598096013000,63,36
1598096313000,61,35
1598096613000,60,46
1598096913000,59,40
1598097213000,59,42
1598097513000,58,44
1598097813000,57,51
1598098113000,57,49
1598098413000,57,48
1598098713000,56,51
1598099013000,57,49
1598099313000,57,50
1598099613000,56,71
1598099913000,54,63
1598100213000,54,69
1598100513000,54,63
1598100813000,54,65
1598101113000,54,58
1598101413000,55,53
1598101713000,58,47
1598102013000,57,48
1598102313000,55,58
1598102613000,53,62
1598102913000,53,68
1598103213000,53,62
1598103513000,53,66
1598103813000,53,64
1598104113000,56,57
1598104413000,54,65
1598104713000,57,64
1598105013000,54,78
1598105313000,57,56
1598105613000,60,52
1598105913000,57,65
1598106213000,57,61
1598106513000,59,70
1598106813000,62,66
1598107113000,57,71
1598107413000,55,64
1598107713000,55,70
1598108013000,55,64
1598108313000,56,63
1598108613000,56,66
1598108913000,56,72
1598109213000,56,80
1598109513000,55,83
1598109813000,56,61
1598110113000,63,42
1598110413000,58,51
1598110713000,60,49
1598111013000,58,53
1598111313000,57,53
1598111613000,57,50
1598111913000,58,52
1598112213000,57,55
1598112513000,57,54
1598112813000,58,49
1598113113000,58,50
1598113413000,59,48
1598113713000,59,46
1598114013000,59,48
1598114313000,64,55
1598114613000,64,33
1598114913000,65,32
1598115213000,65,34
1598115513000,68,48
1598115813000,0,0
1598116113000,69,36
1598116413000,67,39
1598116713000,68,34
1598117013000,69,31
1598117313000,68,31
1598117613000,0,0
1598117913000,64,40
1598118213000,64,39
1598174608000,0,0
1598174908000,63,29
1598175208000,61,36
1598175508000,60,36
1598175808000,61,38
1598176108000,62,44
1598176408000,60,29
1598176708000,60,34
1598177008000,59,35
1598177308000,59,34
1598177608000,59,32
1598177908000,60,31
1598178208000,60,37
1598178508000,60,29
1598178808000,62,29
1598179108000,60,34
1598179408000,60,31
1598179708000,61,38
1598180008000,61,37
1598180308000,60,36
1598180608000,58,42
1598180908000,58,43
1598181208000,57,50
1598181508000,57,49
1598181808000,58,50
1598182108000,57,38
1598182408000,58,46
1598182708000,55,59
1598183008000,58,55
1598183308000,58,47
1598183608000,59,42
1598183908000,59,43
1598184208000,58,45
1598184508000,57,47
1598184808000,56,49
1598185108000,56,49
1598185408000,54,53
1598185708000,54,51
1598186008000,55,56
1598186308000,60,45
1598186608000,56,49
1598186908000,55,55
1598187208000,54,65
1598187508000,58,51
1598187808000,54,55
1598188108000,54,63
1598188408000,54,62
1598188708000,56,53
1598189008000,55,62
1598189308000,57,56
1598189608000,57,63
1598189908000,58,49
1598190208000,56,57
1598190508000,59,50
1598190808000,58,63
1598191108000,58,61
1598191408000,56,63
1598191708000,55,65
1598192008000,53,71
1598192308000,51,66
1598192608000,51,78
1598192908000,52,78
1598193208000,53,79
1598193508000,52,77
1598193808000,53,80
1598194108000,54,88
1598194408000,55,83
1598194708000,55,73
1598195008000,54,87
1598195308000,55,68
1598195608000,55,86
1598195908000,54,73
1598196208000,54,77
1598196508000,55,83
1598258550000,0,0
1598258850000,78,14
1598259150000,75,13
1598259450000,73,14
1598259750000,71,15
1598260050000,69,17
1598260350000,68,19
1598260650000,67,19
1598260950000,66,20
1598261250000,65,26
1598261550000,64,26
1598261850000,67,30
1598262150000,67,21
1598262450000,68,19
1598262750000,68,20
1598263050000,66,23
1598263350000,62,32
1598263650000,62,28
1598263950000,62,33
1598264250000,62,30
1598264550000,61,32
1598264850000,60,35
1598265150000,60,35
1598265450000,59,41
1598265750000,58,41
1598266050000,58,41
1598266350000,60,43
1598266650000,63,32
1598266950000,67,27
1598267250000,65,27
1598267550000,62,33
1598267850000,61,45
1598268150000,62,44
1598268450000,61,48
1598268750000,60,45
1598269050000,58,53
1598269350000,58,50
1598269650000,60,47
1598269950000,60,43
1598270250000,59,49
1598270550000,59,58
1598270850000,58,56
1598271150000,56,62
1598271450000,55,63
1598271750000,55,61
1598272050000,55,66
1598272350000,55,64
1598272650000,56,64
1598272950000,56,63
1598273250000,56,61
1598273550000,56,60
1598273850000,57,63
1598274150000,59,51
1598274450000,63,40
1598274750000,60,53
1598275050000,55,65
1598275350000,56,52
1598275650000,55,55
1598275950000,55,56
1598276250000,56,59
1598276550000,57,56
1598276850000,57,58
1598277150000,56,66
1598277450000,58,59
1598277750000,57,52
1598278050000,56,52
1598278350000,57,52
1598278650000,56,50
1598278950000,56,55
1598279250000,57,51
1598279550000,57,49
1598279850000,58,45
1598280150000,59,44
1598280450000,58,52
1598280750000,57,47
1598281050000,58,46
1598281350000,58,53
1598281650000,57,60
1598281950000,61,56
1598282250000,57,62
1598282550000,59,44
1598282850000,59,45
1598283150000,61,43
1598283450000,60,46
1598283750000,62,54
1598284050000,58,52
1598284350000,58,50
1598284650000,57,52
1598284950000,56,58
1598285250000,56,54
1598285550000,56,52
1598285850000,59,58
1598286150000,0,0
1598286450000,63,50
1598286750000,61,51
1598287050000,59,61
1598287350000,61,56
1598287650000,60,51
1598287950000,58,54
1598288250000,0,0
1598288550000,65,38
1598288850000,62,44
1598289150000,0,0
1598289450000,0,0
1598289750000,59,51
1598290050000,60,51
1598290350000,55,68
1598290650000,57,58
1598290950000,57,66
1598291250000,0,0
1598291550000,60,62
1598291850000,64,52
1598292150000,63,47
1598292450000,62,48
1598292750000,61,50
1598293050000,63,47
1598293350000,62,49
1598338292000,0,0
1598338592000,0,0
1598338892000,60,46
1598339192000,57,52
1598339492000,58,53
1598339792000,57,52
1598340092000,58,48
1598340392000,60,40
1598340692000,58,49
1598340992000,58,48
1598341292000,62,43
1598341592000,64,28
1598341892000,62,24
1598342192000,62,28
1598342492000,61,30
1598342792000,62,29
1598343092000,62,30
1598343392000,62,31
1598343692000,62,29
1598343992000,64,29
1598344292000,64,22
1598344592000,63,24
1598344892000,63,27
1598345192000,62,29
1598345492000,61,28
1598345792000,60,33
1598346092000,60,37
1598346392000,59,33
1598346692000,62,45
1598346992000,59,33
1598347292000,57,41
1598347592000,57,39
1598347892000,56,43
1598348192000,57,49
1598348492000,57,46
1598348792000,56,47
1598349092000,56,46
1598349392000,55,48
1598349692000,55,53
1598349992000,57,47
1598350292000,60,42
1598350592000,62,39
1598350892000,58,56
1598351192000,57,58
1598351492000,56,56
1598351792000,57,47
1598352092000,56,58
1598352392000,55,76
1598352692000,54,74
1598352992000,55,73
1598353292000,54,65
1598353592000,56,64
1598353892000,53,59
1598354192000,52,59
1598354492000,52,61
1598354792000,54,67
1598355092000,51,74
1598355392000,53,63
1598355692000,53,54
1598355992000,52,65
1598356292000,52,60
1598356592000,52,64
1598356892000,55,73
1598357192000,54,66
1598357492000,53,79
1598357792000,52,85
1598358092000,53,91
1598358392000,52,89
1598358692000,52,90
1598358992000,53,91
1598359292000,53,90
1598359592000,54,79
1598359892000,53,70
1598360192000,52,68
1598360492000,52,71
1598360792000,53,74
1598361092000,54,69
1598361392000,63,51
1598361692000,64,44
1598361992000,64,54
1598362292000,0,0
1598362592000,0,0
1598362892000,55,69
1598363192000,55,68
1598363492000,56,60
1598363792000,59,54
1598364092000,58,55
1598364392000,56,50
1598364692000,55,57
1598364992000,51,87
1598365292000,55,78
1598365592000,53,95
1598365892000,54,89
1598366192000,55,70
1598366492000,53,81
1598366792000,54,68
1598367092000,55,63
1598367392000,57,62
1598367692000,55,78
1598367992000,56,58
1598368292000,58,53
1598368592000,57,59
1598368892000,56,53
1598369192000,0,0
1598427567000,0,0
1598427867000,60,44
1598428167000,62,45
1598428467000,61,41
1598428767000,59,43
1598429067000,62,34
1598429367000,61,26
1598429667000,60,28
1598429967000,60,30
1598430267000,60,31
1598430567000,60,31
1598430867000,60,30
1598431167000,60,33
1598431467000,60,33
1598431767000,60,32
1598432067000,62,37
1598432367000,61,33
1598432667000,61,32
1598432967000,60,29
1598433267000,60,32
1598433567000,62,35
1598433867000,58,37
1598434167000,57,40
1598434467000,57,40
1598434767000,57,39
1598435067000,56,44
1598435367000,57,42
1598435667000,60,43
1598435967000,57,46
1598436267000,57,46
1598436567000,59,50
1598436867000,59,37
1598437167000,58,46
1598437467000,58,41
1598437767000,58,52
1598438067000,58,48
1598438367000,57,46
1598438667000,56,57
1598438967000,55,73
1598439267000,54,56
1598439567000,55,55
1598439867000,53,61
1598440167000,53,60
1598440467000,53,64
1598440767000,51,59
1598441067000,51,71
1598441367000,51,57
1598441667000,51,70
1598441967000,51,65
1598442267000,51,65
1598442567000,52,64
1598442867000,56,60
1598443167000,57,51
1598443467000,56,53
1598443767000,57,49
1598444067000,55,68
1598444367000,55,62
1598444667000,55,56
1598444967000,55,68
1598445267000,55,68
1598445567000,57,76
1598445867000,58,47
1598446167000,57,52
1598446467000,56,55
1598446767000,55,65
1598447067000,55,65
1598447367000,54,62
1598447667000,55,60
1598447967000,56,58
1598448267000,55,51
1598448567000,55,48
1598448867000,55,53
1598449167000,54,51
1598449467000,54,46
1598449767000,53,63
1598450067000,53,62
1598450367000,53,61
1598450667000,54,55
1598450967000,53,54
1598451267000,53,61
1598451567000,54,61
1598451867000,56,62
1598452167000,56,60
1598452467000,56,70
1598452767000,57,71
1598453067000,59,49
1598453367000,58,55
1598453667000,57,57
1598453967000,57,57
1598454267000,58,52
1598454567000,58,46
1598454867000,0,0
1598455167000,0,0
1598455467000,61,54
1598455767000,61,44
1598456067000,59,46
1598456367000,62,43
1598456667000,62,40
1598456967000,58,59
1598457267000,59,53
1598457567000,61,47
1598512170000,0,0
1598512470000,69,25
1598512770000,66,26
1598513070000,65,30
1598513370000,63,32
1598513670000,61,32
1598513970000,62,32
1598514270000,62,28
1598514570000,62,28
1598514870000,62,29
1598515170000,67,20
1598515470000,66,19
1598515770000,64,25
1598516070000,62,27
1598516370000,61,26
1598516670000,61,27
1598516970000,63,36
1598517270000,61,33
1598517570000,60,39
1598517870000,61,40
1598518170000,63,30
1598518470000,63,31
1598518770000,63,28
1598519070000,60,39
1598519370000,59,44
1598519670000,58,43
1598519970000,58,39
1598520270000,58,43
1598520570000,58,59
1598520870000,56,46
1598521170000,56,47
1598521470000,55,53
1598521770000,54,58
1598522070000,54,58
1598522370000,54,54
1598522670000,54,59
1598522970000,54,55
1598523270000,58,53
1598523570000,56,54
1598523870000,55,55
1598524170000,57,49
1598524470000,56,51
1598524770000,54,57
1598525070000,56,51
1598525370000,56,76
1598525670000,53,57
1598525970000,52,64
1598526270000,52,64
1598526570000,52,68
1598526870000,51,73
1598527170000,51,69
1598527470000,51,75
1598527770000,52,79
1598528070000,51,76
1598528370000,53,77
1598528670000,55,84
1598528970000,55,79
1598529270000,57,72
1598529570000,54,80
1598529870000,56,64
1598530170000,55,71
1598530470000,55,68
1598530770000,55,76
1598531070000,53,79
1598531370000,54,71
1598531670000,54,72
1598531970000,55,62
1598532270000,52,75
1598532570000,52,76
1598532870000,52,83
1598533170000,52,80
1598533470000,51,76
1598533770000,51,87
1598534070000,52,80
1598534370000,49,94
1598534670000,48,96
1598534970000,49,77
1598535270000,48,78
1598535570000,49,96
1598535870000,49,87
1598536170000,0,0
1598536470000,50,111
1598536770000,53,89
1598537070000,52,91
1598537370000,55,66
1598537670000,56,71
1598537970000,55,76
1598538270000,54,71
1598538570000,55,77
1598538870000,55,78
1598539170000,51,108
1598539470000,51,92
1598539770000,51,74
1598540070000,52,72
1598540370000,53,71
1598540670000,58,82
1598540970000,0,0
1598541270000,60,51
1598541570000,59,54
1598541870000,56,63
1598542170000,56,64
1598612611000,0,0
1598612911000,0,0
1598613211000,69,30
1598613511000,66,33
1598613811000,0,0
1598614111000,75,19
1598614411000,71,23
1598614711000,68,31
1598615011000,67,30
1598615311000,67,30
1598615611000,63,40
1598615911000,61,37
1598616211000,61,36
1598616511000,60,40
1598616811000,60,41
1598617111000,59,42
1598617411000,59,47
1598617711000,60,48
1598618011000,60,44
1598618311000,59,45
1598618611000,57,42
1598618911000,58,34
1598619211000,57,38
1598619511000,60,34
1598619811000,57,44
1598620111000,55,44
1598620411000,55,45
1598620711000,0,0
1598621011000,0,0
1598621311000,57,52
1598621611000,57,38
1598621911000,57,38
1598622211000,57,52
1598622511000,57,56
1598622811000,55,48
1598623111000,56,64
1598623411000,58,50
1598623711000,61,47
1598624011000,61,56
1598624311000,61,46
1598624611000,59,46
1598624911000,60,48
1598625211000,57,59
1598625511000,59,49
1598625811000,60,50
1598626111000,58,56
1598626411000,58,49
1598626711000,58,46
1598627011000,59,39
1598627311000,58,61
1598627611000,58,66
1598627911000,58,48
1598628211000,58,46
1598628511000,60,51
1598628811000,63,44
1598629111000,61,46
1598629411000,61,55
1598629711000,65,47
1598630011000,66,59
1598630311000,59,57
1598630611000,63,47
1598630911000,0,0
1598688212000,0,0
1598688512000,66,23
1598688812000,66,27
1598689112000,65,28
1598689412000,64,29
1598689712000,65,29
1598690012000,64,28
1598690312000,64,29
1598690612000,64,28
1598690912000,64,31
1598691212000,65,32
1598691512000,61,33
1598691812000,64,34
1598692112000,64,30
1598692412000,68,28
1598692712000,65,24
1598693012000,66,24
1598693312000,65,20
1598693612000,65,20
1598693912000,68,22
1598694212000,65,23
1598694512000,65,22
1598694812000,64,23
1598695112000,65,23
1598695412000,69,20
1598695712000,69,17
1598696012000,69,18
1598696312000,69,19
1598696612000,68,18
1598696912000,67,25
1598697212000,69,22
1598697512000,67,24
1598697812000,66,23
1598698112000,66,22
1598698412000,65,25
1598698712000,65,26
1598699012000,65,22
1598699312000,66,25
1598699612000,65,23
1598699912000,64,26
1598700212000,65,25
1598700512000,65,24
1598700812000,65,27
1598701112000,65,26
1598701412000,64,29
1598701712000,64,27
1598702012000,64,29
1598702312000,64,28
1598702612000,67,27
1598702912000,66,33
1598703212000,64,29
1598703512000,65,29
1598703812000,66,28
1598704112000,69,33
1598704412000,67,31
1598704712000,66,30
1598705012000,65,28
1598705312000,64,32
1598705612000,64,30
1598705912000,64,30
1598706212000,65,32
1598706512000,62,38
1598706812000,61,37
1598707112000,60,38
1598707412000,62,41
1598707712000,65,35
1598708012000,65,33
1598708312000,64,34
1598708612000,64,41
1598708912000,63,47
1598709212000,65,37
1598709512000,64,41
1598709812000,62,42
1598710112000,62,41
1598710412000,62,38
1598710712000,63,42
1598711012000,62,41
1598711312000,62,42
1598711612000,62,39
1598711912000,62,42
1598712212000,61,42
1598712512000,61,41
1598712812000,61,43
1598713112000,61,47
1598713412000,61,47
1598713712000,62,49
1598714012000,62,54
1598714312000,59,59
1598714612000,60,56
1598714912000,61,56
1598715212000,61,52
1598715512000,62,44
1598715812000,61,52
1598716112000,62,48
1598716412000,61,51
1598716712000,61,45
1598717012000,62,42
1598717312000,62,43
1598717612000,63,48
1598717912000,62,51
1598718212000,60,46
1598718512000,60,42
1598718812000,61,42
1598719112000,60,46
1598719412000,62,47
1598719712000,65,41
1598720012000,74,34
1598779529000,0,0
1598779829000,0,0
1598780129000,62,39
1598780429000,61,44
1598780729000,59,44
1598781029000,59,37
1598781329000,59,40
1598781629000,59,36
1598781929000,59,41
1598782229000,60,43
1598782529000,65,38
1598782829000,60,40
1598783129000,60,40
1598783429000,61,36
1598783729000,59,40
1598784029000,58,42
1598784329000,59,43
1598784629000,58,39
1598784929000,59,45
1598785229000,61,37
1598785529000,63,46
1598785829000,62,36
1598786129000,61,38
1598786429000,60,43
1598786729000,60,48
1598787029000,61,48
1598787329000,59,52
1598787629000,63,35
1598787929000,63,35
1598788229000,63,34
1598788529000,63,34
1598788829000,61,43
1598789129000,61,37
1598789429000,60,41
1598789729000,61,40
1598790029000,61,39
1598790329000,60,38
1598790629000,59,45
1598790929000,58,44
1598791229000,59,46
1598791529000,58,43
1598791829000,58,48
1598792129000,58,46
1598792429000,58,49
1598792729000,58,51
1598793029000,57,51
1598793329000,59,54
1598793629000,59,50
1598793929000,61,43
1598794229000,62,41
1598794529000,59,50
1598794829000,60,51
1598795129000,59,52
1598795429000,59,61
1598795729000,59,51
1598796029000,60,48
1598796329000,57,56
1598796629000,56,61
1598796929000,56,65
1598797229000,56,58
1598797529000,56,61
1598797829000,56,74
1598798129000,56,64
1598798429000,56,62
1598798729000,56,74
1598799029000,56,67
1598799329000,59,61
1598799629000,59,63
1598799929000,58,63
1598800229000,57,64
1598800529000,56,68
1598800829000,56,67
1598801129000,57,58
1598801429000,57,64
1598801729000,57,53
1598802029000,58,54
1598802329000,59,71
1598802629000,61,55
1598802929000,57,53
1598803229000,55,58
1598803529000,55,55
1598803829000,55,62
1598804129000,55,58
1598804429000,55,65
1598804729000,56,60
1598805029000,55,62
1598805329000,58,63
1598805629000,56,71
1598805929000,56,85
1598806229000,58,75
1598806529000,58,76
1598806829000,57,81
1598807129000,57,78
1598807429000,57,89
1598807729000,58,49
1598808029000,57,55
1598808329000,57,50
1598808629000,57,54
1598808929000,58,53
1598809229000,57,55
1598809529000,57,63
1598809829000,55,57
1598810129000,57,58
1598810429000,0,0
1598866831000,0,0
1598867131000,67,29
1598867431000,67,25
1598867731000,66,29
1598868031000,66,29
1598868331000,66,28
1598868631000,66,29
1598868931000,65,29
1598869231000,64,32
1598869531000,65,34
1598869831000,67,31
1598870131000,69,27
1598870431000,66,26
1598870731000,65,25
1598871031000,64,30
1598871331000,65,31
1598871631000,65,37
1598871931000,64,42
1598872231000,59,54
1598872531000,61,45
1598872831000,63,44
1598873131000,64,41
1598873431000,69,22
1598873731000,66,34
1598874031000,63,40
1598874331000,62,40
1598874631000,60,43
1598874931000,59,47
1598875231000,58,51
1598875531000,57,59
1598875831000,57,66
1598876131000,56,63
1598876431000,57,67
1598876731000,61,57
1598877031000,58,59
1598877331000,58,56
1598877631000,57,60
1598877931000,57,60
1598878231000,56,61
1598878531000,55,69
1598878831000,58,66
1598879131000,55,80
1598879431000,56,75
1598879731000,55,79
1598880031000,56,77
1598880331000,55,75
1598880631000,56,64
1598880931000,55,69
1598881231000,55,63
1598881531000,57,64
1598881831000,55,70
1598882131000,57,61
1598882431000,54,71
1598882731000,54,70
1598883031000,55,68
1598883331000,58,67
1598883631000,56,70
1598883931000,55,82
1598884231000,55,81
1598884531000,57,72
1598884831000,57,69
1598885131000,58,73
1598885431000,58,66
1598885731000,56,73
1598886031000,56,72
1598886331000,58,68
1598886631000,57,78
1598886931000,57,55
1598887231000,58,48
1598887531000,59,50
1598887831000,60,44
1598888131000,60,41
1598888431000,61,43
1598888731000,63,39
1598889031000,65,32
1598889331000,66,31
1598889631000,66,31
1598889931000,65,29
1598890231000,66,28
1598890531000,66,27
1598890831000,65,40
1598891131000,62,45
1598891431000,63,49
1598891731000,62,48
1598892031000,62,50
1598892331000,60,52
1598892631000,67,39
1598892931000,67,33
1598893231000,74,28
1598893531000,79,21
1598893831000,74,26
1598894131000,73,29
1598894431000,74,28
1598894731000,76,32
1598895031000,76,22
1598895331000,75,21
1598895631000,74,24
1598895931000,75,24
1598896231000,74,25
1598896531000,80,21
1598896831000,78,19
1598897131000,74,27
1598950923000,67,32
1598951223000,64,38
1598951523000,68,27
1598951823000,67,24
1598952123000,67,25
1598952423000,66,27
1598952723000,66,28
1598953023000,66,27
1598953323000,65,31
1598953623000,64,38
1598953923000,64,37
1598954223000,65,38
1598954523000,64,41
1598954823000,64,35
1598955123000,66,29
1598955423000,65,32
1598955723000,65,31
1598956023000,64,35
1598956323000,63,42
1598956623000,63,41
1598956923000,63,45
1598957223000,61,41
1598957523000,61,44
1598957823000,62,49
1598958123000,59,53
1598958423000,61,46
1598958723000,59,57
1598959023000,61,50
1598959323000,61,47
1598959623000,58,67
1598959923000,58,58
1598960223000,56,51
1598960523000,55,58
1598960823000,58,58
1598961123000,56,60
1598961423000,56,59
1598961723000,56,64
1598962023000,54,79
1598962323000,57,66
1598962623000,57,69
1598962923000,54,77
1598963223000,54,82
1598963523000,55,76
1598963823000,55,61
1598964123000,57,67
1598964423000,57,75
1598964723000,58,86
1598965023000,59,76
1598965323000,56,74
1598965623000,58,68
1598965923000,57,71
1598966223000,63,50
1598966523000,59,59
1598966823000,62,55
1598967123000,58,59
1598967423000,56,54
1598967723000,55,53
1598968023000,58,59
1598968323000,57,57
1598968623000,56,65
1598968923000,53,66
1598969223000,53,70
1598969523000,53,73
1598969823000,53,75
1598970123000,54,77
1598970423000,60,66
1598970723000,60,68
1598971023000,60,64
1598971323000,58,61
1598971623000,59,67
1598971923000,60,61
1598972223000,62,61
1598972523000,59,55
1598972823000,60,55
1598973123000,64,46
1598973423000,57,53
1598973723000,56,63
1598974023000,57,60
1598974323000,62,69
1598974623000,64,49
1598974923000,64,50
1598975223000,63,49
1598975523000,61,48
1598975823000,61,53
1598976123000,59,52
1598976423000,60,51
1598976723000,62,50
1598977023000,61,52
1598977323000,62,47
1598977623000,62,48
1598977923000,63,42
1598978223000,65,40
1598978523000,65,39
1598978823000,64,36
1598979123000,65,40
1598979423000,0,0
1598979723000,71,54
1598980023000,70,29
1598980323000,67,34
1598980623000,67,39
1598980923000,69,38
1598981223000,71,41
1598981523000,74,42
1598981823000,70,57
1598982123000,73,31
1598982423000,73,30
1598982723000,0,0
1599032519000,0,0
1599032819000,0,0
1599033119000,69,37
1599033419000,69,35
1599033719000,69,38
1599034019000,69,40
1599034319000,70,42
1599034619000,71,39
1599034919000,72,35
1599035219000,74,28
1599035519000,71,32
1599035819000,70,36
1599036119000,71,34
1599036419000,75,28
1599036719000,75,24
1599037019000,72,26
1599037319000,73,19
1599037619000,72,20
1599037919000,74,17
1599038219000,71,20
1599038519000,70,24
1599038819000,68,27
1599039119000,68,26
1599039419000,68,25
1599039719000,68,31
1599040019000,68,28
1599040319000,68,26
1599040619000,68,30
1599040919000,69,33
1599041219000,66,35
1599041519000,65,34
1599041819000,66,37
1599042119000,66,32
1599042419000,71,23
1599042719000,68,30
1599043019000,67,30
1599043319000,66,32
1599043619000,66,33
1599043919000,66,32
1599044219000,65,39
1599044519000,65,36
1599044819000,64,41
1599045119000,65,42
1599045419000,65,39
1599045719000,65,28
1599046019000,64,31
1599046319000,64,32
1599046619000,63,32
1599046919000,63,34
1599047219000,62,39
1599047519000,62,40
1599047819000,62,40
1599048119000,62,42
1599048419000,66,38
1599048719000,63,42
1599049019000,64,41
1599049319000,58,47
1599049619000,57,49
1599049919000,58,49
1599050219000,60,52
1599050519000,63,48
1599050819000,64,42
1599051119000,64,44
1599051419000,62,42
1599051719000,65,38
1599052019000,65,40
1599052319000,66,40
1599052619000,66,41
1599052919000,66,35
1599053219000,65,39
1599053519000,66,38
1599053819000,65,30
1599054119000,67,29
1599054419000,70,28
1599054719000,70,31
1599055019000,62,45
1599055319000,60,47
1599055619000,62,43
1599055919000,62,38
1599056219000,62,37
1599056519000,62,43
1599056819000,62,44
1599057119000,66,41
1599057419000,65,44
1599057719000,66,40
1599058019000,64,49
1599058319000,65,41
1599058619000,65,44
1599058919000,65,41
1599059219000,65,37
1599059519000,66,39
1599059819000,67,39
1599060119000,68,36
1599060419000,69,31
1599060719000,68,34
1599061019000,66,32
1599061319000,67,32
1599061619000,69,29
1599061919000,71,22
1599062219000,70,27
1599062519000,63,32
1599062819000,62,37
1599063119000,62,44
1599063419000,63,37
1599063719000,68,38
1599064019000,72,25
1599064319000,71,27
1599064619000,73,28
1599064919000,72,28
1599065219000,69,52
1599065519000,72,35
1599065819000,74,22
1599066119000,75,26
1599066419000,75,23
1599066719000,79,21
1599067019000,79,25
1599126841000,0,0
1599127141000,75,17
1599127441000,72,18
1599127741000,73,17
1599128041000,73,17
1599128341000,74,15
1599128641000,74,16
1599128941000,74,17
1599129241000,74,19
1599129541000,71,21
1599129841000,71,23
1599130141000,75,19
1599130441000,75,14
1599130741000,76,13
1599131041000,75,15
1599131341000,73,17
1599131641000,72,22
1599131941000,72,22
1599132241000,76,25
1599132541000,72,20
1599132841000,70,26
1599133141000,69,28
1599133441000,69,26
1599133741000,69,29
1599134041000,69,30
1599134341000,70,28
1599134641000,71,28
1599134941000,68,45
1599135241000,70,34
1599135541000,69,29
1599135841000,69,30
1599136141000,65,42
1599136441000,64,42
1599136741000,65,38
1599137041000,65,39
1599137341000,70,29
1599137641000,68,35
1599137941000,67,29
1599138241000,66,35
1599138541000,66,39
1599138841000,67,41
1599139141000,70,35
1599139441000,67,28
1599139741000,66,31
1599140041000,65,41
1599140341000,63,42
1599140641000,65,42
1599140941000,65,48
1599141241000,66,39
1599141541000,66,41
1599141841000,62,51
1599142141000,64,42
1599142441000,65,42
1599142741000,65,42
1599143041000,65,37
1599143341000,64,46
1599143641000,65,36
1599143941000,64,34
1599144241000,66,31
1599144541000,66,29
1599144841000,66,33
1599145141000,66,34
1599145441000,65,30
1599145741000,66,29
1599146041000,68,31
1599146341000,72,25
1599146641000,68,24
1599146941000,69,26
1599147241000,65,33
1599147541000,64,37
1599147841000,64,36
1599148141000,65,37
1599148441000,64,44
1599148741000,65,36
1599149041000,65,37
1599149341000,65,39
1599149641000,68,38
1599149941000,67,37
1599150241000,66,38
1599150541000,66,43
1599150841000,67,39
1599151141000,67,36
1599151441000,66,40
1599151741000,72,39
1599152041000,73,30
1599152341000,69,47
1599152641000,67,45
1599152941000,69,37
1599153241000,69,24
1599153541000,68,31
1599153841000,67,37
1599154141000,66,34
1599154441000,65,37
1599154741000,67,36
1599155041000,69,26
1599155341000,68,33
1599155641000,67,25
1599155941000,68,24
1599156241000,73,27
1599156541000,76,23
1599156841000,78,26
1599157141000,75,29
1599157441000,76,28
1599157741000,74,26
1599158041000,72,33
1599206162000,70,35
1599206462000,71,32
1599206762000,70,37
1599207062000,72,30
1599207362000,73,25
1599207662000,76,23
1599207962000,0,0
1599208262000,0,0
1599208562000,75,22
1599208862000,75,20
1599209162000,76,17
1599209462000,80,18
1599209762000,77,15
1599210062000,78,14
1599210362000,79,15
1599210662000,77,17
1599210962000,79,19
1599211262000,83,27
1599211562000,96,27
1599211862000,97,15
1599212162000,89,14
1599212462000,84,12
1599212762000,78,15
1599213062000,70,28
1599213362000,70,30
1599213662000,69,33
1599213962000,69,36
1599214262000,69,32
1599214562000,69,35
1599214862000,70,28
1599215162000,72,30
1599215462000,69,29
1599215762000,69,32
1599216062000,67,25
1599216362000,68,32
1599216662000,68,29
1599216962000,67,30
1599217262000,67,31
1599217562000,66,34
1599217862000,65,37
1599218162000,65,38
1599218462000,65,38
1599218762000,67,37
1599219062000,65,44
1599219362000,65,43
1599219662000,65,43
1599219962000,66,31
1599220262000,68,31
1599220562000,72,19
1599220862000,75,20
1599221162000,71,23
1599221462000,69,28
1599221762000,67,37
1599222062000,66,36
1599222362000,64,37
1599222662000,65,36
1599222962000,64,40
1599223262000,63,42
1599223562000,64,44
1599223862000,63,45
1599224162000,63,42
1599224462000,63,46
1599224762000,63,39
1599225062000,64,37
1599225362000,67,35
1599225662000,65,35
1599225962000,66,33
1599226262000,65,36
1599226562000,66,34
1599226862000,65,33
1599227162000,70,40
1599298679000,0,0
1599298979000,0,0
1599299279000,0,0
1599299579000,0,0
1599299879000,67,29
1599300179000,66,29
1599300479000,67,28
1599300779000,67,27
1599301079000,68,27
1599301379000,68,23
1599301679000,68,26
1599301979000,67,20
1599302279000,68,24
1599302579000,72,16
1599302879000,70,19
1599303179000,69,20
1599303479000,68,21
1599303779000,68,21
1599304079000,67,25
1599304379000,67,26
1599304679000,67,27
1599304979000,66,29
1599305279000,66,28
1599305579000,66,30
1599305879000,66,31
1599306179000,67,38
1599306479000,67,33
1599306779000,69,27
1599307079000,69,27
1599307379000,69,31
1599307679000,69,31
1599307979000,67,31
1599308279000,65,27
1599308579000,66,32
1599308879000,65,37
1599309179000,64,36
1599309479000,64,35
1599309779000,63,40
1599310079000,63,37
1599310379000,62,35
1599310679000,62,39
1599310979000,62,37
1599311279000,61,39
1599311579000,61,44
1599311879000,66,32
1599312179000,64,35
1599312479000,66,34
1599312779000,66,38
1599313079000,64,42
1599313379000,66,40
1599313679000,65,40
1599313979000,65,39
1599314279000,66,32
1599314579000,64,36
1599314879000,64,35
1599315179000,65,39
1599315479000,67,37
1599315779000,67,33
1599316079000,67,38
1599316379000,65,35
1599316679000,64,37
1599316979000,63,39
1599317279000,63,41
1599317579000,64,45
1599317879000,65,40
1599318179000,66,41
1599318479000,69,34
1599318779000,69,30
1599319079000,66,34
1599319379000,65,38
1599319679000,66,33
1599319979000,0,0
1599320279000,0,0
1599320579000,0,0
1599320879000,0,0
1599321179000,68,28
1599321479000,69,26
1599321779000,67,34
1599322079000,67,31
1599322379000,67,35
1599322679000,66,31
1599322979000,66,38
1599323279000,69,30
1599323579000,68,32
1599323879000,70,28
1599324179000,71,33
1599324479000,69,47
1599324779000,68,35
1599395101000,0,0
1599395401000,0,0
1599395701000,0,0
1599396001000,0,0
1599396301000,65,47
1599396601000,66,53
1599396901000,66,51
1599397201000,66,57
1599397501000,68,50
1599397801000,65,29
1599398101000,68,31
1599398401000,73,20
1599398701000,71,21
1599399001000,71,18
1599399301000,72,18
1599399601000,72,18
1599399901000,73,18
1599400201000,74,21
1599400501000,70,20
1599400801000,74,16
1599401101000,71,26
1599401401000,70,24
1599401701000,70,26
1599402001000,72,23
1599402301000,71,22
1599402601000,71,26
1599402901000,70,31
1599403201000,71,25
1599403501000,71,22
1599403801000,71,24
1599404101000,71,25
1599404401000,71,25
1599404701000,72,24
1599405001000,71,19
1599405301000,73,19
1599405601000,71,26
1599405901000,70,21
1599406201000,72,21
1599406501000,73,21
1599406801000,71,19
1599407101000,73,17
1599407401000,75,22
1599407701000,70,28
1599408001000,66,29
1599408301000,66,32
1599408601000,67,31
1599408901000,70,20
1599409201000,71,21
1599409501000,69,30
1599409801000,69,26
1599410101000,69,34
1599410401000,73,27
1599410701000,71,19
1599411001000,71,21
1599411301000,72,18
1599411601000,72,19
1599411901000,72,19
1599412201000,71,19
1599412501000,74,28
1599412801000,74,22
1599413101000,74,21
1599413401000,78,22
1599413701000,73,18
1599414001000,72,21
1599414301000,71,23
1599414601000,74,16
1599414901000,74,19
1599415201000,72,19
1599415501000,76,18
1599415801000,72,23
1599416101000,74,24
1599473463000,71,25
1599473763000,71,27
1599474063000,69,25
1599474363000,74,21
1599474663000,70,21
1599474963000,69,22
1599475263000,71,22
1599475563000,70,21
1599475863000,70,23
1599476163000,69,23
1599476463000,68,26
1599476763000,73,19
1599477063000,79,14
1599477363000,77,16
1599477663000,75,16
1599477963000,73,20
1599478263000,73,19
1599478563000,71,22
1599478863000,70,26
1599479163000,71,28
1599479463000,68,30
1599479763000,67,31
1599480063000,69,40
1599480363000,68,32
1599480663000,69,31
1599480963000,69,30
1599481263000,68,33
1599481563000,68,34
1599481863000,68,36
1599482163000,67,36
1599482463000,69,38
1599482763000,64,39
1599483063000,65,35
1599483363000,65,35
1599483663000,65,33
1599483963000,66,37
1599484263000,70,29
1599484563000,0,0
1599484863000,66,35
1599485163000,65,36
1599485463000,65,38
1599485763000,66,38
1599486063000,66,39
1599486363000,0,0
1599486663000,64,38
1599486963000,65,39
1599487263000,67,38
1599487563000,69,36
1599487863000,70,29
1599488163000,64,46
1599488463000,67,38
1599488763000,67,40
1599489063000,69,41
1599489363000,68,37
1599489663000,68,30
1599489963000,68,27
1599490263000,69,31
1599490563000,68,32
1599490863000,68,29
1599491163000,68,38
1599491463000,68,35
1599491763000,69,29
1599492063000,69,27
1599492363000,70,24
1599492663000,68,33
1599492963000,67,34
1599493263000,68,40
1599493563000,65,40
1599493863000,65,37
1599494163000,65,41
1599494463000,66,38
1599494763000,65,40
1599495063000,67,40
1599495363000,66,41
1599495663000,69,35
1599495963000,68,39
1599496263000,69,38
1599496563000,69,30
1599496863000,70,25
1599497163000,71,32
1599497463000,74,34
1599497763000,72,20
1599498063000,72,19
1599498363000,72,19
1599498663000,71,22
1599498963000,71,23
1599499263000,71,23
1599499563000,70,28
1599499863000,70,41
1599500163000,65,40
1599500463000,62,44
1599500763000,64,43
1599501063000,69,40
1599501363000,69,32
1599501663000,69,40
1599501963000,66,38
1599502263000,69,38
1599502563000,0,0
1599502863000,74,31
1599503163000,78,27
1599503463000,74,31
1599503763000,73,34
1599504063000,72,34
1599504363000,73,38
1599504663000,71,43
1599504963000,70,45
1599505263000,0,0
1599554578000,0,0
1599554878000,75,31
1599555178000,73,28
1599555478000,74,26
1599555778000,75,23
1599556078000,75,23
1599556378000,75,25
1599556678000,76,25
1599556978000,77,23
1599557278000,75,23
1599557578000,79,16
1599557878000,80,16
1599558178000,79,17
1599558478000,80,16
1599558778000,79,22
1599559078000,79,17
1599559378000,78,18
1599559678000,77,18
1599559978000,78,27
1599560278000,81,19
1599560578000,80,15
1599560878000,81,16
1599561178000,78,18
1599561478000,79,16
1599561778000,79,20
1599562078000,78,18
1599562378000,80,17
1599562678000,79,18
1599562978000,76,19
1599563278000,79,21
1599563578000,82,16
1599563878000,79,20
1599564178000,80,22
1599564478000,78,18
1599564778000,76,20
1599565078000,74,19
1599565378000,74,24
1599565678000,74,20
1599565978000,75,21
1599566278000,76,19
1599566578000,75,18
1599566878000,73,27
1599567178000,68,30
1599567478000,68,34
1599567778000,71,34
1599568078000,72,23
1599568378000,67,38
1599568678000,65,45
1599568978000,64,45
1599569278000,64,48
1599569578000,64,48
1599569878000,63,51
1599570178000,63,53
1599570478000,66,52
1599570778000,69,31
1599571078000,66,43
1599571378000,66,40
1599571678000,65,42
1599571978000,64,47
1599572278000,65,46
1599572578000,66,40
1599572878000,70,39
1599573178000,65,36
1599573478000,65,38
1599573778000,65,40
1599574078000,64,38
1599574378000,65,39
1599574678000,66,35
1599574978000,67,33
1599575278000,66,37
1599575578000,70,25
1599575878000,71,26
1599576178000,68,27
1599576478000,66,29
1599576778000,66,31
1599577078000,65,35
1599577378000,66,32
1599577678000,66,30
1599577978000,65,40
1599578278000,67,33
1599578578000,69,28
1599578878000,70,26
1599579178000,69,30
1599579478000,66,32
1599579778000,68,28
1599580078000,71,32
1599580378000,68,37
1599580678000,67,42
1599580978000,67,33
1599581278000,67,37
1599581578000,66,39
1599581878000,68,36
1599582178000,68,34
1599582478000,71,33
1599582778000,69,25
1599583078000,70,21
1599583378000,70,23
1599641820000,0,0
1599642120000,0,0
1599642420000,0,0
1599642720000,0,0
1599643020000,0,0
1599643320000,74,23
1599643620000,75,20
1599643920000,76,19
1599644220000,76,26
1599644520000,76,22
1599644820000,77,17
1599645120000,79,18
1599645420000,76,19
1599645720000,76,18
1599646020000,0,0
1599646320000,0,0
1599646620000,75,20
1599646920000,72,21
1599647220000,74,21
1599647520000,77,22
1599647820000,74,25
1599648120000,74,21
1599648420000,76,21
1599648720000,75,28
1599649020000,74,22
1599649320000,76,21
1599649620000,74,18
1599649920000,74,18
1599650220000,74,18
1599650520000,73,19
1599650820000,72,23
1599651120000,72,22
1599651420000,74,30
1599651720000,68,28
1599652020000,68,30
1599652320000,70,22
1599652620000,70,33
1599652920000,67,32
1599653220000,68,32
1599653520000,69,32
1599653820000,68,36
1599654120000,69,35
1599654420000,68,35
1599654720000,68,37
1599655020000,67,38
1599655320000,67,38
1599655620000,67,42
1599655920000,66,45
1599656220000,68,54
1599656520000,66,50
1599656820000,63,49
1599657120000,64,53
1599657420000,68,40
1599657720000,66,35
1599658020000,67,33
1599658320000,66,36
1599658620000,66,37
1599658920000,68,36
1599659220000,67,41
1599659520000,65,44
1599659820000,65,44
1599660120000,0,0
1599731881000,0,0
1599732181000,0,0
1599732481000,0,0
1599732781000,0,0
1599733081000,65,43
1599733381000,65,46
1599733681000,66,40
1599733981000,66,36
1599734281000,66,34
1599734581000,66,33
1599734881000,65,33
1599735181000,64,37
1599735481000,63,41
1599735781000,64,39
1599736081000,69,32
1599736381000,71,17
1599736681000,70,18
1599736981000,68,26
1599737281000,67,26
1599737581000,65,29
1599737881000,64,34
1599738181000,64,35
1599738481000,63,39
1599738781000,63,44
1599739081000,60,52
1599739381000,59,52
1599739681000,60,53
1599739981000,59,55
1599740281000,59,59
1599740581000,61,58
1599740881000,62,47
1599741181000,64,41
1599741481000,65,41
1599741781000,64,43
1599742081000,63,45
1599742381000,64,46
1599742681000,63,45
1599742981000,63,39
1599743281000,62,47
1599743581000,62,44
1599743881000,64,43
1599744181000,61,42
1599744481000,61,42
1599744781000,61,46
1599745081000,61,49
1599745381000,60,42
1599745681000,61,51
1599745981000,62,47
1599746281000,60,55
1599746581000,61,53
1599746881000,63,43
1599747181000,62,46
1599747481000,61,49
1599747781000,61,52
1599748081000,62,55
1599748381000,61,47
1599748681000,60,51
1599748981000,60,47
1599749281000,59,49
1599749581000,59,53
1599749881000,59,46
1599750181000,60,49
1599750481000,59,65
1599750781000,57,63
1599751081000,58,55
1599751381000,58,64
1599751681000,58,63
1599751981000,57,65
1599752281000,58,59
1599752581000,59,51
1599752881000,63,47
1599753181000,61,50
1599753481000,61,51
1599753781000,60,49
1599754081000,59,48
1599754381000,59,44
1599754681000,60,45
1599754981000,61,52
1599755281000,60,41
1599755581000,60,40
1599755881000,0,0
1599823438000,0,0
1599823738000,0,0
1599824038000,68,25
1599824338000,66,31
1599824638000,62,34
1599824938000,61,38
1599825238000,60,36
1599825538000,60,39
1599825838000,61,35
1599826138000,61,34
1599826438000,61,37
1599826738000,62,42
1599827038000,61,38
1599827338000,65,26
1599827638000,61,48
1599827938000,60,49
1599828238000,59,46
1599828538000,59,49
1599828838000,59,43
1599829138000,58,51
1599829438000,57,57
1599829738000,57,59
1599830038000,57,63
1599830338000,0,0
1599830638000,56,56
1599830938000,58,51
1599831238000,58,45
1599831538000,57,49
1599831838000,56,54
1599832138000,59,57
1599832438000,55,53
1599832738000,54,59
1599833038000,54,74
1599833338000,56,67
1599833638000,62,36
1599833938000,59,50
1599834238000,60,39
1599834538000,59,51
1599834838000,55,68
1599835138000,55,78
1599835438000,56,67
1599835738000,55,59
1599836038000,54,62
1599836338000,55,67
1599836638000,55,59
1599836938000,55,58
1599837238000,56,61
1599837538000,57,62
1599837838000,55,52
1599838138000,55,61
1599838438000,56,74
1599838738000,55,80
1599839038000,58,54
1599839338000,58,54
1599839638000,57,60
1599839938000,57,71
1599840238000,56,65
1599840538000,59,51
1599840838000,56,64
1599841138000,58,62
1599841438000,59,48
1599841738000,56,61
1599842038000,57,50
1599842338000,58,46
1599842638000,59,49
1599842938000,58,61
1599843238000,60,43
1599843538000,60,39
1599843838000,62,49
1599844138000,60,56
1599844438000,58,47
1599844738000,60,45
1599845038000,61,48
1599845338000,62,42
1599845638000,60,59
1599845938000,57,61
1599846238000,56,67
1599846538000,56,62
1599846838000,57,59
1599847138000,57,49
1599897000000,0,0
1599897300000,0,0
1599897600000,0,0
1599897900000,69,34
1599898200000,67,31
1599898500000,72,21
1599898800000,67,22
1599899100000,67,19
1599899400000,67,22
1599899700000,67,19
1599900000000,68,18
1599900300000,69,21
1599900600000,69,16
1599900900000,70,17
1599901200000,69,16
1599901500000,74,14
1599901800000,73,11
1599902100000,72,14
1599902400000,72,17
1599902700000,72,15
1599903000000,73,17
1599903300000,69,21
1599903600000,67,29
1599903900000,65,34
1599904200000,64,38
1599904500000,64,37
1599904800000,64,38
1599905100000,64,40
1599905400000,64,42
1599905700000,64,41
1599906000000,63,44
1599906300000,64,38
1599906600000,66,34
1599906900000,72,22
1599907200000,69,28
1599907500000,68,32
1599907800000,68,28
1599908100000,67,31
1599908400000,67,33
1599908700000,65,37
1599909000000,67,39
1599909300000,67,29
1599909600000,65,33
1599909900000,63,40
1599910200000,63,42
1599910500000,63,41
1599910800000,62,41
1599911100000,64,42
1599911400000,63,51
1599911700000,62,44
1599912000000,65,38
1599912300000,64,40
1599912600000,66,36
1599912900000,68,28
1599913200000,70,26
1599913500000,66,32
1599913800000,63,42
1599914100000,62,52
1599914400000,60,61
1599914700000,61,54
1599915000000,62,53
1599915300000,62,49
1599915600000,63,52
1599915900000,63,49
1599916200000,62,53
1599916500000,61,55
1599916800000,64,65
1599917100000,60,43
1599917400000,59,48
1599917700000,59,61
1599918000000,57,65
1599918300000,58,73
1599918600000,65,49
1599918900000,64,39
1599919200000,67,36
1599919500000,64,47
1599919800000,62,50
1599920100000,62,54
1599920400000,65,40
1599920700000,63,41
1599921000000,63,49
1599921300000,64,39
1599921600000,63,42
1599921900000,62,35
1599922200000,63,44
1599922500000,62,46
1599922800000,63,42
1599923100000,63,41
1599923400000,64,39
1599923700000,64,35
1599924000000,62,40
1599924300000,62,41
1599924600000,63,39
1599924900000,65,42
1599925200000,63,43
1599925500000,67,29
1599925800000,66,38
1599926100000,63,40
1599926400000,64,45
1599926700000,64,42
1599927000000,65,41
1599927300000,65,37
1599927600000,64,46
1599927900000,64,36
1599928200000,65,38
1599928500000,65,37
1599928800000,64,37
1599929100000,65,37
1599929400000,61,51
1599929700000,58,61
1599930000000,58,57
1599930300000,63,51
1599930600000,65,44
1599995281000,0,0
1599995581000,82,14
1599995881000,84,13
1599996181000,84,14
1599996481000,86,12
1599996781000,83,28
1599997081000,81,25
1599997381000,83,26
1599997681000,82,17
1599997981000,83,19
1599998281000,89,28
1599998581000,89,25
1599998881000,89,36
1599999181000,88,31
1599999481000,84,27
1599999781000,82,19
1600000081000,80,24
1600000381000,74,21
1600000681000,72,24
1600000981000,72,27
1600001281000,71,28
1600001581000,71,23
1600001881000,71,23
1600002181000,71,23
1600002481000,70,24
1600002781000,72,23
1600003081000,0,0
1600003381000,0,0
1600003681000,72,31
1600003981000,72,29
1600004281000,72,31
1600004581000,72,33
1600004881000,0,0
1600005181000,74,26
1600005481000,75,26
1600005781000,73,27
1600006081000,76,19
1600006381000,73,32
1600006681000,76,20
1600006981000,75,24
1600007281000,76,30
1600007581000,71,36
1600007881000,71,31
1600008181000,71,35
1600008481000,70,31
1600008781000,71,30
1600009081000,71,27
1600009381000,71,34
1600009681000,71,30
1600009981000,72,29
1600010281000,73,25
1600010581000,75,21
1600010881000,76,19
1600011181000,76,21
1600011481000,76,22
1600011781000,77,26
1600012081000,77,17
1600012381000,77,18
1600012681000,77,17
1600012981000,77,25
1600013281000,72,25
1600013581000,71,21
1600013881000,0,0
1600014181000,0,0
1600014481000,0,0
1600014781000,77,35
1600015081000,76,35
1600015381000,75,37
1600015681000,75,33
1600015981000,75,32
1600016281000,77,32
1600016581000,77,21
1600016881000,0,0
1600017181000,0,0
1600017481000,79,37
1600017781000,76,43
1600018081000,78,39
1600018381000,0,0
1600018681000,79,56
1600018981000,0,0
1600019281000,0,0
1600019581000,74,28
1600019881000,75,37
1600020181000,74,34
1600020481000,80,28
1600075018000,77,22
1600075318000,75,21
1600075618000,74,22
1600075918000,76,23
1600076218000,75,23
1600076518000,76,26
1600076818000,77,29
1600077118000,75,19
1600077418000,73,18
1600077718000,71,22
1600078018000,71,26
1600078318000,71,23
1600078618000,70,24
1600078918000,71,30
1600079218000,72,18
1600079518000,76,15
1600079818000,74,18
1600080118000,70,18
1600080418000,70,23
1600080718000,70,22
1600081018000,69,26
1600081318000,69,27
1600081618000,68,28
1600081918000,67,28
1600082218000,68,29
1600082518000,67,30
1600082818000,67,36
1600083118000,65,34
1600083418000,65,33
1600083718000,67,35
1600084018000,74,20
1600084318000,74,19
1600084618000,70,20
1600084918000,69,23
1600085218000,67,37
1600085518000,66,32
1600085818000,65,29
1600086118000,64,34
1600086418000,64,42
1600086718000,63,39
1600087018000,63,38
1600087318000,64,40
1600087618000,63,42
1600087918000,63,43
1600088218000,63,42
1600088518000,63,51
1600088818000,67,39
1600089118000,63,48
1600089418000,0,0
1600089718000,62,41
1600090018000,62,45
1600090318000,61,52
1600090618000,61,45
1600090918000,61,50
1600091218000,59,71
1600091518000,59,64
1600091818000,59,72
1600092118000,60,63
1600092418000,62,48
1600092718000,62,53
1600093018000,63,46
1600093318000,62,49
1600093618000,62,51
1600093918000,59,48
1600094218000,60,49
1600094518000,60,48
1600094818000,60,49
1600095118000,60,48
1600095418000,60,50
1600095718000,60,46
1600096018000,60,51
1600096318000,61,46
1600096618000,58,52
1600096918000,59,53
1600097218000,61,63
1600097518000,0,0
1600097818000,63,49
1600098118000,64,51
1600098418000,61,58
1600098718000,61,57
1600099018000,61,53
1600099318000,60,52
1600099618000,60,49
1600099918000,61,48
1600100218000,62,49
1600100518000,61,63
1600100818000,65,42
1600101118000,63,46
1600101418000,63,51
1600101718000,0,0
1600102018000,60,57
1600102318000,59,58
1600102618000,60,57
1600102918000,59,59
1600103218000,61,53
1600103518000,63,54
1600103818000,64,40
1600104118000,66,39
1600104418000,70,35
1600104718000,69,29
1600105018000,67,32
1600105318000,62,45
1600167840000,0,0
1600168140000,0,0
1600168440000,0,0
1600168740000,0,0
1600169040000,68,25
1600169340000,67,23
1600169640000,67,21
1600169940000,67,23
1600170240000,68,20
1600170540000,68,18
1600170840000,68,21
1600171140000,68,19
1600171440000,68,18
1600171740000,67,23
1600172040000,69,17
1600172340000,74,12
1600172640000,71,17
1600172940000,68,24
1600173240000,66,20
1600173540000,66,20
1600173840000,68,25
1600174140000,67,21
1600174440000,67,33
1600174740000,66,31
1600175040000,66,23
1600175340000,66,24
1600175640000,67,26
1600175940000,66,30
1600176240000,65,25
1600176540000,64,24
1600176840000,63,32
1600177140000,64,33
1600177440000,66,28
1600177740000,65,26
1600178040000,64,29
1600178340000,65,30
1600178640000,65,30
1600178940000,70,18
1600179240000,68,21
1600179540000,66,34
1600179840000,67,26
1600180140000,66,35
1600180440000,64,44
1600180740000,66,35
1600181040000,65,34
1600181340000,66,31
1600181640000,67,28
1600181940000,67,33
1600182240000,60,34
1600182540000,57,43
1600182840000,57,43
1600183140000,59,47
1600183440000,59,42
1600183740000,59,52
1600184040000,60,47
1600184340000,59,48
1600184640000,60,49
1600184940000,60,54
1600185240000,60,53
1600185540000,60,48
1600185840000,60,41
1600186140000,60,43
1600186440000,60,42
1600186740000,61,44
1600187040000,61,42
1600187340000,61,45
1600187640000,61,44
1600187940000,63,43
1600188240000,62,46
1600188540000,62,39
1600188840000,63,36
1600189140000,64,33
1600189440000,64,33
1600189740000,63,40
1600190040000,61,34
1600190340000,65,31
1600335212000,0,0
1600335512000,68,32
1600335812000,65,40
1600336112000,66,40
1600336412000,65,41
1600336712000,65,41
1600337012000,64,48
1600337312000,65,39
1600337612000,64,44
1600337912000,63,53
1600338212000,65,42
1600338512000,61,44
1600338812000,63,44
1600339112000,64,35
1600339412000,65,37
1600339712000,63,34
1600340012000,64,35
1600340312000,66,27
1600340612000,64,38
1600340912000,63,49
1600341212000,60,42
1600341512000,60,46
1600341812000,59,46
1600342112000,64,26
1600342412000,58,57
1600342712000,56,57
1600343012000,56,52
1600343312000,56,64
1600343612000,54,58
1600343912000,54,61
1600344212000,54,65
1600344512000,55,65
1600344812000,55,64
1600345112000,55,66
1600345412000,55,69
1600345712000,60,58
1600346012000,60,58
1600346312000,63,40
1600346612000,62,47
1600346912000,60,53
1600347212000,59,55
1600347512000,58,55
1600347812000,58,54
1600348112000,56,59
1600348412000,56,59
1600348712000,0,0
1600349012000,63,45
1600349312000,58,46
1600349612000,56,53
1600349912000,56,51
1600350212000,56,53
1600350512000,56,57
1600350812000,55,59
1600351112000,56,59
1600351412000,56,72
1600351712000,56,63
1600352012000,57,75
1600352312000,60,60
1600352612000,60,56
1600352912000,63,47
1600353212000,57,72
1600353512000,59,60
1600353812000,58,71
1600354112000,59,62
1600354412000,58,62
1600354712000,57,64
1600355012000,58,64
1600355312000,58,58
1600355612000,58,55
1600355912000,59,58
1600356212000,59,56
1600356512000,59,53
1600356812000,61,49
1600357112000,61,48
1600357412000,62,45
1600357712000,57,62
1600358012000,57,66
1600358312000,60,60
1600358612000,59,58
1600358912000,66,53
1600415250000,0,0
1600415550000,66,28
1600415850000,64,29
1600416150000,64,48
1600416450000,63,33
1600416750000,64,35
1600417050000,63,33
1600417350000,63,33
1600417650000,63,32
1600417950000,63,32
1600418250000,64,31
1600418550000,64,29
1600418850000,64,32
1600419150000,70,21
1600419450000,71,18
1600419750000,68,25
1600420050000,66,37
1600420350000,67,27
1600420650000,67,25
1600420950000,66,26
1600421250000,63,39
1600421550000,60,37
1600421850000,60,41
1600422150000,59,42
1600422450000,59,42
1600422750000,59,41
1600423050000,64,37
1600423350000,59,51
1600423650000,57,56
1600423950000,58,62
1600424250000,57,60
1600424550000,57,61
1600424850000,57,65
1600425150000,58,58
1600425450000,59,52
1600425750000,62,53
1600426050000,63,43
1600426350000,60,50
1600426650000,59,55
1600426950000,58,54
1600427250000,57,56
1600427550000,57,56
1600427850000,55,68
1600428150000,57,49
1600428450000,56,49
1600428750000,57,52
1600429050000,56,63
1600429350000,56,59
1600429650000,57,55
1600429950000,56,63
1600430250000,57,60
1600430550000,62,50
1600430850000,59,43
1600431150000,58,46
1600431450000,58,51
1600431750000,59,44
1600432050000,62,47
1600432350000,60,46
1600432650000,60,47
1600432950000,59,54
1600433250000,57,41
1600433550000,56,43
1600433850000,56,45
1600434150000,56,46
1600434450000,57,48
1600434750000,56,52
1600435050000,56,49
1600435350000,58,53
1600435650000,55,63
1600435950000,58,56
1600436250000,58,58
1600436550000,57,77
1600436850000,54,77
1600437150000,56,73
1600437450000,58,88
1600437750000,57,68
1600438050000,57,67
1600438350000,59,69
1600438650000,58,64
1600438950000,61,55
1600439250000,59,60
1600439550000,56,67
1600439850000,55,68
1600440150000,55,72
1600440450000,56,62
1600440750000,58,65
1600441050000,58,57
1600441350000,59,52
1600441650000,59,49
1600441950000,61,52
1600442250000,60,50
1600442550000,61,47
1600442850000,62,51
1600443150000,61,48
1600443450000,59,46
1600443750000,60,47
1600444050000,59,55
1600444350000,59,75
1600444650000,58,65
1600444950000,62,54
1600445250000,66,50
1600445550000,70,34
1600445850000,65,38
1600446150000,65,36
1600446450000,65,36
1600446750000,64,43
1600447050000,63,39
1600499491000,73,34
1600499791000,73,25
1600500091000,72,27
1600500391000,71,29
1600500691000,73,20
1600500991000,75,22
1600501291000,77,18
1600501591000,76,23
1600501891000,77,17
1600502191000,81,16
1600502491000,79,19
1600502791000,81,20
1600503091000,74,20
1600503391000,75,19
1600503691000,76,19
1600503991000,74,21
1600504291000,74,18
1600504591000,76,15
1600504891000,75,17
1600505191000,72,27
1600505491000,71,26
1600505791000,71,29
1600506091000,68,31
1600506391000,70,27
1600506691000,68,27
1600506991000,70,24
1600507291000,70,27
1600507591000,69,33
1600507891000,68,30
1600508191000,71,30
1600508491000,0,0
1600508791000,68,28
1600509091000,67,28
1600509391000,64,37
1600509691000,65,36
1600509991000,63,38
1600510291000,68,34
1600510591000,68,36
1600510891000,66,46
1600511191000,66,43
1600511491000,66,39
1600511791000,67,28
1600512091000,66,27
1600512391000,67,28
1600512691000,62,39
1600512991000,64,39
1600513291000,63,38
1600513591000,62,37
1600513891000,61,41
1600514191000,61,44
1600514491000,61,43
1600514791000,61,48
1600515091000,61,43
1600515391000,66,39
1600515691000,63,40
1600515991000,61,44
1600516291000,64,38
1600516591000,65,34
1600516891000,65,33
1600517191000,64,39
1600517491000,64,56
1600517791000,61,50
1600518091000,59,54
1600518391000,60,49
1600518691000,61,40
1600518991000,60,47
1600519291000,59,49
1600519591000,60,48
1600519891000,59,44
1600520191000,58,44
1600520491000,58,49
1600520791000,58,49
1600521091000,61,43
1600521391000,58,53
1600521691000,58,54
1600521991000,58,54
1600522291000,60,70
1600522591000,60,52
1600522891000,60,60
1600523191000,59,59
1600523491000,62,52
1600523791000,60,62
1600524091000,58,69
1600524391000,58,62
1600524691000,59,63
1600524991000,58,71
1600525291000,59,62
1600525591000,60,57
1600525891000,59,54
1600526191000,59,48
1600526491000,59,54
1600526791000,61,51
1600527091000,58,48
1600527391000,57,50
1600527691000,58,50
1600527991000,58,48
1600528291000,61,49
1600528591000,60,45
1600528891000,60,46
1600529191000,60,52
1600529491000,62,46
1600529791000,60,52
1600530091000,61,50
1600530391000,60,58
1600530691000,64,38
1600530991000,63,44
1600531291000,59,48
1600531591000,63,36
1600531891000,63,32
1600532191000,62,43
1600532491000,62,39
1600532791000,63,37
1600533091000,66,39
1600533391000,63,35
1600533691000,63,43
1600533991000,62,37
1600534291000,63,39
1600534591000,62,39
1600534891000,63,39
1600535191000,64,40
1600535491000,64,43
1600535791000,63,44
1600536091000,63,45
1600536391000,63,50
1600536691000,62,50
1600536991000,64,43
1600537291000,63,46
1600537591000,62,51
1600537891000,63,47
1600538191000,63,42
1600538491000,71,33
1600538791000,70,42
1600539091000,74,34
1600539391000,79,33
1600539691000,76,39
1600539991000,75,37
1600540291000,68,38
1600540591000,72,32
1600540891000,0,0
1600596333000,0,0
1600596633000,62,53
1600596933000,59,45
1600597233000,58,51
1600597533000,57,54
1600597833000,56,54
1600598133000,56,55
1600598433000,56,57
1600598733000,59,54
1600599033000,58,45
1600599333000,56,45
1600599633000,56,49
1600599933000,56,54
1600600233000,55,56
1600600533000,55,61
1600600833000,55,63
1600601133000,58,46
1600601433000,59,54
1600601733000,58,58
1600602033000,56,63
1600602333000,56,47
1600602633000,56,42
1600602933000,55,46
1600603233000,55,53
1600603533000,55,58
1600603833000,55,51
1600604133000,54,52
1600604433000,55,53
1600604733000,58,50
1600605033000,56,57
1600605333000,58,52
1600605633000,59,47
1600605933000,62,45
1600606233000,63,35
1600606533000,60,44
1600606833000,57,58
1600607133000,57,62
1600607433000,56,55
1600607733000,55,58
1600608033000,55,54
1600608333000,54,63
1600608633000,54,63
1600608933000,54,64
1600609233000,53,65
1600609533000,54,63
1600609833000,55,59
1600610133000,52,67
1600610433000,53,75
1600610733000,52,74
1600611033000,53,80
1600611333000,52,81
1600611633000,51,93
1600611933000,51,92
1600612233000,54,84
1600612533000,54,83
1600612833000,54,82
1600613133000,54,96
1600613433000,54,78
1600613733000,55,75
1600614033000,56,71
1600614333000,55,75
1600614633000,56,71
1600614933000,56,71
1600615233000,56,64
1600615533000,56,64
1600615833000,56,77
1600616133000,54,73
1600616433000,52,93
1600616733000,53,83
1600617033000,54,91
1600617333000,55,82
1600617633000,57,76
1600617933000,56,80
1600618233000,56,70
1600618533000,56,74
1600618833000,56,69
1600619133000,56,72
1600619433000,53,78
1600619733000,53,80
1600620033000,54,76
1600620333000,55,84
1600620633000,56,85
1600620933000,57,88
1600621233000,56,94
1600621533000,55,109
1600621833000,66,47
1600622133000,65,51
1600622433000,0,0
1600622733000,0,0
1600680330000,61,55
1600680630000,59,51
1600680930000,57,46
1600681230000,58,54
1600681530000,63,44
1600681830000,58,46
1600682130000,58,50
1600682430000,58,46
1600682730000,57,48
1600683030000,58,48
1600683330000,57,50
1600683630000,57,53
1600683930000,55,61
1600684230000,54,71
1600684530000,59,58
1600684830000,60,50
1600685130000,60,49
1600685430000,62,41
1600685730000,60,48
1600686030000,58,49
1600686330000,56,59
1600686630000,57,57
1600686930000,60,57
1600687230000,56,59
1600687530000,55,68
1600687830000,55,65
1600688130000,55,68
1600688430000,54,73
1600688730000,54,76
1600689030000,54,75
1600689330000,54,78
1600689630000,53,79
1600689930000,59,54
1600690230000,62,44
1600690530000,57,60
1600690830000,57,56
1600691130000,56,59
1600691430000,55,59
1600691730000,54,66
1600692030000,59,64
1600692330000,57,54
1600692630000,56,54
1600692930000,57,60
1600693230000,54,56
1600693530000,54,56
1600693830000,54,63
1600694130000,53,67
1600694430000,53,76
1600694730000,54,70
1600695030000,54,74
1600695330000,55,78
1600695630000,55,69
1600695930000,58,73
1600696230000,57,72
1600696530000,55,83
1600696830000,56,81
1600697130000,54,75
1600697430000,56,70
1600697730000,55,65
1600698030000,57,63
1600698330000,57,68
1600698630000,55,62
1600698930000,56,52
1600699230000,57,56
1600699530000,57,56
1600699830000,58,53
1600700130000,58,55
1600700430000,58,51
1600700730000,58,55
1600701030000,58,62
1600701330000,54,77
1600701630000,59,60
1600701930000,59,49
1600702230000,61,51
1600702530000,57,55
1600702830000,59,65
1600703130000,58,55
1600703430000,57,56
1600703730000,59,54
1600704030000,58,47
1600704330000,58,51
1600704630000,60,49
1600704930000,58,56
1600705230000,58,52
1600705530000,59,60
1600705830000,60,50
1600706130000,59,61
1600706430000,58,65
1600706730000,0,0
1600764511000,82,15
1600764811000,79,15
1600765111000,75,18
1600765411000,72,27
1600765711000,70,28
1600766011000,72,24
1600766311000,78,18
1600766611000,78,16
1600766911000,80,18
1600767211000,86,18
1600767511000,95,22
1600767811000,0,0
1600768111000,0,0
1600768411000,0,0
1600768711000,0,0
1600769011000,78,19
1600769311000,82,30
1600769611000,87,32
1600769911000,80,30
1600770211000,86,28
1600770511000,70,25
1600770811000,68,35
1600771111000,66,36
1600771411000,65,38
1600771711000,65,39
1600772011000,64,34
1600772311000,63,36
1600772611000,63,37
1600772911000,63,39
1600773211000,62,40
1600773511000,61,43
1600773811000,64,46
1600774111000,64,49
1600774411000,66,39
1600774711000,67,34
1600775011000,69,36
1600775311000,65,36
1600775611000,64,42
1600775911000,63,42
1600776211000,63,44
1600776511000,62,45
1600776811000,62,49
1600777111000,62,50
1600777411000,62,51
1600777711000,63,56
1600778011000,61,54
1600778311000,64,48
1600778611000,63,51
1600778911000,63,55
1600779211000,62,54
1600779511000,60,54
1600779811000,59,55
1600780111000,58,58
1600780411000,58,56
1600780711000,58,54
1600781011000,57,56
1600781311000,56,61
1600781611000,56,64
1600781911000,56,65
1600782211000,55,59
1600782511000,55,75
1600782811000,56,71
1600783111000,56,66
1600783411000,53,75
1600783711000,53,70
1600784011000,54,88
1600784311000,54,68
1600784611000,55,94
1600784911000,54,87
1600785211000,54,79
1600785511000,55,80
1600785811000,56,68
1600786111000,56,67
1600786411000,57,60
1600786711000,58,62
1600787011000,0,0
1600787311000,56,78
1600787611000,55,77
1600787911000,53,83
1600788211000,54,90
1600788511000,59,59
1600842962000,66,56
1600843262000,62,53
1600843562000,66,53
1600843862000,66,50
1600844162000,65,45
1600844462000,65,50
1600844762000,0,0
1600845062000,0,0
1600845362000,64,41
1600845662000,63,40
1600845962000,63,36
1600846262000,63,37
1600846562000,63,29
1600846862000,63,26
1600847162000,64,25
1600847462000,64,25
1600847762000,68,28
1600848062000,65,30
1600848362000,66,28
1600848662000,64,27
1600848962000,64,30
1600849262000,67,22
1600849562000,69,21
1600849862000,73,14
1600850162000,69,21
1600850462000,69,22
1600850762000,67,21
1600851062000,67,33
1600851362000,66,24
1600851662000,66,26
1600851962000,67,30
1600852262000,65,34
1600852562000,65,31
1600852862000,65,33
1600853162000,66,33
1600853462000,62,27
1600853762000,60,32
1600854062000,59,38
1600854362000,61,44
1600854662000,59,44
1600854962000,61,40
1600855262000,61,42
1600855562000,63,36
1600855862000,60,40
1600856162000,59,41
1600856462000,58,44
1600856762000,60,49
1600857062000,59,47
1600857362000,59,47
1600857662000,59,53
1600857962000,56,50
1600858262000,54,57
1600858562000,54,64
1600858862000,54,67
1600859162000,54,68
1600859462000,56,72
1600859762000,57,58
1600860062000,60,52
1600860362000,61,50
1600860662000,60,61
1600860962000,57,62
1600861262000,58,63
1600861562000,57,63
1600861862000,56,61
1600862162000,55,64
1600862462000,55,59
1600862762000,54,63
1600863062000,54,64
1600863362000,54,66
1600863662000,54,72
1600863962000,54,71
1600864262000,54,64
1600864562000,54,73
1600864862000,55,70
1600865162000,54,71
1600865462000,53,72
1600865762000,53,63
1600866062000,55,59
1600866362000,55,88
1600866662000,56,71
1600866962000,58,78
1600867262000,57,71
1600867562000,60,48
1600867862000,57,59
1600868162000,55,64
1600868462000,56,67
1600868762000,56,60
1600869062000,56,58
1600869362000,58,57
1600869662000,58,57
1600869962000,58,53
1600870262000,56,57
1600870562000,57,53
1600870862000,57,52
1600871162000,58,46
1600871462000,59,52
1600871762000,59,54
1600872062000,63,43
1600872362000,61,44
1600872662000,60,49
1600872962000,60,57
1600873262000,58,51
1600873562000,58,49
1600873862000,59,47
1600874162000,60,47
1600874462000,59,48
1600874762000,60,47
1600875062000,0,0
1600875362000,60,48
1600875662000,61,44
1600875962000,62,52
1600941119000,67,27
1600941419000,67,28
1600941719000,65,31
1600942019000,63,37
1600942319000,63,35
1600942619000,66,26
1600942919000,63,33
1600943219000,64,30
1600943519000,64,32
1600943819000,63,35
1600944119000,63,32
1600944419000,63,38
1600944719000,64,32
1600945019000,70,22
1600945319000,67,28
1600945619000,66,26
1600945919000,64,32
1600946219000,63,40
1600946519000,62,40
1600946819000,62,45
1600947119000,61,43
1600947419000,64,45
1600947719000,61,34
1600948019000,60,45
1600948319000,60,44
1600948619000,59,47
1600948919000,59,43
1600949219000,62,41
1600949519000,62,38
1600949819000,67,34
1600950119000,62,47
1600950419000,60,49
1600950719000,60,44
1600951019000,60,48
1600951319000,60,54
1600951619000,59,46
1600951919000,59,48
1600952219000,61,56
1600952519000,56,67
1600952819000,56,70
1600953119000,56,69
1600953419000,55,56
1600953719000,55,62
1600954019000,54,71
1600954319000,55,61
1600954619000,56,86
1600954919000,56,78
1600955219000,55,84
1600955519000,55,86
1600955819000,52,98
1600956119000,54,98
1600956419000,56,85
1600956719000,55,107
1600957019000,55,107
1600957319000,55,105
1600957619000,58,80
1600957919000,54,87
1600958219000,55,79
1600958519000,56,90
1600958819000,54,84
1600959119000,56,72
1600959419000,59,77
1600959719000,58,73
1600960019000,58,60
1600960319000,58,59
1600960619000,57,62
1600960919000,57,65
1600961219000,56,65
1600961519000,55,82
1600961819000,53,91
1600962119000,55,90
1600962419000,56,94
1600962719000,58,84
1600963019000,56,78
1600963319000,56,92
1600963619000,56,81
1600963919000,56,71
1600964219000,58,65
1600964519000,58,70
1600964819000,58,67
1600965119000,59,72
1600965419000,59,64
1600965719000,60,60
1600966019000,60,59
1600966319000,62,59
1600966619000,61,60
1600966919000,57,75
1600967219000,57,85
1600967519000,57,59
1600967819000,62,70
1600968119000,58,76
1600968419000,57,85
1600968719000,59,70
1600969019000,0,0
1600969319000,61,63
1600969619000,65,51
1600969919000,69,49
1600970219000,65,54
1600970519000,0,0
1601030460000,0,0
1601030760000,0,0
1601031060000,62,34
1601031360000,62,38
1601031660000,62,39
1601031960000,61,39
1601032260000,61,41
1601032560000,61,41
1601032860000,61,41
1601033160000,63,40
1601033460000,66,40
1601033760000,64,36
1601034060000,64,32
1601034360000,62,47
1601034660000,61,51
1601034960000,59,52
1601035260000,60,50
1601035560000,56,48
1601035860000,55,53
1601036160000,55,53
1601036460000,55,61
1601036760000,55,56
1601037060000,55,63
1601037360000,56,57
1601037660000,59,54
1601037960000,60,70
1601038260000,59,59
1601038560000,59,57
1601038860000,58,60
1601039160000,58,51
1601039460000,57,63
1601039760000,54,62
1601040060000,55,57
1601040360000,55,58
1601040660000,56,58
1601040960000,60,56
1601041260000,60,38
1601041560000,59,39
1601041860000,59,45
1601042160000,60,45
1601042460000,55,65
1601042760000,56,69
1601043060000,63,40
1601043360000,61,44
1601043660000,60,66
1601043960000,63,44
1601044260000,60,52
1601044560000,60,54
1601044860000,60,55
1601045160000,60,51
1601045460000,60,55
1601045760000,62,45
1601046060000,58,57
1601046360000,57,53
1601046660000,57,54
1601046960000,57,55
1601047260000,57,52
1601047560000,60,46
1601047860000,62,45
1601048160000,61,46
1601048460000,64,40
1601048760000,60,47
1601049060000,60,46
1601049360000,62,46
1601049660000,61,47
1601049960000,62,43
1601050260000,62,46
1601050560000,63,42
1601050860000,62,42
1601051160000,63,37
1601051460000,64,37
1601051760000,70,35
1601052060000,74,43
1601052360000,60,59
1601124121000,65,36
1601124421000,68,35
1601124721000,68,36
1601125021000,66,34
1601125321000,65,34
1601125621000,65,33
1601125921000,65,35
1601126221000,65,34
1601126521000,66,32
1601126821000,66,31
1601127121000,66,35
1601127421000,66,35
1601127721000,68,23
1601128021000,68,24
1601128321000,67,29
1601128621000,67,33
1601128921000,64,39
1601129221000,64,39
1601129521000,64,42
1601129821000,64,37
1601130121000,64,40
1601130421000,64,40
1601130721000,64,45
1601131021000,60,41
1601131321000,61,45
1601131621000,61,43
1601131921000,61,42
1601132221000,62,51
1601132521000,62,43
1601132821000,61,49
1601133121000,60,56
1601133421000,62,41
1601133721000,61,38
1601134021000,0,0
1601134321000,63,41
1601134621000,61,43
1601134921000,61,43
1601135221000,59,61
1601135521000,58,58
1601135821000,60,60
1601136121000,57,53
1601136421000,55,64
1601136721000,57,60
1601137021000,60,51
1601137321000,58,64
1601137621000,57,72
1601137921000,57,69
1601138221000,58,73
1601138521000,59,67
1601138821000,58,70
1601139121000,58,63
1601139421000,59,63
1601139721000,59,56
1601140021000,58,56
1601140321000,58,57
1601140621000,60,60
1601140921000,59,61
1601141221000,58,59
1601141521000,66,47
1601141821000,67,41
1601142121000,73,37
1601142421000,74,38
1601142721000,75,36
1601143021000,72,44
1601143321000,71,49
1601143621000,71,42
1601143921000,70,40
1601201218000,0,0
1601201518000,67,36
1601201818000,66,31
1601202118000,67,34
1601202418000,67,33
1601202718000,68,31
1601203018000,69,24
1601203318000,70,24
1601203618000,70,23
1601203918000,70,23
1601204218000,70,23
1601204518000,69,24
1601204818000,71,20
1601205118000,69,20
1601205418000,69,22
1601205718000,68,18
1601206018000,67,20
1601206318000,66,21
1601206618000,66,22
1601206918000,66,23
1601207218000,65,22
1601207518000,65,25
1601207818000,64,29
1601208118000,65,29
1601208418000,63,29
1601208718000,63,35
1601209018000,66,21
1601209318000,70,18
1601209618000,69,19
1601209918000,65,26
1601210218000,66,33
1601210518000,63,33
1601210818000,61,35
1601211118000,60,38
1601211418000,60,41
1601211718000,60,40
1601212018000,60,42
1601212318000,64,42
1601212618000,60,43
1601212918000,58,48
1601213218000,58,51
1601213518000,57,60
1601213818000,58,60
1601214118000,58,46
1601214418000,57,47
1601214718000,57,50
1601215018000,60,53
1601215318000,62,47
1601215618000,63,41
1601215918000,63,37
1601216218000,65,37
1601216518000,62,43
1601216818000,59,56
1601217118000,57,58
1601217418000,56,62
1601217718000,56,63
1601218018000,56,57
1601218318000,55,68
1601218618000,57,67
1601218918000,56,68
1601219218000,58,67
1601219518000,58,62
1601219818000,58,63
1601220118000,60,56
1601220418000,60,53
1601220718000,59,52
1601221018000,59,54
1601221318000,59,52
1601221618000,60,47
1601221918000,60,50
1601222218000,59,54
1601222518000,60,58
1601222818000,60,50
1601223118000,60,48
1601223418000,0,0
1601223718000,0,0
1601224018000,58,60
1601224318000,59,61
1601224618000,58,59
1601224918000,63,76
1601225218000,72,46
1601225518000,69,33
1601225818000,68,42
1601226118000,65,65
1601226418000,0,0
1601226718000,0,0
1601227018000,0,0
1601227318000,65,37
1601227618000,63,40
1601227918000,64,42
1601228218000,63,35
1601228518000,64,32
1601228818000,63,36
1601229118000,64,30
1601229418000,63,39
1601229718000,62,37
1601230018000,62,46
1601230318000,63,44
1601230618000,64,38
1601230918000,64,48
1601231218000,63,47
1601231518000,62,47
1601231818000,61,44
1601232118000,65,47
1601232418000,70,35
1601232718000,69,39
1601233018000,0,0
1601289361000,0,0
1601289661000,0,0
1601289961000,0,0
1601290261000,70,46
1601290561000,70,43
1601290861000,69,44
1601291161000,67,54
1601291461000,66,59
1601291761000,68,47
1601292061000,67,61
1601292361000,68,47
1601292661000,66,48
1601292961000,66,49
1601293261000,66,53
1601293561000,65,46
1601293861000,67,43
1601294161000,67,44
1601294461000,68,47
1601294761000,0,0
1601295061000,0,0
1601295361000,0,0
1601295661000,0,0
1601295961000,0,0
1601296261000,0,0
1601296561000,0,0
1601296861000,0,0
1601297161000,0,0
1601297461000,0,0
1601297761000,70,32
1601298061000,67,33
1601298361000,66,42
1601298661000,65,45
1601298961000,63,44
1601299261000,62,45
1601299561000,62,46
1601299861000,61,51
1601300161000,60,53
1601300461000,60,56
1601300761000,61,61
1601301061000,58,62
1601301361000,60,63
1601301661000,61,51
1601301961000,60,52
1601302261000,59,60
1601302561000,58,67
1601302861000,58,62
1601303161000,62,70
1601303461000,60,59
1601303761000,56,76
1601304061000,56,79
1601304361000,54,92
1601304661000,54,94
1601304961000,59,77
1601305261000,59,74
1601305561000,60,73
1601305861000,60,60
1601306161000,60,62
1601306461000,62,65
1601306761000,63,58
1601307061000,0,0
1601307361000,0,0
1601307661000,62,76
1601307961000,60,76
1601308261000,61,79
1601308561000,61,70
1601308861000,60,79
1601309161000,58,66
1601309461000,59,69
1601309761000,61,95
1601310061000,60,84
1601310361000,60,79
1601365501000,0,0
1601365801000,0,0
1601366101000,0,0
1601366401000,69,26
1601366701000,70,27
1601367001000,68,24
1601367301000,67,28
1601367601000,66,26
1601367901000,66,28
1601368201000,66,28
1601368501000,66,27
1601368801000,66,29
1601369101000,64,32
1601369401000,62,35
1601369701000,61,41
1601370001000,65,30
1601370301000,68,29
1601370601000,64,34
1601370901000,62,34
1601371201000,61,42
1601371501000,61,39
1601371801000,61,42
1601372101000,60,46
1601372401000,59,56
1601372701000,58,57
1601373001000,60,52
1601373301000,60,61
1601373601000,56,61
1601373901000,56,65
1601374201000,56,60
1601374501000,56,61
1601374801000,61,57
1601375101000,68,32
1601375401000,66,32
1601375701000,66,40
1601376001000,68,37
1601376301000,66,40
1601376601000,61,58
1601376901000,60,57
1601377201000,62,51
1601377501000,60,54
1601377801000,59,51
1601378101000,59,52
1601378401000,57,56
1601378701000,58,64
1601379001000,57,85
1601379301000,55,65
1601379601000,55,61
1601379901000,55,67
1601380201000,58,67
1601380501000,56,62
1601380801000,56,63
1601381101000,55,69
1601381401000,55,67
1601381701000,56,70
1601382001000,59,62
1601382301000,58,66
1601382601000,58,64
1601382901000,61,63
1601383201000,60,60
1601383501000,57,73
1601383801000,58,65
1601384101000,58,76
1601384401000,57,62
1601384701000,59,68
1601385001000,57,59
1601385301000,64,50
1601385601000,59,56
1601385901000,60,56
1601386201000,59,57
1601386501000,58,54
1601386801000,57,60
1601387101000,57,60
1601387401000,57,71
1601387701000,55,66
1601388001000,57,69
1601388301000,57,77
1601388601000,56,78
1601388901000,60,57
1601389201000,59,65
1601389501000,56,71
1601389801000,57,68
1601390101000,57,68
1601390401000,57,60
1601390701000,58,54
1601391001000,58,51
1601391301000,59,48
1601391601000,59,46
1601391901000,59,54
1601392201000,57,54
1601392501000,58,51
1601392801000,58,65
1601393101000,56,61
1601393401000,58,66
1601393701000,57,83
1601394001000,57,91
1601394301000,64,61
1601394601000,68,49
1601453039000,69,35
1601453339000,69,34
1601453639000,69,32
1601453939000,68,34
1601454239000,65,40
1601454539000,63,44
1601454839000,63,41
1601455139000,63,43
1601455439000,63,45
1601455739000,62,54
1601456039000,67,41
1601456339000,65,38
1601456639000,66,41
1601456939000,66,38
1601457239000,66,33
1601457539000,65,38
1601457839000,63,42
1601458139000,62,44
1601458439000,66,41
1601458739000,62,46
1601459039000,62,45
1601459339000,62,50
1601459639000,62,51
1601459939000,62,47
1601460239000,62,46
1601460539000,61,49
1601460839000,61,48
1601461139000,61,46
1601461439000,62,46
1601461739000,69,23
1601462039000,68,27
1601462339000,64,30
1601462639000,63,34
1601462939000,62,34
1601463239000,62,35
1601463539000,63,32
1601463839000,63,33
1601464139000,62,36
1601464439000,62,35
1601464739000,62,38
1601465039000,62,43
1601465339000,61,36
1601465639000,61,40
1601465939000,61,39
1601466239000,60,45
1601466539000,60,43
1601466839000,60,49
1601467139000,62,46
1601467439000,63,44
1601467739000,62,46
1601468039000,68,35
1601468339000,64,46
1601468639000,60,48
1601468939000,60,46
1601469239000,62,42
1601469539000,62,38
1601469839000,59,46
1601470139000,60,43
1601470439000,60,40
1601470739000,60,48
1601471039000,60,44
1601471339000,61,45
1601471639000,58,51
1601471939000,59,51
1601472239000,59,45
1601472539000,59,44
1601472839000,60,44
1601473139000,60,49
1601473439000,58,54
1601473739000,60,53
1601474039000,64,48
1601474339000,68,29
1601474639000,60,54
1601474939000,60,51
1601475239000,63,39
1601475539000,62,40
1601475839000,62,37
1601476139000,62,40
1601476439000,67,54
1601476739000,64,50
1601477039000,62,52
1601477339000,64,46
1601477639000,65,36
1601632082000,0,0
1601632382000,68,48
1601632682000,67,45
1601632982000,71,39
1601633282000,67,37
1601633582000,69,33
1601633882000,67,32
1601634182000,67,31
1601634482000,64,37
1601634782000,63,43
1601635082000,63,42
1601635382000,64,42
1601635682000,67,26
1601635982000,68,24
1601636282000,69,26
1601636582000,69,22
1601636882000,65,36
1601637182000,64,33
1601637482000,62,42
1601637782000,61,47
1601638082000,61,41
1601638382000,60,46
1601638682000,59,54
1601638982000,59,55
1601639282000,58,61
1601639582000,59,56
1601639882000,59,64
1601640182000,60,62
1601640482000,60,56
1601640782000,58,54
1601641082000,59,63
1601641382000,60,60
1601641682000,60,55
1601641982000,60,50
1601642282000,59,54
1601642582000,59,58
1601642882000,59,57
1601643182000,58,60
1601643482000,58,61
1601643782000,60,63
1601644082000,58,62
1601644382000,0,0
1601644682000,59,60
1601644982000,64,45
1601645282000,69,29
1601645582000,64,43
1601645882000,65,34
1601646182000,63,41
1601646482000,62,46
1601646782000,61,50
1601647082000,59,60
1601647382000,58,63
1601647682000,59,50
1601647982000,59,52
1601648282000,59,55
1601648582000,60,49
1601648882000,60,47
1601649182000,57,52
1601649482000,57,55
1601649782000,57,58
1601650082000,56,64
1601650382000,56,62
1601650682000,59,59
1601650982000,58,67
1601651282000,59,64
1601651582000,59,75
1601651882000,58,74
1601652182000,60,66
1601652482000,59,67
1601652782000,60,60
1601653082000,62,50
1601653382000,63,50
1601653682000,64,40
1601653982000,64,37
1601654282000,64,43
1601654582000,65,47
1601654882000,69,41
1601655182000,72,37
1601655482000,70,36
1601655782000,70,47
1601656082000,67,38
1601656382000,67,47
1601656682000,68,43
1601656982000,0,0
1601657282000,72,28
1601722138000,0,0
1601722438000,60,57
1601722738000,60,54
1601723038000,60,52
1601723338000,62,48
1601723638000,62,47
1601723938000,63,45
1601724238000,63,46
1601724538000,64,48
1601724838000,65,38
1601725138000,67,34
1601725438000,70,19
1601725738000,68,26
1601726038000,69,25
1601726338000,68,26
1601726638000,66,33
1601726938000,62,36
1601727238000,61,40
1601727538000,61,45
1601727838000,61,40
1601728138000,60,46
1601728438000,59,47
1601728738000,60,42
1601729038000,59,49
1601729338000,60,47
1601729638000,60,46
1601729938000,64,39
1601730238000,66,32
1601730538000,64,40
1601730838000,65,42
1601731138000,62,47
1601731438000,62,42
1601731738000,62,40
1601732038000,61,40
1601732338000,61,45
1601732638000,60,46
1601732938000,59,49
1601733238000,59,55
1601733538000,59,60
1601733838000,57,72
1601734138000,56,63
1601734438000,57,60
1601734738000,59,60
1601735038000,58,60
1601735338000,62,47
1601735638000,64,51
1601735938000,64,48
1601736238000,64,48
1601736538000,64,48
1601736838000,62,45
1601737138000,62,43
1601737438000,63,49
1601737738000,63,44
1601738038000,64,42
1601738338000,62,43
1601738638000,63,36
1601738938000,64,42
1601739238000,0,0
1601739538000,0,0
1601739838000,0,0
1601740138000,65,31
1601740438000,66,26
1601740738000,69,22
1601741038000,67,28
1601741338000,68,26
1601741638000,68,23
1601741938000,70,20
1601742238000,68,24
1601742538000,69,29
1601742838000,69,27
1601743138000,69,28
1601743438000,69,25
1601743738000,68,33
1601744038000,65,30
1601744338000,67,35
1601744638000,0,0
1601744938000,0,0
1601745238000,0,0
1601745538000,0,0
1601812320000,0,0
1601812620000,58,82
1601812920000,58,43
1601813220000,59,38
1601813520000,59,39
1601813820000,59,40
1601814120000,59,41
1601814420000,60,45
1601814720000,65,37
1601815020000,67,31
1601815320000,67,30
1601815620000,67,28
1601815920000,66,29
1601816220000,66,31
1601816520000,65,33
1601816820000,64,41
1601817120000,64,37
1601817420000,64,36
1601817720000,64,37
1601818020000,61,31
1601818320000,61,37
1601818620000,62,37
1601818920000,67,29
1601819220000,65,32
1601819520000,68,32
1601819820000,66,36
1601820120000,64,30
1601820420000,63,41
1601820720000,63,38
1601821020000,63,36
1601821320000,62,42
1601821620000,62,40
1601821920000,60,53
1601822220000,59,52
1601822520000,59,54
1601822820000,59,57
1601823120000,59,52
1601823420000,59,55
1601823720000,61,58
1601824020000,59,49
1601824320000,60,51
1601824620000,59,44
1601824920000,58,49
1601825220000,58,49
1601825520000,58,54
1601825820000,58,54
1601826120000,59,50
1601826420000,58,56
1601826720000,59,53
1601827020000,62,56
1601827320000,60,54
1601827620000,62,41
1601827920000,61,53
1601828220000,61,53
1601828520000,59,54
1601828820000,59,54
1601829120000,59,45
1601829420000,59,48
1601829720000,60,48
1601830020000,60,42
1601830320000,59,47
1601830620000,59,47
1601830920000,62,49
1601831220000,61,42
1601831520000,61,43
1601831820000,61,47
1601832120000,62,43
1601832420000,63,44
1601832720000,69,48
1601897461000,75,21
1601897761000,68,36
1601898061000,66,38
1601898361000,66,36
1601898661000,65,36
1601898961000,65,34
1601899261000,65,33
1601899561000,65,34
1601899861000,64,34
1601900161000,65,34
1601900461000,64,35
1601900761000,65,34
1601901061000,65,34
1601901361000,67,31
1601901661000,68,27
1601901961000,67,26
1601902261000,67,33
1601902561000,66,28
1601902861000,65,32
1601903161000,65,32
1601903461000,66,28
1601903761000,65,29
1601904061000,64,32
1601904361000,65,29
1601904661000,66,27
1601904961000,64,32
1601905261000,64,32
1601905561000,66,26
1601905861000,66,28
1601906161000,65,32
1601906461000,63,39
1601906761000,61,42
1601907061000,61,44
1601907361000,60,48
1601907661000,60,49
1601907961000,62,46
1601908261000,64,43
1601908561000,63,42
1601908861000,64,43
1601909161000,60,46
1601909461000,62,41
1601909761000,63,42
1601910061000,61,50
1601910361000,63,52
1601910661000,62,48
1601910961000,63,39
1601911261000,62,39
1601911561000,64,37
1601911861000,62,41
1601912161000,61,45
1601912461000,61,50
1601912761000,65,36
1601913061000,68,31
1601913361000,0,0
1601980258000,0,0
1601980558000,0,0
1601980858000,0,0
1601981158000,66,45
1601981458000,65,53
1601981758000,64,60
1601982058000,65,65
1601982358000,65,76
1601982658000,64,56
1601982958000,66,40
1601983258000,64,41
1601983558000,66,42
1601983858000,70,24
1601984158000,70,25
1601984458000,72,21
1601984758000,71,20
1601985058000,70,31
1601985358000,71,21
1601985658000,69,29
1601985958000,69,32
1601986258000,69,31
1601986558000,68,35
1601986858000,67,31
1601987158000,66,33
1601987458000,65,38
1601987758000,64,43
1601988058000,63,41
1601988358000,64,39
1601988658000,63,43
1601988958000,62,46
1601989258000,0,0
1601989558000,62,34
1601989858000,62,37
1601990158000,61,41
1601990458000,61,41
1601990758000,61,44
1601991058000,0,0
1601991358000,59,52
1601991658000,59,54
1601991958000,59,53
1601992258000,60,66
1601992558000,64,46
1601992858000,63,59
1601993158000,62,53
1601993458000,62,65
1601993758000,61,49
1601994058000,60,42
1601994358000,61,44
1601994658000,64,57
1601994958000,59,59
1601995258000,61,50
1601995558000,60,56
1601995858000,60,57
1601996158000,59,59
1601996458000,63,50
1601996758000,62,43
1601997058000,63,52
1601997358000,63,43
1601997658000,64,48
1601997958000,65,43
1601998258000,60,52
1601998558000,62,57
1601998858000,68,42
1601999158000,70,40
1601999458000,72,43
1601999758000,70,47
1602063420000,0,0
1602063720000,71,18
1602064020000,71,17
1602064320000,72,15
1602064620000,73,15
1602064920000,74,14
1602065220000,75,18
1602065520000,74,16
1602065820000,75,16
1602066120000,76,13
1602066420000,75,16
1602066720000,73,16
1602067020000,70,17
1602067320000,70,19
1602067620000,71,17
1602067920000,70,18
1602068220000,69,19
1602068520000,68,21
1602068820000,68,20
1602069120000,68,22
1602069420000,67,22
1602069720000,68,22
1602070020000,74,14
1602070320000,76,13
1602070620000,73,17
1602070920000,71,18
1602071220000,70,19
1602071520000,67,31
1602071820000,66,26
1602072120000,66,28
1602072420000,66,27
1602072720000,66,28
1602073020000,66,31
1602073320000,67,27
1602073620000,65,43
1602073920000,63,38
1602074220000,65,32
1602074520000,66,30
1602074820000,65,35
1602075120000,64,39
1602075420000,63,42
1602075720000,66,40
1602076020000,66,36
1602076320000,65,38
1602076620000,66,41
1602076920000,65,42
1602077220000,64,37
1602077520000,67,27
1602077820000,64,28
1602078120000,63,36
1602078420000,62,32
1602078720000,62,34
1602079020000,62,35
1602079320000,64,35
1602079620000,63,37
1602079920000,66,29
1602080220000,68,26
1602080520000,68,28
1602080820000,68,30
1602081120000,69,28
1602081420000,70,26
1602081720000,72,30
1602082020000,65,38
1602082320000,64,37
1602082620000,64,40
1602082920000,0,0
1602083220000,69,30
1602083520000,71,25
1602083820000,71,21
1602084120000,70,20
1602084420000,71,29
1602084720000,0,0
1602085020000,69,25
1602085320000,68,29
1602085620000,70,29
1602085920000,72,22
1602086220000,72,25
1602086520000,74,19
1602146521000,0,0
1602146821000,0,0
1602147121000,0,0
1602147421000,72,25
1602147721000,69,24
1602148021000,68,25
1602148321000,67,23
1602148621000,68,22
1602148921000,67,22
1602149221000,67,23
1602149521000,67,23
1602149821000,67,25
1602150121000,67,26
1602150421000,68,22
1602150721000,72,17
1602151021000,66,34
1602151321000,66,26
1602151621000,65,28
1602151921000,63,33
1602152221000,63,33
1602152521000,64,36
1602152821000,64,35
1602153121000,64,38
1602153421000,64,40
1602153721000,63,42
1602154021000,63,43
1602154321000,62,43
1602154621000,68,29
1602154921000,67,32
1602155221000,69,32
1602155521000,65,33
1602155821000,64,30
1602156121000,63,34
1602156421000,0,0
1602156721000,60,40
1602157021000,59,47
1602157321000,60,45
1602157621000,61,45
1602157921000,61,57
1602158221000,63,48
1602158521000,64,44
1602158821000,66,32
1602159121000,64,39
1602159421000,63,48
1602159721000,62,49
1602160021000,62,47
1602160321000,61,60
1602160621000,62,51
1602160921000,63,48
1602161221000,61,46
1602161521000,61,45
1602161821000,60,50
1602162121000,59,53
1602162421000,58,54
1602162721000,58,55
1602163021000,58,54
1602163321000,58,56
1602163621000,58,66
1602163921000,58,64
1602164221000,59,75
1602164521000,57,80
1602164821000,58,67
1602165121000,58,62
1602165421000,60,71
1602165721000,62,64
1602238262000,0,0
1602238562000,0,0
1602238862000,0,0
1602239162000,67,50
1602239462000,65,43
1602239762000,65,39
1602240062000,65,36
1602240362000,65,38
1602240662000,65,37
1602240962000,65,35
1602241262000,65,31
1602241562000,66,30
1602241862000,66,31
1602242162000,65,31
1602242462000,65,30
1602242762000,65,30
1602243062000,70,17
1602243362000,66,31
1602243662000,66,22
1602243962000,65,26
1602244262000,64,33
1602244562000,64,30
1602244862000,62,38
1602245162000,61,43
1602245462000,61,47
1602245762000,63,41
1602246062000,63,36
1602246362000,63,31
1602246662000,62,36
1602246962000,60,43
1602247262000,61,42
1602247562000,64,33
1602247862000,66,42
1602248162000,66,30
1602248462000,67,28
1602248762000,69,26
1602249062000,67,30
1602249362000,66,35
1602249662000,65,37
1602249962000,65,34
1602250262000,65,36
1602250562000,62,40
1602250862000,61,44
1602251162000,59,56
1602251462000,60,50
1602251762000,60,50
1602252062000,63,58
1602252362000,62,49
1602252662000,63,49
1602252962000,63,49
1602253262000,63,54
1602253562000,63,59
1602253862000,65,45
1602254162000,69,28
1602254462000,68,44
1602254762000,63,53
1602255062000,61,64
1602255362000,72,31
1602317939000,0,0
1602318239000,0,0
1602318539000,0,0
1602318839000,0,0
1602319139000,68,31
1602319439000,67,28
1602319739000,68,24
1602320039000,68,22
1602320339000,68,22
1602320639000,68,21
1602320939000,68,26
1602321239000,68,18
1602321539000,67,20
1602321839000,69,19
1602322139000,73,14
1602322439000,78,13
1602322739000,75,18
1602323039000,77,15
1602323339000,72,24
1602323639000,76,15
1602323939000,75,17
1602324239000,73,17
1602324539000,71,22
1602324839000,67,31
1602325139000,65,36
1602325439000,63,37
1602325739000,63,35
1602326039000,62,34
1602326339000,62,39
1602326639000,62,43
1602326939000,62,45
1602327239000,62,45
1602327539000,62,45
1602327839000,62,45
1602328139000,62,45
1602328439000,61,51
1602328739000,62,52
1602329039000,62,39
1602329339000,63,36
1602329639000,63,37
1602329939000,64,35
1602330239000,63,35
1602330539000,63,37
1602330839000,63,43
1602331139000,63,40
1602331439000,63,40
1602331739000,63,41
1602332039000,64,45
1602332339000,67,31
1602332639000,67,29
1602332939000,66,36
1602333239000,62,48
1602333539000,62,53
1602333839000,61,49
1602334139000,61,47
1602334439000,60,44
1602334739000,59,43
1602335039000,60,54
1602335339000,59,58
1602335639000,59,55
1602335939000,59,60
1602336239000,58,60
1602336539000,58,61
1602336839000,59,60
1602337139000,59,62
1602337439000,61,58
1602337739000,60,53
1602338039000,59,64
1602338339000,59,68
1602338639000,59,61
1602338939000,59,63
1602339239000,59,56
1602339539000,59,57
1602339839000,59,59
1602340139000,58,64
1602340439000,59,68
1602340739000,59,53
1602341039000,61,54
1602341339000,63,50
1602341639000,65,46
1602341939000,62,61
1602342239000,59,66
1602342539000,57,80
1602342839000,62,62
1602343139000,59,79
1602343439000,59,68
1602343739000,59,61
1602344039000,62,72
1602344339000,64,40
1602344639000,63,46
1602344939000,59,51
1602345239000,61,46
1602345539000,61,40
1602345839000,62,41
1602346139000,62,52
1602346439000,61,52
1602346739000,64,46
1602347039000,63,52
1602347339000,62,53
1602347639000,65,45
1602347939000,63,50
1602348239000,64,44
1602348539000,64,45
1602348839000,64,42
1602349139000,67,43
1602349439000,64,40
1602349739000,65,37
1602350039000,65,37
1602350339000,0,0
1602350639000,67,36
1602350939000,66,36
1602406321000,0,0
1602406621000,0,0
1602406921000,0,0
1602407221000,62,50
1602407521000,61,52
1602407821000,60,56
1602408121000,60,55
1602408421000,59,66
1602408721000,59,72
1602409021000,60,49
1602409321000,60,52
1602409621000,63,40
1602409921000,64,42
1602410221000,64,38
1602410521000,63,38
1602410821000,62,42
1602411121000,62,45
1602411421000,61,51
1602411721000,59,56
1602412021000,61,58
1602412321000,58,50
1602412621000,57,49
1602412921000,57,51
1602413221000,56,60
1602413521000,56,56
1602413821000,57,58
1602414121000,63,50
1602414421000,62,49
1602414721000,64,42
1602415021000,64,40
1602415321000,62,46
1602415621000,61,53
1602415921000,60,51
1602416221000,59,49
1602416521000,58,54
1602416821000,57,61
1602417121000,56,68
1602417421000,56,71
1602417721000,56,71
1602418021000,56,69
1602418321000,56,74
1602418621000,56,74
1602418921000,58,65
1602419221000,54,68
1602419521000,55,84
1602419821000,56,80
1602420121000,56,69
1602420421000,57,73
1602420721000,58,69
1602421021000,59,63
1602421321000,58,58
1602421621000,57,67
1602421921000,57,65
1602422221000,58,59
1602422521000,59,55
1602422821000,57,50
1602423121000,56,50
1602423421000,60,52
1602423721000,57,53
1602424021000,56,56
1602424321000,56,56
1602424621000,57,60
1602424921000,59,53
1602425221000,58,50
1602425521000,58,57
1602425821000,56,62
1602426121000,55,68
1602426421000,57,63
1602426721000,0,0
1602427021000,0,0
1602427321000,0,0
1602427621000,61,62
1602427921000,58,62
1602428221000,55,72
1602428521000,59,61
1602428821000,60,51
1602429121000,61,54
1602429421000,59,50
1602429721000,61,49
1602430021000,61,47
1602430321000,62,45
1602430621000,62,39
1602430921000,61,43
1602431221000,62,39
1602431521000,63,32
1602431821000,66,36
1602432121000,62,40
1602432421000,64,41
1602432721000,64,42
1602433021000,63,45
1602433321000,62,50
1602433621000,62,54
1602433921000,63,44
1602434221000,63,40
1602434521000,63,39
1602434821000,62,45
1602435121000,63,43
1602435421000,64,42
1602495722000,0,0
1602496022000,0,0
1602496322000,0,0
1602496622000,0,0
1602496922000,80,15
1602497222000,80,17
1602497522000,82,14
1602497822000,79,18
1602498122000,78,19
1602498422000,77,24
1602498722000,75,26
1602499022000,74,23
1602499322000,75,21
1602499622000,74,19
1602499922000,74,24
1602500222000,72,22
1602500522000,74,15
1602500822000,73,22
1602501122000,74,17
1602501422000,74,18
1602501722000,74,19
1602502022000,73,23
1602502322000,71,29
1602502622000,68,41
1602502922000,67,41
1602503222000,66,38
1602503522000,65,44
1602503822000,64,50
1602504122000,64,53
1602504422000,64,52
1602504722000,63,57
1602505022000,62,57
1602505322000,61,61
1602505622000,61,54
1602505922000,65,42
1602506222000,68,41
1602506522000,66,38
1602506822000,62,55
1602507122000,64,61
1602507422000,64,51
1602507722000,65,51
1602508022000,64,56
1602508322000,63,53
1602508622000,63,51
1602508922000,73,47
1602509222000,71,39
1602509522000,68,41
1602509822000,67,34
1602510122000,66,42
1602510422000,63,45
1602510722000,64,39
1602511022000,67,36
1602511322000,68,37
1602511622000,67,36
1602511922000,66,39
1602512222000,67,42
1602512522000,70,28
1602512822000,72,27
1602513122000,0,0
1602513422000,69,35
1602513722000,76,24
1602514022000,66,36
1602514322000,66,37
1602514622000,68,35
1602514922000,67,39
1602515222000,68,33
1602515522000,70,34
1602515822000,67,35
1602516122000,68,31
1602516422000,71,33
1602516722000,68,34
1602517022000,68,33
1602517322000,71,31
1602517622000,71,35
1602517922000,67,39
1602518222000,65,43
1602518522000,66,42
1602518822000,69,38
1602519122000,69,48
1602519422000,69,45
1602519722000,69,38
1602520022000,68,32
1602520322000,70,40
1602520622000,66,39
1602520922000,69,34
1602521222000,69,34
1602521522000,74,29
1602521822000,80,26
1602585478000,0,0
1602585778000,69,39
1602586078000,68,32
1602586378000,68,34
1602586678000,66,39
1602586978000,66,37
1602587278000,66,36
1602587578000,67,35
1602587878000,66,37
1602588178000,69,36
1602588478000,67,34
1602588778000,68,25
1602589078000,67,31
1602589378000,66,28
1602589678000,65,30
1602589978000,65,29
1602590278000,65,32
1602590578000,65,29
1602590878000,65,37
1602591178000,64,32
1602591478000,63,35
1602591778000,63,32
1602592078000,63,32
1602592378000,63,33
1602592678000,63,34
1602592978000,66,31
1602593278000,75,17
1602593578000,72,19
1602593878000,71,20
1602594178000,70,28
1602594478000,66,31
1602594778000,66,32
1602595078000,64,33
1602595378000,64,33
1602595678000,64,33
1602595978000,63,36
1602596278000,63,34
1602596578000,63,38
1602596878000,65,46
1602597178000,63,34
1602597478000,63,34
1602597778000,63,44
1602598078000,62,40
1602598378000,0,0
1602598678000,0,0
1602598978000,0,0
1602599278000,62,43
1602599578000,0,0
1602599878000,62,46
1602600178000,63,48
1602600478000,63,42
1602600778000,65,42
1602601078000,63,49
1602601378000,62,41
1602601678000,63,37
1602601978000,62,45
1602602278000,63,36
1602602578000,63,45
1602602878000,63,40
1602603178000,63,41
1602603478000,63,40
1602603778000,63,53
1602604078000,62,54
1602604378000,62,43
1602604678000,62,49
1602604978000,62,55
1602605278000,64,48
1602605578000,63,51
1602750962000,0,0
1602751262000,0,0
1602751562000,70,37
1602751862000,71,35
1602752162000,69,38
1602752462000,66,32
1602752762000,65,32
1602753062000,65,28
1602753362000,65,27
1602753662000,66,26
1602753962000,66,24
1602754262000,66,21
1602754562000,66,24
1602754862000,71,16
1602755162000,73,15
1602755462000,74,14
1602755762000,77,14
1602756062000,73,16
1602756362000,70,24
1602756662000,73,18
1602756962000,71,18
1602757262000,70,24
1602757562000,68,20
1602757862000,67,23
1602758162000,68,23
1602758462000,69,29
1602758762000,65,30
1602759062000,64,32
1602759362000,63,34
1602759662000,63,35
1602759962000,63,38
1602760262000,63,36
1602760562000,63,38
1602760862000,63,34
1602761162000,63,37
1602761462000,62,38
1602761762000,62,39
1602762062000,61,39
1602762362000,61,41
1602762662000,63,39
1602762962000,66,31
1602763262000,66,32
1602763562000,65,35
1602763862000,64,43
1602764162000,63,40
1602764462000,62,39
1602764762000,63,38
1602765062000,62,48
1602765362000,61,41
1602765662000,61,44
1602765962000,67,51
1602766262000,61,45
1602766562000,61,44
1602766862000,62,44
1602767162000,59,49
1602767462000,58,50
1602767762000,60,61
1602768062000,61,62
1602768362000,61,58
1602768662000,62,53
1602768962000,63,56
1602769262000,60,50
1602769562000,60,55
1602769862000,59,71
1602770162000,61,61
1602770462000,63,67
1602770762000,62,50
1602771062000,62,52
1602771362000,62,57
1602771662000,63,49
1602771962000,62,43
1602772262000,61,42
1602772562000,58,54
1602772862000,60,53
1602773162000,61,43
1602773462000,62,40
1602773762000,63,39
1602774062000,63,54
1602774362000,64,41
1602774662000,64,44
1602774962000,63,54
1602775262000,63,51
1602775562000,66,42
1602775862000,65,41
1602776162000,65,39
1602776462000,66,35
1602776762000,69,31
1602777062000,67,35
1602777362000,0,0
1602777662000,69,30
1602777962000,68,34
1602778262000,67,37
1602778562000,67,32
1602778862000,67,35
1602779162000,68,33
1602779462000,75,36
1602779762000,75,26
1602780062000,74,25
1602780362000,74,26
1602780662000,0,0
1602841996000,0,0
1602842296000,68,35
1602842596000,66,34
1602842896000,64,34
1602843196000,64,34
1602843496000,64,32
1602843796000,64,30
1602844096000,64,30
1602844396000,64,29
1602844696000,64,33
1602844996000,64,31
1602845296000,65,27
1602845596000,66,26
1602845896000,67,24
1602846196000,66,26
1602846496000,64,31
1602846796000,69,33
1602847096000,63,36
1602847396000,60,37
1602847696000,59,47
1602847996000,59,50
1602848296000,58,50
1602848596000,58,56
1602848896000,58,55
1602849196000,58,59
1602849496000,57,58
1602849796000,57,59
1602850096000,61,43
1602850396000,62,46
1602850696000,67,34
1602850996000,64,40
1602851296000,62,48
1602851596000,60,52
1602851896000,59,50
1602852196000,60,55
1602852496000,58,65
1602852796000,57,65
1602853096000,56,67
1602853396000,61,67
1602853696000,62,45
1602853996000,61,47
1602854296000,60,46
1602854596000,60,47
1602854896000,61,48
1602855196000,59,50
1602855496000,58,55
1602855796000,59,58
1602856096000,62,52
1602856396000,62,51
1602856696000,63,50
1602856996000,61,55
1602857296000,60,57
1602857596000,60,53
1602857896000,61,60
1602858196000,60,54
1602858496000,61,57
1602858796000,0,0
1602859096000,61,51
1602859396000,62,46
1602859696000,63,38
1602859996000,61,48
1602860296000,61,47
1602860596000,64,48
1602860896000,62,41
1602861196000,64,39
1602861496000,63,43
1602861796000,64,39
1602862096000,67,36
1602862396000,68,34
1602862696000,64,30
1602862996000,65,46
1602863296000,67,36
1602863596000,67,40
1602929460000,0,0
1602929760000,0,0
1602930060000,82,18
1602930360000,80,17
1602930660000,81,17
1602930960000,81,18
1602931260000,81,17
1602931560000,82,17
1602931860000,82,17
1602932160000,83,17
1602932460000,83,17
1602932760000,82,18
1602933060000,87,12
1602933360000,88,9
1602933660000,87,12
1602933960000,85,16
1602934260000,81,13
1602934560000,81,13
1602934860000,82,17
1602935160000,79,18
1602935460000,75,21
1602935760000,74,28
1602936060000,73,26
1602936360000,72,27
1602936660000,73,28
1602936960000,73,33
1602937260000,75,23
1602937560000,80,15
1602937860000,89,8
1602938160000,81,12
1602938460000,78,19
1602938760000,76,20
1602939060000,74,28
1602939360000,75,31
1602939660000,77,25
1602939960000,77,22
1602940260000,78,20
1602940560000,77,21
1602940860000,79,19
1602941160000,78,21
1602941460000,77,22
1602941760000,76,25
1602942060000,76,29
1602942360000,74,33
1602942660000,77,19
1602942960000,83,16
1602943260000,81,19
1602943560000,81,29
1602943860000,79,26
1602944160000,81,17
1602944460000,79,21
1602944760000,79,23
1602945060000,73,24
1602945360000,75,23
1602945660000,74,26
1602945960000,75,23
1602946260000,76,29
1602946560000,78,23
1602946860000,79,21
1602947160000,78,20
1602947460000,79,22
1602947760000,76,27
1602948060000,76,26
1602948360000,78,26
1602948660000,70,40
1602948960000,71,36
1602949260000,73,30
1602949560000,72,36
1602949860000,71,37
1602950160000,71,36
1602950460000,69,42
1602950760000,72,38
1602951060000,73,31
1602951360000,72,31
1602951660000,73,32
1602951960000,73,34
1602952260000,74,31
1602952560000,74,33
1602952860000,73,31
1602953160000,71,35
1602953460000,72,30
1602953760000,72,32
1602954060000,72,32
1602954360000,79,35
1602954660000,75,41
1603012023000,0,0
1603012323000,61,51
1603012623000,64,50
1603012923000,67,42
1603013223000,66,34
1603013523000,67,31
1603013823000,69,27
1603014123000,71,20
1603014423000,68,24
1603014723000,69,24
1603015023000,69,21
1603015323000,69,24
1603015623000,69,24
1603015923000,69,25
1603016223000,70,24
1603016523000,69,19
1603016823000,69,18
1603017123000,67,24
1603017423000,67,26
1603017723000,68,25
1603018023000,66,22
1603018323000,66,23
1603018623000,65,23
1603018923000,65,25
1603019223000,65,28
1603019523000,67,35
1603019823000,64,40
1603020123000,67,28
1603020423000,68,32
1603020723000,70,26
1603021023000,65,35
1603021323000,64,34
1603021623000,65,29
1603021923000,64,33
1603022223000,65,34
1603022523000,64,35
1603022823000,63,31
1603023123000,63,36
1603023423000,63,35
1603023723000,64,37
1603024023000,64,35
1603024323000,64,34
1603024623000,64,35
1603024923000,62,35
1603025223000,62,39
1603025523000,61,40
1603025823000,61,41
1603026123000,60,39
1603026423000,60,42
1603026723000,60,45
1603027023000,62,39
1603027323000,63,55
1603027623000,63,47
1603027923000,62,47
1603028223000,62,51
1603028523000,62,53
1603028823000,61,55
1603029123000,61,50
1603029423000,61,50
1603029723000,66,44
1603030023000,63,43
1603030323000,63,44
1603030623000,63,41
1603030923000,62,50
1603031223000,62,47
1603031523000,0,0
1603031823000,62,46
1603032123000,62,49
1603032423000,62,49
1603032723000,63,51
1603033023000,64,46
1603033323000,0,0
1603033623000,64,44
1603033923000,65,40
1603034223000,61,57
1603034523000,61,45
1603034823000,63,47
1603035123000,66,41
1603035423000,65,34
1603035723000,65,37
1603036023000,69,30
1603036323000,68,30
1603036623000,0,0
1603036923000,77,22
1603097459000,0,0
1603097759000,70,40
1603098059000,69,34
1603098359000,70,34
1603098659000,67,35
1603098959000,65,39
1603099259000,65,36
1603099559000,66,32
1603099859000,66,33
1603100159000,72,24
1603100459000,70,20
1603100759000,70,19
1603101059000,70,18
1603101359000,74,13
1603101659000,74,15
1603101959000,76,13
1603102259000,77,14
1603102559000,78,13
1603102859000,74,16
1603103159000,74,15
1603103459000,75,17
1603103759000,72,25
1603104059000,69,20
1603104359000,71,18
1603104659000,69,19
1603104959000,68,22
1603105259000,68,24
1603105559000,67,29
1603105859000,67,28
1603106159000,68,24
1603106459000,67,28
1603106759000,67,31
1603107059000,66,29
1603107359000,66,34
1603107659000,68,33
1603107959000,69,24
1603108259000,71,19
1603108559000,71,19
1603108859000,68,25
1603109159000,70,23
1603109459000,68,32
1603109759000,67,37
1603110059000,68,34
1603110359000,67,34
1603110659000,65,35
1603110959000,63,42
1603111259000,63,41
1603111559000,62,37
1603111859000,64,40
1603112159000,65,44
1603112459000,65,38
1603112759000,69,39
1603113059000,69,23
1603113359000,69,30
1603113659000,69,29
1603113959000,68,28
1603114259000,68,37
1603114559000,67,31
1603114859000,66,39
1603115159000,66,36
1603115459000,64,37
1603115759000,64,40
1603116059000,64,48
1603116359000,64,48
1603116659000,60,51
1603116959000,59,51
1603117259000,60,57
1603117559000,59,56
1603117859000,0,0
1603118159000,63,51
1603118459000,63,53
1603118759000,63,51
1603119059000,69,42
1603119359000,64,51
1603119659000,0,0
1603119959000,67,34
1603120259000,67,36
1603120559000,66,37
1603120859000,65,39
1603121159000,67,36
1603121459000,0,0
1603121759000,62,49
1603122059000,63,53
1603122359000,0,0
1603183380000,0,0
1603183680000,0,0
1603183980000,0,0
1603184280000,0,0
1603184580000,74,30
1603184880000,73,31
1603185180000,74,32
1603185480000,74,34
1603185780000,77,25
1603186080000,73,33
1603186380000,72,34
1603186680000,73,32
1603186980000,73,38
1603187280000,72,45
1603187580000,65,44
1603187880000,67,38
1603188180000,70,28
1603188480000,70,32
1603188780000,69,36
1603189080000,67,43
1603189380000,67,45
1603189680000,67,45
1603189980000,67,43
1603190280000,67,45
1603190580000,68,44
1603190880000,63,49
1603191180000,63,49
1603191480000,63,49
1603191780000,62,52
1603192080000,61,64
1603192380000,61,64
1603192680000,61,62
1603192980000,60,67
1603193280000,60,67
1603193580000,60,70
1603193880000,60,67
1603194180000,62,64
1603194480000,63,59
1603194780000,66,55
1603195080000,66,51
1603195380000,65,58
1603195680000,64,56
1603195980000,64,54
1603196280000,0,0
1603196580000,63,54
1603196880000,61,59
1603197180000,62,60
1603197480000,63,56
1603197780000,64,48
1603198080000,64,58
1603198380000,62,61
1603198680000,61,66
1603198980000,61,67
1603199280000,59,76
1603199580000,59,63
1603199880000,62,58
1603200180000,63,55
1603200480000,62,55
1603200780000,63,58
1603201080000,65,52
1603201380000,67,44
1603201680000,66,51
1603201980000,64,48
1603202280000,63,54
1603202580000,66,49
1603202880000,64,52
1603203180000,62,62
1603203480000,61,65
1603203780000,60,66
1603204080000,60,73
1603204380000,0,0
1603204680000,58,71
1603204980000,59,70
1603205280000,59,80
1603274942000,0,0
1603275242000,0,0
1603275542000,0,0
1603275842000,69,39
1603276142000,68,34
1603276442000,69,29
1603276742000,70,23
1603277042000,71,19
1603277342000,72,18
1603277642000,71,20
1603277942000,72,18
1603278242000,74,23
1603278542000,70,23
1603278842000,70,21
1603279142000,69,20
1603279442000,69,22
1603279742000,68,23
1603280042000,67,28
1603280342000,66,32
1603280642000,65,34
1603280942000,65,34
1603281242000,65,38
1603281542000,66,35
1603281842000,65,39
1603282142000,72,18
1603282442000,74,20
1603282742000,72,19
1603283042000,72,21
1603283342000,69,28
1603283642000,68,32
1603283942000,68,30
1603284242000,66,37
1603284542000,65,42
1603284842000,67,46
1603285142000,65,38
1603285442000,64,39
1603285742000,63,42
1603286042000,62,47
1603286342000,62,47
1603286642000,62,47
1603286942000,62,55
1603287242000,69,28
1603287542000,67,35
1603287842000,71,29
1603288142000,65,44
1603288442000,64,49
1603288742000,65,48
1603289042000,71,31
1603289342000,67,45
1603289642000,66,46
1603289942000,66,43
1603290242000,67,44
1603290542000,66,46
1603290842000,0,0
1603291142000,64,54
1603291442000,65,50
1603291742000,64,62
1603292042000,64,58
1603292342000,65,53
1603367339000,0,0
1603367639000,67,34
1603367939000,64,35
1603368239000,65,31
1603368539000,65,29
1603368839000,65,29
1603369139000,67,28
1603369439000,67,24
1603369739000,67,22
1603370039000,68,24
1603370339000,68,21
1603370639000,74,14
1603370939000,75,15
1603371239000,76,16
1603371539000,75,16
1603371839000,73,19
1603372139000,71,23
1603372439000,70,17
1603372739000,69,20
1603373039000,68,24
1603373339000,68,24
1603373639000,68,26
1603373939000,69,29
1603374239000,68,23
1603374539000,68,29
1603374839000,66,27
1603375139000,67,34
1603375439000,69,36
1603375739000,70,23
1603376039000,70,24
1603376339000,70,25
1603376639000,68,32
1603376939000,69,28
1603377239000,0,0
1603377539000,69,33
1603377839000,68,28
1603378139000,62,35
1603378439000,61,32
1603378739000,61,43
1603379039000,0,0
1603379339000,64,42
1603379639000,65,41
1603379939000,65,38
1603380239000,66,38
1603380539000,66,44
1603380839000,64,44
1603381139000,64,45
1603381439000,69,31
1603381739000,65,50
1603382039000,64,49
1603382339000,64,43
1603382639000,75,34
1603447619000,83,18
1603447919000,0,0
1603448219000,0,0
1603448519000,77,27
1603448819000,76,26
1603449119000,76,25
1603449419000,77,24
1603449719000,76,31
1603450019000,76,34
1603450319000,74,31
1603450619000,75,39
1603450919000,75,38
1603451219000,74,42
1603451519000,74,31
1603451819000,80,15
1603452119000,78,20
1603452419000,78,19
1603452719000,76,21
1603453019000,74,23
1603453319000,72,30
1603453619000,71,33
1603453919000,73,42
1603454219000,71,34
1603454519000,72,33
1603454819000,72,36
1603455119000,71,37
1603455419000,70,46
1603455719000,69,41
1603456019000,69,43
1603456319000,68,45
1603456619000,71,37
1603456919000,79,15
1603457219000,76,24
1603457519000,73,32
1603457819000,72,45
1603458119000,67,43
1603458419000,67,47
1603458719000,65,53
1603459019000,64,56
1603459319000,64,60
1603459619000,63,63
1603459919000,64,66
1603460219000,63,63
1603460519000,60,65
1603460819000,60,84
1603461119000,63,67
1603461419000,62,57
1603461719000,63,61
1603462019000,63,57
1603462319000,63,57
1603462619000,64,53
1603462919000,67,50
1603463219000,68,55
1603463519000,66,50
1603463819000,68,48
1603464119000,65,57
1603464419000,63,47
1603464719000,63,45
1603465019000,64,44
1603465319000,0,0
1603539122000,0,0
1603539422000,0,0
1603539722000,0,0
1603540022000,64,67
1603540322000,62,93
1603540622000,62,68
1603540922000,63,66
1603541222000,61,66
1603541522000,61,61
1603541822000,61,56
1603542122000,67,43
1603542422000,71,29
1603542722000,70,37
1603543022000,68,45
1603543322000,71,31
1603543622000,70,36
1603543922000,68,47
1603544222000,70,36
1603544522000,69,38
1603544822000,71,34
1603545122000,71,27
1603545422000,69,41
1603545722000,67,42
1603546022000,66,45
1603546322000,65,47
1603546622000,65,40
1603546922000,64,43
1603547222000,64,41
1603547522000,65,36
1603547822000,67,35
1603548122000,66,48
1603548422000,65,39
1603548722000,65,44
1603549022000,65,35
1603549322000,65,36
1603549622000,66,41
1603549922000,0,0
1603550222000,64,48
1603550522000,66,40
1603550822000,64,47
1603551122000,63,48
1603551422000,64,45
1603551722000,62,53
1603552022000,61,48
1603552322000,61,42
1603552622000,62,56
1603552922000,62,46
1603553222000,63,46
1603553522000,65,43
1603553822000,65,44
1603554122000,66,47
1603554422000,63,49
1603554722000,62,49
1603555022000,62,54
1603555322000,62,50
1603555622000,64,49
1603555922000,64,42
1603556222000,65,35
1603556522000,65,33
1603556822000,65,39
1603557122000,64,42
1603557422000,65,43
1603557722000,64,39
1603558022000,63,41
1603558322000,63,45
1603558622000,63,41
1603558922000,65,48
1603559222000,64,49
1603559522000,65,49
1603559822000,65,51
1603560122000,65,50
1603560422000,68,45
1603606018000,72,53
1603606318000,73,36
1603606618000,73,33
1603606918000,74,30
1603607218000,74,34
1603607518000,75,34
1603607818000,0,0
1603608118000,75,34
1603608418000,75,31
1603608718000,75,28
1603609018000,0,0
1603609318000,73,34
1603609618000,0,0
1603609918000,0,0
1603610218000,0,0
1603610518000,74,39
1603610818000,73,43
1603611118000,0,0
1603611418000,0,0
1603611718000,73,32
1603612018000,71,41
1603612318000,71,35
1603612618000,70,33
1603612918000,70,35
1603613218000,74,29
1603613518000,75,25
1603613818000,73,39
1603614118000,73,50
1603614418000,71,46
1603614718000,70,48
1603615018000,69,45
1603615318000,69,46
1603615618000,72,45
1603615918000,70,47
1603616218000,70,38
1603616518000,69,42
1603616818000,71,47
1603617118000,71,41
1603617418000,68,39
1603617718000,69,52
1603618018000,67,58
1603618318000,67,45
1603618618000,72,49
1603618918000,0,0
1603619218000,0,0
1603619518000,0,0
1603619818000,0,0
1603620118000,0,0
1603620418000,0,0
1603620718000,71,36
1603621018000,70,51
1603621318000,69,44
1603621618000,69,50
1603621918000,0,0
1603622218000,0,0
1603622518000,0,0
1603622818000,69,33
1603623118000,70,37
1603623418000,75,27
1603623718000,73,21
1603624018000,71,22
1603624318000,71,25
1603624618000,70,27
1603624918000,70,26
1603625218000,69,26
1603625518000,77,14
1603625818000,75,16
1603626118000,80,15
1603626418000,77,20
1603626718000,71,26
1603627018000,71,27
1603627318000,71,31
1603627618000,72,27
1603627918000,70,34
1603628218000,70,33
1603628518000,71,28
1603628818000,71,34
1603629118000,69,33
1603629418000,68,38
1603629718000,68,41
1603630018000,68,37
1603630318000,67,45
1603630618000,66,49
1603630918000,65,47
1603631218000,66,45
1603631518000,65,51
1603631818000,65,42
1603632118000,68,37
1603632418000,66,46
1603632718000,66,45
1603633018000,67,43
1603633318000,66,44
1603633618000,68,45
1603633918000,66,46
1603634218000,67,45
1603634518000,65,49
1603634818000,63,57
1603635118000,63,51
1603635418000,62,54
1603635718000,61,62
1603636018000,61,61
1603636318000,0,0
1603636618000,66,49
1603636918000,65,52
1603637218000,66,53
1603637518000,66,42
1603637818000,69,40
1603638118000,63,58
1603638418000,61,63
1603638718000,62,61
1603639018000,61,58
1603639318000,62,57
1603639618000,64,49
1603639918000,64,49
1603640218000,63,49
1603640518000,64,42
1603640818000,63,45
1603641118000,63,37
1603641418000,64,40
1603641718000,64,42
1603642018000,65,44
1603642318000,68,42
1603642618000,66,38
1603642918000,65,45
1603643218000,68,36
1603643518000,67,33
1603643818000,71,36
1603644118000,70,45
1603644418000,69,40
1603644718000,71,42
1603645018000,69,40
1603645318000,68,41
1603645618000,67,36
1603645918000,67,39
1603646218000,67,32
1603701180000,0,0
1603701480000,0,0
1603701780000,81,27
1603702080000,77,26
1603702380000,74,27
1603702680000,73,24
1603702980000,72,26
1603703280000,72,26
1603703580000,71,27
1603703880000,71,27
1603704180000,72,22
1603704480000,72,25
1603704780000,73,24
1603705080000,74,24
1603705380000,0,0
1603705680000,80,26
1603705980000,79,22
1603706280000,80,20
1603706580000,81,17
1603706880000,81,19
1603707180000,80,20
1603707480000,80,19
1603707780000,80,24
1603708080000,80,22
1603708380000,83,15
1603708680000,81,21
1603708980000,0,0
1603709280000,0,0
1603709580000,72,29
1603709880000,83,22
1603710180000,85,32
1603710480000,82,20
1603710780000,82,19
1603711080000,80,19
1603711380000,79,20
1603711680000,77,22
1603711980000,76,24
1603712280000,73,33
1603712580000,69,40
1603712880000,67,39
1603713180000,67,45
1603713480000,67,47
1603713780000,67,47
1603714080000,66,50
1603714380000,67,49
1603714680000,67,50
1603714980000,66,51
1603715280000,69,42
1603715580000,70,35
1603715880000,69,40
1603716180000,0,0
1603716480000,68,45
1603716780000,68,43
1603717080000,66,45
1603717380000,65,50
1603717680000,64,54
1603717980000,66,50
1603718280000,66,47
1603718580000,66,49
1603718880000,65,47
1603719180000,67,43
1603719480000,64,48
1603719780000,63,50
1603720080000,63,52
1603720380000,63,52
1603720680000,0,0
1603720980000,71,66
1603721280000,0,0
1603791961000,70,44
1603792261000,70,43
1603792561000,68,44
1603792861000,69,44
1603793161000,68,48
1603793461000,67,49
1603793761000,66,53
1603794061000,65,58
1603794361000,65,55
1603794661000,73,31
1603794961000,73,30
1603795261000,78,19
1603795561000,70,38
1603795861000,68,43
1603796161000,67,51
1603796461000,65,61
1603796761000,63,53
1603797061000,62,64
1603797361000,61,61
1603797661000,60,70
1603797961000,61,71
1603798261000,60,72
1603798561000,60,73
1603798861000,68,43
1603799161000,66,47
1603799461000,66,48
1603799761000,63,64
1603800061000,61,69
1603800361000,61,76
1603800661000,61,70
1603800961000,62,73
1603801261000,62,73
1603801561000,62,71
1603801861000,62,72
1603802161000,58,83
1603802461000,57,89
1603802761000,57,90
1603803061000,57,85
1603803361000,57,84
1603803661000,57,91
1603803961000,56,100
1603804261000,59,81
1603804561000,68,34
1603804861000,67,51
1603805161000,64,57
1603805461000,60,75
1603805761000,58,98
1603806061000,58,79
1603806361000,58,86
1603806661000,58,87
1603806961000,59,84
1603807261000,60,71
1603807561000,61,63
1603807861000,60,70
1603808161000,60,68
1603808461000,59,77
1603808761000,60,79
1603809061000,58,81
1603809361000,56,90
1603809661000,61,86
1603809961000,60,86
1603810261000,62,73
1603810561000,61,76
1603810861000,60,86
1603811161000,59,90
1603811461000,61,82
1603811761000,59,75
1603812061000,59,80
1603812361000,59,85
1603812661000,60,89
1603812961000,60,72
1603813261000,61,67
1603813561000,61,71
1603813861000,0,0
1603877883000,0,0
1603878183000,0,0
1603878483000,74,43
1603878783000,72,43
1603879083000,70,41
1603879383000,70,41
1603879683000,71,39
1603879983000,71,40
1603880283000,72,40
1603880583000,72,38
1603880883000,72,35
1603881183000,73,33
1603881483000,82,14
1603881783000,80,17
1603882083000,78,25
1603882383000,78,22
1603882683000,75,31
1603882983000,73,32
1603883283000,72,36
1603883583000,71,37
1603883883000,71,35
1603884183000,70,40
1603884483000,69,47
1603884783000,70,53
1603885083000,70,39
1603885383000,72,32
1603885683000,71,37
1603885983000,68,49
1603886283000,75,28
1603886583000,75,19
1603886883000,73,32
1603887183000,71,34
1603887483000,71,36
1603887783000,71,38
1603888083000,72,41
1603888383000,70,39
1603888683000,70,43
1603888983000,73,34
1603889283000,67,46
1603889583000,66,49
1603889883000,65,52
1603890183000,64,57
1603890483000,66,55
1603890783000,66,50
1603891083000,66,48
1603891383000,67,50
1603891683000,69,51
1603891983000,67,54
1603892283000,66,56
1603892583000,65,60
1603892883000,64,59
1603893183000,63,55
1603893483000,64,57
1603893783000,63,64
1603894083000,63,50
1603894383000,64,51
1603894683000,69,41
1603894983000,71,29
1603895283000,78,19
1603895583000,0,0
1603895883000,0,0
1603896183000,78,33
1603963678000,0,0
1603963978000,77,28
1603964278000,75,35
1603964578000,74,38
1603964878000,74,33
1603965178000,74,32
1603965478000,75,31
1603965778000,76,27
1603966078000,76,25
1603966378000,76,24
1603966678000,76,24
1603966978000,83,16
1603967278000,84,14
1603967578000,80,22
1603967878000,78,21
1603968178000,77,20
1603968478000,77,19
1603968778000,77,21
1603969078000,77,20
1603969378000,75,28
1603969678000,75,26
1603969978000,75,24
1603970278000,78,23
1603970578000,81,15
1603970878000,78,24
1603971178000,77,19
1603971478000,86,13
1603971778000,83,17
1603972078000,74,27
1603972378000,75,28
1603972678000,75,26
1603972978000,75,25
1603973278000,73,26
1603973578000,74,27
1603973878000,74,29
1603974178000,75,31
1603974478000,75,29
1603974778000,75,26
1603975078000,76,20
1603975378000,73,25
1603975678000,72,29
1603975978000,72,29
1603976278000,72,27
1603976578000,71,30
1603976878000,72,28
1603977178000,72,26
1603977478000,72,29
1603977778000,72,24
1603978078000,73,25
1603978378000,73,23
1603978678000,78,23
1603978978000,73,22
1603979278000,72,22
1603979578000,71,24
1603979878000,72,25
1603980178000,84,21
1603980478000,74,26
1603980778000,72,29
1603981078000,71,31
1603981378000,71,27
1603981678000,72,33
1603981978000,74,25
1603982278000,76,19
1603982578000,73,27
1603982878000,71,32
1603983178000,70,34
1603983478000,73,35
1603983778000,71,32
1603984078000,72,33
1603984378000,74,27
1603984678000,74,23
1603984978000,74,20
1603985278000,74,22
1603985578000,75,20
1603985878000,74,21
1603986178000,74,23
1603986478000,76,22
1603986778000,77,24
1604042400000,0,0
1604042700000,0,0
1604043000000,88,22
1604043300000,83,25
1604043600000,83,23
1604043900000,82,30
1604044200000,82,22
1604044500000,80,21
1604044800000,81,21
1604045100000,83,23
1604045400000,81,19
1604045700000,80,20
1604046000000,80,19
1604046300000,80,18
1604046600000,79,20
1604046900000,78,19
1604047200000,82,22
1604047500000,84,17
1604047800000,85,21
1604048100000,82,17
1604048400000,80,20
1604048700000,79,25
1604049000000,80,22
1604049300000,77,23
1604049600000,81,20
1604049900000,78,22
1604050200000,82,18
1604050500000,84,15
1604050800000,79,20
1604051100000,80,12
1604051400000,84,14
1604051700000,83,13
1604052000000,82,16
1604052300000,81,16
1604052600000,80,16
1604052900000,78,22
1604053200000,76,34
1604053500000,75,38
1604053800000,76,24
1604054100000,74,26
1604054400000,75,28
1604054700000,75,31
1604055000000,74,25
1604055300000,74,27
1604055600000,76,27
1604055900000,79,19
1604056200000,86,20
1604056500000,86,13
1604056800000,84,16
1604057100000,82,17
1604057400000,79,20
1604057700000,77,24
1604058000000,75,28
1604058300000,75,33
1604058600000,74,31
1604058900000,75,34
1604059200000,76,27
1604059500000,75,31
1604059800000,76,35
1604060100000,75,27
1604060400000,76,27
1604060700000,77,22
1604061000000,82,17
1604061300000,82,16
1604061600000,86,12
1604061900000,84,21
1604062200000,81,26
1604062500000,80,22
1604062800000,80,20
1604063100000,80,19
1604063400000,79,24
1604063700000,76,25
1604064000000,77,22
1604064300000,78,19
1604064600000,80,19
1604064900000,82,24
1604065200000,0,0
1604065500000,0,0
1604065800000,85,20
1604066100000,81,20
1604066400000,79,28
1604066700000,76,27
1604067000000,75,36
1604067300000,69,46
1604067600000,68,48
1604067900000,67,55
1604068200000,71,44
1604068500000,71,45
1604068800000,72,38
1604069100000,73,39
1604069400000,75,31
1604069700000,76,32
1604070000000,75,29
1604140502000,0,0
1604140802000,0,0
1604141102000,0,0
1604141402000,75,29
1604141702000,73,31
1604142002000,73,28
1604142302000,73,26
1604142602000,73,25
1604142902000,73,26
1604143202000,73,29
1604143502000,72,29
1604143802000,72,29
1604144102000,72,27
1604144402000,78,21
1604144702000,82,14
1604145002000,82,16
1604145302000,78,21
1604145602000,78,23
1604145902000,77,23
1604146202000,74,24
1604146502000,74,29
1604146802000,73,30
1604147102000,72,25
1604147402000,70,28
1604147702000,74,23
1604148002000,79,18
1604148302000,79,17
1604148602000,76,22
1604148902000,75,23
1604149202000,72,31
1604149502000,70,35
1604149802000,70,34
1604150102000,71,30
1604150402000,70,33
1604150702000,70,35
1604151002000,71,36
1604151302000,0,0
1604151602000,69,31
1604151902000,68,36
1604152202000,68,38
1604152502000,68,36
1604152802000,69,35
1604153102000,0,0
1604153402000,67,38
1604153702000,69,37
1604154002000,74,30
1604154302000,69,39
1604154602000,68,43
1604154902000,0,0
1604155202000,68,36
1604155502000,67,39
1604155802000,68,39
1604156102000,68,38
1604156402000,68,39
1604156702000,67,49
1604157002000,68,40
1604157302000,69,40
1604157602000,70,45
1604157902000,71,35
1604158202000,73,29
1604158502000,73,34
1604158802000,70,32
1604159102000,70,38
1604159402000,71,39
1604159702000,71,35
1604160002000,71,41
1604160302000,70,35
1604160602000,71,31
1604160902000,71,31
1604161202000,71,33
1604161502000,71,29
1604161802000,72,31
1604162102000,72,36
1604162402000,71,34
1604162702000,71,32
1604163002000,72,31
1604163302000,72,31
1604163602000,72,38
1604163902000,73,35
1604164202000,74,33
1604164502000,74,33
1604164802000,73,34
1604165102000,71,33
1604165402000,71,28
1604165702000,71,28
1604166002000,72,33
1604166302000,72,34
1604225759000,0,0
1604226059000,84,17
1604226359000,83,17
1604226659000,83,18
1604226959000,82,18
1604227259000,82,18
1604227559000,81,19
1604227859000,85,22
1604228159000,0,0
1604228459000,84,15
1604228759000,87,14
1604229059000,85,16
1604229359000,83,16
1604229659000,81,16
1604229959000,80,18
1604230259000,79,21
1604230559000,79,21
1604230859000,78,19
1604231159000,78,24
1604231459000,75,23
1604231759000,74,22
1604232059000,73,27
1604232359000,74,25
1604232659000,81,23
1604232959000,86,12
1604233259000,89,10
1604233559000,86,13
1604233859000,83,13
1604234159000,80,15
1604234459000,78,18
1604234759000,79,21
1604235059000,77,22
1604235359000,76,24
1604235659000,76,24
1604235959000,75,31
1604236259000,75,26
1604236559000,75,29
1604236859000,74,31
1604237159000,74,31
1604237459000,72,38
1604237759000,73,39
1604238059000,71,44
1604238359000,73,32
1604238659000,75,32
1604238959000,75,33
1604239259000,81,15
1604239559000,79,19
1604239859000,74,33
1604240159000,79,28
1604240459000,76,33
1604240759000,75,34
1604241059000,80,27
1604241359000,75,29
1604241659000,73,38
1604241959000,72,39
1604242259000,72,38
1604242559000,74,40
1604242859000,0,0
1604243159000,73,39
1604243459000,74,35
1604243759000,76,39
1604244059000,75,28
1604244359000,75,31
1604244659000,75,36
1604244959000,72,38
1604245259000,78,27
1604245559000,76,26
1604245859000,76,26
1604246159000,76,31
1604246459000,87,26
1604246759000,0,0
1604247059000,0,0
1604247359000,79,25
1604247659000,78,28
1604247959000,80,24
1604248259000,80,20
1604248559000,80,20
1604248859000,80,22
1604249159000,80,23
1604249459000,78,20
1604249759000,78,26
1604250059000,75,30
1604250359000,78,22
1604250659000,83,15
1604250959000,82,24
1604251259000,78,26
1604251559000,78,34
1604251859000,76,34
1604252159000,74,40
1604252459000,76,30
1604252759000,74,41
1604253059000,74,31
1604253359000,74,33
1604253659000,0,0
1604308020000,0,0
1604308320000,0,0
1604308620000,0,0
1604308920000,0,0
1604309220000,89,22
1604309520000,89,17
1604309820000,87,17
1604310120000,85,19
1604310420000,85,19
1604310720000,82,18
1604311020000,80,15
1604311320000,79,17
1604311620000,78,20
1604311920000,78,21
1604312220000,81,17
1604312520000,83,16
1604312820000,82,15
1604313120000,81,16
1604313420000,80,17
1604313720000,80,18
1604314020000,79,20
1604314320000,78,21
1604314620000,78,23
1604314920000,77,24
1604315220000,76,28
1604315520000,76,28
1604315820000,78,25
1604316120000,75,25
1604316420000,71,37
1604316720000,75,18
1604317020000,74,21
1604317320000,77,19
1604317620000,80,23
1604317920000,79,20
1604318220000,76,24
1604318520000,75,24
1604318820000,76,25
1604319120000,76,27
1604319420000,75,28
1604319720000,74,33
1604320020000,74,32
1604320320000,74,32
1604320620000,73,35
1604320920000,73,36
1604321220000,72,36
1604321520000,72,36
1604321820000,73,27
1604322120000,72,31
1604322420000,75,22
1604322720000,74,20
1604323020000,74,30
1604323320000,73,25
1604323620000,74,27
1604323920000,75,28
1604324220000,75,22
1604324520000,75,33
1604324820000,74,29
1604325120000,72,32
1604325420000,73,30
1604325720000,73,30
1604326020000,74,28
1604326320000,81,27
1604326620000,0,0
1604326920000,0,0
1604327220000,0,0
1604327520000,0,0
1604327820000,83,36
1604328120000,75,37
1604328420000,73,36
1604328720000,74,35
1604329020000,76,35
1604329320000,74,25
1604329620000,73,32
1604329920000,69,39
1604330220000,72,26
1604330520000,73,26
1604330820000,73,35
1604331120000,73,31
1604331420000,74,32
1604331720000,74,29
1604332020000,73,29
1604332320000,73,30
1604332620000,74,31
1604332920000,71,40
1604333220000,70,37
1604333520000,73,33
1604333820000,74,43
1604334120000,74,35
1604334420000,75,30
1604334720000,75,32
1604335020000,74,35
1604335320000,75,28
1604335620000,0,0
1604402583000,73,26
1604402883000,72,28
1604403183000,74,31
1604403483000,73,29
1604403783000,74,24
1604404083000,78,29
1604404383000,0,0
1604404683000,76,22
1604404983000,76,20
1604405283000,77,18
1604405583000,77,17
1604405883000,77,17
1604406183000,76,20
1604406483000,76,20
1604406783000,75,23
1604407083000,75,22
1604407383000,76,28
1604407683000,75,20
1604407983000,77,16
1604408283000,79,16
1604408583000,83,12
1604408883000,83,13
1604409183000,80,20
1604409483000,76,21
1604409783000,75,20
1604410083000,74,23
1604410383000,73,25
1604410683000,73,26
1604410983000,73,25
1604411283000,73,26
1604411583000,74,24
1604411883000,74,23
1604412183000,73,28
1604412483000,71,24
1604412783000,73,28
1604413083000,74,35
1604413383000,72,34
1604413683000,75,29
1604413983000,69,40
1604414283000,69,33
1604414583000,69,34
1604414883000,70,34
1604415183000,70,37
1604415483000,72,36
1604415783000,71,40
1604416083000,73,33
1604416383000,76,25
1604416683000,77,23
1604416983000,77,21
1604417283000,78,24
1604417583000,78,27
1604417883000,79,20
1604418183000,78,25
1604418483000,75,29
1604418783000,75,21
1604419083000,76,31
1604419383000,74,28
1604419683000,74,33
1604419983000,75,28
1604420283000,75,49
1604420583000,0,0
1604420883000,76,38
1604421183000,81,25
1604421483000,83,20
1604421783000,83,21
1604422083000,81,24
1604422383000,82,26
1604571779000,0,0
1604572079000,0,0
1604572379000,0,0
1604572679000,0,0
1604572979000,76,35
1604573279000,73,31
1604573579000,73,32
1604573879000,73,31
1604574179000,72,33
1604574479000,71,31
1604574779000,70,32
1604575079000,69,36
1604575379000,72,39
1604575679000,67,37
1604575979000,67,34
1604576279000,69,38
1604576579000,71,28
1604576879000,74,22
1604577179000,74,24
1604577479000,75,22
1604577779000,72,30
1604578079000,74,26
1604578379000,74,23
1604578679000,73,26
1604578979000,73,27
1604579279000,74,23
1604579579000,74,22
1604579879000,77,27
1604580179000,80,16
1604580479000,80,17
1604580779000,80,18
1604581079000,79,18
1604581379000,78,19
1604581679000,77,19
1604581979000,77,20
1604582279000,76,19
1604582579000,77,18
1604582879000,76,21
1604583179000,74,26
1604583479000,72,26
1604583779000,75,19
1604584079000,74,25
1604584379000,74,23
1604584679000,74,21
1604584979000,74,25
1604585279000,74,27
1604585579000,73,24
1604585879000,74,32
1604586179000,71,31
1604586479000,71,36
1604586779000,0,0
1604587079000,70,33
1604587379000,69,37
1604587679000,0,0
1604660282000,0,0
1604660582000,0,0
1604660882000,90,14
1604661182000,89,15
1604661482000,88,15
1604661782000,88,15
1604662082000,89,15
1604662382000,87,16
1604662682000,87,17
1604662982000,86,17
1604663282000,88,15
1604663582000,95,9
1604663882000,92,9
1604664182000,91,11
1604664482000,89,14
1604664782000,86,18
1604665082000,82,17
1604665382000,82,18
1604665682000,82,17
1604665982000,83,15
1604666282000,81,18
1604666582000,80,19
1604666882000,81,19
1604667182000,81,23
1604667482000,91,11
1604667782000,89,11
1604668082000,89,12
1604668382000,86,16
1604668682000,83,17
1604668982000,83,16
1604669282000,82,17
1604669582000,78,27
1604669882000,77,24
1604670182000,77,21
1604670482000,80,17
1604670782000,79,19
1604671082000,78,20
1604671382000,77,26
1604671682000,77,24
1604671982000,78,23
1604672282000,82,26
1604672582000,82,19
1604672882000,80,23
1604673182000,81,20
1604673482000,81,16
1604673782000,85,13
1604674082000,83,16
1604674382000,87,14
1604674682000,90,14
1604674982000,81,18
1604675282000,81,20
1604675582000,82,20
1604675882000,80,24
1604676182000,0,0
1604742543000,0,0
1604742843000,0,0
1604743143000,71,34
1604743443000,70,36
1604743743000,70,29
1604744043000,70,29
1604744343000,70,32
1604744643000,70,28
1604744943000,69,31
1604745243000,72,19
1604745543000,75,13
1604745843000,76,14
1604746143000,73,18
1604746443000,72,18
1604746743000,71,19
1604747043000,70,23
1604747343000,69,24
1604747643000,69,25
1604747943000,69,27
1604748243000,70,31
1604748543000,69,25
1604748843000,69,26
1604749143000,68,30
1604749443000,68,32
1604749743000,68,30
1604750043000,71,26
1604750343000,76,16
1604750643000,77,13
1604750943000,74,17
1604751243000,72,22
1604751543000,70,28
1604751843000,70,24
1604752143000,68,31
1604752443000,67,33
1604752743000,68,36
1604753043000,66,31
1604753343000,66,30
1604753643000,66,30
1604753943000,66,30
1604754243000,66,32
1604754543000,66,34
1604754843000,66,31
1604755143000,66,28
1604755443000,66,30
1604755743000,66,33
1604756043000,66,35
1604756343000,66,36
1604756643000,72,24
1604756943000,71,20
1604757243000,71,21
1604757543000,71,28
1604757843000,70,25
1604758143000,70,28
1604758443000,70,27
1604758743000,68,32
1604759043000,67,32
1604759343000,67,35
1604759643000,66,39
1604759943000,64,33
1604760243000,64,36
1604760543000,64,40
1604760843000,61,55
1604761143000,60,46
1604761443000,0,0
1604761743000,65,42
1604762043000,64,52
1604762343000,63,47
1604762643000,62,53
1604762943000,63,49
1604763243000,0,0
1604763543000,64,40
1604763843000,64,39
1604764143000,64,37
1604764443000,64,41
1604764743000,64,41
1604765043000,63,49
1604765343000,62,52
1604765643000,63,68
1604765943000,67,72
1604766243000,63,84
1604766543000,64,100
1604766843000,66,47
1604767143000,65,46
1604767443000,67,44
1604767743000,69,33
1604768043000,67,42
1604768343000,67,39
1604768643000,67,41
1604768943000,70,34
1604819640000,0,0
1604819940000,0,0
1604820240000,0,0
1604820540000,90,15
1604820840000,90,12
1604821140000,88,12
1604821440000,86,12
1604821740000,84,15
1604822040000,83,15
1604822340000,82,19
1604822640000,81,18
1604822940000,81,18
1604823240000,83,16
1604823540000,85,17
1604823840000,87,14
1604824140000,88,15
1604824440000,87,13
1604824740000,89,11
1604825040000,90,13
1604825340000,92,11
1604825640000,89,11
1604825940000,91,14
1604826240000,85,15
1604826540000,81,17
1604826840000,80,21
1604827140000,81,18
1604827440000,87,17
1604827740000,84,16
1604828040000,81,17
1604828340000,80,18
1604828640000,81,18
1604828940000,81,20
1604829240000,81,23
1604829540000,71,33
1604829840000,73,31
1604830140000,74,24
1604830440000,74,30
1604830740000,74,29
1604831040000,73,30
1604831340000,69,45
1604831640000,69,37
1604831940000,70,28
1604832240000,72,25
1604832540000,74,24
1604832840000,76,21
1604833140000,75,22
1604833440000,74,23
1604833740000,73,29
1604834040000,74,22
1604834340000,74,26
1604834640000,76,23
1604834940000,78,29
1604835240000,78,20
1604835540000,79,17
1604835840000,80,18
1604836140000,80,17
1604836440000,80,17
1604836740000,81,22
1604837040000,80,22
1604837340000,79,20
1604837640000,78,22
1604837940000,78,22
1604838240000,77,21
1604838540000,76,21
1604838840000,77,23
1604839140000,79,21
1604839440000,79,21
1604839740000,76,27
1604840040000,74,27
1604840340000,75,24
1604840640000,75,27
1604840940000,75,25
1604841240000,76,26
1604841540000,72,35
1604841840000,74,26
1604842140000,78,25
1604842440000,79,19
1604842740000,79,20
1604843040000,78,20
1604843340000,79,17
1604843640000,78,18
1604843940000,81,17
1604844240000,79,18
1604844540000,80,16
1604844840000,80,16
1604845140000,0,0
1604845440000,82,23
1604845740000,76,29
1604846040000,79,28
1604846340000,82,21
1604846640000,76,28
1604846940000,74,27
1604847240000,74,31
1604847540000,75,27
1604847840000,0,0
1604848140000,73,35
1604848440000,73,35
1604848740000,74,35
1604849040000,78,26
1604849340000,80,36
1604849640000,0,0
1604849940000,73,41
1604850240000,75,32
1604850540000,73,44
1604850840000,75,34
1604851140000,74,38
1604851440000,72,42
1604851740000,74,34
1604852040000,75,33
1604852340000,75,31
1604852640000,75,31
1604852940000,75,26
1604853240000,75,29
1604923381000,0,0
1604923681000,64,46
1604923981000,65,52
1604924281000,65,48
1604924581000,64,47
1604924881000,64,45
1604925181000,64,46
1604925481000,66,51
1604925781000,66,50
1604926081000,67,49
1604926381000,68,47
1604926681000,68,46
1604926981000,70,40
1604927281000,69,31
1604927581000,67,36
1604927881000,65,41
1604928181000,63,40
1604928481000,63,42
1604928781000,65,45
1604929081000,64,36
1604929381000,64,38
1604929681000,63,39
1604929981000,64,40
1604930281000,63,47
1604930581000,63,47
1604930881000,62,45
1604931181000,64,44
1604931481000,68,40
1604931781000,68,36
1604932081000,71,33
1604932381000,70,35
1604932681000,75,22
1604932981000,73,33
1604933281000,74,22
1604933581000,70,32
1604933881000,69,37
1604934181000,68,47
1604934481000,69,42
1604934781000,68,49
1604935081000,69,47
1604935381000,69,47
1604935681000,0,0
1604935981000,0,0
1604936281000,66,42
1604936581000,66,35
1604936881000,66,39
1604937181000,63,55
1604937481000,64,52
1604937781000,64,46
1604938081000,63,47
1604938381000,64,42
1604938681000,64,43
1604938981000,67,31
1604939281000,68,28
1604939581000,68,31
1604939881000,68,36
1604940181000,68,49
1604940481000,67,46
1604940781000,67,41
1604941081000,68,49
1604941381000,66,41
1604941681000,66,42
1604941981000,66,40
1604942281000,0,0
1605004803000,0,0
1605005103000,69,26
1605005403000,70,25
1605005703000,71,20
1605006003000,71,19
1605006303000,72,19
1605006603000,73,18
1605006903000,73,17
1605007203000,74,16
1605007503000,75,15
1605007803000,74,15
1605008103000,76,18
1605008403000,80,13
1605008703000,82,12
1605009003000,83,12
1605009303000,83,12
1605009603000,81,13
1605009903000,79,12
1605010203000,79,14
1605010503000,77,12
1605010803000,73,15
1605011103000,72,16
1605011403000,71,18
1605011703000,70,19
1605012003000,70,21
1605012303000,70,19
1605012603000,69,20
1605012903000,68,26
1605013203000,68,26
1605013503000,68,26
1605013803000,69,25
1605014103000,77,21
1605014403000,77,18
1605014703000,74,20
1605015003000,73,19
1605015303000,71,23
1605015603000,69,28
1605015903000,69,27
1605016203000,71,28
1605016503000,72,19
1605016803000,71,20
1605017103000,71,21
1605017403000,70,22
1605017703000,70,24
1605018003000,0,0
1605018303000,73,22
1605018603000,71,28
1605018903000,65,39
1605019203000,67,31
1605019503000,67,35
1605019803000,66,42
1605020103000,67,40
1605020403000,67,44
1605020703000,69,47
1605021003000,70,30
1605021303000,70,33
1605021603000,69,35
1605021903000,69,34
1605022203000,69,33
1605022503000,0,0
1605022803000,71,30
1605023103000,71,27
1605023403000,70,33
1605023703000,70,33
1605024003000,69,35
1605024303000,72,33
1605024603000,73,28
1605024903000,71,30
1605025203000,70,30
1605025503000,66,55
1605025803000,68,53
1605026103000,69,59
1605026403000,70,48
1605026703000,70,43
1605027003000,70,37
1605027303000,71,33
1605027603000,70,32
1605090479000,0,0
1605090779000,72,20
1605091079000,70,22
1605091379000,69,20
1605091679000,68,20
1605091979000,68,20
1605092279000,69,22
1605092579000,70,20
1605092879000,71,20
1605093179000,72,19
1605093479000,73,24
1605093779000,79,13
1605094079000,76,18
1605094379000,73,20
1605094679000,71,25
1605094979000,70,27
1605095279000,70,28
1605095579000,69,35
1605095879000,67,39
1605096179000,66,42
1605096479000,65,42
1605096779000,65,39
1605097079000,65,44
1605097379000,66,45
1605097679000,63,53
1605097979000,66,39
1605098279000,68,26
1605098579000,68,27
1605098879000,67,27
1605099179000,64,58
1605099479000,66,51
1605099779000,66,33
1605100079000,62,60
1605100379000,62,62
1605100679000,62,59
1605100979000,62,59
1605101279000,62,64
1605101579000,62,66
1605101879000,62,67
1605102179000,65,62
1605102479000,61,56
1605102779000,60,58
1605103079000,60,54
1605103379000,61,57
1605103679000,60,64
1605103979000,61,65
1605104279000,63,56
1605104579000,65,39
1605104879000,66,40
1605105179000,68,38
1605105479000,71,31
1605105779000,65,46
1605106079000,64,57
1605106379000,63,59
1605106679000,62,58
1605106979000,64,65
1605107279000,63,46
1605107579000,65,36
1605107879000,65,36
1605108179000,65,35
1605108479000,65,37
1605108779000,62,52
1605109079000,62,44
1605109379000,63,42
1605109679000,63,43
1605109979000,62,43
1605110279000,63,45
1605110579000,66,47
1605110879000,66,43
1605111179000,72,29
1605111479000,70,29
1605111779000,69,45
1605112079000,65,42
1605112379000,66,44
1605112679000,67,43
1605112979000,67,35
1605113279000,67,35
1605113579000,67,32
1605113879000,68,34
1605114179000,69,32
1605114479000,71,31
1605184081000,0,0
1605184381000,0,0
1605184681000,0,0
1605184981000,0,0
1605185281000,0,0
1605185581000,67,52
1605185881000,66,37
1605186181000,66,33
1605186481000,67,29
1605186781000,68,31
1605187081000,69,26
1605187381000,70,28
1605187681000,70,28
1605187981000,69,31
1605188281000,69,35
1605188581000,73,21
1605188881000,78,16
1605189181000,77,17
1605189481000,73,19
1605189781000,73,25
1605190081000,69,25
1605190381000,76,26
1605190681000,70,20
1605190981000,68,25
1605191281000,67,28
1605191581000,67,32
1605191881000,66,33
1605192181000,66,33
1605192481000,66,34
1605192781000,68,42
1605193081000,69,35
1605193381000,65,39
1605193681000,68,29
1605193981000,69,32
1605194281000,73,24
1605194581000,69,32
1605194881000,70,31
1605195181000,66,49
1605195481000,65,43
1605195781000,65,44
1605196081000,65,44
1605196381000,66,43
1605196681000,67,42
1605268562000,0,0
1605268862000,61,69
1605269162000,0,0
1605269462000,61,66
1605269762000,60,63
1605270062000,61,54
1605270362000,60,64
1605270662000,61,60
1605270962000,61,61
1605271262000,61,65
1605271562000,64,68
1605271862000,62,74
1605272162000,62,67
1605272462000,60,76
1605272762000,66,62
1605273062000,63,65
1605273362000,64,60
1605273662000,67,39
1605273962000,64,53
1605274262000,65,61
1605274562000,68,51
1605274862000,67,45
1605275162000,75,24
1605275462000,77,27
1605275762000,70,46
1605276062000,65,58
1605276362000,64,56
1605276662000,63,76
1605276962000,61,78
1605277262000,61,74
1605277562000,62,69
1605277862000,58,91
1605278162000,55,112
1605278462000,57,92
1605278762000,58,83
1605279062000,58,90
1605279362000,58,72
1605279662000,58,84
1605279962000,59,79
1605280262000,59,78
1605280562000,60,79
1605280862000,60,80
1605281162000,61,80
1605281462000,62,68
1605281762000,62,72
1605282062000,62,69
1605282362000,62,75
1605282662000,63,71
1605282962000,63,69
1605283262000,61,69
1605283562000,62,70
1605283862000,63,66
1605284162000,65,54
1605284462000,67,43
1605284762000,64,53
1605285062000,65,55
1605285362000,66,48
1605285662000,66,47
1605285962000,0,0
1605351842000,0,0
1605352142000,69,58
1605352442000,0,0
1605352742000,65,50
1605353042000,64,53
1605353342000,64,44
1605353642000,64,40
1605353942000,65,40
1605354242000,65,38
1605354542000,65,38
1605354842000,65,31
1605355142000,66,32
1605355442000,70,25
1605355742000,74,19
1605356042000,71,28
1605356342000,71,28
1605356642000,68,29
1605356942000,67,36
1605357242000,66,26
1605357542000,66,31
1605357842000,66,31
1605358142000,66,32
1605358442000,67,30
1605358742000,65,32
1605359042000,64,37
1605359342000,63,38
1605359642000,69,25
1605359942000,76,20
1605360242000,79,17
1605360542000,72,24
1605360842000,69,33
1605361142000,65,36
1605361442000,65,38
1605361742000,64,41
1605362042000,64,45
1605362342000,63,48
1605362642000,64,58
1605362942000,63,49
1605363242000,63,44
1605363542000,65,50
1605363842000,64,42
1605364142000,65,40
1605364442000,64,48
1605364742000,63,50
1605365042000,64,52
1605365342000,64,45
1605365642000,64,45
1605365942000,67,48
1605366242000,66,49
1605366542000,69,43
1605366842000,68,46
1605367142000,72,26
1605367442000,74,29
1605367742000,66,46
1605368042000,64,50
1605368342000,62,56
1605368642000,63,59
1605368942000,63,55
1605435239000,0,0
1605435539000,0,0
1605435839000,67,46
1605436139000,72,35
1605436439000,71,29
1605436739000,70,19
1605437039000,71,18
1605437339000,72,17
1605437639000,72,17
1605437939000,73,17
1605438239000,73,18
1605438539000,74,16
1605438839000,74,18
1605439139000,75,17
1605439439000,76,16
1605439739000,79,13
1605440039000,78,17
1605440339000,76,16
1605440639000,74,15
1605440939000,75,16
1605441239000,75,16
1605441539000,74,18
1605441839000,73,19
1605442139000,72,21
1605442439000,72,21
1605442739000,74,17
1605443039000,80,12
1605443339000,80,12
1605443639000,82,12
1605443939000,85,11
1605444239000,81,15
1605444539000,77,16
1605444839000,75,16
1605445139000,71,18
1605445439000,71,20
1605445739000,71,25
1605446039000,70,20
1605446339000,70,22
1605446639000,69,26
1605446939000,70,19
1605447239000,68,29
1605447539000,68,33
1605447839000,68,32
1605448139000,68,33
1605448439000,68,32
1605448739000,67,43
1605449039000,71,26
1605449339000,74,25
1605449639000,75,19
1605449939000,0,0
1605450239000,68,34
1605450539000,69,29
1605450839000,0,0
1605451139000,67,41
1605451439000,66,39
1605451739000,66,39
1605452039000,66,43
1605452339000,67,42
1605452639000,0,0
1605452939000,69,38
1605453239000,69,38
1605453539000,71,32
1605453839000,74,31
1605454139000,71,33
1605454439000,71,26
1605454739000,73,26
1605455039000,71,32
1605455339000,69,41
1605455639000,70,39
1605455939000,70,41
1605456239000,0,0
1605456539000,70,32
1605456839000,69,38
1605457139000,70,33
1605457439000,69,31
1605457739000,68,29
1605458039000,70,41
1605458339000,69,38
1605458639000,69,38
1605458939000,69,39
1605459239000,71,34
1605459539000,71,36
1605459839000,70,35
1605460139000,69,43
1605460439000,70,34
1605460739000,71,32
1605461039000,69,35
1605461339000,70,29
1605461639000,70,51
1605461939000,81,30
1605462239000,76,25
1605462539000,76,29
1605462839000,72,33
1605463139000,73,38
1605463439000,79,32
1605527161000,0,0
1605527461000,0,0
1605527761000,88,12
1605528061000,88,12
1605528361000,87,12
1605528661000,86,15
1605528961000,84,17
1605529261000,82,18
1605529561000,82,17
1605529861000,84,18
1605530161000,82,15
1605530461000,87,11
1605530761000,89,10
1605531061000,94,10
1605531361000,89,9
1605531661000,84,12
1605531961000,81,14
1605532261000,77,18
1605532561000,75,23
1605532861000,72,31
1605533161000,72,31
1605533461000,77,31
1605533761000,76,31
1605534061000,75,27
1605534361000,75,33
1605534661000,72,37
1605534961000,72,40
1605535261000,0,0
1605535561000,66,73
1605535861000,66,63
1605536161000,70,49
1605536461000,68,42
1605536761000,72,34
1605537061000,70,37
1605537361000,70,42
1605537661000,69,46
1605537961000,69,47
1605538261000,68,41
1605538561000,68,40
1605538861000,0,0
1605539161000,65,52
1605539461000,64,64
1605539761000,64,57
1605540061000,64,65
1605540361000,0,0
1605540661000,0,0
1605540961000,71,63
1605541261000,65,54
1605541561000,64,57
1605541861000,64,55
1605542161000,65,54
1605542461000,67,49
1605542761000,67,43
1605543061000,66,44
1605543361000,69,32
1605543661000,69,32
1605543961000,68,42
1605544261000,67,56
1605544561000,67,40
1605544861000,67,44
1605545161000,68,48
1605545461000,69,35
1605545761000,71,34
1605546061000,70,32
1605546361000,72,26
1605546661000,73,32
1605546961000,0,0
1605611103000,0,0
1605611403000,0,0
1605611703000,62,71
1605612003000,65,50
1605612303000,66,43
1605612603000,62,43
1605612903000,63,38
1605613203000,64,35
1605613503000,66,27
1605613803000,64,36
1605614103000,64,29
1605614403000,64,27
1605614703000,64,32
1605615003000,67,26
1605615303000,73,16
1605615603000,73,17
1605615903000,69,20
1605616203000,67,32
1605616503000,65,34
1605616803000,65,29
1605617103000,65,31
1605617403000,66,31
1605617703000,65,35
1605618003000,65,35
1605618303000,65,31
1605618603000,66,27
1605618903000,65,30
1605619203000,65,27
1605619503000,66,27
1605619803000,68,20
1605620103000,72,17
1605620403000,72,18
1605620703000,70,20
1605621003000,68,28
1605621303000,66,44
1605621603000,67,27
1605621903000,65,33
1605622203000,65,30
1605622503000,65,31
1605622803000,60,47
1605623103000,58,42
1605623403000,58,54
1605623703000,0,0
1605624003000,61,42
1605624303000,60,44
1605624603000,61,45
1605624903000,62,48
1605625203000,64,44
1605625503000,63,49
1605625803000,65,41
1605626103000,67,33
1605626403000,67,34
1605626703000,67,32
1605627003000,66,38
1605627303000,0,0
1605627603000,64,64
1605627903000,65,59
1605628203000,65,63
1605628503000,64,63
1605628803000,65,60
1605629103000,64,45
1605629403000,65,44
1605629703000,65,45
1605630003000,65,38
1605630303000,63,50
1605630603000,65,48
1605630903000,66,44
1605631203000,67,38
1605631503000,65,53
1605631803000,64,54
1605632103000,65,49
1605698700000,0,0
1605699000000,78,29
1605699300000,73,26
1605699600000,72,28
1605699900000,71,27
1605700200000,71,27
1605700500000,71,30
1605700800000,70,30
1605701100000,71,35
1605701400000,70,31
1605701700000,67,30
1605702000000,66,35
1605702300000,65,40
1605702600000,64,37
1605702900000,64,38
1605703200000,63,38
1605703500000,63,38
1605703800000,63,37
1605704100000,63,39
1605704400000,63,38
1605704700000,62,40
1605705000000,62,41
1605705300000,61,45
1605705600000,64,38
1605705900000,68,32
1605706200000,67,35
1605706500000,64,37
1605706800000,63,42
1605707100000,61,45
1605707400000,64,55
1605707700000,63,43
1605708000000,61,49
1605708300000,60,54
1605708600000,60,61
1605708900000,61,61
1605709200000,60,63
1605709500000,61,58
1605709800000,65,49
1605710100000,0,0
1605710400000,60,88
1605710700000,60,91
1605711000000,60,91
1605711300000,60,85
1605711600000,60,41
1605711900000,0,0
1605712200000,60,54
1605712500000,60,59
1605712800000,61,65
1605713100000,62,64
1605713400000,62,58
1605713700000,0,0
1605714000000,57,74
1605714300000,62,54
1605714600000,61,54
1605714900000,62,59
1605715200000,61,68
1605715500000,0,0
1605779582000,0,0
1605779882000,82,20
1605780182000,0,0
1605780482000,0,0
1605780782000,0,0
1605781082000,0,0
1605781382000,0,0
1605781682000,0,0
1605781982000,0,0
1605782282000,73,26
1605782582000,77,19
1605782882000,80,16
1605783182000,81,16
1605783482000,79,17
1605783782000,78,17
1605784082000,78,22
1605784382000,78,19
1605784682000,74,23
1605784982000,73,30
1605785282000,74,25
1605785582000,74,30
1605785882000,75,28
1605786182000,74,33
1605786482000,76,22
1605786782000,81,16
1605787082000,80,16
1605787382000,76,23
1605787682000,76,20
1605787982000,74,25
1605788282000,76,21
1605788582000,75,30
1605788882000,74,26
1605789182000,0,0
1605789482000,0,0
1605789782000,0,0
1605790082000,0,0
1605790382000,0,0
1605790682000,0,0
1605790982000,0,0
1605791282000,0,0
1605791582000,0,0
1605791882000,0,0
1605792182000,0,0
1605792482000,0,0
1605792782000,68,53
1605793082000,0,0
1605793382000,71,24
1605793682000,0,0
1605793982000,0,0
1605794282000,0,0
1605794582000,0,0
1605794882000,0,0
1605795182000,0,0
1605795482000,0,0
1605795782000,74,32
1605796082000,72,30
1605796382000,74,31
1605796682000,73,28
1605796982000,73,29
1605797282000,73,32
1605797582000,71,36
1605797882000,71,35
1605798182000,75,37
1605798482000,72,36
1605798782000,72,39
1605799082000,70,45
1605799382000,74,33
1605799682000,0,0
1605799982000,0,0
1605800282000,69,43
1605800582000,70,34
1605800882000,72,34
1605801182000,72,35
1605801482000,0,0
1605801782000,72,37
1605802082000,73,29
1605802382000,0,0
1605802682000,75,29
1605802982000,0,0
1605803282000,0,0
1605803582000,0,0
1605803882000,0,0
1605804182000,0,0
1605804482000,0,0
1605804782000,0,0
1605868761000,0,0
1605869061000,0,0
1605869361000,63,47
1605869661000,64,68
1605869961000,64,40
1605870261000,0,0
1605870561000,65,46
1605870861000,64,43
1605871161000,65,37
1605871461000,65,36
1605871761000,65,36
1605872061000,66,37
1605872361000,67,33
1605872661000,67,35
1605872961000,70,24
1605873261000,80,12
1605873561000,78,15
1605873861000,75,18
1605874161000,80,14
1605874461000,76,16
1605874761000,73,21
1605875061000,74,24
1605875361000,71,18
1605875661000,69,20
1605875961000,67,28
1605876261000,67,27
1605876561000,66,30
1605876861000,65,35
1605877161000,65,32
1605877461000,65,31
1605877761000,64,36
1605878061000,65,33
1605878361000,72,20
1605878661000,77,16
1605878961000,74,19
1605879261000,72,21
1605879561000,70,34
1605879861000,68,35
1605880161000,66,34
1605880461000,66,35
1605880761000,68,34
1605881061000,67,36
1605881361000,65,33
1605881661000,64,37
1605881961000,0,0
1605882261000,62,39
1605882561000,0,0
1605882861000,60,41
1605883161000,62,37
1605883461000,62,40
1605883761000,60,47
1605884061000,61,47
1605884361000,62,45
1605884661000,61,52
1605884961000,62,47
1605885261000,61,49
1605885561000,61,50
1605885861000,61,48
1605886161000,0,0
1605886461000,0,0
1605886761000,65,46
1605887061000,65,46
1605887361000,64,50
1605887661000,65,51
1605887961000,67,47
1605888261000,68,48
1605888561000,67,45
1605888861000,66,53
1605889161000,66,56
1605889461000,72,36
1605889761000,67,46
1605890061000,65,45
1605890361000,65,43
1605890661000,65,40
1605890961000,65,41
1605891261000,65,40
1605891561000,65,38
1605891861000,67,31
1605892161000,66,34
1605946499000,0,0
1605946799000,0,0
1605947099000,82,19
1605947399000,82,18
1605947699000,80,19
1605947999000,79,20
1605948299000,78,18
1605948599000,76,23
1605948899000,76,23
1605949199000,73,28
1605949499000,73,31
1605949799000,72,34
1605950099000,76,26
1605950399000,78,20
1605950699000,79,23
1605950999000,79,18
1605951299000,75,26
1605951599000,73,27
1605951899000,73,30
1605952199000,74,27
1605952499000,72,35
1605952799000,71,35
1605953099000,70,27
1605953399000,68,37
1605953699000,68,35
1605953999000,67,45
1605954299000,67,44
1605954599000,67,46
1605954899000,68,39
1605955199000,74,22
1605955499000,73,26
1605955799000,71,29
1605956099000,72,29
1605956399000,68,51
1605956699000,67,43
1605956999000,67,45
1605957299000,65,45
1605957599000,64,49
1605957899000,65,55
1605958199000,65,44
1605958499000,65,44
1605958799000,63,53
1605959099000,63,55
1605959399000,63,53
1605959699000,0,0
1605959999000,60,60
1605960299000,60,51
1605960599000,60,50
1605960899000,60,53
1605961199000,60,55
1605961499000,60,54
1605961799000,62,49
1605962099000,65,41
1605962399000,65,43
1605962699000,62,52
1605962999000,63,56
1605963299000,62,51
1605963599000,0,0
1605963899000,61,42
1605964199000,63,39
1605964499000,63,42
1605964799000,64,37
1605965099000,62,39
1605965399000,63,41
1605965699000,62,47
1605965999000,62,41
1605966299000,61,44
1605966599000,61,46
1605966899000,0,0
1605967199000,0,0
1605967499000,0,0
1605967799000,63,44
1605968099000,64,55
1605968399000,61,50
1605968699000,65,40
1605968999000,64,48
1605969299000,64,34
1605969599000,61,58
1605969899000,61,56
1605970199000,0,0
1605970499000,0,0
1605970799000,62,52
1605971099000,0,0
1605971399000,63,55
1605971699000,62,58
1605971999000,63,58
1605972299000,65,48
1605972599000,63,48
1605972899000,0,0
1605973199000,65,46
1605973499000,65,46
1605973799000,64,50
1605974099000,65,51
1605974399000,67,47
1605974699000,68,48
1606035962000,0,0
1606036262000,0,0
1606036562000,0,0
1606036862000,82,17
1606037162000,81,17
1606037462000,81,15
1606037762000,81,14
1606038062000,81,15
1606038362000,81,19
1606038662000,76,22
1606038962000,74,22
1606039262000,73,26
1606039562000,75,23
1606039862000,80,14
1606040162000,80,14
1606040462000,81,19
1606040762000,76,24
1606041062000,77,18
1606041362000,79,15
1606041662000,77,17
1606041962000,75,35
1606042262000,74,28
1606042562000,72,30
1606042862000,70,34
1606043162000,71,34
1606043462000,70,30
1606043762000,69,28
1606044062000,69,32
1606044362000,68,32
1606044662000,66,37
1606044962000,70,28
1606045262000,71,29
1606045562000,71,26
1606045862000,66,48
1606046162000,66,52
1606046462000,60,60
1606046762000,61,58
1606047062000,62,57
1606047362000,61,56
1606047662000,61,60
1606047962000,60,66
1606048262000,60,64
1606048562000,60,62
1606048862000,59,67
1606049162000,59,75
1606049462000,58,72
1606049762000,59,60
1606050062000,61,62
1606050362000,0,0
1606050662000,0,0
1606050962000,0,0
1606051262000,0,0
1606051562000,62,54
1606051862000,62,50
1606052162000,67,42
1606052462000,63,51
1606052762000,68,30
1606053062000,62,72
1606053362000,60,57
1606053662000,64,70
1606053962000,61,79
1606054262000,61,87
1606054562000,61,59
1606054862000,63,52
1606055162000,63,59
1606055462000,61,58
1606055762000,61,53
1606056062000,63,44
1606056362000,62,52
1606056662000,60,53
1606056962000,62,63
1606057262000,67,50
1606057562000,65,55
1606057862000,66,52
1606058162000,67,62
1606058462000,64,62
1606058762000,64,63
1606059062000,65,49
1606059362000,65,52
1606059662000,66,49
1606059962000,66,49
1606060262000,67,41
1606060562000,67,52
1606060862000,67,51
1606061162000,65,44
1606061462000,65,45
1606061762000,65,45
1606062062000,65,47
1606062362000,66,46
1606062662000,69,48
1606062962000,67,49
1606063262000,76,26
1606063562000,66,56
1606063862000,72,43
1606064162000,0,0
1606131058000,0,0
1606131358000,68,40
1606131658000,67,38
1606131958000,67,34
1606132258000,67,31
1606132558000,68,27
1606132858000,69,28
1606133158000,68,30
1606133458000,68,30
1606133758000,68,31
1606134058000,74,31
1606134358000,70,27
1606134658000,68,28
1606134958000,69,26
1606135258000,69,24
1606135558000,69,25
1606135858000,68,27
1606136158000,71,26
1606136458000,71,28
1606136758000,72,28
1606137058000,68,37
1606137358000,65,42
1606137658000,64,44
1606137958000,61,48
1606138258000,60,49
1606138558000,60,48
1606138858000,62,42
1606139158000,61,48
1606139458000,60,51
1606139758000,60,52
1606140058000,61,53
1606140358000,61,51
1606140658000,60,59
1606140958000,0,0
1606141258000,0,0
1606141558000,0,0
1606141858000,0,0
1606142158000,0,0
1606142458000,61,72
1606142758000,60,74
1606143058000,61,75
1606143358000,61,72
1606143658000,61,66
1606143958000,61,66
1606144258000,61,57
1606144558000,63,56
1606144858000,64,48
1606145158000,63,57
1606145458000,63,54
1606145758000,63,54
1606146058000,64,49
1606146358000,64,46
1606146658000,66,42
1606146958000,68,41
1606147258000,64,49
1606147558000,64,37
1606147858000,65,40
1606148158000,65,39
1606148458000,65,34
1606148758000,0,0
1606149058000,72,44
1606149358000,70,44
1606149658000,71,42
1606149958000,77,27
1606150258000,67,36
1606150558000,66,38
1606150858000,67,38
1606151158000,67,40
1606151458000,68,36
1606151758000,73,28
1606152058000,67,50
1606152358000,69,37
1606152658000,69,38
1606152958000,69,31
1606153258000,69,35
1606153558000,0,0
1606153858000,72,35
1606154158000,78,29
1606299661000,67,31
1606299961000,65,39
1606300261000,67,36
1606300561000,66,32
1606300861000,71,33
1606301161000,67,31
1606301461000,68,24
1606301761000,68,29
1606302061000,69,25
1606302361000,69,23
1606302661000,68,25
1606302961000,68,27
1606303261000,68,27
1606303561000,69,23
1606303861000,81,15
1606304161000,81,14
1606304461000,79,16
1606304761000,74,20
1606305061000,74,19
1606305361000,73,25
1606305661000,76,20
1606305961000,77,18
1606306261000,75,20
1606306561000,71,30
1606306861000,70,26
1606307161000,69,30
1606307461000,67,31
1606307761000,66,27
1606308061000,65,37
1606308361000,63,48
1606308661000,63,39
1606308961000,63,40
1606309261000,63,42
1606309561000,62,44
1606309861000,62,46
1606310161000,61,45
1606310461000,61,49
1606310761000,60,52
1606311061000,59,63
1606311361000,58,56
1606311661000,60,69
1606311961000,65,47
1606312261000,64,49
1606312561000,63,59
1606312861000,61,62
1606313161000,61,59
1606313461000,60,67
1606313761000,64,47
1606314061000,61,53
1606314361000,61,59
1606314661000,64,67
1606314961000,60,60
1606315261000,59,60
1606315561000,60,62
1606315861000,63,63
1606316161000,63,59
1606316461000,62,69
1606316761000,64,62
1606317061000,65,50
1606317361000,65,56
1606317661000,63,54
1606317961000,67,56
1606318261000,0,0
1606382643000,0,0
1606382943000,71,27
1606383243000,69,30
1606383543000,68,22
1606383843000,69,21
1606384143000,70,19
1606384443000,72,18
1606384743000,70,19
1606385043000,70,18
1606385343000,68,25
1606385643000,68,22
1606385943000,78,12
1606386243000,83,12
1606386543000,73,17
1606386843000,69,23
1606387143000,70,29
1606387443000,69,20
1606387743000,68,22
1606388043000,68,24
1606388343000,68,22
1606388643000,68,23
1606388943000,69,23
1606389243000,67,27
1606389543000,68,27
1606389843000,70,23
1606390143000,74,18
1606390443000,74,18
1606390743000,71,26
1606391043000,69,24
1606391343000,68,28
1606391643000,68,35
1606391943000,68,33
1606392243000,66,33
1606392543000,66,33
1606392843000,68,39
1606393143000,66,38
1606393443000,65,41
1606393743000,66,37
1606394043000,66,41
1606394343000,67,39
1606394643000,74,18
1606394943000,73,25
1606395243000,70,26
1606395543000,69,26
1606395843000,66,31
1606396143000,64,39
1606396443000,64,41
1606396743000,64,51
1606397043000,65,48
1606397343000,65,45
1606397643000,65,45
1606397943000,66,45
1606398243000,65,47
1606398543000,66,44
1606398843000,64,46
1606399143000,64,46
1606399443000,64,46
1606399743000,65,43
1606400043000,70,30
1606400343000,0,0
1606400643000,62,63
1606400943000,66,40
1606401243000,0,0
1606401543000,67,36
1606401843000,64,46
1606402143000,65,48
1606402443000,64,57
1606402743000,62,72
1606403043000,62,60
1606403343000,63,48
1606403643000,63,53
1606403943000,63,52
1606404243000,64,53
1606404543000,64,52
1606404843000,64,58
1606405143000,62,60
1606405443000,65,59
1606405743000,68,40
1606406043000,66,43
1606406343000,66,64
1606406643000,67,41
1606406943000,65,44
1606407243000,65,50
1606407543000,66,38
1606407843000,65,35
1606408143000,65,40
1606408443000,65,54
1606408743000,67,50
1606409043000,68,44
1606409343000,66,46
1606409643000,66,51
1606409943000,67,50
1606410243000,66,51
1606410543000,73,28
1606410843000,68,48
1606411143000,66,50
1606411443000,67,42
1606411743000,67,43
1606412043000,77,33
1606412343000,76,35
1606412643000,72,45
1606412943000,72,50
1606413243000,68,49
1606413543000,68,46
1606413843000,68,47
1606414143000,70,43
1606414443000,70,35
1606475339000,0,0
1606475639000,0,0
1606475939000,77,25
1606476239000,73,26
1606476539000,71,26
1606476839000,71,27
1606477139000,72,26
1606477439000,73,22
1606477739000,73,24
1606478039000,73,24
1606478339000,74,23
1606478639000,75,20
1606478939000,84,10
1606479239000,81,12
1606479539000,81,11
1606479839000,80,12
1606480139000,75,19
1606480439000,76,17
1606480739000,73,24
1606481039000,74,26
1606481339000,72,19
1606481639000,70,24
1606481939000,69,28
1606482239000,68,29
1606482539000,68,31
1606482839000,68,32
1606483139000,74,29
1606483439000,71,26
1606483739000,74,17
1606484039000,79,16
1606484339000,80,16
1606484639000,77,16
1606484939000,78,23
1606485239000,73,23
1606485539000,72,30
1606485839000,71,30
1606486139000,69,30
1606486439000,69,30
1606486739000,66,33
1606487039000,66,36
1606487339000,0,0
1606487639000,0,0
1606487939000,0,0
1606488239000,67,42
1606488539000,67,43
1606488839000,68,40
1606489139000,67,51
1606489439000,67,52
1606489739000,66,54
1606490039000,68,52
1606490339000,71,34
1606490639000,75,25
1606490939000,72,39
1606491239000,68,51
1606491539000,68,43
1606491839000,69,41
1606492139000,69,40
1606492439000,67,41
1606492739000,68,32
1606493039000,64,54
1606493339000,64,49
1606493639000,70,45
1606493939000,72,36
1606548511000,0,0
1606548811000,76,32
1606549111000,78,29
1606549411000,81,24
1606549711000,83,15
1606550011000,85,17
1606550311000,86,17
1606550611000,0,0
1606550911000,85,15
1606551211000,79,17
1606551511000,79,17
1606551811000,77,20
1606552111000,78,19
1606552411000,78,20
1606552711000,76,22
1606553011000,77,20
1606553311000,78,19
1606553611000,77,22
1606553911000,80,25
1606554211000,75,20
1606554511000,78,18
1606554811000,79,13
1606555111000,82,14
1606555411000,78,16
1606555711000,76,17
1606556011000,76,19
1606556311000,75,23
1606556611000,75,22
1606556911000,75,25
1606557211000,74,24
1606557511000,74,24
1606557811000,75,23
1606558111000,73,26
1606558411000,73,28
1606558711000,72,31
1606559011000,72,33
1606559311000,72,30
1606559611000,73,24
1606559911000,78,13
1606560211000,77,14
1606560511000,78,14
1606560811000,74,20
1606561111000,74,23
1606561411000,74,19
1606561711000,74,19
1606562011000,71,23
1606562311000,72,28
1606562611000,72,29
1606562911000,71,33
1606563211000,70,33
1606563511000,69,32
1606563811000,69,39
1606564111000,69,40
1606564411000,68,43
1606564711000,67,43
1606565011000,66,49
1606565311000,66,48
1606565611000,65,49
1606565911000,63,53
1606566211000,65,53
1606566511000,64,63
1606566811000,64,56
1606567111000,66,48
1606567411000,65,55
1606567711000,67,46
1606568011000,71,30
1606568311000,66,49
1606568611000,65,50
1606568911000,65,59
1606569211000,64,54
1606569511000,65,51
1606569811000,64,62
1606570111000,0,0
1606570411000,65,65
1606570711000,64,75
1606571011000,64,54
1606571311000,62,56
1606571611000,63,54
1606571911000,63,55
1606572211000,64,41
1606572511000,64,44
1606572811000,66,49
1606573111000,64,49
1606573411000,66,49
1606573711000,67,43
1606574011000,62,61
1606574311000,65,53
1606574611000,64,80
1606574911000,62,85
1606575211000,62,77
1606575511000,67,59
1606575811000,64,58
1606576111000,65,48
1606576411000,66,43
1606576711000,65,51
1606577011000,66,44
1606577311000,0,0
1606577611000,68,47
1606577911000,67,55
1606578211000,63,74
1606578511000,69,37
1606578811000,67,50
1606579111000,0,0
1606579411000,65,62
1606579711000,65,69
1606580011000,65,64
1606580311000,66,59
1606580611000,67,52
1606580911000,67,51
1606581211000,69,46
1606581511000,69,46
1606581811000,66,63
1606582111000,67,56
1606582411000,66,54
1606582711000,66,52
1606583011000,67,48
1606583311000,67,49
1606583611000,67,46
1606583911000,69,42
1606584211000,68,43
1606584511000,69,38
1606584811000,68,32
1606585111000,69,37
1606585411000,0,0
1606585711000,78,40
1606586011000,73,45
1606647092000,0,0
1606647392000,65,58
1606647692000,67,50
1606647992000,69,51
1606648292000,70,51
1606648592000,69,55
1606648892000,70,49
1606649192000,70,54
1606649492000,71,51
1606649792000,72,49
1606650092000,74,25
1606650392000,77,16
1606650692000,75,22
1606650992000,73,29
1606651292000,73,36
1606651592000,71,39
1606651892000,67,42
1606652192000,66,48
1606652492000,65,52
1606652792000,65,53
1606653092000,64,59
1606653392000,64,62
1606653692000,63,64
1606653992000,63,68
1606654292000,62,71
1606654592000,61,75
1606654892000,62,85
1606655192000,62,80
1606655492000,66,54
1606655792000,67,56
1606656092000,68,46
1606656392000,71,32
1606656692000,68,37
1606656992000,69,36
1606657292000,67,46
1606657592000,65,49
1606657892000,66,48
1606658192000,65,51
1606658492000,68,42
1606658792000,62,55
1606659092000,62,70
1606659392000,62,66
1606659692000,64,59
1606659992000,0,0
1606660292000,63,70
1606660592000,64,58
1606660892000,66,71
1606661192000,63,79
1606661492000,64,71
1606661792000,63,75
1606662092000,63,68
1606662392000,63,62
1606662692000,63,64
1606662992000,63,62
1606663292000,65,54
1606663592000,0,0
1606663892000,60,83
1606664192000,62,67
1606664492000,62,70
1606664792000,64,67
1606665092000,63,75
1606665392000,64,72
1606665692000,65,68
1606665992000,62,83
1606666292000,61,84
1606666592000,61,88
1606666892000,62,92
1606667192000,65,61
1606667492000,68,47
1606667792000,68,49
1606668092000,65,67
1606668392000,67,52
1606668692000,68,47
1606668992000,64,66
1606669292000,64,61
1606669592000,66,49
1606669892000,67,41
1606670192000,66,69
1606670492000,68,59
1606670792000,66,89
1606671092000,69,66
1606671392000,72,41
1606671692000,67,56
1606671992000,0,0
1606672292000,75,54
1606672592000,0,0
1606672892000,0,0
1606673192000,0,0
1606737328000,0,0
1606737628000,0,0
1606737928000,0,0
1606738228000,0,0
1606738528000,0,0
1606738828000,76,33
1606739128000,77,34
1606739428000,78,28
1606739728000,76,31
1606740028000,77,34
1606740328000,80,28
1606740628000,76,26
1606740928000,74,32
1606741228000,76,33
1606741528000,75,37
1606741828000,0,0
1606742128000,0,0
1606742428000,0,0
1606742728000,0,0
1606743028000,0,0
1606743328000,71,30
1606743628000,70,31
1606743928000,71,24
1606744228000,72,22
1606744528000,73,21
1606744828000,73,24
1606745128000,73,28
1606745428000,73,28
1606745728000,72,25
1606746028000,70,30
1606746328000,69,40
1606746628000,68,42
1606746928000,68,36
1606747228000,69,33
1606747528000,70,31
1606747828000,72,34
1606748128000,70,44
1606748428000,67,43
1606748728000,69,35
1606749028000,73,23
1606749328000,72,32
1606749628000,75,35
1606749928000,78,20
1606750228000,70,41
1606750528000,69,48
1606750828000,68,39
1606751128000,69,34
1606751428000,70,29
1606751728000,69,42
1606752028000,66,36
1606752328000,67,33
1606752628000,68,34
1606752928000,67,30
1606753228000,69,29
1606753528000,68,48
1606753828000,69,45
1606754128000,69,48
1606754428000,69,50
1606754728000,67,44
1606755028000,67,44
1606755328000,69,48
1606755628000,74,29
1606755928000,70,44
1606756228000,72,47
1606756528000,0,0
1606828501000,0,0
1606828801000,75,28
1606829101000,75,24
1606829401000,75,24
1606829701000,75,22
1606830001000,74,27
1606830301000,74,30
1606830601000,75,25
1606830901000,75,27
1606831201000,73,32
1606831501000,74,30
1606831801000,81,16
1606832101000,78,26
1606832401000,71,41
1606832701000,71,33
1606833001000,71,38
1606833301000,70,28
1606833601000,70,32
1606833901000,67,35
1606834201000,67,34
1606834501000,65,44
1606834801000,0,0
1606835101000,66,39
1606835401000,67,38
1606835701000,68,39
1606836001000,73,22
1606836301000,73,27
1606836601000,70,46
1606836901000,66,43
1606837201000,67,44
1606837501000,67,47
1606837801000,66,44
1606838101000,67,36
1606838401000,64,57
1606838701000,63,49
1606839001000,65,50
1606839301000,65,43
1606839601000,66,47
1606839901000,65,47
1606840201000,0,0
1606840501000,66,58
1606840801000,67,58
1606841101000,66,58
1606841401000,65,59
1606841701000,63,58
1606842001000,65,58
1606842301000,65,55
1606842601000,66,51
1606842901000,67,44
1606843201000,64,54
1606843501000,64,53
1606843801000,0,0
1607163962000,75,34
1607164262000,70,52
1607164562000,67,64
1607164862000,69,50
1607165162000,67,49
1607165462000,0,0
1607165762000,76,20
1607166062000,74,23
1607166362000,74,23
1607166662000,74,20
1607166962000,75,19
1607167262000,76,18
1607167562000,76,19
1607167862000,76,18
1607168162000,75,18
1607168462000,79,15
1607168762000,85,10
1607169062000,83,12
1607169362000,78,17
1607169662000,77,18
1607169962000,75,22
1607170262000,74,24
1607170562000,75,23
1607170862000,74,24
1607171162000,73,27
1607171462000,72,30
1607171762000,72,37
1607172062000,79,17
1607172362000,81,15
1607172662000,77,18
1607172962000,72,34
1607173262000,73,28
1607173562000,72,26
1607173862000,72,28
1607174162000,71,35
1607174462000,73,32
1607174762000,70,33
1607175062000,71,30
1607175362000,72,28
1607175662000,73,25
1607175962000,71,39
1607176262000,70,32
1607176562000,71,27
1607176862000,71,30
1607177162000,70,31
1607177462000,70,52
1607177762000,71,42
1607178062000,78,17
1607178362000,75,28
1607178662000,71,39
1607178962000,69,50
1607179262000,67,59
1607179562000,68,56
1607179862000,69,49
1607180162000,65,68
1607180462000,63,60
1607180762000,64,61
1607181062000,64,62
1607181362000,64,68
1607181662000,63,65
1607181962000,63,67
1607182262000,63,54
1607182562000,65,60
1607182862000,65,47
1607183162000,69,39
1607183462000,66,57
1607183762000,67,52
1607184062000,0,0
1607184362000,0,0
1607184662000,0,0
1607184962000,0,0
1607185262000,66,45
1607185562000,68,42
1607185862000,68,41
1607186162000,68,36
1607186462000,71,38
1607186762000,69,48
1607187062000,70,37
1607187362000,69,43
1607187662000,69,44
1607187962000,68,49
1607188262000,69,47
1607188562000,71,52
1607188862000,72,38
1607189162000,72,35
1607189462000,74,30
1607189762000,71,42
1607190062000,69,49
1607190362000,70,41
1607190662000,69,57
1607190962000,69,41
1607191262000,69,37
1607191562000,70,36
1607191862000,71,31
1607192162000,72,32
1607192462000,72,29
1607192762000,73,33
1607193062000,73,29
1607193362000,69,37
1607193662000,68,43
1607193962000,71,30
1607194262000,74,36
1607194562000,74,28
1607194862000,78,30
1607195162000,73,51
1607195462000,70,47
1607195762000,71,45
1607196062000,71,39
1607196362000,72,40
1607196662000,72,40
1607196962000,71,42
1607197262000,71,43
1607197562000,69,53
1607197862000,68,45
1607198162000,69,44
1607198462000,68,44
1607198762000,72,43
1607199062000,68,57
1607199362000,68,54
1607199662000,73,38
1607199962000,73,40
1607200262000,69,37
1607200562000,68,44
1607200862000,70,44
1607201162000,70,40
1607201462000,70,44
1607201762000,70,47
1607202062000,71,44
1607202362000,71,49
1607202662000,81,24
1607202962000,0,0
1607258938000,0,0
1607259238000,76,38
1607259538000,74,38
1607259838000,73,35
1607260138000,73,32
1607260438000,74,29
1607260738000,70,33
1607261038000,71,28
1607261338000,71,26
1607261638000,71,28
1607261938000,76,27
1607262238000,79,17
1607262538000,77,19
1607262838000,75,22
1607263138000,75,20
1607263438000,75,23
1607263738000,75,24
1607264038000,72,34
1607264338000,72,23
1607264638000,71,27
1607264938000,69,32
1607265238000,69,34
1607265538000,70,35
1607265838000,70,31
1607266138000,72,23
1607266438000,73,23
1607266738000,70,37
1607267038000,73,29
1607267338000,72,30
1607267638000,70,34
1607267938000,70,39
1607268238000,69,43
1607268538000,69,36
1607268838000,69,35
1607269138000,68,38
1607269438000,69,38
1607269738000,68,40
1607270038000,70,40
1607270338000,0,0
1607270638000,64,37
1607270938000,64,44
1607271238000,64,39
1607271538000,64,39
1607271838000,64,42
1607272138000,65,48
1607272438000,67,40
1607272738000,70,40
1607273038000,70,48
1607273338000,68,58
1607273638000,0,0
1607273938000,65,43
1607274238000,64,43
1607274538000,65,43
1607274838000,65,38
1607275138000,72,45
1607275438000,0,0
1607335740000,0,0
1607336040000,71,40
1607336340000,72,36
1607336640000,71,34
1607336940000,71,31
1607337240000,73,25
1607337540000,73,24
1607337840000,74,22
1607338140000,74,22
1607338440000,74,23
1607338740000,73,26
1607339040000,73,28
1607339340000,74,31
1607339640000,77,16
1607339940000,76,19
1607340240000,75,22
1607340540000,74,27
1607340840000,74,23
1607341140000,74,29
1607341440000,74,26
1607341740000,73,31
1607342040000,74,28
1607342340000,73,31
1607342640000,73,31
1607342940000,74,31
1607343240000,74,30
1607343540000,75,24
1607343840000,80,17
1607344140000,79,20
1607344440000,77,20
1607344740000,77,18
1607345040000,76,23
1607345340000,73,27
1607345640000,74,30
1607345940000,74,27
1607346240000,72,29
1607346540000,72,29
1607346840000,72,29
1607347140000,73,29
1607347440000,70,30
1607347740000,69,31
1607348040000,69,34
1607348340000,69,35
1607348640000,71,35
1607348940000,70,37
1607349240000,78,24
1607349540000,77,20
1607349840000,74,26
1607350140000,74,34
1607350440000,72,44
1607350740000,71,37
1607351040000,70,38
1607351340000,71,42
1607351640000,70,38
1607351940000,71,35
1607352240000,71,36
1607352540000,70,40
1607352840000,67,54
1607353140000,67,47
1607353440000,67,41
1607353740000,67,75
1607354040000,65,72
1607354340000,64,69
1607354640000,71,56
1607354940000,74,32
1607355240000,70,43
1607355540000,68,47
1607355840000,67,54
1607356140000,68,51
1607356440000,68,49
1607356740000,0,0
1607357040000,69,45
1607357340000,70,41
1607357640000,71,40
1607357940000,71,40
1607358240000,71,38
1607358540000,76,32
1607358840000,67,40
1607399595000,78,30
1607399895000,80,31
1607400195000,76,27
1607400495000,76,31
1607400795000,77,21
1607401095000,78,18
1607401395000,79,18
1607401695000,79,18
1607401995000,79,18
1607402295000,83,20
1607402595000,85,18
1607402895000,79,18
1607403195000,80,17
1607403495000,82,17
1607403795000,83,15
1607404095000,89,10
1607404395000,89,11
1607404695000,89,11
1607404995000,83,20
1607405295000,81,21
1607405595000,83,16
1607405895000,81,19
1607406195000,80,21
1607406495000,80,20
1607406795000,80,20
1607407095000,80,25
1607407395000,79,18
1607407695000,77,19
1607407995000,78,20
1607408295000,77,23
1607408595000,78,21
1607408895000,76,19
1607409195000,75,22
1607409495000,75,22
1607409795000,75,25
1607410095000,78,21
1607410395000,76,27
1607410695000,75,32
1607410995000,76,24
1607411295000,77,21
1607411595000,77,26
1607411895000,74,30
1607412195000,74,33
1607412495000,72,36
1607412795000,72,39
1607413095000,70,40
1607413395000,71,44
1607413695000,73,42
1607413995000,70,43
1607414295000,70,48
1607414595000,66,41
1607414895000,69,35
1607415195000,79,24
1607415495000,86,15
1607415795000,0,0
1607416095000,0,0
1607416395000,83,24
1607416695000,80,30
1607416995000,84,24
1607417295000,81,28
1607417595000,80,25
1607417895000,80,27
1607418195000,80,24
1607418495000,76,36
1607418795000,77,36
1607419095000,0,0
1607511958000,76,28
1607512258000,75,28
1607512558000,75,23
1607512858000,78,25
1607513158000,79,21
1607513458000,78,19
1607513758000,78,24
1607514058000,73,20
1607514358000,73,20
1607514658000,73,19
1607514958000,74,20
1607515258000,75,19
1607515558000,74,19
1607515858000,74,22
1607516158000,75,18
1607516458000,74,19
1607516758000,74,19
1607517058000,78,17
1607517358000,82,22
1607517658000,82,14
1607517958000,79,15
1607518258000,78,19
1607518558000,71,26
1607518858000,73,23
1607519158000,75,22
1607519458000,71,31
1607519758000,71,32
1607520058000,70,37
1607520358000,70,34
1607520658000,70,31
1607520958000,70,35
1607521258000,70,37
1607521558000,71,34
1607521858000,72,29
1607522158000,71,30
1607522458000,71,28
1607522758000,70,34
1607523058000,70,30
1607523358000,70,29
1607523658000,69,44
1607523958000,0,0
1607524258000,66,72
1607524558000,67,59
1607524858000,70,38
1607525158000,68,37
1607525458000,71,44
1607525758000,69,40
1607526058000,69,33
1607526358000,69,35
1607526658000,69,32
1607526958000,69,29
1607527258000,69,31
1607527558000,0,0
1607527858000,66,47
1607528158000,66,40
1607528458000,66,39
1607528758000,66,42
1607529058000,66,45
1607529358000,0,0
1607529658000,69,45
1607529958000,68,39
1607530258000,73,29
1607530558000,72,27
1607530858000,75,28
1607531158000,0,0
1607531458000,69,47
1607531758000,70,48
1607597220000,88,27
1607597520000,80,22
1607597820000,79,16
1607598120000,78,19
1607598420000,75,19
1607598720000,75,20
1607599020000,80,18
1607599320000,79,15
1607599620000,78,17
1607599920000,77,18
1607600220000,77,19
1607600520000,77,19
1607600820000,79,20
1607601120000,81,13
1607601420000,82,13
1607601720000,85,13
1607602020000,80,16
1607602320000,76,24
1607602620000,70,30
1607602920000,70,31
1607603220000,70,32
1607603520000,70,31
1607603820000,71,28
1607604120000,69,37
1607604420000,68,39
1607604720000,67,39
1607605020000,68,40
1607605320000,67,42
1607605620000,69,33
1607605920000,67,44
1607606220000,66,41
1607606520000,67,45
1607606820000,66,45
1607607120000,67,44
1607607420000,67,53
1607607720000,66,52
1607608020000,66,49
1607608320000,65,50
1607608620000,64,50
1607608920000,64,47
1607609220000,63,52
1607609520000,63,50
1607609820000,62,51
1607610120000,62,54
1607610420000,70,54
1607610720000,67,43
1607611020000,65,46
1607611320000,63,37
1607611620000,63,44
1607611920000,65,43
1607612220000,69,38
1607612520000,67,39
1607612820000,67,38
1607613120000,68,36
1607613420000,68,37
1607613720000,74,24
1607614020000,69,31
1607614320000,67,33
1607614620000,69,33
1607614920000,70,28
1607615220000,70,29
1607615520000,69,28
1607615820000,0,0
1607616120000,68,27
1607616420000,66,33
1607616720000,67,30
1607617020000,67,31
1607617320000,67,30
1607617620000,85,35
1607617920000,0,0
1607681280000,78,15
1607681580000,78,18
1607681880000,73,20
1607682180000,73,20
1607682480000,73,18
1607682780000,73,20
1607683080000,74,18
1607683380000,73,19
1607683680000,74,18
1607683980000,75,21
1607684280000,76,17
1607684580000,78,14
1607684880000,77,16
1607685180000,74,19
1607685480000,76,19
1607685780000,75,20
1607686080000,74,23
1607686380000,73,24
1607686680000,72,27
1607686980000,73,27
1607687280000,71,32
1607687580000,70,32
1607687880000,68,38
1607688180000,72,29
1607688480000,83,12
1607688780000,79,20
1607689080000,76,27
1607689380000,75,25
1607689680000,72,28
1607689980000,69,33
1607690280000,69,37
1607690580000,70,33
1607690880000,69,36
1607691180000,68,40
1607691480000,68,40
1607691780000,69,36
1607692080000,69,37
1607692380000,68,41
1607692680000,66,45
1607692980000,66,45
1607693280000,67,48
1607693580000,68,44
1607693880000,71,30
1607694180000,69,37
1607694480000,67,43
1607694780000,66,47
1607695080000,64,56
1607695380000,62,62
1607695680000,62,60
1607695980000,62,61
1607696280000,62,63
1607696580000,62,61
1607696880000,73,45
1607697180000,67,47
1607697480000,0,0
1607697780000,0,0
1607698080000,0,0
1607698380000,0,0
1607698680000,60,79
1607698980000,57,96
1607699280000,62,67
1607699580000,65,48
1607699880000,63,93
1607700180000,61,81
1607700480000,63,73
1607700780000,62,73
1607701080000,62,79
1607701380000,64,70
1607701680000,64,61
1607701980000,64,51
1607702280000,0,0
1607702580000,64,64
1607702880000,67,52
1607703180000,70,36
1607703480000,69,49
1607703780000,67,61
1607704080000,71,35
1607704380000,70,34
1607704680000,70,33
1607704980000,0,0
1607859029000,68,27
1607859329000,67,30
1607859629000,66,34
1607859929000,65,33
1607860229000,65,33
1607860529000,65,35
1607860829000,64,35
1607861129000,64,41
1607861429000,71,24
1607861729000,69,30
1607862029000,69,34
1607862329000,69,31
1607862629000,69,35
1607862929000,69,39
1607863229000,66,36
1607863529000,64,38
1607863829000,63,46
1607864129000,63,50
1607864429000,63,46
1607864729000,62,49
1607865029000,61,50
1607865329000,62,51
1607865629000,62,52
1607865929000,63,60
1607866229000,61,49
1607866529000,62,58
1607866829000,65,50
1607867129000,68,41
1607867429000,67,46
1607867729000,62,56
1607868029000,60,59
1607868329000,59,57
1607868629000,60,69
1607868929000,59,65
1607869229000,60,57
1607869529000,62,49
1607869829000,62,45
1607870129000,62,48
1607870429000,62,45
1607870729000,62,46
1607871029000,63,45
1607871329000,65,42
1607871629000,65,37
1607871929000,65,41
1607872229000,64,44
1607872529000,65,53
1607872829000,64,48
1607873129000,66,50
1607873429000,64,56
1607873729000,64,56
1607874029000,65,47
1607874329000,62,76
1607874629000,63,75
1607874929000,0,0
1607875229000,62,55
1607875529000,62,52
1607875829000,62,48
1607876129000,61,49
1607876429000,61,59
1607876729000,62,53
1607877029000,62,50
1607877329000,62,56
1607877629000,63,64
1607877929000,64,61
1607878229000,65,55
1607878529000,59,77
1607878829000,59,63
1607879129000,60,71
1607879429000,61,70
1607879729000,68,53
1607880029000,0,0
1607948791000,59,71
1607949091000,57,70
1607949391000,57,59
1607949691000,58,57
1607949991000,61,51
1607950291000,61,63
1607950591000,61,57
1607950891000,61,52
1607951191000,62,52
1607951491000,63,45
1607951791000,68,42
1607952091000,67,38
1607952391000,67,38
1607952691000,65,42
1607952991000,64,43
1607953291000,63,45
1607953591000,60,40
1607953891000,60,52
1607954191000,59,46
1607954491000,61,42
1607954791000,61,37
1607955091000,61,39
1607955391000,61,38
1607955691000,62,39
1607955991000,61,41
1607956291000,61,42
1607956591000,68,25
1607956891000,72,23
1607957191000,72,18
1607957491000,65,45
1607957791000,64,40
1607958091000,62,42
1607958391000,62,45
1607958691000,62,44
1607958991000,61,47
1607959291000,61,45
1607959591000,61,48
1607959891000,60,41
1607960191000,60,37
1607960491000,60,39
1607960791000,60,41
1607961091000,61,40
1607961391000,0,0
1607961691000,61,56
1607961991000,58,58
1607962291000,0,0
1607962591000,60,59
1607962891000,65,40
1607963191000,64,46
1607963491000,63,58
1607963791000,62,59
1607964091000,62,57
1607964391000,65,50
1607964691000,63,55
1607964991000,61,59
1607965291000,62,56
1607965591000,62,48
1607965891000,62,49
1607966191000,63,55
1607966491000,62,53
1607966791000,62,46
1607967091000,62,44
1607967391000,63,51
1607967691000,62,41
1607967991000,62,42
1607968291000,61,43
1607968591000,62,42
1607968891000,0,0
1607969191000,0,0
1608036152000,59,56
1608036452000,59,49
1608036752000,59,46
1608037052000,59,44
1608037352000,59,43
1608037652000,60,43
1608037952000,60,43
1608038252000,61,39
1608038552000,61,42
1608038852000,62,42
1608039152000,66,33
1608039452000,67,37
1608039752000,62,40
1608040052000,62,39
1608040352000,62,40
1608040652000,62,42
1608040952000,62,41
1608041252000,62,42
1608041552000,62,41
1608041852000,62,43
1608042152000,62,41
1608042452000,62,40
1608042752000,65,39
1608043052000,71,26
1608043352000,65,47
1608043652000,77,24
1608043952000,72,23
1608044252000,70,32
1608044552000,68,33
1608044852000,68,32
1608045152000,67,33
1608045452000,69,28
1608045752000,69,30
1608046052000,69,30
1608046352000,69,32
1608046652000,70,28
1608046952000,70,30
1608047252000,0,0
1608047552000,71,29
1608047852000,71,27
1608048152000,70,28
1608048452000,68,36
1608048752000,68,30
1608049052000,70,27
1608049352000,70,28
1608049652000,68,34
1608049952000,68,28
1608050252000,70,23
1608050552000,69,25
1608050852000,69,27
1608051152000,69,30
1608051452000,69,30
1608051752000,69,33
1608052052000,69,32
1608052352000,0,0
1608113622000,59,65
1608113922000,58,59
1608114222000,58,52
1608114522000,59,49
1608114822000,59,45
1608115122000,60,46
1608115422000,60,43
1608115722000,60,42
1608116022000,61,42
1608116322000,61,39
1608116622000,67,36
1608116922000,74,15
1608117222000,77,17
1608117522000,74,24
1608117822000,68,33
1608118122000,65,36
1608118422000,64,36
1608118722000,64,38
1608119022000,63,40
1608119322000,63,41
1608119622000,64,38
1608119922000,66,31
1608120222000,65,33
1608120522000,64,35
1608120822000,63,34
1608121122000,63,37
1608121422000,64,44
1608121722000,74,16
1608122022000,76,15
1608122322000,75,16
1608122622000,83,12
1608122922000,75,16
1608123222000,73,17
1608123522000,72,18
1608123822000,74,20
1608124122000,69,38
1608124422000,68,31
1608124722000,67,35
1608125022000,66,34
1608125322000,66,34
1608125622000,66,37
1608125922000,67,39
1608126222000,61,43
1608126522000,60,39
1608126822000,59,43
1608127122000,59,46
1608127422000,58,49
1608127722000,59,52
1608128022000,68,40
1608128322000,70,35
1608128622000,69,31
1608128922000,0,0
1608129222000,62,45
1608129522000,62,43
1608129822000,62,48
1608130122000,62,43
1608130422000,61,43
1608130722000,62,47
1608131022000,62,47
1608131322000,65,53
1608131622000,65,57
1608131922000,62,56
1608132222000,63,52
1608132522000,0,0
1608194760000,79,17
1608195060000,79,17
1608195360000,82,17
1608195660000,84,14
1608195960000,85,12
1608196260000,87,13
1608196560000,86,13
1608196860000,87,13
1608197160000,82,15
1608197460000,83,12
1608197760000,85,11
1608198060000,86,11
1608198360000,84,12
1608198660000,85,12
1608198960000,82,13
1608199260000,79,16
1608199560000,78,18
1608199860000,77,20
1608200160000,82,23
1608200460000,0,0
1608200760000,0,0
1608201060000,0,0
1608201360000,0,0
1608201660000,0,0
1608201960000,0,0
1608202260000,0,0
1608202560000,0,0
1608202860000,0,0
1608203160000,0,0
1608203460000,0,0
1608203760000,0,0
1608204060000,0,0
1608204360000,0,0
1608204660000,0,0
1608204960000,0,0
1608205260000,0,0
1608205560000,0,0
1608205860000,0,0
1608206160000,0,0
1608206460000,0,0
1608206760000,0,0
1608207060000,0,0
1608207360000,86,16
1608207660000,84,18
1608207960000,81,19
1608208260000,81,20
1608208560000,82,19
1608208860000,82,15
1608209160000,83,23
1608209460000,83,50
1608209760000,0,0
1608210060000,0,0
1608210360000,81,46
1608210660000,81,24
1608210960000,81,16
1608211260000,80,14
1608211560000,81,16
1608211860000,81,17
1608212160000,89,12
1608212460000,94,13
1608212760000,95,13
1608213060000,94,12
1608213360000,88,11
1608213660000,87,11
1608213960000,87,14
1608214260000,86,11
1608214560000,84,14
1608214860000,84,15
1608215160000,0,0
1608215460000,85,14
1608215760000,82,17
1608216060000,79,19
1608216360000,78,23
1608216660000,76,30
1608216960000,75,28
1608217260000,76,20
1608217560000,78,19
1608217860000,76,30
1608218160000,76,22
1608218460000,77,18
1608218760000,0,0
1608219060000,76,26
1608219360000,76,18
1608219660000,0,0
1608219960000,0,0
1608281822000,0,0
1608282122000,76,26
1608282422000,80,21
1608282722000,80,17
1608283022000,78,17
1608283322000,77,18
1608283622000,76,19
1608283922000,75,19
1608284222000,74,24
1608284522000,72,23
1608284822000,73,22
1608285122000,79,17
1608285422000,80,13
1608285722000,78,17
1608286022000,76,19
1608286322000,0,0
1608286622000,73,22
1608286922000,70,29
1608287222000,70,32
1608287522000,70,32
1608287822000,70,33
1608288122000,71,30
1608288422000,71,32
1608288722000,77,18
1608289022000,78,16
1608289322000,82,15
1608289622000,75,19
1608289922000,72,25
1608290222000,73,23
1608290522000,72,28
1608290822000,70,35
1608291122000,69,34
1608291422000,68,34
1608291722000,68,34
1608292022000,67,36
1608292322000,67,37
1608292622000,69,38
1608292922000,68,33
1608293222000,0,0
1608293522000,65,45
1608293822000,64,44
1608294122000,64,48
1608294422000,63,56
1608294722000,64,52
1608295022000,63,42
1608295322000,64,41
1608295622000,72,26
1608295922000,71,22
1608296222000,70,30
1608296522000,66,42
1608296822000,63,49
1608297122000,62,48
1608297422000,61,49
1608297722000,60,53
1608298022000,62,50
1608298322000,0,0
1608298622000,60,50
1608298922000,61,51
1608299222000,58,49
1608299522000,58,52
1608299822000,0,0
1608300122000,0,0
1608300422000,0,0
1608300722000,58,58
1608301022000,58,56
1608301322000,59,55
1608301622000,0,0
1608301922000,0,0
1608302222000,66,53
1608302522000,0,0
1608302822000,64,53
1608303122000,60,62
1608303422000,59,62
1608303722000,58,68
1608304022000,56,73
1608304322000,58,63
1608304622000,59,66
1608304922000,60,58
1608305222000,0,0
1608305522000,62,56
1608305822000,62,57
1608306122000,62,56
1608306422000,72,51
1608306722000,0,0
1608372304000,0,0
1608372604000,82,17
1608372904000,82,18
1608373204000,81,18
1608373504000,82,19
1608373804000,83,16
1608374104000,81,17
1608374404000,81,18
1608374704000,82,17
1608375004000,81,18
1608375304000,82,19
1608375604000,82,17
1608375904000,81,15
1608376204000,86,11
1608376504000,89,10
1608376804000,90,9
1608377104000,89,10
1608377404000,86,11
1608377704000,85,13
1608378004000,84,14
1608378304000,82,16
1608378604000,82,16
1608378904000,79,18
1608379204000,78,21
1608379504000,77,19
1608379804000,76,18
1608380104000,74,28
1608380404000,73,30
1608380704000,72,32
1608381004000,71,33
1608381304000,71,35
1608381604000,71,33
1608381904000,75,24
1608382204000,76,19
1608382504000,78,19
1608382804000,77,19
1608383104000,76,19
1608383404000,76,20
1608383704000,75,24
1608384004000,74,28
1608384304000,74,27
1608384604000,77,25
1608384904000,72,30
1608385204000,71,26
1608385504000,72,27
1608385804000,72,28
1608386104000,73,26
1608386404000,72,27
1608386704000,77,17
1608387004000,86,12
1608387304000,84,13
1608387604000,79,16
1608387904000,72,38
1608388204000,0,0
1608388504000,72,37
1608388804000,71,34
1608389104000,72,35
1608389404000,72,36
1608389704000,75,33
1608390004000,76,25
1608390304000,73,29
1608390604000,72,32
1608390904000,74,28
1608391204000,74,26
1608391504000,75,28
1608391804000,71,36
1608392104000,70,33
1608392404000,69,35
1608392704000,66,42
1608393004000,67,41
1608393304000,68,36
1608393604000,0,0
1608393904000,67,39
1608394204000,69,39
1608394504000,0,0
1608394804000,68,40
1608395104000,69,40
1608395404000,70,44
1608395704000,68,37
1608396004000,68,35
1608396304000,68,37
1608396604000,77,26
1608396904000,74,39
1608397204000,81,24
1608397504000,75,32
1608397804000,71,41
1608398104000,70,39
1608398404000,70,37
1608398704000,70,33
1608399004000,74,37
1608399304000,76,30
1608399604000,0,0
1608465750000,0,0
1608466050000,87,13
1608466350000,87,12
1608466650000,86,13
1608466950000,85,14
1608467250000,83,14
1608467550000,83,14
1608467850000,83,14
1608468150000,83,16
1608468450000,83,16
1608468750000,85,15
1608469050000,85,12
1608469350000,88,11
1608469650000,90,11
1608469950000,90,11
1608470250000,87,12
1608470550000,86,11
1608470850000,86,11
1608471150000,86,12
1608471450000,85,12
1608471750000,86,12
1608472050000,87,13
1608472350000,86,13
1608472650000,87,15
1608472950000,88,13
1608473250000,89,15
1608473550000,93,10
1608473850000,95,10
1608474150000,94,9
1608474450000,93,10
1608474750000,92,11
1608475050000,92,14
1608475350000,92,12
1608475650000,90,12
1608475950000,90,12
1608476250000,91,11
1608476550000,88,12
1608476850000,88,11
1608477150000,89,12
1608477450000,89,11
1608477750000,87,13
1608478050000,82,15
1608478350000,79,14
1608478650000,80,16
1608478950000,81,15
1608479250000,82,14
1608479550000,82,14
1608479850000,91,15
1608480150000,0,0
1608532352000,92,9
1608532652000,92,11
1608532952000,93,10
1608533252000,92,13
1608533552000,90,12
1608533852000,91,11
1608534152000,91,10
1608534452000,91,10
1608534752000,91,11
1608535052000,91,10
1608535352000,91,10
1608535652000,92,11
1608535952000,92,11
1608536252000,92,11
1608536552000,92,11
1608536852000,96,9
1608537152000,97,8
1608537452000,97,8
1608537752000,94,9
1608538052000,94,10
1608538352000,90,12
1608538652000,88,13
1608538952000,87,14
1608539252000,87,15
1608539552000,88,14
1608539852000,87,16
1608540152000,86,16
1608540452000,87,16
1608540752000,87,15
1608541052000,87,15
1608541352000,86,15
1608541652000,89,15
1608541952000,88,13
1608542252000,90,12
1608542552000,89,14
1608542852000,88,14
1608543152000,88,15
1608543452000,85,14
1608543752000,85,16
1608544052000,84,15
1608544352000,83,17
1608544652000,83,16
1608544952000,82,17
1608545252000,81,20
1608545552000,80,22
1608545852000,78,37
1608546152000,76,32
1608546452000,77,27
1608546752000,77,27
1608547052000,79,30
1608547352000,82,23
1608547652000,81,28
1608547952000,85,15
1608548252000,83,16
1608548552000,84,14
1608548852000,83,15
1608549152000,83,14
1608549452000,83,15
1608549752000,82,16
1608550052000,84,18
1608550352000,83,17
1608550652000,83,17
1608550952000,83,18
1608551252000,84,23
1608551552000,80,26
1608551852000,79,18
1608552152000,80,18
1608552452000,80,18
1608552752000,80,18
1608553052000,79,20
1608553352000,79,21
1608553652000,79,21
1608553952000,81,17
1608554252000,84,16
1608554552000,86,14
1608554852000,84,14
1608555152000,83,18
1608555452000,82,16
1608555752000,83,18
1608556052000,82,17
1608556352000,80,21
1608556652000,80,18
1608556952000,79,22
1608557252000,79,23
1608557552000,78,41
1608557852000,77,30
1608558152000,76,40
1608558452000,76,34
1608558752000,74,33
1608559052000,76,29
1608559352000,77,38
1608559652000,74,31
1608559952000,70,47
1608560252000,69,45
1608560552000,69,43
1608560852000,69,41
1608561152000,67,41
1608561452000,67,52
1608561752000,71,38
1608562052000,70,64
1608562352000,72,36
1608562652000,75,27
1608562952000,76,22
1608563252000,77,21
1608563552000,77,22
1608563852000,78,21
1608564152000,78,23
1608564452000,75,28
1608564752000,75,27
1608565052000,76,30
1608565352000,82,24
1608565652000,77,24
1608565952000,0,0
1608566252000,0,0
1608566552000,77,28
1608566852000,77,28
1608567152000,71,36
1608567452000,77,20
1608567752000,74,35
1608568052000,76,28
1608568352000,76,24
1608568652000,76,35
1608568952000,77,32
1608569252000,80,24
1608569552000,80,26
1608569852000,79,24
1608570152000,80,21
1608570452000,81,20
1608570752000,82,19
1608571052000,82,18
1608571352000,81,17
1608571652000,81,17
1608571952000,0,0
1608572252000,82,28
1608572552000,76,37
1608572852000,0,0
1608573152000,0,0
1608573452000,85,29
1608573752000,85,28
1608574052000,84,29
1608574352000,83,36
1608574652000,81,35
1608574952000,85,30
1608575252000,82,28
1608575552000,83,32
1608575852000,78,35
1608576152000,80,26
1608576452000,77,35
1608576752000,78,37
1608635613000,69,40
1608635913000,67,38
1608636213000,68,37
1608636513000,71,31
1608636813000,68,37
1608637113000,69,34
1608637413000,74,33
1608637713000,74,24
1608638013000,78,16
1608638313000,84,10
1608638613000,82,13
1608638913000,81,14
1608639213000,80,15
1608639513000,75,21
1608639813000,74,25
1608640113000,70,31
1608640413000,70,31
1608640713000,69,38
1608641013000,73,31
1608641313000,70,25
1608641613000,69,28
1608641913000,68,31
1608642213000,68,33
1608642513000,68,32
1608642813000,68,31
1608643113000,67,32
1608643413000,67,34
1608643713000,67,38
1608644013000,65,38
1608644313000,63,40
1608644613000,65,41
1608644913000,67,41
1608645213000,67,43
1608645513000,66,45
1608645813000,68,39
1608646113000,67,44
1608646413000,64,60
1608646713000,65,51
1608647013000,69,31
1608647313000,66,41
1608647613000,65,42
1608647913000,64,42
1608648213000,65,49
1608648513000,63,53
1608648813000,62,49
1608649113000,66,50
1608649413000,66,47
1608649713000,65,54
1608650013000,64,56
1608650313000,65,52
1608650613000,67,48
1608650913000,69,57
1608651213000,64,60
1608651513000,64,60
1608651813000,62,55
1608652113000,63,60
1608652413000,64,48
1608652713000,63,59
1608653013000,63,52
1608653313000,64,52
1608653613000,0,0
1608653913000,66,42
1608654213000,67,36
1608654513000,68,34
1608654813000,68,38
1608655113000,67,42
1608655413000,68,56
1608655713000,68,52
1608656013000,69,50
1608656313000,66,46
1608656613000,71,33
1608656913000,68,43
1608657213000,70,51
1608657513000,67,45
1608657813000,67,58
1608658113000,68,49
1608658413000,70,40
1608658713000,71,40
1608659013000,72,34
1608659313000,73,28
1608659613000,72,29
1608659913000,72,36
1608660213000,72,33
1608660513000,73,33
1608660813000,73,33
1608661113000,74,31
1608661413000,74,29
1608661713000,73,32
1608662013000,75,33
1608662313000,86,28
1608714929000,76,19
1608715229000,75,21
1608715529000,78,18
1608715829000,78,22
1608716129000,78,17
1608716429000,77,23
1608716729000,78,20
1608717029000,88,22
1608717329000,0,0
1608717629000,0,0
1608717929000,0,0
1608718229000,85,15
1608718529000,83,16
1608718829000,80,16
1608719129000,80,17
1608719429000,81,17
1608719729000,80,18
1608720029000,80,27
1608720329000,0,0
1608720629000,0,0
1608720929000,0,0
1608721229000,0,0
1608721529000,0,0
1608721829000,0,0
1608722129000,0,0
1608722429000,0,0
1608722729000,0,0
1608723029000,74,24
1608723329000,74,30
1608723629000,74,33
1608723929000,74,37
1608724229000,74,37
1608724529000,76,29
1608724829000,84,29
1608725129000,83,27
1608725429000,0,0
1608725729000,0,0
1608726029000,0,0
1608726329000,0,0
1608726629000,0,0
1608726929000,0,0
1608727229000,0,0
1608727529000,79,19
1608727829000,78,21
1608728129000,74,24
1608728429000,73,28
1608728729000,72,30
1608729029000,71,27
1608729329000,71,31
1608729629000,72,29
1608729929000,70,34
1608730229000,70,35
1608730529000,70,34
1608730829000,69,40
1608731129000,68,40
1608731429000,71,29
1608731729000,69,32
1608732029000,70,31
1608732329000,70,29
1608732629000,67,40
1608732929000,66,36
1608733229000,66,34
1608733529000,66,36
1608733829000,67,35
1608734129000,64,38
1608734429000,66,45
1608734729000,65,35
1608735029000,64,37
1608735329000,65,41
1608735629000,70,26
1608735929000,68,39
1608736229000,68,39
1608736529000,67,47
1608736829000,74,33
1608737129000,68,36
1608737429000,65,51
1608737729000,67,47
1608738029000,68,44
1608738329000,66,52
1608738629000,66,55
1608738929000,64,63
1608739229000,66,57
1608739529000,66,59
1608739829000,66,50
1608740129000,67,55
1608740429000,66,55
1608740729000,66,55
1608741029000,67,56
1608741329000,67,44
1608741629000,71,27
1608741929000,68,33
1608742229000,68,33
1608742529000,68,42
1608742829000,66,39
1608743129000,65,41
1608743429000,67,35
1608743729000,68,36
1608744029000,69,39
1608744329000,70,37
1608744629000,68,45
1608744929000,73,32
1608745229000,67,45
1608745529000,70,54
1608745829000,70,53
1608746129000,72,36
1608794670000,82,18
1608794970000,85,17
1608795270000,0,0
1608795570000,84,15
1608795870000,84,16
1608796170000,81,18
1608796470000,80,20
1608796770000,79,21
1608797070000,81,17
1608797370000,79,19
1608797670000,79,20
1608797970000,78,23
1608798270000,75,27
1608798570000,74,25
1608798870000,73,32
1608799170000,74,28
1608799470000,74,29
1608799770000,76,23
1608800070000,79,24
1608800370000,75,26
1608800670000,72,31
1608800970000,72,32
1608801270000,70,31
1608801570000,69,30
1608801870000,69,37
1608802170000,67,41
1608802470000,65,45
1608802770000,64,43
1608803070000,63,51
1608803370000,64,50
1608803670000,63,50
1608803970000,65,42
1608804270000,67,40
1608804570000,70,44
1608804870000,66,45
1608805170000,67,36
1608805470000,65,37
1608805770000,66,38
1608806070000,66,44
1608806370000,65,43
1608806670000,65,43
1608806970000,66,36
1608807270000,66,41
1608807570000,63,43
1608807870000,63,46
1608808170000,64,47
1608808470000,63,43
1608808770000,63,46
1608809070000,63,41
1608809370000,65,46
1608809670000,72,25
1608809970000,72,32
1608810270000,73,33
1608810570000,64,70
1608810870000,72,36
1608811170000,62,61
1608811470000,62,71
1608811770000,63,67
1608812070000,66,50
1608812370000,65,47
1608812670000,66,41
1608812970000,66,39
1608813270000,65,43
1608813570000,65,47
1608813870000,65,35
1608814170000,64,39
1608814470000,65,33
1608814770000,64,37
1608815070000,67,39
1608815370000,63,41
1608815670000,63,43
1608815970000,61,50
1608816270000,64,37
1608816570000,64,39
1608816870000,65,44
1608817170000,69,31
1608817470000,73,22
1608817770000,69,36
1608818070000,65,37
1608818370000,66,37
1608818670000,70,27
1608818970000,68,35
1608819270000,67,33
1608819570000,68,29
1608819870000,69,31
1608820170000,70,28
1608820470000,70,29
1608820770000,70,27
1608821070000,72,25
1608821370000,68,39
1608821670000,66,39
1608821970000,66,43
1608822270000,65,46
1608822570000,65,45
1608822870000,67,39
1608823170000,70,32
1608823470000,68,40
1608823770000,66,44
1608824070000,66,38
1608824370000,68,45
1608824670000,68,43
1608824970000,67,50
1608825270000,67,52
1608825570000,65,66
1608825870000,65,53
1608826170000,67,42
1608826470000,66,66
1608826770000,67,51
1608827070000,67,47
1608827370000,66,53
1608827670000,65,71
1608827970000,68,50
1608828270000,68,46
1608828570000,69,53
1608828870000,64,66
1608829170000,66,54
1608829470000,64,62
1608829770000,65,61
1608830070000,66,52
1608830370000,67,48
1608830670000,67,51
1608830970000,65,67
1608831270000,67,45
1608831570000,66,66
1608831870000,65,58
1608832170000,68,50
1608832470000,67,42
1608832770000,67,49
1608833070000,67,47
1608833370000,67,48
1608833670000,67,59
1608833970000,74,36
1608834270000,0,0
1608895172000,80,21
1608895472000,77,32
1608895772000,72,46
1608896072000,71,52
1608896372000,70,61
1608896672000,69,50
1608896972000,67,32
1608897272000,68,38
1608897572000,71,34
1608897872000,73,32
1608898172000,69,33
1608898472000,70,34
1608898772000,71,28
1608899072000,76,19
1608899372000,75,19
1608899672000,74,20
1608899972000,75,21
1608900272000,76,24
1608900572000,72,25
1608900872000,72,28
1608901172000,67,39
1608901472000,66,41
1608901772000,67,36
1608902072000,66,43
1608902372000,66,46
1608902672000,66,47
1608902972000,65,52
1608903272000,65,49
1608903572000,64,64
1608903872000,64,55
1608904172000,65,49
1608904472000,66,43
1608904772000,63,54
1608905072000,64,56
1608905372000,63,67
1608905672000,62,58
1608905972000,63,59
1608906272000,63,54
1608906572000,63,57
1608906872000,63,58
1608907172000,63,57
1608907472000,64,55
1608907772000,61,60
1608908072000,62,61
1608908372000,64,60
1608908672000,62,54
1608908972000,61,72
1608909272000,62,64
1608909572000,63,58
1608909872000,63,67
1608910172000,0,0
1608910472000,61,74
1608910772000,61,69
1608911072000,58,70
1608911372000,65,58
1608911672000,66,63
1608911972000,71,46
1608912272000,0,0
1608977008000,84,18
1608977308000,82,18
1608977608000,82,17
1608977908000,81,16
1608978208000,80,16
1608978508000,80,17
1608978808000,79,18
1608979108000,78,20
1608979408000,78,21
1608979708000,77,24
1608980008000,75,21
1608980308000,76,19
1608980608000,76,21
1608980908000,75,23
1608981208000,76,21
1608981508000,75,22
1608981808000,75,24
1608982108000,74,26
1608982408000,73,28
1608982708000,72,32
1608983008000,75,21
1608983308000,79,14
1608983608000,76,19
1608983908000,74,22
1608984208000,72,28
1608984508000,71,33
1608984808000,71,34
1608985108000,67,45
1608985408000,64,48
1608985708000,64,47
1608986008000,63,52
1608986308000,0,0
1608986608000,67,43
1608986908000,68,41
1608987208000,68,54
1608987508000,68,43
1608987808000,69,43
1608988108000,67,48
1608988408000,67,46
1608988708000,69,47
1608989008000,67,46
1608989308000,68,44
1608989608000,62,60
1608989908000,63,50
1608990208000,64,52
1608990508000,62,58
1608990808000,63,57
1608991108000,63,64
1608991408000,63,52
1608991708000,64,50
1608992008000,65,50
1608992308000,64,55
1608992608000,65,68
1608992908000,63,63
1608993208000,69,39
1608993508000,68,41
1608993808000,73,26
1608994108000,66,48
1608994408000,66,42
1608994708000,64,50
1608995008000,64,52
1608995308000,63,55
1608995608000,64,52
1608995908000,64,43
1608996208000,64,56
1608996508000,64,60
1608996808000,64,72
1608997108000,63,66
1608997408000,66,50
1608997708000,67,46
1608998008000,67,53
1608998308000,68,47
1608998608000,68,56
1608998908000,66,61
1608999208000,69,48
1608999508000,65,64
1608999808000,67,46
1609000108000,73,29
1609000408000,69,43
1609000708000,69,40
1609001008000,66,54
1609001308000,66,47
1609001608000,68,38
1609001908000,68,37
1609002208000,71,30
1609002508000,69,34
1609002808000,72,33
1609003108000,69,42
1609003408000,68,44
1609003708000,69,39
1609004008000,69,41
1609004308000,68,50
1609004608000,68,48
1609004908000,74,27
1609005208000,73,37
1609005508000,72,35
1609005808000,70,42
1609006108000,71,35
1609006408000,71,37
1609006708000,70,42
1609007008000,72,39
1609007308000,72,40
1609007608000,69,48
1609007908000,68,45
1609008208000,70,39
1609008508000,72,36
1609008808000,0,0
1609009108000,0,0
1609063004000,0,0
1609063304000,0,0
1609063604000,74,24
1609063904000,73,26
1609064204000,73,25
1609064504000,73,27
1609064804000,73,25
1609065104000,73,28
1609065404000,74,25
1609065704000,73,26
1609066004000,72,30
1609066304000,72,28
1609066604000,73,32
1609066904000,75,26
1609067204000,74,25
1609067504000,74,26
1609067804000,73,27
1609068104000,71,34
1609068404000,71,29
1609068704000,71,30
1609069004000,72,38
1609069304000,69,43
1609069604000,70,38
1609069904000,69,39
1609070204000,70,34
1609070504000,69,33
1609070804000,71,39
1609071104000,71,31
1609071404000,76,20
1609071704000,77,19
1609072004000,70,49
1609072304000,69,45
1609072604000,68,46
1609072904000,67,48
1609073204000,66,64
1609073504000,66,60
1609073804000,65,67
1609074104000,65,68
1609074404000,66,66
1609074704000,68,54
1609075004000,67,47
1609075304000,66,49
1609075604000,66,52
1609075904000,64,56
1609076204000,64,59
1609076504000,68,55
1609076804000,66,48
1609077104000,66,50
1609077404000,67,41
1609077704000,68,40
1609078004000,67,44
1609078304000,65,47
1609078604000,66,48
1609078904000,65,50
1609079204000,65,47
1609079504000,65,48
1609079804000,65,53
1609080104000,64,51
1609080404000,64,58
1609080704000,62,56
1609081004000,64,56
1609081304000,63,62
1609081604000,62,51
1609081904000,63,55
1609082204000,63,55
1609082504000,63,47
1609082804000,67,69
1609083104000,64,64
1609083404000,66,48
1609083704000,68,46
1609084004000,66,51
1609084304000,67,50
1609084604000,68,45
1609084904000,64,43
1609085204000,64,57
1609085504000,64,55
1609085804000,64,44
1609086104000,66,44
1609086404000,65,43
1609086704000,65,47
1609087004000,66,42
1609087304000,66,44
1609087604000,66,44
1609087904000,65,54
1609088204000,65,45
1609088504000,66,46
1609088804000,67,57
1609089104000,68,52
1609089404000,65,60
1609089704000,68,43
1609090004000,68,38
1609090304000,71,35
1609090604000,69,49
1609090904000,68,37
1609091204000,66,56
1609091504000,65,54
1609091804000,63,62
1609092104000,0,0
1609092404000,65,48
1609092704000,67,43
1609093004000,68,40
1609093304000,67,50
1609093604000,69,54
1609093904000,69,53
1609094204000,71,54
1609094504000,68,50
1609094804000,67,57
1609095104000,68,56
1609095404000,75,44
1609095704000,0,0
1609157312000,62,48
1609157612000,61,45
1609157912000,61,45
1609158212000,62,44
1609158512000,62,45
1609158812000,63,43
1609159112000,63,47
1609159412000,64,49
1609159712000,64,45
1609160012000,71,31
1609160312000,70,32
1609160612000,68,42
1609160912000,66,43
1609161212000,68,47
1609161512000,66,41
1609161812000,65,45
1609162112000,65,46
1609162412000,65,51
1609162712000,64,46
1609163012000,62,51
1609163312000,62,51
1609163612000,62,54
1609163912000,62,56
1609164212000,62,55
1609164512000,65,61
1609164812000,63,58
1609165112000,67,52
1609165412000,0,0
1609165712000,66,41
1609166012000,63,51
1609166312000,63,47
1609166612000,63,52
1609166912000,64,51
1609167212000,64,64
1609167512000,64,55
1609167812000,64,53
1609168112000,66,43
1609168412000,72,35
1609168712000,75,23
1609169012000,70,46
1609169312000,67,50
1609169612000,70,39
1609169912000,65,57
1609170212000,65,65
1609170512000,66,53
1609170812000,65,63
1609171112000,66,59
1609171412000,64,56
1609171712000,66,47
1609172012000,66,48
1609172312000,66,54
1609172612000,66,47
1609172912000,67,43
1609173212000,67,47
1609173512000,65,44
1609173812000,66,44
1609174112000,68,50
1609174412000,72,31
1609174712000,68,48
1609175012000,68,44
1609175312000,67,44
1609175612000,66,46
1609175912000,68,42
1609176212000,68,40
1609176512000,68,42
1609176812000,70,38
1609177112000,68,31
1609177412000,68,50
1609177712000,68,45
1609178012000,69,39
1609178312000,70,37
1609178612000,70,37
1609178912000,70,37
1609179212000,70,35
1609179512000,73,40
1609179812000,69,42
1609180112000,69,45
1609180412000,74,33
1609180712000,71,49
1609181012000,76,34
1609181312000,71,35
1609181612000,72,38
1609181912000,71,53
1609182212000,72,53
1609182512000,0,0
1609239269000,74,35
1609239569000,69,36
1609239869000,69,33
1609240169000,68,37
1609240469000,68,31
1609240769000,70,29
1609241069000,70,27
1609241369000,70,28
1609241669000,70,29
1609241969000,70,33
1609242269000,73,27
1609242569000,75,23
1609242869000,76,17
1609243169000,74,19
1609243469000,74,19
1609243769000,76,17
1609244069000,68,42
1609244369000,67,40
1609244669000,66,41
1609244969000,65,44
1609245269000,64,43
1609245569000,65,42
1609245869000,64,49
1609246169000,64,48
1609246469000,67,44
1609246769000,74,19
1609247069000,68,43
1609247369000,78,17
1609247669000,72,32
1609247969000,69,43
1609248269000,69,40
1609248569000,68,38
1609248869000,67,42
1609249169000,67,43
1609249469000,68,44
1609249769000,66,41
1609250069000,66,43
1609250369000,66,46
1609250669000,66,40
1609250969000,66,40
1609251269000,67,37
1609251569000,66,44
1609251869000,66,40
1609252169000,66,42
1609252469000,68,42
1609252769000,71,32
1609253069000,73,23
1609253369000,71,31
1609253669000,75,30
1609253969000,65,70
1609254269000,70,52
1609254569000,76,33
1609254869000,68,64
1609255169000,64,55
1609255469000,66,43
1609255769000,69,44
1609256069000,60,70
1609256369000,61,61
1609256669000,62,53
1609256969000,63,53
1609257269000,64,49
1609257569000,62,68
1609257869000,62,58
1609258169000,66,57
1609258469000,68,50
1609258769000,69,51
1609259069000,68,66
1609259369000,67,51
1609259669000,66,58
1609259969000,67,50
1609260269000,67,45
1609260569000,68,35
1609260869000,68,39
1609261169000,70,39
1609261469000,70,42
1609261769000,71,39
1609262069000,71,39
1609262369000,71,44
1609262669000,67,59
1609262969000,68,52
1609263269000,68,59
1609263569000,72,60
1609325190000,81,18
1609325490000,75,27
1609325790000,72,26
1609326090000,72,26
1609326390000,73,24
1609326690000,73,26
1609326990000,73,26
1609327290000,76,25
1609327590000,74,24
1609327890000,73,26
1609328190000,75,28
1609328490000,73,25
1609328790000,76,22
1609329090000,77,18
1609329390000,73,23
1609329690000,73,24
1609329990000,72,34
1609330290000,70,28
1609330590000,69,30
1609330890000,68,36
1609331190000,68,33
1609331490000,68,34
1609331790000,67,41
1609332090000,66,41
1609332390000,69,39
1609332690000,71,33
1609332990000,80,17
1609333290000,79,21
1609333590000,78,23
1609333890000,78,20
1609334190000,77,24
1609334490000,71,34
1609334790000,70,42
1609335090000,68,44
1609335390000,68,41
1609335690000,64,48
1609335990000,65,45
1609336290000,66,49
1609336590000,69,39
1609336890000,64,49
1609337190000,65,43
1609337490000,65,40
1609337790000,66,35
1609338090000,66,35
1609338390000,66,42
1609338690000,64,39
1609338990000,66,43
1609339290000,68,49
1609339590000,69,52
1609339890000,67,41
1609340190000,72,28
1609340490000,76,22
1609340790000,83,27
1609341090000,68,64
1609404812000,0,0
1609405112000,70,29
1609405412000,68,32
1609405712000,69,29
1609406012000,70,28
1609406312000,71,24
1609406612000,71,26
1609406912000,73,35
1609407212000,70,29
1609407512000,72,30
1609407812000,71,27
1609408112000,76,22
1609408412000,77,20
1609408712000,78,18
1609409012000,76,22
1609409312000,73,23
1609409612000,74,24
1609409912000,74,25
1609410212000,72,29
1609410512000,72,28
1609410812000,72,30
1609411112000,72,34
1609411412000,71,29
1609411712000,70,32
1609412012000,70,33
1609412312000,69,40
1609412612000,68,37
1609412912000,71,33
1609413212000,75,23
1609413512000,74,30
1609413812000,71,33
1609414112000,69,32
1609414412000,69,35
1609414712000,68,37
1609415012000,67,41
1609415312000,67,42
1609415612000,67,46
1609415912000,67,52
1609416212000,65,43
1609416512000,66,44
1609416812000,63,47
1609417112000,64,46
1609417412000,66,39
1609417712000,70,36
1609418012000,71,36
1609418312000,71,34
1609418612000,70,35
1609418912000,69,37
1609419212000,69,31
1609419512000,68,34
1609419812000,67,37
1609420112000,68,37
1609420412000,68,36
1609420712000,70,33
1609421012000,67,40
1609421312000,67,45
1609421612000,68,37
1609421912000,69,36
1609422212000,67,44
1609422512000,67,37
1609422812000,68,34
1609423112000,66,36
1609423412000,68,39
1609423712000,68,46
1609424012000,70,38
1609424312000,72,43
1609424612000,71,34
1609424912000,75,26
1609425212000,71,34
1609425512000,69,40
1609425812000,66,48
1609426112000,67,37
1609426412000,68,39
1609426712000,69,35
1609427012000,69,37
1609427312000,70,34
1609427612000,70,36
1609427912000,70,36
1609428212000,70,34
1609428512000,70,35
1609428812000,70,40
1609429112000,70,43
1609429412000,69,49
1609429712000,68,50
1609430012000,68,48
1609430312000,70,45
1609430612000,70,52
1609430912000,67,49
1609431212000,66,58
1609431512000,67,56
1609431812000,69,49
1609432112000,69,48
1609432412000,70,46
1609432712000,70,49
1609433012000,70,48
1609433312000,69,51
1609433612000,74,36
1609433912000,70,47
1609434212000,67,77
1609434512000,67,59
1609434812000,67,53
1609435112000,71,49
1609435412000,67,50
1609435712000,69,47
1609436012000,71,43
1609436312000,69,50
1609436612000,70,45
1609436912000,71,45
1609437212000,72,44
1609437512000,68,58
1609437812000,72,39
1609438112000,78,33
1609438412000,69,47
1609438712000,73,37
1609439012000,70,51
1609439312000,71,48
1609439612000,70,40
1609439912000,71,37
1609440212000,71,34
1609440512000,72,39
1609440812000,72,37
1609441112000,71,37
1609441412000,73,33
1609441712000,74,33
1609442012000,74,38
1609442312000,78,29
1609442612000,0,0
1609496583000,84,18
1609496883000,84,16
1609497183000,0,0
1609497483000,84,18
1609497783000,82,17
1609498083000,82,15
1609498383000,82,15
1609498683000,83,16
1609498983000,81,16
1609499283000,81,16
1609499583000,83,16
1609499883000,83,14
1609500183000,86,15
1609500483000,88,13
1609500783000,89,11
1609501083000,89,11
1609501383000,90,11
1609501683000,90,11
1609501983000,90,11
1609502283000,92,12
1609502583000,91,9
1609502883000,92,10
1609503183000,92,9
1609503483000,91,10
1609503783000,91,10
1609504083000,88,11
1609504383000,87,11
1609504683000,86,12
1609504983000,86,12
1609505283000,86,12
1609505583000,83,15
1609505883000,81,13
1609506183000,89,10
1609506483000,90,12
1609506783000,88,10
1609507083000,82,15
1609507383000,83,16
1609507683000,82,16
1609507983000,80,17
1609508283000,79,17
1609508583000,78,18
1609508883000,78,20
1609509183000,77,19
1609509483000,77,23
1609509783000,76,24
1609510083000,78,26
1609510383000,78,23
1609510683000,79,23
1609510983000,80,24
1609511283000,78,23
1609511583000,78,23
1609511883000,78,24
1609512183000,77,16
1609512483000,79,22
1609512783000,77,24
1609513083000,73,28
1609513383000,74,23
1609513683000,76,27
1609513983000,77,21
1609514283000,77,22
1609514583000,77,20
1609514883000,77,24
1609515183000,77,24
1609515483000,76,29
1609515783000,78,20
1609516083000,75,31
1609516383000,70,38
1609516683000,72,32
1609516983000,73,28
1609517283000,74,33
1609517583000,76,34
1609517883000,74,32
1609518183000,75,39
1609518483000,76,31
1609518783000,77,19
1609519083000,74,31
1609519383000,75,37
1609519683000,80,18
1609519983000,77,22
1609520283000,77,21
1609520583000,74,28
1609520883000,75,23
1609521183000,76,22
1609521483000,77,22
1609521783000,78,20
1609522083000,77,21
1609522383000,77,20
1609522683000,77,19
1609522983000,80,22
1609523283000,76,24
1609523583000,76,25
1609523883000,77,27
1609524183000,75,25
1609524483000,75,33
1609524783000,76,24
1609525083000,77,21
1609525383000,79,21
1609525683000,79,18
1609525983000,80,23
1609526283000,80,20
1609526583000,81,20
1609526883000,82,21
1609527183000,83,17
1609527483000,71,37
1609584841000,83,23
1609585141000,82,25
1609585441000,83,26
1609585741000,83,29
1609586041000,84,28
1609586341000,84,27
1609586641000,86,13
1609586941000,83,14
1609587241000,83,13
1609587541000,83,13
1609587841000,81,17
1609588141000,79,17
1609588441000,78,21
1609588741000,76,24
1609589041000,78,24
1609589341000,77,22
1609589641000,77,24
1609589941000,76,25
1609590241000,75,24
1609590541000,77,19
1609590841000,80,18
1609591141000,76,23
1609591441000,80,18
1609591741000,74,34
1609592041000,80,22
1609592341000,80,23
1609592641000,82,19
1609592941000,77,33
1609593241000,74,31
1609593541000,72,33
1609593841000,71,34
1609594141000,71,32
1609594441000,71,35
1609594741000,71,30
1609595041000,71,32
1609595341000,72,28
1609595641000,74,29
1609595941000,72,33
1609596241000,73,29
1609596541000,72,34
1609596841000,72,28
1609597141000,72,28
1609597441000,72,32
1609597741000,73,33
1609598041000,72,30
1609598341000,74,31
1609598641000,74,28
1609598941000,75,40
1609599241000,77,28
1609599541000,75,31
1609599841000,73,25
1609600141000,74,26
1609600441000,74,21
1609600741000,73,28
1609601041000,73,33
1609601341000,72,41
1609601641000,71,41
1609601941000,71,56
1609602241000,71,49
1609602541000,71,43
1609602841000,72,44
1609603141000,70,39
1609603441000,0,0
1609603741000,74,36
1609604041000,71,39
1609604341000,74,32
1609604641000,71,39
1609604941000,0,0
1609605241000,0,0
1609605541000,0,0
1609605841000,73,34
1609606141000,0,0
1609606441000,0,0
1609606741000,0,0
1609607041000,0,0
1609607341000,0,0
1609607641000,71,35
1609607941000,73,31
1609608241000,73,28
1609608541000,74,30
1609608841000,74,27
1609609141000,0,0
1609609441000,0,0
1609609741000,0,0
1609610041000,76,23
1609610341000,75,35
1609610641000,76,28
1609610941000,77,28
1609611241000,75,30
1609611541000,76,29
1609611841000,74,31
1609612141000,75,31
1609612441000,76,30
1609612741000,77,32
1609613041000,81,35
1609613341000,0,0
1609613641000,0,0
1609613941000,0,0
1609614241000,0,0
1609614541000,0,0
1609614841000,0,0
1609615141000,0,0
1609843379000,0,0
1609843679000,0,0
1609843979000,86,29
1609844279000,84,42
1609844579000,82,26
1609844879000,81,21
1609845179000,80,19
1609845479000,80,19
1609845779000,80,18
1609846079000,77,23
1609846379000,78,21
1609846679000,79,19
1609846979000,79,20
1609847279000,78,18
1609847579000,77,20
1609847879000,76,23
1609848179000,76,21
1609848479000,73,23
1609848779000,72,20
1609849079000,72,19
1609849379000,72,18
1609849679000,71,20
1609849979000,71,22
1609850279000,80,10
1609850579000,85,10
1609850879000,81,17
1609851179000,79,17
1609851479000,76,19
1609851779000,75,18
1609852079000,74,20
1609852379000,75,19
1609852679000,75,20
1609852979000,74,23
1609853279000,74,24
1609853579000,74,23
1609853879000,73,24
1609854179000,73,23
1609854479000,72,25
1609854779000,75,24
1609855079000,76,17
1609855379000,78,23
1609855679000,74,23
1609855979000,73,23
1609856279000,79,20
1609856579000,73,20
1609856879000,69,38
1609857179000,68,33
1609857479000,68,32
1609857779000,68,27
1609858079000,68,31
1609858379000,68,33
1609858679000,69,51
1609858979000,68,35
1609859279000,69,32
1609859579000,68,43
1609859879000,70,32
1609860179000,71,33
1609860479000,69,40
1609860779000,69,31
1609861079000,68,46
1609861379000,74,35
1609861679000,75,32
1609861979000,68,45
1609862279000,71,42
1609862579000,69,33
1609862879000,70,42
1609863179000,72,45
1609863479000,72,47
1609863779000,72,37
1609864079000,73,41
1609864379000,72,35
1609864679000,70,33
1609864979000,73,35
1609865279000,76,28
1609865579000,0,0
1609921080000,82,22
1609921380000,85,16
1609921680000,87,13
1609921980000,89,12
1609922280000,88,12
1609922580000,90,13
1609922880000,89,15
1609923180000,89,13
1609923480000,88,14
1609923780000,88,15
1609924080000,87,13
1609924380000,85,13
1609924680000,85,13
1609924980000,0,0
1609925280000,78,25
1609925580000,78,21
1609925880000,79,19
1609926180000,77,19
1609926480000,77,20
1609926780000,78,21
1609927080000,77,18
1609927380000,77,18
1609927680000,79,15
1609927980000,83,13
1609928280000,85,12
1609928580000,85,12
1609928880000,83,16
1609929180000,81,16
1609929480000,81,16
1609929780000,80,18
1609930080000,79,18
1609930380000,81,18
1609930680000,79,19
1609930980000,79,20
1609931280000,79,17
1609931580000,79,17
1609931880000,78,18
1609932180000,76,19
1609932480000,76,24
1609932780000,82,13
1609933080000,81,14
1609933380000,72,38
1609933680000,72,27
1609933980000,73,32
1609934280000,71,32
1609934580000,70,32
1609934880000,71,33
1609935180000,72,28
1609935480000,71,25
1609935780000,71,24
1609936080000,73,23
1609936380000,77,26
1609936680000,75,31
1609936980000,70,32
1609937280000,72,28
1609937580000,74,30
1609937880000,78,26
1609938180000,76,20
1609938480000,75,23
1609938780000,76,22
1609939080000,76,20
1609939380000,76,23
1609939680000,75,24
1609939980000,75,23
1609940280000,75,31
1609940580000,71,43
1609940880000,70,36
1609941180000,74,26
1609941480000,72,32
1609941780000,70,30
1609942080000,70,33
1609942380000,71,28
1609942680000,72,30
1609942980000,71,32
1609943280000,71,34
1609943580000,70,35
1609943880000,76,24
1609944180000,74,22
1609944480000,73,24
1609944780000,75,26
1609945080000,75,21
1609945380000,75,25
1609945680000,79,19
1609945980000,70,45
1609946280000,68,44
1609946580000,67,38
1609946880000,0,0
1609947180000,73,27
1609947480000,68,38
1609947780000,69,42
1609948080000,68,48
1609948380000,71,44
1609948680000,73,30
1609948980000,79,23
1610097483000,81,16
1610097783000,83,20
1610098083000,84,17
1610098383000,84,15
1610098683000,84,16
1610098983000,85,15
1610099283000,85,15
1610099583000,86,14
1610099883000,86,14
1610100183000,89,13
1610100483000,89,13
1610100783000,97,8
1610101083000,97,9
1610101383000,93,11
1610101683000,90,12
1610101983000,88,13
1610102283000,86,13
1610102583000,84,12
1610102883000,82,14
1610103183000,82,14
1610103483000,81,14
1610103783000,81,16
1610104083000,80,15
1610104383000,79,16
1610104683000,78,17
1610104983000,77,19
1610105283000,76,22
1610105583000,79,17
1610105883000,83,13
1610106183000,82,14
1610106483000,80,15
1610106783000,78,19
1610107083000,78,19
1610107383000,77,20
1610107683000,76,19
1610107983000,76,20
1610108283000,77,24
1610108583000,76,18
1610108883000,76,18
1610109183000,77,18
1610109483000,76,20
1610109783000,76,17
1610110083000,75,19
1610110383000,74,23
1610110683000,0,0
1610110983000,68,30
1610111283000,72,29
1610111583000,72,31
1610111883000,70,38
1610112183000,69,36
1610112483000,68,32
1610112783000,72,25
1610113083000,77,17
1610113383000,77,17
1610113683000,76,18
1610113983000,77,16
1610114283000,73,39
1610114583000,72,30
1610114883000,73,28
1610115183000,73,27
1610115483000,74,28
1610115783000,76,32
1610116083000,80,26
1610116383000,80,18
1610116683000,87,13
1610116983000,76,27
1610117283000,78,22
1610117583000,86,14
1610117883000,83,17
1610118183000,79,22
1610118483000,76,23
1610118783000,78,20
1610119083000,77,28
1610119383000,77,19
1610119683000,0,0
1610186881000,79,15
1610187181000,78,14
1610187481000,78,16
1610187781000,79,17
1610188081000,80,17
1610188381000,84,14
1610188681000,83,14
1610188981000,82,15
1610189281000,83,14
1610189581000,85,11
1610189881000,87,9
1610190181000,85,11
1610190481000,85,11
1610190781000,84,11
1610191081000,81,13
1610191381000,80,12
1610191681000,80,13
1610191981000,80,13
1610192281000,80,14
1610192581000,80,15
1610192881000,79,13
1610193181000,79,15
1610193481000,78,15
1610193781000,77,16
1610194081000,77,15
1610194381000,76,17
1610194681000,79,17
1610194981000,81,11
1610195281000,79,12
1610195581000,77,14
1610195881000,74,17
1610196181000,72,19
1610196481000,72,22
1610196781000,74,22
1610197081000,74,33
1610197381000,73,27
1610197681000,73,23
1610197981000,72,66
1610198281000,72,50
1610198581000,71,31
1610198881000,72,26
1610199181000,77,18
1610199481000,76,15
1610199781000,76,21
1610200081000,73,27
1610200381000,72,25
1610200681000,72,24
1610200981000,71,23
1610201281000,72,18
1610201581000,72,21
1610201881000,71,27
1610202181000,70,21
1610202481000,0,0
1610202781000,70,27
1610203081000,70,25
1610203381000,70,24
1610203681000,70,28
1610203981000,71,28
1610204281000,74,24
1610204581000,79,17
1610204881000,78,44
1610205181000,80,23
1610205481000,80,24
1610205781000,76,31
1610206081000,75,29
1610206381000,75,23
1610206681000,74,30
1610206981000,74,28
1610207281000,75,26
1610207581000,76,28
1610207881000,75,30
1610208181000,74,29
1610208481000,74,29
1610208781000,0,0
1610209081000,70,31
1610209381000,71,25
1610209681000,72,33
1610209981000,72,27
1610210281000,72,29
1610210581000,72,29
1610210881000,73,28
1610211181000,74,27
1610211481000,75,20
1610211781000,78,19
1610212081000,69,47
1610212381000,76,29
1610212681000,73,25
1610212981000,72,28
1610213281000,71,34
1610213581000,70,26
1610213881000,70,33
1610214181000,0,0
1610214481000,74,45
1610214781000,74,41
1610215081000,77,45
1610215381000,75,26
1610215681000,75,44
1610215981000,79,29
1610216281000,74,49
1610216581000,0,0
1610274061000,0,0
1610274361000,0,0
1610274661000,76,22
1610274961000,75,25
1610275261000,75,29
1610275561000,77,23
1610275861000,74,22
1610276161000,74,22
1610276461000,74,24
1610276761000,73,24
1610277061000,73,27
1610277361000,80,18
1610277661000,79,13
1610277961000,77,16
1610278261000,77,17
1610278561000,78,15
1610278861000,78,16
1610279161000,79,17
1610279461000,77,17
1610279761000,84,14
1610280061000,78,17
1610280361000,77,16
1610280661000,76,19
1610280961000,73,27
1610281261000,71,28
1610281561000,71,33
1610281861000,71,31
1610282161000,70,36
1610282461000,69,37
1610282761000,69,38
1610283061000,70,36
1610283361000,69,33
1610283661000,71,27
1610283961000,70,25
1610284261000,69,30
1610284561000,68,29
1610284861000,68,29
1610285161000,70,29
1610285461000,70,32
1610285761000,70,27
1610286061000,71,28
1610286361000,71,27
1610286661000,70,27
1610286961000,68,30
1610287261000,67,32
1610287561000,67,32
1610287861000,68,32
1610288161000,69,31
1610288461000,68,29
1610288761000,68,28
1610289061000,75,26
1610289361000,69,27
1610289661000,72,23
1610289961000,76,27
1610290261000,70,26
1610290561000,70,34
1610290861000,69,38
1610291161000,67,41
1610291461000,67,38
1610291761000,67,37
1610292061000,65,32
1610292361000,65,36
1610292661000,65,36
1610292961000,66,35
1610293261000,66,37
1610293561000,67,36
1610293861000,69,36
1610294161000,67,40
1610294461000,70,27
1610294761000,68,32
1610295061000,70,29
1610295361000,72,38
1610295661000,72,34
1610295961000,70,31
1610296261000,69,30
1610296561000,69,31
1610296861000,68,34
1610297161000,70,34
1610297461000,0,0
1610360608000,0,0
1610360908000,72,47
1610361208000,74,29
1610361508000,74,27
1610361808000,74,35
1610362108000,73,43
1610362408000,68,29
1610362708000,66,30
1610363008000,67,40
1610363308000,68,39
1610363608000,67,38
1610363908000,67,28
1610364208000,72,24
1610364508000,74,19
1610364808000,67,36
1610365108000,65,38
1610365408000,65,47
1610365708000,65,49
1610366008000,65,51
1610366308000,65,39
1610366608000,66,38
1610366908000,65,32
1610367208000,65,39
1610367508000,67,39
1610367808000,65,37
1610368108000,71,28
1610368408000,72,21
1610368708000,74,20
1610369008000,71,29
1610369308000,69,31
1610369608000,67,37
1610369908000,66,40
1610370208000,66,38
1610370508000,66,39
1610370808000,65,44
1610371108000,65,43
1610371408000,66,42
1610371708000,70,41
1610372008000,67,39
1610372308000,66,42
1610372608000,66,47
1610372908000,63,43
1610373208000,62,54
1610373508000,63,52
1610373808000,64,48
1610374108000,65,48
1610374408000,65,44
1610374708000,65,43
1610375008000,68,41
1610375308000,68,51
1610375608000,68,36
1610375908000,72,21
1610376208000,74,18
1610376508000,71,40
1610376808000,64,51
1610377108000,65,55
1610377408000,66,51
1610377708000,67,42
1610378008000,67,41
1610378308000,67,44
1610378608000,67,44
1610378908000,64,57
1610379208000,65,42
1610379508000,0,0
1610379808000,0,0
1610442329000,79,20
1610442629000,78,19
1610442929000,74,25
1610443229000,72,26
1610443529000,73,25
1610443829000,72,26
1610444129000,71,35
1610444429000,71,27
1610444729000,71,27
1610445029000,71,28
1610445329000,72,29
1610445629000,77,17
1610445929000,80,17
1610446229000,79,16
1610446529000,77,18
1610446829000,76,20
1610447129000,72,26
1610447429000,72,31
1610447729000,69,30
1610448029000,69,34
1610448329000,68,35
1610448629000,68,61
1610448929000,69,50
1610449229000,69,49
1610449529000,68,47
1610449829000,68,46
1610450129000,67,47
1610450429000,67,50
1610450729000,66,52
1610451029000,70,38
1610451329000,79,25
1610451629000,74,31
1610451929000,72,37
1610452229000,73,39
1610452529000,74,32
1610452829000,72,41
1610453129000,70,42
1610453429000,68,49
1610453729000,67,51
1610454029000,68,54
1610454329000,69,53
1610454629000,67,62
1610454929000,67,56
1610455229000,67,60
1610455529000,0,0
1610455829000,66,65
1610456129000,66,66
1610456429000,0,0
1610456729000,0,0
1610457029000,0,0
1610457329000,66,43
1610457629000,65,38
1610457929000,65,40
1610458229000,64,40
1610458529000,64,54
1610458829000,64,52
1610459129000,0,0
1610459429000,0,0
1610459729000,0,0
1610460029000,64,59
1610460329000,68,50
1610460629000,69,37
1610460929000,71,43
1610461229000,0,0
1610461529000,0,0
1610461829000,68,49
1610462129000,68,50
1610462429000,67,51
1610462729000,65,47
1610463029000,66,45
1610463329000,0,0
1610463629000,0,0
1610463929000,0,0
1610464229000,0,0
1610464529000,0,0
1610464829000,0,0
1610465129000,62,51
1610465429000,62,66
1610465729000,62,65
1610466029000,66,62
1610466329000,62,73
1610466629000,65,70
1610466929000,0,0
1610536351000,0,0
1610536651000,64,41
1610536951000,62,42
1610537251000,62,42
1610537551000,61,41
1610537851000,62,44
1610538151000,60,42
1610538451000,61,38
1610538751000,63,35
1610539051000,70,25
1610539351000,70,21
1610539651000,71,21
1610539951000,70,23
1610540251000,72,20
1610540551000,70,24
1610540851000,68,25
1610541151000,69,33
1610541451000,64,39
1610541751000,64,37
1610542051000,62,48
1610542351000,62,49
1610542651000,61,50
1610542951000,61,51
1610543251000,67,49
1610543551000,65,49
1610543851000,64,50
1610544151000,64,51
1610544451000,64,48
1610544751000,65,54
1610545051000,63,45
1610545351000,68,34
1610545651000,67,45
1610545951000,66,52
1610546251000,65,51
1610546551000,65,50
1610546851000,64,46
1610547151000,65,42
1610547451000,65,44
1610547751000,64,48
1610548051000,64,46
1610548351000,0,0
1610548651000,63,44
1610548951000,64,48
1610549251000,65,46
1610549551000,69,34
1610549851000,64,53
1610550151000,65,65
1610550451000,65,54
1610550751000,66,60
1610551051000,63,51
1610551351000,64,50
1610551651000,73,48
1610551951000,73,32
1610623293000,68,26
1610623593000,69,27
1610623893000,70,29
1610624193000,68,24
1610624493000,68,22
1610624793000,68,23
1610625093000,67,23
1610625393000,68,24
1610625693000,68,23
1610625993000,68,25
1610626293000,68,26
1610626593000,68,24
1610626893000,68,24
1610627193000,68,31
1610627493000,67,28
1610627793000,74,18
1610628093000,77,16
1610628393000,72,24
1610628693000,73,22
1610628993000,73,19
1610629293000,73,20
1610629593000,74,19
1610629893000,73,28
1610630193000,70,23
1610630493000,67,30
1610630793000,66,30
1610631093000,67,30
1610631393000,67,38
1610631693000,66,29
1610631993000,65,33
1610632293000,65,36
1610632593000,64,43
1610632893000,64,41
1610633193000,63,40
1610633493000,65,43
1610633793000,64,42
1610634093000,66,44
1610634393000,68,35
1610634693000,64,56
1610634993000,68,39
1610635293000,69,26
1610635593000,68,39
1610635893000,70,25
1610636193000,68,32
1610636493000,69,27
1610636793000,66,34
1610637093000,69,34
1610637393000,68,35
1610637693000,67,39
1610637993000,67,30
1610638293000,62,45
1610638593000,62,47
1610638893000,63,44
1610639193000,64,38
1610639493000,69,46
1610639793000,68,42
1610640093000,65,56
1610640393000,65,45
1610640693000,65,45
1610640993000,0,0
1610641293000,65,41
1610641593000,66,40
1610641893000,0,0
1610642193000,0,0
1610642493000,0,0
1610642793000,0,0
1610643093000,0,0
1610681799000,0,0
1610682099000,80,19
1610682399000,0,0
1610682699000,0,0
1610682999000,0,0
1610683299000,0,0
1610683599000,0,0
1610683899000,0,0
1610684199000,78,21
1610684499000,77,20
1610684799000,78,22
1610685099000,78,18
1610685399000,77,18
1610685699000,78,20
1610685999000,83,14
1610686299000,88,10
1610686599000,85,12
1610686899000,86,13
1610687199000,83,15
1610687499000,83,17
1610687799000,86,11
1610688099000,89,12
1610688399000,86,14
1610688699000,80,16
1610688999000,77,22
1610689299000,76,23
1610689599000,77,20
1610689899000,77,21
1610690199000,77,21
1610690499000,79,19
1610690799000,77,18
1610691099000,76,20
1610691399000,74,22
1610691699000,74,23
1610691999000,73,27
1610692299000,72,29
1610692599000,72,33
1610692899000,70,32
1610693199000,71,33
1610693499000,72,32
1610693799000,73,31
1610694099000,76,31
1610694399000,73,23
1610694699000,74,27
1610694999000,72,29
1610695299000,69,39
1610695599000,0,0
1610769661000,84,18
1610769961000,83,19
1610770261000,79,19
1610770561000,78,18
1610770861000,0,0
1610771161000,84,12
1610771461000,83,14
1610771761000,83,14
1610772061000,81,20
1610772361000,79,15
1610772661000,81,17
1610772961000,0,0
1610773261000,0,0
1610773561000,0,0
1610773861000,0,0
1610774161000,0,0
1610774461000,0,0
1610774761000,0,0
1610775061000,0,0
1610775361000,0,0
1610775661000,0,0
1610775961000,0,0
1610776261000,0,0
1610776561000,0,0
1610776861000,0,0
1610777161000,0,0
1610777461000,0,0
1610777761000,0,0
1610778061000,0,0
1610778361000,0,0
1610778661000,0,0
1610778961000,0,0
1610779261000,0,0
1610779561000,0,0
1610779861000,0,0
1610780161000,0,0
1610780461000,0,0
1610780761000,79,24
1610781061000,75,27
1610781361000,74,38
1610781661000,75,28
1610781961000,76,29
1610782261000,75,29
1610782561000,75,29
1610782861000,76,26
1610783161000,75,30
1610783461000,79,25
1610783761000,77,29
1610784061000,82,23
1610784361000,0,0
1610784661000,0,0
1610784961000,0,0
1610785261000,0,0
1610785561000,0,0
1610785861000,0,0
1610786161000,0,0
1610786461000,0,0
1610786761000,0,0
1610787061000,0,0
1610787361000,0,0
1610787661000,85,14
1610787961000,83,16
1610788261000,81,20
1610788561000,80,26
1610788861000,79,28
1610789161000,79,26
1610789461000,75,28
1610789761000,71,25
1610790061000,67,33
1610790361000,67,40
1610790661000,66,39
1610790961000,68,27
1610791261000,70,23
1610791561000,74,18
1610791861000,69,27
1610792161000,69,37
1610792461000,70,36
1610792761000,69,33
1610793061000,69,36
1610793361000,68,40
1610793661000,68,39
1610793961000,68,46
1610794261000,68,46
1610794561000,67,46
1610794861000,66,49
1610795161000,66,49
1610795461000,65,49
1610795761000,64,49
1610796061000,65,51
1610796361000,65,49
1610796661000,63,58
1610796961000,70,41
1610797261000,68,49
1610797561000,68,50
1610797861000,73,28
1610798161000,64,58
1610798461000,64,64
1610798761000,64,52
1610799061000,63,52
1610799361000,64,53
1610799661000,63,36
1610799961000,60,51
1610800261000,59,57
1610800561000,60,56
1610800861000,62,56
1610801161000,59,64
1610801461000,60,62
1610801761000,59,67
1610802061000,59,60
1610802361000,60,60
1610802661000,58,62
1610802961000,60,60
1610803261000,59,65
1610803561000,60,63
1610803861000,64,56
1610804161000,66,49
1610804461000,70,44
1610804761000,68,40
1610805061000,65,49
1610805361000,63,64
1610805661000,61,64
1610805961000,61,61
1610806261000,63,61
1610806561000,62,62
1610806861000,59,59
1610807161000,59,67
1610807461000,0,0
1610807761000,63,57
1610808061000,62,61
1610808361000,63,60
1610808661000,61,60
1610808961000,56,74
1610809261000,59,82
1610809561000,60,75
1610809861000,63,56
1610810161000,61,51
1610810461000,60,62
1610810761000,59,59
1610811061000,64,61
1610811361000,64,51
1610811661000,64,55
1610811961000,65,48
1610812261000,66,45
1610812561000,65,48
1610812861000,65,54
1610813161000,65,53
1610813461000,63,57
1610813761000,67,62
1610814061000,64,51
1610814361000,64,49
1610814661000,65,48
1610814961000,67,44
1610815261000,67,57
1610815561000,65,60
1610815861000,66,48
1610816161000,66,46
1610816461000,67,47
1610816761000,67,51
1610817061000,67,46
1610817361000,67,47
1610817661000,69,38
1610817961000,70,35
1610818261000,69,36
1610818561000,70,40
1610818861000,68,38
1610819161000,68,39
1610819461000,69,35
1610819761000,71,41
1610820061000,64,45
1610820361000,65,41
1610820661000,64,46
1610820961000,65,43
1610821261000,67,42
1610821561000,65,61
1610821861000,0,0
1610822161000,67,56
1610822461000,69,50
1610822761000,68,52
1610823061000,70,44
1610823361000,73,36
1610823661000,0,0
1610885402000,66,52
1610885702000,65,56
1610886002000,64,52
1610886302000,64,52
1610886602000,64,53
1610886902000,64,51
1610887202000,67,48
1610887502000,65,41
1610887802000,65,42
1610888102000,66,43
1610888402000,66,39
1610888702000,66,46
1610889002000,64,46
1610889302000,63,50
1610889602000,63,56
1610889902000,63,58
1610890202000,63,62
1610890502000,62,66
1610890802000,62,63
1610891102000,62,61
1610891402000,60,57
1610891702000,59,93
1610892002000,60,50
1610892302000,59,49
1610892602000,59,49
1610892902000,58,55
1610893202000,58,58
1610893502000,62,49
1610893802000,66,44
1610894102000,70,27
1610894402000,68,38
1610894702000,65,43
1610895002000,66,51
1610895302000,65,56
1610895602000,64,51
1610895902000,63,55
1610896202000,62,58
1610896502000,62,56
1610896802000,62,57
1610897102000,62,54
1610897402000,0,0
1610897702000,59,64
1610898002000,58,71
1610898302000,59,70
1610898602000,58,71
1610898902000,59,67
1610899202000,61,68
1610899502000,61,59
1610899802000,59,54
1610900102000,0,0
1610900402000,62,55
1610900702000,62,52
1610901002000,63,57
1610901302000,62,53
1610901602000,66,54
1610901902000,62,64
1610902202000,61,67
1610902502000,63,52
1610902802000,64,47
1610903102000,62,58
1610903402000,62,49
1610903702000,61,54
1610904002000,63,54
1610904302000,65,47
1610904602000,68,45
1610904902000,69,38
1610905202000,0,0
1611056011000,66,53
1611056311000,65,54
1611056611000,67,50
1611056911000,64,42
1611057211000,64,43
1611057511000,64,27
1611057811000,63,28
1611058111000,62,32
1611058411000,61,37
1611058711000,61,45
1611059011000,62,57
1611059311000,64,55
1611059611000,63,54
1611059911000,63,35
1611060211000,67,21
1611060511000,67,29
1611060811000,66,23
1611061111000,64,21
1611061411000,63,30
1611061711000,63,31
1611062011000,64,27
1611062311000,63,29
1611062611000,65,40
1611062911000,65,34
1611063211000,65,38
1611063511000,63,38
1611063811000,65,36
1611064111000,65,35
1611064411000,63,32
1611064711000,63,34
1611065011000,63,32
1611065311000,64,35
1611065611000,69,36
1611065911000,66,39
1611066211000,68,35
1611066511000,68,49
1611066811000,66,39
1611067111000,65,45
1611067411000,65,56
1611067711000,64,53
1611068011000,66,44
1611068311000,66,51
1611068611000,66,58
1611068911000,70,36
1611069211000,66,49
1611069511000,67,49
1611069811000,66,32
1611070111000,63,44
1611070411000,59,54
1611070711000,62,32
1611071011000,62,37
1611071311000,63,33
1611071611000,62,32
1611071911000,62,47
1611072211000,64,31
1611072511000,64,33
1611072811000,66,53
1611073111000,66,53
1611073411000,65,53
1611073711000,66,56
1611135992000,0,0
1611136292000,72,32
1611136592000,70,40
1611136892000,69,43
1611137192000,69,42
1611137492000,68,41
1611137792000,69,42
1611138092000,68,42
1611138392000,69,39
1611138692000,68,40
1611138992000,68,35
1611139292000,68,36
1611139592000,76,16
1611139892000,74,22
1611140192000,70,19
1611140492000,68,26
1611140792000,67,27
1611141092000,63,24
1611141392000,61,30
1611141692000,60,33
1611141992000,59,32
1611142292000,60,28
1611142592000,59,36
1611142892000,59,30
1611143192000,59,34
1611143492000,59,32
1611143792000,60,31
1611144092000,62,32
1611144392000,63,35
1611144692000,62,36
1611144992000,63,32
1611145292000,60,37
1611145592000,61,32
1611145892000,61,26
1611146192000,60,25
1611146492000,60,36
1611146792000,57,39
1611147092000,56,34
1611147392000,56,36
1611147692000,56,42
1611147992000,56,36
1611148292000,56,36
1611148592000,56,39
1611148892000,56,36
1611149192000,58,50
1611149492000,60,48
1611149792000,66,33
1611150092000,64,48
1611150392000,64,42
1611150692000,65,47
1611150992000,66,64
1611151292000,66,53
1611151592000,65,41
1611151892000,64,47
1611152192000,64,47
1611152492000,65,45
1611152792000,65,39
1611153092000,64,35
1611153392000,63,28
1611153692000,63,24
1611153992000,63,25
1611154292000,63,41
1611154592000,62,39
1611154892000,63,37
1611155192000,61,49
1611155492000,60,39
1611155792000,60,39
1611156092000,60,44
1611156392000,61,44
1611156692000,68,37
1611156992000,67,41
1611157292000,68,43
1611157592000,65,52
1611157892000,75,31
1611158192000,69,33
1611158492000,71,34
1611158792000,75,34
1611213568000,0,0
1611213868000,66,39
1611214168000,67,28
1611214468000,66,27
1611214768000,66,27
1611215068000,67,25
1611215368000,67,26
1611215668000,68,26
1611215968000,73,26
1611216268000,70,19
1611216568000,69,19
1611216868000,68,21
1611217168000,69,24
1611217468000,69,19
1611217768000,69,20
1611218068000,70,21
1611218368000,71,21
1611218668000,70,21
1611218968000,76,15
1611219268000,77,14
1611219568000,74,16
1611219868000,71,20
1611220168000,68,27
1611220468000,68,28
1611220768000,68,26
1611221068000,68,27
1611221368000,67,24
1611221668000,66,31
1611221968000,66,31
1611222268000,66,31
1611222568000,72,34
1611222868000,71,23
1611223168000,80,32
1611223468000,65,28
1611223768000,62,33
1611224068000,61,37
1611224368000,61,41
1611224668000,61,40
1611224968000,61,43
1611225268000,64,47
1611225568000,66,36
1611225868000,68,28
1611226168000,68,26
1611226468000,67,29
1611226768000,65,45
1611227068000,66,41
1611227368000,66,34
1611227668000,67,30
1611227968000,67,36
1611228268000,64,37
1611228568000,62,48
1611228868000,61,50
1611229168000,61,53
1611229468000,61,51
1611229768000,62,50
1611230068000,62,45
1611230368000,63,45
1611230668000,61,47
1611230968000,61,41
1611231268000,62,40
1611309090000,0,0
1611309390000,68,31
1611309690000,67,28
1611309990000,66,34
1611310290000,67,25
1611310590000,68,26
1611310890000,68,25
1611311190000,68,30
1611311490000,67,21
1611311790000,66,25
1611312090000,68,25
1611312390000,74,17
1611312690000,81,22
1611312990000,80,14
1611313290000,80,18
1611313590000,77,20
1611313890000,75,13
1611314190000,74,15
1611314490000,70,19
1611314790000,67,21
1611315090000,67,26
1611315390000,66,28
1611315690000,66,27
1611315990000,66,27
1611316290000,66,26
1611316590000,66,28
1611316890000,67,30
1611317190000,65,28
1611317490000,65,26
1611317790000,65,28
1611318090000,64,30
1611318390000,64,31
1611318690000,65,29
1611318990000,70,22
1611319290000,68,24
1611319590000,66,25
1611319890000,64,34
1611320190000,69,28
1611320490000,66,28
1611320790000,65,26
1611321090000,64,29
1611321390000,64,30
1611321690000,62,32
1611321990000,62,34
1611322290000,62,36
1611322590000,63,34
1611322890000,66,36
1611323190000,67,30
1611323490000,69,22
1611323790000,69,26
1611324090000,67,34
1611324390000,68,31
1611324690000,66,32
1611324990000,66,32
1611325290000,64,38
1611325590000,64,37
1611325890000,68,34
1611326190000,66,33
1611326490000,64,37
1611326790000,63,41
1611327090000,63,42
1611327390000,63,40
1611327690000,63,47
1611327990000,62,43
1611328290000,62,42
1611328590000,63,44
1611328890000,64,44
1611329190000,65,49
1611329490000,71,40
1611329790000,66,49
1611475708000,70,20
1611476008000,72,19
1611476308000,71,19
1611476608000,69,24
1611476908000,68,28
1611477208000,67,35
1611477508000,67,31
1611477808000,68,33
1611478108000,69,30
1611478408000,68,29
1611478708000,69,42
1611479008000,74,25
1611479308000,76,19
1611479608000,75,18
1611479908000,75,18
1611480208000,74,17
1611480508000,72,23
1611480808000,72,22
1611481108000,71,24
1611481408000,71,26
1611481708000,71,29
1611482008000,70,28
1611482308000,71,28
1611482608000,69,29
1611482908000,69,29
1611483208000,71,27
1611483508000,75,30
1611483808000,78,16
1611484108000,74,28
1611484408000,73,27
1611484708000,70,26
1611485008000,70,26
1611485308000,69,29
1611485608000,68,33
1611485908000,69,31
1611486208000,67,31
1611486508000,66,29
1611486808000,65,29
1611487108000,65,37
1611487408000,64,40
1611487708000,63,45
1611488008000,0,0
1611488308000,71,23
1611488608000,71,27
1611488908000,74,18
1611489208000,70,27
1611489508000,69,34
1611489808000,66,35
1611490108000,65,41
1611490408000,64,40
1611490708000,63,42
1611491008000,62,53
1611491308000,64,47
1611491608000,61,61
1611491908000,61,63
1611492208000,61,58
1611492508000,60,55
1611492808000,59,50
1611493108000,58,54
1611493408000,58,52
1611493708000,58,51
1611494008000,58,54
1611494308000,59,48
1611494608000,60,59
1611494908000,62,52
1611495208000,63,47
1611495508000,63,41
1611495808000,64,42
1611496108000,64,43
1611496408000,62,45
1611496708000,62,51
1611497008000,60,57
1611497308000,62,53
1611497608000,61,49
1611497908000,61,50
1611498208000,61,51
1611498508000,64,48
1611498808000,64,44
1611499108000,64,43
1611499408000,64,41
1611499708000,64,42
1611500008000,65,42
1611500308000,66,42
1611500608000,66,37
1611500908000,66,38
1611501208000,68,45
1611501508000,68,41
1611501808000,75,27
1611502108000,74,31
1611502408000,67,42
1611502708000,66,40
1611503008000,67,41
1611503308000,69,37
1611503608000,68,31
1611503908000,70,49
1611504208000,67,42
1611504508000,67,36
1611504808000,67,34
1611505108000,67,34
1611505408000,67,39
1611505708000,71,42
1611506008000,0,0
1611506308000,0,0
1611506608000,70,44
1611506908000,73,37
1611507208000,72,50
1611507508000,70,44
1611507808000,0,0
1611574530000,0,0
1611574830000,72,31
1611575130000,70,33
1611575430000,71,31
1611575730000,71,33
1611576030000,70,32
1611576330000,71,33
1611576630000,71,31
1611576930000,71,30
1611577230000,71,32
1611577530000,71,33
1611577830000,70,38
1611578130000,74,16
1611578430000,71,23
1611578730000,70,25
1611579030000,67,29
1611579330000,65,31
1611579630000,66,32
1611579930000,65,33
1611580230000,64,38
1611580530000,65,35
1611580830000,64,37
1611581130000,66,42
1611581430000,63,41
1611581730000,63,35
1611582030000,64,38
1611582330000,63,43
1611582630000,63,42
1611582930000,67,34
1611583230000,67,32
1611583530000,67,44
1611583830000,65,48
1611584130000,64,49
1611584430000,63,50
1611584730000,65,42
1611585030000,64,47
1611585330000,66,41
1611585630000,65,44
1611585930000,66,42
1611586230000,67,39
1611586530000,67,42
1611586830000,67,44
1611587130000,65,41
1611587430000,65,42
1611587730000,65,45
1611588030000,66,50
1611588330000,63,55
1611588630000,63,54
1611588930000,63,54
1611589230000,62,63
1611589530000,61,66
1611589830000,61,62
1611590130000,59,58
1611590430000,60,51
1611590730000,59,50
1611591030000,59,45
1611591330000,60,50
1611591630000,61,61
1611591930000,60,59
1611592230000,62,60
1611592530000,62,58
1611592830000,64,58
1611593130000,70,51
1611593430000,77,23
1611593730000,78,32
1611594030000,78,35
1611644432000,0,0
1611644732000,81,14
1611645032000,80,16
1611645332000,82,16
1611645632000,78,21
1611645932000,78,20
1611646232000,78,22
1611646532000,75,31
1611646832000,75,31
1611647132000,77,24
1611647432000,79,18
1611647732000,77,20
1611648032000,74,35
1611648332000,74,36
1611648632000,74,35
1611648932000,75,38
1611649232000,76,35
1611649532000,0,0
1611649832000,0,0
1611650132000,0,0
1611650432000,76,20
1611650732000,71,29
1611651032000,69,39
1611651332000,68,36
1611651632000,69,33
1611651932000,70,38
1611652232000,0,0
1611652532000,0,0
1611652832000,0,0
1611653132000,66,49
1611653432000,65,49
1611653732000,66,28
1611654032000,65,33
1611654332000,68,30
1611654632000,73,17
1611654932000,70,29
1611655232000,66,35
1611655532000,65,21
1611655832000,64,22
1611656132000,64,22
1611656432000,63,25
1611656732000,63,27
1611657032000,70,38
1611657332000,65,32
1611657632000,64,26
1611657932000,64,28
1611658232000,69,41
1611658532000,65,45
1611658832000,76,44
1611909510000,0,0
1611909810000,91,12
1611910110000,89,13
1611910410000,88,12
1611910710000,86,16
1611911010000,84,17
1611911310000,82,17
1611911610000,81,22
1611911910000,80,20
1611912210000,83,20
1611912510000,87,15
1611912810000,89,13
1611913110000,91,13
1611913410000,87,16
1611913710000,90,14
1611914010000,90,13
1611914310000,83,21
1611914610000,80,20
1611914910000,79,22
1611915210000,77,22
1611915510000,77,23
1611915810000,78,20
1611916110000,79,29
1611916410000,68,36
1611916710000,69,29
1611917010000,69,31
1611917310000,66,35
1611917610000,67,33
1611917910000,67,33
1611918210000,67,33
1611918510000,68,31
1611918810000,68,31
1611919110000,67,33
1611919410000,67,32
1611919710000,69,30
1611920010000,68,30
1611920310000,68,27
1611920610000,67,33
1611920910000,68,31
1611921210000,67,33
1611921510000,65,34
1611921810000,64,34
1611922110000,63,35
1611922410000,63,38
1611922710000,61,43
1611923010000,60,42
1611923310000,65,51
1611923610000,72,30
1611923910000,65,52
1611924210000,67,47
1611924510000,74,32
1611924810000,73,32
1611925110000,73,28
1611925410000,71,38
1611925710000,71,38
1611926010000,72,38
1611926310000,70,49
1611926610000,69,48
1611926910000,71,42
1611927210000,72,35
1611927510000,73,31
1611927810000,75,35
1611928110000,69,41
1611928410000,72,32
1611928710000,72,29
1611929010000,72,29
1611929310000,71,33
1611929610000,71,33
1611929910000,70,36
1611930210000,71,35
1611930510000,72,32
1611930810000,74,25
1611931110000,73,27
1611931410000,70,41
1611931710000,72,29
1611932010000,77,22
1611932310000,72,38
1611932610000,73,29
1611932910000,72,33
1611933210000,73,27
1611933510000,74,25
1611933810000,75,23
1611934110000,74,30
1611934410000,71,29
1611934710000,72,28
1611935010000,73,27
1611935310000,73,27
1611935610000,73,25
1611935910000,73,33
1611936210000,72,35
1611936510000,73,28
1611936810000,74,32
1611937110000,73,28
1611937410000,74,26
1611937710000,76,35
1612003350000,0,0
1612003650000,66,51
1612003950000,70,39
1612004250000,71,33
1612004550000,72,33
1612004850000,71,31
1612005150000,72,32
1612005450000,72,31
1612005750000,72,33
1612006050000,73,33
1612006350000,79,20
1612006650000,78,21
1612006950000,80,20
1612007250000,76,31
1612007550000,76,34
1612007850000,74,27
1612008150000,75,23
1612008450000,75,27
1612008750000,74,31
1612009050000,72,33
1612009350000,72,31
1612009650000,73,30
1612009950000,74,29
1612010250000,73,33
1612010550000,72,43
1612010850000,77,29
1612011150000,78,26
1612011450000,87,17
1612011750000,78,29
1612012050000,72,44
1612012350000,75,34
1612012650000,0,0
1612012950000,0,0
1612013250000,0,0
1612013550000,0,0
1612013850000,0,0
1612014150000,0,0
1612014450000,70,59
1612014750000,71,49
1612015050000,70,50
1612015350000,70,45
1612015650000,70,48
1612015950000,70,44
1612016250000,69,47
1612016550000,73,43
1612016850000,74,31
1612017150000,74,39
1612017450000,73,42
1612017750000,73,37
1612018050000,72,40
1612018350000,71,45
1612018650000,70,46
1612018950000,71,41
1612019250000,71,41
1612019550000,71,41
1612019850000,72,42
1612020150000,73,33
1612020450000,73,35
1612020750000,74,35
1612021050000,76,26
1612021350000,75,39
1612021650000,78,25
1612021950000,75,38
1612022250000,78,19
1612022550000,76,26
1612022850000,75,33
1612023150000,77,28
1612023450000,76,26
1612023750000,78,23
1612024050000,78,22
1612024350000,80,24
1612024650000,79,23
1612024950000,74,31
1612025250000,75,27
1612025550000,76,27
1612025850000,74,33
1612026150000,76,28
1612026450000,76,24
1612026750000,75,27
1612027050000,81,16
1612027350000,78,21
1612027650000,77,26
1612027950000,75,34
1612028250000,73,25
1612028550000,74,32
1612028850000,75,30
1612029150000,74,30
1612029450000,76,19
1612029750000,76,30
1612030050000,75,20
1612030350000,77,18
1612030650000,77,20
1612091490000,0,0
1612091790000,0,0
1612092090000,0,0
1612092390000,90,14
1612092690000,90,13
1612092990000,90,13
1612093290000,90,12
1612093590000,91,13
1612093890000,92,13
1612094190000,92,12
1612094490000,91,13
1612094790000,91,12
1612095090000,93,10
1612095390000,95,9
1612095690000,94,11
1612095990000,91,11
1612096290000,88,14
1612096590000,86,15
1612096890000,86,14
1612097190000,86,16
1612097490000,85,16
1612097790000,83,18
1612098090000,82,28
1612098390000,80,20
1612098690000,80,18
1612098990000,82,15
1612099290000,83,15
1612099590000,86,15
1612099890000,88,15
1612100190000,86,17
1612100490000,85,18
1612100790000,83,22
1612101090000,80,22
1612101390000,80,24
1612101690000,81,23
1612101990000,81,25
1612102290000,82,30
1612102590000,81,19
1612102890000,81,23
1612103190000,80,23
1612103490000,80,24
1612103790000,81,23
1612104090000,84,17
1612104390000,89,14
1612104690000,87,15
1612104990000,86,15
1612105290000,86,19
1612105590000,84,18
1612105890000,85,19
1612106190000,86,16
1612106490000,86,16
1612106790000,86,16
1612107090000,90,18
1612107390000,0,0
1612107690000,77,38
1612107990000,76,39
1612108290000,75,54
1612108590000,74,52
1612108890000,77,33
1612109190000,76,36
1612109490000,80,18
1612109790000,85,23
1612110090000,84,13
1612110390000,81,21
1612110690000,78,26
1612110990000,79,21
1612111290000,81,18
1612111590000,79,18
1612111890000,75,28
1612112190000,76,26
1612112490000,76,29
1612112790000,76,22
1612113090000,75,25
1612113390000,76,28
1612113690000,75,27
1612113990000,77,33
1612114290000,74,25
1612114590000,74,20
1612114890000,74,24
1612115190000,81,32
