timestamp,hypnogram_level,hypnogram_class
1599982760000,4,awake
1599983060000,2,light
1599983360000,2,light
1599983660000,1,deep
1599983960000,1,deep
1599984260000,1,deep
1599984560000,2,light
1599984860000,2,light
1599985160000,3,REM
1599985460000,2,light
1599985760000,2,light
1599986060000,2,light
1599986360000,2,light
1599986660000,2,light
1599986960000,2,light
1599987260000,3,REM
1599987560000,2,light
1599987860000,3,REM
1599988160000,4,awake
1599988460000,4,awake
1599988760000,2,light
1599989060000,3,REM
1599989360000,2,light
1599989660000,2,light
1599989960000,2,light
1599990260000,2,light
1599990560000,4,awake
1599990860000,4,awake
1599991160000,4,awake
1599991460000,4,awake
1599991760000,4,awake
1599992060000,4,awake
1599992360000,4,awake
1599992660000,4,awake
1599992960000,4,awake
1599993260000,4,awake
1599993560000,4,awake
1599993860000,4,awake
1599994160000,4,awake
1599994460000,4,awake
1599994760000,4,awake
1599995060000,4,awake
1599995360000,4,awake
1599995660000,4,awake
1599995960000,4,awake
1599996260000,4,awake
1599996560000,4,awake
1599996860000,2,light
1599997160000,2,light
1599997460000,2,light
1599997760000,2,light
1599998060000,2,light
1599998360000,2,light
1599998660000,3,REM
1599998960000,2,light
1599999260000,2,light
1599999560000,2,light
1599999860000,2,light
1600000160000,2,light
1600000460000,2,light
1600000760000,2,light
1600001060000,1,deep
1600001360000,2,light
1600001660000,2,light
1600001960000,3,REM
1600002260000,3,REM
1600002560000,3,REM
1600002860000,3,REM
1600003160000,2,light
1600003460000,2,light
1600003760000,2,light
1600004060000,2,light
1600004360000,1,deep
1600004660000,1,deep
1600004960000,1,deep
1600005260000,1,deep
1600005560000,1,deep
1600005860000,2,light
1600006160000,2,light
1600006460000,2,light
1600006760000,2,light
1600007060000,2,light
1600007360000,2,light
1600007660000,2,light
1600007960000,2,light
1600008260000,2,light
1600008560000,3,REM
1600008860000,4,awake
1600009160000,4,awake
1600082971000,4,awake
1600083271000,2,light
1600083571000,2,light
1600083871000,1,deep
1600084171000,1,deep
1600084471000,1,deep
1600084771000,1,deep
1600085071000,1,deep
1600085371000,1,deep
1600085671000,1,deep
1600085971000,1,deep
1600086271000,4,awake
1600086571000,2,light
1600086871000,2,light
1600087171000,2,light
1600087471000,2,light
1600087771000,1,deep
1600088071000,1,deep
1600088371000,1,deep
1600088671000,1,deep
1600088971000,1,deep
1600089271000,1,deep
1600089571000,1,deep
1600089871000,1,deep
1600090171000,1,deep
1600090471000,1,deep
1600090771000,2,light
1600091071000,2,light
1600091371000,2,light
1600091671000,3,REM
1600091971000,3,REM
1600092271000,3,REM
1600092571000,3,REM
1600092871000,3,REM
1600093171000,2,light
1600093471000,3,REM
1600093771000,3,REM
1600094071000,2,light
1600094371000,2,light
1600094671000,2,light
1600094971000,2,light
1600095271000,2,light
1600095571000,2,light
1600095871000,3,REM
1600096171000,2,light
1600096471000,2,light
1600096771000,2,light
1600097071000,3,REM
1600097371000,3,REM
1600097671000,3,REM
1600097971000,2,light
1600098271000,2,light
1600098571000,4,awake
1600098871000,4,awake
1600153988000,4,awake
1600154288000,2,light
1600154588000,2,light
1600154888000,2,light
1600155188000,2,light
1600155488000,2,light
1600155788000,2,light
1600156088000,2,light
1600156388000,2,light
1600156688000,2,light
1600156988000,2,light
1600157288000,4,awake
1600157588000,4,awake
1600157888000,4,awake
1600158188000,4,awake
1600158488000,4,awake
1600158788000,1,deep
1600159088000,2,light
1600159388000,3,REM
1600159688000,2,light
1600159988000,4,awake
1600160288000,2,light
1600160588000,3,REM
1600160888000,3,REM
1600161188000,3,REM
1600161488000,2,light
1600161788000,2,light
1600162088000,2,light
1600162388000,1,deep
1600162688000,1,deep
1600162988000,1,deep
1600163288000,1,deep
1600163588000,2,light
1600163888000,3,REM
1600164188000,3,REM
1600164488000,3,REM
1600164788000,2,light
1600165088000,2,light
1600165388000,1,deep
1600165688000,1,deep
1600165988000,2,light
1600166288000,2,light
1600166588000,1,deep
1600166888000,1,deep
1600167188000,1,deep
1600167488000,1,deep
1600167788000,2,light
1600168088000,2,light
1600168388000,3,REM
1600168688000,2,light
1600168988000,2,light
1600169288000,2,light
1600169588000,1,deep
1600169888000,1,deep
1600170188000,2,light
1600170488000,3,REM
1600170788000,3,REM
1600171088000,1,deep
1600171388000,1,deep
1600171688000,3,REM
1600171988000,2,light
1600172288000,2,light
1600172588000,2,light
1600172888000,3,REM
1600173188000,2,light
1600173488000,2,light
1600173788000,2,light
1600174088000,2,light
1600174388000,2,light
1600174688000,2,light
1600174988000,2,light
1600175288000,2,light
1600175588000,2,light
1600175888000,2,light
1600176188000,2,light
1600176488000,2,light
1600176788000,2,light
1600177088000,2,light
1600177388000,2,light
1600177688000,2,light
1600177988000,2,light
1600178288000,2,light
1600178588000,3,REM
1600178888000,4,awake
1600179188000,4,awake
1600246765000,4,awake
1600247065000,2,light
1600247365000,2,light
1600247665000,2,light
1600247965000,1,deep
1600248265000,1,deep
1600248565000,1,deep
1600248865000,1,deep
1600249165000,1,deep
1600249465000,2,light
1600249765000,3,REM
1600250065000,3,REM
1600250365000,4,awake
1600250665000,2,light
1600250965000,2,light
1600251265000,2,light
1600251565000,2,light
1600251865000,2,light
1600252165000,2,light
1600252465000,2,light
1600252765000,1,deep
1600253065000,2,light
1600253365000,2,light
1600253665000,2,light
1600253965000,3,REM
1600254265000,3,REM
1600254565000,2,light
1600254865000,2,light
1600255165000,2,light
1600255465000,2,light
1600255765000,2,light
1600256065000,2,light
1600256365000,2,light
1600256665000,2,light
1600256965000,2,light
1600257265000,2,light
1600257565000,1,deep
1600257865000,1,deep
1600258165000,1,deep
1600258465000,1,deep
1600258765000,2,light
1600259065000,3,REM
1600259365000,3,REM
1600259665000,3,REM
1600259965000,2,light
1600260265000,2,light
1600260565000,1,deep
1600260865000,1,deep
1600261165000,1,deep
1600261465000,2,light
1600261765000,1,deep
1600262065000,2,light
1600262365000,2,light
1600262665000,2,light
1600262965000,2,light
1600263265000,2,light
1600263565000,2,light
1600263865000,3,REM
1600264165000,3,REM
1600264465000,2,light
1600264765000,3,REM
1600265065000,3,REM
1600265365000,3,REM
1600265665000,3,REM
1600265965000,3,REM
1600266265000,2,light
1600266565000,2,light
1600266865000,2,light
1600267165000,2,light
1600267465000,4,awake
1600334898000,2,light
1600335198000,2,light
1600335498000,2,light
1600335798000,2,light
1600336098000,2,light
1600336398000,1,deep
1600336698000,1,deep
1600336998000,1,deep
1600337298000,1,deep
1600337598000,1,deep
1600337898000,1,deep
1600338198000,1,deep
1600338498000,2,light
1600338798000,3,REM
1600339098000,3,REM
1600339398000,3,REM
1600339698000,3,REM
1600339998000,3,REM
1600340298000,2,light
1600340598000,2,light
1600340898000,1,deep
1600341198000,1,deep
1600341498000,1,deep
1600341798000,1,deep
1600342098000,1,deep
1600342398000,1,deep
1600342698000,2,light
1600342998000,4,awake
1600343298000,2,light
1600343598000,2,light
1600343898000,3,REM
1600344198000,3,REM
1600344498000,3,REM
1600344798000,3,REM
1600345098000,3,REM
1600345398000,2,light
1600345698000,2,light
1600345998000,1,deep
1600346298000,1,deep
1600346598000,1,deep
1600346898000,2,light
1600347198000,2,light
1600347498000,1,deep
1600347798000,2,light
1600348098000,2,light
1600348398000,2,light
1600348698000,3,REM
1600348998000,2,light
1600349298000,2,light
1600349598000,2,light
1600349898000,2,light
1600350198000,3,REM
1600350498000,3,REM
1600350798000,2,light
1600351098000,2,light
1600351398000,2,light
1600351698000,2,light
1600351998000,2,light
1600352298000,3,REM
1600352598000,3,REM
1600352898000,3,REM
1600353198000,3,REM
1600353498000,3,REM
1600353798000,4,awake
1600354098000,4,awake
1600354398000,4,awake
1600354698000,2,light
1600354998000,2,light
1600355298000,2,light
1600355598000,2,light
1600355898000,2,light
1600356198000,2,light
1600356498000,2,light
1600356798000,2,light
1600357098000,2,light
1600357398000,3,REM
1600357698000,3,REM
1600357998000,2,light
1600358298000,3,REM
1600358598000,3,REM
1600358898000,2,light
1600359198000,2,light
1600359498000,2,light
1600359798000,2,light
1600360098000,2,light
1600360398000,2,light
1600360698000,2,light
1600360998000,2,light
1600361298000,1,deep
1600361598000,2,light
1600361898000,2,light
1600362198000,2,light
1600362498000,3,REM
1600362798000,3,REM
1600363098000,4,awake
1600363398000,4,awake
1600420143000,4,awake
1600420443000,2,light
1600420743000,2,light
1600421043000,2,light
1600421343000,2,light
1600421643000,2,light
1600421943000,2,light
1600422243000,2,light
1600422543000,2,light
1600422843000,2,light
1600423143000,1,deep
1600423443000,1,deep
1600423743000,1,deep
1600424043000,2,light
1600424343000,2,light
1600424643000,2,light
1600424943000,2,light
1600425243000,1,deep
1600425543000,1,deep
1600425843000,1,deep
1600426143000,2,light
1600426443000,3,REM
1600426743000,2,light
1600427043000,3,REM
1600427343000,3,REM
1600427643000,3,REM
1600427943000,3,REM
1600428243000,2,light
1600428543000,2,light
1600428843000,2,light
1600429143000,2,light
1600429443000,2,light
1600429743000,3,REM
1600430043000,3,REM
1600430343000,3,REM
1600430643000,2,light
1600430943000,2,light
1600431243000,2,light
1600431543000,2,light
1600431843000,2,light
1600432143000,1,deep
1600432443000,1,deep
1600432743000,1,deep
1600433043000,2,light
1600433343000,2,light
1600433643000,1,deep
1600433943000,1,deep
1600434243000,2,light
1600434543000,2,light
1600434843000,1,deep
1600435143000,2,light
1600435443000,2,light
1600435743000,2,light
1600436043000,2,light
1600436343000,2,light
1600436643000,2,light
1600436943000,2,light
1600437243000,3,REM
1600437543000,4,awake
1600437843000,4,awake
1600503920000,4,awake
1600504220000,2,light
1600504520000,2,light
1600504820000,2,light
1600505120000,2,light
1600505420000,2,light
1600505720000,2,light
1600506020000,2,light
1600506320000,2,light
1600506620000,1,deep
1600506920000,1,deep
1600507220000,3,REM
1600507520000,3,REM
1600507820000,2,light
1600508120000,2,light
1600508420000,2,light
1600508720000,1,deep
1600509020000,2,light
1600509320000,2,light
1600509620000,2,light
1600509920000,1,deep
1600510220000,1,deep
1600510520000,1,deep
1600510820000,1,deep
1600511120000,1,deep
1600511420000,1,deep
1600511720000,1,deep
1600512020000,1,deep
1600512320000,2,light
1600512620000,3,REM
1600512920000,3,REM
1600513220000,3,REM
1600513520000,4,awake
1600513820000,2,light
1600514120000,2,light
1600514420000,2,light
1600514720000,2,light
1600515020000,2,light
1600515320000,2,light
1600515620000,3,REM
1600515920000,3,REM
1600516220000,3,REM
1600516520000,3,REM
1600516820000,3,REM
1600517120000,3,REM
1600517420000,3,REM
1600517720000,3,REM
1600518020000,3,REM
1600518320000,2,light
1600518620000,2,light
1600518920000,2,light
1600519220000,2,light
1600519520000,3,REM
1600519820000,3,REM
1600520120000,1,deep
1600520420000,1,deep
1600520720000,3,REM
1600521020000,3,REM
1600521320000,3,REM
1600521620000,3,REM
1600521920000,3,REM
1600522220000,2,light
1600522520000,2,light
1600522820000,2,light
1600523120000,3,REM
1600523420000,2,light
1600523720000,2,light
1600524020000,2,light
1600524320000,2,light
1600524620000,2,light
1600524920000,2,light
1600525220000,2,light
1600525520000,2,light
1600525820000,2,light
1600526120000,2,light
1600526420000,2,light
1600526720000,2,light
1600527020000,3,REM
1600527320000,3,REM
1600527620000,2,light
1600527920000,4,awake
1600528220000,4,awake
1600528520000,4,awake
1600528820000,4,awake
1600529120000,4,awake
1600529420000,4,awake
1600529720000,4,awake
1600530020000,4,awake
1600530320000,4,awake
1600530620000,2,light
1600530920000,2,light
1600531220000,2,light
1600531520000,2,light
1600531820000,2,light
1600532120000,3,REM
1600532420000,3,REM
1600532720000,3,REM
1600533020000,2,light
1600533320000,3,REM
1600533620000,3,REM
1600533920000,3,REM
1600534220000,2,light
1600534520000,4,awake
1600534820000,4,awake
1600594194000,4,awake
1600594494000,4,awake
1600594794000,2,light
1600595094000,4,awake
1600595394000,3,REM
1600595694000,2,light
1600595994000,2,light
1600596294000,1,deep
1600596594000,1,deep
1600596894000,1,deep
1600597194000,1,deep
1600597494000,1,deep
1600597794000,4,awake
1600598094000,1,deep
1600598394000,2,light
1600598694000,2,light
1600598994000,2,light
1600599294000,2,light
1600599594000,2,light
1600599894000,2,light
1600600194000,1,deep
1600600494000,1,deep
1600600794000,1,deep
1600601094000,1,deep
1600601394000,1,deep
1600601694000,2,light
1600601994000,2,light
1600602294000,2,light
1600602594000,2,light
1600602894000,3,REM
1600603194000,2,light
1600603494000,2,light
1600603794000,2,light
1600604094000,2,light
1600604394000,2,light
1600604694000,2,light
1600604994000,2,light
1600605294000,3,REM
1600605594000,3,REM
1600605894000,3,REM
1600606194000,3,REM
1600606494000,3,REM
1600606794000,2,light
1600607094000,2,light
1600607394000,2,light
1600607694000,2,light
1600607994000,2,light
1600608294000,3,REM
1600608594000,3,REM
1600608894000,3,REM
1600609194000,2,light
1600609494000,2,light
1600609794000,2,light
1600610094000,1,deep
1600610394000,1,deep
1600610694000,2,light
1600610994000,2,light
1600611294000,2,light
1600611594000,2,light
1600611894000,2,light
1600612194000,3,REM
1600612494000,3,REM
1600612794000,2,light
1600613094000,2,light
1600613394000,2,light
1600613694000,2,light
1600613994000,2,light
1600614294000,1,deep
1600614594000,2,light
1600614894000,2,light
1600615194000,2,light
1600615494000,4,awake
1600673399000,4,awake
1600673699000,2,light
1600673999000,2,light
1600674299000,1,deep
1600674599000,2,light
1600674899000,2,light
1600675199000,1,deep
1600675499000,1,deep
1600675799000,1,deep
1600676099000,1,deep
1600676399000,1,deep
1600676699000,1,deep
1600676999000,2,light
1600677299000,2,light
1600677599000,2,light
1600677899000,3,REM
1600678199000,4,awake
1600678499000,2,light
1600678799000,2,light
1600679099000,2,light
1600679399000,2,light
1600679699000,1,deep
1600679999000,2,light
1600680299000,2,light
1600680599000,3,REM
1600680899000,3,REM
1600681199000,2,light
1600681499000,2,light
1600681799000,2,light
1600682099000,1,deep
1600682399000,1,deep
1600682699000,1,deep
1600682999000,1,deep
1600683299000,2,light
1600683599000,1,deep
1600683899000,1,deep
1600684199000,1,deep
1600684499000,2,light
1600684799000,2,light
1600685099000,2,light
1600685399000,2,light
1600685699000,2,light
1600685999000,2,light
1600686299000,2,light
1600686599000,2,light
1600686899000,3,REM
1600687199000,3,REM
1600687499000,3,REM
1600687799000,2,light
1600688099000,2,light
1600688399000,2,light
1600688699000,2,light
1600688999000,3,REM
1600689299000,3,REM
1600689599000,3,REM
1600689899000,3,REM
1600690199000,3,REM
1600690499000,3,REM
1600690799000,3,REM
1600691099000,2,light
1600691399000,2,light
1600691699000,2,light
1600691999000,2,light
1600692299000,2,light
1600692599000,2,light
1600692899000,2,light
1600693199000,2,light
1600693499000,2,light
1600693799000,3,REM
1600694099000,3,REM
1600694399000,3,REM
1600694699000,4,awake
1600771137000,4,awake
1600771437000,2,light
1600771737000,1,deep
1600772037000,1,deep
1600772337000,1,deep
1600772637000,1,deep
1600772937000,1,deep
1600773237000,1,deep
1600773537000,1,deep
1600773837000,1,deep
1600774137000,1,deep
1600774437000,1,deep
1600774737000,1,deep
1600775037000,2,light
1600775337000,3,REM
1600775637000,3,REM
1600775937000,1,deep
1600776237000,1,deep
1600776537000,1,deep
1600776837000,2,light
1600777137000,2,light
1600777437000,2,light
1600777737000,2,light
1600778037000,3,REM
1600778337000,2,light
1600778637000,2,light
1600778937000,2,light
1600779237000,2,light
1600779537000,3,REM
1600779837000,3,REM
1600780137000,3,REM
1600780437000,3,REM
1600780737000,3,REM
1600781037000,1,deep
1600781337000,1,deep
1600781637000,1,deep
1600781937000,1,deep
1600782237000,1,deep
1600782537000,1,deep
1600782837000,1,deep
1600783137000,1,deep
1600783437000,1,deep
1600783737000,1,deep
1600784037000,2,light
1600784337000,2,light
1600784637000,2,light
1600784937000,2,light
1600785237000,2,light
1600785537000,2,light
1600785837000,2,light
1600786137000,2,light
1600786437000,2,light
1600786737000,2,light
1600787037000,1,deep
1600787337000,2,light
1600787637000,2,light
1600787937000,2,light
1600788237000,1,deep
1600788537000,1,deep
1600788837000,1,deep
1600789137000,2,light
1600789437000,2,light
1600789737000,4,awake
1600790037000,4,awake
1600790337000,4,awake
1600790637000,4,awake
1600790937000,2,light
1600791237000,4,awake
1600791537000,4,awake
1600791837000,2,light
1600792137000,2,light
1600792437000,3,REM
1600792737000,1,deep
1600793037000,3,REM
1600793337000,2,light
1600793637000,2,light
1600793937000,2,light
1600794237000,4,awake
1600794537000,4,awake
1600849991000,4,awake
1600850291000,2,light
1600850591000,2,light
1600850891000,2,light
1600851191000,1,deep
1600851491000,1,deep
1600851791000,1,deep
1600852091000,1,deep
1600852391000,1,deep
1600852691000,1,deep
1600852991000,2,light
1600853291000,2,light
1600853591000,2,light
1600853891000,1,deep
1600854191000,1,deep
1600854491000,2,light
1600854791000,1,deep
1600855091000,1,deep
1600855391000,1,deep
1600855691000,1,deep
1600855991000,1,deep
1600856291000,1,deep
1600856591000,2,light
1600856891000,2,light
1600857191000,2,light
1600857491000,3,REM
1600857791000,3,REM
1600858091000,1,deep
1600858391000,1,deep
1600858691000,1,deep
1600858991000,1,deep
1600859291000,1,deep
1600859591000,2,light
1600859891000,2,light
1600860191000,2,light
1600860491000,1,deep
1600860791000,2,light
1600861091000,3,REM
1600861391000,2,light
1600861691000,2,light
1600861991000,2,light
1600862291000,2,light
1600862591000,2,light
1600862891000,2,light
1600863191000,1,deep
1600863491000,1,deep
1600863791000,2,light
1600864091000,1,deep
1600864391000,1,deep
1600864691000,2,light
1600864991000,2,light
1600865291000,1,deep
1600865591000,2,light
1600865891000,4,awake
1600866191000,2,light
1600866491000,4,awake
1600866791000,4,awake
1600941674000,4,awake
1600941974000,2,light
1600942274000,2,light
1600942574000,2,light
1600942874000,2,light
1600943174000,3,REM
1600943474000,3,REM
1600943774000,3,REM
1600944074000,3,REM
1600944374000,3,REM
1600944674000,3,REM
1600944974000,1,deep
1600945274000,1,deep
1600945574000,1,deep
1600945874000,1,deep
1600946174000,4,awake
1600946474000,4,awake
1600946774000,2,light
1600947074000,2,light
1600947374000,2,light
1600947674000,2,light
1600947974000,1,deep
1600948274000,1,deep
1600948574000,1,deep
1600948874000,1,deep
1600949174000,1,deep
1600949474000,2,light
1600949774000,2,light
1600950074000,2,light
1600950374000,1,deep
1600950674000,1,deep
1600950974000,1,deep
1600951274000,1,deep
1600951574000,2,light
1600951874000,2,light
1600952174000,2,light
1600952474000,2,light
1600952774000,2,light
1600953074000,1,deep
1600953374000,2,light
1600953674000,2,light
1600953974000,2,light
1600954274000,1,deep
1600954574000,1,deep
1600954874000,2,light
1600955174000,2,light
1600955474000,2,light
1600955774000,4,awake
1600956074000,4,awake
1600956374000,4,awake
1600956674000,4,awake
1600956974000,4,awake
1600957274000,4,awake
1600957574000,4,awake
1600957874000,2,light
1600958174000,1,deep
1600958474000,3,REM
1600958774000,1,deep
1600959074000,1,deep
1600959374000,3,REM
1600959674000,3,REM
1600959974000,3,REM
1600960274000,3,REM
1600960574000,3,REM
1600960874000,2,light
1600961174000,3,REM
1600961474000,3,REM
1600961774000,3,REM
1600962074000,4,awake
1600962374000,4,awake
1601109648000,2,light
1601109948000,2,light
1601110248000,2,light
1601110548000,1,deep
1601110848000,1,deep
1601111148000,1,deep
1601111448000,1,deep
1601111748000,1,deep
1601112048000,1,deep
1601112348000,1,deep
1601112648000,1,deep
1601112948000,1,deep
1601113248000,2,light
1601113548000,2,light
1601113848000,2,light
1601114148000,1,deep
1601114448000,1,deep
1601114748000,1,deep
1601115048000,1,deep
1601115348000,1,deep
1601115648000,2,light
1601115948000,2,light
1601116248000,2,light
1601116548000,1,deep
1601116848000,1,deep
1601117148000,1,deep
1601117448000,1,deep
1601117748000,1,deep
1601118048000,1,deep
1601118348000,1,deep
1601118648000,2,light
1601118948000,3,REM
1601119248000,4,awake
1601119548000,2,light
1601119848000,2,light
1601120148000,2,light
1601120448000,2,light
1601120748000,2,light
1601121048000,2,light
1601121348000,4,awake
1601121648000,2,light
1601121948000,4,awake
1601122248000,4,awake
1601122548000,1,deep
1601122848000,3,REM
1601123148000,2,light
1601123448000,2,light
1601123748000,2,light
1601124048000,1,deep
1601124348000,1,deep
1601124648000,1,deep
1601124948000,1,deep
1601125248000,2,light
1601125548000,2,light
1601125848000,2,light
1601126148000,2,light
1601126448000,2,light
1601126748000,2,light
1601127048000,2,light
1601127348000,2,light
1601127648000,2,light
1601127948000,2,light
1601128248000,2,light
1601128548000,2,light
1601128848000,2,light
1601129148000,4,awake
1601129448000,4,awake
1601129748000,4,awake
1601130048000,4,awake
1601130348000,4,awake
1601130648000,3,REM
1601130948000,3,REM
1601131248000,3,REM
1601131548000,3,REM
1601131848000,3,REM
1601132148000,3,REM
1601132448000,3,REM
1601132748000,3,REM
1601133048000,3,REM
1601133348000,3,REM
1601133648000,3,REM
1601133948000,3,REM
1601134248000,3,REM
1601134548000,4,awake
1601134848000,4,awake
1601135148000,3,REM
1601135448000,3,REM
1601135748000,3,REM
1601136048000,3,REM
1601136348000,3,REM
1601136648000,3,REM
1601136948000,3,REM
1601137248000,2,light
1601137548000,2,light
1601137848000,2,light
1601138148000,3,REM
1601138448000,3,REM
1601138748000,4,awake
1601139048000,4,awake
1601193662000,4,awake
1601193962000,2,light
1601194262000,2,light
1601194562000,2,light
1601194862000,2,light
1601195162000,2,light
1601195462000,1,deep
1601195762000,1,deep
1601196062000,1,deep
1601196362000,3,REM
1601196662000,2,light
1601196962000,2,light
1601197262000,2,light
1601197562000,4,awake
1601197862000,2,light
1601198162000,2,light
1601198462000,2,light
1601198762000,1,deep
1601199062000,1,deep
1601199362000,1,deep
1601199662000,1,deep
1601199962000,4,awake
1601200262000,3,REM
1601200562000,1,deep
1601200862000,2,light
1601201162000,2,light
1601201462000,2,light
1601201762000,4,awake
1601202062000,1,deep
1601202362000,1,deep
1601202662000,1,deep
1601202962000,2,light
1601203262000,2,light
1601203562000,1,deep
1601203862000,1,deep
1601204162000,2,light
1601204462000,2,light
1601204762000,2,light
1601205062000,2,light
1601205362000,2,light
1601205662000,1,deep
1601205962000,2,light
1601206262000,1,deep
1601206562000,1,deep
1601206862000,2,light
1601207162000,3,REM
1601207462000,3,REM
1601207762000,3,REM
1601208062000,3,REM
1601208362000,3,REM
1601208662000,2,light
1601208962000,3,REM
1601209262000,2,light
1601209562000,2,light
1601209862000,2,light
1601210162000,2,light
1601210462000,2,light
1601210762000,2,light
1601211062000,2,light
1601211362000,2,light
1601211662000,3,REM
1601211962000,3,REM
1601212262000,2,light
1601212562000,2,light
1601212862000,2,light
1601213162000,2,light
1601213462000,2,light
1601213762000,1,deep
1601214062000,1,deep
1601214362000,1,deep
1601214662000,1,deep
1601214962000,2,light
1601215262000,3,REM
1601215562000,2,light
1601215862000,2,light
1601216162000,4,awake
1601216462000,2,light
1601216762000,3,REM
1601217062000,3,REM
1601217362000,3,REM
1601217662000,3,REM
1601217962000,3,REM
1601218262000,3,REM
1601218562000,3,REM
1601218862000,3,REM
1601219162000,3,REM
1601219462000,3,REM
1601219762000,3,REM
1601220062000,3,REM
1601220362000,3,REM
1601220662000,3,REM
1601220962000,3,REM
1601221262000,3,REM
1601221562000,4,awake
1601221862000,4,awake
1601283600000,4,awake
1601283900000,4,awake
1601284200000,2,light
1601284500000,1,deep
1601284800000,1,deep
1601285100000,1,deep
1601285400000,1,deep
1601285700000,1,deep
1601286000000,1,deep
1601286300000,1,deep
1601286600000,1,deep
1601286900000,1,deep
1601287200000,1,deep
1601287500000,1,deep
1601287800000,1,deep
1601288100000,4,awake
1601288400000,2,light
1601288700000,2,light
1601289000000,2,light
1601289300000,1,deep
1601289600000,1,deep
1601289900000,1,deep
1601290200000,2,light
1601290500000,2,light
1601290800000,1,deep
1601291100000,1,deep
1601291400000,1,deep
1601291700000,2,light
1601292000000,2,light
1601292300000,2,light
1601292600000,1,deep
1601292900000,2,light
1601293200000,2,light
1601293500000,2,light
1601293800000,3,REM
1601294100000,1,deep
1601294400000,2,light
1601294700000,3,REM
1601295000000,3,REM
1601295300000,1,deep
1601295600000,1,deep
1601295900000,1,deep
1601296200000,1,deep
1601296500000,1,deep
1601296800000,2,light
1601297100000,2,light
1601297400000,2,light
1601297700000,2,light
1601298000000,3,REM
1601298300000,2,light
1601298600000,2,light
1601298900000,2,light
1601299200000,1,deep
1601299500000,1,deep
1601299800000,2,light
1601300100000,2,light
1601300400000,2,light
1601300700000,2,light
1601301000000,3,REM
1601301300000,3,REM
1601301600000,3,REM
1601301900000,3,REM
1601302200000,2,light
1601302500000,2,light
1601302800000,2,light
1601303100000,2,light
1601303400000,4,awake
1601303700000,2,light
1601304000000,1,deep
1601304300000,2,light
1601304600000,2,light
1601304900000,1,deep
1601305200000,1,deep
1601305500000,1,deep
1601305800000,1,deep
1601306100000,1,deep
1601306400000,2,light
1601306700000,2,light
1601307000000,4,awake
1601307300000,4,awake
1601371142000,4,awake
1601371442000,4,awake
1601371742000,2,light
1601372042000,2,light
1601372342000,2,light
1601372642000,2,light
1601372942000,2,light
1601373242000,2,light
1601373542000,1,deep
1601373842000,1,deep
1601374142000,4,awake
1601374442000,2,light
1601374742000,1,deep
1601375042000,1,deep
1601375342000,1,deep
1601375642000,1,deep
1601375942000,1,deep
1601376242000,1,deep
1601376542000,4,awake
1601376842000,2,light
1601377142000,4,awake
1601377442000,4,awake
1601377742000,2,light
1601378042000,4,awake
1601378342000,4,awake
1601378642000,1,deep
1601378942000,1,deep
1601379242000,1,deep
1601379542000,4,awake
1601379842000,2,light
1601380142000,4,awake
1601380442000,2,light
1601380742000,3,REM
1601381042000,3,REM
1601381342000,2,light
1601381642000,2,light
1601381942000,1,deep
1601382242000,1,deep
1601382542000,1,deep
1601382842000,1,deep
1601383142000,4,awake
1601383442000,4,awake
1601383742000,2,light
1601384042000,3,REM
1601384342000,3,REM
1601384642000,2,light
1601384942000,4,awake
1601385242000,2,light
1601385542000,2,light
1601385842000,2,light
1601386142000,2,light
1601386442000,2,light
1601386742000,2,light
1601387042000,2,light
1601387342000,2,light
1601387642000,2,light
1601387942000,2,light
1601388242000,4,awake
1601388542000,2,light
1601388842000,2,light
1601389142000,2,light
1601389442000,2,light
1601389742000,2,light
1601390042000,1,deep
1601390342000,1,deep
1601390642000,2,light
1601390942000,3,REM
1601391242000,3,REM
1601391542000,3,REM
1601391842000,2,light
1601392142000,3,REM
1601392442000,3,REM
1601392742000,3,REM
1601393042000,3,REM
1601393342000,3,REM
1601393642000,3,REM
1601393942000,3,REM
1601394242000,3,REM
1601394542000,3,REM
1601394842000,3,REM
1601395142000,2,light
1601395442000,4,awake
1601395742000,4,awake
1601396042000,4,awake
1601396342000,4,awake
1601396642000,4,awake
1601396942000,4,awake
1601397242000,2,light
1601397542000,3,REM
1601397842000,3,REM
1601398142000,2,light
1601398442000,2,light
1601398742000,2,light
1601399042000,2,light
1601399342000,2,light
1601399642000,2,light
1601399942000,1,deep
1601400242000,1,deep
1601400542000,2,light
1601400842000,2,light
1601401142000,2,light
1601401442000,2,light
1601401742000,2,light
1601402042000,3,REM
1601402342000,3,REM
1601402642000,2,light
1601402942000,2,light
1601403242000,2,light
1601403542000,1,deep
1601403842000,1,deep
1601404142000,2,light
1601404442000,2,light
1601404742000,2,light
1601405042000,2,light
1601405342000,2,light
1601405642000,2,light
1601405942000,4,awake
1601406242000,4,awake
1601463539000,4,awake
1601463839000,2,light
1601464139000,2,light
1601464439000,2,light
1601464739000,1,deep
1601465039000,2,light
1601465339000,1,deep
1601465639000,1,deep
1601465939000,1,deep
1601466239000,1,deep
1601466539000,2,light
1601466839000,4,awake
1601467139000,2,light
1601467439000,2,light
1601467739000,2,light
1601468039000,2,light
1601468339000,2,light
1601468639000,1,deep
1601468939000,1,deep
1601469239000,1,deep
1601469539000,1,deep
1601469839000,2,light
1601470139000,2,light
1601470439000,2,light
1601470739000,2,light
1601471039000,2,light
1601471339000,2,light
1601471639000,2,light
1601471939000,1,deep
1601472239000,1,deep
1601472539000,1,deep
1601472839000,2,light
1601473139000,1,deep
1601473439000,1,deep
1601473739000,1,deep
1601474039000,2,light
1601474339000,2,light
1601474639000,2,light
1601474939000,1,deep
1601475239000,2,light
1601475539000,2,light
1601475839000,2,light
1601476139000,3,REM
1601476439000,2,light
1601476739000,2,light
1601477039000,2,light
1601477339000,2,light
1601477639000,4,awake
1601477939000,4,awake
1601478239000,2,light
1601478539000,2,light
1601478839000,1,deep
1601479139000,2,light
1601479439000,1,deep
1601479739000,1,deep
1601480039000,1,deep
1601480339000,1,deep
1601480639000,2,light
1601480939000,3,REM
1601481239000,2,light
1601481539000,3,REM
1601481839000,3,REM
1601482139000,4,awake
1601482439000,2,light
1601482739000,2,light
1601483039000,2,light
1601483339000,1,deep
1601483639000,1,deep
1601483939000,2,light
1601484239000,2,light
1601484539000,2,light
1601484839000,2,light
1601485139000,2,light
1601485439000,4,awake
1601485739000,2,light
1601486039000,4,awake
1601486339000,4,awake
1601486639000,4,awake
1601486939000,2,light
1601487239000,2,light
1601487539000,2,light
1601487839000,2,light
1601488139000,2,light
1601488439000,4,awake
1601488739000,4,awake
1601544480000,2,light
1601544780000,2,light
1601545080000,1,deep
1601545380000,4,awake
1601545680000,2,light
1601545980000,1,deep
1601546280000,2,light
1601546580000,4,awake
1601546880000,4,awake
1601547180000,4,awake
1601547480000,2,light
1601547780000,2,light
1601548080000,2,light
1601548380000,2,light
1601548680000,2,light
1601548980000,2,light
1601549280000,2,light
1601549580000,2,light
1601549880000,1,deep
1601550180000,1,deep
1601550480000,1,deep
1601550780000,1,deep
1601551080000,1,deep
1601551380000,2,light
1601551680000,2,light
1601551980000,2,light
1601552280000,1,deep
1601552580000,1,deep
1601552880000,2,light
1601553180000,2,light
1601553480000,1,deep
1601553780000,1,deep
1601554080000,1,deep
1601554380000,1,deep
1601554680000,1,deep
1601554980000,1,deep
1601555280000,2,light
1601555580000,2,light
1601555880000,2,light
1601556180000,2,light
1601556480000,3,REM
1601556780000,3,REM
1601557080000,3,REM
1601557380000,3,REM
1601557680000,2,light
1601557980000,2,light
1601558280000,2,light
1601558580000,2,light
1601558880000,2,light
1601559180000,2,light
1601559480000,2,light
1601559780000,2,light
1601560080000,2,light
1601560380000,4,awake
1601560680000,4,awake
1601560980000,4,awake
1601630372000,4,awake
1601630672000,3,REM
1601630972000,3,REM
1601631272000,2,light
1601631572000,1,deep
1601631872000,1,deep
1601632172000,1,deep
1601632472000,2,light
1601632772000,1,deep
1601633072000,1,deep
1601633372000,1,deep
1601633672000,1,deep
1601633972000,1,deep
1601634272000,1,deep
1601634572000,1,deep
1601634872000,1,deep
1601635172000,1,deep
1601635472000,1,deep
1601635772000,2,light
1601636072000,2,light
1601636372000,3,REM
1601636672000,3,REM
1601636972000,1,deep
1601637272000,1,deep
1601637572000,3,REM
1601637872000,3,REM
1601638172000,3,REM
1601638472000,4,awake
1601638772000,2,light
1601639072000,3,REM
1601639372000,2,light
1601639672000,2,light
1601639972000,2,light
1601640272000,2,light
1601640572000,2,light
1601640872000,2,light
1601641172000,2,light
1601641472000,2,light
1601641772000,2,light
1601642072000,2,light
1601642372000,2,light
1601642672000,2,light
1601642972000,2,light
1601643272000,4,awake
1601643572000,4,awake
1601643872000,3,REM
1601644172000,3,REM
1601644472000,3,REM
1601644772000,2,light
1601645072000,2,light
1601645372000,2,light
1601645672000,2,light
1601645972000,2,light
1601646272000,1,deep
1601646572000,1,deep
1601646872000,1,deep
1601647172000,2,light
1601647472000,2,light
1601647772000,1,deep
1601648072000,1,deep
1601648372000,2,light
1601648672000,2,light
1601648972000,2,light
1601649272000,2,light
1601649572000,2,light
1601649872000,4,awake
1601650172000,3,REM
1601650472000,3,REM
1601650772000,3,REM
1601651072000,4,awake
1601651372000,4,awake
1601651672000,2,light
1601651972000,2,light
1601652272000,2,light
1601652572000,2,light
1601652872000,2,light
1601653172000,2,light
1601653472000,2,light
1601653772000,2,light
1601654072000,2,light
1601654372000,3,REM
1601654672000,3,REM
1601654972000,3,REM
1601655272000,3,REM
1601655572000,3,REM
1601655872000,4,awake
1601656172000,4,awake
1601719468000,4,awake
1601719768000,2,light
1601720068000,2,light
1601720368000,2,light
1601720668000,1,deep
1601720968000,1,deep
1601721268000,4,awake
1601721568000,2,light
1601721868000,2,light
1601722168000,1,deep
1601722468000,1,deep
1601722768000,1,deep
1601723068000,1,deep
1601723368000,2,light
1601723668000,2,light
1601723968000,2,light
1601724268000,2,light
1601724568000,2,light
1601724868000,1,deep
1601725168000,1,deep
1601725468000,1,deep
1601725768000,1,deep
1601726068000,2,light
1601726368000,2,light
1601726668000,2,light
1601726968000,1,deep
1601727268000,2,light
1601727568000,2,light
1601727868000,2,light
1601728168000,2,light
1601728468000,1,deep
1601728768000,1,deep
1601729068000,1,deep
1601729368000,2,light
1601729668000,2,light
1601729968000,2,light
1601730268000,2,light
1601730568000,2,light
1601730868000,2,light
1601731168000,2,light
1601731468000,1,deep
1601731768000,1,deep
1601732068000,2,light
1601732368000,2,light
1601732668000,2,light
1601732968000,2,light
1601733268000,2,light
1601733568000,3,REM
1601733868000,3,REM
1601734168000,3,REM
1601734468000,3,REM
1601734768000,2,light
1601735068000,2,light
1601735368000,2,light
1601735668000,1,deep
1601735968000,2,light
1601736268000,2,light
1601736568000,2,light
1601736868000,2,light
1601737168000,2,light
1601737468000,2,light
1601737768000,2,light
1601738068000,2,light
1601738368000,2,light
1601738668000,3,REM
1601738968000,3,REM
1601739268000,3,REM
1601739568000,3,REM
1601739868000,3,REM
1601740168000,2,light
1601740468000,2,light
1601740768000,4,awake
1601741068000,3,REM
1601741368000,3,REM
1601741668000,3,REM
1601741968000,2,light
1601742268000,3,REM
1601742568000,3,REM
1601742868000,4,awake
1601743168000,4,awake
1601743468000,2,light
1601743768000,3,REM
1601744068000,3,REM
1601744368000,3,REM
1601744668000,2,light
1601744968000,2,light
1601745268000,2,light
1601745568000,2,light
1601745868000,2,light
1601746168000,3,REM
1601746468000,3,REM
1601746768000,2,light
1601747068000,3,REM
1601747368000,2,light
1601747668000,3,REM
1601747968000,3,REM
1601748268000,3,REM
1601748568000,4,awake
1601887470000,4,awake
1601887770000,4,awake
1601888070000,4,awake
1601888370000,2,light
1601888670000,1,deep
1601888970000,1,deep
1601889270000,1,deep
1601889570000,1,deep
1601889870000,2,light
1601890170000,2,light
1601890470000,1,deep
1601890770000,2,light
1601891070000,2,light
1601891370000,2,light
1601891670000,2,light
1601891970000,2,light
1601892270000,2,light
1601892570000,1,deep
1601892870000,3,REM
1601893170000,3,REM
1601893470000,2,light
1601893770000,1,deep
1601894070000,1,deep
1601894370000,1,deep
1601894670000,1,deep
1601894970000,1,deep
1601895270000,1,deep
1601895570000,1,deep
1601895870000,1,deep
1601896170000,1,deep
1601896470000,1,deep
1601896770000,1,deep
1601897070000,2,light
1601897370000,2,light
1601897670000,2,light
1601897970000,2,light
1601898270000,2,light
1601898570000,2,light
1601898870000,2,light
1601899170000,2,light
1601899470000,2,light
1601899770000,2,light
1601900070000,2,light
1601900370000,2,light
1601900670000,2,light
1601900970000,2,light
1601901270000,2,light
1601901570000,2,light
1601901870000,2,light
1601902170000,2,light
1601902470000,2,light
1601902770000,2,light
1601903070000,2,light
1601903370000,2,light
1601903670000,2,light
1601903970000,2,light
1601904270000,2,light
1601904570000,2,light
1601904870000,2,light
1601905170000,1,deep
1601905470000,1,deep
1601905770000,2,light
1601906070000,2,light
1601906370000,2,light
1601906670000,4,awake
1601906970000,4,awake
1601976873000,4,awake
1601977173000,2,light
1601977473000,2,light
1601977773000,1,deep
1601978073000,1,deep
1601978373000,1,deep
1601978673000,2,light
1601978973000,2,light
1601979273000,1,deep
1601979573000,1,deep
1601979873000,2,light
1601980173000,2,light
1601980473000,2,light
1601980773000,2,light
1601981073000,2,light
1601981373000,2,light
1601981673000,2,light
1601981973000,1,deep
1601982273000,3,REM
1601982573000,1,deep
1601982873000,1,deep
1601983173000,1,deep
1601983473000,1,deep
1601983773000,1,deep
1601984073000,1,deep
1601984373000,2,light
1601984673000,2,light
1601984973000,2,light
1601985273000,1,deep
1601985573000,1,deep
1601985873000,2,light
1601986173000,2,light
1601986473000,2,light
1601986773000,2,light
1601987073000,3,REM
1601987373000,3,REM
1601987673000,3,REM
1601987973000,3,REM
1601988273000,3,REM
1601988573000,1,deep
1601988873000,1,deep
1601989173000,1,deep
1601989473000,2,light
1601989773000,2,light
1601990073000,2,light
1601990373000,2,light
1601990673000,2,light
1601990973000,2,light
1601991273000,2,light
1601991573000,1,deep
1601991873000,2,light
1601992173000,2,light
1601992473000,3,REM
1601992773000,1,deep
1601993073000,1,deep
1601993373000,3,REM
1601993673000,3,REM
1601993973000,1,deep
1601994273000,1,deep
1601994573000,1,deep
1601994873000,1,deep
1601995173000,2,light
1601995473000,2,light
1601995773000,2,light
1601996073000,2,light
1601996373000,3,REM
1601996673000,2,light
1601996973000,2,light
1601997273000,2,light
1601997573000,2,light
1601997873000,2,light
1601998173000,2,light
1601998473000,2,light
1601998773000,2,light
1601999073000,2,light
1601999373000,3,REM
1601999673000,3,REM
1601999973000,3,REM
1602000273000,1,deep
1602000573000,1,deep
1602000873000,3,REM
1602001173000,2,light
1602001473000,2,light
1602001773000,4,awake
1602002073000,4,awake
1602062673000,4,awake
1602062973000,2,light
1602063273000,1,deep
1602063573000,2,light
1602063873000,2,light
1602064173000,2,light
1602064473000,1,deep
1602064773000,1,deep
1602065073000,1,deep
1602065373000,1,deep
1602065673000,1,deep
1602065973000,1,deep
1602066273000,1,deep
1602066573000,1,deep
1602066873000,2,light
1602067173000,1,deep
1602067473000,2,light
1602067773000,2,light
1602068073000,3,REM
1602068373000,2,light
1602068673000,1,deep
1602068973000,1,deep
1602069273000,1,deep
1602069573000,1,deep
1602069873000,1,deep
1602070173000,1,deep
1602070473000,2,light
1602070773000,2,light
1602071073000,2,light
1602071373000,2,light
1602071673000,2,light
1602071973000,1,deep
1602072273000,1,deep
1602072573000,2,light
1602072873000,2,light
1602073173000,3,REM
1602073473000,3,REM
1602073773000,3,REM
1602074073000,3,REM
1602074373000,1,deep
1602074673000,3,REM
1602074973000,3,REM
1602075273000,1,deep
1602075573000,2,light
1602075873000,2,light
1602076173000,1,deep
1602076473000,1,deep
1602076773000,1,deep
1602077073000,1,deep
1602077373000,1,deep
1602077673000,1,deep
1602077973000,3,REM
1602078273000,3,REM
1602078573000,2,light
1602078873000,2,light
1602079173000,2,light
1602079473000,2,light
1602079773000,1,deep
1602080073000,2,light
1602080373000,2,light
1602080673000,2,light
1602080973000,2,light
1602081273000,2,light
1602081573000,3,REM
1602081873000,3,REM
1602082173000,3,REM
1602082473000,3,REM
1602082773000,2,light
1602083073000,2,light
1602083373000,1,deep
1602083673000,1,deep
1602083973000,1,deep
1602084273000,3,REM
1602084573000,1,deep
1602084873000,1,deep
1602085173000,1,deep
1602085473000,1,deep
1602085773000,1,deep
1602086073000,2,light
1602086373000,3,REM
1602086673000,4,awake
1602086973000,4,awake
1602087273000,4,awake
1602087573000,2,light
1602087873000,3,REM
1602088173000,3,REM
1602088473000,2,light
1602088773000,4,awake
1602089073000,2,light
1602089373000,2,light
1602089673000,2,light
1602089973000,1,deep
1602090273000,1,deep
1602090573000,2,light
1602090873000,2,light
1602091173000,2,light
1602091473000,2,light
1602091773000,2,light
1602092073000,3,REM
1602092373000,4,awake
1602240449000,2,light
1602240749000,2,light
1602241049000,1,deep
1602241349000,1,deep
1602241649000,1,deep
1602241949000,1,deep
1602242249000,2,light
1602242549000,2,light
1602242849000,1,deep
1602243149000,2,light
1602243449000,1,deep
1602243749000,1,deep
1602244049000,2,light
1602244349000,3,REM
1602244649000,2,light
1602244949000,3,REM
1602245249000,1,deep
1602245549000,1,deep
1602245849000,2,light
1602246149000,2,light
1602246449000,1,deep
1602246749000,1,deep
1602247049000,1,deep
1602247349000,1,deep
1602247649000,1,deep
1602247949000,1,deep
1602248249000,4,awake
1602248549000,2,light
1602248849000,2,light
1602249149000,2,light
1602249449000,2,light
1602249749000,2,light
1602250049000,2,light
1602250349000,2,light
1602250649000,2,light
1602250949000,2,light
1602251249000,1,deep
1602251549000,1,deep
1602251849000,1,deep
1602252149000,1,deep
1602252449000,1,deep
1602252749000,1,deep
1602253049000,1,deep
1602253349000,1,deep
1602253649000,1,deep
1602253949000,2,light
1602254249000,1,deep
1602254549000,1,deep
1602254849000,1,deep
1602255149000,1,deep
1602255449000,1,deep
1602255749000,2,light
1602256049000,2,light
1602256349000,2,light
1602256649000,2,light
1602256949000,2,light
1602257249000,2,light
1602257549000,2,light
1602257849000,3,REM
1602258149000,2,light
1602258449000,2,light
1602258749000,2,light
1602259049000,2,light
1602259349000,1,deep
1602259649000,2,light
1602259949000,3,REM
1602260249000,3,REM
1602260549000,4,awake
1602260849000,4,awake
1602492388000,2,light
1602492688000,2,light
1602492988000,1,deep
1602493288000,1,deep
1602493588000,1,deep
1602493888000,1,deep
1602494188000,1,deep
1602494488000,2,light
1602494788000,2,light
1602495088000,2,light
1602495388000,2,light
1602495688000,2,light
1602495988000,1,deep
1602496288000,1,deep
1602496588000,1,deep
1602496888000,1,deep
1602497188000,1,deep
1602497488000,1,deep
1602497788000,2,light
1602498088000,2,light
1602498388000,2,light
1602498688000,2,light
1602498988000,2,light
1602499288000,2,light
1602499588000,3,REM
1602499888000,3,REM
1602500188000,3,REM
1602500488000,3,REM
1602500788000,3,REM
1602501088000,3,REM
1602501388000,1,deep
1602501688000,1,deep
1602501988000,1,deep
1602502288000,1,deep
1602502588000,1,deep
1602502888000,3,REM
1602503188000,3,REM
1602503488000,2,light
1602503788000,3,REM
1602504088000,1,deep
1602504388000,1,deep
1602504688000,1,deep
1602504988000,2,light
1602505288000,3,REM
1602505588000,3,REM
1602505888000,2,light
1602506188000,2,light
1602506488000,2,light
1602506788000,2,light
1602507088000,3,REM
1602507388000,1,deep
1602507688000,1,deep
1602507988000,3,REM
1602508288000,3,REM
1602508588000,2,light
1602508888000,3,REM
1602509188000,2,light
1602509488000,3,REM
1602509788000,3,REM
1602510088000,2,light
1602510388000,2,light
1602510688000,2,light
1602510988000,2,light
1602511288000,4,awake
1602511588000,2,light
1602511888000,4,awake
1602512188000,1,deep
1602512488000,1,deep
1602512788000,2,light
1602513088000,2,light
1602513388000,2,light
1602513688000,2,light
1602513988000,2,light
1602514288000,2,light
1602514588000,1,deep
1602514888000,1,deep
1602515188000,2,light
1602515488000,2,light
1602515788000,4,awake
1602516088000,2,light
1602516388000,2,light
1602516688000,4,awake
1602516988000,2,light
1602517288000,4,awake
1602517588000,4,awake
1602587131000,4,awake
1602587431000,2,light
1602587731000,2,light
1602588031000,2,light
1602588331000,1,deep
1602588631000,1,deep
1602588931000,1,deep
1602589231000,1,deep
1602589531000,1,deep
1602589831000,1,deep
1602590131000,1,deep
1602590431000,1,deep
1602590731000,2,light
1602591031000,1,deep
1602591331000,1,deep
1602591631000,1,deep
1602591931000,1,deep
1602592231000,1,deep
1602592531000,2,light
1602592831000,2,light
1602593131000,3,REM
1602593431000,2,light
1602593731000,2,light
1602594031000,2,light
1602594331000,2,light
1602594631000,1,deep
1602594931000,2,light
1602595231000,2,light
1602595531000,2,light
1602595831000,3,REM
1602596131000,3,REM
1602596431000,3,REM
1602596731000,3,REM
1602597031000,3,REM
1602597331000,3,REM
1602597631000,3,REM
1602597931000,3,REM
1602598231000,2,light
1602598531000,3,REM
1602598831000,3,REM
1602599131000,3,REM
1602599431000,3,REM
1602599731000,2,light
1602600031000,2,light
1602600331000,3,REM
1602600631000,3,REM
1602600931000,2,light
1602601231000,2,light
1602601531000,2,light
1602601831000,2,light
1602602131000,2,light
1602602431000,2,light
1602602731000,3,REM
1602603031000,2,light
1602603331000,2,light
1602603631000,2,light
1602603931000,2,light
1602604231000,2,light
1602604531000,2,light
1602604831000,2,light
1602605131000,2,light
1602605431000,2,light
1602605731000,1,deep
1602606031000,4,awake
1602606331000,4,awake
1602606631000,4,awake
1602606931000,4,awake
1602607231000,4,awake
1602607531000,4,awake
1602607831000,4,awake
1602608131000,4,awake
1602608431000,2,light
1602608731000,2,light
1602609031000,3,REM
1602609331000,3,REM
1602609631000,1,deep
1602609931000,1,deep
1602610231000,2,light
1602610531000,2,light
1602610831000,2,light
1602611131000,4,awake
1602611431000,4,awake
1602840393000,4,awake
1602840693000,2,light
1602840993000,2,light
1602841293000,2,light
1602841593000,1,deep
1602841893000,1,deep
1602842193000,1,deep
1602842493000,1,deep
1602842793000,2,light
1602843093000,2,light
1602843393000,3,REM
1602843693000,4,awake
1602843993000,2,light
1602844293000,2,light
1602844593000,1,deep
1602844893000,1,deep
1602845193000,1,deep
1602845493000,1,deep
1602845793000,1,deep
1602846093000,1,deep
1602846393000,2,light
1602846693000,2,light
1602846993000,3,REM
1602847293000,3,REM
1602847593000,2,light
1602847893000,2,light
1602848193000,2,light
1602848493000,2,light
1602848793000,1,deep
1602849093000,1,deep
1602849393000,1,deep
1602849693000,1,deep
1602849993000,1,deep
1602850293000,1,deep
1602850593000,2,light
1602850893000,2,light
1602851193000,2,light
1602851493000,2,light
1602851793000,1,deep
1602852093000,2,light
1602852393000,2,light
1602852693000,2,light
1602852993000,2,light
1602853293000,3,REM
1602853593000,4,awake
1602853893000,4,awake
1602928770000,4,awake
1602929070000,2,light
1602929370000,1,deep
1602929670000,1,deep
1602929970000,1,deep
1602930270000,1,deep
1602930570000,1,deep
1602930870000,1,deep
1602931170000,1,deep
1602931470000,2,light
1602931770000,2,light
1602932070000,2,light
1602932370000,2,light
1602932670000,1,deep
1602932970000,2,light
1602933270000,1,deep
1602933570000,1,deep
1602933870000,1,deep
1602934170000,1,deep
1602934470000,1,deep
1602934770000,1,deep
1602935070000,2,light
1602935370000,4,awake
1602935670000,2,light
1602935970000,2,light
1602936270000,1,deep
1602936570000,1,deep
1602936870000,1,deep
1602937170000,1,deep
1602937470000,1,deep
1602937770000,1,deep
1602938070000,1,deep
1602938370000,1,deep
1602938670000,2,light
1602938970000,2,light
1602939270000,2,light
1602939570000,2,light
1602939870000,2,light
1602940170000,2,light
1602940470000,2,light
1602940770000,2,light
1602941070000,2,light
1602941370000,2,light
1602941670000,3,REM
1602941970000,3,REM
1602942270000,4,awake
1602942570000,4,awake
1602942870000,3,REM
1602943170000,3,REM
1602943470000,3,REM
1602943770000,3,REM
1602944070000,3,REM
1602944370000,3,REM
1602944670000,3,REM
1602944970000,3,REM
1602945270000,3,REM
1602945570000,3,REM
1602945870000,3,REM
1602946170000,2,light
1602946470000,4,awake
1602946770000,2,light
1602947070000,2,light
1602947370000,2,light
1602947670000,2,light
1602947970000,2,light
1602948270000,1,deep
1602948570000,1,deep
1602948870000,1,deep
1602949170000,2,light
1602949470000,2,light
1602949770000,2,light
1602950070000,2,light
1602950370000,2,light
1602950670000,2,light
1602950970000,3,REM
1602951270000,2,light
1602951570000,2,light
1602951870000,3,REM
1602952170000,4,awake
1602952470000,4,awake
1602952770000,4,awake
1602953070000,4,awake
1602953370000,4,awake
1603100192000,4,awake
1603100492000,4,awake
1603100792000,4,awake
1603101092000,4,awake
1603101392000,2,light
1603101692000,1,deep
1603101992000,1,deep
1603102292000,1,deep
1603102592000,1,deep
1603102892000,1,deep
1603103192000,1,deep
1603103492000,4,awake
1603103792000,4,awake
1603104092000,2,light
1603104392000,1,deep
1603104692000,1,deep
1603104992000,1,deep
1603105292000,1,deep
1603105592000,1,deep
1603105892000,1,deep
1603106192000,4,awake
1603106492000,2,light
1603106792000,2,light
1603107092000,1,deep
1603107392000,1,deep
1603107692000,1,deep
1603107992000,2,light
1603108292000,1,deep
1603108592000,1,deep
1603108892000,1,deep
1603109192000,1,deep
1603109492000,2,light
1603109792000,2,light
1603110092000,2,light
1603110392000,1,deep
1603110692000,4,awake
1603110992000,2,light
1603111292000,2,light
1603111592000,2,light
1603111892000,1,deep
1603112192000,1,deep
1603112492000,1,deep
1603112792000,2,light
1603113092000,2,light
1603113392000,2,light
1603113692000,3,REM
1603113992000,3,REM
1603114292000,3,REM
1603114592000,3,REM
1603114892000,2,light
1603115192000,2,light
1603115492000,4,awake
1603115792000,3,REM
1603116092000,3,REM
1603116392000,3,REM
1603116692000,3,REM
1603116992000,3,REM
1603117292000,3,REM
1603117592000,3,REM
1603117892000,3,REM
1603118192000,3,REM
1603118492000,3,REM
1603118792000,2,light
1603119092000,2,light
1603119392000,2,light
1603119692000,3,REM
1603119992000,2,light
1603120292000,2,light
1603120592000,2,light
1603120892000,2,light
1603121192000,2,light
1603121492000,2,light
1603121792000,2,light
1603122092000,2,light
1603122392000,2,light
1603122692000,2,light
1603122992000,2,light
1603123292000,2,light
1603123592000,2,light
1603123892000,2,light
1603124192000,3,REM
1603124492000,3,REM
1603124792000,3,REM
1603125092000,3,REM
1603125392000,3,REM
1603125692000,4,awake
1603125992000,2,light
1603126292000,2,light
1603126592000,2,light
1603126892000,2,light
1603127192000,2,light
1603127492000,2,light
1603127792000,2,light
1603128092000,2,light
1603128392000,4,awake
1603128692000,4,awake
1603128992000,2,light
1603129292000,2,light
1603129592000,2,light
1603129892000,3,REM
1603130192000,2,light
1603130492000,2,light
1603130792000,3,REM
1603131092000,3,REM
1603131392000,3,REM
1603131692000,3,REM
1603131992000,3,REM
1603132292000,2,light
1603132592000,2,light
1603132892000,3,REM
1603133192000,2,light
1603133492000,4,awake
1603133792000,4,awake
1603134092000,4,awake
1603134392000,4,awake
1603134692000,4,awake
1603134992000,4,awake
1603135292000,4,awake
1603135592000,2,light
1603135892000,2,light
1603136192000,4,awake
1603136492000,2,light
1603136792000,2,light
1603137092000,2,light
1603137392000,2,light
1603137692000,2,light
1603137992000,2,light
1603138292000,2,light
1603138592000,2,light
1603138892000,4,awake
1603139192000,4,awake
1603139492000,4,awake
1603139792000,4,awake
1603194001000,4,awake
1603194301000,2,light
1603194601000,2,light
1603194901000,2,light
1603195201000,2,light
1603195501000,2,light
1603195801000,1,deep
1603196101000,1,deep
1603196401000,1,deep
1603196701000,1,deep
1603197001000,1,deep
1603197301000,1,deep
1603197601000,1,deep
1603197901000,1,deep
1603198201000,4,awake
1603198501000,2,light
1603198801000,2,light
1603199101000,2,light
1603199401000,2,light
1603199701000,2,light
1603200001000,2,light
1603200301000,1,deep
1603200601000,1,deep
1603200901000,1,deep
1603201201000,1,deep
1603201501000,1,deep
1603201801000,1,deep
1603202101000,1,deep
1603202401000,1,deep
1603202701000,1,deep
1603203001000,1,deep
1603203301000,2,light
1603203601000,2,light
1603203901000,3,REM
1603204201000,3,REM
1603204501000,2,light
1603204801000,2,light
1603205101000,3,REM
1603205401000,2,light
1603205701000,2,light
1603206001000,3,REM
1603206301000,3,REM
1603206601000,3,REM
1603206901000,2,light
1603207201000,4,awake
1603275898000,4,awake
1603276198000,2,light
1603276498000,2,light
1603276798000,2,light
1603277098000,2,light
1603277398000,2,light
1603277698000,2,light
1603277998000,1,deep
1603278298000,1,deep
1603278598000,1,deep
1603278898000,2,light
1603279198000,2,light
1603279498000,1,deep
1603279798000,1,deep
1603280098000,1,deep
1603280398000,1,deep
1603280698000,2,light
1603280998000,3,REM
1603281298000,3,REM
1603281598000,2,light
1603281898000,1,deep
1603282198000,2,light
1603282498000,2,light
1603282798000,1,deep
1603283098000,1,deep
1603283398000,1,deep
1603283698000,2,light
1603283998000,2,light
1603284298000,3,REM
1603284598000,3,REM
1603284898000,3,REM
1603285198000,3,REM
1603285498000,1,deep
1603285798000,2,light
1603286098000,2,light
1603286398000,2,light
1603286698000,2,light
1603286998000,2,light
1603287298000,2,light
1603287598000,2,light
1603287898000,1,deep
1603288198000,1,deep
1603288498000,1,deep
1603288798000,1,deep
1603289098000,1,deep
1603289398000,1,deep
1603289698000,1,deep
1603289998000,2,light
1603290298000,2,light
1603290598000,3,REM
1603290898000,2,light
1603291198000,4,awake
1603291498000,2,light
1603291798000,2,light
1603292098000,2,light
1603292398000,2,light
1603292698000,2,light
1603292998000,2,light
1603293298000,2,light
1603293598000,2,light
1603293898000,2,light
1603294198000,2,light
1603294498000,2,light
1603294798000,3,REM
1603295098000,2,light
1603295398000,4,awake
1603295698000,4,awake
1603356852000,4,awake
1603357152000,4,awake
1603357452000,2,light
1603357752000,1,deep
1603358052000,1,deep
1603358352000,1,deep
1603358652000,1,deep
1603358952000,1,deep
1603359252000,2,light
1603359552000,2,light
1603359852000,2,light
1603360152000,2,light
1603360452000,2,light
1603360752000,2,light
1603361052000,2,light
1603361352000,2,light
1603361652000,2,light
1603361952000,3,REM
1603362252000,1,deep
1603362552000,2,light
1603362852000,2,light
1603363152000,2,light
1603363452000,2,light
1603363752000,2,light
1603364052000,4,awake
1603364352000,2,light
1603364652000,1,deep
1603364952000,1,deep
1603365252000,1,deep
1603365552000,1,deep
1603365852000,1,deep
1603366152000,1,deep
1603366452000,1,deep
1603366752000,2,light
1603367052000,3,REM
1603367352000,3,REM
1603367652000,2,light
1603367952000,2,light
1603368252000,2,light
1603368552000,2,light
1603368852000,1,deep
1603369152000,1,deep
1603369452000,1,deep
1603369752000,1,deep
1603370052000,1,deep
1603370352000,1,deep
1603370652000,2,light
1603370952000,3,REM
1603371252000,2,light
1603371552000,3,REM
1603371852000,3,REM
1603372152000,3,REM
1603372452000,3,REM
1603372752000,3,REM
1603373052000,3,REM
1603373352000,2,light
1603373652000,2,light
1603373952000,3,REM
1603374252000,3,REM
1603374552000,3,REM
1603374852000,3,REM
1603375152000,3,REM
1603375452000,3,REM
1603375752000,3,REM
1603376052000,2,light
1603376352000,2,light
1603376652000,2,light
1603376952000,2,light
1603377252000,2,light
1603377552000,2,light
1603377852000,2,light
1603378152000,2,light
1603378452000,1,deep
1603378752000,1,deep
1603379052000,2,light
1603379352000,2,light
1603379652000,2,light
1603379952000,3,REM
1603380252000,3,REM
1603380552000,3,REM
1603380852000,3,REM
1603381152000,4,awake
1603381452000,2,light
1603381752000,2,light
1603382052000,2,light
1603382352000,2,light
1603382652000,2,light
1603382952000,2,light
1603383252000,2,light
1603383552000,2,light
1603383852000,1,deep
1603384152000,1,deep
1603384452000,1,deep
1603384752000,2,light
1603385052000,2,light
1603385352000,2,light
1603385652000,2,light
1603385952000,4,awake
1603386252000,4,awake
1603446119000,4,awake
1603446419000,2,light
1603446719000,3,REM
1603447019000,3,REM
1603447319000,3,REM
1603447619000,2,light
1603447919000,4,awake
1603448219000,2,light
1603448519000,1,deep
1603448819000,1,deep
1603449119000,1,deep
1603449419000,1,deep
1603449719000,1,deep
1603450019000,2,light
1603450319000,2,light
1603450619000,2,light
1603450919000,1,deep
1603451219000,4,awake
1603451519000,4,awake
1603451819000,2,light
1603452119000,2,light
1603452419000,2,light
1603452719000,2,light
1603453019000,3,REM
1603453319000,3,REM
1603453619000,1,deep
1603453919000,3,REM
1603454219000,3,REM
1603454519000,3,REM
1603454819000,3,REM
1603455119000,3,REM
1603455419000,3,REM
1603455719000,2,light
1603456019000,4,awake
1603456319000,4,awake
1603456619000,3,REM
1603456919000,3,REM
1603457219000,3,REM
1603457519000,3,REM
1603457819000,3,REM
1603458119000,3,REM
1603458419000,1,deep
1603458719000,1,deep
1603459019000,1,deep
1603459319000,1,deep
1603459619000,2,light
1603459919000,2,light
1603460219000,1,deep
1603460519000,1,deep
1603460819000,2,light
1603461119000,2,light
1603461419000,2,light
1603461719000,2,light
1603462019000,1,deep
1603462319000,2,light
1603462619000,2,light
1603462919000,2,light
1603463219000,2,light
1603463519000,2,light
1603463819000,2,light
1603464119000,2,light
1603464419000,2,light
1603464719000,2,light
1603465019000,2,light
1603465319000,2,light
1603465619000,1,deep
1603465919000,2,light
1603466219000,3,REM
1603466519000,3,REM
1603466819000,3,REM
1603467119000,2,light
1603467419000,2,light
1603467719000,2,light
1603468019000,2,light
1603468319000,2,light
1603468619000,2,light
1603468919000,2,light
1603469219000,2,light
1603469519000,2,light
1603469819000,2,light
1603470119000,4,awake
1603470419000,2,light
1603470719000,2,light
1603471019000,1,deep
1603471319000,2,light
1603471619000,2,light
1603471919000,2,light
1603472219000,2,light
1603472519000,2,light
1603472819000,2,light
1603473119000,2,light
1603473419000,2,light
1603473719000,2,light
1603474019000,2,light
1603474319000,2,light
1603474619000,4,awake
1603474919000,4,awake
1603535280000,2,light
1603535580000,2,light
1603535880000,1,deep
1603536180000,1,deep
1603536480000,1,deep
1603536780000,1,deep
1603537080000,1,deep
1603537380000,1,deep
1603537680000,2,light
1603537980000,2,light
1603538280000,1,deep
1603538580000,1,deep
1603538880000,1,deep
1603539180000,4,awake
1603539480000,2,light
1603539780000,2,light
1603540080000,1,deep
1603540380000,1,deep
1603540680000,1,deep
1603540980000,1,deep
1603541280000,1,deep
1603541580000,1,deep
1603541880000,1,deep
1603542180000,1,deep
1603542480000,2,light
1603542780000,2,light
1603543080000,2,light
1603543380000,2,light
1603543680000,2,light
1603543980000,2,light
1603544280000,2,light
1603544580000,2,light
1603544880000,3,REM
1603545180000,3,REM
1603545480000,3,REM
1603545780000,3,REM
1603546080000,3,REM
1603546380000,3,REM
1603546680000,3,REM
1603546980000,2,light
1603547280000,3,REM
1603547580000,3,REM
1603547880000,3,REM
1603548180000,2,light
1603548480000,2,light
1603548780000,2,light
1603549080000,2,light
1603549380000,2,light
1603549680000,1,deep
1603549980000,1,deep
1603550280000,1,deep
1603550580000,1,deep
1603550880000,1,deep
1603551180000,1,deep
1603551480000,2,light
1603551780000,2,light
1603552080000,3,REM
1603552380000,3,REM
1603552680000,4,awake
1603552980000,2,light
1603553280000,2,light
1603553580000,2,light
1603553880000,2,light
1603554180000,2,light
1603554480000,2,light
1603554780000,1,deep
1603555080000,1,deep
1603555380000,3,REM
1603555680000,2,light
1603555980000,2,light
1603556280000,3,REM
1603556580000,3,REM
1603556880000,3,REM
1603557180000,2,light
1603557480000,4,awake
1603557780000,4,awake
1603558080000,4,awake
1603558380000,4,awake
1603558680000,2,light
1603558980000,2,light
1603559280000,3,REM
1603559580000,1,deep
1603559880000,2,light
1603560180000,2,light
1603560480000,4,awake
1603560780000,2,light
1603561080000,3,REM
1603561380000,3,REM
1603561680000,4,awake
1603561980000,4,awake
1603625162000,4,awake
1603625462000,2,light
1603625762000,2,light
1603626062000,1,deep
1603626362000,1,deep
1603626662000,1,deep
1603626962000,1,deep
1603627262000,2,light
1603627562000,2,light
1603627862000,3,REM
1603628162000,3,REM
1603628462000,3,REM
1603628762000,2,light
1603629062000,3,REM
1603629362000,2,light
1603629662000,1,deep
1603629962000,2,light
1603630262000,1,deep
1603630562000,1,deep
1603630862000,1,deep
1603631162000,2,light
1603631462000,3,REM
1603631762000,1,deep
1603632062000,3,REM
1603632362000,2,light
1603632662000,4,awake
1603632962000,2,light
1603633262000,1,deep
1603633562000,1,deep
1603633862000,1,deep
1603634162000,2,light
1603634462000,1,deep
1603634762000,1,deep
1603635062000,1,deep
1603635362000,1,deep
1603635662000,1,deep
1603635962000,1,deep
1603636262000,1,deep
1603636562000,1,deep
1603636862000,1,deep
1603637162000,1,deep
1603637462000,1,deep
1603637762000,1,deep
1603638062000,2,light
1603638362000,2,light
1603638662000,2,light
1603638962000,2,light
1603639262000,2,light
1603639562000,2,light
1603639862000,2,light
1603640162000,3,REM
1603640462000,2,light
1603640762000,2,light
1603641062000,1,deep
1603641362000,1,deep
1603641662000,1,deep
1603641962000,1,deep
1603642262000,2,light
1603642562000,2,light
1603642862000,2,light
1603643162000,2,light
1603643462000,2,light
1603643762000,1,deep
1603644062000,1,deep
1603644362000,2,light
1603644662000,2,light
1603644962000,2,light
1603645262000,2,light
1603645562000,2,light
1603645862000,4,awake
1603646162000,2,light
1603646462000,2,light
1603646762000,2,light
1603647062000,2,light
1603647362000,2,light
1603647662000,2,light
1603647962000,2,light
1603648262000,2,light
1603648562000,3,REM
1603648862000,1,deep
1603649162000,1,deep
1603649462000,4,awake
1603649762000,4,awake
1603708858000,4,awake
1603709158000,2,light
1603709458000,2,light
1603709758000,2,light
1603710058000,1,deep
1603710358000,1,deep
1603710658000,1,deep
1603710958000,1,deep
1603711258000,1,deep
1603711558000,1,deep
1603711858000,1,deep
1603712158000,1,deep
1603712458000,1,deep
1603712758000,1,deep
1603713058000,2,light
1603713358000,2,light
1603713658000,1,deep
1603713958000,1,deep
1603714258000,3,REM
1603714558000,3,REM
1603714858000,3,REM
1603715158000,3,REM
1603715458000,3,REM
1603715758000,3,REM
1603716058000,3,REM
1603716358000,3,REM
1603716658000,3,REM
1603716958000,3,REM
1603717258000,3,REM
1603717558000,3,REM
1603717858000,3,REM
1603718158000,3,REM
1603718458000,3,REM
1603718758000,3,REM
1603719058000,1,deep
1603719358000,1,deep
1603719658000,3,REM
1603719958000,2,light
1603720258000,2,light
1603720558000,2,light
1603720858000,2,light
1603721158000,2,light
1603721458000,1,deep
1603721758000,1,deep
1603722058000,1,deep
1603722358000,1,deep
1603722658000,1,deep
1603722958000,2,light
1603723258000,2,light
1603723558000,2,light
1603723858000,1,deep
1603724158000,1,deep
1603724458000,2,light
1603724758000,2,light
1603725058000,2,light
1603725358000,1,deep
1603725658000,2,light
1603725958000,1,deep
1603726258000,1,deep
1603726558000,2,light
1603726858000,2,light
1603727158000,1,deep
1603727458000,1,deep
1603727758000,1,deep
1603728058000,3,REM
1603728358000,3,REM
1603728658000,2,light
1603728958000,2,light
1603729258000,3,REM
1603729558000,3,REM
1603729858000,3,REM
1603730158000,2,light
1603730458000,2,light
1603730758000,2,light
1603731058000,2,light
1603731358000,2,light
1603731658000,2,light
1603731958000,1,deep
1603732258000,1,deep
1603732558000,1,deep
1603732858000,1,deep
1603733158000,1,deep
1603733458000,1,deep
1603733758000,2,light
1603734058000,2,light
1603734358000,4,awake
1603734658000,4,awake
1603877763000,4,awake
1603878063000,2,light
1603878363000,1,deep
1603878663000,1,deep
1603878963000,1,deep
1603879263000,1,deep
1603879563000,1,deep
1603879863000,1,deep
1603880163000,1,deep
1603880463000,1,deep
1603880763000,1,deep
1603881063000,1,deep
1603881363000,1,deep
1603881663000,2,light
1603881963000,2,light
1603882263000,2,light
1603882563000,1,deep
1603882863000,1,deep
1603883163000,1,deep
1603883463000,1,deep
1603883763000,1,deep
1603884063000,2,light
1603884363000,2,light
1603884663000,2,light
1603884963000,1,deep
1603885263000,1,deep
1603885563000,1,deep
1603885863000,1,deep
1603886163000,1,deep
1603886463000,1,deep
1603886763000,1,deep
1603887063000,1,deep
1603887363000,1,deep
1603887663000,2,light
1603887963000,2,light
1603888263000,3,REM
1603888563000,2,light
1603888863000,2,light
1603889163000,2,light
1603889463000,2,light
1603889763000,2,light
1603890063000,2,light
1603890363000,3,REM
1603890663000,3,REM
1603890963000,2,light
1603891263000,2,light
1603891563000,2,light
1603891863000,2,light
1603892163000,3,REM
1603892463000,3,REM
1603892763000,3,REM
1603893063000,3,REM
1603893363000,3,REM
1603893663000,2,light
1603893963000,2,light
1603894263000,2,light
1603894563000,3,REM
1603894863000,2,light
1603895163000,4,awake
1603895463000,2,light
1603895763000,3,REM
1603896063000,3,REM
1603896363000,3,REM
1603896663000,3,REM
1603896963000,3,REM
1603897263000,3,REM
1603897563000,3,REM
1603897863000,3,REM
1603898163000,2,light
1603898463000,2,light
1603898763000,3,REM
1603899063000,2,light
1603899363000,2,light
1603899663000,2,light
1603899963000,1,deep
1603900263000,1,deep
1603900563000,2,light
1603900863000,3,REM
1603901163000,3,REM
1603901463000,3,REM
1603901763000,2,light
1603902063000,2,light
1603902363000,2,light
1603902663000,3,REM
1603902963000,3,REM
1603903263000,2,light
1603903563000,2,light
1603903863000,2,light
1603904163000,2,light
1603904463000,3,REM
1603904763000,3,REM
1603905063000,3,REM
1603905363000,3,REM
1603905663000,3,REM
1603905963000,3,REM
1603906263000,3,REM
1603906563000,4,awake
1603968000000,4,awake
1603968300000,2,light
1603968600000,2,light
1603968900000,2,light
1603969200000,2,light
1603969500000,1,deep
1603969800000,1,deep
1603970100000,1,deep
1603970400000,1,deep
1603970700000,1,deep
1603971000000,1,deep
1603971300000,1,deep
1603971600000,4,awake
1603971900000,4,awake
1603972200000,2,light
1603972500000,2,light
1603972800000,2,light
1603973100000,2,light
1603973400000,1,deep
1603973700000,1,deep
1603974000000,2,light
1603974300000,2,light
1603974600000,2,light
1603974900000,2,light
1603975200000,1,deep
1603975500000,1,deep
1603975800000,2,light
1603976100000,2,light
1603976400000,2,light
1603976700000,2,light
1603977000000,2,light
1603977300000,2,light
1603977600000,2,light
1603977900000,2,light
1603978200000,2,light
1603978500000,2,light
1603978800000,2,light
1603979100000,2,light
1603979400000,2,light
1603979700000,2,light
1603980000000,2,light
1603980300000,3,REM
1603980600000,3,REM
1603980900000,3,REM
1603981200000,3,REM
1603981500000,3,REM
1603981800000,2,light
1603982100000,2,light
1603982400000,3,REM
1603982700000,1,deep
1603983000000,2,light
1603983300000,2,light
1603983600000,1,deep
1603983900000,1,deep
1603984200000,2,light
1603984500000,2,light
1603984800000,2,light
1603985100000,1,deep
1603985400000,1,deep
1603985700000,1,deep
1603986000000,1,deep
1603986300000,2,light
1603986600000,2,light
1603986900000,3,REM
1603987200000,3,REM
1603987500000,3,REM
1603987800000,2,light
1603988100000,2,light
1603988400000,4,awake
1603988700000,2,light
1603989000000,2,light
1603989300000,2,light
1603989600000,2,light
1603989900000,2,light
1603990200000,3,REM
1603990500000,2,light
1603990800000,1,deep
1603991100000,1,deep
1603991400000,1,deep
1603991700000,1,deep
1603992000000,2,light
1603992300000,2,light
1603992600000,3,REM
1603992900000,4,awake
1603993200000,4,awake
1604049418000,4,awake
1604049718000,2,light
1604050018000,2,light
1604050318000,1,deep
1604050618000,1,deep
1604050918000,1,deep
1604051218000,1,deep
1604051518000,1,deep
1604051818000,1,deep
1604052118000,1,deep
1604052418000,1,deep
1604052718000,1,deep
1604053018000,1,deep
1604053318000,1,deep
1604053618000,2,light
1604053918000,2,light
1604054218000,2,light
1604054518000,1,deep
1604054818000,1,deep
1604055118000,2,light
1604055418000,2,light
1604055718000,2,light
1604056018000,2,light
1604056318000,1,deep
1604056618000,1,deep
1604056918000,1,deep
1604057218000,1,deep
1604057518000,1,deep
1604057818000,3,REM
1604058118000,3,REM
1604058418000,1,deep
1604058718000,2,light
1604059018000,2,light
1604059318000,3,REM
1604059618000,2,light
1604059918000,2,light
1604060218000,2,light
1604060518000,2,light
1604060818000,4,awake
1604061118000,4,awake
1604061418000,2,light
1604061718000,2,light
1604062018000,2,light
1604062318000,3,REM
1604062618000,2,light
1604062918000,2,light
1604063218000,2,light
1604063518000,2,light
1604063818000,2,light
1604064118000,3,REM
1604064418000,3,REM
1604064718000,3,REM
1604065018000,3,REM
1604065318000,2,light
1604065618000,3,REM
1604065918000,2,light
1604066218000,2,light
1604066518000,1,deep
1604066818000,1,deep
1604067118000,1,deep
1604067418000,1,deep
1604067718000,1,deep
1604068018000,1,deep
1604068318000,1,deep
1604068618000,2,light
1604068918000,2,light
1604069218000,4,awake
1604069518000,2,light
1604069818000,3,REM
1604070118000,3,REM
1604070418000,2,light
1604070718000,3,REM
1604071018000,3,REM
1604071318000,3,REM
1604071618000,2,light
1604071918000,2,light
1604072218000,2,light
1604072518000,2,light
1604072818000,2,light
1604073118000,3,REM
1604073418000,3,REM
1604073718000,3,REM
1604074018000,3,REM
1604074318000,3,REM
1604074618000,3,REM
1604074918000,2,light
1604075218000,4,awake
1604075518000,4,awake
1604075818000,4,awake
1604076118000,4,awake
1604076418000,4,awake
1604076718000,4,awake
1604077018000,4,awake
1604077318000,4,awake
1604077618000,4,awake
1604077918000,2,light
1604078218000,2,light
1604078518000,3,REM
1604078818000,2,light
1604079118000,3,REM
1604079418000,3,REM
1604079718000,3,REM
1604080018000,2,light
1604080318000,2,light
1604080618000,2,light
1604080918000,2,light
1604081218000,2,light
1604081518000,2,light
1604081818000,4,awake
1604140171000,4,awake
1604140471000,4,awake
1604140771000,4,awake
1604141071000,2,light
1604141371000,3,REM
1604141671000,2,light
1604141971000,2,light
1604142271000,2,light
1604142571000,2,light
1604142871000,2,light
1604143171000,2,light
1604143471000,4,awake
1604143771000,4,awake
1604144071000,2,light
1604144371000,2,light
1604144671000,4,awake
1604144971000,4,awake
1604145271000,1,deep
1604145571000,1,deep
1604145871000,1,deep
1604146171000,2,light
1604146471000,3,REM
1604146771000,4,awake
1604147071000,2,light
1604147371000,2,light
1604147671000,2,light
1604147971000,1,deep
1604148271000,2,light
1604148571000,2,light
1604148871000,2,light
1604149171000,2,light
1604149471000,1,deep
1604149771000,2,light
1604150071000,2,light
1604150371000,2,light
1604150671000,1,deep
1604150971000,1,deep
1604151271000,1,deep
1604151571000,1,deep
1604151871000,1,deep
1604152171000,1,deep
1604152471000,1,deep
1604152771000,2,light
1604153071000,3,REM
1604153371000,2,light
1604153671000,2,light
1604153971000,2,light
1604154271000,2,light
1604154571000,2,light
1604154871000,2,light
1604155171000,2,light
1604155471000,1,deep
1604155771000,1,deep
1604156071000,1,deep
1604156371000,1,deep
1604156671000,1,deep
1604156971000,1,deep
1604157271000,2,light
1604157571000,2,light
1604157871000,2,light
1604158171000,2,light
1604158471000,2,light
1604158771000,2,light
1604159071000,2,light
1604159371000,3,REM
1604159671000,3,REM
1604159971000,3,REM
1604160271000,2,light
1604160571000,3,REM
1604160871000,3,REM
1604161171000,3,REM
1604161471000,3,REM
1604161771000,2,light
1604162071000,2,light
1604162371000,2,light
1604162671000,2,light
1604162971000,2,light
1604163271000,2,light
1604163571000,2,light
1604163871000,2,light
1604164171000,3,REM
1604164471000,3,REM
1604164771000,3,REM
1604165071000,2,light
1604165371000,3,REM
1604165671000,3,REM
1604165971000,4,awake
1604166271000,4,awake
1604166571000,4,awake
1604209502000,4,awake
1604209802000,2,light
1604210102000,2,light
1604210402000,2,light
1604210702000,2,light
1604211002000,1,deep
1604211302000,1,deep
1604211602000,1,deep
1604211902000,2,light
1604212202000,2,light
1604212502000,2,light
1604212802000,2,light
1604213102000,1,deep
1604213402000,1,deep
1604213702000,2,light
1604214002000,2,light
1604214302000,2,light
1604214602000,2,light
1604214902000,1,deep
1604215202000,1,deep
1604215502000,1,deep
1604215802000,1,deep
1604216102000,1,deep
1604216402000,1,deep
1604216702000,1,deep
1604217002000,2,light
1604217302000,4,awake
1604217602000,4,awake
1604217902000,4,awake
1604218202000,4,awake
1604218502000,4,awake
1604218802000,4,awake
1604219102000,4,awake
1604219402000,4,awake
1604219702000,4,awake
1604220002000,4,awake
1604220302000,2,light
1604220602000,2,light
1604220902000,4,awake
1604221202000,4,awake
1604221502000,4,awake
1604221802000,4,awake
1604222102000,4,awake
1604222402000,4,awake
1604222702000,4,awake
1604223002000,2,light
1604223302000,3,REM
1604223602000,3,REM
1604223902000,3,REM
1604224202000,3,REM
1604224502000,3,REM
1604224802000,3,REM
1604225102000,2,light
1604225402000,3,REM
1604225702000,3,REM
1604226002000,3,REM
1604226302000,3,REM
1604226602000,3,REM
1604226902000,3,REM
1604227202000,3,REM
1604227502000,2,light
1604227802000,1,deep
1604228102000,2,light
1604228402000,2,light
1604228702000,2,light
1604229002000,2,light
1604229302000,2,light
1604229602000,1,deep
1604229902000,1,deep
1604230202000,1,deep
1604230502000,2,light
1604230802000,2,light
1604231102000,2,light
1604231402000,2,light
1604231702000,2,light
1604232002000,2,light
1604232302000,2,light
1604232602000,2,light
1604232902000,2,light
1604233202000,2,light
1604233502000,4,awake
1604233802000,3,REM
1604234102000,4,awake
1604234402000,4,awake
1604234702000,2,light
1604235002000,2,light
1604235302000,2,light
1604235602000,4,awake
1604235902000,2,light
1604236202000,2,light
1604236502000,2,light
1604236802000,2,light
1604237102000,2,light
1604237402000,2,light
1604237702000,3,REM
1604238002000,3,REM
1604238302000,3,REM
1604238602000,3,REM
1604238902000,3,REM
1604239202000,3,REM
1604239502000,3,REM
1604239802000,3,REM
1604240102000,3,REM
1604240402000,2,light
1604240702000,2,light
1604241002000,2,light
1604241302000,2,light
1604241602000,2,light
1604241902000,2,light
1604242202000,2,light
1604242502000,2,light
1604242802000,2,light
1604243102000,2,light
1604243402000,2,light
1604243702000,2,light
1604244002000,2,light
1604244302000,2,light
1604244602000,3,REM
1604244902000,3,REM
1604245202000,3,REM
1604245502000,2,light
1604245802000,2,light
1604246102000,2,light
1604246402000,2,light
1604246702000,2,light
1604247002000,2,light
1604247302000,2,light
1604247602000,2,light
1604247902000,2,light
1604248202000,2,light
1604248502000,2,light
1604248802000,3,REM
1604249102000,3,REM
1604249402000,4,awake
1604249702000,4,awake
1604487749000,4,awake
1604488049000,2,light
1604488349000,2,light
1604488649000,2,light
1604488949000,2,light
1604489249000,2,light
1604489549000,2,light
1604489849000,2,light
1604490149000,2,light
1604490449000,2,light
1604490749000,4,awake
1604491049000,3,REM
1604491349000,3,REM
1604491649000,3,REM
1604491949000,3,REM
1604492249000,3,REM
1604492549000,3,REM
1604492849000,3,REM
1604493149000,3,REM
1604493449000,4,awake
1604493749000,4,awake
1604494049000,3,REM
1604494349000,1,deep
1604494649000,1,deep
1604494949000,1,deep
1604495249000,1,deep
1604495549000,1,deep
1604495849000,1,deep
1604496149000,1,deep
1604496449000,2,light
1604496749000,2,light
1604497049000,3,REM
1604497349000,1,deep
1604497649000,2,light
1604497949000,2,light
1604498249000,2,light
1604498549000,2,light
1604498849000,2,light
1604499149000,2,light
1604499449000,2,light
1604499749000,2,light
1604500049000,2,light
1604500349000,2,light
1604500649000,1,deep
1604500949000,1,deep
1604501249000,1,deep
1604501549000,1,deep
1604501849000,1,deep
1604502149000,1,deep
1604502449000,1,deep
1604502749000,1,deep
1604503049000,2,light
1604503349000,2,light
1604503649000,1,deep
1604503949000,1,deep
1604504249000,4,awake
1604504549000,2,light
1604504849000,3,REM
1604505149000,3,REM
1604505449000,2,light
1604505749000,3,REM
1604506049000,3,REM
1604506349000,3,REM
1604506649000,3,REM
1604506949000,3,REM
1604507249000,2,light
1604507549000,4,awake
1604507849000,2,light
1604508149000,2,light
1604508449000,2,light
1604508749000,1,deep
1604509049000,1,deep
1604509349000,3,REM
1604509649000,1,deep
1604509949000,1,deep
1604510249000,1,deep
1604510549000,2,light
1604510849000,2,light
1604511149000,3,REM
1604511449000,2,light
1604511749000,2,light
1604512049000,2,light
1604512349000,2,light
1604512649000,4,awake
1604512949000,2,light
1604513249000,2,light
1604513549000,1,deep
1604513849000,1,deep
1604514149000,1,deep
1604514449000,2,light
1604514749000,2,light
1604515049000,2,light
1604515349000,4,awake
1604515649000,3,REM
1604515949000,4,awake
1604516249000,4,awake
1604569891000,4,awake
1604570191000,2,light
1604570491000,2,light
1604570791000,2,light
1604571091000,2,light
1604571391000,1,deep
1604571691000,1,deep
1604571991000,1,deep
1604572291000,1,deep
1604572591000,1,deep
1604572891000,1,deep
1604573191000,1,deep
1604573491000,1,deep
1604573791000,4,awake
1604574091000,3,REM
1604574391000,3,REM
1604574691000,2,light
1604574991000,2,light
1604575291000,2,light
1604575591000,2,light
1604575891000,2,light
1604576191000,1,deep
1604576491000,1,deep
1604576791000,1,deep
1604577091000,1,deep
1604577391000,2,light
1604577691000,2,light
1604577991000,4,awake
1604578291000,3,REM
1604578591000,3,REM
1604578891000,3,REM
1604579191000,2,light
1604579491000,3,REM
1604579791000,3,REM
1604580091000,1,deep
1604580391000,2,light
1604580691000,2,light
1604580991000,2,light
1604581291000,1,deep
1604581591000,1,deep
1604581891000,1,deep
1604582191000,1,deep
1604582491000,1,deep
1604582791000,4,awake
1604583091000,2,light
1604583391000,2,light
1604583691000,1,deep
1604583991000,1,deep
1604584291000,1,deep
1604584591000,1,deep
1604584891000,2,light
1604585191000,2,light
1604585491000,2,light
1604585791000,2,light
1604586091000,4,awake
1604586391000,4,awake
1604586691000,4,awake
1604586991000,2,light
1604587291000,2,light
1604587591000,2,light
1604587891000,2,light
1604588191000,2,light
1604588491000,2,light
1604588791000,2,light
1604589091000,2,light
1604589391000,2,light
1604589691000,1,deep
1604589991000,1,deep
1604590291000,1,deep
1604590591000,1,deep
1604590891000,2,light
1604591191000,2,light
1604591491000,2,light
1604591791000,2,light
1604592091000,2,light
1604592391000,2,light
1604592691000,3,REM
1604592991000,2,light
1604593291000,3,REM
1604593591000,4,awake
1604593891000,4,awake
1604663968000,4,awake
1604664268000,2,light
1604664568000,2,light
1604664868000,1,deep
1604665168000,1,deep
1604665468000,1,deep
1604665768000,1,deep
1604666068000,1,deep
1604666368000,1,deep
1604666668000,1,deep
1604666968000,1,deep
1604667268000,1,deep
1604667568000,4,awake
1604667868000,4,awake
1604668168000,2,light
1604668468000,2,light
1604668768000,2,light
1604669068000,1,deep
1604669368000,1,deep
1604669668000,2,light
1604669968000,2,light
1604670268000,2,light
1604670568000,3,REM
1604670868000,3,REM
1604671168000,3,REM
1604671468000,3,REM
1604671768000,3,REM
1604672068000,2,light
1604672368000,1,deep
1604672668000,1,deep
1604672968000,2,light
1604673268000,2,light
1604673568000,2,light
1604673868000,2,light
1604674168000,2,light
1604674468000,3,REM
1604674768000,3,REM
1604675068000,2,light
1604675368000,2,light
1604675668000,1,deep
1604675968000,1,deep
1604676268000,2,light
1604676568000,2,light
1604676868000,2,light
1604677168000,2,light
1604677468000,2,light
1604677768000,3,REM
1604678068000,2,light
1604678368000,2,light
1604678668000,2,light
1604678968000,3,REM
1604679268000,3,REM
1604679568000,3,REM
1604679868000,3,REM
1604680168000,3,REM
1604680468000,3,REM
1604680768000,2,light
1604681068000,2,light
1604681368000,2,light
1604681668000,2,light
1604681968000,2,light
1604682268000,2,light
1604682568000,3,REM
1604682868000,3,REM
1604683168000,2,light
1604683468000,2,light
1604683768000,2,light
1604684068000,2,light
1604684368000,2,light
1604684668000,2,light
1604684968000,2,light
1604685268000,2,light
1604685568000,3,REM
1604685868000,1,deep
1604686168000,1,deep
1604686468000,1,deep
1604686768000,1,deep
1604687068000,3,REM
1604687368000,1,deep
1604687668000,1,deep
1604687968000,2,light
1604688268000,2,light
1604688568000,3,REM
1604688868000,4,awake
1604689168000,4,awake
1604834612000,4,awake
1604834912000,2,light
1604835212000,1,deep
1604835512000,1,deep
1604835812000,2,light
1604836112000,2,light
1604836412000,2,light
1604836712000,2,light
1604837012000,2,light
1604837312000,1,deep
1604837612000,2,light
1604837912000,4,awake
1604838212000,4,awake
1604838512000,2,light
1604838812000,2,light
1604839112000,2,light
1604839412000,2,light
1604839712000,1,deep
1604840012000,1,deep
1604840312000,2,light
1604840612000,1,deep
1604840912000,1,deep
1604841212000,1,deep
1604841512000,1,deep
1604841812000,2,light
1604842112000,2,light
1604842412000,2,light
1604842712000,2,light
1604843012000,2,light
1604843312000,1,deep
1604843612000,1,deep
1604843912000,3,REM
1604844212000,2,light
1604844512000,2,light
1604844812000,2,light
1604845112000,3,REM
1604845412000,2,light
1604845712000,2,light
1604846012000,2,light
1604846312000,2,light
1604846612000,2,light
1604846912000,2,light
1604847212000,3,REM
1604847512000,3,REM
1604847812000,2,light
1604848112000,2,light
1604848412000,2,light
1604848712000,2,light
1604849012000,2,light
1604849312000,2,light
1604849612000,2,light
1604849912000,1,deep
1604850212000,1,deep
1604850512000,1,deep
1604850812000,1,deep
1604851112000,1,deep
1604851412000,2,light
1604851712000,2,light
1604852012000,2,light
1604852312000,2,light
1604852612000,2,light
1604852912000,2,light
1604853212000,2,light
1604853512000,3,REM
1604853812000,3,REM
1604854112000,2,light
1604854412000,2,light
1604854712000,2,light
1604855012000,1,deep
1604855312000,1,deep
1604855612000,3,REM
1604855912000,2,light
1604856212000,2,light
1604856512000,3,REM
1604856812000,2,light
1604857112000,3,REM
1604857412000,4,awake
1604857712000,4,awake
1604858012000,2,light
1604858312000,2,light
1604858612000,3,REM
1604858912000,3,REM
1604859212000,3,REM
1604859512000,3,REM
1604859812000,3,REM
1604860112000,3,REM
1604860412000,3,REM
1604860712000,3,REM
1604861012000,3,REM
1604861312000,3,REM
1604861612000,3,REM
1604861912000,4,awake
1604862212000,4,awake
1604920169000,2,light
1604920469000,4,awake
1604920769000,4,awake
1604921069000,2,light
1604921369000,2,light
1604921669000,2,light
1604921969000,2,light
1604922269000,2,light
1604922569000,2,light
1604922869000,2,light
1604923169000,2,light
1604923469000,3,REM
1604923769000,3,REM
1604924069000,3,REM
1604924369000,3,REM
1604924669000,3,REM
1604924969000,2,light
1604925269000,2,light
1604925569000,1,deep
1604925869000,1,deep
1604926169000,1,deep
1604926469000,1,deep
1604926769000,1,deep
1604927069000,1,deep
1604927369000,2,light
1604927669000,2,light
1604927969000,2,light
1604928269000,2,light
1604928569000,2,light
1604928869000,4,awake
1604929169000,2,light
1604929469000,2,light
1604929769000,3,REM
1604930069000,3,REM
1604930369000,3,REM
1604930669000,2,light
1604930969000,4,awake
1604931269000,2,light
1604931569000,2,light
1604931869000,2,light
1604932169000,1,deep
1604932469000,1,deep
1604932769000,1,deep
1604933069000,1,deep
1604933369000,1,deep
1604933669000,1,deep
1604933969000,3,REM
1604934269000,3,REM
1604934569000,1,deep
1604934869000,1,deep
1604935169000,1,deep
1604935469000,2,light
1604935769000,2,light
1604936069000,2,light
1604936369000,3,REM
1604936669000,3,REM
1604936969000,3,REM
1604937269000,3,REM
1604937569000,2,light
1604937869000,2,light
1604938169000,2,light
1604938469000,2,light
1604938769000,2,light
1604939069000,2,light
1604939369000,2,light
1604939669000,2,light
1604939969000,2,light
1604940269000,2,light
1604940569000,2,light
1604940869000,4,awake
1604941169000,2,light
1604941469000,2,light
1604941769000,3,REM
1604942069000,3,REM
1604942369000,3,REM
1604942669000,3,REM
1604942969000,2,light
1604943269000,2,light
1604943569000,2,light
1604943869000,4,awake
1604944169000,4,awake
1604944469000,4,awake
1604944769000,2,light
1604945069000,2,light
1604945369000,4,awake
1604945669000,2,light
1604945969000,2,light
1604946269000,2,light
1604946569000,2,light
1604946869000,2,light
1604947169000,1,deep
1604947469000,2,light
1604947769000,2,light
1604948069000,4,awake
1604948369000,4,awake
1604948669000,4,awake
1605089219000,4,awake
1605089519000,4,awake
1605089819000,2,light
1605090119000,1,deep
1605090419000,1,deep
1605090719000,1,deep
1605091019000,1,deep
1605091319000,1,deep
1605091619000,1,deep
1605091919000,4,awake
1605092219000,4,awake
1605092519000,2,light
1605092819000,2,light
1605093119000,2,light
1605093419000,1,deep
1605093719000,1,deep
1605094019000,1,deep
1605094319000,1,deep
1605094619000,1,deep
1605094919000,1,deep
1605095219000,1,deep
1605095519000,4,awake
1605095819000,2,light
1605096119000,1,deep
1605096419000,1,deep
1605096719000,1,deep
1605097019000,2,light
1605097319000,2,light
1605097619000,2,light
1605097919000,2,light
1605098219000,2,light
1605098519000,3,REM
1605098819000,2,light
1605099119000,2,light
1605099419000,3,REM
1605099719000,3,REM
1605100019000,1,deep
1605100319000,2,light
1605100619000,2,light
1605100919000,2,light
1605101219000,2,light
1605101519000,2,light
1605101819000,2,light
1605102119000,2,light
1605102419000,3,REM
1605102719000,3,REM
1605103019000,2,light
1605103319000,2,light
1605103619000,2,light
1605103919000,2,light
1605104219000,2,light
1605104519000,2,light
1605104819000,2,light
1605105119000,2,light
1605105419000,2,light
1605105719000,3,REM
1605106019000,3,REM
1605106319000,1,deep
1605106619000,2,light
1605106919000,2,light
1605107219000,1,deep
1605107519000,1,deep
1605107819000,1,deep
1605108119000,1,deep
1605108419000,1,deep
1605108719000,2,light
1605109019000,2,light
1605109319000,3,REM
1605109619000,3,REM
1605109919000,2,light
1605110219000,2,light
1605110519000,3,REM
1605110819000,3,REM
1605111119000,3,REM
1605111419000,2,light
1605111719000,2,light
1605112019000,2,light
1605112319000,2,light
1605112619000,2,light
1605112919000,2,light
1605113219000,4,awake
1605113519000,2,light
1605113819000,2,light
1605114119000,2,light
1605114419000,2,light
1605114719000,2,light
1605115019000,2,light
1605115319000,2,light
1605115619000,2,light
1605115919000,3,REM
1605116219000,1,deep
1605116519000,3,REM
1605116819000,3,REM
1605117119000,2,light
1605117419000,4,awake
1605117719000,2,light
1605118019000,3,REM
1605118319000,2,light
1605118619000,4,awake
1605118919000,2,light
1605119219000,4,awake
1605119519000,3,REM
1605119819000,3,REM
1605120119000,2,light
1605120419000,3,REM
1605120719000,3,REM
1605121019000,3,REM
1605121319000,3,REM
1605121619000,1,deep
1605121919000,4,awake
1605180240000,4,awake
1605180540000,4,awake
1605180840000,4,awake
1605181140000,1,deep
1605181440000,1,deep
1605181740000,1,deep
1605182040000,1,deep
1605182340000,1,deep
1605182640000,1,deep
1605182940000,1,deep
1605183240000,4,awake
1605183540000,4,awake
1605183840000,1,deep
1605184140000,1,deep
1605184440000,1,deep
1605184740000,1,deep
1605185040000,1,deep
1605185340000,1,deep
1605185640000,1,deep
1605185940000,1,deep
1605186240000,1,deep
1605186540000,2,light
1605186840000,2,light
1605187140000,3,REM
1605187440000,3,REM
1605187740000,2,light
1605188040000,2,light
1605188340000,1,deep
1605188640000,1,deep
1605188940000,1,deep
1605189240000,2,light
1605189540000,2,light
1605189840000,2,light
1605190140000,2,light
1605190440000,2,light
1605190740000,2,light
1605191040000,1,deep
1605191340000,1,deep
1605191640000,2,light
1605191940000,2,light
1605192240000,3,REM
1605192540000,3,REM
1605192840000,3,REM
1605193140000,3,REM
1605193440000,3,REM
1605193740000,3,REM
1605194040000,3,REM
1605194340000,3,REM
1605194640000,1,deep
1605194940000,2,light
1605195240000,3,REM
1605195540000,3,REM
1605195840000,3,REM
1605196140000,3,REM
1605196440000,2,light
1605196740000,2,light
1605197040000,2,light
1605197340000,2,light
1605197640000,2,light
1605197940000,2,light
1605198240000,2,light
1605198540000,2,light
1605198840000,2,light
1605199140000,2,light
1605199440000,2,light
1605199740000,2,light
1605200040000,2,light
1605200340000,4,awake
1605200640000,4,awake
1605200940000,3,REM
1605201240000,3,REM
1605201540000,3,REM
1605201840000,3,REM
1605202140000,3,REM
1605202440000,3,REM
1605202740000,3,REM
1605203040000,3,REM
1605203340000,3,REM
1605203640000,3,REM
1605203940000,3,REM
1605204240000,3,REM
1605204540000,3,REM
1605204840000,3,REM
1605205140000,3,REM
1605205440000,3,REM
1605205740000,3,REM
1605206040000,3,REM
1605206340000,3,REM
1605206640000,3,REM
1605206940000,3,REM
1605207240000,3,REM
1605207540000,4,awake
1605270182000,4,awake
1605270482000,2,light
1605270782000,1,deep
1605271082000,4,awake
1605271382000,1,deep
1605271682000,2,light
1605271982000,2,light
1605272282000,2,light
1605272582000,2,light
1605272882000,4,awake
1605273182000,2,light
1605273482000,3,REM
1605273782000,2,light
1605274082000,2,light
1605274382000,2,light
1605274682000,2,light
1605274982000,2,light
1605275282000,2,light
1605275582000,2,light
1605275882000,1,deep
1605276182000,2,light
1605276482000,4,awake
1605276782000,2,light
1605277082000,3,REM
1605277382000,3,REM
1605277682000,3,REM
1605277982000,1,deep
1605278282000,1,deep
1605278582000,2,light
1605278882000,2,light
1605279182000,2,light
1605279482000,2,light
1605279782000,2,light
1605280082000,2,light
1605280382000,2,light
1605280682000,2,light
1605280982000,2,light
1605281282000,3,REM
1605281582000,2,light
1605281882000,2,light
1605282182000,2,light
1605282482000,1,deep
1605282782000,1,deep
1605283082000,3,REM
1605283382000,3,REM
1605283682000,3,REM
1605283982000,1,deep
1605284282000,3,REM
1605284582000,2,light
1605284882000,2,light
1605285182000,3,REM
1605285482000,2,light
1605285782000,2,light
1605286082000,3,REM
1605286382000,3,REM
1605286682000,3,REM
1605286982000,2,light
1605287282000,4,awake
1605287582000,2,light
1605287882000,3,REM
1605288182000,3,REM
1605288482000,3,REM
1605288782000,3,REM
1605289082000,3,REM
1605289382000,2,light
1605289682000,2,light
1605289982000,2,light
1605290282000,2,light
1605290582000,3,REM
1605290882000,3,REM
1605291182000,2,light
1605291482000,2,light
1605291782000,4,awake
1605292082000,4,awake
1605292382000,4,awake
1605292682000,2,light
1605292982000,3,REM
1605293282000,2,light
1605293582000,2,light
1605293882000,3,REM
1605294182000,3,REM
1605294482000,2,light
1605294782000,2,light
1605295082000,2,light
1605295382000,2,light
1605295682000,4,awake
1605295982000,4,awake
1605347399000,4,awake
1605347699000,4,awake
1605347999000,4,awake
1605348299000,4,awake
1605348599000,3,REM
1605348899000,3,REM
1605349199000,2,light
1605349499000,1,deep
1605349799000,4,awake
1605350099000,2,light
1605350399000,1,deep
1605350699000,1,deep
1605350999000,2,light
1605351299000,2,light
1605351599000,1,deep
1605351899000,1,deep
1605352199000,1,deep
1605352499000,1,deep
1605352799000,1,deep
1605353099000,4,awake
1605353399000,2,light
1605353699000,3,REM
1605353999000,3,REM
1605354299000,3,REM
1605354599000,1,deep
1605354899000,1,deep
1605355199000,2,light
1605355499000,4,awake
1605355799000,2,light
1605356099000,2,light
1605356399000,2,light
1605356699000,2,light
1605356999000,2,light
1605357299000,2,light
1605357599000,2,light
1605357899000,2,light
1605358199000,2,light
1605358499000,3,REM
1605358799000,3,REM
1605359099000,3,REM
1605359399000,3,REM
1605359699000,2,light
1605359999000,2,light
1605360299000,2,light
1605360599000,2,light
1605360899000,2,light
1605361199000,2,light
1605361499000,2,light
1605361799000,2,light
1605362099000,2,light
1605362399000,2,light
1605362699000,2,light
1605362999000,2,light
1605363299000,2,light
1605363599000,2,light
1605363899000,2,light
1605364199000,2,light
1605364499000,3,REM
1605364799000,3,REM
1605365099000,3,REM
1605365399000,3,REM
1605365699000,3,REM
1605365999000,3,REM
1605366299000,1,deep
1605366599000,1,deep
1605366899000,1,deep
1605367199000,2,light
1605367499000,2,light
1605367799000,2,light
1605368099000,3,REM
1605368399000,3,REM
1605368699000,3,REM
1605368999000,2,light
1605369299000,2,light
1605369599000,2,light
1605369899000,3,REM
1605370199000,3,REM
1605370499000,3,REM
1605370799000,2,light
1605371099000,3,REM
1605371399000,3,REM
1605371699000,3,REM
1605371999000,3,REM
1605372299000,2,light
1605372599000,2,light
1605372899000,2,light
1605373199000,2,light
1605373499000,2,light
1605373799000,2,light
1605374099000,3,REM
1605374399000,3,REM
1605374699000,2,light
1605374999000,2,light
1605375299000,2,light
1605375599000,3,REM
1605375899000,3,REM
1605376199000,2,light
1605376499000,4,awake
1605376799000,2,light
1605377099000,2,light
1605377399000,2,light
1605377699000,2,light
1605377999000,4,awake
1605378299000,4,awake
1605441781000,2,light
1605442081000,2,light
1605442381000,2,light
1605442681000,2,light
1605442981000,2,light
1605443281000,2,light
1605443581000,1,deep
1605443881000,1,deep
1605444181000,2,light
1605444481000,1,deep
1605444781000,2,light
1605445081000,4,awake
1605445381000,2,light
1605445681000,2,light
1605445981000,2,light
1605446281000,2,light
1605446581000,2,light
1605446881000,2,light
1605447181000,1,deep
1605447481000,1,deep
1605447781000,1,deep
1605448081000,2,light
1605448381000,2,light
1605448681000,2,light
1605448981000,2,light
1605449281000,2,light
1605449581000,1,deep
1605449881000,1,deep
1605450181000,1,deep
1605450481000,1,deep
1605450781000,2,light
1605451081000,3,REM
1605451381000,3,REM
1605451681000,3,REM
1605451981000,3,REM
1605452281000,4,awake
1605452581000,2,light
1605452881000,3,REM
1605453181000,3,REM
1605453481000,3,REM
1605453781000,3,REM
1605454081000,1,deep
1605454381000,1,deep
1605454681000,1,deep
1605454981000,1,deep
1605455281000,1,deep
1605455581000,1,deep
1605455881000,4,awake
1605456181000,2,light
1605456481000,2,light
1605456781000,2,light
1605457081000,2,light
1605457381000,3,REM
1605457681000,3,REM
1605457981000,2,light
1605458281000,3,REM
1605458581000,3,REM
1605458881000,3,REM
1605459181000,3,REM
1605459481000,4,awake
1605459781000,3,REM
1605460081000,3,REM
1605460381000,3,REM
1605460681000,3,REM
1605460981000,3,REM
1605461281000,2,light
1605461581000,2,light
1605461881000,2,light
1605462181000,2,light
1605462481000,2,light
1605462781000,2,light
1605463081000,2,light
1605463381000,2,light
1605463681000,3,REM
1605463981000,2,light
1605464281000,2,light
1605464581000,2,light
1605464881000,2,light
1605465181000,2,light
1605465481000,4,awake
1605465781000,4,awake
1605511357000,4,awake
1605511657000,2,light
1605511957000,2,light
1605512257000,3,REM
1605512557000,2,light
1605512857000,2,light
1605513157000,2,light
1605513457000,3,REM
1605513757000,2,light
1605514057000,2,light
1605514357000,2,light
1605514657000,3,REM
1605514957000,2,light
1605515257000,4,awake
1605515557000,2,light
1605515857000,2,light
1605516157000,4,awake
1605516457000,1,deep
1605516757000,1,deep
1605517057000,1,deep
1605517357000,1,deep
1605517657000,1,deep
1605517957000,1,deep
1605518257000,1,deep
1605518557000,1,deep
1605518857000,1,deep
1605519157000,1,deep
1605519457000,2,light
1605519757000,2,light
1605520057000,4,awake
1605520357000,2,light
1605520657000,2,light
1605520957000,2,light
1605521257000,2,light
1605521557000,2,light
1605521857000,3,REM
1605522157000,3,REM
1605522457000,3,REM
1605522757000,3,REM
1605523057000,3,REM
1605523357000,3,REM
1605523657000,3,REM
1605523957000,3,REM
1605524257000,2,light
1605524557000,1,deep
1605524857000,1,deep
1605525157000,4,awake
1605525457000,2,light
1605525757000,2,light
1605526057000,2,light
1605526357000,2,light
1605526657000,2,light
1605526957000,2,light
1605527257000,2,light
1605527557000,2,light
1605527857000,1,deep
1605528157000,1,deep
1605528457000,2,light
1605528757000,2,light
1605529057000,2,light
1605529357000,2,light
1605529657000,4,awake
1605529957000,2,light
1605530257000,2,light
1605530557000,2,light
1605530857000,2,light
1605531157000,2,light
1605531457000,2,light
1605531757000,2,light
1605532057000,2,light
1605532357000,2,light
1605532657000,2,light
1605532957000,2,light
1605533257000,2,light
1605533557000,2,light
1605533857000,2,light
1605534157000,2,light
1605534457000,2,light
1605534757000,4,awake
1605535057000,2,light
1605535357000,2,light
1605535657000,2,light
1605535957000,2,light
1605536257000,2,light
1605536557000,2,light
1605536857000,3,REM
1605537157000,2,light
1605537457000,2,light
1605537757000,2,light
1605538057000,2,light
1605538357000,4,awake
1605538657000,4,awake
1605538957000,4,awake
1605539257000,4,awake
1605539557000,4,awake
1605539857000,4,awake
1605540157000,4,awake
1605540457000,4,awake
1605540757000,4,awake
1605541057000,4,awake
1605541357000,2,light
1605541657000,3,REM
1605541957000,3,REM
1605542257000,4,awake
1605542557000,3,REM
1605542857000,3,REM
1605543157000,3,REM
1605543457000,3,REM
1605543757000,2,light
1605544057000,2,light
1605544357000,2,light
1605544657000,2,light
1605544957000,2,light
1605545257000,2,light
1605545557000,2,light
1605545857000,2,light
1605546157000,2,light
1605546457000,2,light
1605546757000,3,REM
1605547057000,3,REM
1605547357000,3,REM
1605547657000,3,REM
1605547957000,3,REM
1605548257000,3,REM
1605548557000,2,light
1605548857000,2,light
1605549157000,2,light
1605549457000,2,light
1605549757000,2,light
1605550057000,2,light
1605550357000,2,light
1605550657000,1,deep
1605550957000,2,light
1605551257000,4,awake
1605551557000,4,awake
1605551857000,3,REM
1605552157000,3,REM
1605552457000,3,REM
1605552757000,4,awake
1605553057000,4,awake
1605553357000,3,REM
1605553657000,3,REM
1605553957000,3,REM
1605554257000,3,REM
1605554557000,3,REM
1605554857000,3,REM
1605555157000,3,REM
1605555457000,3,REM
1605555757000,3,REM
1605556057000,3,REM
1605556357000,3,REM
1605556657000,3,REM
1605556957000,3,REM
1605557257000,4,awake
1605557557000,2,light
1605557857000,2,light
1605558157000,2,light
1605558457000,2,light
1605558757000,2,light
1605559057000,2,light
1605559357000,2,light
1605559657000,2,light
1605559957000,2,light
1605560257000,3,REM
1605560557000,3,REM
1605560857000,2,light
1605561157000,2,light
1605561457000,4,awake
1605786509000,2,light
1605786809000,2,light
1605787109000,2,light
1605787409000,2,light
1605787709000,2,light
1605788009000,2,light
1605788309000,2,light
1605788609000,2,light
1605788909000,2,light
1605789209000,4,awake
1605789509000,4,awake
1605789809000,2,light
1605790109000,4,awake
1605790409000,2,light
1605790709000,2,light
1605791009000,1,deep
1605791309000,1,deep
1605791609000,3,REM
1605791909000,4,awake
1605792209000,4,awake
1605792509000,2,light
1605792809000,4,awake
1605793109000,4,awake
1605793409000,3,REM
1605793709000,3,REM
1605794009000,3,REM
1605794309000,2,light
1605794609000,2,light
1605794909000,2,light
1605795209000,2,light
1605795509000,2,light
1605795809000,2,light
1605796109000,2,light
1605796409000,2,light
1605796709000,2,light
1605797009000,2,light
1605797309000,2,light
1605797609000,1,deep
1605797909000,1,deep
1605798209000,3,REM
1605798509000,3,REM
1605798809000,3,REM
1605799109000,3,REM
1605799409000,3,REM
1605799709000,2,light
1605800009000,2,light
1605800309000,2,light
1605800609000,2,light
1605800909000,2,light
1605801209000,1,deep
1605801509000,1,deep
1605801809000,1,deep
1605802109000,1,deep
1605802409000,1,deep
1605802709000,1,deep
1605803009000,3,REM
1605803309000,2,light
1605803609000,2,light
1605803909000,2,light
1605804209000,3,REM
1605804509000,2,light
1605804809000,2,light
1605805109000,1,deep
1605805409000,1,deep
1605805709000,2,light
1605806009000,2,light
1605806309000,2,light
1605806609000,2,light
1605806909000,2,light
1605807209000,3,REM
1605807509000,3,REM
1605807809000,2,light
1605808109000,4,awake
1605808409000,4,awake
1605808709000,4,awake
1605809009000,4,awake
1605809309000,2,light
1605809609000,2,light
1605809909000,2,light
1605810209000,2,light
1605810509000,2,light
1605810809000,2,light
1605811109000,1,deep
1605811409000,2,light
1605811709000,1,deep
1605812009000,1,deep
1605812309000,1,deep
1605812609000,2,light
1605812909000,3,REM
1605813209000,4,awake
1605813509000,2,light
1605813809000,2,light
1605814109000,4,awake
1605814409000,2,light
1605814709000,3,REM
1605815009000,3,REM
1605815309000,3,REM
1605815609000,3,REM
1605815909000,1,deep
1605816209000,4,awake
1605873091000,4,awake
1605873391000,4,awake
1605873691000,2,light
1605873991000,1,deep
1605874291000,1,deep
1605874591000,1,deep
1605874891000,1,deep
1605875191000,2,light
1605875491000,1,deep
1605875791000,1,deep
1605876091000,1,deep
1605876391000,1,deep
1605876691000,1,deep
1605876991000,2,light
1605877291000,3,REM
1605877591000,2,light
1605877891000,2,light
1605878191000,1,deep
1605878491000,1,deep
1605878791000,1,deep
1605879091000,2,light
1605879391000,2,light
1605879691000,2,light
1605879991000,2,light
1605880291000,1,deep
1605880591000,1,deep
1605880891000,1,deep
1605881191000,2,light
1605881491000,2,light
1605881791000,1,deep
1605882091000,2,light
1605882391000,3,REM
1605882691000,3,REM
1605882991000,3,REM
1605883291000,3,REM
1605883591000,2,light
1605883891000,3,REM
1605884191000,3,REM
1605884491000,1,deep
1605884791000,1,deep
1605885091000,2,light
1605885391000,2,light
1605885691000,2,light
1605885991000,2,light
1605886291000,2,light
1605886591000,1,deep
1605886891000,1,deep
1605887191000,2,light
1605887491000,2,light
1605887791000,2,light
1605888091000,2,light
1605888391000,2,light
1605888691000,2,light
1605888991000,2,light
1605889291000,2,light
1605889591000,2,light
1605889891000,1,deep
1605890191000,1,deep
1605890491000,1,deep
1605890791000,3,REM
1605891091000,3,REM
1605891391000,3,REM
1605891691000,3,REM
1605891991000,3,REM
1605892291000,3,REM
1605892591000,2,light
1605892891000,2,light
1605893191000,2,light
1605893491000,2,light
1605893791000,1,deep
1605894091000,1,deep
1605894391000,1,deep
1605894691000,3,REM
1605894991000,3,REM
1605895291000,2,light
1605895591000,2,light
1605895891000,2,light
1605896191000,2,light
1605896491000,3,REM
1605896791000,3,REM
1605897091000,2,light
1605897391000,2,light
1605897691000,2,light
1605897991000,3,REM
1605898291000,4,awake
1605898591000,4,awake
1606114049000,4,awake
1606114349000,2,light
1606114649000,1,deep
1606114949000,2,light
1606115249000,2,light
1606115549000,4,awake
1606115849000,2,light
1606116149000,2,light
1606116449000,2,light
1606116749000,2,light
1606117049000,2,light
1606117349000,2,light
1606117649000,2,light
1606117949000,2,light
1606118249000,1,deep
1606118549000,1,deep
1606118849000,1,deep
1606119149000,1,deep
1606119449000,1,deep
1606119749000,1,deep
1606120049000,2,light
1606120349000,2,light
1606120649000,2,light
1606120949000,2,light
1606121249000,2,light
1606121549000,2,light
1606121849000,2,light
1606122149000,2,light
1606122449000,1,deep
1606122749000,1,deep
1606123049000,1,deep
1606123349000,2,light
1606123649000,2,light
1606123949000,2,light
1606124249000,2,light
1606124549000,2,light
1606124849000,2,light
1606125149000,3,REM
1606125449000,2,light
1606125749000,2,light
1606126049000,2,light
1606126349000,3,REM
1606126649000,3,REM
1606126949000,3,REM
1606127249000,3,REM
1606127549000,3,REM
1606127849000,2,light
1606128149000,2,light
1606128449000,1,deep
1606128749000,1,deep
1606129049000,1,deep
1606129349000,2,light
1606129649000,4,awake
1606129949000,2,light
1606130249000,2,light
1606130549000,2,light
1606130849000,2,light
1606131149000,2,light
1606131449000,2,light
1606131749000,2,light
1606132049000,3,REM
1606132349000,2,light
1606132649000,2,light
1606132949000,1,deep
1606133249000,1,deep
1606133549000,1,deep
1606133849000,2,light
1606134149000,2,light
1606134449000,2,light
1606134749000,2,light
1606135049000,2,light
1606135349000,2,light
1606135649000,3,REM
1606135949000,3,REM
1606136249000,3,REM
1606136549000,2,light
1606136849000,3,REM
1606137149000,3,REM
1606137449000,2,light
1606137749000,2,light
1606138049000,2,light
1606138349000,2,light
1606138649000,2,light
1606138949000,3,REM
1606139249000,3,REM
1606139549000,3,REM
1606139849000,4,awake
1606140149000,4,awake
1606218090000,2,light
1606218390000,2,light
1606218690000,2,light
1606218990000,1,deep
1606219290000,1,deep
1606219590000,1,deep
1606219890000,1,deep
1606220190000,1,deep
1606220490000,1,deep
1606220790000,4,awake
1606221090000,2,light
1606221390000,2,light
1606221690000,3,REM
1606221990000,3,REM
1606222290000,3,REM
1606222590000,3,REM
1606222890000,3,REM
1606223190000,2,light
1606223490000,2,light
1606223790000,2,light
1606224090000,1,deep
1606224390000,1,deep
1606224690000,3,REM
1606224990000,1,deep
1606225290000,3,REM
1606225590000,2,light
1606225890000,2,light
1606226190000,3,REM
1606226490000,1,deep
1606226790000,1,deep
1606227090000,2,light
1606227390000,2,light
1606227690000,1,deep
1606227990000,2,light
1606228290000,1,deep
1606228590000,2,light
1606228890000,2,light
1606229190000,2,light
1606229490000,2,light
1606229790000,2,light
1606230090000,2,light
1606230390000,2,light
1606230690000,2,light
1606230990000,2,light
1606231290000,2,light
1606231590000,2,light
1606231890000,4,awake
1606232190000,4,awake
1606232490000,2,light
1606232790000,2,light
1606233090000,2,light
1606233390000,1,deep
1606233690000,1,deep
1606233990000,2,light
1606234290000,2,light
1606234590000,2,light
1606234890000,3,REM
1606235190000,1,deep
1606235490000,1,deep
1606235790000,2,light
1606236090000,4,awake
1606236390000,2,light
1606236690000,2,light
1606236990000,2,light
1606237290000,2,light
1606237590000,2,light
1606237890000,3,REM
1606238190000,2,light
1606238490000,2,light
1606238790000,2,light
1606239090000,2,light
1606239390000,2,light
1606239690000,2,light
1606239990000,2,light
1606240290000,2,light
1606240590000,2,light
1606240890000,4,awake
1606241190000,2,light
1606241490000,2,light
1606241790000,4,awake
1606242090000,4,awake
1606242390000,4,awake
1606242690000,4,awake
1606242990000,4,awake
1606243290000,4,awake
1606243590000,1,deep
1606243890000,3,REM
1606244190000,2,light
1606244490000,4,awake
1606244790000,2,light
1606245090000,3,REM
1606245390000,3,REM
1606245690000,3,REM
1606245990000,1,deep
1606246290000,3,REM
1606246590000,3,REM
1606246890000,3,REM
1606247190000,3,REM
1606247490000,2,light
1606247790000,4,awake
1606248090000,2,light
1606248390000,4,awake
1606248690000,4,awake
1606570260000,4,awake
1606570560000,2,light
1606570860000,1,deep
1606571160000,1,deep
1606571460000,1,deep
1606571760000,1,deep
1606572060000,1,deep
1606572360000,1,deep
1606572660000,1,deep
1606572960000,1,deep
1606573260000,1,deep
1606573560000,1,deep
1606573860000,2,light
1606574160000,2,light
1606574460000,1,deep
1606574760000,1,deep
1606575060000,1,deep
1606575360000,1,deep
1606575660000,2,light
1606575960000,2,light
1606576260000,1,deep
1606576560000,2,light
1606576860000,4,awake
1606577160000,2,light
1606577460000,2,light
1606577760000,2,light
1606578060000,2,light
1606578360000,2,light
1606578660000,1,deep
1606578960000,1,deep
1606579260000,1,deep
1606579560000,1,deep
1606579860000,2,light
1606580160000,2,light
1606580460000,2,light
1606580760000,2,light
1606581060000,2,light
1606581360000,1,deep
1606581660000,1,deep
1606581960000,1,deep
1606582260000,1,deep
1606582560000,1,deep
1606582860000,1,deep
1606583160000,2,light
1606583460000,2,light
1606583760000,4,awake
1606584060000,1,deep
1606584360000,2,light
1606584660000,2,light
1606584960000,1,deep
1606585260000,1,deep
1606585560000,1,deep
1606585860000,1,deep
1606586160000,1,deep
1606586460000,1,deep
1606586760000,2,light
1606587060000,3,REM
1606587360000,3,REM
1606587660000,2,light
1606587960000,4,awake
1606588260000,3,REM
1606588560000,3,REM
1606588860000,3,REM
1606589160000,3,REM
1606589460000,3,REM
1606589760000,3,REM
1606590060000,2,light
1606590360000,2,light
1606590660000,2,light
1606590960000,3,REM
1606591260000,3,REM
1606591560000,3,REM
1606591860000,3,REM
1606592160000,3,REM
1606592460000,3,REM
1606592760000,2,light
1606593060000,2,light
1606593360000,2,light
1606593660000,4,awake
1606593960000,3,REM
1606594260000,3,REM
1606594560000,4,awake
1606742519000,4,awake
1606742819000,4,awake
1606743119000,1,deep
1606743419000,1,deep
1606743719000,1,deep
1606744019000,1,deep
1606744319000,1,deep
1606744619000,1,deep
1606744919000,1,deep
1606745219000,1,deep
1606745519000,2,light
1606745819000,2,light
1606746119000,1,deep
1606746419000,1,deep
1606746719000,1,deep
1606747019000,2,light
1606747319000,2,light
1606747619000,2,light
1606747919000,1,deep
1606748219000,2,light
1606748519000,2,light
1606748819000,1,deep
1606749119000,1,deep
1606749419000,2,light
1606749719000,2,light
1606750019000,2,light
1606750319000,2,light
1606750619000,2,light
1606750919000,2,light
1606751219000,1,deep
1606751519000,2,light
1606751819000,3,REM
1606752119000,3,REM
1606752419000,3,REM
1606752719000,2,light
1606753019000,2,light
1606753319000,2,light
1606753619000,1,deep
1606753919000,2,light
1606754219000,2,light
1606754519000,2,light
1606754819000,2,light
1606755119000,2,light
1606755419000,2,light
1606755719000,2,light
1606756019000,2,light
1606756319000,2,light
1606756619000,2,light
1606756919000,2,light
1606757219000,2,light
1606757519000,2,light
1606757819000,2,light
1606758119000,3,REM
1606758419000,3,REM
1606758719000,3,REM
1606759019000,3,REM
1606759319000,3,REM
1606759619000,3,REM
1606759919000,3,REM
1606760219000,3,REM
1606760519000,2,light
1606760819000,4,awake
1606761119000,2,light
1606761419000,2,light
1606761719000,1,deep
1606762019000,2,light
1606762319000,2,light
1606762619000,2,light
1606762919000,2,light
1606763219000,2,light
1606763519000,4,awake
1606763819000,4,awake
1606823432000,4,awake
1606823732000,2,light
1606824032000,2,light
1606824332000,3,REM
1606824632000,4,awake
1606824932000,4,awake
1606825232000,4,awake
1606825532000,4,awake
1606825832000,2,light
1606826132000,2,light
1606826432000,2,light
1606826732000,2,light
1606827032000,3,REM
1606827332000,2,light
1606827632000,3,REM
1606827932000,3,REM
1606828232000,1,deep
1606828532000,1,deep
1606828832000,1,deep
1606829132000,1,deep
1606829432000,4,awake
1606829732000,2,light
1606830032000,2,light
1606830332000,2,light
1606830632000,2,light
1606830932000,2,light
1606831232000,2,light
1606831532000,2,light
1606831832000,2,light
1606832132000,2,light
1606832432000,2,light
1606832732000,3,REM
1606833032000,2,light
1606833332000,2,light
1606833632000,2,light
1606833932000,1,deep
1606834232000,2,light
1606834532000,3,REM
1606834832000,3,REM
1606835132000,3,REM
1606835432000,1,deep
1606835732000,2,light
1606836032000,2,light
1606836332000,2,light
1606836632000,1,deep
1606836932000,1,deep
1606837232000,2,light
1606837532000,3,REM
1606837832000,3,REM
1606838132000,2,light
1606838432000,2,light
1606838732000,2,light
1606839032000,2,light
1606839332000,2,light
1606839632000,2,light
1606839932000,3,REM
1606840232000,3,REM
1606840532000,3,REM
1606840832000,3,REM
1606841132000,3,REM
1606841432000,3,REM
1606841732000,2,light
1606842032000,4,awake
1606842332000,1,deep
1606842632000,1,deep
1606842932000,2,light
1606843232000,2,light
1606843532000,2,light
1606843832000,2,light
1606844132000,1,deep
1606844432000,2,light
1606844732000,2,light
1606845032000,2,light
1606845332000,2,light
1606845632000,2,light
1606845932000,3,REM
1606846232000,2,light
1606846532000,2,light
1606846832000,3,REM
1606847132000,3,REM
1606847432000,2,light
1606847732000,2,light
1606848032000,2,light
1606848332000,2,light
1606848632000,2,light
1606848932000,1,deep
1606849232000,2,light
1606849532000,4,awake
1606849832000,4,awake
1606850132000,4,awake
1606912950000,4,awake
1606913250000,2,light
1606913550000,1,deep
1606913850000,1,deep
1606914150000,1,deep
1606914450000,1,deep
1606914750000,2,light
1606915050000,1,deep
1606915350000,1,deep
1606915650000,1,deep
1606915950000,1,deep
1606916250000,1,deep
1606916550000,1,deep
1606916850000,4,awake
1606917150000,2,light
1606917450000,1,deep
1606917750000,1,deep
1606918050000,1,deep
1606918350000,1,deep
1606918650000,1,deep
1606918950000,1,deep
1606919250000,1,deep
1606919550000,2,light
1606919850000,2,light
1606920150000,2,light
1606920450000,3,REM
1606920750000,3,REM
1606921050000,3,REM
1606921350000,3,REM
1606921650000,3,REM
1606921950000,2,light
1606922250000,3,REM
1606922550000,3,REM
1606922850000,2,light
1606923150000,2,light
1606923450000,3,REM
1606923750000,3,REM
1606924050000,3,REM
1606924350000,3,REM
1606924650000,3,REM
1606924950000,2,light
1606925250000,2,light
1606925550000,2,light
1606925850000,2,light
1606926150000,2,light
1606926450000,2,light
1606926750000,2,light
1606927050000,2,light
1606927350000,2,light
1606927650000,3,REM
1606927950000,3,REM
1606928250000,3,REM
1606928550000,2,light
1606928850000,2,light
1606929150000,2,light
1606929450000,2,light
1606929750000,2,light
1606930050000,2,light
1606930350000,2,light
1606930650000,2,light
1606930950000,2,light
1606931250000,2,light
1606931550000,2,light
1606931850000,2,light
1606932150000,2,light
1606932450000,2,light
1606932750000,2,light
1606933050000,2,light
1606933350000,2,light
1606933650000,2,light
1606933950000,2,light
1606934250000,2,light
1606934550000,3,REM
1606934850000,3,REM
1606935150000,3,REM
1606935450000,2,light
1606935750000,3,REM
1606936050000,3,REM
1606936350000,3,REM
1606936650000,2,light
1606936950000,2,light
1606937250000,2,light
1606937550000,2,light
1606937850000,2,light
1606938150000,4,awake
1606938450000,4,awake
1606938750000,3,REM
1606939050000,2,light
1606939350000,2,light
1606939650000,2,light
1606939950000,2,light
1606940250000,2,light
1606940550000,2,light
1606940850000,2,light
1606941150000,2,light
1606941450000,2,light
1606941750000,2,light
1606942050000,4,awake
1607174821000,4,awake
1607175121000,2,light
1607175421000,4,awake
1607175721000,4,awake
1607176021000,2,light
1607176321000,2,light
1607176621000,2,light
1607176921000,2,light
1607177221000,2,light
1607177521000,1,deep
1607177821000,1,deep
1607178121000,1,deep
1607178421000,1,deep
1607178721000,1,deep
1607179021000,2,light
1607179321000,2,light
1607179621000,2,light
1607179921000,2,light
1607180221000,2,light
1607180521000,2,light
1607180821000,3,REM
1607181121000,2,light
1607181421000,2,light
1607181721000,2,light
1607182021000,2,light
1607182321000,2,light
1607182621000,2,light
1607182921000,2,light
1607183221000,3,REM
1607183521000,3,REM
1607183821000,3,REM
1607184121000,3,REM
1607184421000,2,light
1607184721000,2,light
1607185021000,3,REM
1607185321000,1,deep
1607185621000,1,deep
1607185921000,1,deep
1607186221000,1,deep
1607186521000,1,deep
1607186821000,1,deep
1607187121000,1,deep
1607187421000,1,deep
1607187721000,1,deep
1607188021000,1,deep
1607188321000,2,light
1607188621000,2,light
1607188921000,2,light
1607189221000,2,light
1607189521000,2,light
1607189821000,2,light
1607190121000,2,light
1607190421000,2,light
1607190721000,3,REM
1607191021000,2,light
1607191321000,2,light
1607191621000,1,deep
1607191921000,2,light
1607192221000,2,light
1607192521000,2,light
1607192821000,2,light
1607193121000,2,light
1607193421000,2,light
1607193721000,2,light
1607194021000,3,REM
1607194321000,2,light
1607194621000,2,light
1607194921000,2,light
1607195221000,1,deep
1607195521000,2,light
1607195821000,2,light
1607196121000,3,REM
1607196421000,2,light
1607196721000,2,light
1607197021000,2,light
1607197321000,4,awake
1607243702000,4,awake
1607244002000,2,light
1607244302000,1,deep
1607244602000,1,deep
1607244902000,1,deep
1607245202000,1,deep
1607245502000,1,deep
1607245802000,1,deep
1607246102000,1,deep
1607246402000,1,deep
1607246702000,1,deep
1607247002000,1,deep
1607247302000,3,REM
1607247602000,3,REM
1607247902000,1,deep
1607248202000,1,deep
1607248502000,2,light
1607248802000,2,light
1607249102000,2,light
1607249402000,2,light
1607249702000,1,deep
1607250002000,1,deep
1607250302000,1,deep
1607250602000,3,REM
1607250902000,3,REM
1607251202000,3,REM
1607251502000,1,deep
1607251802000,1,deep
1607252102000,1,deep
1607252402000,1,deep
1607252702000,4,awake
1607253002000,2,light
1607253302000,2,light
1607253602000,2,light
1607253902000,2,light
1607254202000,2,light
1607254502000,2,light
1607254802000,2,light
1607255102000,2,light
1607255402000,2,light
1607255702000,2,light
1607256002000,3,REM
1607256302000,3,REM
1607256602000,2,light
1607256902000,2,light
1607257202000,3,REM
1607257502000,4,awake
1607257802000,2,light
1607258102000,2,light
1607258402000,3,REM
1607258702000,3,REM
1607259002000,3,REM
1607259302000,3,REM
1607259602000,3,REM
1607259902000,3,REM
1607260202000,1,deep
1607260502000,2,light
1607260802000,3,REM
1607261102000,3,REM
1607261402000,3,REM
1607261702000,3,REM
1607262002000,3,REM
1607262302000,2,light
1607262602000,2,light
1607262902000,3,REM
1607263202000,3,REM
1607263502000,2,light
1607263802000,2,light
1607264102000,2,light
1607264402000,2,light
1607264702000,3,REM
1607265002000,1,deep
1607265302000,1,deep
1607265602000,3,REM
1607265902000,3,REM
1607266202000,1,deep
1607266502000,1,deep
1607266802000,2,light
1607267102000,2,light
1607267402000,2,light
1607267702000,2,light
1607268002000,2,light
1607268302000,3,REM
1607268602000,3,REM
1607268902000,3,REM
1607269202000,2,light
1607269502000,2,light
1607269802000,2,light
1607270102000,2,light
1607270402000,2,light
1607270702000,2,light
1607271002000,2,light
1607271302000,2,light
1607271602000,2,light
1607271902000,2,light
1607272202000,2,light
1607272502000,2,light
1607272802000,2,light
1607273102000,2,light
1607273402000,2,light
1607273702000,2,light
1607274002000,3,REM
1607274302000,2,light
1607274602000,4,awake
1607274902000,2,light
1607275202000,2,light
1607275502000,2,light
1607275802000,2,light
1607276102000,2,light
1607276402000,2,light
1607276702000,2,light
1607277002000,2,light
1607277302000,2,light
1607277602000,2,light
1607277902000,2,light
1607278202000,2,light
1607278502000,2,light
1607278802000,3,REM
1607279102000,3,REM
1607279402000,3,REM
1607279702000,4,awake
1607509259000,4,awake
1607509559000,2,light
1607509859000,4,awake
1607510159000,1,deep
1607510459000,1,deep
1607510759000,4,awake
1607511059000,2,light
1607511359000,2,light
1607511659000,2,light
1607511959000,4,awake
1607512259000,4,awake
1607512559000,1,deep
1607512859000,1,deep
1607513159000,2,light
1607513459000,2,light
1607513759000,1,deep
1607514059000,1,deep
1607514359000,1,deep
1607514659000,1,deep
1607514959000,1,deep
1607515259000,1,deep
1607515559000,1,deep
1607515859000,1,deep
1607516159000,1,deep
1607516459000,1,deep
1607516759000,4,awake
1607517059000,4,awake
1607517359000,4,awake
1607517659000,4,awake
1607517959000,2,light
1607518259000,2,light
1607518559000,2,light
1607518859000,2,light
1607519159000,2,light
1607519459000,2,light
1607519759000,3,REM
1607520059000,3,REM
1607520359000,2,light
1607520659000,4,awake
1607520959000,2,light
1607521259000,2,light
1607521559000,2,light
1607521859000,1,deep
1607522159000,2,light
1607522459000,2,light
1607522759000,1,deep
1607523059000,1,deep
1607523359000,1,deep
1607523659000,3,REM
1607523959000,2,light
1607524259000,2,light
1607524559000,2,light
1607524859000,2,light
1607525159000,2,light
1607525459000,2,light
1607525759000,2,light
1607526059000,2,light
1607526359000,1,deep
1607526659000,2,light
1607526959000,2,light
1607527259000,2,light
1607527559000,2,light
1607527859000,2,light
1607528159000,2,light
1607528459000,2,light
1607528759000,2,light
1607529059000,2,light
1607529359000,2,light
1607529659000,3,REM
1607529959000,2,light
1607530259000,2,light
1607530559000,2,light
1607530859000,1,deep
1607531159000,3,REM
1607531459000,4,awake
1607531759000,4,awake
1607532059000,4,awake
1607532359000,4,awake
1607532659000,4,awake
1607532959000,4,awake
1607533259000,4,awake
1607533559000,4,awake
1607533859000,4,awake
1607534159000,4,awake
1607534459000,4,awake
1607534759000,3,REM
1607535059000,2,light
1607535359000,2,light
1607535659000,3,REM
1607535959000,3,REM
1607536259000,3,REM
1607536559000,3,REM
1607536859000,2,light
1607537159000,2,light
1607537459000,2,light
1607537759000,2,light
1607538059000,2,light
1607538359000,3,REM
1607538659000,3,REM
1607538959000,3,REM
1607539259000,3,REM
1607539559000,3,REM
1607539859000,3,REM
1607540159000,3,REM
1607540459000,3,REM
1607540759000,3,REM
1607541059000,3,REM
1607541359000,3,REM
1607541659000,3,REM
1607541959000,3,REM
1607542259000,3,REM
1607542559000,4,awake
1607542859000,4,awake
1607543159000,4,awake
1607543459000,4,awake
1607770710000,4,awake
1607771010000,4,awake
1607771310000,2,light
1607771610000,4,awake
1607771910000,2,light
1607772210000,2,light
1607772510000,2,light
1607772810000,2,light
1607773110000,2,light
1607773410000,2,light
1607773710000,2,light
1607774010000,2,light
1607774310000,2,light
1607774610000,2,light
1607774910000,2,light
1607775210000,2,light
1607775510000,2,light
1607775810000,2,light
1607776110000,1,deep
1607776410000,1,deep
1607776710000,1,deep
1607777010000,2,light
1607777310000,2,light
1607777610000,2,light
1607777910000,1,deep
1607778210000,1,deep
1607778510000,2,light
1607778810000,3,REM
1607779110000,3,REM
1607779410000,3,REM
1607779710000,3,REM
1607780010000,2,light
1607780310000,3,REM
1607780610000,1,deep
1607780910000,1,deep
1607781210000,1,deep
1607781510000,1,deep
1607781810000,2,light
1607782110000,3,REM
1607782410000,3,REM
1607782710000,3,REM
1607783010000,2,light
1607783310000,3,REM
1607783610000,3,REM
1607783910000,3,REM
1607784210000,3,REM
1607784510000,3,REM
1607784810000,3,REM
1607785110000,2,light
1607785410000,2,light
1607785710000,1,deep
1607786010000,1,deep
1607786310000,1,deep
1607786610000,2,light
1607786910000,2,light
1607787210000,2,light
1607787510000,3,REM
1607787810000,3,REM
1607788110000,3,REM
1607788410000,2,light
1607788710000,2,light
1607789010000,2,light
1607789310000,2,light
1607789610000,1,deep
1607789910000,1,deep
1607790210000,2,light
1607790510000,2,light
1607790810000,2,light
1607791110000,2,light
1607791410000,2,light
1607791710000,2,light
1607792010000,2,light
1607792310000,2,light
1607792610000,2,light
1607792910000,3,REM
1607793210000,2,light
1607793510000,2,light
1607793810000,2,light
1607794110000,2,light
1607794410000,2,light
1607794710000,1,deep
1607795010000,2,light
1607795310000,2,light
1607795610000,2,light
1607795910000,2,light
1607796210000,2,light
1607796510000,2,light
1607796810000,2,light
1607797110000,2,light
1607797410000,4,awake
1607855492000,4,awake
1607855792000,2,light
1607856092000,4,awake
1607856392000,2,light
1607856692000,2,light
1607856992000,2,light
1607857292000,2,light
1607857592000,1,deep
1607857892000,1,deep
1607858192000,2,light
1607858492000,2,light
1607858792000,2,light
1607859092000,2,light
1607859392000,2,light
1607859692000,2,light
1607859992000,2,light
1607860292000,2,light
1607860592000,3,REM
1607860892000,3,REM
1607861192000,2,light
1607861492000,2,light
1607861792000,2,light
1607862092000,2,light
1607862392000,2,light
1607862692000,4,awake
1607862992000,2,light
1607863292000,2,light
1607863592000,2,light
1607863892000,2,light
1607864192000,3,REM
1607864492000,3,REM
1607864792000,2,light
1607865092000,2,light
1607865392000,2,light
1607865692000,3,REM
1607865992000,2,light
1607866292000,3,REM
1607866592000,2,light
1607866892000,2,light
1607867192000,1,deep
1607867492000,1,deep
1607867792000,1,deep
1607868092000,1,deep
1607868392000,1,deep
1607868692000,2,light
1607868992000,2,light
1607869292000,2,light
1607869592000,2,light
1607869892000,1,deep
1607870192000,2,light
1607870492000,2,light
1607870792000,2,light
1607871092000,1,deep
1607871392000,4,awake
1607871692000,4,awake
1607871992000,4,awake
1607949629000,4,awake
1607949929000,4,awake
1607950229000,1,deep
1607950529000,1,deep
1607950829000,1,deep
1607951129000,1,deep
1607951429000,1,deep
1607951729000,2,light
1607952029000,2,light
1607952329000,2,light
1607952629000,1,deep
1607952929000,1,deep
1607953229000,1,deep
1607953529000,2,light
1607953829000,2,light
1607954129000,2,light
1607954429000,2,light
1607954729000,2,light
1607955029000,2,light
1607955329000,2,light
1607955629000,1,deep
1607955929000,1,deep
1607956229000,1,deep
1607956529000,1,deep
1607956829000,2,light
1607957129000,2,light
1607957429000,1,deep
1607957729000,1,deep
1607958029000,1,deep
1607958329000,2,light
1607958629000,2,light
1607958929000,2,light
1607959229000,2,light
1607959529000,2,light
1607959829000,2,light
1607960129000,2,light
1607960429000,2,light
1607960729000,1,deep
1607961029000,1,deep
1607961329000,3,REM
1607961629000,3,REM
1607961929000,1,deep
1607962229000,1,deep
1607962529000,2,light
1607962829000,3,REM
1607963129000,2,light
1607963429000,4,awake
1607963729000,2,light
1607964029000,2,light
1607964329000,2,light
1607964629000,2,light
1607964929000,2,light
1607965229000,2,light
1607965529000,2,light
1607965829000,2,light
1607966129000,2,light
1607966429000,2,light
1607966729000,2,light
1607967029000,2,light
1607967329000,2,light
1607967629000,2,light
1607967929000,2,light
1607968229000,4,awake
1607968529000,3,REM
1607968829000,3,REM
1607969129000,3,REM
1607969429000,2,light
1607969729000,2,light
1607970029000,4,awake
1607970329000,2,light
1607970629000,2,light
1607970929000,2,light
1607971229000,3,REM
1607971529000,3,REM
1607971829000,3,REM
1607972129000,3,REM
1607972429000,3,REM
1607972729000,3,REM
1607973029000,3,REM
1607973329000,3,REM
1607973629000,3,REM
1607973929000,3,REM
1607974229000,3,REM
1607974529000,3,REM
1607974829000,3,REM
1607975129000,2,light
1607975429000,2,light
1607975729000,2,light
1607976029000,4,awake
1607976329000,4,awake
1608029251000,4,awake
1608029551000,4,awake
1608029851000,2,light
1608030151000,4,awake
1608030451000,2,light
1608030751000,3,REM
1608031051000,3,REM
1608031351000,3,REM
1608031651000,3,REM
1608031951000,3,REM
1608032251000,3,REM
1608032551000,3,REM
1608032851000,3,REM
1608033151000,3,REM
1608033451000,1,deep
1608033751000,1,deep
1608034051000,1,deep
1608034351000,1,deep
1608034651000,1,deep
1608034951000,1,deep
1608035251000,1,deep
1608035551000,1,deep
1608035851000,4,awake
1608036151000,2,light
1608036451000,2,light
1608036751000,2,light
1608037051000,2,light
1608037351000,2,light
1608037651000,2,light
1608037951000,1,deep
1608038251000,1,deep
1608038551000,1,deep
1608038851000,3,REM
1608039151000,3,REM
1608039451000,2,light
1608039751000,2,light
1608040051000,2,light
1608040351000,2,light
1608040651000,1,deep
1608040951000,1,deep
1608041251000,1,deep
1608041551000,1,deep
1608041851000,1,deep
1608042151000,1,deep
1608042451000,1,deep
1608042751000,1,deep
1608043051000,1,deep
1608043351000,1,deep
1608043651000,1,deep
1608043951000,2,light
1608044251000,2,light
1608044551000,3,REM
1608044851000,1,deep
1608045151000,1,deep
1608045451000,3,REM
1608045751000,3,REM
1608046051000,2,light
1608046351000,3,REM
1608046651000,2,light
1608046951000,2,light
1608047251000,2,light
1608047551000,2,light
1608047851000,2,light
1608048151000,2,light
1608048451000,2,light
1608048751000,2,light
1608049051000,2,light
1608049351000,2,light
1608049651000,2,light
1608049951000,2,light
1608050251000,4,awake
1608050551000,4,awake
1608050851000,2,light
1608051151000,2,light
1608051451000,2,light
1608051751000,2,light
1608052051000,1,deep
1608052351000,2,light
1608052651000,1,deep
1608052951000,2,light
1608053251000,2,light
1608053551000,2,light
1608053851000,3,REM
1608054151000,4,awake
1608054451000,4,awake
1608124289000,4,awake
1608124589000,4,awake
1608124889000,1,deep
1608125189000,1,deep
1608125489000,1,deep
1608125789000,1,deep
1608126089000,1,deep
1608126389000,4,awake
1608126689000,2,light
1608126989000,1,deep
1608127289000,1,deep
1608127589000,1,deep
1608127889000,1,deep
1608128189000,2,light
1608128489000,2,light
1608128789000,1,deep
1608129089000,1,deep
1608129389000,2,light
1608129689000,2,light
1608129989000,3,REM
1608130289000,2,light
1608130589000,1,deep
1608130889000,1,deep
1608131189000,2,light
1608131489000,2,light
1608131789000,2,light
1608132089000,2,light
1608132389000,2,light
1608132689000,3,REM
1608132989000,3,REM
1608133289000,3,REM
1608133589000,3,REM
1608133889000,3,REM
1608134189000,2,light
1608134489000,3,REM
1608134789000,3,REM
1608135089000,3,REM
1608135389000,3,REM
1608135689000,3,REM
1608135989000,3,REM
1608136289000,1,deep
1608136589000,1,deep
1608136889000,2,light
1608137189000,2,light
1608137489000,2,light
1608137789000,2,light
1608138089000,2,light
1608138389000,3,REM
1608138689000,2,light
1608138989000,2,light
1608139289000,2,light
1608139589000,2,light
1608139889000,2,light
1608140189000,3,REM
1608140489000,4,awake
1608140789000,2,light
1608141089000,2,light
1608141389000,2,light
1608141689000,1,deep
1608141989000,1,deep
1608142289000,1,deep
1608142589000,1,deep
1608142889000,1,deep
1608143189000,1,deep
1608143489000,1,deep
1608143789000,2,light
1608144089000,2,light
1608144389000,2,light
1608144689000,2,light
1608144989000,4,awake
1608299755000,4,awake
1608300055000,2,light
1608300355000,2,light
1608300655000,1,deep
1608300955000,1,deep
1608301255000,1,deep
1608301555000,1,deep
1608301855000,1,deep
1608302155000,1,deep
1608302455000,1,deep
1608302755000,1,deep
1608303055000,1,deep
1608303355000,3,REM
1608303655000,3,REM
1608303955000,3,REM
1608304255000,2,light
1608304555000,2,light
1608304855000,2,light
1608305155000,2,light
1608305455000,2,light
1608305755000,2,light
1608306055000,2,light
1608306355000,2,light
1608306655000,2,light
1608306955000,1,deep
1608307255000,1,deep
1608307555000,2,light
1608307855000,2,light
1608308155000,4,awake
1608308455000,4,awake
1608308755000,2,light
1608309055000,2,light
1608309355000,2,light
1608309655000,1,deep
1608309955000,1,deep
1608310255000,1,deep
1608310555000,1,deep
1608310855000,2,light
1608311155000,2,light
1608311455000,2,light
1608311755000,2,light
1608312055000,2,light
1608312355000,2,light
1608312655000,1,deep
1608312955000,1,deep
1608313255000,2,light
1608313555000,3,REM
1608313855000,3,REM
1608314155000,3,REM
1608314455000,3,REM
1608314755000,3,REM
1608315055000,2,light
1608315355000,3,REM
1608315655000,3,REM
1608315955000,2,light
1608316255000,2,light
1608316555000,3,REM
1608316855000,3,REM
1608317155000,1,deep
1608317455000,1,deep
1608317755000,1,deep
1608318055000,1,deep
1608318355000,1,deep
1608318655000,1,deep
1608318955000,1,deep
1608319255000,1,deep
1608319555000,2,light
1608319855000,2,light
1608320155000,2,light
1608320455000,4,awake
1608320755000,4,awake
