timestamp,heart_rate,heart_rmssd,timestamp_dt,participant_id,date,sleep_start,sleep_end,hypnogram_level,hypnogram_class
1594882533000,78,26,2020-07-16 06:55:33+00:00,par_15,2020-07-16,2020-07-16 06:55:33+00:00,2020-07-16 13:17:33+00:00,4.0,awake
1594882833000,76,30,2020-07-16 07:00:33+00:00,par_15,2020-07-16,2020-07-16 06:55:33+00:00,2020-07-16 13:17:33+00:00,2.0,light
1594883133000,67,46,2020-07-16 07:05:33+00:00,par_15,2020-07-16,2020-07-16 06:55:33+00:00,2020-07-16 13:17:33+00:00,2.0,light
1594883433000,68,56,2020-07-16 07:10:33+00:00,par_15,2020-07-16,2020-07-16 06:55:33+00:00,2020-07-16 13:17:33+00:00,2.0,light
1594883733000,67,48,2020-07-16 07:15:33+00:00,par_15,2020-07-16,2020-07-16 06:55:33+00:00,2020-07-16 13:17:33+00:00,2.0,light
1594884033000,65,55,2020-07-16 07:20:33+00:00,par_15,2020-07-16,2020-07-16 06:55:33+00:00,2020-07-16 13:17:33+00:00,2.0,light
1594884333000,66,54,2020-07-16 07:25:33+00:00,par_15,2020-07-16,2020-07-16 06:55:33+00:00,2020-07-16 13:17:33+00:00,1.0,deep
1594884633000,66,42,2020-07-16 07:30:33+00:00,par_15,2020-07-16,2020-07-16 06:55:33+00:00,2020-07-16 13:17:33+00:00,2.0,light
1594884933000,64,54,2020-07-16 07:35:33+00:00,par_15,2020-07-16,2020-07-16 06:55:33+00:00,2020-07-16 13:17:33+00:00,2.0,light
1594885233000,63,58,2020-07-16 07:40:33+00:00,par_15,2020-07-16,2020-07-16 06:55:33+00:00,2020-07-16 13:17:33+00:00,2.0,light
1594885533000,65,72,2020-07-16 07:45:33+00:00,par_15,2020-07-16,2020-07-16 06:55:33+00:00,2020-07-16 13:17:33+00:00,2.0,light
1594885833000,67,64,2020-07-16 07:50:33+00:00,par_15,2020-07-16,2020-07-16 06:55:33+00:00,2020-07-16 13:17:33+00:00,2.0,light
1594886133000,65,69,2020-07-16 07:55:33+00:00,par_15,2020-07-16,2020-07-16 06:55:33+00:00,2020-07-16 13:17:33+00:00,2.0,light
1594886433000,70,52,2020-07-16 08:00:33+00:00,par_15,2020-07-16,2020-07-16 06:55:33+00:00,2020-07-16 13:17:33+00:00,2.0,light
1594886733000,77,32,2020-07-16 08:05:33+00:00,par_15,2020-07-16,2020-07-16 06:55:33+00:00,2020-07-16 13:17:33+00:00,3.0,REM
1594887033000,72,44,2020-07-16 08:10:33+00:00,par_15,2020-07-16,2020-07-16 06:55:33+00:00,2020-07-16 13:17:33+00:00,1.0,deep
1594887333000,70,39,2020-07-16 08:15:33+00:00,par_15,2020-07-16,2020-07-16 06:55:33+00:00,2020-07-16 13:17:33+00:00,2.0,light
1594887633000,66,42,2020-07-16 08:20:33+00:00,par_15,2020-07-16,2020-07-16 06:55:33+00:00,2020-07-16 13:17:33+00:00,2.0,light
1594887933000,65,52,2020-07-16 08:25:33+00:00,par_15,2020-07-16,2020-07-16 06:55:33+00:00,2020-07-16 13:17:33+00:00,2.0,light
1594888233000,63,55,2020-07-16 08:30:33+00:00,par_15,2020-07-16,2020-07-16 06:55:33+00:00,2020-07-16 13:17:33+00:00,1.0,deep
1594888533000,63,52,2020-07-16 08:35:33+00:00,par_15,2020-07-16,2020-07-16 06:55:33+00:00,2020-07-16 13:17:33+00:00,1.0,deep
1594888833000,64,55,2020-07-16 08:40:33+00:00,par_15,2020-07-16,2020-07-16 06:55:33+00:00,2020-07-16 13:17:33+00:00,1.0,deep
1594889133000,64,56,2020-07-16 08:45:33+00:00,par_15,2020-07-16,2020-07-16 06:55:33+00:00,2020-07-16 13:17:33+00:00,1.0,deep
1594889433000,67,57,2020-07-16 08:50:33+00:00,par_15,2020-07-16,2020-07-16 06:55:33+00:00,2020-07-16 13:17:33+00:00,1.0,deep
1594889733000,0,0,2020-07-16 08:55:33+00:00,par_15,2020-07-16,2020-07-16 06:55:33+00:00,2020-07-16 13:17:33+00:00,1.0,deep
1594890033000,0,0,2020-07-16 09:00:33+00:00,par_15,2020-07-16,2020-07-16 06:55:33+00:00,2020-07-16 13:17:33+00:00,1.0,deep
1594890333000,0,0,2020-07-16 09:05:33+00:00,par_15,2020-07-16,2020-07-16 06:55:33+00:00,2020-07-16 13:17:33+00:00,1.0,deep
1594890633000,0,0,2020-07-16 09:10:33+00:00,par_15,2020-07-16,2020-07-16 06:55:33+00:00,2020-07-16 13:17:33+00:00,1.0,deep
1594890933000,0,0,2020-07-16 09:15:33+00:00,par_15,2020-07-16,2020-07-16 06:55:33+00:00,2020-07-16 13:17:33+00:00,1.0,deep
1594891233000,0,0,2020-07-16 09:20:33+00:00,par_15,2020-07-16,2020-07-16 06:55:33+00:00,2020-07-16 13:17:33+00:00,1.0,deep
1594891533000,0,0,2020-07-16 09:25:33+00:00,par_15,2020-07-16,2020-07-16 06:55:33+00:00,2020-07-16 13:17:33+00:00,1.0,deep
1594891833000,0,0,2020-07-16 09:30:33+00:00,par_15,2020-07-16,2020-07-16 06:55:33+00:00,2020-07-16 13:17:33+00:00,3.0,REM
1594892133000,72,34,2020-07-16 09:35:33+00:00,par_15,2020-07-16,2020-07-16 06:55:33+00:00,2020-07-16 13:17:33+00:00,4.0,awake
1594892433000,69,52,2020-07-16 09:40:33+00:00,par_15,2020-07-16,2020-07-16 06:55:33+00:00,2020-07-16 13:17:33+00:00,2.0,light
1594892733000,0,0,2020-07-16 09:45:33+00:00,par_15,2020-07-16,2020-07-16 06:55:33+00:00,2020-07-16 13:17:33+00:00,2.0,light
1594893033000,0,0,2020-07-16 09:50:33+00:00,par_15,2020-07-16,2020-07-16 06:55:33+00:00,2020-07-16 13:17:33+00:00,2.0,light
1594893333000,0,0,2020-07-16 09:55:33+00:00,par_15,2020-07-16,2020-07-16 06:55:33+00:00,2020-07-16 13:17:33+00:00,3.0,REM
1594893633000,64,59,2020-07-16 10:00:33+00:00,par_15,2020-07-16,2020-07-16 06:55:33+00:00,2020-07-16 13:17:33+00:00,2.0,light
1594893933000,63,47,2020-07-16 10:05:33+00:00,par_15,2020-07-16,2020-07-16 06:55:33+00:00,2020-07-16 13:17:33+00:00,2.0,light
1594894233000,64,41,2020-07-16 10:10:33+00:00,par_15,2020-07-16,2020-07-16 06:55:33+00:00,2020-07-16 13:17:33+00:00,2.0,light
1594894533000,64,48,2020-07-16 10:15:33+00:00,par_15,2020-07-16,2020-07-16 06:55:33+00:00,2020-07-16 13:17:33+00:00,1.0,deep
1594894833000,65,43,2020-07-16 10:20:33+00:00,par_15,2020-07-16,2020-07-16 06:55:33+00:00,2020-07-16 13:17:33+00:00,1.0,deep
1594895133000,64,51,2020-07-16 10:25:33+00:00,par_15,2020-07-16,2020-07-16 06:55:33+00:00,2020-07-16 13:17:33+00:00,1.0,deep
1594895433000,65,49,2020-07-16 10:30:33+00:00,par_15,2020-07-16,2020-07-16 06:55:33+00:00,2020-07-16 13:17:33+00:00,1.0,deep
1594895733000,66,48,2020-07-16 10:35:33+00:00,par_15,2020-07-16,2020-07-16 06:55:33+00:00,2020-07-16 13:17:33+00:00,1.0,deep
1594896033000,69,47,2020-07-16 10:40:33+00:00,par_15,2020-07-16,2020-07-16 06:55:33+00:00,2020-07-16 13:17:33+00:00,2.0,light
1594896333000,69,57,2020-07-16 10:45:33+00:00,par_15,2020-07-16,2020-07-16 06:55:33+00:00,2020-07-16 13:17:33+00:00,2.0,light
1594896633000,70,43,2020-07-16 10:50:33+00:00,par_15,2020-07-16,2020-07-16 06:55:33+00:00,2020-07-16 13:17:33+00:00,3.0,REM
1594896933000,76,32,2020-07-16 10:55:33+00:00,par_15,2020-07-16,2020-07-16 06:55:33+00:00,2020-07-16 13:17:33+00:00,3.0,REM
1594897233000,75,25,2020-07-16 11:00:33+00:00,par_15,2020-07-16,2020-07-16 06:55:33+00:00,2020-07-16 13:17:33+00:00,1.0,deep
1594897533000,0,0,2020-07-16 11:05:33+00:00,par_15,2020-07-16,2020-07-16 06:55:33+00:00,2020-07-16 13:17:33+00:00,3.0,REM
1594897833000,0,0,2020-07-16 11:10:33+00:00,par_15,2020-07-16,2020-07-16 06:55:33+00:00,2020-07-16 13:17:33+00:00,2.0,light
1594898133000,67,43,2020-07-16 11:15:33+00:00,par_15,2020-07-16,2020-07-16 06:55:33+00:00,2020-07-16 13:17:33+00:00,2.0,light
1594898433000,66,53,2020-07-16 11:20:33+00:00,par_15,2020-07-16,2020-07-16 06:55:33+00:00,2020-07-16 13:17:33+00:00,2.0,light
1594898733000,69,42,2020-07-16 11:25:33+00:00,par_15,2020-07-16,2020-07-16 06:55:33+00:00,2020-07-16 13:17:33+00:00,2.0,light
1594899033000,69,36,2020-07-16 11:30:33+00:00,par_15,2020-07-16,2020-07-16 06:55:33+00:00,2020-07-16 13:17:33+00:00,1.0,deep
1594899333000,69,33,2020-07-16 11:35:33+00:00,par_15,2020-07-16,2020-07-16 06:55:33+00:00,2020-07-16 13:17:33+00:00,1.0,deep
1594899633000,69,37,2020-07-16 11:40:33+00:00,par_15,2020-07-16,2020-07-16 06:55:33+00:00,2020-07-16 13:17:33+00:00,1.0,deep
1594899933000,69,40,2020-07-16 11:45:33+00:00,par_15,2020-07-16,2020-07-16 06:55:33+00:00,2020-07-16 13:17:33+00:00,1.0,deep
1594900233000,68,40,2020-07-16 11:50:33+00:00,par_15,2020-07-16,2020-07-16 06:55:33+00:00,2020-07-16 13:17:33+00:00,1.0,deep
1594900533000,77,31,2020-07-16 11:55:33+00:00,par_15,2020-07-16,2020-07-16 06:55:33+00:00,2020-07-16 13:17:33+00:00,2.0,light
1594900833000,69,48,2020-07-16 12:00:33+00:00,par_15,2020-07-16,2020-07-16 06:55:33+00:00,2020-07-16 13:17:33+00:00,3.0,REM
1594901133000,68,38,2020-07-16 12:05:33+00:00,par_15,2020-07-16,2020-07-16 06:55:33+00:00,2020-07-16 13:17:33+00:00,2.0,light
1594901433000,69,35,2020-07-16 12:10:33+00:00,par_15,2020-07-16,2020-07-16 06:55:33+00:00,2020-07-16 13:17:33+00:00,2.0,light
1594901733000,69,44,2020-07-16 12:15:33+00:00,par_15,2020-07-16,2020-07-16 06:55:33+00:00,2020-07-16 13:17:33+00:00,2.0,light
1594902033000,70,47,2020-07-16 12:20:33+00:00,par_15,2020-07-16,2020-07-16 06:55:33+00:00,2020-07-16 13:17:33+00:00,2.0,light
1594902333000,70,42,2020-07-16 12:25:33+00:00,par_15,2020-07-16,2020-07-16 06:55:33+00:00,2020-07-16 13:17:33+00:00,3.0,REM
1594902633000,77,19,2020-07-16 12:30:33+00:00,par_15,2020-07-16,2020-07-16 06:55:33+00:00,2020-07-16 13:17:33+00:00,3.0,REM
1594902933000,77,25,2020-07-16 12:35:33+00:00,par_15,2020-07-16,2020-07-16 06:55:33+00:00,2020-07-16 13:17:33+00:00,3.0,REM
1594903233000,74,36,2020-07-16 12:40:33+00:00,par_15,2020-07-16,2020-07-16 06:55:33+00:00,2020-07-16 13:17:33+00:00,4.0,awake
1594903533000,0,0,2020-07-16 12:45:33+00:00,par_15,2020-07-16,2020-07-16 06:55:33+00:00,2020-07-16 13:17:33+00:00,4.0,awake
1594903833000,0,0,2020-07-16 12:50:33+00:00,par_15,2020-07-16,2020-07-16 06:55:33+00:00,2020-07-16 13:17:33+00:00,3.0,REM
1594904133000,70,38,2020-07-16 12:55:33+00:00,par_15,2020-07-16,2020-07-16 06:55:33+00:00,2020-07-16 13:17:33+00:00,4.0,awake
1594904433000,69,43,2020-07-16 13:00:33+00:00,par_15,2020-07-16,2020-07-16 06:55:33+00:00,2020-07-16 13:17:33+00:00,2.0,light
1594904733000,75,39,2020-07-16 13:05:33+00:00,par_15,2020-07-16,2020-07-16 06:55:33+00:00,2020-07-16 13:17:33+00:00,4.0,awake
1594905033000,80,37,2020-07-16 13:10:33+00:00,par_15,2020-07-16,2020-07-16 06:55:33+00:00,2020-07-16 13:17:33+00:00,4.0,awake
1594905333000,0,0,2020-07-16 13:15:33+00:00,par_15,2020-07-16,2020-07-16 06:55:33+00:00,2020-07-16 13:17:33+00:00,4.0,awake
1594972319000,0,0,2020-07-17 07:51:59+00:00,par_15,2020-07-17,2020-07-17 07:51:59+00:00,2020-07-17 15:11:59+00:00,4.0,awake
1594972619000,72,32,2020-07-17 07:56:59+00:00,par_15,2020-07-17,2020-07-17 07:51:59+00:00,2020-07-17 15:11:59+00:00,4.0,awake
1594972919000,69,45,2020-07-17 08:01:59+00:00,par_15,2020-07-17,2020-07-17 07:51:59+00:00,2020-07-17 15:11:59+00:00,2.0,light
1594973219000,67,47,2020-07-17 08:06:59+00:00,par_15,2020-07-17,2020-07-17 07:51:59+00:00,2020-07-17 15:11:59+00:00,1.0,deep
1594973519000,66,68,2020-07-17 08:11:59+00:00,par_15,2020-07-17,2020-07-17 07:51:59+00:00,2020-07-17 15:11:59+00:00,2.0,light
1594973819000,67,48,2020-07-17 08:16:59+00:00,par_15,2020-07-17,2020-07-17 07:51:59+00:00,2020-07-17 15:11:59+00:00,1.0,deep
1594974119000,66,43,2020-07-17 08:21:59+00:00,par_15,2020-07-17,2020-07-17 07:51:59+00:00,2020-07-17 15:11:59+00:00,1.0,deep
1594974419000,67,46,2020-07-17 08:26:59+00:00,par_15,2020-07-17,2020-07-17 07:51:59+00:00,2020-07-17 15:11:59+00:00,1.0,deep
1594974719000,68,55,2020-07-17 08:31:59+00:00,par_15,2020-07-17,2020-07-17 07:51:59+00:00,2020-07-17 15:11:59+00:00,1.0,deep
1594975019000,72,46,2020-07-17 08:36:59+00:00,par_15,2020-07-17,2020-07-17 07:51:59+00:00,2020-07-17 15:11:59+00:00,2.0,light
1594975319000,68,52,2020-07-17 08:41:59+00:00,par_15,2020-07-17,2020-07-17 07:51:59+00:00,2020-07-17 15:11:59+00:00,2.0,light
1594975619000,76,29,2020-07-17 08:46:59+00:00,par_15,2020-07-17,2020-07-17 07:51:59+00:00,2020-07-17 15:11:59+00:00,1.0,deep
1594975919000,70,51,2020-07-17 08:51:59+00:00,par_15,2020-07-17,2020-07-17 07:51:59+00:00,2020-07-17 15:11:59+00:00,4.0,awake
1594976219000,70,48,2020-07-17 08:56:59+00:00,par_15,2020-07-17,2020-07-17 07:51:59+00:00,2020-07-17 15:11:59+00:00,2.0,light
1594976519000,68,48,2020-07-17 09:01:59+00:00,par_15,2020-07-17,2020-07-17 07:51:59+00:00,2020-07-17 15:11:59+00:00,2.0,light
1594976819000,65,51,2020-07-17 09:06:59+00:00,par_15,2020-07-17,2020-07-17 07:51:59+00:00,2020-07-17 15:11:59+00:00,2.0,light
1594977119000,66,48,2020-07-17 09:11:59+00:00,par_15,2020-07-17,2020-07-17 07:51:59+00:00,2020-07-17 15:11:59+00:00,2.0,light
1594977419000,65,49,2020-07-17 09:16:59+00:00,par_15,2020-07-17,2020-07-17 07:51:59+00:00,2020-07-17 15:11:59+00:00,2.0,light
1594977719000,65,56,2020-07-17 09:21:59+00:00,par_15,2020-07-17,2020-07-17 07:51:59+00:00,2020-07-17 15:11:59+00:00,1.0,deep
1594978019000,64,55,2020-07-17 09:26:59+00:00,par_15,2020-07-17,2020-07-17 07:51:59+00:00,2020-07-17 15:11:59+00:00,1.0,deep
1594978319000,65,53,2020-07-17 09:31:59+00:00,par_15,2020-07-17,2020-07-17 07:51:59+00:00,2020-07-17 15:11:59+00:00,1.0,deep
1594978619000,64,58,2020-07-17 09:36:59+00:00,par_15,2020-07-17,2020-07-17 07:51:59+00:00,2020-07-17 15:11:59+00:00,2.0,light
1594978919000,64,71,2020-07-17 09:41:59+00:00,par_15,2020-07-17,2020-07-17 07:51:59+00:00,2020-07-17 15:11:59+00:00,2.0,light
1594979219000,65,66,2020-07-17 09:46:59+00:00,par_15,2020-07-17,2020-07-17 07:51:59+00:00,2020-07-17 15:11:59+00:00,1.0,deep
1594979519000,64,63,2020-07-17 09:51:59+00:00,par_15,2020-07-17,2020-07-17 07:51:59+00:00,2020-07-17 15:11:59+00:00,1.0,deep
1594979819000,69,48,2020-07-17 09:56:59+00:00,par_15,2020-07-17,2020-07-17 07:51:59+00:00,2020-07-17 15:11:59+00:00,1.0,deep
1594980119000,73,30,2020-07-17 10:01:59+00:00,par_15,2020-07-17,2020-07-17 07:51:59+00:00,2020-07-17 15:11:59+00:00,3.0,REM
1594980419000,76,21,2020-07-17 10:06:59+00:00,par_15,2020-07-17,2020-07-17 07:51:59+00:00,2020-07-17 15:11:59+00:00,1.0,deep
1594980719000,72,39,2020-07-17 10:11:59+00:00,par_15,2020-07-17,2020-07-17 07:51:59+00:00,2020-07-17 15:11:59+00:00,3.0,REM
1594981019000,71,47,2020-07-17 10:16:59+00:00,par_15,2020-07-17,2020-07-17 07:51:59+00:00,2020-07-17 15:11:59+00:00,2.0,light
1594981319000,68,63,2020-07-17 10:21:59+00:00,par_15,2020-07-17,2020-07-17 07:51:59+00:00,2020-07-17 15:11:59+00:00,2.0,light
1594981619000,70,61,2020-07-17 10:26:59+00:00,par_15,2020-07-17,2020-07-17 07:51:59+00:00,2020-07-17 15:11:59+00:00,2.0,light
1594981919000,67,65,2020-07-17 10:31:59+00:00,par_15,2020-07-17,2020-07-17 07:51:59+00:00,2020-07-17 15:11:59+00:00,2.0,light
1594982219000,66,63,2020-07-17 10:36:59+00:00,par_15,2020-07-17,2020-07-17 07:51:59+00:00,2020-07-17 15:11:59+00:00,2.0,light
1594982519000,63,66,2020-07-17 10:41:59+00:00,par_15,2020-07-17,2020-07-17 07:51:59+00:00,2020-07-17 15:11:59+00:00,2.0,light
1594982819000,63,66,2020-07-17 10:46:59+00:00,par_15,2020-07-17,2020-07-17 07:51:59+00:00,2020-07-17 15:11:59+00:00,2.0,light
1594983119000,61,72,2020-07-17 10:51:59+00:00,par_15,2020-07-17,2020-07-17 07:51:59+00:00,2020-07-17 15:11:59+00:00,1.0,deep
1594983419000,62,66,2020-07-17 10:56:59+00:00,par_15,2020-07-17,2020-07-17 07:51:59+00:00,2020-07-17 15:11:59+00:00,1.0,deep
1594983719000,63,68,2020-07-17 11:01:59+00:00,par_15,2020-07-17,2020-07-17 07:51:59+00:00,2020-07-17 15:11:59+00:00,1.0,deep
1594984019000,63,64,2020-07-17 11:06:59+00:00,par_15,2020-07-17,2020-07-17 07:51:59+00:00,2020-07-17 15:11:59+00:00,1.0,deep
1594984319000,63,65,2020-07-17 11:11:59+00:00,par_15,2020-07-17,2020-07-17 07:51:59+00:00,2020-07-17 15:11:59+00:00,1.0,deep
1594984619000,64,79,2020-07-17 11:16:59+00:00,par_15,2020-07-17,2020-07-17 07:51:59+00:00,2020-07-17 15:11:59+00:00,2.0,light
1594984919000,65,63,2020-07-17 11:21:59+00:00,par_15,2020-07-17,2020-07-17 07:51:59+00:00,2020-07-17 15:11:59+00:00,2.0,light
1594985219000,62,71,2020-07-17 11:26:59+00:00,par_15,2020-07-17,2020-07-17 07:51:59+00:00,2020-07-17 15:11:59+00:00,2.0,light
1594985519000,63,83,2020-07-17 11:31:59+00:00,par_15,2020-07-17,2020-07-17 07:51:59+00:00,2020-07-17 15:11:59+00:00,4.0,awake
1594985819000,67,57,2020-07-17 11:36:59+00:00,par_15,2020-07-17,2020-07-17 07:51:59+00:00,2020-07-17 15:11:59+00:00,2.0,light
1594986119000,62,84,2020-07-17 11:41:59+00:00,par_15,2020-07-17,2020-07-17 07:51:59+00:00,2020-07-17 15:11:59+00:00,2.0,light
1594986419000,62,85,2020-07-17 11:46:59+00:00,par_15,2020-07-17,2020-07-17 07:51:59+00:00,2020-07-17 15:11:59+00:00,2.0,light
1594986719000,63,80,2020-07-17 11:51:59+00:00,par_15,2020-07-17,2020-07-17 07:51:59+00:00,2020-07-17 15:11:59+00:00,3.0,REM
1594987019000,72,46,2020-07-17 11:56:59+00:00,par_15,2020-07-17,2020-07-17 07:51:59+00:00,2020-07-17 15:11:59+00:00,1.0,deep
1594987319000,70,53,2020-07-17 12:01:59+00:00,par_15,2020-07-17,2020-07-17 07:51:59+00:00,2020-07-17 15:11:59+00:00,3.0,REM
1594987619000,73,37,2020-07-17 12:06:59+00:00,par_15,2020-07-17,2020-07-17 07:51:59+00:00,2020-07-17 15:11:59+00:00,3.0,REM
1594987919000,75,37,2020-07-17 12:11:59+00:00,par_15,2020-07-17,2020-07-17 07:51:59+00:00,2020-07-17 15:11:59+00:00,3.0,REM
1594988219000,68,62,2020-07-17 12:16:59+00:00,par_15,2020-07-17,2020-07-17 07:51:59+00:00,2020-07-17 15:11:59+00:00,2.0,light
1594988519000,65,75,2020-07-17 12:21:59+00:00,par_15,2020-07-17,2020-07-17 07:51:59+00:00,2020-07-17 15:11:59+00:00,2.0,light
1594988819000,63,74,2020-07-17 12:26:59+00:00,par_15,2020-07-17,2020-07-17 07:51:59+00:00,2020-07-17 15:11:59+00:00,2.0,light
1594989119000,63,70,2020-07-17 12:31:59+00:00,par_15,2020-07-17,2020-07-17 07:51:59+00:00,2020-07-17 15:11:59+00:00,2.0,light
1594989419000,63,74,2020-07-17 12:36:59+00:00,par_15,2020-07-17,2020-07-17 07:51:59+00:00,2020-07-17 15:11:59+00:00,2.0,light
1594989719000,63,64,2020-07-17 12:41:59+00:00,par_15,2020-07-17,2020-07-17 07:51:59+00:00,2020-07-17 15:11:59+00:00,1.0,deep
1594990019000,63,65,2020-07-17 12:46:59+00:00,par_15,2020-07-17,2020-07-17 07:51:59+00:00,2020-07-17 15:11:59+00:00,1.0,deep
1594990319000,64,68,2020-07-17 12:51:59+00:00,par_15,2020-07-17,2020-07-17 07:51:59+00:00,2020-07-17 15:11:59+00:00,1.0,deep
1594990619000,63,74,2020-07-17 12:56:59+00:00,par_15,2020-07-17,2020-07-17 07:51:59+00:00,2020-07-17 15:11:59+00:00,1.0,deep
1594990919000,63,64,2020-07-17 13:01:59+00:00,par_15,2020-07-17,2020-07-17 07:51:59+00:00,2020-07-17 15:11:59+00:00,1.0,deep
1594991219000,66,66,2020-07-17 13:06:59+00:00,par_15,2020-07-17,2020-07-17 07:51:59+00:00,2020-07-17 15:11:59+00:00,2.0,light
1594991519000,62,73,2020-07-17 13:11:59+00:00,par_15,2020-07-17,2020-07-17 07:51:59+00:00,2020-07-17 15:11:59+00:00,2.0,light
1594991819000,65,77,2020-07-17 13:16:59+00:00,par_15,2020-07-17,2020-07-17 07:51:59+00:00,2020-07-17 15:11:59+00:00,2.0,light
1594992119000,67,77,2020-07-17 13:21:59+00:00,par_15,2020-07-17,2020-07-17 07:51:59+00:00,2020-07-17 15:11:59+00:00,2.0,light
1594992419000,71,60,2020-07-17 13:26:59+00:00,par_15,2020-07-17,2020-07-17 07:51:59+00:00,2020-07-17 15:11:59+00:00,2.0,light
1594992719000,70,65,2020-07-17 13:31:59+00:00,par_15,2020-07-17,2020-07-17 07:51:59+00:00,2020-07-17 15:11:59+00:00,2.0,light
1594993019000,68,73,2020-07-17 13:36:59+00:00,par_15,2020-07-17,2020-07-17 07:51:59+00:00,2020-07-17 15:11:59+00:00,3.0,REM
1594993319000,66,77,2020-07-17 13:41:59+00:00,par_15,2020-07-17,2020-07-17 07:51:59+00:00,2020-07-17 15:11:59+00:00,3.0,REM
1594993619000,69,58,2020-07-17 13:46:59+00:00,par_15,2020-07-17,2020-07-17 07:51:59+00:00,2020-07-17 15:11:59+00:00,3.0,REM
1594993919000,73,37,2020-07-17 13:51:59+00:00,par_15,2020-07-17,2020-07-17 07:51:59+00:00,2020-07-17 15:11:59+00:00,3.0,REM
1594994219000,72,40,2020-07-17 13:56:59+00:00,par_15,2020-07-17,2020-07-17 07:51:59+00:00,2020-07-17 15:11:59+00:00,3.0,REM
1594994519000,70,53,2020-07-17 14:01:59+00:00,par_15,2020-07-17,2020-07-17 07:51:59+00:00,2020-07-17 15:11:59+00:00,2.0,light
1594994819000,67,58,2020-07-17 14:06:59+00:00,par_15,2020-07-17,2020-07-17 07:51:59+00:00,2020-07-17 15:11:59+00:00,2.0,light
1594995119000,64,74,2020-07-17 14:11:59+00:00,par_15,2020-07-17,2020-07-17 07:51:59+00:00,2020-07-17 15:11:59+00:00,2.0,light
1594995419000,68,62,2020-07-17 14:16:59+00:00,par_15,2020-07-17,2020-07-17 07:51:59+00:00,2020-07-17 15:11:59+00:00,2.0,light
1594995719000,65,65,2020-07-17 14:21:59+00:00,par_15,2020-07-17,2020-07-17 07:51:59+00:00,2020-07-17 15:11:59+00:00,2.0,light
1594996019000,62,64,2020-07-17 14:26:59+00:00,par_15,2020-07-17,2020-07-17 07:51:59+00:00,2020-07-17 15:11:59+00:00,2.0,light
1594996319000,64,72,2020-07-17 14:31:59+00:00,par_15,2020-07-17,2020-07-17 07:51:59+00:00,2020-07-17 15:11:59+00:00,2.0,light
1594996619000,62,76,2020-07-17 14:36:59+00:00,par_15,2020-07-17,2020-07-17 07:51:59+00:00,2020-07-17 15:11:59+00:00,2.0,light
1594996919000,61,69,2020-07-17 14:41:59+00:00,par_15,2020-07-17,2020-07-17 07:51:59+00:00,2020-07-17 15:11:59+00:00,2.0,light
1594997219000,61,64,2020-07-17 14:46:59+00:00,par_15,2020-07-17,2020-07-17 07:51:59+00:00,2020-07-17 15:11:59+00:00,2.0,light
1594997519000,64,58,2020-07-17 14:51:59+00:00,par_15,2020-07-17,2020-07-17 07:51:59+00:00,2020-07-17 15:11:59+00:00,2.0,light
1594997819000,62,66,2020-07-17 14:56:59+00:00,par_15,2020-07-17,2020-07-17 07:51:59+00:00,2020-07-17 15:11:59+00:00,2.0,light
1594998119000,63,81,2020-07-17 15:01:59+00:00,par_15,2020-07-17,2020-07-17 07:51:59+00:00,2020-07-17 15:11:59+00:00,2.0,light
1594998419000,72,81,2020-07-17 15:06:59+00:00,par_15,2020-07-17,2020-07-17 07:51:59+00:00,2020-07-17 15:11:59+00:00,4.0,awake
1594998719000,69,56,2020-07-17 15:11:59+00:00,par_15,2020-07-17,2020-07-17 07:51:59+00:00,2020-07-17 15:11:59+00:00,,
1595054370000,69,61,2020-07-18 06:39:30+00:00,par_15,2020-07-18,2020-07-18 06:39:30+00:00,2020-07-18 12:42:30+00:00,4.0,awake
1595054670000,70,56,2020-07-18 06:44:30+00:00,par_15,2020-07-18,2020-07-18 06:39:30+00:00,2020-07-18 12:42:30+00:00,2.0,light
1595054970000,0,0,2020-07-18 06:49:30+00:00,par_15,2020-07-18,2020-07-18 06:39:30+00:00,2020-07-18 12:42:30+00:00,4.0,awake
1595055270000,0,0,2020-07-18 06:54:30+00:00,par_15,2020-07-18,2020-07-18 06:39:30+00:00,2020-07-18 12:42:30+00:00,4.0,awake
1595055570000,0,0,2020-07-18 06:59:30+00:00,par_15,2020-07-18,2020-07-18 06:39:30+00:00,2020-07-18 12:42:30+00:00,4.0,awake
1595055870000,74,36,2020-07-18 07:04:30+00:00,par_15,2020-07-18,2020-07-18 06:39:30+00:00,2020-07-18 12:42:30+00:00,4.0,awake
1595056170000,75,41,2020-07-18 07:09:30+00:00,par_15,2020-07-18,2020-07-18 06:39:30+00:00,2020-07-18 12:42:30+00:00,4.0,awake
1595056470000,73,45,2020-07-18 07:14:30+00:00,par_15,2020-07-18,2020-07-18 06:39:30+00:00,2020-07-18 12:42:30+00:00,4.0,awake
1595056770000,0,0,2020-07-18 07:19:30+00:00,par_15,2020-07-18,2020-07-18 06:39:30+00:00,2020-07-18 12:42:30+00:00,4.0,awake
1595057070000,0,0,2020-07-18 07:24:30+00:00,par_15,2020-07-18,2020-07-18 06:39:30+00:00,2020-07-18 12:42:30+00:00,4.0,awake
1595057370000,69,41,2020-07-18 07:29:30+00:00,par_15,2020-07-18,2020-07-18 06:39:30+00:00,2020-07-18 12:42:30+00:00,2.0,light
1595057670000,66,52,2020-07-18 07:34:30+00:00,par_15,2020-07-18,2020-07-18 06:39:30+00:00,2020-07-18 12:42:30+00:00,2.0,light
1595057970000,0,0,2020-07-18 07:39:30+00:00,par_15,2020-07-18,2020-07-18 06:39:30+00:00,2020-07-18 12:42:30+00:00,1.0,deep
1595058270000,0,0,2020-07-18 07:44:30+00:00,par_15,2020-07-18,2020-07-18 06:39:30+00:00,2020-07-18 12:42:30+00:00,4.0,awake
1595058570000,0,0,2020-07-18 07:49:30+00:00,par_15,2020-07-18,2020-07-18 06:39:30+00:00,2020-07-18 12:42:30+00:00,4.0,awake
1595058870000,0,0,2020-07-18 07:54:30+00:00,par_15,2020-07-18,2020-07-18 06:39:30+00:00,2020-07-18 12:42:30+00:00,4.0,awake
1595059170000,0,0,2020-07-18 07:59:30+00:00,par_15,2020-07-18,2020-07-18 06:39:30+00:00,2020-07-18 12:42:30+00:00,3.0,REM
1595059470000,65,57,2020-07-18 08:04:30+00:00,par_15,2020-07-18,2020-07-18 06:39:30+00:00,2020-07-18 12:42:30+00:00,2.0,light
1595059770000,0,0,2020-07-18 08:09:30+00:00,par_15,2020-07-18,2020-07-18 06:39:30+00:00,2020-07-18 12:42:30+00:00,2.0,light
1595060070000,74,31,2020-07-18 08:14:30+00:00,par_15,2020-07-18,2020-07-18 06:39:30+00:00,2020-07-18 12:42:30+00:00,3.0,REM
1595060370000,70,43,2020-07-18 08:19:30+00:00,par_15,2020-07-18,2020-07-18 06:39:30+00:00,2020-07-18 12:42:30+00:00,2.0,light
1595060670000,69,43,2020-07-18 08:24:30+00:00,par_15,2020-07-18,2020-07-18 06:39:30+00:00,2020-07-18 12:42:30+00:00,2.0,light
1595060970000,72,39,2020-07-18 08:29:30+00:00,par_15,2020-07-18,2020-07-18 06:39:30+00:00,2020-07-18 12:42:30+00:00,2.0,light
1595061270000,70,36,2020-07-18 08:34:30+00:00,par_15,2020-07-18,2020-07-18 06:39:30+00:00,2020-07-18 12:42:30+00:00,2.0,light
1595061570000,70,41,2020-07-18 08:39:30+00:00,par_15,2020-07-18,2020-07-18 06:39:30+00:00,2020-07-18 12:42:30+00:00,2.0,light
1595061870000,67,48,2020-07-18 08:44:30+00:00,par_15,2020-07-18,2020-07-18 06:39:30+00:00,2020-07-18 12:42:30+00:00,1.0,deep
1595062170000,68,45,2020-07-18 08:49:30+00:00,par_15,2020-07-18,2020-07-18 06:39:30+00:00,2020-07-18 12:42:30+00:00,1.0,deep
1595062470000,65,54,2020-07-18 08:54:30+00:00,par_15,2020-07-18,2020-07-18 06:39:30+00:00,2020-07-18 12:42:30+00:00,1.0,deep
1595062770000,62,56,2020-07-18 08:59:30+00:00,par_15,2020-07-18,2020-07-18 06:39:30+00:00,2020-07-18 12:42:30+00:00,1.0,deep
1595063070000,61,55,2020-07-18 09:04:30+00:00,par_15,2020-07-18,2020-07-18 06:39:30+00:00,2020-07-18 12:42:30+00:00,2.0,light
1595063370000,62,48,2020-07-18 09:09:30+00:00,par_15,2020-07-18,2020-07-18 06:39:30+00:00,2020-07-18 12:42:30+00:00,1.0,deep
1595063670000,64,56,2020-07-18 09:14:30+00:00,par_15,2020-07-18,2020-07-18 06:39:30+00:00,2020-07-18 12:42:30+00:00,1.0,deep
1595063970000,63,60,2020-07-18 09:19:30+00:00,par_15,2020-07-18,2020-07-18 06:39:30+00:00,2020-07-18 12:42:30+00:00,2.0,light
1595064270000,71,40,2020-07-18 09:24:30+00:00,par_15,2020-07-18,2020-07-18 06:39:30+00:00,2020-07-18 12:42:30+00:00,2.0,light
1595064570000,74,39,2020-07-18 09:29:30+00:00,par_15,2020-07-18,2020-07-18 06:39:30+00:00,2020-07-18 12:42:30+00:00,1.0,deep
1595064870000,71,44,2020-07-18 09:34:30+00:00,par_15,2020-07-18,2020-07-18 06:39:30+00:00,2020-07-18 12:42:30+00:00,2.0,light
1595065170000,73,32,2020-07-18 09:39:30+00:00,par_15,2020-07-18,2020-07-18 06:39:30+00:00,2020-07-18 12:42:30+00:00,1.0,deep
1595065470000,70,47,2020-07-18 09:44:30+00:00,par_15,2020-07-18,2020-07-18 06:39:30+00:00,2020-07-18 12:42:30+00:00,2.0,light
1595065770000,69,55,2020-07-18 09:49:30+00:00,par_15,2020-07-18,2020-07-18 06:39:30+00:00,2020-07-18 12:42:30+00:00,2.0,light
1595066070000,67,60,2020-07-18 09:54:30+00:00,par_15,2020-07-18,2020-07-18 06:39:30+00:00,2020-07-18 12:42:30+00:00,1.0,deep
1595066370000,0,0,2020-07-18 09:59:30+00:00,par_15,2020-07-18,2020-07-18 06:39:30+00:00,2020-07-18 12:42:30+00:00,1.0,deep
1595066670000,0,0,2020-07-18 10:04:30+00:00,par_15,2020-07-18,2020-07-18 06:39:30+00:00,2020-07-18 12:42:30+00:00,1.0,deep
1595066970000,0,0,2020-07-18 10:09:30+00:00,par_15,2020-07-18,2020-07-18 06:39:30+00:00,2020-07-18 12:42:30+00:00,3.0,REM
1595067270000,0,0,2020-07-18 10:14:30+00:00,par_15,2020-07-18,2020-07-18 06:39:30+00:00,2020-07-18 12:42:30+00:00,3.0,REM
1595067570000,0,0,2020-07-18 10:19:30+00:00,par_15,2020-07-18,2020-07-18 06:39:30+00:00,2020-07-18 12:42:30+00:00,3.0,REM
1595067870000,0,0,2020-07-18 10:24:30+00:00,par_15,2020-07-18,2020-07-18 06:39:30+00:00,2020-07-18 12:42:30+00:00,3.0,REM
1595068170000,65,63,2020-07-18 10:29:30+00:00,par_15,2020-07-18,2020-07-18 06:39:30+00:00,2020-07-18 12:42:30+00:00,4.0,awake
1595068470000,64,58,2020-07-18 10:34:30+00:00,par_15,2020-07-18,2020-07-18 06:39:30+00:00,2020-07-18 12:42:30+00:00,2.0,light
1595068770000,66,51,2020-07-18 10:39:30+00:00,par_15,2020-07-18,2020-07-18 06:39:30+00:00,2020-07-18 12:42:30+00:00,2.0,light
1595069070000,66,53,2020-07-18 10:44:30+00:00,par_15,2020-07-18,2020-07-18 06:39:30+00:00,2020-07-18 12:42:30+00:00,2.0,light
1595069370000,67,60,2020-07-18 10:49:30+00:00,par_15,2020-07-18,2020-07-18 06:39:30+00:00,2020-07-18 12:42:30+00:00,2.0,light
1595069670000,63,64,2020-07-18 10:54:30+00:00,par_15,2020-07-18,2020-07-18 06:39:30+00:00,2020-07-18 12:42:30+00:00,2.0,light
1595069970000,0,0,2020-07-18 10:59:30+00:00,par_15,2020-07-18,2020-07-18 06:39:30+00:00,2020-07-18 12:42:30+00:00,1.0,deep
1595070270000,0,0,2020-07-18 11:04:30+00:00,par_15,2020-07-18,2020-07-18 06:39:30+00:00,2020-07-18 12:42:30+00:00,1.0,deep
1595070570000,0,0,2020-07-18 11:09:30+00:00,par_15,2020-07-18,2020-07-18 06:39:30+00:00,2020-07-18 12:42:30+00:00,1.0,deep
1595070870000,0,0,2020-07-18 11:14:30+00:00,par_15,2020-07-18,2020-07-18 06:39:30+00:00,2020-07-18 12:42:30+00:00,3.0,REM
1595071170000,67,69,2020-07-18 11:19:30+00:00,par_15,2020-07-18,2020-07-18 06:39:30+00:00,2020-07-18 12:42:30+00:00,2.0,light
1595071470000,66,60,2020-07-18 11:24:30+00:00,par_15,2020-07-18,2020-07-18 06:39:30+00:00,2020-07-18 12:42:30+00:00,2.0,light
1595071770000,68,49,2020-07-18 11:29:30+00:00,par_15,2020-07-18,2020-07-18 06:39:30+00:00,2020-07-18 12:42:30+00:00,2.0,light
1595072070000,68,44,2020-07-18 11:34:30+00:00,par_15,2020-07-18,2020-07-18 06:39:30+00:00,2020-07-18 12:42:30+00:00,2.0,light
1595072370000,70,38,2020-07-18 11:39:30+00:00,par_15,2020-07-18,2020-07-18 06:39:30+00:00,2020-07-18 12:42:30+00:00,2.0,light
1595072670000,68,52,2020-07-18 11:44:30+00:00,par_15,2020-07-18,2020-07-18 06:39:30+00:00,2020-07-18 12:42:30+00:00,2.0,light
1595072970000,68,52,2020-07-18 11:49:30+00:00,par_15,2020-07-18,2020-07-18 06:39:30+00:00,2020-07-18 12:42:30+00:00,2.0,light
1595073270000,65,62,2020-07-18 11:54:30+00:00,par_15,2020-07-18,2020-07-18 06:39:30+00:00,2020-07-18 12:42:30+00:00,2.0,light
1595073570000,63,70,2020-07-18 11:59:30+00:00,par_15,2020-07-18,2020-07-18 06:39:30+00:00,2020-07-18 12:42:30+00:00,2.0,light
1595073870000,63,71,2020-07-18 12:04:30+00:00,par_15,2020-07-18,2020-07-18 06:39:30+00:00,2020-07-18 12:42:30+00:00,2.0,light
1595074170000,64,73,2020-07-18 12:09:30+00:00,par_15,2020-07-18,2020-07-18 06:39:30+00:00,2020-07-18 12:42:30+00:00,2.0,light
1595074470000,65,67,2020-07-18 12:14:30+00:00,par_15,2020-07-18,2020-07-18 06:39:30+00:00,2020-07-18 12:42:30+00:00,2.0,light
1595074770000,72,51,2020-07-18 12:19:30+00:00,par_15,2020-07-18,2020-07-18 06:39:30+00:00,2020-07-18 12:42:30+00:00,1.0,deep
1595075070000,70,58,2020-07-18 12:24:30+00:00,par_15,2020-07-18,2020-07-18 06:39:30+00:00,2020-07-18 12:42:30+00:00,1.0,deep
1595075370000,74,32,2020-07-18 12:29:30+00:00,par_15,2020-07-18,2020-07-18 06:39:30+00:00,2020-07-18 12:42:30+00:00,4.0,awake
1595075670000,73,42,2020-07-18 12:34:30+00:00,par_15,2020-07-18,2020-07-18 06:39:30+00:00,2020-07-18 12:42:30+00:00,4.0,awake
1595075970000,0,0,2020-07-18 12:39:30+00:00,par_15,2020-07-18,2020-07-18 06:39:30+00:00,2020-07-18 12:42:30+00:00,4.0,awake
1595143588000,0,0,2020-07-19 07:26:28+00:00,par_15,2020-07-19,2020-07-19 07:26:28+00:00,2020-07-19 16:12:28+00:00,4.0,awake
1595143888000,0,0,2020-07-19 07:31:28+00:00,par_15,2020-07-19,2020-07-19 07:26:28+00:00,2020-07-19 16:12:28+00:00,2.0,light
1595144188000,0,0,2020-07-19 07:36:28+00:00,par_15,2020-07-19,2020-07-19 07:26:28+00:00,2020-07-19 16:12:28+00:00,2.0,light
1595144488000,0,0,2020-07-19 07:41:28+00:00,par_15,2020-07-19,2020-07-19 07:26:28+00:00,2020-07-19 16:12:28+00:00,2.0,light
1595144788000,75,50,2020-07-19 07:46:28+00:00,par_15,2020-07-19,2020-07-19 07:26:28+00:00,2020-07-19 16:12:28+00:00,1.0,deep
1595145088000,67,48,2020-07-19 07:51:28+00:00,par_15,2020-07-19,2020-07-19 07:26:28+00:00,2020-07-19 16:12:28+00:00,2.0,light
1595145388000,66,62,2020-07-19 07:56:28+00:00,par_15,2020-07-19,2020-07-19 07:26:28+00:00,2020-07-19 16:12:28+00:00,2.0,light
1595145688000,65,65,2020-07-19 08:01:28+00:00,par_15,2020-07-19,2020-07-19 07:26:28+00:00,2020-07-19 16:12:28+00:00,1.0,deep
1595145988000,66,64,2020-07-19 08:06:28+00:00,par_15,2020-07-19,2020-07-19 07:26:28+00:00,2020-07-19 16:12:28+00:00,1.0,deep
1595146288000,66,58,2020-07-19 08:11:28+00:00,par_15,2020-07-19,2020-07-19 07:26:28+00:00,2020-07-19 16:12:28+00:00,1.0,deep
1595146588000,0,0,2020-07-19 08:16:28+00:00,par_15,2020-07-19,2020-07-19 07:26:28+00:00,2020-07-19 16:12:28+00:00,1.0,deep
1595146888000,0,0,2020-07-19 08:21:28+00:00,par_15,2020-07-19,2020-07-19 07:26:28+00:00,2020-07-19 16:12:28+00:00,1.0,deep
1595147188000,0,0,2020-07-19 08:26:28+00:00,par_15,2020-07-19,2020-07-19 07:26:28+00:00,2020-07-19 16:12:28+00:00,1.0,deep
1595147488000,0,0,2020-07-19 08:31:28+00:00,par_15,2020-07-19,2020-07-19 07:26:28+00:00,2020-07-19 16:12:28+00:00,4.0,awake
1595147788000,72,66,2020-07-19 08:36:28+00:00,par_15,2020-07-19,2020-07-19 07:26:28+00:00,2020-07-19 16:12:28+00:00,2.0,light
1595148088000,68,62,2020-07-19 08:41:28+00:00,par_15,2020-07-19,2020-07-19 07:26:28+00:00,2020-07-19 16:12:28+00:00,2.0,light
1595148388000,77,63,2020-07-19 08:46:28+00:00,par_15,2020-07-19,2020-07-19 07:26:28+00:00,2020-07-19 16:12:28+00:00,2.0,light
1595148688000,75,33,2020-07-19 08:51:28+00:00,par_15,2020-07-19,2020-07-19 07:26:28+00:00,2020-07-19 16:12:28+00:00,2.0,light
1595148988000,78,26,2020-07-19 08:56:28+00:00,par_15,2020-07-19,2020-07-19 07:26:28+00:00,2020-07-19 16:12:28+00:00,2.0,light
1595149288000,78,32,2020-07-19 09:01:28+00:00,par_15,2020-07-19,2020-07-19 07:26:28+00:00,2020-07-19 16:12:28+00:00,2.0,light
1595149588000,75,32,2020-07-19 09:06:28+00:00,par_15,2020-07-19,2020-07-19 07:26:28+00:00,2020-07-19 16:12:28+00:00,2.0,light
1595149888000,72,39,2020-07-19 09:11:28+00:00,par_15,2020-07-19,2020-07-19 07:26:28+00:00,2020-07-19 16:12:28+00:00,2.0,light
1595150188000,70,41,2020-07-19 09:16:28+00:00,par_15,2020-07-19,2020-07-19 07:26:28+00:00,2020-07-19 16:12:28+00:00,1.0,deep
1595150488000,69,39,2020-07-19 09:21:28+00:00,par_15,2020-07-19,2020-07-19 07:26:28+00:00,2020-07-19 16:12:28+00:00,1.0,deep
1595150788000,68,43,2020-07-19 09:26:28+00:00,par_15,2020-07-19,2020-07-19 07:26:28+00:00,2020-07-19 16:12:28+00:00,1.0,deep
1595151088000,68,45,2020-07-19 09:31:28+00:00,par_15,2020-07-19,2020-07-19 07:26:28+00:00,2020-07-19 16:12:28+00:00,1.0,deep
1595151388000,68,41,2020-07-19 09:36:28+00:00,par_15,2020-07-19,2020-07-19 07:26:28+00:00,2020-07-19 16:12:28+00:00,1.0,deep
1595151688000,68,50,2020-07-19 09:41:28+00:00,par_15,2020-07-19,2020-07-19 07:26:28+00:00,2020-07-19 16:12:28+00:00,1.0,deep
1595151988000,0,0,2020-07-19 09:46:28+00:00,par_15,2020-07-19,2020-07-19 07:26:28+00:00,2020-07-19 16:12:28+00:00,1.0,deep
1595152288000,0,0,2020-07-19 09:51:28+00:00,par_15,2020-07-19,2020-07-19 07:26:28+00:00,2020-07-19 16:12:28+00:00,1.0,deep
1595152588000,0,0,2020-07-19 09:56:28+00:00,par_15,2020-07-19,2020-07-19 07:26:28+00:00,2020-07-19 16:12:28+00:00,1.0,deep
1595152888000,0,0,2020-07-19 10:01:28+00:00,par_15,2020-07-19,2020-07-19 07:26:28+00:00,2020-07-19 16:12:28+00:00,1.0,deep
1595153188000,0,0,2020-07-19 10:06:28+00:00,par_15,2020-07-19,2020-07-19 07:26:28+00:00,2020-07-19 16:12:28+00:00,1.0,deep
1595153488000,0,0,2020-07-19 10:11:28+00:00,par_15,2020-07-19,2020-07-19 07:26:28+00:00,2020-07-19 16:12:28+00:00,1.0,deep
1595153788000,0,0,2020-07-19 10:16:28+00:00,par_15,2020-07-19,2020-07-19 07:26:28+00:00,2020-07-19 16:12:28+00:00,1.0,deep
1595154088000,0,0,2020-07-19 10:21:28+00:00,par_15,2020-07-19,2020-07-19 07:26:28+00:00,2020-07-19 16:12:28+00:00,1.0,deep
1595154388000,0,0,2020-07-19 10:26:28+00:00,par_15,2020-07-19,2020-07-19 07:26:28+00:00,2020-07-19 16:12:28+00:00,1.0,deep
1595154688000,0,0,2020-07-19 10:31:28+00:00,par_15,2020-07-19,2020-07-19 07:26:28+00:00,2020-07-19 16:12:28+00:00,3.0,REM
1595154988000,71,43,2020-07-19 10:36:28+00:00,par_15,2020-07-19,2020-07-19 07:26:28+00:00,2020-07-19 16:12:28+00:00,2.0,light
1595155288000,70,44,2020-07-19 10:41:28+00:00,par_15,2020-07-19,2020-07-19 07:26:28+00:00,2020-07-19 16:12:28+00:00,2.0,light
1595155588000,0,0,2020-07-19 10:46:28+00:00,par_15,2020-07-19,2020-07-19 07:26:28+00:00,2020-07-19 16:12:28+00:00,3.0,REM
1595155888000,0,0,2020-07-19 10:51:28+00:00,par_15,2020-07-19,2020-07-19 07:26:28+00:00,2020-07-19 16:12:28+00:00,3.0,REM
1595156188000,67,62,2020-07-19 10:56:28+00:00,par_15,2020-07-19,2020-07-19 07:26:28+00:00,2020-07-19 16:12:28+00:00,2.0,light
1595156488000,68,56,2020-07-19 11:01:28+00:00,par_15,2020-07-19,2020-07-19 07:26:28+00:00,2020-07-19 16:12:28+00:00,2.0,light
1595156788000,68,56,2020-07-19 11:06:28+00:00,par_15,2020-07-19,2020-07-19 07:26:28+00:00,2020-07-19 16:12:28+00:00,2.0,light
1595157088000,68,58,2020-07-19 11:11:28+00:00,par_15,2020-07-19,2020-07-19 07:26:28+00:00,2020-07-19 16:12:28+00:00,2.0,light
1595157388000,68,66,2020-07-19 11:16:28+00:00,par_15,2020-07-19,2020-07-19 07:26:28+00:00,2020-07-19 16:12:28+00:00,2.0,light
1595157688000,69,52,2020-07-19 11:21:28+00:00,par_15,2020-07-19,2020-07-19 07:26:28+00:00,2020-07-19 16:12:28+00:00,2.0,light
1595157988000,71,53,2020-07-19 11:26:28+00:00,par_15,2020-07-19,2020-07-19 07:26:28+00:00,2020-07-19 16:12:28+00:00,2.0,light
1595158288000,0,0,2020-07-19 11:31:28+00:00,par_15,2020-07-19,2020-07-19 07:26:28+00:00,2020-07-19 16:12:28+00:00,2.0,light
1595158588000,0,0,2020-07-19 11:36:28+00:00,par_15,2020-07-19,2020-07-19 07:26:28+00:00,2020-07-19 16:12:28+00:00,2.0,light
1595158888000,0,0,2020-07-19 11:41:28+00:00,par_15,2020-07-19,2020-07-19 07:26:28+00:00,2020-07-19 16:12:28+00:00,2.0,light
1595159188000,0,0,2020-07-19 11:46:28+00:00,par_15,2020-07-19,2020-07-19 07:26:28+00:00,2020-07-19 16:12:28+00:00,2.0,light
1595159488000,0,0,2020-07-19 11:51:28+00:00,par_15,2020-07-19,2020-07-19 07:26:28+00:00,2020-07-19 16:12:28+00:00,3.0,REM
1595159788000,0,0,2020-07-19 11:56:28+00:00,par_15,2020-07-19,2020-07-19 07:26:28+00:00,2020-07-19 16:12:28+00:00,3.0,REM
1595160088000,0,0,2020-07-19 12:01:28+00:00,par_15,2020-07-19,2020-07-19 07:26:28+00:00,2020-07-19 16:12:28+00:00,3.0,REM
1595160388000,0,0,2020-07-19 12:06:28+00:00,par_15,2020-07-19,2020-07-19 07:26:28+00:00,2020-07-19 16:12:28+00:00,2.0,light
1595160688000,0,0,2020-07-19 12:11:28+00:00,par_15,2020-07-19,2020-07-19 07:26:28+00:00,2020-07-19 16:12:28+00:00,2.0,light
1595160988000,0,0,2020-07-19 12:16:28+00:00,par_15,2020-07-19,2020-07-19 07:26:28+00:00,2020-07-19 16:12:28+00:00,3.0,REM
1595161288000,0,0,2020-07-19 12:21:28+00:00,par_15,2020-07-19,2020-07-19 07:26:28+00:00,2020-07-19 16:12:28+00:00,3.0,REM
1595161588000,0,0,2020-07-19 12:26:28+00:00,par_15,2020-07-19,2020-07-19 07:26:28+00:00,2020-07-19 16:12:28+00:00,3.0,REM
1595161888000,0,0,2020-07-19 12:31:28+00:00,par_15,2020-07-19,2020-07-19 07:26:28+00:00,2020-07-19 16:12:28+00:00,2.0,light
1595162188000,70,55,2020-07-19 12:36:28+00:00,par_15,2020-07-19,2020-07-19 07:26:28+00:00,2020-07-19 16:12:28+00:00,2.0,light
1595162488000,0,0,2020-07-19 12:41:28+00:00,par_15,2020-07-19,2020-07-19 07:26:28+00:00,2020-07-19 16:12:28+00:00,2.0,light
1595162788000,0,0,2020-07-19 12:46:28+00:00,par_15,2020-07-19,2020-07-19 07:26:28+00:00,2020-07-19 16:12:28+00:00,3.0,REM
1595163088000,0,0,2020-07-19 12:51:28+00:00,par_15,2020-07-19,2020-07-19 07:26:28+00:00,2020-07-19 16:12:28+00:00,3.0,REM
1595163388000,0,0,2020-07-19 12:56:28+00:00,par_15,2020-07-19,2020-07-19 07:26:28+00:00,2020-07-19 16:12:28+00:00,3.0,REM
1595163688000,64,59,2020-07-19 13:01:28+00:00,par_15,2020-07-19,2020-07-19 07:26:28+00:00,2020-07-19 16:12:28+00:00,2.0,light
1595163988000,66,49,2020-07-19 13:06:28+00:00,par_15,2020-07-19,2020-07-19 07:26:28+00:00,2020-07-19 16:12:28+00:00,2.0,light
1595164288000,66,58,2020-07-19 13:11:28+00:00,par_15,2020-07-19,2020-07-19 07:26:28+00:00,2020-07-19 16:12:28+00:00,2.0,light
1595164588000,0,0,2020-07-19 13:16:28+00:00,par_15,2020-07-19,2020-07-19 07:26:28+00:00,2020-07-19 16:12:28+00:00,1.0,deep
1595164888000,0,0,2020-07-19 13:21:28+00:00,par_15,2020-07-19,2020-07-19 07:26:28+00:00,2020-07-19 16:12:28+00:00,3.0,REM
1595165188000,0,0,2020-07-19 13:26:28+00:00,par_15,2020-07-19,2020-07-19 07:26:28+00:00,2020-07-19 16:12:28+00:00,3.0,REM
1595165488000,0,0,2020-07-19 13:31:28+00:00,par_15,2020-07-19,2020-07-19 07:26:28+00:00,2020-07-19 16:12:28+00:00,3.0,REM
1595165788000,65,73,2020-07-19 13:36:28+00:00,par_15,2020-07-19,2020-07-19 07:26:28+00:00,2020-07-19 16:12:28+00:00,2.0,light
1595166088000,67,62,2020-07-19 13:41:28+00:00,par_15,2020-07-19,2020-07-19 07:26:28+00:00,2020-07-19 16:12:28+00:00,2.0,light
1595166388000,72,44,2020-07-19 13:46:28+00:00,par_15,2020-07-19,2020-07-19 07:26:28+00:00,2020-07-19 16:12:28+00:00,2.0,light
1595166688000,71,40,2020-07-19 13:51:28+00:00,par_15,2020-07-19,2020-07-19 07:26:28+00:00,2020-07-19 16:12:28+00:00,2.0,light
1595166988000,0,0,2020-07-19 13:56:28+00:00,par_15,2020-07-19,2020-07-19 07:26:28+00:00,2020-07-19 16:12:28+00:00,2.0,light
1595167288000,0,0,2020-07-19 14:01:28+00:00,par_15,2020-07-19,2020-07-19 07:26:28+00:00,2020-07-19 16:12:28+00:00,3.0,REM
1595167588000,0,0,2020-07-19 14:06:28+00:00,par_15,2020-07-19,2020-07-19 07:26:28+00:00,2020-07-19 16:12:28+00:00,3.0,REM
1595167888000,0,0,2020-07-19 14:11:28+00:00,par_15,2020-07-19,2020-07-19 07:26:28+00:00,2020-07-19 16:12:28+00:00,2.0,light
1595168188000,68,65,2020-07-19 14:16:28+00:00,par_15,2020-07-19,2020-07-19 07:26:28+00:00,2020-07-19 16:12:28+00:00,2.0,light
1595168488000,69,50,2020-07-19 14:21:28+00:00,par_15,2020-07-19,2020-07-19 07:26:28+00:00,2020-07-19 16:12:28+00:00,2.0,light
1595168788000,0,0,2020-07-19 14:26:28+00:00,par_15,2020-07-19,2020-07-19 07:26:28+00:00,2020-07-19 16:12:28+00:00,2.0,light
1595169088000,0,0,2020-07-19 14:31:28+00:00,par_15,2020-07-19,2020-07-19 07:26:28+00:00,2020-07-19 16:12:28+00:00,2.0,light
1595169388000,0,0,2020-07-19 14:36:28+00:00,par_15,2020-07-19,2020-07-19 07:26:28+00:00,2020-07-19 16:12:28+00:00,1.0,deep
1595169688000,0,0,2020-07-19 14:41:28+00:00,par_15,2020-07-19,2020-07-19 07:26:28+00:00,2020-07-19 16:12:28+00:00,1.0,deep
1595169988000,0,0,2020-07-19 14:46:28+00:00,par_15,2020-07-19,2020-07-19 07:26:28+00:00,2020-07-19 16:12:28+00:00,1.0,deep
1595170288000,0,0,2020-07-19 14:51:28+00:00,par_15,2020-07-19,2020-07-19 07:26:28+00:00,2020-07-19 16:12:28+00:00,3.0,REM
1595170588000,0,0,2020-07-19 14:56:28+00:00,par_15,2020-07-19,2020-07-19 07:26:28+00:00,2020-07-19 16:12:28+00:00,3.0,REM
1595170888000,0,0,2020-07-19 15:01:28+00:00,par_15,2020-07-19,2020-07-19 07:26:28+00:00,2020-07-19 16:12:28+00:00,3.0,REM
1595171188000,0,0,2020-07-19 15:06:28+00:00,par_15,2020-07-19,2020-07-19 07:26:28+00:00,2020-07-19 16:12:28+00:00,3.0,REM
1595171488000,0,0,2020-07-19 15:11:28+00:00,par_15,2020-07-19,2020-07-19 07:26:28+00:00,2020-07-19 16:12:28+00:00,3.0,REM
1595171788000,0,0,2020-07-19 15:16:28+00:00,par_15,2020-07-19,2020-07-19 07:26:28+00:00,2020-07-19 16:12:28+00:00,3.0,REM
1595172088000,71,63,2020-07-19 15:21:28+00:00,par_15,2020-07-19,2020-07-19 07:26:28+00:00,2020-07-19 16:12:28+00:00,2.0,light
1595172388000,75,51,2020-07-19 15:26:28+00:00,par_15,2020-07-19,2020-07-19 07:26:28+00:00,2020-07-19 16:12:28+00:00,2.0,light
1595172688000,73,37,2020-07-19 15:31:28+00:00,par_15,2020-07-19,2020-07-19 07:26:28+00:00,2020-07-19 16:12:28+00:00,2.0,light
1595172988000,73,42,2020-07-19 15:36:28+00:00,par_15,2020-07-19,2020-07-19 07:26:28+00:00,2020-07-19 16:12:28+00:00,2.0,light
1595173288000,0,0,2020-07-19 15:41:28+00:00,par_15,2020-07-19,2020-07-19 07:26:28+00:00,2020-07-19 16:12:28+00:00,2.0,light
1595173588000,72,51,2020-07-19 15:46:28+00:00,par_15,2020-07-19,2020-07-19 07:26:28+00:00,2020-07-19 16:12:28+00:00,2.0,light
1595173888000,0,0,2020-07-19 15:51:28+00:00,par_15,2020-07-19,2020-07-19 07:26:28+00:00,2020-07-19 16:12:28+00:00,2.0,light
1595174188000,0,0,2020-07-19 15:56:28+00:00,par_15,2020-07-19,2020-07-19 07:26:28+00:00,2020-07-19 16:12:28+00:00,3.0,REM
1595174488000,68,54,2020-07-19 16:01:28+00:00,par_15,2020-07-19,2020-07-19 07:26:28+00:00,2020-07-19 16:12:28+00:00,3.0,REM
1595174788000,67,63,2020-07-19 16:06:28+00:00,par_15,2020-07-19,2020-07-19 07:26:28+00:00,2020-07-19 16:12:28+00:00,4.0,awake
1595175088000,0,0,2020-07-19 16:11:28+00:00,par_15,2020-07-19,2020-07-19 07:26:28+00:00,2020-07-19 16:12:28+00:00,4.0,awake
1595237608000,74,38,2020-07-20 09:33:28+00:00,par_15,2020-07-20,2020-07-20 09:33:28+00:00,2020-07-20 17:08:28+00:00,4.0,awake
1595237908000,71,45,2020-07-20 09:38:28+00:00,par_15,2020-07-20,2020-07-20 09:33:28+00:00,2020-07-20 17:08:28+00:00,4.0,awake
1595238208000,73,46,2020-07-20 09:43:28+00:00,par_15,2020-07-20,2020-07-20 09:33:28+00:00,2020-07-20 17:08:28+00:00,4.0,awake
1595238508000,76,34,2020-07-20 09:48:28+00:00,par_15,2020-07-20,2020-07-20 09:33:28+00:00,2020-07-20 17:08:28+00:00,2.0,light
1595238808000,68,52,2020-07-20 09:53:28+00:00,par_15,2020-07-20,2020-07-20 09:33:28+00:00,2020-07-20 17:08:28+00:00,2.0,light
1595239108000,67,53,2020-07-20 09:58:28+00:00,par_15,2020-07-20,2020-07-20 09:33:28+00:00,2020-07-20 17:08:28+00:00,2.0,light
1595239408000,67,51,2020-07-20 10:03:28+00:00,par_15,2020-07-20,2020-07-20 09:33:28+00:00,2020-07-20 17:08:28+00:00,1.0,deep
1595239708000,67,51,2020-07-20 10:08:28+00:00,par_15,2020-07-20,2020-07-20 09:33:28+00:00,2020-07-20 17:08:28+00:00,1.0,deep
1595240008000,67,53,2020-07-20 10:13:28+00:00,par_15,2020-07-20,2020-07-20 09:33:28+00:00,2020-07-20 17:08:28+00:00,1.0,deep
1595240308000,66,53,2020-07-20 10:18:28+00:00,par_15,2020-07-20,2020-07-20 09:33:28+00:00,2020-07-20 17:08:28+00:00,2.0,light
1595240608000,65,55,2020-07-20 10:23:28+00:00,par_15,2020-07-20,2020-07-20 09:33:28+00:00,2020-07-20 17:08:28+00:00,1.0,deep
1595240908000,67,51,2020-07-20 10:28:28+00:00,par_15,2020-07-20,2020-07-20 09:33:28+00:00,2020-07-20 17:08:28+00:00,1.0,deep
1595241208000,77,25,2020-07-20 10:33:28+00:00,par_15,2020-07-20,2020-07-20 09:33:28+00:00,2020-07-20 17:08:28+00:00,1.0,deep
1595241508000,73,42,2020-07-20 10:38:28+00:00,par_15,2020-07-20,2020-07-20 09:33:28+00:00,2020-07-20 17:08:28+00:00,1.0,deep
1595241808000,69,57,2020-07-20 10:43:28+00:00,par_15,2020-07-20,2020-07-20 09:33:28+00:00,2020-07-20 17:08:28+00:00,2.0,light
1595242108000,66,60,2020-07-20 10:48:28+00:00,par_15,2020-07-20,2020-07-20 09:33:28+00:00,2020-07-20 17:08:28+00:00,2.0,light
1595242408000,66,54,2020-07-20 10:53:28+00:00,par_15,2020-07-20,2020-07-20 09:33:28+00:00,2020-07-20 17:08:28+00:00,1.0,deep
1595242708000,66,55,2020-07-20 10:58:28+00:00,par_15,2020-07-20,2020-07-20 09:33:28+00:00,2020-07-20 17:08:28+00:00,1.0,deep
1595243008000,66,51,2020-07-20 11:03:28+00:00,par_15,2020-07-20,2020-07-20 09:33:28+00:00,2020-07-20 17:08:28+00:00,1.0,deep
1595243308000,66,54,2020-07-20 11:08:28+00:00,par_15,2020-07-20,2020-07-20 09:33:28+00:00,2020-07-20 17:08:28+00:00,1.0,deep
1595243608000,65,57,2020-07-20 11:13:28+00:00,par_15,2020-07-20,2020-07-20 09:33:28+00:00,2020-07-20 17:08:28+00:00,1.0,deep
1595243908000,65,57,2020-07-20 11:18:28+00:00,par_15,2020-07-20,2020-07-20 09:33:28+00:00,2020-07-20 17:08:28+00:00,1.0,deep
1595244208000,66,54,2020-07-20 11:23:28+00:00,par_15,2020-07-20,2020-07-20 09:33:28+00:00,2020-07-20 17:08:28+00:00,1.0,deep
1595244508000,66,55,2020-07-20 11:28:28+00:00,par_15,2020-07-20,2020-07-20 09:33:28+00:00,2020-07-20 17:08:28+00:00,1.0,deep
1595244808000,66,58,2020-07-20 11:33:28+00:00,par_15,2020-07-20,2020-07-20 09:33:28+00:00,2020-07-20 17:08:28+00:00,1.0,deep
1595245108000,71,57,2020-07-20 11:38:28+00:00,par_15,2020-07-20,2020-07-20 09:33:28+00:00,2020-07-20 17:08:28+00:00,2.0,light
1595245408000,65,71,2020-07-20 11:43:28+00:00,par_15,2020-07-20,2020-07-20 09:33:28+00:00,2020-07-20 17:08:28+00:00,2.0,light
1595245708000,72,42,2020-07-20 11:48:28+00:00,par_15,2020-07-20,2020-07-20 09:33:28+00:00,2020-07-20 17:08:28+00:00,3.0,REM
1595246008000,77,27,2020-07-20 11:53:28+00:00,par_15,2020-07-20,2020-07-20 09:33:28+00:00,2020-07-20 17:08:28+00:00,3.0,REM
1595246308000,78,18,2020-07-20 11:58:28+00:00,par_15,2020-07-20,2020-07-20 09:33:28+00:00,2020-07-20 17:08:28+00:00,3.0,REM
1595246608000,75,29,2020-07-20 12:03:28+00:00,par_15,2020-07-20,2020-07-20 09:33:28+00:00,2020-07-20 17:08:28+00:00,2.0,light
1595246908000,67,57,2020-07-20 12:08:28+00:00,par_15,2020-07-20,2020-07-20 09:33:28+00:00,2020-07-20 17:08:28+00:00,2.0,light
1595247208000,67,54,2020-07-20 12:13:28+00:00,par_15,2020-07-20,2020-07-20 09:33:28+00:00,2020-07-20 17:08:28+00:00,2.0,light
1595247508000,62,63,2020-07-20 12:18:28+00:00,par_15,2020-07-20,2020-07-20 09:33:28+00:00,2020-07-20 17:08:28+00:00,2.0,light
1595247808000,63,66,2020-07-20 12:23:28+00:00,par_15,2020-07-20,2020-07-20 09:33:28+00:00,2020-07-20 17:08:28+00:00,2.0,light
1595248108000,62,58,2020-07-20 12:28:28+00:00,par_15,2020-07-20,2020-07-20 09:33:28+00:00,2020-07-20 17:08:28+00:00,1.0,deep
1595248408000,63,60,2020-07-20 12:33:28+00:00,par_15,2020-07-20,2020-07-20 09:33:28+00:00,2020-07-20 17:08:28+00:00,1.0,deep
1595248708000,64,62,2020-07-20 12:38:28+00:00,par_15,2020-07-20,2020-07-20 09:33:28+00:00,2020-07-20 17:08:28+00:00,1.0,deep
1595249008000,64,57,2020-07-20 12:43:28+00:00,par_15,2020-07-20,2020-07-20 09:33:28+00:00,2020-07-20 17:08:28+00:00,1.0,deep
1595249308000,64,59,2020-07-20 12:48:28+00:00,par_15,2020-07-20,2020-07-20 09:33:28+00:00,2020-07-20 17:08:28+00:00,1.0,deep
1595249608000,67,59,2020-07-20 12:53:28+00:00,par_15,2020-07-20,2020-07-20 09:33:28+00:00,2020-07-20 17:08:28+00:00,1.0,deep
1595249908000,64,56,2020-07-20 12:58:28+00:00,par_15,2020-07-20,2020-07-20 09:33:28+00:00,2020-07-20 17:08:28+00:00,1.0,deep
1595250208000,69,59,2020-07-20 13:03:28+00:00,par_15,2020-07-20,2020-07-20 09:33:28+00:00,2020-07-20 17:08:28+00:00,1.0,deep
1595250508000,72,45,2020-07-20 13:08:28+00:00,par_15,2020-07-20,2020-07-20 09:33:28+00:00,2020-07-20 17:08:28+00:00,2.0,light
1595250808000,67,53,2020-07-20 13:13:28+00:00,par_15,2020-07-20,2020-07-20 09:33:28+00:00,2020-07-20 17:08:28+00:00,2.0,light
1595251108000,75,29,2020-07-20 13:18:28+00:00,par_15,2020-07-20,2020-07-20 09:33:28+00:00,2020-07-20 17:08:28+00:00,3.0,REM
1595251408000,68,62,2020-07-20 13:23:28+00:00,par_15,2020-07-20,2020-07-20 09:33:28+00:00,2020-07-20 17:08:28+00:00,2.0,light
1595251708000,73,47,2020-07-20 13:28:28+00:00,par_15,2020-07-20,2020-07-20 09:33:28+00:00,2020-07-20 17:08:28+00:00,2.0,light
1595252008000,68,60,2020-07-20 13:33:28+00:00,par_15,2020-07-20,2020-07-20 09:33:28+00:00,2020-07-20 17:08:28+00:00,2.0,light
1595252308000,72,54,2020-07-20 13:38:28+00:00,par_15,2020-07-20,2020-07-20 09:33:28+00:00,2020-07-20 17:08:28+00:00,2.0,light
1595252608000,66,76,2020-07-20 13:43:28+00:00,par_15,2020-07-20,2020-07-20 09:33:28+00:00,2020-07-20 17:08:28+00:00,2.0,light
1595252908000,65,77,2020-07-20 13:48:28+00:00,par_15,2020-07-20,2020-07-20 09:33:28+00:00,2020-07-20 17:08:28+00:00,2.0,light
1595253208000,64,69,2020-07-20 13:53:28+00:00,par_15,2020-07-20,2020-07-20 09:33:28+00:00,2020-07-20 17:08:28+00:00,2.0,light
1595253508000,65,70,2020-07-20 13:58:28+00:00,par_15,2020-07-20,2020-07-20 09:33:28+00:00,2020-07-20 17:08:28+00:00,2.0,light
1595253808000,64,76,2020-07-20 14:03:28+00:00,par_15,2020-07-20,2020-07-20 09:33:28+00:00,2020-07-20 17:08:28+00:00,2.0,light
1595254108000,65,55,2020-07-20 14:08:28+00:00,par_15,2020-07-20,2020-07-20 09:33:28+00:00,2020-07-20 17:08:28+00:00,2.0,light
1595254408000,66,56,2020-07-20 14:13:28+00:00,par_15,2020-07-20,2020-07-20 09:33:28+00:00,2020-07-20 17:08:28+00:00,2.0,light
1595254708000,66,49,2020-07-20 14:18:28+00:00,par_15,2020-07-20,2020-07-20 09:33:28+00:00,2020-07-20 17:08:28+00:00,2.0,light
1595255008000,66,50,2020-07-20 14:23:28+00:00,par_15,2020-07-20,2020-07-20 09:33:28+00:00,2020-07-20 17:08:28+00:00,1.0,deep
1595255308000,68,55,2020-07-20 14:28:28+00:00,par_15,2020-07-20,2020-07-20 09:33:28+00:00,2020-07-20 17:08:28+00:00,2.0,light
1595255608000,64,65,2020-07-20 14:33:28+00:00,par_15,2020-07-20,2020-07-20 09:33:28+00:00,2020-07-20 17:08:28+00:00,2.0,light
1595255908000,72,55,2020-07-20 14:38:28+00:00,par_15,2020-07-20,2020-07-20 09:33:28+00:00,2020-07-20 17:08:28+00:00,2.0,light
1595256208000,72,39,2020-07-20 14:43:28+00:00,par_15,2020-07-20,2020-07-20 09:33:28+00:00,2020-07-20 17:08:28+00:00,2.0,light
1595256508000,75,32,2020-07-20 14:48:28+00:00,par_15,2020-07-20,2020-07-20 09:33:28+00:00,2020-07-20 17:08:28+00:00,3.0,REM
1595256808000,76,24,2020-07-20 14:53:28+00:00,par_15,2020-07-20,2020-07-20 09:33:28+00:00,2020-07-20 17:08:28+00:00,3.0,REM
1595257108000,78,17,2020-07-20 14:58:28+00:00,par_15,2020-07-20,2020-07-20 09:33:28+00:00,2020-07-20 17:08:28+00:00,3.0,REM
1595257408000,74,39,2020-07-20 15:03:28+00:00,par_15,2020-07-20,2020-07-20 09:33:28+00:00,2020-07-20 17:08:28+00:00,2.0,light
1595257708000,69,49,2020-07-20 15:08:28+00:00,par_15,2020-07-20,2020-07-20 09:33:28+00:00,2020-07-20 17:08:28+00:00,2.0,light
1595258008000,66,62,2020-07-20 15:13:28+00:00,par_15,2020-07-20,2020-07-20 09:33:28+00:00,2020-07-20 17:08:28+00:00,2.0,light
1595258308000,70,45,2020-07-20 15:18:28+00:00,par_15,2020-07-20,2020-07-20 09:33:28+00:00,2020-07-20 17:08:28+00:00,2.0,light
1595258608000,69,41,2020-07-20 15:23:28+00:00,par_15,2020-07-20,2020-07-20 09:33:28+00:00,2020-07-20 17:08:28+00:00,2.0,light
1595258908000,62,70,2020-07-20 15:28:28+00:00,par_15,2020-07-20,2020-07-20 09:33:28+00:00,2020-07-20 17:08:28+00:00,2.0,light
1595259208000,64,69,2020-07-20 15:33:28+00:00,par_15,2020-07-20,2020-07-20 09:33:28+00:00,2020-07-20 17:08:28+00:00,2.0,light
1595259508000,65,53,2020-07-20 15:38:28+00:00,par_15,2020-07-20,2020-07-20 09:33:28+00:00,2020-07-20 17:08:28+00:00,2.0,light
1595259808000,65,58,2020-07-20 15:43:28+00:00,par_15,2020-07-20,2020-07-20 09:33:28+00:00,2020-07-20 17:08:28+00:00,1.0,deep
1595260108000,65,56,2020-07-20 15:48:28+00:00,par_15,2020-07-20,2020-07-20 09:33:28+00:00,2020-07-20 17:08:28+00:00,1.0,deep
1595260408000,67,57,2020-07-20 15:53:28+00:00,par_15,2020-07-20,2020-07-20 09:33:28+00:00,2020-07-20 17:08:28+00:00,1.0,deep
1595260708000,66,65,2020-07-20 15:58:28+00:00,par_15,2020-07-20,2020-07-20 09:33:28+00:00,2020-07-20 17:08:28+00:00,2.0,light
1595261008000,66,68,2020-07-20 16:03:28+00:00,par_15,2020-07-20,2020-07-20 09:33:28+00:00,2020-07-20 17:08:28+00:00,2.0,light
1595261308000,69,69,2020-07-20 16:08:28+00:00,par_15,2020-07-20,2020-07-20 09:33:28+00:00,2020-07-20 17:08:28+00:00,3.0,REM
1595261608000,67,70,2020-07-20 16:13:28+00:00,par_15,2020-07-20,2020-07-20 09:33:28+00:00,2020-07-20 17:08:28+00:00,2.0,light
1595261908000,66,63,2020-07-20 16:18:28+00:00,par_15,2020-07-20,2020-07-20 09:33:28+00:00,2020-07-20 17:08:28+00:00,2.0,light
1595262208000,65,58,2020-07-20 16:23:28+00:00,par_15,2020-07-20,2020-07-20 09:33:28+00:00,2020-07-20 17:08:28+00:00,2.0,light
1595262508000,69,60,2020-07-20 16:28:28+00:00,par_15,2020-07-20,2020-07-20 09:33:28+00:00,2020-07-20 17:08:28+00:00,2.0,light
1595262808000,69,46,2020-07-20 16:33:28+00:00,par_15,2020-07-20,2020-07-20 09:33:28+00:00,2020-07-20 17:08:28+00:00,3.0,REM
1595263108000,0,0,2020-07-20 16:38:28+00:00,par_15,2020-07-20,2020-07-20 09:33:28+00:00,2020-07-20 17:08:28+00:00,3.0,REM
1595263408000,0,0,2020-07-20 16:43:28+00:00,par_15,2020-07-20,2020-07-20 09:33:28+00:00,2020-07-20 17:08:28+00:00,3.0,REM
1595263708000,69,42,2020-07-20 16:48:28+00:00,par_15,2020-07-20,2020-07-20 09:33:28+00:00,2020-07-20 17:08:28+00:00,3.0,REM
1595264008000,70,38,2020-07-20 16:53:28+00:00,par_15,2020-07-20,2020-07-20 09:33:28+00:00,2020-07-20 17:08:28+00:00,3.0,REM
1595264308000,70,71,2020-07-20 16:58:28+00:00,par_15,2020-07-20,2020-07-20 09:33:28+00:00,2020-07-20 17:08:28+00:00,3.0,REM
1595264608000,73,61,2020-07-20 17:03:28+00:00,par_15,2020-07-20,2020-07-20 09:33:28+00:00,2020-07-20 17:08:28+00:00,4.0,awake
1595264908000,0,0,2020-07-20 17:08:28+00:00,par_15,2020-07-20,2020-07-20 09:33:28+00:00,2020-07-20 17:08:28+00:00,,
1595314832000,70,54,2020-07-21 07:00:32+00:00,par_15,2020-07-21,2020-07-21 07:00:32+00:00,2020-07-21 12:16:32+00:00,4.0,awake
1595315132000,64,68,2020-07-21 07:05:32+00:00,par_15,2020-07-21,2020-07-21 07:00:32+00:00,2020-07-21 12:16:32+00:00,2.0,light
1595315432000,63,80,2020-07-21 07:10:32+00:00,par_15,2020-07-21,2020-07-21 07:00:32+00:00,2020-07-21 12:16:32+00:00,2.0,light
1595315732000,64,85,2020-07-21 07:15:32+00:00,par_15,2020-07-21,2020-07-21 07:00:32+00:00,2020-07-21 12:16:32+00:00,1.0,deep
1595316032000,64,84,2020-07-21 07:20:32+00:00,par_15,2020-07-21,2020-07-21 07:00:32+00:00,2020-07-21 12:16:32+00:00,1.0,deep
1595316332000,65,76,2020-07-21 07:25:32+00:00,par_15,2020-07-21,2020-07-21 07:00:32+00:00,2020-07-21 12:16:32+00:00,1.0,deep
1595316632000,65,68,2020-07-21 07:30:32+00:00,par_15,2020-07-21,2020-07-21 07:00:32+00:00,2020-07-21 12:16:32+00:00,1.0,deep
1595316932000,65,70,2020-07-21 07:35:32+00:00,par_15,2020-07-21,2020-07-21 07:00:32+00:00,2020-07-21 12:16:32+00:00,1.0,deep
1595317232000,65,74,2020-07-21 07:40:32+00:00,par_15,2020-07-21,2020-07-21 07:00:32+00:00,2020-07-21 12:16:32+00:00,1.0,deep
1595317532000,64,71,2020-07-21 07:45:32+00:00,par_15,2020-07-21,2020-07-21 07:00:32+00:00,2020-07-21 12:16:32+00:00,1.0,deep
1595317832000,64,69,2020-07-21 07:50:32+00:00,par_15,2020-07-21,2020-07-21 07:00:32+00:00,2020-07-21 12:16:32+00:00,1.0,deep
1595318132000,64,84,2020-07-21 07:55:32+00:00,par_15,2020-07-21,2020-07-21 07:00:32+00:00,2020-07-21 12:16:32+00:00,1.0,deep
1595318432000,65,69,2020-07-21 08:00:32+00:00,par_15,2020-07-21,2020-07-21 07:00:32+00:00,2020-07-21 12:16:32+00:00,1.0,deep
1595318732000,69,58,2020-07-21 08:05:32+00:00,par_15,2020-07-21,2020-07-21 07:00:32+00:00,2020-07-21 12:16:32+00:00,1.0,deep
1595319032000,70,59,2020-07-21 08:10:32+00:00,par_15,2020-07-21,2020-07-21 07:00:32+00:00,2020-07-21 12:16:32+00:00,2.0,light
1595319332000,0,0,2020-07-21 08:15:32+00:00,par_15,2020-07-21,2020-07-21 07:00:32+00:00,2020-07-21 12:16:32+00:00,3.0,REM
1595319632000,0,0,2020-07-21 08:20:32+00:00,par_15,2020-07-21,2020-07-21 07:00:32+00:00,2020-07-21 12:16:32+00:00,3.0,REM
1595319932000,0,0,2020-07-21 08:25:32+00:00,par_15,2020-07-21,2020-07-21 07:00:32+00:00,2020-07-21 12:16:32+00:00,2.0,light
1595320232000,0,0,2020-07-21 08:30:32+00:00,par_15,2020-07-21,2020-07-21 07:00:32+00:00,2020-07-21 12:16:32+00:00,2.0,light
1595320532000,0,0,2020-07-21 08:35:32+00:00,par_15,2020-07-21,2020-07-21 07:00:32+00:00,2020-07-21 12:16:32+00:00,3.0,REM
1595320832000,64,73,2020-07-21 08:40:32+00:00,par_15,2020-07-21,2020-07-21 07:00:32+00:00,2020-07-21 12:16:32+00:00,3.0,REM
1595321132000,64,68,2020-07-21 08:45:32+00:00,par_15,2020-07-21,2020-07-21 07:00:32+00:00,2020-07-21 12:16:32+00:00,3.0,REM
1595321432000,64,70,2020-07-21 08:50:32+00:00,par_15,2020-07-21,2020-07-21 07:00:32+00:00,2020-07-21 12:16:32+00:00,3.0,REM
1595321732000,0,0,2020-07-21 08:55:32+00:00,par_15,2020-07-21,2020-07-21 07:00:32+00:00,2020-07-21 12:16:32+00:00,3.0,REM
1595322032000,0,0,2020-07-21 09:00:32+00:00,par_15,2020-07-21,2020-07-21 07:00:32+00:00,2020-07-21 12:16:32+00:00,3.0,REM
1595322332000,0,0,2020-07-21 09:05:32+00:00,par_15,2020-07-21,2020-07-21 07:00:32+00:00,2020-07-21 12:16:32+00:00,3.0,REM
1595322632000,71,60,2020-07-21 09:10:32+00:00,par_15,2020-07-21,2020-07-21 07:00:32+00:00,2020-07-21 12:16:32+00:00,1.0,deep
1595322932000,64,81,2020-07-21 09:15:32+00:00,par_15,2020-07-21,2020-07-21 07:00:32+00:00,2020-07-21 12:16:32+00:00,2.0,light
1595323232000,66,82,2020-07-21 09:20:32+00:00,par_15,2020-07-21,2020-07-21 07:00:32+00:00,2020-07-21 12:16:32+00:00,2.0,light
1595323532000,61,84,2020-07-21 09:25:32+00:00,par_15,2020-07-21,2020-07-21 07:00:32+00:00,2020-07-21 12:16:32+00:00,2.0,light
1595323832000,65,86,2020-07-21 09:30:32+00:00,par_15,2020-07-21,2020-07-21 07:00:32+00:00,2020-07-21 12:16:32+00:00,2.0,light
1595324132000,64,83,2020-07-21 09:35:32+00:00,par_15,2020-07-21,2020-07-21 07:00:32+00:00,2020-07-21 12:16:32+00:00,2.0,light
1595324432000,69,59,2020-07-21 09:40:32+00:00,par_15,2020-07-21,2020-07-21 07:00:32+00:00,2020-07-21 12:16:32+00:00,2.0,light
1595324732000,74,37,2020-07-21 09:45:32+00:00,par_15,2020-07-21,2020-07-21 07:00:32+00:00,2020-07-21 12:16:32+00:00,1.0,deep
1595325032000,0,0,2020-07-21 09:50:32+00:00,par_15,2020-07-21,2020-07-21 07:00:32+00:00,2020-07-21 12:16:32+00:00,3.0,REM
1595325332000,73,46,2020-07-21 09:55:32+00:00,par_15,2020-07-21,2020-07-21 07:00:32+00:00,2020-07-21 12:16:32+00:00,2.0,light
1595325632000,0,0,2020-07-21 10:00:32+00:00,par_15,2020-07-21,2020-07-21 07:00:32+00:00,2020-07-21 12:16:32+00:00,1.0,deep
1595325932000,0,0,2020-07-21 10:05:32+00:00,par_15,2020-07-21,2020-07-21 07:00:32+00:00,2020-07-21 12:16:32+00:00,1.0,deep
1595326232000,0,0,2020-07-21 10:10:32+00:00,par_15,2020-07-21,2020-07-21 07:00:32+00:00,2020-07-21 12:16:32+00:00,1.0,deep
1595326532000,0,0,2020-07-21 10:15:32+00:00,par_15,2020-07-21,2020-07-21 07:00:32+00:00,2020-07-21 12:16:32+00:00,2.0,light
1595326832000,0,0,2020-07-21 10:20:32+00:00,par_15,2020-07-21,2020-07-21 07:00:32+00:00,2020-07-21 12:16:32+00:00,2.0,light
1595327132000,0,0,2020-07-21 10:25:32+00:00,par_15,2020-07-21,2020-07-21 07:00:32+00:00,2020-07-21 12:16:32+00:00,2.0,light
1595327432000,0,0,2020-07-21 10:30:32+00:00,par_15,2020-07-21,2020-07-21 07:00:32+00:00,2020-07-21 12:16:32+00:00,2.0,light
1595327732000,0,0,2020-07-21 10:35:32+00:00,par_15,2020-07-21,2020-07-21 07:00:32+00:00,2020-07-21 12:16:32+00:00,2.0,light
1595328032000,0,0,2020-07-21 10:40:32+00:00,par_15,2020-07-21,2020-07-21 07:00:32+00:00,2020-07-21 12:16:32+00:00,2.0,light
1595328332000,0,0,2020-07-21 10:45:32+00:00,par_15,2020-07-21,2020-07-21 07:00:32+00:00,2020-07-21 12:16:32+00:00,1.0,deep
1595328632000,0,0,2020-07-21 10:50:32+00:00,par_15,2020-07-21,2020-07-21 07:00:32+00:00,2020-07-21 12:16:32+00:00,3.0,REM
1595328932000,0,0,2020-07-21 10:55:32+00:00,par_15,2020-07-21,2020-07-21 07:00:32+00:00,2020-07-21 12:16:32+00:00,3.0,REM
1595329232000,69,46,2020-07-21 11:00:32+00:00,par_15,2020-07-21,2020-07-21 07:00:32+00:00,2020-07-21 12:16:32+00:00,3.0,REM
1595329532000,0,0,2020-07-21 11:05:32+00:00,par_15,2020-07-21,2020-07-21 07:00:32+00:00,2020-07-21 12:16:32+00:00,3.0,REM
1595329832000,0,0,2020-07-21 11:10:32+00:00,par_15,2020-07-21,2020-07-21 07:00:32+00:00,2020-07-21 12:16:32+00:00,3.0,REM
1595330132000,65,76,2020-07-21 11:15:32+00:00,par_15,2020-07-21,2020-07-21 07:00:32+00:00,2020-07-21 12:16:32+00:00,2.0,light
1595330432000,69,56,2020-07-21 11:20:32+00:00,par_15,2020-07-21,2020-07-21 07:00:32+00:00,2020-07-21 12:16:32+00:00,2.0,light
1595330732000,72,46,2020-07-21 11:25:32+00:00,par_15,2020-07-21,2020-07-21 07:00:32+00:00,2020-07-21 12:16:32+00:00,3.0,REM
1595331032000,0,0,2020-07-21 11:30:32+00:00,par_15,2020-07-21,2020-07-21 07:00:32+00:00,2020-07-21 12:16:32+00:00,3.0,REM
1595331332000,69,66,2020-07-21 11:35:32+00:00,par_15,2020-07-21,2020-07-21 07:00:32+00:00,2020-07-21 12:16:32+00:00,2.0,light
1595331632000,69,58,2020-07-21 11:40:32+00:00,par_15,2020-07-21,2020-07-21 07:00:32+00:00,2020-07-21 12:16:32+00:00,2.0,light
1595331932000,0,0,2020-07-21 11:45:32+00:00,par_15,2020-07-21,2020-07-21 07:00:32+00:00,2020-07-21 12:16:32+00:00,2.0,light
1595332232000,0,0,2020-07-21 11:50:32+00:00,par_15,2020-07-21,2020-07-21 07:00:32+00:00,2020-07-21 12:16:32+00:00,3.0,REM
1595332532000,0,0,2020-07-21 11:55:32+00:00,par_15,2020-07-21,2020-07-21 07:00:32+00:00,2020-07-21 12:16:32+00:00,3.0,REM
1595332832000,70,71,2020-07-21 12:00:32+00:00,par_15,2020-07-21,2020-07-21 07:00:32+00:00,2020-07-21 12:16:32+00:00,4.0,awake
1595333132000,0,0,2020-07-21 12:05:32+00:00,par_15,2020-07-21,2020-07-21 07:00:32+00:00,2020-07-21 12:16:32+00:00,4.0,awake
1595333432000,0,0,2020-07-21 12:10:32+00:00,par_15,2020-07-21,2020-07-21 07:00:32+00:00,2020-07-21 12:16:32+00:00,4.0,awake
1595333732000,0,0,2020-07-21 12:15:32+00:00,par_15,2020-07-21,2020-07-21 07:00:32+00:00,2020-07-21 12:16:32+00:00,4.0,awake
1595396010000,0,0,2020-07-22 05:33:30+00:00,par_15,2020-07-22,2020-07-22 05:33:30+00:00,2020-07-22 16:41:30+00:00,4.0,awake
1595396310000,0,0,2020-07-22 05:38:30+00:00,par_15,2020-07-22,2020-07-22 05:33:30+00:00,2020-07-22 16:41:30+00:00,4.0,awake
1595396610000,0,0,2020-07-22 05:43:30+00:00,par_15,2020-07-22,2020-07-22 05:33:30+00:00,2020-07-22 16:41:30+00:00,2.0,light
1595396910000,0,0,2020-07-22 05:48:30+00:00,par_15,2020-07-22,2020-07-22 05:33:30+00:00,2020-07-22 16:41:30+00:00,2.0,light
1595397210000,0,0,2020-07-22 05:53:30+00:00,par_15,2020-07-22,2020-07-22 05:33:30+00:00,2020-07-22 16:41:30+00:00,1.0,deep
1595397510000,0,0,2020-07-22 05:58:30+00:00,par_15,2020-07-22,2020-07-22 05:33:30+00:00,2020-07-22 16:41:30+00:00,3.0,REM
1595397810000,0,0,2020-07-22 06:03:30+00:00,par_15,2020-07-22,2020-07-22 05:33:30+00:00,2020-07-22 16:41:30+00:00,3.0,REM
1595398110000,0,0,2020-07-22 06:08:30+00:00,par_15,2020-07-22,2020-07-22 05:33:30+00:00,2020-07-22 16:41:30+00:00,3.0,REM
1595398410000,0,0,2020-07-22 06:13:30+00:00,par_15,2020-07-22,2020-07-22 05:33:30+00:00,2020-07-22 16:41:30+00:00,1.0,deep
1595398710000,0,0,2020-07-22 06:18:30+00:00,par_15,2020-07-22,2020-07-22 05:33:30+00:00,2020-07-22 16:41:30+00:00,2.0,light
1595399010000,69,61,2020-07-22 06:23:30+00:00,par_15,2020-07-22,2020-07-22 05:33:30+00:00,2020-07-22 16:41:30+00:00,2.0,light
1595399310000,71,55,2020-07-22 06:28:30+00:00,par_15,2020-07-22,2020-07-22 05:33:30+00:00,2020-07-22 16:41:30+00:00,2.0,light
1595399610000,0,0,2020-07-22 06:33:30+00:00,par_15,2020-07-22,2020-07-22 05:33:30+00:00,2020-07-22 16:41:30+00:00,2.0,light
1595399910000,71,54,2020-07-22 06:38:30+00:00,par_15,2020-07-22,2020-07-22 05:33:30+00:00,2020-07-22 16:41:30+00:00,2.0,light
1595400210000,0,0,2020-07-22 06:43:30+00:00,par_15,2020-07-22,2020-07-22 05:33:30+00:00,2020-07-22 16:41:30+00:00,3.0,REM
1595400510000,0,0,2020-07-22 06:48:30+00:00,par_15,2020-07-22,2020-07-22 05:33:30+00:00,2020-07-22 16:41:30+00:00,1.0,deep
1595400810000,0,0,2020-07-22 06:53:30+00:00,par_15,2020-07-22,2020-07-22 05:33:30+00:00,2020-07-22 16:41:30+00:00,2.0,light
1595401110000,69,57,2020-07-22 06:58:30+00:00,par_15,2020-07-22,2020-07-22 05:33:30+00:00,2020-07-22 16:41:30+00:00,2.0,light
1595401410000,0,0,2020-07-22 07:03:30+00:00,par_15,2020-07-22,2020-07-22 05:33:30+00:00,2020-07-22 16:41:30+00:00,3.0,REM
1595401710000,0,0,2020-07-22 07:08:30+00:00,par_15,2020-07-22,2020-07-22 05:33:30+00:00,2020-07-22 16:41:30+00:00,2.0,light
1595402010000,80,24,2020-07-22 07:13:30+00:00,par_15,2020-07-22,2020-07-22 05:33:30+00:00,2020-07-22 16:41:30+00:00,2.0,light
1595402310000,77,38,2020-07-22 07:18:30+00:00,par_15,2020-07-22,2020-07-22 05:33:30+00:00,2020-07-22 16:41:30+00:00,2.0,light
1595402610000,72,55,2020-07-22 07:23:30+00:00,par_15,2020-07-22,2020-07-22 05:33:30+00:00,2020-07-22 16:41:30+00:00,2.0,light
1595402910000,0,0,2020-07-22 07:28:30+00:00,par_15,2020-07-22,2020-07-22 05:33:30+00:00,2020-07-22 16:41:30+00:00,2.0,light
1595403210000,71,50,2020-07-22 07:33:30+00:00,par_15,2020-07-22,2020-07-22 05:33:30+00:00,2020-07-22 16:41:30+00:00,2.0,light
1595403510000,70,49,2020-07-22 07:38:30+00:00,par_15,2020-07-22,2020-07-22 05:33:30+00:00,2020-07-22 16:41:30+00:00,2.0,light
1595403810000,69,44,2020-07-22 07:43:30+00:00,par_15,2020-07-22,2020-07-22 05:33:30+00:00,2020-07-22 16:41:30+00:00,1.0,deep
1595404110000,69,51,2020-07-22 07:48:30+00:00,par_15,2020-07-22,2020-07-22 05:33:30+00:00,2020-07-22 16:41:30+00:00,1.0,deep
1595404410000,70,42,2020-07-22 07:53:30+00:00,par_15,2020-07-22,2020-07-22 05:33:30+00:00,2020-07-22 16:41:30+00:00,1.0,deep
1595404710000,71,44,2020-07-22 07:58:30+00:00,par_15,2020-07-22,2020-07-22 05:33:30+00:00,2020-07-22 16:41:30+00:00,1.0,deep
1595405010000,74,38,2020-07-22 08:03:30+00:00,par_15,2020-07-22,2020-07-22 05:33:30+00:00,2020-07-22 16:41:30+00:00,1.0,deep
1595405310000,0,0,2020-07-22 08:08:30+00:00,par_15,2020-07-22,2020-07-22 05:33:30+00:00,2020-07-22 16:41:30+00:00,4.0,awake
1595405610000,0,0,2020-07-22 08:13:30+00:00,par_15,2020-07-22,2020-07-22 05:33:30+00:00,2020-07-22 16:41:30+00:00,1.0,deep
1595405910000,0,0,2020-07-22 08:18:30+00:00,par_15,2020-07-22,2020-07-22 05:33:30+00:00,2020-07-22 16:41:30+00:00,1.0,deep
1595406210000,0,0,2020-07-22 08:23:30+00:00,par_15,2020-07-22,2020-07-22 05:33:30+00:00,2020-07-22 16:41:30+00:00,1.0,deep
1595406510000,0,0,2020-07-22 08:28:30+00:00,par_15,2020-07-22,2020-07-22 05:33:30+00:00,2020-07-22 16:41:30+00:00,2.0,light
1595406810000,0,0,2020-07-22 08:33:30+00:00,par_15,2020-07-22,2020-07-22 05:33:30+00:00,2020-07-22 16:41:30+00:00,2.0,light
1595407110000,0,0,2020-07-22 08:38:30+00:00,par_15,2020-07-22,2020-07-22 05:33:30+00:00,2020-07-22 16:41:30+00:00,2.0,light
1595407410000,0,0,2020-07-22 08:43:30+00:00,par_15,2020-07-22,2020-07-22 05:33:30+00:00,2020-07-22 16:41:30+00:00,2.0,light
1595407710000,77,45,2020-07-22 08:48:30+00:00,par_15,2020-07-22,2020-07-22 05:33:30+00:00,2020-07-22 16:41:30+00:00,2.0,light
1595408010000,84,31,2020-07-22 08:53:30+00:00,par_15,2020-07-22,2020-07-22 05:33:30+00:00,2020-07-22 16:41:30+00:00,2.0,light
1595408310000,83,25,2020-07-22 08:58:30+00:00,par_15,2020-07-22,2020-07-22 05:33:30+00:00,2020-07-22 16:41:30+00:00,1.0,deep
1595408610000,0,0,2020-07-22 09:03:30+00:00,par_15,2020-07-22,2020-07-22 05:33:30+00:00,2020-07-22 16:41:30+00:00,2.0,light
1595408910000,0,0,2020-07-22 09:08:30+00:00,par_15,2020-07-22,2020-07-22 05:33:30+00:00,2020-07-22 16:41:30+00:00,1.0,deep
1595409210000,0,0,2020-07-22 09:13:30+00:00,par_15,2020-07-22,2020-07-22 05:33:30+00:00,2020-07-22 16:41:30+00:00,1.0,deep
1595409510000,0,0,2020-07-22 09:18:30+00:00,par_15,2020-07-22,2020-07-22 05:33:30+00:00,2020-07-22 16:41:30+00:00,3.0,REM
1595409810000,0,0,2020-07-22 09:23:30+00:00,par_15,2020-07-22,2020-07-22 05:33:30+00:00,2020-07-22 16:41:30+00:00,2.0,light
1595410110000,0,0,2020-07-22 09:28:30+00:00,par_15,2020-07-22,2020-07-22 05:33:30+00:00,2020-07-22 16:41:30+00:00,2.0,light
1595410410000,0,0,2020-07-22 09:33:30+00:00,par_15,2020-07-22,2020-07-22 05:33:30+00:00,2020-07-22 16:41:30+00:00,3.0,REM
1595410710000,0,0,2020-07-22 09:38:30+00:00,par_15,2020-07-22,2020-07-22 05:33:30+00:00,2020-07-22 16:41:30+00:00,2.0,light
1595411010000,0,0,2020-07-22 09:43:30+00:00,par_15,2020-07-22,2020-07-22 05:33:30+00:00,2020-07-22 16:41:30+00:00,2.0,light
1595411310000,0,0,2020-07-22 09:48:30+00:00,par_15,2020-07-22,2020-07-22 05:33:30+00:00,2020-07-22 16:41:30+00:00,2.0,light
1595411610000,0,0,2020-07-22 09:53:30+00:00,par_15,2020-07-22,2020-07-22 05:33:30+00:00,2020-07-22 16:41:30+00:00,2.0,light
1595411910000,0,0,2020-07-22 09:58:30+00:00,par_15,2020-07-22,2020-07-22 05:33:30+00:00,2020-07-22 16:41:30+00:00,2.0,light
1595412210000,0,0,2020-07-22 10:03:30+00:00,par_15,2020-07-22,2020-07-22 05:33:30+00:00,2020-07-22 16:41:30+00:00,2.0,light
1595412510000,0,0,2020-07-22 10:08:30+00:00,par_15,2020-07-22,2020-07-22 05:33:30+00:00,2020-07-22 16:41:30+00:00,3.0,REM
1595412810000,0,0,2020-07-22 10:13:30+00:00,par_15,2020-07-22,2020-07-22 05:33:30+00:00,2020-07-22 16:41:30+00:00,3.0,REM
1595413110000,0,0,2020-07-22 10:18:30+00:00,par_15,2020-07-22,2020-07-22 05:33:30+00:00,2020-07-22 16:41:30+00:00,3.0,REM
1595413410000,0,0,2020-07-22 10:23:30+00:00,par_15,2020-07-22,2020-07-22 05:33:30+00:00,2020-07-22 16:41:30+00:00,2.0,light
1595413710000,0,0,2020-07-22 10:28:30+00:00,par_15,2020-07-22,2020-07-22 05:33:30+00:00,2020-07-22 16:41:30+00:00,3.0,REM
1595414010000,0,0,2020-07-22 10:33:30+00:00,par_15,2020-07-22,2020-07-22 05:33:30+00:00,2020-07-22 16:41:30+00:00,2.0,light
1595414310000,66,47,2020-07-22 10:38:30+00:00,par_15,2020-07-22,2020-07-22 05:33:30+00:00,2020-07-22 16:41:30+00:00,2.0,light
1595414610000,67,52,2020-07-22 10:43:30+00:00,par_15,2020-07-22,2020-07-22 05:33:30+00:00,2020-07-22 16:41:30+00:00,3.0,REM
1595414910000,0,0,2020-07-22 10:48:30+00:00,par_15,2020-07-22,2020-07-22 05:33:30+00:00,2020-07-22 16:41:30+00:00,3.0,REM
1595415210000,0,0,2020-07-22 10:53:30+00:00,par_15,2020-07-22,2020-07-22 05:33:30+00:00,2020-07-22 16:41:30+00:00,3.0,REM
1595415510000,0,0,2020-07-22 10:58:30+00:00,par_15,2020-07-22,2020-07-22 05:33:30+00:00,2020-07-22 16:41:30+00:00,3.0,REM
1595415810000,0,0,2020-07-22 11:03:30+00:00,par_15,2020-07-22,2020-07-22 05:33:30+00:00,2020-07-22 16:41:30+00:00,3.0,REM
1595416110000,0,0,2020-07-22 11:08:30+00:00,par_15,2020-07-22,2020-07-22 05:33:30+00:00,2020-07-22 16:41:30+00:00,2.0,light
1595416410000,0,0,2020-07-22 11:13:30+00:00,par_15,2020-07-22,2020-07-22 05:33:30+00:00,2020-07-22 16:41:30+00:00,2.0,light
1595416710000,0,0,2020-07-22 11:18:30+00:00,par_15,2020-07-22,2020-07-22 05:33:30+00:00,2020-07-22 16:41:30+00:00,3.0,REM
1595417010000,0,0,2020-07-22 11:23:30+00:00,par_15,2020-07-22,2020-07-22 05:33:30+00:00,2020-07-22 16:41:30+00:00,3.0,REM
1595417310000,0,0,2020-07-22 11:28:30+00:00,par_15,2020-07-22,2020-07-22 05:33:30+00:00,2020-07-22 16:41:30+00:00,3.0,REM
1595417610000,0,0,2020-07-22 11:33:30+00:00,par_15,2020-07-22,2020-07-22 05:33:30+00:00,2020-07-22 16:41:30+00:00,3.0,REM
1595417910000,0,0,2020-07-22 11:38:30+00:00,par_15,2020-07-22,2020-07-22 05:33:30+00:00,2020-07-22 16:41:30+00:00,3.0,REM
1595418210000,0,0,2020-07-22 11:43:30+00:00,par_15,2020-07-22,2020-07-22 05:33:30+00:00,2020-07-22 16:41:30+00:00,3.0,REM
1595418510000,0,0,2020-07-22 11:48:30+00:00,par_15,2020-07-22,2020-07-22 05:33:30+00:00,2020-07-22 16:41:30+00:00,3.0,REM
1595418810000,0,0,2020-07-22 11:53:30+00:00,par_15,2020-07-22,2020-07-22 05:33:30+00:00,2020-07-22 16:41:30+00:00,2.0,light
1595419110000,0,0,2020-07-22 11:58:30+00:00,par_15,2020-07-22,2020-07-22 05:33:30+00:00,2020-07-22 16:41:30+00:00,2.0,light
1595419410000,0,0,2020-07-22 12:03:30+00:00,par_15,2020-07-22,2020-07-22 05:33:30+00:00,2020-07-22 16:41:30+00:00,4.0,awake
1595419710000,0,0,2020-07-22 12:08:30+00:00,par_15,2020-07-22,2020-07-22 05:33:30+00:00,2020-07-22 16:41:30+00:00,4.0,awake
1595420010000,0,0,2020-07-22 12:13:30+00:00,par_15,2020-07-22,2020-07-22 05:33:30+00:00,2020-07-22 16:41:30+00:00,2.0,light
1595420310000,0,0,2020-07-22 12:18:30+00:00,par_15,2020-07-22,2020-07-22 05:33:30+00:00,2020-07-22 16:41:30+00:00,2.0,light
1595420610000,0,0,2020-07-22 12:23:30+00:00,par_15,2020-07-22,2020-07-22 05:33:30+00:00,2020-07-22 16:41:30+00:00,2.0,light
1595420910000,68,49,2020-07-22 12:28:30+00:00,par_15,2020-07-22,2020-07-22 05:33:30+00:00,2020-07-22 16:41:30+00:00,2.0,light
1595421210000,70,44,2020-07-22 12:33:30+00:00,par_15,2020-07-22,2020-07-22 05:33:30+00:00,2020-07-22 16:41:30+00:00,2.0,light
1595421510000,66,40,2020-07-22 12:38:30+00:00,par_15,2020-07-22,2020-07-22 05:33:30+00:00,2020-07-22 16:41:30+00:00,2.0,light
1595421810000,65,50,2020-07-22 12:43:30+00:00,par_15,2020-07-22,2020-07-22 05:33:30+00:00,2020-07-22 16:41:30+00:00,2.0,light
1595422110000,66,55,2020-07-22 12:48:30+00:00,par_15,2020-07-22,2020-07-22 05:33:30+00:00,2020-07-22 16:41:30+00:00,2.0,light
1595422410000,73,37,2020-07-22 12:53:30+00:00,par_15,2020-07-22,2020-07-22 05:33:30+00:00,2020-07-22 16:41:30+00:00,3.0,REM
1595422710000,77,20,2020-07-22 12:58:30+00:00,par_15,2020-07-22,2020-07-22 05:33:30+00:00,2020-07-22 16:41:30+00:00,3.0,REM
1595423010000,0,0,2020-07-22 13:03:30+00:00,par_15,2020-07-22,2020-07-22 05:33:30+00:00,2020-07-22 16:41:30+00:00,3.0,REM
1595423310000,0,0,2020-07-22 13:08:30+00:00,par_15,2020-07-22,2020-07-22 05:33:30+00:00,2020-07-22 16:41:30+00:00,1.0,deep
1595423610000,75,49,2020-07-22 13:13:30+00:00,par_15,2020-07-22,2020-07-22 05:33:30+00:00,2020-07-22 16:41:30+00:00,2.0,light
1595423910000,74,39,2020-07-22 13:18:30+00:00,par_15,2020-07-22,2020-07-22 05:33:30+00:00,2020-07-22 16:41:30+00:00,2.0,light
1595424210000,70,43,2020-07-22 13:23:30+00:00,par_15,2020-07-22,2020-07-22 05:33:30+00:00,2020-07-22 16:41:30+00:00,2.0,light
1595424510000,70,45,2020-07-22 13:28:30+00:00,par_15,2020-07-22,2020-07-22 05:33:30+00:00,2020-07-22 16:41:30+00:00,2.0,light
1595424810000,71,36,2020-07-22 13:33:30+00:00,par_15,2020-07-22,2020-07-22 05:33:30+00:00,2020-07-22 16:41:30+00:00,2.0,light
1595425110000,71,43,2020-07-22 13:38:30+00:00,par_15,2020-07-22,2020-07-22 05:33:30+00:00,2020-07-22 16:41:30+00:00,2.0,light
1595425410000,70,44,2020-07-22 13:43:30+00:00,par_15,2020-07-22,2020-07-22 05:33:30+00:00,2020-07-22 16:41:30+00:00,2.0,light
1595425710000,70,49,2020-07-22 13:48:30+00:00,par_15,2020-07-22,2020-07-22 05:33:30+00:00,2020-07-22 16:41:30+00:00,2.0,light
1595426010000,67,49,2020-07-22 13:53:30+00:00,par_15,2020-07-22,2020-07-22 05:33:30+00:00,2020-07-22 16:41:30+00:00,3.0,REM
1595426310000,69,54,2020-07-22 13:58:30+00:00,par_15,2020-07-22,2020-07-22 05:33:30+00:00,2020-07-22 16:41:30+00:00,3.0,REM
1595426610000,0,0,2020-07-22 14:03:30+00:00,par_15,2020-07-22,2020-07-22 05:33:30+00:00,2020-07-22 16:41:30+00:00,2.0,light
1595426910000,66,57,2020-07-22 14:08:30+00:00,par_15,2020-07-22,2020-07-22 05:33:30+00:00,2020-07-22 16:41:30+00:00,2.0,light
1595427210000,65,56,2020-07-22 14:13:30+00:00,par_15,2020-07-22,2020-07-22 05:33:30+00:00,2020-07-22 16:41:30+00:00,2.0,light
1595427510000,66,58,2020-07-22 14:18:30+00:00,par_15,2020-07-22,2020-07-22 05:33:30+00:00,2020-07-22 16:41:30+00:00,2.0,light
1595427810000,0,0,2020-07-22 14:23:30+00:00,par_15,2020-07-22,2020-07-22 05:33:30+00:00,2020-07-22 16:41:30+00:00,3.0,REM
1595428110000,72,54,2020-07-22 14:28:30+00:00,par_15,2020-07-22,2020-07-22 05:33:30+00:00,2020-07-22 16:41:30+00:00,3.0,REM
1595428410000,0,0,2020-07-22 14:33:30+00:00,par_15,2020-07-22,2020-07-22 05:33:30+00:00,2020-07-22 16:41:30+00:00,3.0,REM
1595428710000,0,0,2020-07-22 14:38:30+00:00,par_15,2020-07-22,2020-07-22 05:33:30+00:00,2020-07-22 16:41:30+00:00,3.0,REM
1595429010000,0,0,2020-07-22 14:43:30+00:00,par_15,2020-07-22,2020-07-22 05:33:30+00:00,2020-07-22 16:41:30+00:00,2.0,light
1595429310000,0,0,2020-07-22 14:48:30+00:00,par_15,2020-07-22,2020-07-22 05:33:30+00:00,2020-07-22 16:41:30+00:00,2.0,light
1595429610000,70,53,2020-07-22 14:53:30+00:00,par_15,2020-07-22,2020-07-22 05:33:30+00:00,2020-07-22 16:41:30+00:00,2.0,light
1595429910000,72,47,2020-07-22 14:58:30+00:00,par_15,2020-07-22,2020-07-22 05:33:30+00:00,2020-07-22 16:41:30+00:00,3.0,REM
1595430210000,0,0,2020-07-22 15:03:30+00:00,par_15,2020-07-22,2020-07-22 05:33:30+00:00,2020-07-22 16:41:30+00:00,3.0,REM
1595430510000,0,0,2020-07-22 15:08:30+00:00,par_15,2020-07-22,2020-07-22 05:33:30+00:00,2020-07-22 16:41:30+00:00,2.0,light
1595430810000,0,0,2020-07-22 15:13:30+00:00,par_15,2020-07-22,2020-07-22 05:33:30+00:00,2020-07-22 16:41:30+00:00,2.0,light
1595431110000,0,0,2020-07-22 15:18:30+00:00,par_15,2020-07-22,2020-07-22 05:33:30+00:00,2020-07-22 16:41:30+00:00,2.0,light
1595431410000,0,0,2020-07-22 15:23:30+00:00,par_15,2020-07-22,2020-07-22 05:33:30+00:00,2020-07-22 16:41:30+00:00,2.0,light
1595431710000,0,0,2020-07-22 15:28:30+00:00,par_15,2020-07-22,2020-07-22 05:33:30+00:00,2020-07-22 16:41:30+00:00,3.0,REM
1595432010000,67,46,2020-07-22 15:33:30+00:00,par_15,2020-07-22,2020-07-22 05:33:30+00:00,2020-07-22 16:41:30+00:00,3.0,REM
1595432310000,70,42,2020-07-22 15:38:30+00:00,par_15,2020-07-22,2020-07-22 05:33:30+00:00,2020-07-22 16:41:30+00:00,2.0,light
1595432610000,70,49,2020-07-22 15:43:30+00:00,par_15,2020-07-22,2020-07-22 05:33:30+00:00,2020-07-22 16:41:30+00:00,2.0,light
1595432910000,0,0,2020-07-22 15:48:30+00:00,par_15,2020-07-22,2020-07-22 05:33:30+00:00,2020-07-22 16:41:30+00:00,3.0,REM
1595433210000,73,45,2020-07-22 15:53:30+00:00,par_15,2020-07-22,2020-07-22 05:33:30+00:00,2020-07-22 16:41:30+00:00,2.0,light
1595433510000,69,56,2020-07-22 15:58:30+00:00,par_15,2020-07-22,2020-07-22 05:33:30+00:00,2020-07-22 16:41:30+00:00,2.0,light
1595433810000,73,41,2020-07-22 16:03:30+00:00,par_15,2020-07-22,2020-07-22 05:33:30+00:00,2020-07-22 16:41:30+00:00,3.0,REM
1595434110000,75,42,2020-07-22 16:08:30+00:00,par_15,2020-07-22,2020-07-22 05:33:30+00:00,2020-07-22 16:41:30+00:00,3.0,REM
1595434410000,0,0,2020-07-22 16:13:30+00:00,par_15,2020-07-22,2020-07-22 05:33:30+00:00,2020-07-22 16:41:30+00:00,2.0,light
1595434710000,0,0,2020-07-22 16:18:30+00:00,par_15,2020-07-22,2020-07-22 05:33:30+00:00,2020-07-22 16:41:30+00:00,3.0,REM
1595435010000,0,0,2020-07-22 16:23:30+00:00,par_15,2020-07-22,2020-07-22 05:33:30+00:00,2020-07-22 16:41:30+00:00,3.0,REM
1595435310000,0,0,2020-07-22 16:28:30+00:00,par_15,2020-07-22,2020-07-22 05:33:30+00:00,2020-07-22 16:41:30+00:00,3.0,REM
1595435610000,0,0,2020-07-22 16:33:30+00:00,par_15,2020-07-22,2020-07-22 05:33:30+00:00,2020-07-22 16:41:30+00:00,4.0,awake
1595435910000,0,0,2020-07-22 16:38:30+00:00,par_15,2020-07-22,2020-07-22 05:33:30+00:00,2020-07-22 16:41:30+00:00,4.0,awake
1595483791000,0,0,2020-07-23 05:56:31+00:00,par_15,2020-07-23,2020-07-23 05:56:31+00:00,2020-07-23 16:17:31+00:00,4.0,awake
1595484091000,0,0,2020-07-23 06:01:31+00:00,par_15,2020-07-23,2020-07-23 05:56:31+00:00,2020-07-23 16:17:31+00:00,4.0,awake
1595484391000,0,0,2020-07-23 06:06:31+00:00,par_15,2020-07-23,2020-07-23 05:56:31+00:00,2020-07-23 16:17:31+00:00,4.0,awake
1595484691000,74,39,2020-07-23 06:11:31+00:00,par_15,2020-07-23,2020-07-23 05:56:31+00:00,2020-07-23 16:17:31+00:00,2.0,light
1595484991000,74,41,2020-07-23 06:16:31+00:00,par_15,2020-07-23,2020-07-23 05:56:31+00:00,2020-07-23 16:17:31+00:00,2.0,light
1595485291000,67,60,2020-07-23 06:21:31+00:00,par_15,2020-07-23,2020-07-23 05:56:31+00:00,2020-07-23 16:17:31+00:00,2.0,light
1595485591000,64,89,2020-07-23 06:26:31+00:00,par_15,2020-07-23,2020-07-23 05:56:31+00:00,2020-07-23 16:17:31+00:00,2.0,light
1595485891000,64,102,2020-07-23 06:31:31+00:00,par_15,2020-07-23,2020-07-23 05:56:31+00:00,2020-07-23 16:17:31+00:00,2.0,light
1595486191000,67,87,2020-07-23 06:36:31+00:00,par_15,2020-07-23,2020-07-23 05:56:31+00:00,2020-07-23 16:17:31+00:00,2.0,light
1595486491000,65,81,2020-07-23 06:41:31+00:00,par_15,2020-07-23,2020-07-23 05:56:31+00:00,2020-07-23 16:17:31+00:00,1.0,deep
1595486791000,65,81,2020-07-23 06:46:31+00:00,par_15,2020-07-23,2020-07-23 05:56:31+00:00,2020-07-23 16:17:31+00:00,1.0,deep
1595487091000,65,74,2020-07-23 06:51:31+00:00,par_15,2020-07-23,2020-07-23 05:56:31+00:00,2020-07-23 16:17:31+00:00,1.0,deep
1595487391000,66,71,2020-07-23 06:56:31+00:00,par_15,2020-07-23,2020-07-23 05:56:31+00:00,2020-07-23 16:17:31+00:00,1.0,deep
1595487691000,72,52,2020-07-23 07:01:31+00:00,par_15,2020-07-23,2020-07-23 05:56:31+00:00,2020-07-23 16:17:31+00:00,4.0,awake
1595487991000,64,72,2020-07-23 07:06:31+00:00,par_15,2020-07-23,2020-07-23 05:56:31+00:00,2020-07-23 16:17:31+00:00,2.0,light
1595488291000,65,77,2020-07-23 07:11:31+00:00,par_15,2020-07-23,2020-07-23 05:56:31+00:00,2020-07-23 16:17:31+00:00,1.0,deep
1595488591000,67,60,2020-07-23 07:16:31+00:00,par_15,2020-07-23,2020-07-23 05:56:31+00:00,2020-07-23 16:17:31+00:00,1.0,deep
1595488891000,71,63,2020-07-23 07:21:31+00:00,par_15,2020-07-23,2020-07-23 05:56:31+00:00,2020-07-23 16:17:31+00:00,1.0,deep
1595489191000,68,68,2020-07-23 07:26:31+00:00,par_15,2020-07-23,2020-07-23 05:56:31+00:00,2020-07-23 16:17:31+00:00,2.0,light
1595489491000,65,81,2020-07-23 07:31:31+00:00,par_15,2020-07-23,2020-07-23 05:56:31+00:00,2020-07-23 16:17:31+00:00,2.0,light
1595489791000,65,85,2020-07-23 07:36:31+00:00,par_15,2020-07-23,2020-07-23 05:56:31+00:00,2020-07-23 16:17:31+00:00,2.0,light
1595490091000,63,78,2020-07-23 07:41:31+00:00,par_15,2020-07-23,2020-07-23 05:56:31+00:00,2020-07-23 16:17:31+00:00,2.0,light
1595490391000,63,80,2020-07-23 07:46:31+00:00,par_15,2020-07-23,2020-07-23 05:56:31+00:00,2020-07-23 16:17:31+00:00,2.0,light
1595490691000,64,77,2020-07-23 07:51:31+00:00,par_15,2020-07-23,2020-07-23 05:56:31+00:00,2020-07-23 16:17:31+00:00,1.0,deep
1595490991000,65,72,2020-07-23 07:56:31+00:00,par_15,2020-07-23,2020-07-23 05:56:31+00:00,2020-07-23 16:17:31+00:00,1.0,deep
1595491291000,67,75,2020-07-23 08:01:31+00:00,par_15,2020-07-23,2020-07-23 05:56:31+00:00,2020-07-23 16:17:31+00:00,1.0,deep
1595491591000,78,25,2020-07-23 08:06:31+00:00,par_15,2020-07-23,2020-07-23 05:56:31+00:00,2020-07-23 16:17:31+00:00,1.0,deep
1595491891000,80,24,2020-07-23 08:11:31+00:00,par_15,2020-07-23,2020-07-23 05:56:31+00:00,2020-07-23 16:17:31+00:00,3.0,REM
1595492191000,79,36,2020-07-23 08:16:31+00:00,par_15,2020-07-23,2020-07-23 05:56:31+00:00,2020-07-23 16:17:31+00:00,3.0,REM
1595492491000,74,51,2020-07-23 08:21:31+00:00,par_15,2020-07-23,2020-07-23 05:56:31+00:00,2020-07-23 16:17:31+00:00,2.0,light
1595492791000,74,52,2020-07-23 08:26:31+00:00,par_15,2020-07-23,2020-07-23 05:56:31+00:00,2020-07-23 16:17:31+00:00,2.0,light
1595493091000,72,51,2020-07-23 08:31:31+00:00,par_15,2020-07-23,2020-07-23 05:56:31+00:00,2020-07-23 16:17:31+00:00,1.0,deep
1595493391000,72,47,2020-07-23 08:36:31+00:00,par_15,2020-07-23,2020-07-23 05:56:31+00:00,2020-07-23 16:17:31+00:00,1.0,deep
1595493691000,72,48,2020-07-23 08:41:31+00:00,par_15,2020-07-23,2020-07-23 05:56:31+00:00,2020-07-23 16:17:31+00:00,1.0,deep
1595493991000,72,52,2020-07-23 08:46:31+00:00,par_15,2020-07-23,2020-07-23 05:56:31+00:00,2020-07-23 16:17:31+00:00,1.0,deep
1595494291000,75,40,2020-07-23 08:51:31+00:00,par_15,2020-07-23,2020-07-23 05:56:31+00:00,2020-07-23 16:17:31+00:00,2.0,light
1595494591000,70,53,2020-07-23 08:56:31+00:00,par_15,2020-07-23,2020-07-23 05:56:31+00:00,2020-07-23 16:17:31+00:00,1.0,deep
1595494891000,72,44,2020-07-23 09:01:31+00:00,par_15,2020-07-23,2020-07-23 05:56:31+00:00,2020-07-23 16:17:31+00:00,1.0,deep
1595495191000,74,47,2020-07-23 09:06:31+00:00,par_15,2020-07-23,2020-07-23 05:56:31+00:00,2020-07-23 16:17:31+00:00,1.0,deep
1595495491000,70,50,2020-07-23 09:11:31+00:00,par_15,2020-07-23,2020-07-23 05:56:31+00:00,2020-07-23 16:17:31+00:00,2.0,light
1595495791000,71,56,2020-07-23 09:16:31+00:00,par_15,2020-07-23,2020-07-23 05:56:31+00:00,2020-07-23 16:17:31+00:00,2.0,light
1595496091000,67,55,2020-07-23 09:21:31+00:00,par_15,2020-07-23,2020-07-23 05:56:31+00:00,2020-07-23 16:17:31+00:00,2.0,light
1595496391000,70,64,2020-07-23 09:26:31+00:00,par_15,2020-07-23,2020-07-23 05:56:31+00:00,2020-07-23 16:17:31+00:00,2.0,light
1595496691000,65,62,2020-07-23 09:31:31+00:00,par_15,2020-07-23,2020-07-23 05:56:31+00:00,2020-07-23 16:17:31+00:00,2.0,light
1595496991000,65,67,2020-07-23 09:36:31+00:00,par_15,2020-07-23,2020-07-23 05:56:31+00:00,2020-07-23 16:17:31+00:00,2.0,light
1595497291000,65,65,2020-07-23 09:41:31+00:00,par_15,2020-07-23,2020-07-23 05:56:31+00:00,2020-07-23 16:17:31+00:00,1.0,deep
1595497591000,66,66,2020-07-23 09:46:31+00:00,par_15,2020-07-23,2020-07-23 05:56:31+00:00,2020-07-23 16:17:31+00:00,1.0,deep
1595497891000,65,71,2020-07-23 09:51:31+00:00,par_15,2020-07-23,2020-07-23 05:56:31+00:00,2020-07-23 16:17:31+00:00,1.0,deep
1595498191000,66,60,2020-07-23 09:56:31+00:00,par_15,2020-07-23,2020-07-23 05:56:31+00:00,2020-07-23 16:17:31+00:00,1.0,deep
1595498491000,67,57,2020-07-23 10:01:31+00:00,par_15,2020-07-23,2020-07-23 05:56:31+00:00,2020-07-23 16:17:31+00:00,1.0,deep
1595498791000,68,62,2020-07-23 10:06:31+00:00,par_15,2020-07-23,2020-07-23 05:56:31+00:00,2020-07-23 16:17:31+00:00,1.0,deep
1595499091000,78,16,2020-07-23 10:11:31+00:00,par_15,2020-07-23,2020-07-23 05:56:31+00:00,2020-07-23 16:17:31+00:00,3.0,REM
1595499391000,76,39,2020-07-23 10:16:31+00:00,par_15,2020-07-23,2020-07-23 05:56:31+00:00,2020-07-23 16:17:31+00:00,3.0,REM
1595499691000,69,59,2020-07-23 10:21:31+00:00,par_15,2020-07-23,2020-07-23 05:56:31+00:00,2020-07-23 16:17:31+00:00,2.0,light
1595499991000,67,65,2020-07-23 10:26:31+00:00,par_15,2020-07-23,2020-07-23 05:56:31+00:00,2020-07-23 16:17:31+00:00,2.0,light
1595500291000,67,60,2020-07-23 10:31:31+00:00,par_15,2020-07-23,2020-07-23 05:56:31+00:00,2020-07-23 16:17:31+00:00,2.0,light
1595500591000,65,86,2020-07-23 10:36:31+00:00,par_15,2020-07-23,2020-07-23 05:56:31+00:00,2020-07-23 16:17:31+00:00,2.0,light
1595500891000,63,77,2020-07-23 10:41:31+00:00,par_15,2020-07-23,2020-07-23 05:56:31+00:00,2020-07-23 16:17:31+00:00,2.0,light
1595501191000,62,82,2020-07-23 10:46:31+00:00,par_15,2020-07-23,2020-07-23 05:56:31+00:00,2020-07-23 16:17:31+00:00,2.0,light
1595501491000,65,74,2020-07-23 10:51:31+00:00,par_15,2020-07-23,2020-07-23 05:56:31+00:00,2020-07-23 16:17:31+00:00,1.0,deep
1595501791000,65,72,2020-07-23 10:56:31+00:00,par_15,2020-07-23,2020-07-23 05:56:31+00:00,2020-07-23 16:17:31+00:00,1.0,deep
1595502091000,65,74,2020-07-23 11:01:31+00:00,par_15,2020-07-23,2020-07-23 05:56:31+00:00,2020-07-23 16:17:31+00:00,1.0,deep
1595502391000,64,71,2020-07-23 11:06:31+00:00,par_15,2020-07-23,2020-07-23 05:56:31+00:00,2020-07-23 16:17:31+00:00,1.0,deep
1595502691000,64,72,2020-07-23 11:11:31+00:00,par_15,2020-07-23,2020-07-23 05:56:31+00:00,2020-07-23 16:17:31+00:00,2.0,light
1595502991000,64,77,2020-07-23 11:16:31+00:00,par_15,2020-07-23,2020-07-23 05:56:31+00:00,2020-07-23 16:17:31+00:00,2.0,light
1595503291000,66,68,2020-07-23 11:21:31+00:00,par_15,2020-07-23,2020-07-23 05:56:31+00:00,2020-07-23 16:17:31+00:00,1.0,deep
1595503591000,65,67,2020-07-23 11:26:31+00:00,par_15,2020-07-23,2020-07-23 05:56:31+00:00,2020-07-23 16:17:31+00:00,1.0,deep
1595503891000,68,68,2020-07-23 11:31:31+00:00,par_15,2020-07-23,2020-07-23 05:56:31+00:00,2020-07-23 16:17:31+00:00,1.0,deep
1595504191000,70,50,2020-07-23 11:36:31+00:00,par_15,2020-07-23,2020-07-23 05:56:31+00:00,2020-07-23 16:17:31+00:00,3.0,REM
1595504491000,77,27,2020-07-23 11:41:31+00:00,par_15,2020-07-23,2020-07-23 05:56:31+00:00,2020-07-23 16:17:31+00:00,3.0,REM
1595504791000,81,17,2020-07-23 11:46:31+00:00,par_15,2020-07-23,2020-07-23 05:56:31+00:00,2020-07-23 16:17:31+00:00,3.0,REM
1595505091000,80,29,2020-07-23 11:51:31+00:00,par_15,2020-07-23,2020-07-23 05:56:31+00:00,2020-07-23 16:17:31+00:00,3.0,REM
1595505391000,75,41,2020-07-23 11:56:31+00:00,par_15,2020-07-23,2020-07-23 05:56:31+00:00,2020-07-23 16:17:31+00:00,3.0,REM
1595505691000,70,57,2020-07-23 12:01:31+00:00,par_15,2020-07-23,2020-07-23 05:56:31+00:00,2020-07-23 16:17:31+00:00,2.0,light
1595505991000,67,71,2020-07-23 12:06:31+00:00,par_15,2020-07-23,2020-07-23 05:56:31+00:00,2020-07-23 16:17:31+00:00,2.0,light
1595506291000,69,56,2020-07-23 12:11:31+00:00,par_15,2020-07-23,2020-07-23 05:56:31+00:00,2020-07-23 16:17:31+00:00,2.0,light
1595506591000,66,61,2020-07-23 12:16:31+00:00,par_15,2020-07-23,2020-07-23 05:56:31+00:00,2020-07-23 16:17:31+00:00,2.0,light
1595506891000,67,59,2020-07-23 12:21:31+00:00,par_15,2020-07-23,2020-07-23 05:56:31+00:00,2020-07-23 16:17:31+00:00,2.0,light
1595507191000,68,49,2020-07-23 12:26:31+00:00,par_15,2020-07-23,2020-07-23 05:56:31+00:00,2020-07-23 16:17:31+00:00,2.0,light
1595507491000,68,61,2020-07-23 12:31:31+00:00,par_15,2020-07-23,2020-07-23 05:56:31+00:00,2020-07-23 16:17:31+00:00,2.0,light
1595507791000,64,74,2020-07-23 12:36:31+00:00,par_15,2020-07-23,2020-07-23 05:56:31+00:00,2020-07-23 16:17:31+00:00,2.0,light
1595508091000,66,63,2020-07-23 12:41:31+00:00,par_15,2020-07-23,2020-07-23 05:56:31+00:00,2020-07-23 16:17:31+00:00,2.0,light
1595508391000,67,64,2020-07-23 12:46:31+00:00,par_15,2020-07-23,2020-07-23 05:56:31+00:00,2020-07-23 16:17:31+00:00,2.0,light
1595508691000,66,58,2020-07-23 12:51:31+00:00,par_15,2020-07-23,2020-07-23 05:56:31+00:00,2020-07-23 16:17:31+00:00,2.0,light
1595508991000,68,62,2020-07-23 12:56:31+00:00,par_15,2020-07-23,2020-07-23 05:56:31+00:00,2020-07-23 16:17:31+00:00,2.0,light
1595509291000,68,55,2020-07-23 13:01:31+00:00,par_15,2020-07-23,2020-07-23 05:56:31+00:00,2020-07-23 16:17:31+00:00,2.0,light
1595509591000,66,55,2020-07-23 13:06:31+00:00,par_15,2020-07-23,2020-07-23 05:56:31+00:00,2020-07-23 16:17:31+00:00,2.0,light
1595509891000,66,58,2020-07-23 13:11:31+00:00,par_15,2020-07-23,2020-07-23 05:56:31+00:00,2020-07-23 16:17:31+00:00,2.0,light
1595510191000,66,57,2020-07-23 13:16:31+00:00,par_15,2020-07-23,2020-07-23 05:56:31+00:00,2020-07-23 16:17:31+00:00,2.0,light
1595510491000,69,55,2020-07-23 13:21:31+00:00,par_15,2020-07-23,2020-07-23 05:56:31+00:00,2020-07-23 16:17:31+00:00,2.0,light
1595510791000,73,54,2020-07-23 13:26:31+00:00,par_15,2020-07-23,2020-07-23 05:56:31+00:00,2020-07-23 16:17:31+00:00,4.0,awake
1595511091000,68,55,2020-07-23 13:31:31+00:00,par_15,2020-07-23,2020-07-23 05:56:31+00:00,2020-07-23 16:17:31+00:00,3.0,REM
1595511391000,74,41,2020-07-23 13:36:31+00:00,par_15,2020-07-23,2020-07-23 05:56:31+00:00,2020-07-23 16:17:31+00:00,3.0,REM
1595511691000,78,45,2020-07-23 13:41:31+00:00,par_15,2020-07-23,2020-07-23 05:56:31+00:00,2020-07-23 16:17:31+00:00,3.0,REM
1595511991000,75,46,2020-07-23 13:46:31+00:00,par_15,2020-07-23,2020-07-23 05:56:31+00:00,2020-07-23 16:17:31+00:00,3.0,REM
1595512291000,71,62,2020-07-23 13:51:31+00:00,par_15,2020-07-23,2020-07-23 05:56:31+00:00,2020-07-23 16:17:31+00:00,2.0,light
1595512591000,73,52,2020-07-23 13:56:31+00:00,par_15,2020-07-23,2020-07-23 05:56:31+00:00,2020-07-23 16:17:31+00:00,2.0,light
1595512891000,74,53,2020-07-23 14:01:31+00:00,par_15,2020-07-23,2020-07-23 05:56:31+00:00,2020-07-23 16:17:31+00:00,2.0,light
1595513191000,70,54,2020-07-23 14:06:31+00:00,par_15,2020-07-23,2020-07-23 05:56:31+00:00,2020-07-23 16:17:31+00:00,2.0,light
1595513491000,66,65,2020-07-23 14:11:31+00:00,par_15,2020-07-23,2020-07-23 05:56:31+00:00,2020-07-23 16:17:31+00:00,2.0,light
1595513791000,67,57,2020-07-23 14:16:31+00:00,par_15,2020-07-23,2020-07-23 05:56:31+00:00,2020-07-23 16:17:31+00:00,2.0,light
1595514091000,69,68,2020-07-23 14:21:31+00:00,par_15,2020-07-23,2020-07-23 05:56:31+00:00,2020-07-23 16:17:31+00:00,2.0,light
1595514391000,66,60,2020-07-23 14:26:31+00:00,par_15,2020-07-23,2020-07-23 05:56:31+00:00,2020-07-23 16:17:31+00:00,2.0,light
1595514691000,64,61,2020-07-23 14:31:31+00:00,par_15,2020-07-23,2020-07-23 05:56:31+00:00,2020-07-23 16:17:31+00:00,2.0,light
1595514991000,65,70,2020-07-23 14:36:31+00:00,par_15,2020-07-23,2020-07-23 05:56:31+00:00,2020-07-23 16:17:31+00:00,2.0,light
1595515291000,67,60,2020-07-23 14:41:31+00:00,par_15,2020-07-23,2020-07-23 05:56:31+00:00,2020-07-23 16:17:31+00:00,1.0,deep
1595515591000,67,60,2020-07-23 14:46:31+00:00,par_15,2020-07-23,2020-07-23 05:56:31+00:00,2020-07-23 16:17:31+00:00,1.0,deep
1595515891000,67,57,2020-07-23 14:51:31+00:00,par_15,2020-07-23,2020-07-23 05:56:31+00:00,2020-07-23 16:17:31+00:00,1.0,deep
1595516191000,68,51,2020-07-23 14:56:31+00:00,par_15,2020-07-23,2020-07-23 05:56:31+00:00,2020-07-23 16:17:31+00:00,1.0,deep
1595516491000,70,59,2020-07-23 15:01:31+00:00,par_15,2020-07-23,2020-07-23 05:56:31+00:00,2020-07-23 16:17:31+00:00,2.0,light
1595516791000,71,58,2020-07-23 15:06:31+00:00,par_15,2020-07-23,2020-07-23 05:56:31+00:00,2020-07-23 16:17:31+00:00,3.0,REM
1595517091000,78,32,2020-07-23 15:11:31+00:00,par_15,2020-07-23,2020-07-23 05:56:31+00:00,2020-07-23 16:17:31+00:00,3.0,REM
1595517391000,74,36,2020-07-23 15:16:31+00:00,par_15,2020-07-23,2020-07-23 05:56:31+00:00,2020-07-23 16:17:31+00:00,3.0,REM
1595517691000,72,55,2020-07-23 15:21:31+00:00,par_15,2020-07-23,2020-07-23 05:56:31+00:00,2020-07-23 16:17:31+00:00,3.0,REM
1595517991000,73,51,2020-07-23 15:26:31+00:00,par_15,2020-07-23,2020-07-23 05:56:31+00:00,2020-07-23 16:17:31+00:00,3.0,REM
1595518291000,72,46,2020-07-23 15:31:31+00:00,par_15,2020-07-23,2020-07-23 05:56:31+00:00,2020-07-23 16:17:31+00:00,3.0,REM
1595518591000,70,61,2020-07-23 15:36:31+00:00,par_15,2020-07-23,2020-07-23 05:56:31+00:00,2020-07-23 16:17:31+00:00,3.0,REM
1595518891000,70,62,2020-07-23 15:41:31+00:00,par_15,2020-07-23,2020-07-23 05:56:31+00:00,2020-07-23 16:17:31+00:00,2.0,light
1595519191000,68,57,2020-07-23 15:46:31+00:00,par_15,2020-07-23,2020-07-23 05:56:31+00:00,2020-07-23 16:17:31+00:00,2.0,light
1595519491000,68,66,2020-07-23 15:51:31+00:00,par_15,2020-07-23,2020-07-23 05:56:31+00:00,2020-07-23 16:17:31+00:00,2.0,light
1595519791000,69,56,2020-07-23 15:56:31+00:00,par_15,2020-07-23,2020-07-23 05:56:31+00:00,2020-07-23 16:17:31+00:00,2.0,light
1595520091000,69,50,2020-07-23 16:01:31+00:00,par_15,2020-07-23,2020-07-23 05:56:31+00:00,2020-07-23 16:17:31+00:00,2.0,light
1595520391000,71,60,2020-07-23 16:06:31+00:00,par_15,2020-07-23,2020-07-23 05:56:31+00:00,2020-07-23 16:17:31+00:00,4.0,awake
1595520691000,78,47,2020-07-23 16:11:31+00:00,par_15,2020-07-23,2020-07-23 05:56:31+00:00,2020-07-23 16:17:31+00:00,4.0,awake
1595520991000,75,50,2020-07-23 16:16:31+00:00,par_15,2020-07-23,2020-07-23 05:56:31+00:00,2020-07-23 16:17:31+00:00,4.0,awake
1595574459000,0,0,2020-07-24 07:07:39+00:00,par_15,2020-07-24,2020-07-24 07:07:39+00:00,2020-07-24 13:51:39+00:00,4.0,awake
1595574759000,0,0,2020-07-24 07:12:39+00:00,par_15,2020-07-24,2020-07-24 07:07:39+00:00,2020-07-24 13:51:39+00:00,4.0,awake
1595575059000,0,0,2020-07-24 07:17:39+00:00,par_15,2020-07-24,2020-07-24 07:07:39+00:00,2020-07-24 13:51:39+00:00,4.0,awake
1595575359000,82,37,2020-07-24 07:22:39+00:00,par_15,2020-07-24,2020-07-24 07:07:39+00:00,2020-07-24 13:51:39+00:00,2.0,light
1595575659000,78,48,2020-07-24 07:27:39+00:00,par_15,2020-07-24,2020-07-24 07:07:39+00:00,2020-07-24 13:51:39+00:00,2.0,light
1595575959000,76,47,2020-07-24 07:32:39+00:00,par_15,2020-07-24,2020-07-24 07:07:39+00:00,2020-07-24 13:51:39+00:00,2.0,light
1595576259000,75,40,2020-07-24 07:37:39+00:00,par_15,2020-07-24,2020-07-24 07:07:39+00:00,2020-07-24 13:51:39+00:00,1.0,deep
1595576559000,75,37,2020-07-24 07:42:39+00:00,par_15,2020-07-24,2020-07-24 07:07:39+00:00,2020-07-24 13:51:39+00:00,1.0,deep
1595576859000,74,42,2020-07-24 07:47:39+00:00,par_15,2020-07-24,2020-07-24 07:07:39+00:00,2020-07-24 13:51:39+00:00,1.0,deep
1595577159000,74,39,2020-07-24 07:52:39+00:00,par_15,2020-07-24,2020-07-24 07:07:39+00:00,2020-07-24 13:51:39+00:00,1.0,deep
1595577459000,75,38,2020-07-24 07:57:39+00:00,par_15,2020-07-24,2020-07-24 07:07:39+00:00,2020-07-24 13:51:39+00:00,1.0,deep
1595577759000,79,43,2020-07-24 08:02:39+00:00,par_15,2020-07-24,2020-07-24 07:07:39+00:00,2020-07-24 13:51:39+00:00,4.0,awake
1595578059000,77,46,2020-07-24 08:07:39+00:00,par_15,2020-07-24,2020-07-24 07:07:39+00:00,2020-07-24 13:51:39+00:00,2.0,light
1595578359000,78,38,2020-07-24 08:12:39+00:00,par_15,2020-07-24,2020-07-24 07:07:39+00:00,2020-07-24 13:51:39+00:00,2.0,light
1595578659000,84,24,2020-07-24 08:17:39+00:00,par_15,2020-07-24,2020-07-24 07:07:39+00:00,2020-07-24 13:51:39+00:00,3.0,REM
1595578959000,81,27,2020-07-24 08:22:39+00:00,par_15,2020-07-24,2020-07-24 07:07:39+00:00,2020-07-24 13:51:39+00:00,4.0,awake
1595579259000,76,32,2020-07-24 08:27:39+00:00,par_15,2020-07-24,2020-07-24 07:07:39+00:00,2020-07-24 13:51:39+00:00,2.0,light
1595579559000,74,36,2020-07-24 08:32:39+00:00,par_15,2020-07-24,2020-07-24 07:07:39+00:00,2020-07-24 13:51:39+00:00,1.0,deep
1595579859000,74,34,2020-07-24 08:37:39+00:00,par_15,2020-07-24,2020-07-24 07:07:39+00:00,2020-07-24 13:51:39+00:00,1.0,deep
1595580159000,74,34,2020-07-24 08:42:39+00:00,par_15,2020-07-24,2020-07-24 07:07:39+00:00,2020-07-24 13:51:39+00:00,1.0,deep
1595580459000,76,38,2020-07-24 08:47:39+00:00,par_15,2020-07-24,2020-07-24 07:07:39+00:00,2020-07-24 13:51:39+00:00,1.0,deep
1595580759000,73,53,2020-07-24 08:52:39+00:00,par_15,2020-07-24,2020-07-24 07:07:39+00:00,2020-07-24 13:51:39+00:00,1.0,deep
1595581059000,72,46,2020-07-24 08:57:39+00:00,par_15,2020-07-24,2020-07-24 07:07:39+00:00,2020-07-24 13:51:39+00:00,1.0,deep
1595581359000,73,52,2020-07-24 09:02:39+00:00,par_15,2020-07-24,2020-07-24 07:07:39+00:00,2020-07-24 13:51:39+00:00,1.0,deep
1595581659000,73,46,2020-07-24 09:07:39+00:00,par_15,2020-07-24,2020-07-24 07:07:39+00:00,2020-07-24 13:51:39+00:00,1.0,deep
1595581959000,74,38,2020-07-24 09:12:39+00:00,par_15,2020-07-24,2020-07-24 07:07:39+00:00,2020-07-24 13:51:39+00:00,1.0,deep
1595582259000,74,35,2020-07-24 09:17:39+00:00,par_15,2020-07-24,2020-07-24 07:07:39+00:00,2020-07-24 13:51:39+00:00,1.0,deep
1595582559000,79,31,2020-07-24 09:22:39+00:00,par_15,2020-07-24,2020-07-24 07:07:39+00:00,2020-07-24 13:51:39+00:00,4.0,awake
1595582859000,71,53,2020-07-24 09:27:39+00:00,par_15,2020-07-24,2020-07-24 07:07:39+00:00,2020-07-24 13:51:39+00:00,2.0,light
1595583159000,71,58,2020-07-24 09:32:39+00:00,par_15,2020-07-24,2020-07-24 07:07:39+00:00,2020-07-24 13:51:39+00:00,2.0,light
1595583459000,71,61,2020-07-24 09:37:39+00:00,par_15,2020-07-24,2020-07-24 07:07:39+00:00,2020-07-24 13:51:39+00:00,2.0,light
1595583759000,70,57,2020-07-24 09:42:39+00:00,par_15,2020-07-24,2020-07-24 07:07:39+00:00,2020-07-24 13:51:39+00:00,2.0,light
1595584059000,70,63,2020-07-24 09:47:39+00:00,par_15,2020-07-24,2020-07-24 07:07:39+00:00,2020-07-24 13:51:39+00:00,2.0,light
1595584359000,75,38,2020-07-24 09:52:39+00:00,par_15,2020-07-24,2020-07-24 07:07:39+00:00,2020-07-24 13:51:39+00:00,2.0,light
1595584659000,79,18,2020-07-24 09:57:39+00:00,par_15,2020-07-24,2020-07-24 07:07:39+00:00,2020-07-24 13:51:39+00:00,3.0,REM
1595584959000,74,40,2020-07-24 10:02:39+00:00,par_15,2020-07-24,2020-07-24 07:07:39+00:00,2020-07-24 13:51:39+00:00,2.0,light
1595585259000,75,33,2020-07-24 10:07:39+00:00,par_15,2020-07-24,2020-07-24 07:07:39+00:00,2020-07-24 13:51:39+00:00,2.0,light
1595585559000,74,52,2020-07-24 10:12:39+00:00,par_15,2020-07-24,2020-07-24 07:07:39+00:00,2020-07-24 13:51:39+00:00,2.0,light
1595585859000,76,41,2020-07-24 10:17:39+00:00,par_15,2020-07-24,2020-07-24 07:07:39+00:00,2020-07-24 13:51:39+00:00,2.0,light
1595586159000,69,80,2020-07-24 10:22:39+00:00,par_15,2020-07-24,2020-07-24 07:07:39+00:00,2020-07-24 13:51:39+00:00,2.0,light
1595586459000,66,75,2020-07-24 10:27:39+00:00,par_15,2020-07-24,2020-07-24 07:07:39+00:00,2020-07-24 13:51:39+00:00,2.0,light
1595586759000,69,66,2020-07-24 10:32:39+00:00,par_15,2020-07-24,2020-07-24 07:07:39+00:00,2020-07-24 13:51:39+00:00,2.0,light
1595587059000,67,68,2020-07-24 10:37:39+00:00,par_15,2020-07-24,2020-07-24 07:07:39+00:00,2020-07-24 13:51:39+00:00,2.0,light
1595587359000,68,62,2020-07-24 10:42:39+00:00,par_15,2020-07-24,2020-07-24 07:07:39+00:00,2020-07-24 13:51:39+00:00,1.0,deep
1595587659000,67,65,2020-07-24 10:47:39+00:00,par_15,2020-07-24,2020-07-24 07:07:39+00:00,2020-07-24 13:51:39+00:00,1.0,deep
1595587959000,66,70,2020-07-24 10:52:39+00:00,par_15,2020-07-24,2020-07-24 07:07:39+00:00,2020-07-24 13:51:39+00:00,1.0,deep
1595588259000,69,58,2020-07-24 10:57:39+00:00,par_15,2020-07-24,2020-07-24 07:07:39+00:00,2020-07-24 13:51:39+00:00,1.0,deep
1595588559000,67,74,2020-07-24 11:02:39+00:00,par_15,2020-07-24,2020-07-24 07:07:39+00:00,2020-07-24 13:51:39+00:00,2.0,light
1595588859000,64,86,2020-07-24 11:07:39+00:00,par_15,2020-07-24,2020-07-24 07:07:39+00:00,2020-07-24 13:51:39+00:00,2.0,light
1595589159000,64,79,2020-07-24 11:12:39+00:00,par_15,2020-07-24,2020-07-24 07:07:39+00:00,2020-07-24 13:51:39+00:00,2.0,light
1595589459000,64,83,2020-07-24 11:17:39+00:00,par_15,2020-07-24,2020-07-24 07:07:39+00:00,2020-07-24 13:51:39+00:00,2.0,light
1595589759000,64,81,2020-07-24 11:22:39+00:00,par_15,2020-07-24,2020-07-24 07:07:39+00:00,2020-07-24 13:51:39+00:00,1.0,deep
1595590059000,70,65,2020-07-24 11:27:39+00:00,par_15,2020-07-24,2020-07-24 07:07:39+00:00,2020-07-24 13:51:39+00:00,2.0,light
1595590359000,71,53,2020-07-24 11:32:39+00:00,par_15,2020-07-24,2020-07-24 07:07:39+00:00,2020-07-24 13:51:39+00:00,3.0,REM
1595590659000,77,23,2020-07-24 11:37:39+00:00,par_15,2020-07-24,2020-07-24 07:07:39+00:00,2020-07-24 13:51:39+00:00,3.0,REM
1595590959000,76,32,2020-07-24 11:42:39+00:00,par_15,2020-07-24,2020-07-24 07:07:39+00:00,2020-07-24 13:51:39+00:00,3.0,REM
1595591259000,73,44,2020-07-24 11:47:39+00:00,par_15,2020-07-24,2020-07-24 07:07:39+00:00,2020-07-24 13:51:39+00:00,3.0,REM
1595591559000,82,20,2020-07-24 11:52:39+00:00,par_15,2020-07-24,2020-07-24 07:07:39+00:00,2020-07-24 13:51:39+00:00,3.0,REM
1595591859000,76,46,2020-07-24 11:57:39+00:00,par_15,2020-07-24,2020-07-24 07:07:39+00:00,2020-07-24 13:51:39+00:00,2.0,light
1595592159000,69,66,2020-07-24 12:02:39+00:00,par_15,2020-07-24,2020-07-24 07:07:39+00:00,2020-07-24 13:51:39+00:00,2.0,light
1595592459000,70,60,2020-07-24 12:07:39+00:00,par_15,2020-07-24,2020-07-24 07:07:39+00:00,2020-07-24 13:51:39+00:00,2.0,light
1595592759000,70,58,2020-07-24 12:12:39+00:00,par_15,2020-07-24,2020-07-24 07:07:39+00:00,2020-07-24 13:51:39+00:00,2.0,light
1595593059000,69,59,2020-07-24 12:17:39+00:00,par_15,2020-07-24,2020-07-24 07:07:39+00:00,2020-07-24 13:51:39+00:00,2.0,light
1595593359000,68,56,2020-07-24 12:22:39+00:00,par_15,2020-07-24,2020-07-24 07:07:39+00:00,2020-07-24 13:51:39+00:00,2.0,light
1595593659000,68,65,2020-07-24 12:27:39+00:00,par_15,2020-07-24,2020-07-24 07:07:39+00:00,2020-07-24 13:51:39+00:00,2.0,light
1595593959000,67,59,2020-07-24 12:32:39+00:00,par_15,2020-07-24,2020-07-24 07:07:39+00:00,2020-07-24 13:51:39+00:00,2.0,light
1595594259000,73,49,2020-07-24 12:37:39+00:00,par_15,2020-07-24,2020-07-24 07:07:39+00:00,2020-07-24 13:51:39+00:00,2.0,light
1595594559000,67,47,2020-07-24 12:42:39+00:00,par_15,2020-07-24,2020-07-24 07:07:39+00:00,2020-07-24 13:51:39+00:00,2.0,light
1595594859000,67,46,2020-07-24 12:47:39+00:00,par_15,2020-07-24,2020-07-24 07:07:39+00:00,2020-07-24 13:51:39+00:00,2.0,light
1595595159000,68,50,2020-07-24 12:52:39+00:00,par_15,2020-07-24,2020-07-24 07:07:39+00:00,2020-07-24 13:51:39+00:00,1.0,deep
1595595459000,68,45,2020-07-24 12:57:39+00:00,par_15,2020-07-24,2020-07-24 07:07:39+00:00,2020-07-24 13:51:39+00:00,1.0,deep
1595595759000,69,40,2020-07-24 13:02:39+00:00,par_15,2020-07-24,2020-07-24 07:07:39+00:00,2020-07-24 13:51:39+00:00,1.0,deep
1595596059000,70,53,2020-07-24 13:07:39+00:00,par_15,2020-07-24,2020-07-24 07:07:39+00:00,2020-07-24 13:51:39+00:00,2.0,light
1595596359000,66,72,2020-07-24 13:12:39+00:00,par_15,2020-07-24,2020-07-24 07:07:39+00:00,2020-07-24 13:51:39+00:00,2.0,light
1595596659000,66,66,2020-07-24 13:17:39+00:00,par_15,2020-07-24,2020-07-24 07:07:39+00:00,2020-07-24 13:51:39+00:00,2.0,light
1595596959000,69,66,2020-07-24 13:22:39+00:00,par_15,2020-07-24,2020-07-24 07:07:39+00:00,2020-07-24 13:51:39+00:00,2.0,light
1595597259000,70,65,2020-07-24 13:27:39+00:00,par_15,2020-07-24,2020-07-24 07:07:39+00:00,2020-07-24 13:51:39+00:00,2.0,light
1595597559000,71,68,2020-07-24 13:32:39+00:00,par_15,2020-07-24,2020-07-24 07:07:39+00:00,2020-07-24 13:51:39+00:00,2.0,light
1595597859000,72,50,2020-07-24 13:37:39+00:00,par_15,2020-07-24,2020-07-24 07:07:39+00:00,2020-07-24 13:51:39+00:00,3.0,REM
1595598159000,75,51,2020-07-24 13:42:39+00:00,par_15,2020-07-24,2020-07-24 07:07:39+00:00,2020-07-24 13:51:39+00:00,4.0,awake
1595598459000,77,42,2020-07-24 13:47:39+00:00,par_15,2020-07-24,2020-07-24 07:07:39+00:00,2020-07-24 13:51:39+00:00,4.0,awake
1595656561000,0,0,2020-07-25 05:56:01+00:00,par_15,2020-07-25,2020-07-25 05:56:01+00:00,2020-07-25 17:07:01+00:00,4.0,awake
1595656861000,0,0,2020-07-25 06:01:01+00:00,par_15,2020-07-25,2020-07-25 05:56:01+00:00,2020-07-25 17:07:01+00:00,4.0,awake
1595657161000,0,0,2020-07-25 06:06:01+00:00,par_15,2020-07-25,2020-07-25 05:56:01+00:00,2020-07-25 17:07:01+00:00,4.0,awake
1595657461000,77,40,2020-07-25 06:11:01+00:00,par_15,2020-07-25,2020-07-25 05:56:01+00:00,2020-07-25 17:07:01+00:00,4.0,awake
1595657761000,75,51,2020-07-25 06:16:01+00:00,par_15,2020-07-25,2020-07-25 05:56:01+00:00,2020-07-25 17:07:01+00:00,1.0,deep
1595658061000,75,52,2020-07-25 06:21:01+00:00,par_15,2020-07-25,2020-07-25 05:56:01+00:00,2020-07-25 17:07:01+00:00,1.0,deep
1595658361000,77,42,2020-07-25 06:26:01+00:00,par_15,2020-07-25,2020-07-25 05:56:01+00:00,2020-07-25 17:07:01+00:00,1.0,deep
1595658661000,78,35,2020-07-25 06:31:01+00:00,par_15,2020-07-25,2020-07-25 05:56:01+00:00,2020-07-25 17:07:01+00:00,1.0,deep
1595658961000,79,34,2020-07-25 06:36:01+00:00,par_15,2020-07-25,2020-07-25 05:56:01+00:00,2020-07-25 17:07:01+00:00,1.0,deep
1595659261000,80,31,2020-07-25 06:41:01+00:00,par_15,2020-07-25,2020-07-25 05:56:01+00:00,2020-07-25 17:07:01+00:00,1.0,deep
1595659561000,79,33,2020-07-25 06:46:01+00:00,par_15,2020-07-25,2020-07-25 05:56:01+00:00,2020-07-25 17:07:01+00:00,1.0,deep
1595659861000,81,28,2020-07-25 06:51:01+00:00,par_15,2020-07-25,2020-07-25 05:56:01+00:00,2020-07-25 17:07:01+00:00,1.0,deep
1595660161000,79,45,2020-07-25 06:56:01+00:00,par_15,2020-07-25,2020-07-25 05:56:01+00:00,2020-07-25 17:07:01+00:00,2.0,light
1595660461000,83,32,2020-07-25 07:01:01+00:00,par_15,2020-07-25,2020-07-25 05:56:01+00:00,2020-07-25 17:07:01+00:00,2.0,light
1595660761000,79,44,2020-07-25 07:06:01+00:00,par_15,2020-07-25,2020-07-25 05:56:01+00:00,2020-07-25 17:07:01+00:00,2.0,light
1595661061000,79,34,2020-07-25 07:11:01+00:00,par_15,2020-07-25,2020-07-25 05:56:01+00:00,2020-07-25 17:07:01+00:00,2.0,light
1595661361000,78,40,2020-07-25 07:16:01+00:00,par_15,2020-07-25,2020-07-25 05:56:01+00:00,2020-07-25 17:07:01+00:00,2.0,light
1595661661000,82,29,2020-07-25 07:21:01+00:00,par_15,2020-07-25,2020-07-25 05:56:01+00:00,2020-07-25 17:07:01+00:00,4.0,awake
1595661961000,80,31,2020-07-25 07:26:01+00:00,par_15,2020-07-25,2020-07-25 05:56:01+00:00,2020-07-25 17:07:01+00:00,2.0,light
1595662261000,77,34,2020-07-25 07:31:01+00:00,par_15,2020-07-25,2020-07-25 05:56:01+00:00,2020-07-25 17:07:01+00:00,1.0,deep
1595662561000,78,36,2020-07-25 07:36:01+00:00,par_15,2020-07-25,2020-07-25 05:56:01+00:00,2020-07-25 17:07:01+00:00,1.0,deep
1595662861000,75,45,2020-07-25 07:41:01+00:00,par_15,2020-07-25,2020-07-25 05:56:01+00:00,2020-07-25 17:07:01+00:00,1.0,deep
1595663161000,70,58,2020-07-25 07:46:01+00:00,par_15,2020-07-25,2020-07-25 05:56:01+00:00,2020-07-25 17:07:01+00:00,2.0,light
1595663461000,71,55,2020-07-25 07:51:01+00:00,par_15,2020-07-25,2020-07-25 05:56:01+00:00,2020-07-25 17:07:01+00:00,1.0,deep
1595663761000,71,55,2020-07-25 07:56:01+00:00,par_15,2020-07-25,2020-07-25 05:56:01+00:00,2020-07-25 17:07:01+00:00,1.0,deep
1595664061000,71,51,2020-07-25 08:01:01+00:00,par_15,2020-07-25,2020-07-25 05:56:01+00:00,2020-07-25 17:07:01+00:00,1.0,deep
1595664361000,72,46,2020-07-25 08:06:01+00:00,par_15,2020-07-25,2020-07-25 05:56:01+00:00,2020-07-25 17:07:01+00:00,1.0,deep
1595664661000,71,51,2020-07-25 08:11:01+00:00,par_15,2020-07-25,2020-07-25 05:56:01+00:00,2020-07-25 17:07:01+00:00,1.0,deep
1595664961000,71,51,2020-07-25 08:16:01+00:00,par_15,2020-07-25,2020-07-25 05:56:01+00:00,2020-07-25 17:07:01+00:00,1.0,deep
1595665261000,72,59,2020-07-25 08:21:01+00:00,par_15,2020-07-25,2020-07-25 05:56:01+00:00,2020-07-25 17:07:01+00:00,1.0,deep
1595665561000,77,31,2020-07-25 08:26:01+00:00,par_15,2020-07-25,2020-07-25 05:56:01+00:00,2020-07-25 17:07:01+00:00,2.0,light
1595665861000,84,17,2020-07-25 08:31:01+00:00,par_15,2020-07-25,2020-07-25 05:56:01+00:00,2020-07-25 17:07:01+00:00,3.0,REM
1595666161000,81,30,2020-07-25 08:36:01+00:00,par_15,2020-07-25,2020-07-25 05:56:01+00:00,2020-07-25 17:07:01+00:00,3.0,REM
1595666461000,80,34,2020-07-25 08:41:01+00:00,par_15,2020-07-25,2020-07-25 05:56:01+00:00,2020-07-25 17:07:01+00:00,2.0,light
1595666761000,72,51,2020-07-25 08:46:01+00:00,par_15,2020-07-25,2020-07-25 05:56:01+00:00,2020-07-25 17:07:01+00:00,2.0,light
1595667061000,70,58,2020-07-25 08:51:01+00:00,par_15,2020-07-25,2020-07-25 05:56:01+00:00,2020-07-25 17:07:01+00:00,2.0,light
1595667361000,73,51,2020-07-25 08:56:01+00:00,par_15,2020-07-25,2020-07-25 05:56:01+00:00,2020-07-25 17:07:01+00:00,2.0,light
1595667661000,71,55,2020-07-25 09:01:01+00:00,par_15,2020-07-25,2020-07-25 05:56:01+00:00,2020-07-25 17:07:01+00:00,2.0,light
1595667961000,71,50,2020-07-25 09:06:01+00:00,par_15,2020-07-25,2020-07-25 05:56:01+00:00,2020-07-25 17:07:01+00:00,2.0,light
1595668261000,71,53,2020-07-25 09:11:01+00:00,par_15,2020-07-25,2020-07-25 05:56:01+00:00,2020-07-25 17:07:01+00:00,2.0,light
1595668561000,72,44,2020-07-25 09:16:01+00:00,par_15,2020-07-25,2020-07-25 05:56:01+00:00,2020-07-25 17:07:01+00:00,1.0,deep
1595668861000,72,42,2020-07-25 09:21:01+00:00,par_15,2020-07-25,2020-07-25 05:56:01+00:00,2020-07-25 17:07:01+00:00,1.0,deep
1595669161000,73,42,2020-07-25 09:26:01+00:00,par_15,2020-07-25,2020-07-25 05:56:01+00:00,2020-07-25 17:07:01+00:00,1.0,deep
1595669461000,0,0,2020-07-25 09:31:01+00:00,par_15,2020-07-25,2020-07-25 05:56:01+00:00,2020-07-25 17:07:01+00:00,4.0,awake
1595669761000,70,59,2020-07-25 09:36:01+00:00,par_15,2020-07-25,2020-07-25 05:56:01+00:00,2020-07-25 17:07:01+00:00,4.0,awake
1595670061000,68,65,2020-07-25 09:41:01+00:00,par_15,2020-07-25,2020-07-25 05:56:01+00:00,2020-07-25 17:07:01+00:00,2.0,light
1595670361000,73,52,2020-07-25 09:46:01+00:00,par_15,2020-07-25,2020-07-25 05:56:01+00:00,2020-07-25 17:07:01+00:00,2.0,light
1595670661000,69,56,2020-07-25 09:51:01+00:00,par_15,2020-07-25,2020-07-25 05:56:01+00:00,2020-07-25 17:07:01+00:00,2.0,light
1595670961000,73,45,2020-07-25 09:56:01+00:00,par_15,2020-07-25,2020-07-25 05:56:01+00:00,2020-07-25 17:07:01+00:00,2.0,light
1595671261000,73,41,2020-07-25 10:01:01+00:00,par_15,2020-07-25,2020-07-25 05:56:01+00:00,2020-07-25 17:07:01+00:00,2.0,light
1595671561000,67,59,2020-07-25 10:06:01+00:00,par_15,2020-07-25,2020-07-25 05:56:01+00:00,2020-07-25 17:07:01+00:00,2.0,light
1595671861000,71,49,2020-07-25 10:11:01+00:00,par_15,2020-07-25,2020-07-25 05:56:01+00:00,2020-07-25 17:07:01+00:00,2.0,light
1595672161000,73,62,2020-07-25 10:16:01+00:00,par_15,2020-07-25,2020-07-25 05:56:01+00:00,2020-07-25 17:07:01+00:00,2.0,light
1595672461000,69,58,2020-07-25 10:21:01+00:00,par_15,2020-07-25,2020-07-25 05:56:01+00:00,2020-07-25 17:07:01+00:00,2.0,light
1595672761000,75,38,2020-07-25 10:26:01+00:00,par_15,2020-07-25,2020-07-25 05:56:01+00:00,2020-07-25 17:07:01+00:00,3.0,REM
1595673061000,82,16,2020-07-25 10:31:01+00:00,par_15,2020-07-25,2020-07-25 05:56:01+00:00,2020-07-25 17:07:01+00:00,3.0,REM
1595673361000,79,29,2020-07-25 10:36:01+00:00,par_15,2020-07-25,2020-07-25 05:56:01+00:00,2020-07-25 17:07:01+00:00,3.0,REM
1595673661000,74,40,2020-07-25 10:41:01+00:00,par_15,2020-07-25,2020-07-25 05:56:01+00:00,2020-07-25 17:07:01+00:00,2.0,light
1595673961000,73,52,2020-07-25 10:46:01+00:00,par_15,2020-07-25,2020-07-25 05:56:01+00:00,2020-07-25 17:07:01+00:00,2.0,light
1595674261000,70,56,2020-07-25 10:51:01+00:00,par_15,2020-07-25,2020-07-25 05:56:01+00:00,2020-07-25 17:07:01+00:00,2.0,light
1595674561000,69,59,2020-07-25 10:56:01+00:00,par_15,2020-07-25,2020-07-25 05:56:01+00:00,2020-07-25 17:07:01+00:00,2.0,light
1595674861000,69,54,2020-07-25 11:01:01+00:00,par_15,2020-07-25,2020-07-25 05:56:01+00:00,2020-07-25 17:07:01+00:00,2.0,light
1595675161000,70,48,2020-07-25 11:06:01+00:00,par_15,2020-07-25,2020-07-25 05:56:01+00:00,2020-07-25 17:07:01+00:00,2.0,light
1595675461000,70,55,2020-07-25 11:11:01+00:00,par_15,2020-07-25,2020-07-25 05:56:01+00:00,2020-07-25 17:07:01+00:00,1.0,deep
1595675761000,71,53,2020-07-25 11:16:01+00:00,par_15,2020-07-25,2020-07-25 05:56:01+00:00,2020-07-25 17:07:01+00:00,1.0,deep
1595676061000,66,53,2020-07-25 11:21:01+00:00,par_15,2020-07-25,2020-07-25 05:56:01+00:00,2020-07-25 17:07:01+00:00,2.0,light
1595676361000,67,55,2020-07-25 11:26:01+00:00,par_15,2020-07-25,2020-07-25 05:56:01+00:00,2020-07-25 17:07:01+00:00,2.0,light
1595676661000,68,49,2020-07-25 11:31:01+00:00,par_15,2020-07-25,2020-07-25 05:56:01+00:00,2020-07-25 17:07:01+00:00,2.0,light
1595676961000,69,64,2020-07-25 11:36:01+00:00,par_15,2020-07-25,2020-07-25 05:56:01+00:00,2020-07-25 17:07:01+00:00,2.0,light
1595677261000,72,52,2020-07-25 11:41:01+00:00,par_15,2020-07-25,2020-07-25 05:56:01+00:00,2020-07-25 17:07:01+00:00,2.0,light
1595677561000,79,33,2020-07-25 11:46:01+00:00,par_15,2020-07-25,2020-07-25 05:56:01+00:00,2020-07-25 17:07:01+00:00,3.0,REM
1595677861000,77,34,2020-07-25 11:51:01+00:00,par_15,2020-07-25,2020-07-25 05:56:01+00:00,2020-07-25 17:07:01+00:00,3.0,REM
1595678161000,81,17,2020-07-25 11:56:01+00:00,par_15,2020-07-25,2020-07-25 05:56:01+00:00,2020-07-25 17:07:01+00:00,3.0,REM
1595678461000,77,36,2020-07-25 12:01:01+00:00,par_15,2020-07-25,2020-07-25 05:56:01+00:00,2020-07-25 17:07:01+00:00,3.0,REM
1595678761000,74,41,2020-07-25 12:06:01+00:00,par_15,2020-07-25,2020-07-25 05:56:01+00:00,2020-07-25 17:07:01+00:00,2.0,light
1595679061000,75,43,2020-07-25 12:11:01+00:00,par_15,2020-07-25,2020-07-25 05:56:01+00:00,2020-07-25 17:07:01+00:00,2.0,light
1595679361000,71,44,2020-07-25 12:16:01+00:00,par_15,2020-07-25,2020-07-25 05:56:01+00:00,2020-07-25 17:07:01+00:00,2.0,light
1595679661000,69,57,2020-07-25 12:21:01+00:00,par_15,2020-07-25,2020-07-25 05:56:01+00:00,2020-07-25 17:07:01+00:00,2.0,light
1595679961000,68,57,2020-07-25 12:26:01+00:00,par_15,2020-07-25,2020-07-25 05:56:01+00:00,2020-07-25 17:07:01+00:00,2.0,light
1595680261000,70,51,2020-07-25 12:31:01+00:00,par_15,2020-07-25,2020-07-25 05:56:01+00:00,2020-07-25 17:07:01+00:00,2.0,light
1595680561000,69,52,2020-07-25 12:36:01+00:00,par_15,2020-07-25,2020-07-25 05:56:01+00:00,2020-07-25 17:07:01+00:00,2.0,light
1595680861000,66,60,2020-07-25 12:41:01+00:00,par_15,2020-07-25,2020-07-25 05:56:01+00:00,2020-07-25 17:07:01+00:00,2.0,light
1595681161000,67,58,2020-07-25 12:46:01+00:00,par_15,2020-07-25,2020-07-25 05:56:01+00:00,2020-07-25 17:07:01+00:00,2.0,light
1595681461000,67,51,2020-07-25 12:51:01+00:00,par_15,2020-07-25,2020-07-25 05:56:01+00:00,2020-07-25 17:07:01+00:00,2.0,light
1595681761000,0,0,2020-07-25 12:56:01+00:00,par_15,2020-07-25,2020-07-25 05:56:01+00:00,2020-07-25 17:07:01+00:00,3.0,REM
1595682061000,0,0,2020-07-25 13:01:01+00:00,par_15,2020-07-25,2020-07-25 05:56:01+00:00,2020-07-25 17:07:01+00:00,3.0,REM
1595682361000,0,0,2020-07-25 13:06:01+00:00,par_15,2020-07-25,2020-07-25 05:56:01+00:00,2020-07-25 17:07:01+00:00,3.0,REM
1595682661000,0,0,2020-07-25 13:11:01+00:00,par_15,2020-07-25,2020-07-25 05:56:01+00:00,2020-07-25 17:07:01+00:00,3.0,REM
1595682961000,71,66,2020-07-25 13:16:01+00:00,par_15,2020-07-25,2020-07-25 05:56:01+00:00,2020-07-25 17:07:01+00:00,2.0,light
1595683261000,69,64,2020-07-25 13:21:01+00:00,par_15,2020-07-25,2020-07-25 05:56:01+00:00,2020-07-25 17:07:01+00:00,2.0,light
1595683561000,74,39,2020-07-25 13:26:01+00:00,par_15,2020-07-25,2020-07-25 05:56:01+00:00,2020-07-25 17:07:01+00:00,2.0,light
1595683861000,77,26,2020-07-25 13:31:01+00:00,par_15,2020-07-25,2020-07-25 05:56:01+00:00,2020-07-25 17:07:01+00:00,3.0,REM
1595684161000,75,39,2020-07-25 13:36:01+00:00,par_15,2020-07-25,2020-07-25 05:56:01+00:00,2020-07-25 17:07:01+00:00,3.0,REM
1595684461000,74,50,2020-07-25 13:41:01+00:00,par_15,2020-07-25,2020-07-25 05:56:01+00:00,2020-07-25 17:07:01+00:00,2.0,light
1595684761000,75,47,2020-07-25 13:46:01+00:00,par_15,2020-07-25,2020-07-25 05:56:01+00:00,2020-07-25 17:07:01+00:00,2.0,light
1595685061000,74,61,2020-07-25 13:51:01+00:00,par_15,2020-07-25,2020-07-25 05:56:01+00:00,2020-07-25 17:07:01+00:00,2.0,light
1595685361000,71,49,2020-07-25 13:56:01+00:00,par_15,2020-07-25,2020-07-25 05:56:01+00:00,2020-07-25 17:07:01+00:00,2.0,light
1595685661000,69,54,2020-07-25 14:01:01+00:00,par_15,2020-07-25,2020-07-25 05:56:01+00:00,2020-07-25 17:07:01+00:00,2.0,light
1595685961000,72,54,2020-07-25 14:06:01+00:00,par_15,2020-07-25,2020-07-25 05:56:01+00:00,2020-07-25 17:07:01+00:00,2.0,light
1595686261000,69,61,2020-07-25 14:11:01+00:00,par_15,2020-07-25,2020-07-25 05:56:01+00:00,2020-07-25 17:07:01+00:00,3.0,REM
1595686561000,70,61,2020-07-25 14:16:01+00:00,par_15,2020-07-25,2020-07-25 05:56:01+00:00,2020-07-25 17:07:01+00:00,2.0,light
1595686861000,67,58,2020-07-25 14:21:01+00:00,par_15,2020-07-25,2020-07-25 05:56:01+00:00,2020-07-25 17:07:01+00:00,2.0,light
1595687161000,74,48,2020-07-25 14:26:01+00:00,par_15,2020-07-25,2020-07-25 05:56:01+00:00,2020-07-25 17:07:01+00:00,2.0,light
1595687461000,72,45,2020-07-25 14:31:01+00:00,par_15,2020-07-25,2020-07-25 05:56:01+00:00,2020-07-25 17:07:01+00:00,2.0,light
1595687761000,72,65,2020-07-25 14:36:01+00:00,par_15,2020-07-25,2020-07-25 05:56:01+00:00,2020-07-25 17:07:01+00:00,2.0,light
1595688061000,73,50,2020-07-25 14:41:01+00:00,par_15,2020-07-25,2020-07-25 05:56:01+00:00,2020-07-25 17:07:01+00:00,3.0,REM
1595688361000,74,45,2020-07-25 14:46:01+00:00,par_15,2020-07-25,2020-07-25 05:56:01+00:00,2020-07-25 17:07:01+00:00,3.0,REM
1595688661000,74,52,2020-07-25 14:51:01+00:00,par_15,2020-07-25,2020-07-25 05:56:01+00:00,2020-07-25 17:07:01+00:00,3.0,REM
1595688961000,71,57,2020-07-25 14:56:01+00:00,par_15,2020-07-25,2020-07-25 05:56:01+00:00,2020-07-25 17:07:01+00:00,3.0,REM
1595689261000,71,59,2020-07-25 15:01:01+00:00,par_15,2020-07-25,2020-07-25 05:56:01+00:00,2020-07-25 17:07:01+00:00,2.0,light
1595689561000,70,45,2020-07-25 15:06:01+00:00,par_15,2020-07-25,2020-07-25 05:56:01+00:00,2020-07-25 17:07:01+00:00,2.0,light
1595689861000,69,36,2020-07-25 15:11:01+00:00,par_15,2020-07-25,2020-07-25 05:56:01+00:00,2020-07-25 17:07:01+00:00,2.0,light
1595690161000,70,39,2020-07-25 15:16:01+00:00,par_15,2020-07-25,2020-07-25 05:56:01+00:00,2020-07-25 17:07:01+00:00,2.0,light
1595690461000,68,50,2020-07-25 15:21:01+00:00,par_15,2020-07-25,2020-07-25 05:56:01+00:00,2020-07-25 17:07:01+00:00,2.0,light
1595690761000,68,53,2020-07-25 15:26:01+00:00,par_15,2020-07-25,2020-07-25 05:56:01+00:00,2020-07-25 17:07:01+00:00,1.0,deep
1595691061000,72,48,2020-07-25 15:31:01+00:00,par_15,2020-07-25,2020-07-25 05:56:01+00:00,2020-07-25 17:07:01+00:00,1.0,deep
1595691361000,69,56,2020-07-25 15:36:01+00:00,par_15,2020-07-25,2020-07-25 05:56:01+00:00,2020-07-25 17:07:01+00:00,2.0,light
1595691661000,80,34,2020-07-25 15:41:01+00:00,par_15,2020-07-25,2020-07-25 05:56:01+00:00,2020-07-25 17:07:01+00:00,3.0,REM
1595691961000,82,33,2020-07-25 15:46:01+00:00,par_15,2020-07-25,2020-07-25 05:56:01+00:00,2020-07-25 17:07:01+00:00,3.0,REM
1595692261000,0,0,2020-07-25 15:51:01+00:00,par_15,2020-07-25,2020-07-25 05:56:01+00:00,2020-07-25 17:07:01+00:00,3.0,REM
1595692561000,77,36,2020-07-25 15:56:01+00:00,par_15,2020-07-25,2020-07-25 05:56:01+00:00,2020-07-25 17:07:01+00:00,2.0,light
1595692861000,69,73,2020-07-25 16:01:01+00:00,par_15,2020-07-25,2020-07-25 05:56:01+00:00,2020-07-25 17:07:01+00:00,2.0,light
1595693161000,69,60,2020-07-25 16:06:01+00:00,par_15,2020-07-25,2020-07-25 05:56:01+00:00,2020-07-25 17:07:01+00:00,2.0,light
1595693461000,70,62,2020-07-25 16:11:01+00:00,par_15,2020-07-25,2020-07-25 05:56:01+00:00,2020-07-25 17:07:01+00:00,3.0,REM
1595693761000,0,0,2020-07-25 16:16:01+00:00,par_15,2020-07-25,2020-07-25 05:56:01+00:00,2020-07-25 17:07:01+00:00,3.0,REM
1595694061000,77,26,2020-07-25 16:21:01+00:00,par_15,2020-07-25,2020-07-25 05:56:01+00:00,2020-07-25 17:07:01+00:00,3.0,REM
1595694361000,73,47,2020-07-25 16:26:01+00:00,par_15,2020-07-25,2020-07-25 05:56:01+00:00,2020-07-25 17:07:01+00:00,3.0,REM
1595694661000,73,52,2020-07-25 16:31:01+00:00,par_15,2020-07-25,2020-07-25 05:56:01+00:00,2020-07-25 17:07:01+00:00,3.0,REM
1595694961000,68,76,2020-07-25 16:36:01+00:00,par_15,2020-07-25,2020-07-25 05:56:01+00:00,2020-07-25 17:07:01+00:00,3.0,REM
1595695261000,0,0,2020-07-25 16:41:01+00:00,par_15,2020-07-25,2020-07-25 05:56:01+00:00,2020-07-25 17:07:01+00:00,4.0,awake
1595695561000,0,0,2020-07-25 16:46:01+00:00,par_15,2020-07-25,2020-07-25 05:56:01+00:00,2020-07-25 17:07:01+00:00,4.0,awake
1595695861000,0,0,2020-07-25 16:51:01+00:00,par_15,2020-07-25,2020-07-25 05:56:01+00:00,2020-07-25 17:07:01+00:00,4.0,awake
1595696161000,0,0,2020-07-25 16:56:01+00:00,par_15,2020-07-25,2020-07-25 05:56:01+00:00,2020-07-25 17:07:01+00:00,4.0,awake
1595696461000,0,0,2020-07-25 17:01:01+00:00,par_15,2020-07-25,2020-07-25 05:56:01+00:00,2020-07-25 17:07:01+00:00,4.0,awake
1595696761000,0,0,2020-07-25 17:06:01+00:00,par_15,2020-07-25,2020-07-25 05:56:01+00:00,2020-07-25 17:07:01+00:00,4.0,awake
1595747099000,88,18,2020-07-26 07:04:59+00:00,par_15,2020-07-26,2020-07-26 07:04:59+00:00,2020-07-26 13:27:59+00:00,4.0,awake
1595747399000,89,14,2020-07-26 07:09:59+00:00,par_15,2020-07-26,2020-07-26 07:04:59+00:00,2020-07-26 13:27:59+00:00,4.0,awake
1595747699000,86,25,2020-07-26 07:14:59+00:00,par_15,2020-07-26,2020-07-26 07:04:59+00:00,2020-07-26 13:27:59+00:00,4.0,awake
1595747999000,88,15,2020-07-26 07:19:59+00:00,par_15,2020-07-26,2020-07-26 07:04:59+00:00,2020-07-26 13:27:59+00:00,4.0,awake
1595748299000,83,24,2020-07-26 07:24:59+00:00,par_15,2020-07-26,2020-07-26 07:04:59+00:00,2020-07-26 13:27:59+00:00,4.0,awake
1595748599000,79,33,2020-07-26 07:29:59+00:00,par_15,2020-07-26,2020-07-26 07:04:59+00:00,2020-07-26 13:27:59+00:00,2.0,light
1595748899000,79,35,2020-07-26 07:34:59+00:00,par_15,2020-07-26,2020-07-26 07:04:59+00:00,2020-07-26 13:27:59+00:00,2.0,light
1595749199000,78,29,2020-07-26 07:39:59+00:00,par_15,2020-07-26,2020-07-26 07:04:59+00:00,2020-07-26 13:27:59+00:00,2.0,light
1595749499000,79,29,2020-07-26 07:44:59+00:00,par_15,2020-07-26,2020-07-26 07:04:59+00:00,2020-07-26 13:27:59+00:00,2.0,light
1595749799000,80,32,2020-07-26 07:49:59+00:00,par_15,2020-07-26,2020-07-26 07:04:59+00:00,2020-07-26 13:27:59+00:00,1.0,deep
1595750099000,80,29,2020-07-26 07:54:59+00:00,par_15,2020-07-26,2020-07-26 07:04:59+00:00,2020-07-26 13:27:59+00:00,1.0,deep
1595750399000,80,32,2020-07-26 07:59:59+00:00,par_15,2020-07-26,2020-07-26 07:04:59+00:00,2020-07-26 13:27:59+00:00,1.0,deep
1595750699000,80,29,2020-07-26 08:04:59+00:00,par_15,2020-07-26,2020-07-26 07:04:59+00:00,2020-07-26 13:27:59+00:00,2.0,light
1595750999000,79,35,2020-07-26 08:09:59+00:00,par_15,2020-07-26,2020-07-26 07:04:59+00:00,2020-07-26 13:27:59+00:00,2.0,light
1595751299000,80,37,2020-07-26 08:14:59+00:00,par_15,2020-07-26,2020-07-26 07:04:59+00:00,2020-07-26 13:27:59+00:00,2.0,light
1595751599000,84,30,2020-07-26 08:19:59+00:00,par_15,2020-07-26,2020-07-26 07:04:59+00:00,2020-07-26 13:27:59+00:00,4.0,awake
1595751899000,87,13,2020-07-26 08:24:59+00:00,par_15,2020-07-26,2020-07-26 07:04:59+00:00,2020-07-26 13:27:59+00:00,3.0,REM
1595752199000,84,16,2020-07-26 08:29:59+00:00,par_15,2020-07-26,2020-07-26 07:04:59+00:00,2020-07-26 13:27:59+00:00,3.0,REM
1595752499000,83,26,2020-07-26 08:34:59+00:00,par_15,2020-07-26,2020-07-26 07:04:59+00:00,2020-07-26 13:27:59+00:00,2.0,light
1595752799000,77,41,2020-07-26 08:39:59+00:00,par_15,2020-07-26,2020-07-26 07:04:59+00:00,2020-07-26 13:27:59+00:00,2.0,light
1595753099000,74,43,2020-07-26 08:44:59+00:00,par_15,2020-07-26,2020-07-26 07:04:59+00:00,2020-07-26 13:27:59+00:00,2.0,light
1595753399000,75,35,2020-07-26 08:49:59+00:00,par_15,2020-07-26,2020-07-26 07:04:59+00:00,2020-07-26 13:27:59+00:00,1.0,deep
1595753699000,75,35,2020-07-26 08:54:59+00:00,par_15,2020-07-26,2020-07-26 07:04:59+00:00,2020-07-26 13:27:59+00:00,1.0,deep
1595753999000,74,44,2020-07-26 08:59:59+00:00,par_15,2020-07-26,2020-07-26 07:04:59+00:00,2020-07-26 13:27:59+00:00,1.0,deep
1595754299000,72,44,2020-07-26 09:04:59+00:00,par_15,2020-07-26,2020-07-26 07:04:59+00:00,2020-07-26 13:27:59+00:00,1.0,deep
1595754599000,71,47,2020-07-26 09:09:59+00:00,par_15,2020-07-26,2020-07-26 07:04:59+00:00,2020-07-26 13:27:59+00:00,1.0,deep
1595754899000,71,45,2020-07-26 09:14:59+00:00,par_15,2020-07-26,2020-07-26 07:04:59+00:00,2020-07-26 13:27:59+00:00,1.0,deep
1595755199000,71,48,2020-07-26 09:19:59+00:00,par_15,2020-07-26,2020-07-26 07:04:59+00:00,2020-07-26 13:27:59+00:00,1.0,deep
1595755499000,74,38,2020-07-26 09:24:59+00:00,par_15,2020-07-26,2020-07-26 07:04:59+00:00,2020-07-26 13:27:59+00:00,1.0,deep
1595755799000,72,58,2020-07-26 09:29:59+00:00,par_15,2020-07-26,2020-07-26 07:04:59+00:00,2020-07-26 13:27:59+00:00,2.0,light
1595756099000,69,65,2020-07-26 09:34:59+00:00,par_15,2020-07-26,2020-07-26 07:04:59+00:00,2020-07-26 13:27:59+00:00,2.0,light
1595756399000,74,36,2020-07-26 09:39:59+00:00,par_15,2020-07-26,2020-07-26 07:04:59+00:00,2020-07-26 13:27:59+00:00,1.0,deep
1595756699000,76,33,2020-07-26 09:44:59+00:00,par_15,2020-07-26,2020-07-26 07:04:59+00:00,2020-07-26 13:27:59+00:00,1.0,deep
1595756999000,73,52,2020-07-26 09:49:59+00:00,par_15,2020-07-26,2020-07-26 07:04:59+00:00,2020-07-26 13:27:59+00:00,2.0,light
1595757299000,69,59,2020-07-26 09:54:59+00:00,par_15,2020-07-26,2020-07-26 07:04:59+00:00,2020-07-26 13:27:59+00:00,2.0,light
1595757599000,69,56,2020-07-26 09:59:59+00:00,par_15,2020-07-26,2020-07-26 07:04:59+00:00,2020-07-26 13:27:59+00:00,2.0,light
1595757899000,69,54,2020-07-26 10:04:59+00:00,par_15,2020-07-26,2020-07-26 07:04:59+00:00,2020-07-26 13:27:59+00:00,1.0,deep
1595758199000,70,46,2020-07-26 10:09:59+00:00,par_15,2020-07-26,2020-07-26 07:04:59+00:00,2020-07-26 13:27:59+00:00,1.0,deep
1595758499000,70,43,2020-07-26 10:14:59+00:00,par_15,2020-07-26,2020-07-26 07:04:59+00:00,2020-07-26 13:27:59+00:00,1.0,deep
1595758799000,71,42,2020-07-26 10:19:59+00:00,par_15,2020-07-26,2020-07-26 07:04:59+00:00,2020-07-26 13:27:59+00:00,1.0,deep
1595759099000,71,41,2020-07-26 10:24:59+00:00,par_15,2020-07-26,2020-07-26 07:04:59+00:00,2020-07-26 13:27:59+00:00,1.0,deep
1595759399000,80,32,2020-07-26 10:29:59+00:00,par_15,2020-07-26,2020-07-26 07:04:59+00:00,2020-07-26 13:27:59+00:00,1.0,deep
1595759699000,74,41,2020-07-26 10:34:59+00:00,par_15,2020-07-26,2020-07-26 07:04:59+00:00,2020-07-26 13:27:59+00:00,2.0,light
1595759999000,72,47,2020-07-26 10:39:59+00:00,par_15,2020-07-26,2020-07-26 07:04:59+00:00,2020-07-26 13:27:59+00:00,2.0,light
1595760299000,72,50,2020-07-26 10:44:59+00:00,par_15,2020-07-26,2020-07-26 07:04:59+00:00,2020-07-26 13:27:59+00:00,2.0,light
1595760599000,73,45,2020-07-26 10:49:59+00:00,par_15,2020-07-26,2020-07-26 07:04:59+00:00,2020-07-26 13:27:59+00:00,2.0,light
1595760899000,70,48,2020-07-26 10:54:59+00:00,par_15,2020-07-26,2020-07-26 07:04:59+00:00,2020-07-26 13:27:59+00:00,2.0,light
1595761199000,72,44,2020-07-26 10:59:59+00:00,par_15,2020-07-26,2020-07-26 07:04:59+00:00,2020-07-26 13:27:59+00:00,2.0,light
1595761499000,69,57,2020-07-26 11:04:59+00:00,par_15,2020-07-26,2020-07-26 07:04:59+00:00,2020-07-26 13:27:59+00:00,2.0,light
1595761799000,70,63,2020-07-26 11:09:59+00:00,par_15,2020-07-26,2020-07-26 07:04:59+00:00,2020-07-26 13:27:59+00:00,2.0,light
1595762099000,74,49,2020-07-26 11:14:59+00:00,par_15,2020-07-26,2020-07-26 07:04:59+00:00,2020-07-26 13:27:59+00:00,2.0,light
1595762399000,71,55,2020-07-26 11:19:59+00:00,par_15,2020-07-26,2020-07-26 07:04:59+00:00,2020-07-26 13:27:59+00:00,2.0,light
1595762699000,70,58,2020-07-26 11:24:59+00:00,par_15,2020-07-26,2020-07-26 07:04:59+00:00,2020-07-26 13:27:59+00:00,2.0,light
1595762999000,69,66,2020-07-26 11:29:59+00:00,par_15,2020-07-26,2020-07-26 07:04:59+00:00,2020-07-26 13:27:59+00:00,2.0,light
1595763299000,70,60,2020-07-26 11:34:59+00:00,par_15,2020-07-26,2020-07-26 07:04:59+00:00,2020-07-26 13:27:59+00:00,2.0,light
1595763599000,70,61,2020-07-26 11:39:59+00:00,par_15,2020-07-26,2020-07-26 07:04:59+00:00,2020-07-26 13:27:59+00:00,2.0,light
1595763899000,77,49,2020-07-26 11:44:59+00:00,par_15,2020-07-26,2020-07-26 07:04:59+00:00,2020-07-26 13:27:59+00:00,1.0,deep
1595764199000,82,14,2020-07-26 11:49:59+00:00,par_15,2020-07-26,2020-07-26 07:04:59+00:00,2020-07-26 13:27:59+00:00,3.0,REM
1595764499000,84,13,2020-07-26 11:54:59+00:00,par_15,2020-07-26,2020-07-26 07:04:59+00:00,2020-07-26 13:27:59+00:00,3.0,REM
1595764799000,81,19,2020-07-26 11:59:59+00:00,par_15,2020-07-26,2020-07-26 07:04:59+00:00,2020-07-26 13:27:59+00:00,3.0,REM
1595765099000,77,39,2020-07-26 12:04:59+00:00,par_15,2020-07-26,2020-07-26 07:04:59+00:00,2020-07-26 13:27:59+00:00,2.0,light
1595765399000,76,42,2020-07-26 12:09:59+00:00,par_15,2020-07-26,2020-07-26 07:04:59+00:00,2020-07-26 13:27:59+00:00,2.0,light
1595765699000,73,47,2020-07-26 12:14:59+00:00,par_15,2020-07-26,2020-07-26 07:04:59+00:00,2020-07-26 13:27:59+00:00,2.0,light
1595765999000,71,47,2020-07-26 12:19:59+00:00,par_15,2020-07-26,2020-07-26 07:04:59+00:00,2020-07-26 13:27:59+00:00,2.0,light
1595766299000,71,48,2020-07-26 12:24:59+00:00,par_15,2020-07-26,2020-07-26 07:04:59+00:00,2020-07-26 13:27:59+00:00,2.0,light
1595766599000,71,48,2020-07-26 12:29:59+00:00,par_15,2020-07-26,2020-07-26 07:04:59+00:00,2020-07-26 13:27:59+00:00,2.0,light
1595766899000,72,44,2020-07-26 12:34:59+00:00,par_15,2020-07-26,2020-07-26 07:04:59+00:00,2020-07-26 13:27:59+00:00,2.0,light
1595767199000,71,45,2020-07-26 12:39:59+00:00,par_15,2020-07-26,2020-07-26 07:04:59+00:00,2020-07-26 13:27:59+00:00,2.0,light
1595767499000,71,47,2020-07-26 12:44:59+00:00,par_15,2020-07-26,2020-07-26 07:04:59+00:00,2020-07-26 13:27:59+00:00,1.0,deep
1595767799000,73,46,2020-07-26 12:49:59+00:00,par_15,2020-07-26,2020-07-26 07:04:59+00:00,2020-07-26 13:27:59+00:00,1.0,deep
1595768099000,72,57,2020-07-26 12:54:59+00:00,par_15,2020-07-26,2020-07-26 07:04:59+00:00,2020-07-26 13:27:59+00:00,2.0,light
1595768399000,72,52,2020-07-26 12:59:59+00:00,par_15,2020-07-26,2020-07-26 07:04:59+00:00,2020-07-26 13:27:59+00:00,2.0,light
1595768699000,74,58,2020-07-26 13:04:59+00:00,par_15,2020-07-26,2020-07-26 07:04:59+00:00,2020-07-26 13:27:59+00:00,2.0,light
1595768999000,70,50,2020-07-26 13:09:59+00:00,par_15,2020-07-26,2020-07-26 07:04:59+00:00,2020-07-26 13:27:59+00:00,2.0,light
1595769299000,71,52,2020-07-26 13:14:59+00:00,par_15,2020-07-26,2020-07-26 07:04:59+00:00,2020-07-26 13:27:59+00:00,2.0,light
1595769599000,77,43,2020-07-26 13:19:59+00:00,par_15,2020-07-26,2020-07-26 07:04:59+00:00,2020-07-26 13:27:59+00:00,4.0,awake
1595769899000,0,0,2020-07-26 13:24:59+00:00,par_15,2020-07-26,2020-07-26 07:04:59+00:00,2020-07-26 13:27:59+00:00,4.0,awake
1595854023000,0,0,2020-07-27 12:47:03+00:00,par_15,2020-07-27,2020-07-27 12:47:03+00:00,2020-07-27 17:33:03+00:00,4.0,awake
1595854323000,0,0,2020-07-27 12:52:03+00:00,par_15,2020-07-27,2020-07-27 12:47:03+00:00,2020-07-27 17:33:03+00:00,4.0,awake
1595854623000,0,0,2020-07-27 12:57:03+00:00,par_15,2020-07-27,2020-07-27 12:47:03+00:00,2020-07-27 17:33:03+00:00,4.0,awake
1595854923000,0,0,2020-07-27 13:02:03+00:00,par_15,2020-07-27,2020-07-27 12:47:03+00:00,2020-07-27 17:33:03+00:00,4.0,awake
1595855223000,0,0,2020-07-27 13:07:03+00:00,par_15,2020-07-27,2020-07-27 12:47:03+00:00,2020-07-27 17:33:03+00:00,4.0,awake
1595855523000,66,65,2020-07-27 13:12:03+00:00,par_15,2020-07-27,2020-07-27 12:47:03+00:00,2020-07-27 17:33:03+00:00,4.0,awake
1595855823000,0,0,2020-07-27 13:17:03+00:00,par_15,2020-07-27,2020-07-27 12:47:03+00:00,2020-07-27 17:33:03+00:00,2.0,light
1595856123000,69,99,2020-07-27 13:22:03+00:00,par_15,2020-07-27,2020-07-27 12:47:03+00:00,2020-07-27 17:33:03+00:00,2.0,light
1595856423000,66,113,2020-07-27 13:27:03+00:00,par_15,2020-07-27,2020-07-27 12:47:03+00:00,2020-07-27 17:33:03+00:00,2.0,light
1595856723000,70,99,2020-07-27 13:32:03+00:00,par_15,2020-07-27,2020-07-27 12:47:03+00:00,2020-07-27 17:33:03+00:00,1.0,deep
1595857023000,70,86,2020-07-27 13:37:03+00:00,par_15,2020-07-27,2020-07-27 12:47:03+00:00,2020-07-27 17:33:03+00:00,2.0,light
1595857323000,75,50,2020-07-27 13:42:03+00:00,par_15,2020-07-27,2020-07-27 12:47:03+00:00,2020-07-27 17:33:03+00:00,2.0,light
1595857623000,75,55,2020-07-27 13:47:03+00:00,par_15,2020-07-27,2020-07-27 12:47:03+00:00,2020-07-27 17:33:03+00:00,2.0,light
1595857923000,82,19,2020-07-27 13:52:03+00:00,par_15,2020-07-27,2020-07-27 12:47:03+00:00,2020-07-27 17:33:03+00:00,3.0,REM
1595858223000,80,34,2020-07-27 13:57:03+00:00,par_15,2020-07-27,2020-07-27 12:47:03+00:00,2020-07-27 17:33:03+00:00,3.0,REM
1595858523000,78,31,2020-07-27 14:02:03+00:00,par_15,2020-07-27,2020-07-27 12:47:03+00:00,2020-07-27 17:33:03+00:00,3.0,REM
1595858823000,87,11,2020-07-27 14:07:03+00:00,par_15,2020-07-27,2020-07-27 12:47:03+00:00,2020-07-27 17:33:03+00:00,3.0,REM
1595859123000,83,42,2020-07-27 14:12:03+00:00,par_15,2020-07-27,2020-07-27 12:47:03+00:00,2020-07-27 17:33:03+00:00,1.0,deep
1595859423000,81,22,2020-07-27 14:17:03+00:00,par_15,2020-07-27,2020-07-27 12:47:03+00:00,2020-07-27 17:33:03+00:00,2.0,light
1595859723000,83,31,2020-07-27 14:22:03+00:00,par_15,2020-07-27,2020-07-27 12:47:03+00:00,2020-07-27 17:33:03+00:00,2.0,light
1595860023000,74,58,2020-07-27 14:27:03+00:00,par_15,2020-07-27,2020-07-27 12:47:03+00:00,2020-07-27 17:33:03+00:00,2.0,light
1595860323000,72,62,2020-07-27 14:32:03+00:00,par_15,2020-07-27,2020-07-27 12:47:03+00:00,2020-07-27 17:33:03+00:00,2.0,light
1595860623000,72,57,2020-07-27 14:37:03+00:00,par_15,2020-07-27,2020-07-27 12:47:03+00:00,2020-07-27 17:33:03+00:00,1.0,deep
1595860923000,73,54,2020-07-27 14:42:03+00:00,par_15,2020-07-27,2020-07-27 12:47:03+00:00,2020-07-27 17:33:03+00:00,1.0,deep
1595861223000,72,54,2020-07-27 14:47:03+00:00,par_15,2020-07-27,2020-07-27 12:47:03+00:00,2020-07-27 17:33:03+00:00,1.0,deep
1595861523000,70,55,2020-07-27 14:52:03+00:00,par_15,2020-07-27,2020-07-27 12:47:03+00:00,2020-07-27 17:33:03+00:00,1.0,deep
1595861823000,72,49,2020-07-27 14:57:03+00:00,par_15,2020-07-27,2020-07-27 12:47:03+00:00,2020-07-27 17:33:03+00:00,1.0,deep
1595862123000,71,50,2020-07-27 15:02:03+00:00,par_15,2020-07-27,2020-07-27 12:47:03+00:00,2020-07-27 17:33:03+00:00,1.0,deep
1595862423000,75,53,2020-07-27 15:07:03+00:00,par_15,2020-07-27,2020-07-27 12:47:03+00:00,2020-07-27 17:33:03+00:00,1.0,deep
1595862723000,71,66,2020-07-27 15:12:03+00:00,par_15,2020-07-27,2020-07-27 12:47:03+00:00,2020-07-27 17:33:03+00:00,2.0,light
1595863023000,73,54,2020-07-27 15:17:03+00:00,par_15,2020-07-27,2020-07-27 12:47:03+00:00,2020-07-27 17:33:03+00:00,2.0,light
1595863323000,74,52,2020-07-27 15:22:03+00:00,par_15,2020-07-27,2020-07-27 12:47:03+00:00,2020-07-27 17:33:03+00:00,2.0,light
1595863623000,74,46,2020-07-27 15:27:03+00:00,par_15,2020-07-27,2020-07-27 12:47:03+00:00,2020-07-27 17:33:03+00:00,2.0,light
1595863923000,75,42,2020-07-27 15:32:03+00:00,par_15,2020-07-27,2020-07-27 12:47:03+00:00,2020-07-27 17:33:03+00:00,2.0,light
1595864223000,74,52,2020-07-27 15:37:03+00:00,par_15,2020-07-27,2020-07-27 12:47:03+00:00,2020-07-27 17:33:03+00:00,2.0,light
1595864523000,74,52,2020-07-27 15:42:03+00:00,par_15,2020-07-27,2020-07-27 12:47:03+00:00,2020-07-27 17:33:03+00:00,2.0,light
1595864823000,72,59,2020-07-27 15:47:03+00:00,par_15,2020-07-27,2020-07-27 12:47:03+00:00,2020-07-27 17:33:03+00:00,2.0,light
1595865123000,71,67,2020-07-27 15:52:03+00:00,par_15,2020-07-27,2020-07-27 12:47:03+00:00,2020-07-27 17:33:03+00:00,2.0,light
1595865423000,69,76,2020-07-27 15:57:03+00:00,par_15,2020-07-27,2020-07-27 12:47:03+00:00,2020-07-27 17:33:03+00:00,2.0,light
1595865723000,69,67,2020-07-27 16:02:03+00:00,par_15,2020-07-27,2020-07-27 12:47:03+00:00,2020-07-27 17:33:03+00:00,1.0,deep
1595866023000,71,50,2020-07-27 16:07:03+00:00,par_15,2020-07-27,2020-07-27 12:47:03+00:00,2020-07-27 17:33:03+00:00,1.0,deep
1595866323000,71,60,2020-07-27 16:12:03+00:00,par_15,2020-07-27,2020-07-27 12:47:03+00:00,2020-07-27 17:33:03+00:00,2.0,light
1595866623000,67,75,2020-07-27 16:17:03+00:00,par_15,2020-07-27,2020-07-27 12:47:03+00:00,2020-07-27 17:33:03+00:00,2.0,light
1595866923000,69,65,2020-07-27 16:22:03+00:00,par_15,2020-07-27,2020-07-27 12:47:03+00:00,2020-07-27 17:33:03+00:00,1.0,deep
1595867223000,69,62,2020-07-27 16:27:03+00:00,par_15,2020-07-27,2020-07-27 12:47:03+00:00,2020-07-27 17:33:03+00:00,1.0,deep
1595867523000,70,57,2020-07-27 16:32:03+00:00,par_15,2020-07-27,2020-07-27 12:47:03+00:00,2020-07-27 17:33:03+00:00,1.0,deep
1595867823000,72,49,2020-07-27 16:37:03+00:00,par_15,2020-07-27,2020-07-27 12:47:03+00:00,2020-07-27 17:33:03+00:00,1.0,deep
1595868123000,74,62,2020-07-27 16:42:03+00:00,par_15,2020-07-27,2020-07-27 12:47:03+00:00,2020-07-27 17:33:03+00:00,2.0,light
1595868423000,71,70,2020-07-27 16:47:03+00:00,par_15,2020-07-27,2020-07-27 12:47:03+00:00,2020-07-27 17:33:03+00:00,2.0,light
1595868723000,75,46,2020-07-27 16:52:03+00:00,par_15,2020-07-27,2020-07-27 12:47:03+00:00,2020-07-27 17:33:03+00:00,2.0,light
1595869023000,79,25,2020-07-27 16:57:03+00:00,par_15,2020-07-27,2020-07-27 12:47:03+00:00,2020-07-27 17:33:03+00:00,2.0,light
1595869323000,76,39,2020-07-27 17:02:03+00:00,par_15,2020-07-27,2020-07-27 12:47:03+00:00,2020-07-27 17:33:03+00:00,2.0,light
1595869623000,70,64,2020-07-27 17:07:03+00:00,par_15,2020-07-27,2020-07-27 12:47:03+00:00,2020-07-27 17:33:03+00:00,2.0,light
1595869923000,72,62,2020-07-27 17:12:03+00:00,par_15,2020-07-27,2020-07-27 12:47:03+00:00,2020-07-27 17:33:03+00:00,2.0,light
1595870223000,73,66,2020-07-27 17:17:03+00:00,par_15,2020-07-27,2020-07-27 12:47:03+00:00,2020-07-27 17:33:03+00:00,2.0,light
1595870523000,82,45,2020-07-27 17:22:03+00:00,par_15,2020-07-27,2020-07-27 12:47:03+00:00,2020-07-27 17:33:03+00:00,4.0,awake
1595870823000,82,43,2020-07-27 17:27:03+00:00,par_15,2020-07-27,2020-07-27 12:47:03+00:00,2020-07-27 17:33:03+00:00,4.0,awake
1595871123000,76,49,2020-07-27 17:32:03+00:00,par_15,2020-07-27,2020-07-27 12:47:03+00:00,2020-07-27 17:33:03+00:00,4.0,awake
1595930967000,0,0,2020-07-28 10:09:27+00:00,par_15,2020-07-28,2020-07-28 10:09:27+00:00,2020-07-28 16:49:27+00:00,4.0,awake
1595931267000,73,54,2020-07-28 10:14:27+00:00,par_15,2020-07-28,2020-07-28 10:09:27+00:00,2020-07-28 16:49:27+00:00,2.0,light
1595931567000,0,0,2020-07-28 10:19:27+00:00,par_15,2020-07-28,2020-07-28 10:09:27+00:00,2020-07-28 16:49:27+00:00,1.0,deep
1595931867000,71,70,2020-07-28 10:24:27+00:00,par_15,2020-07-28,2020-07-28 10:09:27+00:00,2020-07-28 16:49:27+00:00,1.0,deep
1595932167000,70,65,2020-07-28 10:29:27+00:00,par_15,2020-07-28,2020-07-28 10:09:27+00:00,2020-07-28 16:49:27+00:00,1.0,deep
1595932467000,0,0,2020-07-28 10:34:27+00:00,par_15,2020-07-28,2020-07-28 10:09:27+00:00,2020-07-28 16:49:27+00:00,1.0,deep
1595932767000,0,0,2020-07-28 10:39:27+00:00,par_15,2020-07-28,2020-07-28 10:09:27+00:00,2020-07-28 16:49:27+00:00,1.0,deep
1595933067000,75,57,2020-07-28 10:44:27+00:00,par_15,2020-07-28,2020-07-28 10:09:27+00:00,2020-07-28 16:49:27+00:00,1.0,deep
1595933367000,71,57,2020-07-28 10:49:27+00:00,par_15,2020-07-28,2020-07-28 10:09:27+00:00,2020-07-28 16:49:27+00:00,2.0,light
1595933667000,70,55,2020-07-28 10:54:27+00:00,par_15,2020-07-28,2020-07-28 10:09:27+00:00,2020-07-28 16:49:27+00:00,2.0,light
1595933967000,69,50,2020-07-28 10:59:27+00:00,par_15,2020-07-28,2020-07-28 10:09:27+00:00,2020-07-28 16:49:27+00:00,1.0,deep
1595934267000,78,36,2020-07-28 11:04:27+00:00,par_15,2020-07-28,2020-07-28 10:09:27+00:00,2020-07-28 16:49:27+00:00,1.0,deep
1595934567000,77,39,2020-07-28 11:09:27+00:00,par_15,2020-07-28,2020-07-28 10:09:27+00:00,2020-07-28 16:49:27+00:00,1.0,deep
1595934867000,78,37,2020-07-28 11:14:27+00:00,par_15,2020-07-28,2020-07-28 10:09:27+00:00,2020-07-28 16:49:27+00:00,1.0,deep
1595935167000,71,70,2020-07-28 11:19:27+00:00,par_15,2020-07-28,2020-07-28 10:09:27+00:00,2020-07-28 16:49:27+00:00,2.0,light
1595935467000,68,57,2020-07-28 11:24:27+00:00,par_15,2020-07-28,2020-07-28 10:09:27+00:00,2020-07-28 16:49:27+00:00,2.0,light
1595935767000,68,63,2020-07-28 11:29:27+00:00,par_15,2020-07-28,2020-07-28 10:09:27+00:00,2020-07-28 16:49:27+00:00,2.0,light
1595936067000,70,56,2020-07-28 11:34:27+00:00,par_15,2020-07-28,2020-07-28 10:09:27+00:00,2020-07-28 16:49:27+00:00,1.0,deep
1595936367000,0,0,2020-07-28 11:39:27+00:00,par_15,2020-07-28,2020-07-28 10:09:27+00:00,2020-07-28 16:49:27+00:00,1.0,deep
1595936667000,0,0,2020-07-28 11:44:27+00:00,par_15,2020-07-28,2020-07-28 10:09:27+00:00,2020-07-28 16:49:27+00:00,3.0,REM
1595936967000,0,0,2020-07-28 11:49:27+00:00,par_15,2020-07-28,2020-07-28 10:09:27+00:00,2020-07-28 16:49:27+00:00,3.0,REM
1595937267000,0,0,2020-07-28 11:54:27+00:00,par_15,2020-07-28,2020-07-28 10:09:27+00:00,2020-07-28 16:49:27+00:00,3.0,REM
1595937567000,0,0,2020-07-28 11:59:27+00:00,par_15,2020-07-28,2020-07-28 10:09:27+00:00,2020-07-28 16:49:27+00:00,3.0,REM
1595937867000,0,0,2020-07-28 12:04:27+00:00,par_15,2020-07-28,2020-07-28 10:09:27+00:00,2020-07-28 16:49:27+00:00,3.0,REM
1595938167000,0,0,2020-07-28 12:09:27+00:00,par_15,2020-07-28,2020-07-28 10:09:27+00:00,2020-07-28 16:49:27+00:00,3.0,REM
1595938467000,0,0,2020-07-28 12:14:27+00:00,par_15,2020-07-28,2020-07-28 10:09:27+00:00,2020-07-28 16:49:27+00:00,3.0,REM
1595938767000,0,0,2020-07-28 12:19:27+00:00,par_15,2020-07-28,2020-07-28 10:09:27+00:00,2020-07-28 16:49:27+00:00,3.0,REM
1595939067000,0,0,2020-07-28 12:24:27+00:00,par_15,2020-07-28,2020-07-28 10:09:27+00:00,2020-07-28 16:49:27+00:00,3.0,REM
1595939367000,70,56,2020-07-28 12:29:27+00:00,par_15,2020-07-28,2020-07-28 10:09:27+00:00,2020-07-28 16:49:27+00:00,3.0,REM
1595939667000,0,0,2020-07-28 12:34:27+00:00,par_15,2020-07-28,2020-07-28 10:09:27+00:00,2020-07-28 16:49:27+00:00,3.0,REM
1595939967000,0,0,2020-07-28 12:39:27+00:00,par_15,2020-07-28,2020-07-28 10:09:27+00:00,2020-07-28 16:49:27+00:00,3.0,REM
1595940267000,0,0,2020-07-28 12:44:27+00:00,par_15,2020-07-28,2020-07-28 10:09:27+00:00,2020-07-28 16:49:27+00:00,2.0,light
1595940567000,0,0,2020-07-28 12:49:27+00:00,par_15,2020-07-28,2020-07-28 10:09:27+00:00,2020-07-28 16:49:27+00:00,2.0,light
1595940867000,0,0,2020-07-28 12:54:27+00:00,par_15,2020-07-28,2020-07-28 10:09:27+00:00,2020-07-28 16:49:27+00:00,3.0,REM
1595941167000,0,0,2020-07-28 12:59:27+00:00,par_15,2020-07-28,2020-07-28 10:09:27+00:00,2020-07-28 16:49:27+00:00,2.0,light
1595941467000,0,0,2020-07-28 13:04:27+00:00,par_15,2020-07-28,2020-07-28 10:09:27+00:00,2020-07-28 16:49:27+00:00,2.0,light
1595941767000,0,0,2020-07-28 13:09:27+00:00,par_15,2020-07-28,2020-07-28 10:09:27+00:00,2020-07-28 16:49:27+00:00,2.0,light
1595942067000,0,0,2020-07-28 13:14:27+00:00,par_15,2020-07-28,2020-07-28 10:09:27+00:00,2020-07-28 16:49:27+00:00,1.0,deep
1595942367000,0,0,2020-07-28 13:19:27+00:00,par_15,2020-07-28,2020-07-28 10:09:27+00:00,2020-07-28 16:49:27+00:00,2.0,light
1595942667000,0,0,2020-07-28 13:24:27+00:00,par_15,2020-07-28,2020-07-28 10:09:27+00:00,2020-07-28 16:49:27+00:00,2.0,light
1595942967000,0,0,2020-07-28 13:29:27+00:00,par_15,2020-07-28,2020-07-28 10:09:27+00:00,2020-07-28 16:49:27+00:00,3.0,REM
1595943267000,66,72,2020-07-28 13:34:27+00:00,par_15,2020-07-28,2020-07-28 10:09:27+00:00,2020-07-28 16:49:27+00:00,2.0,light
1595943567000,66,74,2020-07-28 13:39:27+00:00,par_15,2020-07-28,2020-07-28 10:09:27+00:00,2020-07-28 16:49:27+00:00,2.0,light
1595943867000,69,82,2020-07-28 13:44:27+00:00,par_15,2020-07-28,2020-07-28 10:09:27+00:00,2020-07-28 16:49:27+00:00,2.0,light
1595944167000,72,62,2020-07-28 13:49:27+00:00,par_15,2020-07-28,2020-07-28 10:09:27+00:00,2020-07-28 16:49:27+00:00,2.0,light
1595944467000,76,42,2020-07-28 13:54:27+00:00,par_15,2020-07-28,2020-07-28 10:09:27+00:00,2020-07-28 16:49:27+00:00,2.0,light
1595944767000,0,0,2020-07-28 13:59:27+00:00,par_15,2020-07-28,2020-07-28 10:09:27+00:00,2020-07-28 16:49:27+00:00,2.0,light
1595945067000,77,33,2020-07-28 14:04:27+00:00,par_15,2020-07-28,2020-07-28 10:09:27+00:00,2020-07-28 16:49:27+00:00,2.0,light
1595945367000,82,23,2020-07-28 14:09:27+00:00,par_15,2020-07-28,2020-07-28 10:09:27+00:00,2020-07-28 16:49:27+00:00,2.0,light
1595945667000,71,59,2020-07-28 14:14:27+00:00,par_15,2020-07-28,2020-07-28 10:09:27+00:00,2020-07-28 16:49:27+00:00,2.0,light
1595945967000,72,58,2020-07-28 14:19:27+00:00,par_15,2020-07-28,2020-07-28 10:09:27+00:00,2020-07-28 16:49:27+00:00,2.0,light
1595946267000,70,63,2020-07-28 14:24:27+00:00,par_15,2020-07-28,2020-07-28 10:09:27+00:00,2020-07-28 16:49:27+00:00,2.0,light
1595946567000,68,69,2020-07-28 14:29:27+00:00,par_15,2020-07-28,2020-07-28 10:09:27+00:00,2020-07-28 16:49:27+00:00,2.0,light
1595946867000,69,54,2020-07-28 14:34:27+00:00,par_15,2020-07-28,2020-07-28 10:09:27+00:00,2020-07-28 16:49:27+00:00,1.0,deep
1595947167000,70,54,2020-07-28 14:39:27+00:00,par_15,2020-07-28,2020-07-28 10:09:27+00:00,2020-07-28 16:49:27+00:00,1.0,deep
1595947467000,70,50,2020-07-28 14:44:27+00:00,par_15,2020-07-28,2020-07-28 10:09:27+00:00,2020-07-28 16:49:27+00:00,1.0,deep
1595947767000,71,71,2020-07-28 14:49:27+00:00,par_15,2020-07-28,2020-07-28 10:09:27+00:00,2020-07-28 16:49:27+00:00,1.0,deep
1595948067000,66,78,2020-07-28 14:54:27+00:00,par_15,2020-07-28,2020-07-28 10:09:27+00:00,2020-07-28 16:49:27+00:00,2.0,light
1595948367000,70,69,2020-07-28 14:59:27+00:00,par_15,2020-07-28,2020-07-28 10:09:27+00:00,2020-07-28 16:49:27+00:00,2.0,light
1595948667000,71,65,2020-07-28 15:04:27+00:00,par_15,2020-07-28,2020-07-28 10:09:27+00:00,2020-07-28 16:49:27+00:00,1.0,deep
1595948967000,71,68,2020-07-28 15:09:27+00:00,par_15,2020-07-28,2020-07-28 10:09:27+00:00,2020-07-28 16:49:27+00:00,2.0,light
1595949267000,73,63,2020-07-28 15:14:27+00:00,par_15,2020-07-28,2020-07-28 10:09:27+00:00,2020-07-28 16:49:27+00:00,2.0,light
1595949567000,75,54,2020-07-28 15:19:27+00:00,par_15,2020-07-28,2020-07-28 10:09:27+00:00,2020-07-28 16:49:27+00:00,2.0,light
1595949867000,75,53,2020-07-28 15:24:27+00:00,par_15,2020-07-28,2020-07-28 10:09:27+00:00,2020-07-28 16:49:27+00:00,3.0,REM
1595950167000,71,69,2020-07-28 15:29:27+00:00,par_15,2020-07-28,2020-07-28 10:09:27+00:00,2020-07-28 16:49:27+00:00,2.0,light
1595950467000,70,71,2020-07-28 15:34:27+00:00,par_15,2020-07-28,2020-07-28 10:09:27+00:00,2020-07-28 16:49:27+00:00,2.0,light
1595950767000,73,41,2020-07-28 15:39:27+00:00,par_15,2020-07-28,2020-07-28 10:09:27+00:00,2020-07-28 16:49:27+00:00,2.0,light
1595951067000,72,55,2020-07-28 15:44:27+00:00,par_15,2020-07-28,2020-07-28 10:09:27+00:00,2020-07-28 16:49:27+00:00,2.0,light
1595951367000,68,69,2020-07-28 15:49:27+00:00,par_15,2020-07-28,2020-07-28 10:09:27+00:00,2020-07-28 16:49:27+00:00,2.0,light
1595951667000,69,69,2020-07-28 15:54:27+00:00,par_15,2020-07-28,2020-07-28 10:09:27+00:00,2020-07-28 16:49:27+00:00,2.0,light
1595951967000,66,59,2020-07-28 15:59:27+00:00,par_15,2020-07-28,2020-07-28 10:09:27+00:00,2020-07-28 16:49:27+00:00,2.0,light
1595952267000,68,73,2020-07-28 16:04:27+00:00,par_15,2020-07-28,2020-07-28 10:09:27+00:00,2020-07-28 16:49:27+00:00,2.0,light
1595952567000,68,64,2020-07-28 16:09:27+00:00,par_15,2020-07-28,2020-07-28 10:09:27+00:00,2020-07-28 16:49:27+00:00,2.0,light
1595952867000,69,61,2020-07-28 16:14:27+00:00,par_15,2020-07-28,2020-07-28 10:09:27+00:00,2020-07-28 16:49:27+00:00,1.0,deep
1595953167000,74,54,2020-07-28 16:19:27+00:00,par_15,2020-07-28,2020-07-28 10:09:27+00:00,2020-07-28 16:49:27+00:00,1.0,deep
1595953467000,76,53,2020-07-28 16:24:27+00:00,par_15,2020-07-28,2020-07-28 10:09:27+00:00,2020-07-28 16:49:27+00:00,1.0,deep
1595953767000,68,70,2020-07-28 16:29:27+00:00,par_15,2020-07-28,2020-07-28 10:09:27+00:00,2020-07-28 16:49:27+00:00,2.0,light
1595954067000,79,59,2020-07-28 16:34:27+00:00,par_15,2020-07-28,2020-07-28 10:09:27+00:00,2020-07-28 16:49:27+00:00,2.0,light
1595954367000,86,28,2020-07-28 16:39:27+00:00,par_15,2020-07-28,2020-07-28 10:09:27+00:00,2020-07-28 16:49:27+00:00,4.0,awake
1595954667000,85,33,2020-07-28 16:44:27+00:00,par_15,2020-07-28,2020-07-28 10:09:27+00:00,2020-07-28 16:49:27+00:00,4.0,awake
1595954967000,75,46,2020-07-28 16:49:27+00:00,par_15,2020-07-28,2020-07-28 10:09:27+00:00,2020-07-28 16:49:27+00:00,,
1596005369000,0,0,2020-07-29 06:49:29+00:00,par_15,2020-07-29,2020-07-29 06:49:29+00:00,2020-07-29 12:23:29+00:00,4.0,awake
1596005669000,0,0,2020-07-29 06:54:29+00:00,par_15,2020-07-29,2020-07-29 06:49:29+00:00,2020-07-29 12:23:29+00:00,4.0,awake
1596005969000,76,38,2020-07-29 06:59:29+00:00,par_15,2020-07-29,2020-07-29 06:49:29+00:00,2020-07-29 12:23:29+00:00,4.0,awake
1596006269000,70,58,2020-07-29 07:04:29+00:00,par_15,2020-07-29,2020-07-29 06:49:29+00:00,2020-07-29 12:23:29+00:00,4.0,awake
1596006569000,70,64,2020-07-29 07:09:29+00:00,par_15,2020-07-29,2020-07-29 06:49:29+00:00,2020-07-29 12:23:29+00:00,4.0,awake
1596006869000,65,80,2020-07-29 07:14:29+00:00,par_15,2020-07-29,2020-07-29 06:49:29+00:00,2020-07-29 12:23:29+00:00,2.0,light
1596007169000,66,75,2020-07-29 07:19:29+00:00,par_15,2020-07-29,2020-07-29 06:49:29+00:00,2020-07-29 12:23:29+00:00,2.0,light
1596007469000,65,72,2020-07-29 07:24:29+00:00,par_15,2020-07-29,2020-07-29 06:49:29+00:00,2020-07-29 12:23:29+00:00,2.0,light
1596007769000,64,66,2020-07-29 07:29:29+00:00,par_15,2020-07-29,2020-07-29 06:49:29+00:00,2020-07-29 12:23:29+00:00,2.0,light
1596008069000,66,64,2020-07-29 07:34:29+00:00,par_15,2020-07-29,2020-07-29 06:49:29+00:00,2020-07-29 12:23:29+00:00,1.0,deep
1596008369000,67,60,2020-07-29 07:39:29+00:00,par_15,2020-07-29,2020-07-29 06:49:29+00:00,2020-07-29 12:23:29+00:00,1.0,deep
1596008669000,67,56,2020-07-29 07:44:29+00:00,par_15,2020-07-29,2020-07-29 06:49:29+00:00,2020-07-29 12:23:29+00:00,1.0,deep
1596008969000,67,50,2020-07-29 07:49:29+00:00,par_15,2020-07-29,2020-07-29 06:49:29+00:00,2020-07-29 12:23:29+00:00,1.0,deep
1596009269000,68,50,2020-07-29 07:54:29+00:00,par_15,2020-07-29,2020-07-29 06:49:29+00:00,2020-07-29 12:23:29+00:00,1.0,deep
1596009569000,71,55,2020-07-29 07:59:29+00:00,par_15,2020-07-29,2020-07-29 06:49:29+00:00,2020-07-29 12:23:29+00:00,1.0,deep
1596009869000,79,29,2020-07-29 08:04:29+00:00,par_15,2020-07-29,2020-07-29 06:49:29+00:00,2020-07-29 12:23:29+00:00,3.0,REM
1596010169000,81,19,2020-07-29 08:09:29+00:00,par_15,2020-07-29,2020-07-29 06:49:29+00:00,2020-07-29 12:23:29+00:00,3.0,REM
1596010469000,80,22,2020-07-29 08:14:29+00:00,par_15,2020-07-29,2020-07-29 06:49:29+00:00,2020-07-29 12:23:29+00:00,3.0,REM
1596010769000,75,38,2020-07-29 08:19:29+00:00,par_15,2020-07-29,2020-07-29 06:49:29+00:00,2020-07-29 12:23:29+00:00,2.0,light
1596011069000,74,36,2020-07-29 08:24:29+00:00,par_15,2020-07-29,2020-07-29 06:49:29+00:00,2020-07-29 12:23:29+00:00,2.0,light
1596011369000,74,34,2020-07-29 08:29:29+00:00,par_15,2020-07-29,2020-07-29 06:49:29+00:00,2020-07-29 12:23:29+00:00,2.0,light
1596011669000,73,36,2020-07-29 08:34:29+00:00,par_15,2020-07-29,2020-07-29 06:49:29+00:00,2020-07-29 12:23:29+00:00,2.0,light
1596011969000,73,37,2020-07-29 08:39:29+00:00,par_15,2020-07-29,2020-07-29 06:49:29+00:00,2020-07-29 12:23:29+00:00,1.0,deep
1596012269000,71,45,2020-07-29 08:44:29+00:00,par_15,2020-07-29,2020-07-29 06:49:29+00:00,2020-07-29 12:23:29+00:00,1.0,deep
1596012569000,73,57,2020-07-29 08:49:29+00:00,par_15,2020-07-29,2020-07-29 06:49:29+00:00,2020-07-29 12:23:29+00:00,1.0,deep
1596012869000,70,60,2020-07-29 08:54:29+00:00,par_15,2020-07-29,2020-07-29 06:49:29+00:00,2020-07-29 12:23:29+00:00,2.0,light
1596013169000,72,49,2020-07-29 08:59:29+00:00,par_15,2020-07-29,2020-07-29 06:49:29+00:00,2020-07-29 12:23:29+00:00,2.0,light
1596013469000,70,54,2020-07-29 09:04:29+00:00,par_15,2020-07-29,2020-07-29 06:49:29+00:00,2020-07-29 12:23:29+00:00,2.0,light
1596013769000,70,58,2020-07-29 09:09:29+00:00,par_15,2020-07-29,2020-07-29 06:49:29+00:00,2020-07-29 12:23:29+00:00,2.0,light
1596014069000,71,52,2020-07-29 09:14:29+00:00,par_15,2020-07-29,2020-07-29 06:49:29+00:00,2020-07-29 12:23:29+00:00,2.0,light
1596014369000,69,48,2020-07-29 09:19:29+00:00,par_15,2020-07-29,2020-07-29 06:49:29+00:00,2020-07-29 12:23:29+00:00,2.0,light
1596014669000,69,50,2020-07-29 09:24:29+00:00,par_15,2020-07-29,2020-07-29 06:49:29+00:00,2020-07-29 12:23:29+00:00,1.0,deep
1596014969000,69,48,2020-07-29 09:29:29+00:00,par_15,2020-07-29,2020-07-29 06:49:29+00:00,2020-07-29 12:23:29+00:00,1.0,deep
1596015269000,70,50,2020-07-29 09:34:29+00:00,par_15,2020-07-29,2020-07-29 06:49:29+00:00,2020-07-29 12:23:29+00:00,1.0,deep
1596015569000,74,47,2020-07-29 09:39:29+00:00,par_15,2020-07-29,2020-07-29 06:49:29+00:00,2020-07-29 12:23:29+00:00,1.0,deep
1596015869000,80,17,2020-07-29 09:44:29+00:00,par_15,2020-07-29,2020-07-29 06:49:29+00:00,2020-07-29 12:23:29+00:00,2.0,light
1596016169000,78,32,2020-07-29 09:49:29+00:00,par_15,2020-07-29,2020-07-29 06:49:29+00:00,2020-07-29 12:23:29+00:00,3.0,REM
1596016469000,78,28,2020-07-29 09:54:29+00:00,par_15,2020-07-29,2020-07-29 06:49:29+00:00,2020-07-29 12:23:29+00:00,3.0,REM
1596016769000,73,48,2020-07-29 09:59:29+00:00,par_15,2020-07-29,2020-07-29 06:49:29+00:00,2020-07-29 12:23:29+00:00,2.0,light
1596017069000,75,44,2020-07-29 10:04:29+00:00,par_15,2020-07-29,2020-07-29 06:49:29+00:00,2020-07-29 12:23:29+00:00,2.0,light
1596017369000,68,63,2020-07-29 10:09:29+00:00,par_15,2020-07-29,2020-07-29 06:49:29+00:00,2020-07-29 12:23:29+00:00,2.0,light
1596017669000,69,69,2020-07-29 10:14:29+00:00,par_15,2020-07-29,2020-07-29 06:49:29+00:00,2020-07-29 12:23:29+00:00,2.0,light
1596017969000,68,63,2020-07-29 10:19:29+00:00,par_15,2020-07-29,2020-07-29 06:49:29+00:00,2020-07-29 12:23:29+00:00,1.0,deep
1596018269000,67,66,2020-07-29 10:24:29+00:00,par_15,2020-07-29,2020-07-29 06:49:29+00:00,2020-07-29 12:23:29+00:00,1.0,deep
1596018569000,69,57,2020-07-29 10:29:29+00:00,par_15,2020-07-29,2020-07-29 06:49:29+00:00,2020-07-29 12:23:29+00:00,1.0,deep
1596018869000,70,47,2020-07-29 10:34:29+00:00,par_15,2020-07-29,2020-07-29 06:49:29+00:00,2020-07-29 12:23:29+00:00,1.0,deep
1596019169000,69,56,2020-07-29 10:39:29+00:00,par_15,2020-07-29,2020-07-29 06:49:29+00:00,2020-07-29 12:23:29+00:00,1.0,deep
1596019469000,70,54,2020-07-29 10:44:29+00:00,par_15,2020-07-29,2020-07-29 06:49:29+00:00,2020-07-29 12:23:29+00:00,1.0,deep
1596019769000,71,53,2020-07-29 10:49:29+00:00,par_15,2020-07-29,2020-07-29 06:49:29+00:00,2020-07-29 12:23:29+00:00,1.0,deep
1596020069000,70,59,2020-07-29 10:54:29+00:00,par_15,2020-07-29,2020-07-29 06:49:29+00:00,2020-07-29 12:23:29+00:00,1.0,deep
1596020369000,72,66,2020-07-29 10:59:29+00:00,par_15,2020-07-29,2020-07-29 06:49:29+00:00,2020-07-29 12:23:29+00:00,2.0,light
1596020669000,70,65,2020-07-29 11:04:29+00:00,par_15,2020-07-29,2020-07-29 06:49:29+00:00,2020-07-29 12:23:29+00:00,2.0,light
1596020969000,76,35,2020-07-29 11:09:29+00:00,par_15,2020-07-29,2020-07-29 06:49:29+00:00,2020-07-29 12:23:29+00:00,2.0,light
1596021269000,76,49,2020-07-29 11:14:29+00:00,par_15,2020-07-29,2020-07-29 06:49:29+00:00,2020-07-29 12:23:29+00:00,2.0,light
1596021569000,74,56,2020-07-29 11:19:29+00:00,par_15,2020-07-29,2020-07-29 06:49:29+00:00,2020-07-29 12:23:29+00:00,2.0,light
1596021869000,76,42,2020-07-29 11:24:29+00:00,par_15,2020-07-29,2020-07-29 06:49:29+00:00,2020-07-29 12:23:29+00:00,2.0,light
1596022169000,74,43,2020-07-29 11:29:29+00:00,par_15,2020-07-29,2020-07-29 06:49:29+00:00,2020-07-29 12:23:29+00:00,2.0,light
1596022469000,76,39,2020-07-29 11:34:29+00:00,par_15,2020-07-29,2020-07-29 06:49:29+00:00,2020-07-29 12:23:29+00:00,2.0,light
1596022769000,73,60,2020-07-29 11:39:29+00:00,par_15,2020-07-29,2020-07-29 06:49:29+00:00,2020-07-29 12:23:29+00:00,2.0,light
1596023069000,71,46,2020-07-29 11:44:29+00:00,par_15,2020-07-29,2020-07-29 06:49:29+00:00,2020-07-29 12:23:29+00:00,2.0,light
1596023369000,72,43,2020-07-29 11:49:29+00:00,par_15,2020-07-29,2020-07-29 06:49:29+00:00,2020-07-29 12:23:29+00:00,2.0,light
1596023669000,71,60,2020-07-29 11:54:29+00:00,par_15,2020-07-29,2020-07-29 06:49:29+00:00,2020-07-29 12:23:29+00:00,1.0,deep
1596023969000,71,48,2020-07-29 11:59:29+00:00,par_15,2020-07-29,2020-07-29 06:49:29+00:00,2020-07-29 12:23:29+00:00,2.0,light
1596024269000,70,66,2020-07-29 12:04:29+00:00,par_15,2020-07-29,2020-07-29 06:49:29+00:00,2020-07-29 12:23:29+00:00,2.0,light
1596024569000,71,71,2020-07-29 12:09:29+00:00,par_15,2020-07-29,2020-07-29 06:49:29+00:00,2020-07-29 12:23:29+00:00,2.0,light
1596024869000,73,45,2020-07-29 12:14:29+00:00,par_15,2020-07-29,2020-07-29 06:49:29+00:00,2020-07-29 12:23:29+00:00,2.0,light
1596025169000,83,33,2020-07-29 12:19:29+00:00,par_15,2020-07-29,2020-07-29 06:49:29+00:00,2020-07-29 12:23:29+00:00,4.0,awake
1596086250000,0,0,2020-07-30 05:17:30+00:00,par_15,2020-07-30,2020-07-30 05:17:30+00:00,2020-07-30 08:42:30+00:00,4.0,awake
1596086550000,0,0,2020-07-30 05:22:30+00:00,par_15,2020-07-30,2020-07-30 05:17:30+00:00,2020-07-30 08:42:30+00:00,3.0,REM
1596086850000,0,0,2020-07-30 05:27:30+00:00,par_15,2020-07-30,2020-07-30 05:17:30+00:00,2020-07-30 08:42:30+00:00,3.0,REM
1596087150000,0,0,2020-07-30 05:32:30+00:00,par_15,2020-07-30,2020-07-30 05:17:30+00:00,2020-07-30 08:42:30+00:00,1.0,deep
1596087450000,0,0,2020-07-30 05:37:30+00:00,par_15,2020-07-30,2020-07-30 05:17:30+00:00,2020-07-30 08:42:30+00:00,1.0,deep
1596087750000,0,0,2020-07-30 05:42:30+00:00,par_15,2020-07-30,2020-07-30 05:17:30+00:00,2020-07-30 08:42:30+00:00,1.0,deep
1596088050000,71,62,2020-07-30 05:47:30+00:00,par_15,2020-07-30,2020-07-30 05:17:30+00:00,2020-07-30 08:42:30+00:00,2.0,light
1596088350000,73,53,2020-07-30 05:52:30+00:00,par_15,2020-07-30,2020-07-30 05:17:30+00:00,2020-07-30 08:42:30+00:00,2.0,light
1596088650000,73,52,2020-07-30 05:57:30+00:00,par_15,2020-07-30,2020-07-30 05:17:30+00:00,2020-07-30 08:42:30+00:00,2.0,light
1596088950000,84,19,2020-07-30 06:02:30+00:00,par_15,2020-07-30,2020-07-30 05:17:30+00:00,2020-07-30 08:42:30+00:00,1.0,deep
1596089250000,80,41,2020-07-30 06:07:30+00:00,par_15,2020-07-30,2020-07-30 05:17:30+00:00,2020-07-30 08:42:30+00:00,1.0,deep
1596089550000,75,36,2020-07-30 06:12:30+00:00,par_15,2020-07-30,2020-07-30 05:17:30+00:00,2020-07-30 08:42:30+00:00,1.0,deep
1596089850000,73,48,2020-07-30 06:17:30+00:00,par_15,2020-07-30,2020-07-30 05:17:30+00:00,2020-07-30 08:42:30+00:00,1.0,deep
1596090150000,71,45,2020-07-30 06:22:30+00:00,par_15,2020-07-30,2020-07-30 05:17:30+00:00,2020-07-30 08:42:30+00:00,1.0,deep
1596090450000,70,47,2020-07-30 06:27:30+00:00,par_15,2020-07-30,2020-07-30 05:17:30+00:00,2020-07-30 08:42:30+00:00,1.0,deep
1596090750000,70,69,2020-07-30 06:32:30+00:00,par_15,2020-07-30,2020-07-30 05:17:30+00:00,2020-07-30 08:42:30+00:00,1.0,deep
1596091050000,71,78,2020-07-30 06:37:30+00:00,par_15,2020-07-30,2020-07-30 05:17:30+00:00,2020-07-30 08:42:30+00:00,2.0,light
1596091350000,72,63,2020-07-30 06:42:30+00:00,par_15,2020-07-30,2020-07-30 05:17:30+00:00,2020-07-30 08:42:30+00:00,1.0,deep
1596091650000,0,0,2020-07-30 06:47:30+00:00,par_15,2020-07-30,2020-07-30 05:17:30+00:00,2020-07-30 08:42:30+00:00,1.0,deep
1596091950000,0,0,2020-07-30 06:52:30+00:00,par_15,2020-07-30,2020-07-30 05:17:30+00:00,2020-07-30 08:42:30+00:00,1.0,deep
1596092250000,0,0,2020-07-30 06:57:30+00:00,par_15,2020-07-30,2020-07-30 05:17:30+00:00,2020-07-30 08:42:30+00:00,1.0,deep
1596092550000,0,0,2020-07-30 07:02:30+00:00,par_15,2020-07-30,2020-07-30 05:17:30+00:00,2020-07-30 08:42:30+00:00,1.0,deep
1596092850000,0,0,2020-07-30 07:07:30+00:00,par_15,2020-07-30,2020-07-30 05:17:30+00:00,2020-07-30 08:42:30+00:00,1.0,deep
1596093150000,0,0,2020-07-30 07:12:30+00:00,par_15,2020-07-30,2020-07-30 05:17:30+00:00,2020-07-30 08:42:30+00:00,1.0,deep
1596093450000,78,41,2020-07-30 07:17:30+00:00,par_15,2020-07-30,2020-07-30 05:17:30+00:00,2020-07-30 08:42:30+00:00,2.0,light
1596093750000,73,47,2020-07-30 07:22:30+00:00,par_15,2020-07-30,2020-07-30 05:17:30+00:00,2020-07-30 08:42:30+00:00,2.0,light
1596094050000,74,42,2020-07-30 07:27:30+00:00,par_15,2020-07-30,2020-07-30 05:17:30+00:00,2020-07-30 08:42:30+00:00,2.0,light
1596094350000,74,43,2020-07-30 07:32:30+00:00,par_15,2020-07-30,2020-07-30 05:17:30+00:00,2020-07-30 08:42:30+00:00,2.0,light
1596094650000,70,67,2020-07-30 07:37:30+00:00,par_15,2020-07-30,2020-07-30 05:17:30+00:00,2020-07-30 08:42:30+00:00,2.0,light
1596094950000,68,84,2020-07-30 07:42:30+00:00,par_15,2020-07-30,2020-07-30 05:17:30+00:00,2020-07-30 08:42:30+00:00,2.0,light
1596095250000,68,69,2020-07-30 07:47:30+00:00,par_15,2020-07-30,2020-07-30 05:17:30+00:00,2020-07-30 08:42:30+00:00,1.0,deep
1596095550000,69,53,2020-07-30 07:52:30+00:00,par_15,2020-07-30,2020-07-30 05:17:30+00:00,2020-07-30 08:42:30+00:00,1.0,deep
1596095850000,68,59,2020-07-30 07:57:30+00:00,par_15,2020-07-30,2020-07-30 05:17:30+00:00,2020-07-30 08:42:30+00:00,1.0,deep
1596096150000,0,0,2020-07-30 08:02:30+00:00,par_15,2020-07-30,2020-07-30 05:17:30+00:00,2020-07-30 08:42:30+00:00,1.0,deep
1596096450000,0,0,2020-07-30 08:07:30+00:00,par_15,2020-07-30,2020-07-30 05:17:30+00:00,2020-07-30 08:42:30+00:00,1.0,deep
1596096750000,0,0,2020-07-30 08:12:30+00:00,par_15,2020-07-30,2020-07-30 05:17:30+00:00,2020-07-30 08:42:30+00:00,2.0,light
1596097050000,0,0,2020-07-30 08:17:30+00:00,par_15,2020-07-30,2020-07-30 05:17:30+00:00,2020-07-30 08:42:30+00:00,2.0,light
1596097350000,0,0,2020-07-30 08:22:30+00:00,par_15,2020-07-30,2020-07-30 05:17:30+00:00,2020-07-30 08:42:30+00:00,2.0,light
1596097650000,0,0,2020-07-30 08:27:30+00:00,par_15,2020-07-30,2020-07-30 05:17:30+00:00,2020-07-30 08:42:30+00:00,3.0,REM
1596097950000,0,0,2020-07-30 08:32:30+00:00,par_15,2020-07-30,2020-07-30 05:17:30+00:00,2020-07-30 08:42:30+00:00,4.0,awake
1596098250000,0,0,2020-07-30 08:37:30+00:00,par_15,2020-07-30,2020-07-30 05:17:30+00:00,2020-07-30 08:42:30+00:00,4.0,awake
1596098550000,0,0,2020-07-30 08:42:30+00:00,par_15,2020-07-30,2020-07-30 05:17:30+00:00,2020-07-30 08:42:30+00:00,,
1596171628000,79,28,2020-07-31 05:00:28+00:00,par_15,2020-07-31,2020-07-31 05:00:28+00:00,2020-07-31 13:59:28+00:00,4.0,awake
1596171928000,81,22,2020-07-31 05:05:28+00:00,par_15,2020-07-31,2020-07-31 05:00:28+00:00,2020-07-31 13:59:28+00:00,4.0,awake
1596172228000,80,25,2020-07-31 05:10:28+00:00,par_15,2020-07-31,2020-07-31 05:00:28+00:00,2020-07-31 13:59:28+00:00,4.0,awake
1596172528000,81,27,2020-07-31 05:15:28+00:00,par_15,2020-07-31,2020-07-31 05:00:28+00:00,2020-07-31 13:59:28+00:00,4.0,awake
1596172828000,82,33,2020-07-31 05:20:28+00:00,par_15,2020-07-31,2020-07-31 05:00:28+00:00,2020-07-31 13:59:28+00:00,2.0,light
1596173128000,85,30,2020-07-31 05:25:28+00:00,par_15,2020-07-31,2020-07-31 05:00:28+00:00,2020-07-31 13:59:28+00:00,2.0,light
1596173428000,85,21,2020-07-31 05:30:28+00:00,par_15,2020-07-31,2020-07-31 05:00:28+00:00,2020-07-31 13:59:28+00:00,4.0,awake
1596173728000,81,31,2020-07-31 05:35:28+00:00,par_15,2020-07-31,2020-07-31 05:00:28+00:00,2020-07-31 13:59:28+00:00,4.0,awake
1596174028000,80,26,2020-07-31 05:40:28+00:00,par_15,2020-07-31,2020-07-31 05:00:28+00:00,2020-07-31 13:59:28+00:00,4.0,awake
1596174328000,76,41,2020-07-31 05:45:28+00:00,par_15,2020-07-31,2020-07-31 05:00:28+00:00,2020-07-31 13:59:28+00:00,2.0,light
1596174628000,78,46,2020-07-31 05:50:28+00:00,par_15,2020-07-31,2020-07-31 05:00:28+00:00,2020-07-31 13:59:28+00:00,2.0,light
1596174928000,84,27,2020-07-31 05:55:28+00:00,par_15,2020-07-31,2020-07-31 05:00:28+00:00,2020-07-31 13:59:28+00:00,4.0,awake
1596175228000,82,27,2020-07-31 06:00:28+00:00,par_15,2020-07-31,2020-07-31 05:00:28+00:00,2020-07-31 13:59:28+00:00,4.0,awake
1596175528000,80,26,2020-07-31 06:05:28+00:00,par_15,2020-07-31,2020-07-31 05:00:28+00:00,2020-07-31 13:59:28+00:00,4.0,awake
1596175828000,75,38,2020-07-31 06:10:28+00:00,par_15,2020-07-31,2020-07-31 05:00:28+00:00,2020-07-31 13:59:28+00:00,4.0,awake
1596176128000,73,43,2020-07-31 06:15:28+00:00,par_15,2020-07-31,2020-07-31 05:00:28+00:00,2020-07-31 13:59:28+00:00,2.0,light
1596176428000,72,49,2020-07-31 06:20:28+00:00,par_15,2020-07-31,2020-07-31 05:00:28+00:00,2020-07-31 13:59:28+00:00,1.0,deep
1596176728000,71,53,2020-07-31 06:25:28+00:00,par_15,2020-07-31,2020-07-31 05:00:28+00:00,2020-07-31 13:59:28+00:00,1.0,deep
1596177028000,72,51,2020-07-31 06:30:28+00:00,par_15,2020-07-31,2020-07-31 05:00:28+00:00,2020-07-31 13:59:28+00:00,1.0,deep
1596177328000,70,59,2020-07-31 06:35:28+00:00,par_15,2020-07-31,2020-07-31 05:00:28+00:00,2020-07-31 13:59:28+00:00,1.0,deep
1596177628000,71,58,2020-07-31 06:40:28+00:00,par_15,2020-07-31,2020-07-31 05:00:28+00:00,2020-07-31 13:59:28+00:00,1.0,deep
1596177928000,71,55,2020-07-31 06:45:28+00:00,par_15,2020-07-31,2020-07-31 05:00:28+00:00,2020-07-31 13:59:28+00:00,1.0,deep
1596178228000,73,52,2020-07-31 06:50:28+00:00,par_15,2020-07-31,2020-07-31 05:00:28+00:00,2020-07-31 13:59:28+00:00,1.0,deep
1596178528000,81,26,2020-07-31 06:55:28+00:00,par_15,2020-07-31,2020-07-31 05:00:28+00:00,2020-07-31 13:59:28+00:00,1.0,deep
1596178828000,77,41,2020-07-31 07:00:28+00:00,par_15,2020-07-31,2020-07-31 05:00:28+00:00,2020-07-31 13:59:28+00:00,2.0,light
1596179128000,76,45,2020-07-31 07:05:28+00:00,par_15,2020-07-31,2020-07-31 05:00:28+00:00,2020-07-31 13:59:28+00:00,2.0,light
1596179428000,75,37,2020-07-31 07:10:28+00:00,par_15,2020-07-31,2020-07-31 05:00:28+00:00,2020-07-31 13:59:28+00:00,2.0,light
1596179728000,74,35,2020-07-31 07:15:28+00:00,par_15,2020-07-31,2020-07-31 05:00:28+00:00,2020-07-31 13:59:28+00:00,2.0,light
1596180028000,74,35,2020-07-31 07:20:28+00:00,par_15,2020-07-31,2020-07-31 05:00:28+00:00,2020-07-31 13:59:28+00:00,1.0,deep
1596180328000,75,32,2020-07-31 07:25:28+00:00,par_15,2020-07-31,2020-07-31 05:00:28+00:00,2020-07-31 13:59:28+00:00,1.0,deep
1596180628000,76,44,2020-07-31 07:30:28+00:00,par_15,2020-07-31,2020-07-31 05:00:28+00:00,2020-07-31 13:59:28+00:00,1.0,deep
1596180928000,72,46,2020-07-31 07:35:28+00:00,par_15,2020-07-31,2020-07-31 05:00:28+00:00,2020-07-31 13:59:28+00:00,2.0,light
1596181228000,72,42,2020-07-31 07:40:28+00:00,par_15,2020-07-31,2020-07-31 05:00:28+00:00,2020-07-31 13:59:28+00:00,1.0,deep
1596181528000,72,41,2020-07-31 07:45:28+00:00,par_15,2020-07-31,2020-07-31 05:00:28+00:00,2020-07-31 13:59:28+00:00,1.0,deep
1596181828000,71,43,2020-07-31 07:50:28+00:00,par_15,2020-07-31,2020-07-31 05:00:28+00:00,2020-07-31 13:59:28+00:00,1.0,deep
1596182128000,71,45,2020-07-31 07:55:28+00:00,par_15,2020-07-31,2020-07-31 05:00:28+00:00,2020-07-31 13:59:28+00:00,1.0,deep
1596182428000,70,46,2020-07-31 08:00:28+00:00,par_15,2020-07-31,2020-07-31 05:00:28+00:00,2020-07-31 13:59:28+00:00,1.0,deep
1596182728000,71,46,2020-07-31 08:05:28+00:00,par_15,2020-07-31,2020-07-31 05:00:28+00:00,2020-07-31 13:59:28+00:00,1.0,deep
1596183028000,75,49,2020-07-31 08:10:28+00:00,par_15,2020-07-31,2020-07-31 05:00:28+00:00,2020-07-31 13:59:28+00:00,1.0,deep
1596183328000,74,41,2020-07-31 08:15:28+00:00,par_15,2020-07-31,2020-07-31 05:00:28+00:00,2020-07-31 13:59:28+00:00,2.0,light
1596183628000,82,22,2020-07-31 08:20:28+00:00,par_15,2020-07-31,2020-07-31 05:00:28+00:00,2020-07-31 13:59:28+00:00,2.0,light
1596183928000,84,22,2020-07-31 08:25:28+00:00,par_15,2020-07-31,2020-07-31 05:00:28+00:00,2020-07-31 13:59:28+00:00,3.0,REM
1596184228000,82,35,2020-07-31 08:30:28+00:00,par_15,2020-07-31,2020-07-31 05:00:28+00:00,2020-07-31 13:59:28+00:00,2.0,light
1596184528000,70,62,2020-07-31 08:35:28+00:00,par_15,2020-07-31,2020-07-31 05:00:28+00:00,2020-07-31 13:59:28+00:00,2.0,light
1596184828000,68,71,2020-07-31 08:40:28+00:00,par_15,2020-07-31,2020-07-31 05:00:28+00:00,2020-07-31 13:59:28+00:00,2.0,light
1596185128000,71,63,2020-07-31 08:45:28+00:00,par_15,2020-07-31,2020-07-31 05:00:28+00:00,2020-07-31 13:59:28+00:00,2.0,light
1596185428000,72,57,2020-07-31 08:50:28+00:00,par_15,2020-07-31,2020-07-31 05:00:28+00:00,2020-07-31 13:59:28+00:00,2.0,light
1596185728000,75,56,2020-07-31 08:55:28+00:00,par_15,2020-07-31,2020-07-31 05:00:28+00:00,2020-07-31 13:59:28+00:00,2.0,light
1596186028000,74,47,2020-07-31 09:00:28+00:00,par_15,2020-07-31,2020-07-31 05:00:28+00:00,2020-07-31 13:59:28+00:00,4.0,awake
1596186328000,69,51,2020-07-31 09:05:28+00:00,par_15,2020-07-31,2020-07-31 05:00:28+00:00,2020-07-31 13:59:28+00:00,2.0,light
1596186628000,71,46,2020-07-31 09:10:28+00:00,par_15,2020-07-31,2020-07-31 05:00:28+00:00,2020-07-31 13:59:28+00:00,1.0,deep
1596186928000,73,43,2020-07-31 09:15:28+00:00,par_15,2020-07-31,2020-07-31 05:00:28+00:00,2020-07-31 13:59:28+00:00,1.0,deep
1596187228000,73,42,2020-07-31 09:20:28+00:00,par_15,2020-07-31,2020-07-31 05:00:28+00:00,2020-07-31 13:59:28+00:00,1.0,deep
1596187528000,74,41,2020-07-31 09:25:28+00:00,par_15,2020-07-31,2020-07-31 05:00:28+00:00,2020-07-31 13:59:28+00:00,1.0,deep
1596187828000,72,58,2020-07-31 09:30:28+00:00,par_15,2020-07-31,2020-07-31 05:00:28+00:00,2020-07-31 13:59:28+00:00,2.0,light
1596188128000,73,57,2020-07-31 09:35:28+00:00,par_15,2020-07-31,2020-07-31 05:00:28+00:00,2020-07-31 13:59:28+00:00,2.0,light
1596188428000,81,21,2020-07-31 09:40:28+00:00,par_15,2020-07-31,2020-07-31 05:00:28+00:00,2020-07-31 13:59:28+00:00,2.0,light
1596188728000,82,24,2020-07-31 09:45:28+00:00,par_15,2020-07-31,2020-07-31 05:00:28+00:00,2020-07-31 13:59:28+00:00,3.0,REM
1596189028000,77,42,2020-07-31 09:50:28+00:00,par_15,2020-07-31,2020-07-31 05:00:28+00:00,2020-07-31 13:59:28+00:00,3.0,REM
1596189328000,74,45,2020-07-31 09:55:28+00:00,par_15,2020-07-31,2020-07-31 05:00:28+00:00,2020-07-31 13:59:28+00:00,3.0,REM
1596189628000,74,57,2020-07-31 10:00:28+00:00,par_15,2020-07-31,2020-07-31 05:00:28+00:00,2020-07-31 13:59:28+00:00,2.0,light
1596189928000,76,37,2020-07-31 10:05:28+00:00,par_15,2020-07-31,2020-07-31 05:00:28+00:00,2020-07-31 13:59:28+00:00,2.0,light
1596190228000,75,36,2020-07-31 10:10:28+00:00,par_15,2020-07-31,2020-07-31 05:00:28+00:00,2020-07-31 13:59:28+00:00,2.0,light
1596190528000,77,44,2020-07-31 10:15:28+00:00,par_15,2020-07-31,2020-07-31 05:00:28+00:00,2020-07-31 13:59:28+00:00,2.0,light
1596190828000,73,46,2020-07-31 10:20:28+00:00,par_15,2020-07-31,2020-07-31 05:00:28+00:00,2020-07-31 13:59:28+00:00,2.0,light
1596191128000,73,50,2020-07-31 10:25:28+00:00,par_15,2020-07-31,2020-07-31 05:00:28+00:00,2020-07-31 13:59:28+00:00,2.0,light
1596191428000,69,58,2020-07-31 10:30:28+00:00,par_15,2020-07-31,2020-07-31 05:00:28+00:00,2020-07-31 13:59:28+00:00,2.0,light
1596191728000,71,50,2020-07-31 10:35:28+00:00,par_15,2020-07-31,2020-07-31 05:00:28+00:00,2020-07-31 13:59:28+00:00,2.0,light
1596192028000,77,39,2020-07-31 10:40:28+00:00,par_15,2020-07-31,2020-07-31 05:00:28+00:00,2020-07-31 13:59:28+00:00,2.0,light
1596192328000,72,54,2020-07-31 10:45:28+00:00,par_15,2020-07-31,2020-07-31 05:00:28+00:00,2020-07-31 13:59:28+00:00,2.0,light
1596192628000,72,46,2020-07-31 10:50:28+00:00,par_15,2020-07-31,2020-07-31 05:00:28+00:00,2020-07-31 13:59:28+00:00,2.0,light
1596192928000,73,41,2020-07-31 10:55:28+00:00,par_15,2020-07-31,2020-07-31 05:00:28+00:00,2020-07-31 13:59:28+00:00,1.0,deep
1596193228000,76,44,2020-07-31 11:00:28+00:00,par_15,2020-07-31,2020-07-31 05:00:28+00:00,2020-07-31 13:59:28+00:00,1.0,deep
1596193528000,78,40,2020-07-31 11:05:28+00:00,par_15,2020-07-31,2020-07-31 05:00:28+00:00,2020-07-31 13:59:28+00:00,3.0,REM
1596193828000,82,21,2020-07-31 11:10:28+00:00,par_15,2020-07-31,2020-07-31 05:00:28+00:00,2020-07-31 13:59:28+00:00,3.0,REM
1596194128000,80,33,2020-07-31 11:15:28+00:00,par_15,2020-07-31,2020-07-31 05:00:28+00:00,2020-07-31 13:59:28+00:00,3.0,REM
1596194428000,83,25,2020-07-31 11:20:28+00:00,par_15,2020-07-31,2020-07-31 05:00:28+00:00,2020-07-31 13:59:28+00:00,3.0,REM
1596194728000,82,20,2020-07-31 11:25:28+00:00,par_15,2020-07-31,2020-07-31 05:00:28+00:00,2020-07-31 13:59:28+00:00,4.0,awake
1596195028000,85,19,2020-07-31 11:30:28+00:00,par_15,2020-07-31,2020-07-31 05:00:28+00:00,2020-07-31 13:59:28+00:00,3.0,REM
1596195328000,80,30,2020-07-31 11:35:28+00:00,par_15,2020-07-31,2020-07-31 05:00:28+00:00,2020-07-31 13:59:28+00:00,3.0,REM
1596195628000,75,48,2020-07-31 11:40:28+00:00,par_15,2020-07-31,2020-07-31 05:00:28+00:00,2020-07-31 13:59:28+00:00,2.0,light
1596195928000,73,50,2020-07-31 11:45:28+00:00,par_15,2020-07-31,2020-07-31 05:00:28+00:00,2020-07-31 13:59:28+00:00,2.0,light
1596196228000,72,58,2020-07-31 11:50:28+00:00,par_15,2020-07-31,2020-07-31 05:00:28+00:00,2020-07-31 13:59:28+00:00,2.0,light
1596196528000,72,51,2020-07-31 11:55:28+00:00,par_15,2020-07-31,2020-07-31 05:00:28+00:00,2020-07-31 13:59:28+00:00,2.0,light
1596196828000,68,47,2020-07-31 12:00:28+00:00,par_15,2020-07-31,2020-07-31 05:00:28+00:00,2020-07-31 13:59:28+00:00,2.0,light
1596197128000,68,58,2020-07-31 12:05:28+00:00,par_15,2020-07-31,2020-07-31 05:00:28+00:00,2020-07-31 13:59:28+00:00,2.0,light
1596197428000,68,56,2020-07-31 12:10:28+00:00,par_15,2020-07-31,2020-07-31 05:00:28+00:00,2020-07-31 13:59:28+00:00,1.0,deep
1596197728000,68,57,2020-07-31 12:15:28+00:00,par_15,2020-07-31,2020-07-31 05:00:28+00:00,2020-07-31 13:59:28+00:00,1.0,deep
1596198028000,67,54,2020-07-31 12:20:28+00:00,par_15,2020-07-31,2020-07-31 05:00:28+00:00,2020-07-31 13:59:28+00:00,1.0,deep
1596198328000,68,54,2020-07-31 12:25:28+00:00,par_15,2020-07-31,2020-07-31 05:00:28+00:00,2020-07-31 13:59:28+00:00,1.0,deep
1596198628000,69,46,2020-07-31 12:30:28+00:00,par_15,2020-07-31,2020-07-31 05:00:28+00:00,2020-07-31 13:59:28+00:00,1.0,deep
1596198928000,69,54,2020-07-31 12:35:28+00:00,par_15,2020-07-31,2020-07-31 05:00:28+00:00,2020-07-31 13:59:28+00:00,1.0,deep
1596199228000,71,52,2020-07-31 12:40:28+00:00,par_15,2020-07-31,2020-07-31 05:00:28+00:00,2020-07-31 13:59:28+00:00,1.0,deep
1596199528000,72,54,2020-07-31 12:45:28+00:00,par_15,2020-07-31,2020-07-31 05:00:28+00:00,2020-07-31 13:59:28+00:00,2.0,light
1596199828000,73,49,2020-07-31 12:50:28+00:00,par_15,2020-07-31,2020-07-31 05:00:28+00:00,2020-07-31 13:59:28+00:00,2.0,light
1596200128000,75,42,2020-07-31 12:55:28+00:00,par_15,2020-07-31,2020-07-31 05:00:28+00:00,2020-07-31 13:59:28+00:00,2.0,light
1596200428000,75,45,2020-07-31 13:00:28+00:00,par_15,2020-07-31,2020-07-31 05:00:28+00:00,2020-07-31 13:59:28+00:00,2.0,light
1596200728000,79,26,2020-07-31 13:05:28+00:00,par_15,2020-07-31,2020-07-31 05:00:28+00:00,2020-07-31 13:59:28+00:00,3.0,REM
1596201028000,80,34,2020-07-31 13:10:28+00:00,par_15,2020-07-31,2020-07-31 05:00:28+00:00,2020-07-31 13:59:28+00:00,3.0,REM
1596201328000,72,60,2020-07-31 13:15:28+00:00,par_15,2020-07-31,2020-07-31 05:00:28+00:00,2020-07-31 13:59:28+00:00,2.0,light
1596201628000,73,60,2020-07-31 13:20:28+00:00,par_15,2020-07-31,2020-07-31 05:00:28+00:00,2020-07-31 13:59:28+00:00,2.0,light
1596201928000,71,49,2020-07-31 13:25:28+00:00,par_15,2020-07-31,2020-07-31 05:00:28+00:00,2020-07-31 13:59:28+00:00,2.0,light
1596202228000,69,57,2020-07-31 13:30:28+00:00,par_15,2020-07-31,2020-07-31 05:00:28+00:00,2020-07-31 13:59:28+00:00,2.0,light
1596202528000,70,52,2020-07-31 13:35:28+00:00,par_15,2020-07-31,2020-07-31 05:00:28+00:00,2020-07-31 13:59:28+00:00,2.0,light
1596202828000,70,50,2020-07-31 13:40:28+00:00,par_15,2020-07-31,2020-07-31 05:00:28+00:00,2020-07-31 13:59:28+00:00,2.0,light
1596203128000,69,56,2020-07-31 13:45:28+00:00,par_15,2020-07-31,2020-07-31 05:00:28+00:00,2020-07-31 13:59:28+00:00,2.0,light
1596203428000,82,48,2020-07-31 13:50:28+00:00,par_15,2020-07-31,2020-07-31 05:00:28+00:00,2020-07-31 13:59:28+00:00,2.0,light
1596203728000,0,0,2020-07-31 13:55:28+00:00,par_15,2020-07-31,2020-07-31 05:00:28+00:00,2020-07-31 13:59:28+00:00,4.0,awake
1596276511000,0,0,2020-08-01 10:08:31+00:00,par_15,2020-08-01,2020-08-01 10:08:31+00:00,2020-08-01 15:56:31+00:00,4.0,awake
1596276811000,0,0,2020-08-01 10:13:31+00:00,par_15,2020-08-01,2020-08-01 10:08:31+00:00,2020-08-01 15:56:31+00:00,4.0,awake
1596277111000,71,37,2020-08-01 10:18:31+00:00,par_15,2020-08-01,2020-08-01 10:08:31+00:00,2020-08-01 15:56:31+00:00,2.0,light
1596277411000,71,40,2020-08-01 10:23:31+00:00,par_15,2020-08-01,2020-08-01 10:08:31+00:00,2020-08-01 15:56:31+00:00,1.0,deep
1596277711000,71,41,2020-08-01 10:28:31+00:00,par_15,2020-08-01,2020-08-01 10:08:31+00:00,2020-08-01 15:56:31+00:00,1.0,deep
1596278011000,71,44,2020-08-01 10:33:31+00:00,par_15,2020-08-01,2020-08-01 10:08:31+00:00,2020-08-01 15:56:31+00:00,1.0,deep
1596278311000,72,41,2020-08-01 10:38:31+00:00,par_15,2020-08-01,2020-08-01 10:08:31+00:00,2020-08-01 15:56:31+00:00,1.0,deep
1596278611000,0,0,2020-08-01 10:43:31+00:00,par_15,2020-08-01,2020-08-01 10:08:31+00:00,2020-08-01 15:56:31+00:00,1.0,deep
1596278911000,0,0,2020-08-01 10:48:31+00:00,par_15,2020-08-01,2020-08-01 10:08:31+00:00,2020-08-01 15:56:31+00:00,1.0,deep
1596279211000,0,0,2020-08-01 10:53:31+00:00,par_15,2020-08-01,2020-08-01 10:08:31+00:00,2020-08-01 15:56:31+00:00,2.0,light
1596279511000,77,36,2020-08-01 10:58:31+00:00,par_15,2020-08-01,2020-08-01 10:08:31+00:00,2020-08-01 15:56:31+00:00,2.0,light
1596279811000,72,49,2020-08-01 11:03:31+00:00,par_15,2020-08-01,2020-08-01 10:08:31+00:00,2020-08-01 15:56:31+00:00,2.0,light
1596280111000,71,44,2020-08-01 11:08:31+00:00,par_15,2020-08-01,2020-08-01 10:08:31+00:00,2020-08-01 15:56:31+00:00,2.0,light
1596280411000,71,44,2020-08-01 11:13:31+00:00,par_15,2020-08-01,2020-08-01 10:08:31+00:00,2020-08-01 15:56:31+00:00,1.0,deep
1596280711000,71,42,2020-08-01 11:18:31+00:00,par_15,2020-08-01,2020-08-01 10:08:31+00:00,2020-08-01 15:56:31+00:00,1.0,deep
1596281011000,71,47,2020-08-01 11:23:31+00:00,par_15,2020-08-01,2020-08-01 10:08:31+00:00,2020-08-01 15:56:31+00:00,1.0,deep
1596281311000,72,42,2020-08-01 11:28:31+00:00,par_15,2020-08-01,2020-08-01 10:08:31+00:00,2020-08-01 15:56:31+00:00,1.0,deep
1596281611000,71,48,2020-08-01 11:33:31+00:00,par_15,2020-08-01,2020-08-01 10:08:31+00:00,2020-08-01 15:56:31+00:00,1.0,deep
1596281911000,72,43,2020-08-01 11:38:31+00:00,par_15,2020-08-01,2020-08-01 10:08:31+00:00,2020-08-01 15:56:31+00:00,1.0,deep
1596282211000,73,37,2020-08-01 11:43:31+00:00,par_15,2020-08-01,2020-08-01 10:08:31+00:00,2020-08-01 15:56:31+00:00,1.0,deep
1596282511000,74,40,2020-08-01 11:48:31+00:00,par_15,2020-08-01,2020-08-01 10:08:31+00:00,2020-08-01 15:56:31+00:00,1.0,deep
1596282811000,78,38,2020-08-01 11:53:31+00:00,par_15,2020-08-01,2020-08-01 10:08:31+00:00,2020-08-01 15:56:31+00:00,2.0,light
1596283111000,76,37,2020-08-01 11:58:31+00:00,par_15,2020-08-01,2020-08-01 10:08:31+00:00,2020-08-01 15:56:31+00:00,3.0,REM
1596283411000,0,0,2020-08-01 12:03:31+00:00,par_15,2020-08-01,2020-08-01 10:08:31+00:00,2020-08-01 15:56:31+00:00,3.0,REM
1596283711000,79,28,2020-08-01 12:08:31+00:00,par_15,2020-08-01,2020-08-01 10:08:31+00:00,2020-08-01 15:56:31+00:00,2.0,light
1596284011000,81,22,2020-08-01 12:13:31+00:00,par_15,2020-08-01,2020-08-01 10:08:31+00:00,2020-08-01 15:56:31+00:00,2.0,light
1596284311000,0,0,2020-08-01 12:18:31+00:00,par_15,2020-08-01,2020-08-01 10:08:31+00:00,2020-08-01 15:56:31+00:00,1.0,deep
1596284611000,0,0,2020-08-01 12:23:31+00:00,par_15,2020-08-01,2020-08-01 10:08:31+00:00,2020-08-01 15:56:31+00:00,3.0,REM
1596284911000,0,0,2020-08-01 12:28:31+00:00,par_15,2020-08-01,2020-08-01 10:08:31+00:00,2020-08-01 15:56:31+00:00,1.0,deep
1596285211000,0,0,2020-08-01 12:33:31+00:00,par_15,2020-08-01,2020-08-01 10:08:31+00:00,2020-08-01 15:56:31+00:00,1.0,deep
1596285511000,0,0,2020-08-01 12:38:31+00:00,par_15,2020-08-01,2020-08-01 10:08:31+00:00,2020-08-01 15:56:31+00:00,1.0,deep
1596285811000,0,0,2020-08-01 12:43:31+00:00,par_15,2020-08-01,2020-08-01 10:08:31+00:00,2020-08-01 15:56:31+00:00,3.0,REM
1596286111000,0,0,2020-08-01 12:48:31+00:00,par_15,2020-08-01,2020-08-01 10:08:31+00:00,2020-08-01 15:56:31+00:00,2.0,light
1596286411000,0,0,2020-08-01 12:53:31+00:00,par_15,2020-08-01,2020-08-01 10:08:31+00:00,2020-08-01 15:56:31+00:00,2.0,light
1596286711000,0,0,2020-08-01 12:58:31+00:00,par_15,2020-08-01,2020-08-01 10:08:31+00:00,2020-08-01 15:56:31+00:00,2.0,light
1596287011000,75,44,2020-08-01 13:03:31+00:00,par_15,2020-08-01,2020-08-01 10:08:31+00:00,2020-08-01 15:56:31+00:00,2.0,light
1596287311000,82,29,2020-08-01 13:08:31+00:00,par_15,2020-08-01,2020-08-01 10:08:31+00:00,2020-08-01 15:56:31+00:00,2.0,light
1596287611000,0,0,2020-08-01 13:13:31+00:00,par_15,2020-08-01,2020-08-01 10:08:31+00:00,2020-08-01 15:56:31+00:00,2.0,light
1596287911000,0,0,2020-08-01 13:18:31+00:00,par_15,2020-08-01,2020-08-01 10:08:31+00:00,2020-08-01 15:56:31+00:00,2.0,light
1596288211000,76,52,2020-08-01 13:23:31+00:00,par_15,2020-08-01,2020-08-01 10:08:31+00:00,2020-08-01 15:56:31+00:00,2.0,light
1596288511000,0,0,2020-08-01 13:28:31+00:00,par_15,2020-08-01,2020-08-01 10:08:31+00:00,2020-08-01 15:56:31+00:00,3.0,REM
1596288811000,0,0,2020-08-01 13:33:31+00:00,par_15,2020-08-01,2020-08-01 10:08:31+00:00,2020-08-01 15:56:31+00:00,2.0,light
1596289111000,0,0,2020-08-01 13:38:31+00:00,par_15,2020-08-01,2020-08-01 10:08:31+00:00,2020-08-01 15:56:31+00:00,2.0,light
1596289411000,0,0,2020-08-01 13:43:31+00:00,par_15,2020-08-01,2020-08-01 10:08:31+00:00,2020-08-01 15:56:31+00:00,2.0,light
1596289711000,0,0,2020-08-01 13:48:31+00:00,par_15,2020-08-01,2020-08-01 10:08:31+00:00,2020-08-01 15:56:31+00:00,1.0,deep
1596290011000,0,0,2020-08-01 13:53:31+00:00,par_15,2020-08-01,2020-08-01 10:08:31+00:00,2020-08-01 15:56:31+00:00,1.0,deep
1596290311000,0,0,2020-08-01 13:58:31+00:00,par_15,2020-08-01,2020-08-01 10:08:31+00:00,2020-08-01 15:56:31+00:00,2.0,light
1596290611000,0,0,2020-08-01 14:03:31+00:00,par_15,2020-08-01,2020-08-01 10:08:31+00:00,2020-08-01 15:56:31+00:00,2.0,light
1596290911000,0,0,2020-08-01 14:08:31+00:00,par_15,2020-08-01,2020-08-01 10:08:31+00:00,2020-08-01 15:56:31+00:00,2.0,light
1596291211000,0,0,2020-08-01 14:13:31+00:00,par_15,2020-08-01,2020-08-01 10:08:31+00:00,2020-08-01 15:56:31+00:00,1.0,deep
1596291511000,0,0,2020-08-01 14:18:31+00:00,par_15,2020-08-01,2020-08-01 10:08:31+00:00,2020-08-01 15:56:31+00:00,2.0,light
1596291811000,72,51,2020-08-01 14:23:31+00:00,par_15,2020-08-01,2020-08-01 10:08:31+00:00,2020-08-01 15:56:31+00:00,2.0,light
1596292111000,0,0,2020-08-01 14:28:31+00:00,par_15,2020-08-01,2020-08-01 10:08:31+00:00,2020-08-01 15:56:31+00:00,2.0,light
1596292411000,0,0,2020-08-01 14:33:31+00:00,par_15,2020-08-01,2020-08-01 10:08:31+00:00,2020-08-01 15:56:31+00:00,2.0,light
1596292711000,0,0,2020-08-01 14:38:31+00:00,par_15,2020-08-01,2020-08-01 10:08:31+00:00,2020-08-01 15:56:31+00:00,2.0,light
1596293011000,0,0,2020-08-01 14:43:31+00:00,par_15,2020-08-01,2020-08-01 10:08:31+00:00,2020-08-01 15:56:31+00:00,3.0,REM
1596293311000,78,52,2020-08-01 14:48:31+00:00,par_15,2020-08-01,2020-08-01 10:08:31+00:00,2020-08-01 15:56:31+00:00,3.0,REM
1596293611000,0,0,2020-08-01 14:53:31+00:00,par_15,2020-08-01,2020-08-01 10:08:31+00:00,2020-08-01 15:56:31+00:00,2.0,light
1596293911000,75,40,2020-08-01 14:58:31+00:00,par_15,2020-08-01,2020-08-01 10:08:31+00:00,2020-08-01 15:56:31+00:00,2.0,light
1596294211000,0,0,2020-08-01 15:03:31+00:00,par_15,2020-08-01,2020-08-01 10:08:31+00:00,2020-08-01 15:56:31+00:00,2.0,light
1596294511000,72,61,2020-08-01 15:08:31+00:00,par_15,2020-08-01,2020-08-01 10:08:31+00:00,2020-08-01 15:56:31+00:00,1.0,deep
1596294811000,0,0,2020-08-01 15:13:31+00:00,par_15,2020-08-01,2020-08-01 10:08:31+00:00,2020-08-01 15:56:31+00:00,1.0,deep
1596295111000,0,0,2020-08-01 15:18:31+00:00,par_15,2020-08-01,2020-08-01 10:08:31+00:00,2020-08-01 15:56:31+00:00,2.0,light
1596295411000,72,46,2020-08-01 15:23:31+00:00,par_15,2020-08-01,2020-08-01 10:08:31+00:00,2020-08-01 15:56:31+00:00,2.0,light
1596295711000,70,45,2020-08-01 15:28:31+00:00,par_15,2020-08-01,2020-08-01 10:08:31+00:00,2020-08-01 15:56:31+00:00,2.0,light
1596296011000,73,33,2020-08-01 15:33:31+00:00,par_15,2020-08-01,2020-08-01 10:08:31+00:00,2020-08-01 15:56:31+00:00,2.0,light
1596296311000,78,47,2020-08-01 15:38:31+00:00,par_15,2020-08-01,2020-08-01 10:08:31+00:00,2020-08-01 15:56:31+00:00,2.0,light
1596296611000,0,0,2020-08-01 15:43:31+00:00,par_15,2020-08-01,2020-08-01 10:08:31+00:00,2020-08-01 15:56:31+00:00,2.0,light
1596296911000,0,0,2020-08-01 15:48:31+00:00,par_15,2020-08-01,2020-08-01 10:08:31+00:00,2020-08-01 15:56:31+00:00,4.0,awake
1596297211000,0,0,2020-08-01 15:53:31+00:00,par_15,2020-08-01,2020-08-01 10:08:31+00:00,2020-08-01 15:56:31+00:00,4.0,awake
1596347013000,0,0,2020-08-02 05:43:33+00:00,par_15,2020-08-02,2020-08-02 05:43:33+00:00,2020-08-02 15:47:33+00:00,4.0,awake
1596347313000,73,46,2020-08-02 05:48:33+00:00,par_15,2020-08-02,2020-08-02 05:43:33+00:00,2020-08-02 15:47:33+00:00,2.0,light
1596347613000,72,52,2020-08-02 05:53:33+00:00,par_15,2020-08-02,2020-08-02 05:43:33+00:00,2020-08-02 15:47:33+00:00,1.0,deep
1596347913000,76,51,2020-08-02 05:58:33+00:00,par_15,2020-08-02,2020-08-02 05:43:33+00:00,2020-08-02 15:47:33+00:00,2.0,light
1596348213000,71,54,2020-08-02 06:03:33+00:00,par_15,2020-08-02,2020-08-02 05:43:33+00:00,2020-08-02 15:47:33+00:00,2.0,light
1596348513000,71,52,2020-08-02 06:08:33+00:00,par_15,2020-08-02,2020-08-02 05:43:33+00:00,2020-08-02 15:47:33+00:00,1.0,deep
1596348813000,71,50,2020-08-02 06:13:33+00:00,par_15,2020-08-02,2020-08-02 05:43:33+00:00,2020-08-02 15:47:33+00:00,1.0,deep
1596349113000,71,49,2020-08-02 06:18:33+00:00,par_15,2020-08-02,2020-08-02 05:43:33+00:00,2020-08-02 15:47:33+00:00,1.0,deep
1596349413000,73,58,2020-08-02 06:23:33+00:00,par_15,2020-08-02,2020-08-02 05:43:33+00:00,2020-08-02 15:47:33+00:00,1.0,deep
1596349713000,71,50,2020-08-02 06:28:33+00:00,par_15,2020-08-02,2020-08-02 05:43:33+00:00,2020-08-02 15:47:33+00:00,1.0,deep
1596350013000,72,61,2020-08-02 06:33:33+00:00,par_15,2020-08-02,2020-08-02 05:43:33+00:00,2020-08-02 15:47:33+00:00,2.0,light
1596350313000,70,69,2020-08-02 06:38:33+00:00,par_15,2020-08-02,2020-08-02 05:43:33+00:00,2020-08-02 15:47:33+00:00,2.0,light
1596350613000,72,55,2020-08-02 06:43:33+00:00,par_15,2020-08-02,2020-08-02 05:43:33+00:00,2020-08-02 15:47:33+00:00,2.0,light
1596350913000,77,48,2020-08-02 06:48:33+00:00,par_15,2020-08-02,2020-08-02 05:43:33+00:00,2020-08-02 15:47:33+00:00,1.0,deep
1596351213000,77,36,2020-08-02 06:53:33+00:00,par_15,2020-08-02,2020-08-02 05:43:33+00:00,2020-08-02 15:47:33+00:00,2.0,light
1596351513000,71,48,2020-08-02 06:58:33+00:00,par_15,2020-08-02,2020-08-02 05:43:33+00:00,2020-08-02 15:47:33+00:00,2.0,light
1596351813000,71,46,2020-08-02 07:03:33+00:00,par_15,2020-08-02,2020-08-02 05:43:33+00:00,2020-08-02 15:47:33+00:00,1.0,deep
1596352113000,72,39,2020-08-02 07:08:33+00:00,par_15,2020-08-02,2020-08-02 05:43:33+00:00,2020-08-02 15:47:33+00:00,1.0,deep
1596352413000,70,42,2020-08-02 07:13:33+00:00,par_15,2020-08-02,2020-08-02 05:43:33+00:00,2020-08-02 15:47:33+00:00,1.0,deep
1596352713000,70,42,2020-08-02 07:18:33+00:00,par_15,2020-08-02,2020-08-02 05:43:33+00:00,2020-08-02 15:47:33+00:00,1.0,deep
1596353013000,70,48,2020-08-02 07:23:33+00:00,par_15,2020-08-02,2020-08-02 05:43:33+00:00,2020-08-02 15:47:33+00:00,1.0,deep
1596353313000,70,47,2020-08-02 07:28:33+00:00,par_15,2020-08-02,2020-08-02 05:43:33+00:00,2020-08-02 15:47:33+00:00,1.0,deep
1596353613000,70,67,2020-08-02 07:33:33+00:00,par_15,2020-08-02,2020-08-02 05:43:33+00:00,2020-08-02 15:47:33+00:00,2.0,light
1596353913000,69,56,2020-08-02 07:38:33+00:00,par_15,2020-08-02,2020-08-02 05:43:33+00:00,2020-08-02 15:47:33+00:00,2.0,light
1596354213000,67,60,2020-08-02 07:43:33+00:00,par_15,2020-08-02,2020-08-02 05:43:33+00:00,2020-08-02 15:47:33+00:00,1.0,deep
1596354513000,67,55,2020-08-02 07:48:33+00:00,par_15,2020-08-02,2020-08-02 05:43:33+00:00,2020-08-02 15:47:33+00:00,1.0,deep
1596354813000,69,56,2020-08-02 07:53:33+00:00,par_15,2020-08-02,2020-08-02 05:43:33+00:00,2020-08-02 15:47:33+00:00,1.0,deep
1596355113000,70,55,2020-08-02 07:58:33+00:00,par_15,2020-08-02,2020-08-02 05:43:33+00:00,2020-08-02 15:47:33+00:00,1.0,deep
1596355413000,69,70,2020-08-02 08:03:33+00:00,par_15,2020-08-02,2020-08-02 05:43:33+00:00,2020-08-02 15:47:33+00:00,2.0,light
1596355713000,66,68,2020-08-02 08:08:33+00:00,par_15,2020-08-02,2020-08-02 05:43:33+00:00,2020-08-02 15:47:33+00:00,2.0,light
1596356013000,73,55,2020-08-02 08:13:33+00:00,par_15,2020-08-02,2020-08-02 05:43:33+00:00,2020-08-02 15:47:33+00:00,2.0,light
1596356313000,71,50,2020-08-02 08:18:33+00:00,par_15,2020-08-02,2020-08-02 05:43:33+00:00,2020-08-02 15:47:33+00:00,1.0,deep
1596356613000,0,0,2020-08-02 08:23:33+00:00,par_15,2020-08-02,2020-08-02 05:43:33+00:00,2020-08-02 15:47:33+00:00,1.0,deep
1596356913000,69,60,2020-08-02 08:28:33+00:00,par_15,2020-08-02,2020-08-02 05:43:33+00:00,2020-08-02 15:47:33+00:00,2.0,light
1596357213000,74,42,2020-08-02 08:33:33+00:00,par_15,2020-08-02,2020-08-02 05:43:33+00:00,2020-08-02 15:47:33+00:00,2.0,light
1596357513000,80,36,2020-08-02 08:38:33+00:00,par_15,2020-08-02,2020-08-02 05:43:33+00:00,2020-08-02 15:47:33+00:00,3.0,REM
1596357813000,76,33,2020-08-02 08:43:33+00:00,par_15,2020-08-02,2020-08-02 05:43:33+00:00,2020-08-02 15:47:33+00:00,3.0,REM
1596358113000,79,26,2020-08-02 08:48:33+00:00,par_15,2020-08-02,2020-08-02 05:43:33+00:00,2020-08-02 15:47:33+00:00,2.0,light
1596358413000,72,57,2020-08-02 08:53:33+00:00,par_15,2020-08-02,2020-08-02 05:43:33+00:00,2020-08-02 15:47:33+00:00,2.0,light
1596358713000,71,55,2020-08-02 08:58:33+00:00,par_15,2020-08-02,2020-08-02 05:43:33+00:00,2020-08-02 15:47:33+00:00,2.0,light
1596359013000,0,0,2020-08-02 09:03:33+00:00,par_15,2020-08-02,2020-08-02 05:43:33+00:00,2020-08-02 15:47:33+00:00,3.0,REM
1596359313000,0,0,2020-08-02 09:08:33+00:00,par_15,2020-08-02,2020-08-02 05:43:33+00:00,2020-08-02 15:47:33+00:00,2.0,light
1596359613000,0,0,2020-08-02 09:13:33+00:00,par_15,2020-08-02,2020-08-02 05:43:33+00:00,2020-08-02 15:47:33+00:00,2.0,light
1596359913000,69,59,2020-08-02 09:18:33+00:00,par_15,2020-08-02,2020-08-02 05:43:33+00:00,2020-08-02 15:47:33+00:00,2.0,light
1596360213000,69,55,2020-08-02 09:23:33+00:00,par_15,2020-08-02,2020-08-02 05:43:33+00:00,2020-08-02 15:47:33+00:00,2.0,light
1596360513000,68,67,2020-08-02 09:28:33+00:00,par_15,2020-08-02,2020-08-02 05:43:33+00:00,2020-08-02 15:47:33+00:00,1.0,deep
1596360813000,69,56,2020-08-02 09:33:33+00:00,par_15,2020-08-02,2020-08-02 05:43:33+00:00,2020-08-02 15:47:33+00:00,1.0,deep
1596361113000,68,56,2020-08-02 09:38:33+00:00,par_15,2020-08-02,2020-08-02 05:43:33+00:00,2020-08-02 15:47:33+00:00,1.0,deep
1596361413000,68,47,2020-08-02 09:43:33+00:00,par_15,2020-08-02,2020-08-02 05:43:33+00:00,2020-08-02 15:47:33+00:00,2.0,light
1596361713000,69,51,2020-08-02 09:48:33+00:00,par_15,2020-08-02,2020-08-02 05:43:33+00:00,2020-08-02 15:47:33+00:00,3.0,REM
1596362013000,0,0,2020-08-02 09:53:33+00:00,par_15,2020-08-02,2020-08-02 05:43:33+00:00,2020-08-02 15:47:33+00:00,3.0,REM
1596362313000,0,0,2020-08-02 09:58:33+00:00,par_15,2020-08-02,2020-08-02 05:43:33+00:00,2020-08-02 15:47:33+00:00,3.0,REM
1596362613000,0,0,2020-08-02 10:03:33+00:00,par_15,2020-08-02,2020-08-02 05:43:33+00:00,2020-08-02 15:47:33+00:00,2.0,light
1596362913000,68,51,2020-08-02 10:08:33+00:00,par_15,2020-08-02,2020-08-02 05:43:33+00:00,2020-08-02 15:47:33+00:00,2.0,light
1596363213000,74,53,2020-08-02 10:13:33+00:00,par_15,2020-08-02,2020-08-02 05:43:33+00:00,2020-08-02 15:47:33+00:00,2.0,light
1596363513000,78,28,2020-08-02 10:18:33+00:00,par_15,2020-08-02,2020-08-02 05:43:33+00:00,2020-08-02 15:47:33+00:00,3.0,REM
1596363813000,0,0,2020-08-02 10:23:33+00:00,par_15,2020-08-02,2020-08-02 05:43:33+00:00,2020-08-02 15:47:33+00:00,3.0,REM
1596364113000,0,0,2020-08-02 10:28:33+00:00,par_15,2020-08-02,2020-08-02 05:43:33+00:00,2020-08-02 15:47:33+00:00,3.0,REM
1596364413000,0,0,2020-08-02 10:33:33+00:00,par_15,2020-08-02,2020-08-02 05:43:33+00:00,2020-08-02 15:47:33+00:00,4.0,awake
1596364713000,0,0,2020-08-02 10:38:33+00:00,par_15,2020-08-02,2020-08-02 05:43:33+00:00,2020-08-02 15:47:33+00:00,3.0,REM
1596365013000,0,0,2020-08-02 10:43:33+00:00,par_15,2020-08-02,2020-08-02 05:43:33+00:00,2020-08-02 15:47:33+00:00,3.0,REM
1596365313000,0,0,2020-08-02 10:48:33+00:00,par_15,2020-08-02,2020-08-02 05:43:33+00:00,2020-08-02 15:47:33+00:00,3.0,REM
1596365613000,0,0,2020-08-02 10:53:33+00:00,par_15,2020-08-02,2020-08-02 05:43:33+00:00,2020-08-02 15:47:33+00:00,3.0,REM
1596365913000,0,0,2020-08-02 10:58:33+00:00,par_15,2020-08-02,2020-08-02 05:43:33+00:00,2020-08-02 15:47:33+00:00,3.0,REM
1596366213000,0,0,2020-08-02 11:03:33+00:00,par_15,2020-08-02,2020-08-02 05:43:33+00:00,2020-08-02 15:47:33+00:00,3.0,REM
1596366513000,0,0,2020-08-02 11:08:33+00:00,par_15,2020-08-02,2020-08-02 05:43:33+00:00,2020-08-02 15:47:33+00:00,3.0,REM
1596366813000,0,0,2020-08-02 11:13:33+00:00,par_15,2020-08-02,2020-08-02 05:43:33+00:00,2020-08-02 15:47:33+00:00,3.0,REM
1596367113000,0,0,2020-08-02 11:18:33+00:00,par_15,2020-08-02,2020-08-02 05:43:33+00:00,2020-08-02 15:47:33+00:00,3.0,REM
1596367413000,0,0,2020-08-02 11:23:33+00:00,par_15,2020-08-02,2020-08-02 05:43:33+00:00,2020-08-02 15:47:33+00:00,4.0,awake
1596367713000,0,0,2020-08-02 11:28:33+00:00,par_15,2020-08-02,2020-08-02 05:43:33+00:00,2020-08-02 15:47:33+00:00,4.0,awake
1596368013000,70,52,2020-08-02 11:33:33+00:00,par_15,2020-08-02,2020-08-02 05:43:33+00:00,2020-08-02 15:47:33+00:00,2.0,light
1596368313000,73,49,2020-08-02 11:38:33+00:00,par_15,2020-08-02,2020-08-02 05:43:33+00:00,2020-08-02 15:47:33+00:00,2.0,light
1596368613000,0,0,2020-08-02 11:43:33+00:00,par_15,2020-08-02,2020-08-02 05:43:33+00:00,2020-08-02 15:47:33+00:00,3.0,REM
1596368913000,0,0,2020-08-02 11:48:33+00:00,par_15,2020-08-02,2020-08-02 05:43:33+00:00,2020-08-02 15:47:33+00:00,3.0,REM
1596369213000,75,44,2020-08-02 11:53:33+00:00,par_15,2020-08-02,2020-08-02 05:43:33+00:00,2020-08-02 15:47:33+00:00,2.0,light
1596369513000,73,41,2020-08-02 11:58:33+00:00,par_15,2020-08-02,2020-08-02 05:43:33+00:00,2020-08-02 15:47:33+00:00,2.0,light
1596369813000,0,0,2020-08-02 12:03:33+00:00,par_15,2020-08-02,2020-08-02 05:43:33+00:00,2020-08-02 15:47:33+00:00,3.0,REM
1596370113000,0,0,2020-08-02 12:08:33+00:00,par_15,2020-08-02,2020-08-02 05:43:33+00:00,2020-08-02 15:47:33+00:00,2.0,light
1596370413000,0,0,2020-08-02 12:13:33+00:00,par_15,2020-08-02,2020-08-02 05:43:33+00:00,2020-08-02 15:47:33+00:00,2.0,light
1596370713000,66,80,2020-08-02 12:18:33+00:00,par_15,2020-08-02,2020-08-02 05:43:33+00:00,2020-08-02 15:47:33+00:00,2.0,light
1596371013000,68,62,2020-08-02 12:23:33+00:00,par_15,2020-08-02,2020-08-02 05:43:33+00:00,2020-08-02 15:47:33+00:00,2.0,light
1596371313000,67,60,2020-08-02 12:28:33+00:00,par_15,2020-08-02,2020-08-02 05:43:33+00:00,2020-08-02 15:47:33+00:00,1.0,deep
1596371613000,69,64,2020-08-02 12:33:33+00:00,par_15,2020-08-02,2020-08-02 05:43:33+00:00,2020-08-02 15:47:33+00:00,1.0,deep
1596371913000,66,60,2020-08-02 12:38:33+00:00,par_15,2020-08-02,2020-08-02 05:43:33+00:00,2020-08-02 15:47:33+00:00,2.0,light
1596372213000,66,57,2020-08-02 12:43:33+00:00,par_15,2020-08-02,2020-08-02 05:43:33+00:00,2020-08-02 15:47:33+00:00,2.0,light
1596372513000,66,57,2020-08-02 12:48:33+00:00,par_15,2020-08-02,2020-08-02 05:43:33+00:00,2020-08-02 15:47:33+00:00,2.0,light
1596372813000,66,64,2020-08-02 12:53:33+00:00,par_15,2020-08-02,2020-08-02 05:43:33+00:00,2020-08-02 15:47:33+00:00,2.0,light
1596373113000,67,62,2020-08-02 12:58:33+00:00,par_15,2020-08-02,2020-08-02 05:43:33+00:00,2020-08-02 15:47:33+00:00,1.0,deep
1596373413000,67,72,2020-08-02 13:03:33+00:00,par_15,2020-08-02,2020-08-02 05:43:33+00:00,2020-08-02 15:47:33+00:00,3.0,REM
1596373713000,0,0,2020-08-02 13:08:33+00:00,par_15,2020-08-02,2020-08-02 05:43:33+00:00,2020-08-02 15:47:33+00:00,3.0,REM
1596374013000,77,29,2020-08-02 13:13:33+00:00,par_15,2020-08-02,2020-08-02 05:43:33+00:00,2020-08-02 15:47:33+00:00,3.0,REM
1596374313000,77,37,2020-08-02 13:18:33+00:00,par_15,2020-08-02,2020-08-02 05:43:33+00:00,2020-08-02 15:47:33+00:00,2.0,light
1596374613000,74,54,2020-08-02 13:23:33+00:00,par_15,2020-08-02,2020-08-02 05:43:33+00:00,2020-08-02 15:47:33+00:00,2.0,light
1596374913000,72,51,2020-08-02 13:28:33+00:00,par_15,2020-08-02,2020-08-02 05:43:33+00:00,2020-08-02 15:47:33+00:00,2.0,light
1596375213000,73,48,2020-08-02 13:33:33+00:00,par_15,2020-08-02,2020-08-02 05:43:33+00:00,2020-08-02 15:47:33+00:00,2.0,light
1596375513000,71,52,2020-08-02 13:38:33+00:00,par_15,2020-08-02,2020-08-02 05:43:33+00:00,2020-08-02 15:47:33+00:00,2.0,light
1596375813000,72,49,2020-08-02 13:43:33+00:00,par_15,2020-08-02,2020-08-02 05:43:33+00:00,2020-08-02 15:47:33+00:00,2.0,light
1596376113000,69,47,2020-08-02 13:48:33+00:00,par_15,2020-08-02,2020-08-02 05:43:33+00:00,2020-08-02 15:47:33+00:00,2.0,light
1596376413000,68,52,2020-08-02 13:53:33+00:00,par_15,2020-08-02,2020-08-02 05:43:33+00:00,2020-08-02 15:47:33+00:00,2.0,light
1596376713000,70,50,2020-08-02 13:58:33+00:00,par_15,2020-08-02,2020-08-02 05:43:33+00:00,2020-08-02 15:47:33+00:00,2.0,light
1596377013000,70,51,2020-08-02 14:03:33+00:00,par_15,2020-08-02,2020-08-02 05:43:33+00:00,2020-08-02 15:47:33+00:00,2.0,light
1596377313000,0,0,2020-08-02 14:08:33+00:00,par_15,2020-08-02,2020-08-02 05:43:33+00:00,2020-08-02 15:47:33+00:00,1.0,deep
1596377613000,0,0,2020-08-02 14:13:33+00:00,par_15,2020-08-02,2020-08-02 05:43:33+00:00,2020-08-02 15:47:33+00:00,2.0,light
1596377913000,69,61,2020-08-02 14:18:33+00:00,par_15,2020-08-02,2020-08-02 05:43:33+00:00,2020-08-02 15:47:33+00:00,2.0,light
1596378213000,72,63,2020-08-02 14:23:33+00:00,par_15,2020-08-02,2020-08-02 05:43:33+00:00,2020-08-02 15:47:33+00:00,2.0,light
1596378513000,75,51,2020-08-02 14:28:33+00:00,par_15,2020-08-02,2020-08-02 05:43:33+00:00,2020-08-02 15:47:33+00:00,2.0,light
1596378813000,75,50,2020-08-02 14:33:33+00:00,par_15,2020-08-02,2020-08-02 05:43:33+00:00,2020-08-02 15:47:33+00:00,2.0,light
1596379113000,75,44,2020-08-02 14:38:33+00:00,par_15,2020-08-02,2020-08-02 05:43:33+00:00,2020-08-02 15:47:33+00:00,2.0,light
1596379413000,76,40,2020-08-02 14:43:33+00:00,par_15,2020-08-02,2020-08-02 05:43:33+00:00,2020-08-02 15:47:33+00:00,2.0,light
1596379713000,74,42,2020-08-02 14:48:33+00:00,par_15,2020-08-02,2020-08-02 05:43:33+00:00,2020-08-02 15:47:33+00:00,3.0,REM
1596380013000,0,0,2020-08-02 14:53:33+00:00,par_15,2020-08-02,2020-08-02 05:43:33+00:00,2020-08-02 15:47:33+00:00,2.0,light
1596380313000,68,67,2020-08-02 14:58:33+00:00,par_15,2020-08-02,2020-08-02 05:43:33+00:00,2020-08-02 15:47:33+00:00,3.0,REM
1596380613000,0,0,2020-08-02 15:03:33+00:00,par_15,2020-08-02,2020-08-02 05:43:33+00:00,2020-08-02 15:47:33+00:00,3.0,REM
1596380913000,0,0,2020-08-02 15:08:33+00:00,par_15,2020-08-02,2020-08-02 05:43:33+00:00,2020-08-02 15:47:33+00:00,3.0,REM
1596381213000,0,0,2020-08-02 15:13:33+00:00,par_15,2020-08-02,2020-08-02 05:43:33+00:00,2020-08-02 15:47:33+00:00,3.0,REM
1596381513000,0,0,2020-08-02 15:18:33+00:00,par_15,2020-08-02,2020-08-02 05:43:33+00:00,2020-08-02 15:47:33+00:00,3.0,REM
1596381813000,74,36,2020-08-02 15:23:33+00:00,par_15,2020-08-02,2020-08-02 05:43:33+00:00,2020-08-02 15:47:33+00:00,2.0,light
1596382113000,0,0,2020-08-02 15:28:33+00:00,par_15,2020-08-02,2020-08-02 05:43:33+00:00,2020-08-02 15:47:33+00:00,2.0,light
1596382413000,0,0,2020-08-02 15:33:33+00:00,par_15,2020-08-02,2020-08-02 05:43:33+00:00,2020-08-02 15:47:33+00:00,2.0,light
1596382713000,80,49,2020-08-02 15:38:33+00:00,par_15,2020-08-02,2020-08-02 05:43:33+00:00,2020-08-02 15:47:33+00:00,2.0,light
1596383013000,78,51,2020-08-02 15:43:33+00:00,par_15,2020-08-02,2020-08-02 05:43:33+00:00,2020-08-02 15:47:33+00:00,4.0,awake
1596434760000,0,0,2020-08-03 06:06:00+00:00,par_15,2020-08-03,2020-08-03 06:06:00+00:00,2020-08-03 17:24:00+00:00,4.0,awake
1596435060000,82,31,2020-08-03 06:11:00+00:00,par_15,2020-08-03,2020-08-03 06:06:00+00:00,2020-08-03 17:24:00+00:00,2.0,light
1596435360000,82,30,2020-08-03 06:16:00+00:00,par_15,2020-08-03,2020-08-03 06:06:00+00:00,2020-08-03 17:24:00+00:00,2.0,light
1596435660000,81,34,2020-08-03 06:21:00+00:00,par_15,2020-08-03,2020-08-03 06:06:00+00:00,2020-08-03 17:24:00+00:00,2.0,light
1596435960000,83,19,2020-08-03 06:26:00+00:00,par_15,2020-08-03,2020-08-03 06:06:00+00:00,2020-08-03 17:24:00+00:00,3.0,REM
1596436260000,0,0,2020-08-03 06:31:00+00:00,par_15,2020-08-03,2020-08-03 06:06:00+00:00,2020-08-03 17:24:00+00:00,4.0,awake
1596436560000,83,22,2020-08-03 06:36:00+00:00,par_15,2020-08-03,2020-08-03 06:06:00+00:00,2020-08-03 17:24:00+00:00,4.0,awake
1596436860000,81,43,2020-08-03 06:41:00+00:00,par_15,2020-08-03,2020-08-03 06:06:00+00:00,2020-08-03 17:24:00+00:00,2.0,light
1596437160000,80,44,2020-08-03 06:46:00+00:00,par_15,2020-08-03,2020-08-03 06:06:00+00:00,2020-08-03 17:24:00+00:00,2.0,light
1596437460000,78,49,2020-08-03 06:51:00+00:00,par_15,2020-08-03,2020-08-03 06:06:00+00:00,2020-08-03 17:24:00+00:00,1.0,deep
1596437760000,79,54,2020-08-03 06:56:00+00:00,par_15,2020-08-03,2020-08-03 06:06:00+00:00,2020-08-03 17:24:00+00:00,1.0,deep
1596438060000,79,45,2020-08-03 07:01:00+00:00,par_15,2020-08-03,2020-08-03 06:06:00+00:00,2020-08-03 17:24:00+00:00,1.0,deep
1596438360000,78,54,2020-08-03 07:06:00+00:00,par_15,2020-08-03,2020-08-03 06:06:00+00:00,2020-08-03 17:24:00+00:00,1.0,deep
1596438660000,79,53,2020-08-03 07:11:00+00:00,par_15,2020-08-03,2020-08-03 06:06:00+00:00,2020-08-03 17:24:00+00:00,1.0,deep
1596438960000,78,55,2020-08-03 07:16:00+00:00,par_15,2020-08-03,2020-08-03 06:06:00+00:00,2020-08-03 17:24:00+00:00,1.0,deep
1596439260000,79,64,2020-08-03 07:21:00+00:00,par_15,2020-08-03,2020-08-03 06:06:00+00:00,2020-08-03 17:24:00+00:00,1.0,deep
1596439560000,0,0,2020-08-03 07:26:00+00:00,par_15,2020-08-03,2020-08-03 06:06:00+00:00,2020-08-03 17:24:00+00:00,1.0,deep
1596439860000,74,57,2020-08-03 07:31:00+00:00,par_15,2020-08-03,2020-08-03 06:06:00+00:00,2020-08-03 17:24:00+00:00,2.0,light
1596440160000,81,27,2020-08-03 07:36:00+00:00,par_15,2020-08-03,2020-08-03 06:06:00+00:00,2020-08-03 17:24:00+00:00,2.0,light
1596440460000,81,33,2020-08-03 07:41:00+00:00,par_15,2020-08-03,2020-08-03 06:06:00+00:00,2020-08-03 17:24:00+00:00,2.0,light
1596440760000,81,38,2020-08-03 07:46:00+00:00,par_15,2020-08-03,2020-08-03 06:06:00+00:00,2020-08-03 17:24:00+00:00,3.0,REM
1596441060000,77,48,2020-08-03 07:51:00+00:00,par_15,2020-08-03,2020-08-03 06:06:00+00:00,2020-08-03 17:24:00+00:00,1.0,deep
1596441360000,74,49,2020-08-03 07:56:00+00:00,par_15,2020-08-03,2020-08-03 06:06:00+00:00,2020-08-03 17:24:00+00:00,2.0,light
1596441660000,0,0,2020-08-03 08:01:00+00:00,par_15,2020-08-03,2020-08-03 06:06:00+00:00,2020-08-03 17:24:00+00:00,2.0,light
1596441960000,72,54,2020-08-03 08:06:00+00:00,par_15,2020-08-03,2020-08-03 06:06:00+00:00,2020-08-03 17:24:00+00:00,2.0,light
1596442260000,0,0,2020-08-03 08:11:00+00:00,par_15,2020-08-03,2020-08-03 06:06:00+00:00,2020-08-03 17:24:00+00:00,1.0,deep
1596442560000,0,0,2020-08-03 08:16:00+00:00,par_15,2020-08-03,2020-08-03 06:06:00+00:00,2020-08-03 17:24:00+00:00,1.0,deep
1596442860000,0,0,2020-08-03 08:21:00+00:00,par_15,2020-08-03,2020-08-03 06:06:00+00:00,2020-08-03 17:24:00+00:00,1.0,deep
1596443160000,0,0,2020-08-03 08:26:00+00:00,par_15,2020-08-03,2020-08-03 06:06:00+00:00,2020-08-03 17:24:00+00:00,1.0,deep
1596443460000,0,0,2020-08-03 08:31:00+00:00,par_15,2020-08-03,2020-08-03 06:06:00+00:00,2020-08-03 17:24:00+00:00,1.0,deep
1596443760000,0,0,2020-08-03 08:36:00+00:00,par_15,2020-08-03,2020-08-03 06:06:00+00:00,2020-08-03 17:24:00+00:00,1.0,deep
1596444060000,0,0,2020-08-03 08:41:00+00:00,par_15,2020-08-03,2020-08-03 06:06:00+00:00,2020-08-03 17:24:00+00:00,3.0,REM
1596444360000,0,0,2020-08-03 08:46:00+00:00,par_15,2020-08-03,2020-08-03 06:06:00+00:00,2020-08-03 17:24:00+00:00,3.0,REM
1596444660000,0,0,2020-08-03 08:51:00+00:00,par_15,2020-08-03,2020-08-03 06:06:00+00:00,2020-08-03 17:24:00+00:00,3.0,REM
1596444960000,67,76,2020-08-03 08:56:00+00:00,par_15,2020-08-03,2020-08-03 06:06:00+00:00,2020-08-03 17:24:00+00:00,2.0,light
1596445260000,0,0,2020-08-03 09:01:00+00:00,par_15,2020-08-03,2020-08-03 06:06:00+00:00,2020-08-03 17:24:00+00:00,2.0,light
1596445560000,64,79,2020-08-03 09:06:00+00:00,par_15,2020-08-03,2020-08-03 06:06:00+00:00,2020-08-03 17:24:00+00:00,1.0,deep
1596445860000,0,0,2020-08-03 09:11:00+00:00,par_15,2020-08-03,2020-08-03 06:06:00+00:00,2020-08-03 17:24:00+00:00,3.0,REM
1596446160000,0,0,2020-08-03 09:16:00+00:00,par_15,2020-08-03,2020-08-03 06:06:00+00:00,2020-08-03 17:24:00+00:00,3.0,REM
1596446460000,75,33,2020-08-03 09:21:00+00:00,par_15,2020-08-03,2020-08-03 06:06:00+00:00,2020-08-03 17:24:00+00:00,3.0,REM
1596446760000,73,59,2020-08-03 09:26:00+00:00,par_15,2020-08-03,2020-08-03 06:06:00+00:00,2020-08-03 17:24:00+00:00,2.0,light
1596447060000,73,56,2020-08-03 09:31:00+00:00,par_15,2020-08-03,2020-08-03 06:06:00+00:00,2020-08-03 17:24:00+00:00,2.0,light
1596447360000,68,79,2020-08-03 09:36:00+00:00,par_15,2020-08-03,2020-08-03 06:06:00+00:00,2020-08-03 17:24:00+00:00,2.0,light
1596447660000,68,77,2020-08-03 09:41:00+00:00,par_15,2020-08-03,2020-08-03 06:06:00+00:00,2020-08-03 17:24:00+00:00,2.0,light
1596447960000,0,0,2020-08-03 09:46:00+00:00,par_15,2020-08-03,2020-08-03 06:06:00+00:00,2020-08-03 17:24:00+00:00,1.0,deep
1596448260000,0,0,2020-08-03 09:51:00+00:00,par_15,2020-08-03,2020-08-03 06:06:00+00:00,2020-08-03 17:24:00+00:00,2.0,light
1596448560000,0,0,2020-08-03 09:56:00+00:00,par_15,2020-08-03,2020-08-03 06:06:00+00:00,2020-08-03 17:24:00+00:00,2.0,light
1596448860000,0,0,2020-08-03 10:01:00+00:00,par_15,2020-08-03,2020-08-03 06:06:00+00:00,2020-08-03 17:24:00+00:00,1.0,deep
1596449160000,0,0,2020-08-03 10:06:00+00:00,par_15,2020-08-03,2020-08-03 06:06:00+00:00,2020-08-03 17:24:00+00:00,1.0,deep
1596449460000,0,0,2020-08-03 10:11:00+00:00,par_15,2020-08-03,2020-08-03 06:06:00+00:00,2020-08-03 17:24:00+00:00,1.0,deep
1596449760000,0,0,2020-08-03 10:16:00+00:00,par_15,2020-08-03,2020-08-03 06:06:00+00:00,2020-08-03 17:24:00+00:00,1.0,deep
1596450060000,0,0,2020-08-03 10:21:00+00:00,par_15,2020-08-03,2020-08-03 06:06:00+00:00,2020-08-03 17:24:00+00:00,1.0,deep
1596450360000,68,80,2020-08-03 10:26:00+00:00,par_15,2020-08-03,2020-08-03 06:06:00+00:00,2020-08-03 17:24:00+00:00,2.0,light
1596450660000,0,0,2020-08-03 10:31:00+00:00,par_15,2020-08-03,2020-08-03 06:06:00+00:00,2020-08-03 17:24:00+00:00,2.0,light
1596450960000,0,0,2020-08-03 10:36:00+00:00,par_15,2020-08-03,2020-08-03 06:06:00+00:00,2020-08-03 17:24:00+00:00,3.0,REM
1596451260000,0,0,2020-08-03 10:41:00+00:00,par_15,2020-08-03,2020-08-03 06:06:00+00:00,2020-08-03 17:24:00+00:00,3.0,REM
1596451560000,0,0,2020-08-03 10:46:00+00:00,par_15,2020-08-03,2020-08-03 06:06:00+00:00,2020-08-03 17:24:00+00:00,4.0,awake
1596451860000,0,0,2020-08-03 10:51:00+00:00,par_15,2020-08-03,2020-08-03 06:06:00+00:00,2020-08-03 17:24:00+00:00,4.0,awake
1596452160000,0,0,2020-08-03 10:56:00+00:00,par_15,2020-08-03,2020-08-03 06:06:00+00:00,2020-08-03 17:24:00+00:00,4.0,awake
1596452460000,0,0,2020-08-03 11:01:00+00:00,par_15,2020-08-03,2020-08-03 06:06:00+00:00,2020-08-03 17:24:00+00:00,4.0,awake
1596452760000,0,0,2020-08-03 11:06:00+00:00,par_15,2020-08-03,2020-08-03 06:06:00+00:00,2020-08-03 17:24:00+00:00,4.0,awake
1596453060000,0,0,2020-08-03 11:11:00+00:00,par_15,2020-08-03,2020-08-03 06:06:00+00:00,2020-08-03 17:24:00+00:00,4.0,awake
1596453360000,0,0,2020-08-03 11:16:00+00:00,par_15,2020-08-03,2020-08-03 06:06:00+00:00,2020-08-03 17:24:00+00:00,4.0,awake
1596453660000,0,0,2020-08-03 11:21:00+00:00,par_15,2020-08-03,2020-08-03 06:06:00+00:00,2020-08-03 17:24:00+00:00,4.0,awake
1596453960000,0,0,2020-08-03 11:26:00+00:00,par_15,2020-08-03,2020-08-03 06:06:00+00:00,2020-08-03 17:24:00+00:00,4.0,awake
1596454260000,0,0,2020-08-03 11:31:00+00:00,par_15,2020-08-03,2020-08-03 06:06:00+00:00,2020-08-03 17:24:00+00:00,4.0,awake
1596454560000,0,0,2020-08-03 11:36:00+00:00,par_15,2020-08-03,2020-08-03 06:06:00+00:00,2020-08-03 17:24:00+00:00,4.0,awake
1596454860000,0,0,2020-08-03 11:41:00+00:00,par_15,2020-08-03,2020-08-03 06:06:00+00:00,2020-08-03 17:24:00+00:00,4.0,awake
1596455160000,0,0,2020-08-03 11:46:00+00:00,par_15,2020-08-03,2020-08-03 06:06:00+00:00,2020-08-03 17:24:00+00:00,4.0,awake
1596455460000,72,46,2020-08-03 11:51:00+00:00,par_15,2020-08-03,2020-08-03 06:06:00+00:00,2020-08-03 17:24:00+00:00,4.0,awake
1596455760000,73,44,2020-08-03 11:56:00+00:00,par_15,2020-08-03,2020-08-03 06:06:00+00:00,2020-08-03 17:24:00+00:00,2.0,light
1596456060000,74,38,2020-08-03 12:01:00+00:00,par_15,2020-08-03,2020-08-03 06:06:00+00:00,2020-08-03 17:24:00+00:00,2.0,light
1596456360000,73,45,2020-08-03 12:06:00+00:00,par_15,2020-08-03,2020-08-03 06:06:00+00:00,2020-08-03 17:24:00+00:00,3.0,REM
1596456660000,73,45,2020-08-03 12:11:00+00:00,par_15,2020-08-03,2020-08-03 06:06:00+00:00,2020-08-03 17:24:00+00:00,3.0,REM
1596456960000,74,41,2020-08-03 12:16:00+00:00,par_15,2020-08-03,2020-08-03 06:06:00+00:00,2020-08-03 17:24:00+00:00,3.0,REM
1596457260000,0,0,2020-08-03 12:21:00+00:00,par_15,2020-08-03,2020-08-03 06:06:00+00:00,2020-08-03 17:24:00+00:00,4.0,awake
1596457560000,74,43,2020-08-03 12:26:00+00:00,par_15,2020-08-03,2020-08-03 06:06:00+00:00,2020-08-03 17:24:00+00:00,4.0,awake
1596457860000,75,47,2020-08-03 12:31:00+00:00,par_15,2020-08-03,2020-08-03 06:06:00+00:00,2020-08-03 17:24:00+00:00,2.0,light
1596458160000,74,40,2020-08-03 12:36:00+00:00,par_15,2020-08-03,2020-08-03 06:06:00+00:00,2020-08-03 17:24:00+00:00,4.0,awake
1596458460000,73,57,2020-08-03 12:41:00+00:00,par_15,2020-08-03,2020-08-03 06:06:00+00:00,2020-08-03 17:24:00+00:00,2.0,light
1596458760000,72,70,2020-08-03 12:46:00+00:00,par_15,2020-08-03,2020-08-03 06:06:00+00:00,2020-08-03 17:24:00+00:00,2.0,light
1596459060000,76,37,2020-08-03 12:51:00+00:00,par_15,2020-08-03,2020-08-03 06:06:00+00:00,2020-08-03 17:24:00+00:00,4.0,awake
1596459360000,85,20,2020-08-03 12:56:00+00:00,par_15,2020-08-03,2020-08-03 06:06:00+00:00,2020-08-03 17:24:00+00:00,4.0,awake
1596459660000,72,49,2020-08-03 13:01:00+00:00,par_15,2020-08-03,2020-08-03 06:06:00+00:00,2020-08-03 17:24:00+00:00,4.0,awake
1596459960000,79,38,2020-08-03 13:06:00+00:00,par_15,2020-08-03,2020-08-03 06:06:00+00:00,2020-08-03 17:24:00+00:00,4.0,awake
1596460260000,0,0,2020-08-03 13:11:00+00:00,par_15,2020-08-03,2020-08-03 06:06:00+00:00,2020-08-03 17:24:00+00:00,4.0,awake
1596460560000,0,0,2020-08-03 13:16:00+00:00,par_15,2020-08-03,2020-08-03 06:06:00+00:00,2020-08-03 17:24:00+00:00,4.0,awake
1596460860000,0,0,2020-08-03 13:21:00+00:00,par_15,2020-08-03,2020-08-03 06:06:00+00:00,2020-08-03 17:24:00+00:00,4.0,awake
1596461160000,0,0,2020-08-03 13:26:00+00:00,par_15,2020-08-03,2020-08-03 06:06:00+00:00,2020-08-03 17:24:00+00:00,4.0,awake
1596461460000,0,0,2020-08-03 13:31:00+00:00,par_15,2020-08-03,2020-08-03 06:06:00+00:00,2020-08-03 17:24:00+00:00,4.0,awake
1596461760000,0,0,2020-08-03 13:36:00+00:00,par_15,2020-08-03,2020-08-03 06:06:00+00:00,2020-08-03 17:24:00+00:00,4.0,awake
1596462060000,0,0,2020-08-03 13:41:00+00:00,par_15,2020-08-03,2020-08-03 06:06:00+00:00,2020-08-03 17:24:00+00:00,4.0,awake
1596462360000,0,0,2020-08-03 13:46:00+00:00,par_15,2020-08-03,2020-08-03 06:06:00+00:00,2020-08-03 17:24:00+00:00,4.0,awake
1596462660000,0,0,2020-08-03 13:51:00+00:00,par_15,2020-08-03,2020-08-03 06:06:00+00:00,2020-08-03 17:24:00+00:00,4.0,awake
1596462960000,0,0,2020-08-03 13:56:00+00:00,par_15,2020-08-03,2020-08-03 06:06:00+00:00,2020-08-03 17:24:00+00:00,4.0,awake
1596463260000,0,0,2020-08-03 14:01:00+00:00,par_15,2020-08-03,2020-08-03 06:06:00+00:00,2020-08-03 17:24:00+00:00,2.0,light
1596463560000,0,0,2020-08-03 14:06:00+00:00,par_15,2020-08-03,2020-08-03 06:06:00+00:00,2020-08-03 17:24:00+00:00,3.0,REM
1596463860000,0,0,2020-08-03 14:11:00+00:00,par_15,2020-08-03,2020-08-03 06:06:00+00:00,2020-08-03 17:24:00+00:00,3.0,REM
1596464160000,0,0,2020-08-03 14:16:00+00:00,par_15,2020-08-03,2020-08-03 06:06:00+00:00,2020-08-03 17:24:00+00:00,3.0,REM
1596464460000,0,0,2020-08-03 14:21:00+00:00,par_15,2020-08-03,2020-08-03 06:06:00+00:00,2020-08-03 17:24:00+00:00,3.0,REM
1596464760000,0,0,2020-08-03 14:26:00+00:00,par_15,2020-08-03,2020-08-03 06:06:00+00:00,2020-08-03 17:24:00+00:00,3.0,REM
1596465060000,0,0,2020-08-03 14:31:00+00:00,par_15,2020-08-03,2020-08-03 06:06:00+00:00,2020-08-03 17:24:00+00:00,3.0,REM
1596465360000,77,35,2020-08-03 14:36:00+00:00,par_15,2020-08-03,2020-08-03 06:06:00+00:00,2020-08-03 17:24:00+00:00,3.0,REM
1596465660000,76,38,2020-08-03 14:41:00+00:00,par_15,2020-08-03,2020-08-03 06:06:00+00:00,2020-08-03 17:24:00+00:00,2.0,light
1596465960000,80,25,2020-08-03 14:46:00+00:00,par_15,2020-08-03,2020-08-03 06:06:00+00:00,2020-08-03 17:24:00+00:00,2.0,light
1596466260000,78,31,2020-08-03 14:51:00+00:00,par_15,2020-08-03,2020-08-03 06:06:00+00:00,2020-08-03 17:24:00+00:00,3.0,REM
1596466560000,0,0,2020-08-03 14:56:00+00:00,par_15,2020-08-03,2020-08-03 06:06:00+00:00,2020-08-03 17:24:00+00:00,3.0,REM
1596466860000,0,0,2020-08-03 15:01:00+00:00,par_15,2020-08-03,2020-08-03 06:06:00+00:00,2020-08-03 17:24:00+00:00,3.0,REM
1596467160000,73,52,2020-08-03 15:06:00+00:00,par_15,2020-08-03,2020-08-03 06:06:00+00:00,2020-08-03 17:24:00+00:00,3.0,REM
1596467460000,71,53,2020-08-03 15:11:00+00:00,par_15,2020-08-03,2020-08-03 06:06:00+00:00,2020-08-03 17:24:00+00:00,2.0,light
1596467760000,71,50,2020-08-03 15:16:00+00:00,par_15,2020-08-03,2020-08-03 06:06:00+00:00,2020-08-03 17:24:00+00:00,2.0,light
1596468060000,71,53,2020-08-03 15:21:00+00:00,par_15,2020-08-03,2020-08-03 06:06:00+00:00,2020-08-03 17:24:00+00:00,2.0,light
1596468360000,71,47,2020-08-03 15:26:00+00:00,par_15,2020-08-03,2020-08-03 06:06:00+00:00,2020-08-03 17:24:00+00:00,2.0,light
1596468660000,75,54,2020-08-03 15:31:00+00:00,par_15,2020-08-03,2020-08-03 06:06:00+00:00,2020-08-03 17:24:00+00:00,2.0,light
1596468960000,69,52,2020-08-03 15:36:00+00:00,par_15,2020-08-03,2020-08-03 06:06:00+00:00,2020-08-03 17:24:00+00:00,2.0,light
1596469260000,70,47,2020-08-03 15:41:00+00:00,par_15,2020-08-03,2020-08-03 06:06:00+00:00,2020-08-03 17:24:00+00:00,2.0,light
1596469560000,69,46,2020-08-03 15:46:00+00:00,par_15,2020-08-03,2020-08-03 06:06:00+00:00,2020-08-03 17:24:00+00:00,1.0,deep
1596469860000,69,50,2020-08-03 15:51:00+00:00,par_15,2020-08-03,2020-08-03 06:06:00+00:00,2020-08-03 17:24:00+00:00,1.0,deep
1596470160000,69,54,2020-08-03 15:56:00+00:00,par_15,2020-08-03,2020-08-03 06:06:00+00:00,2020-08-03 17:24:00+00:00,1.0,deep
1596470460000,69,58,2020-08-03 16:01:00+00:00,par_15,2020-08-03,2020-08-03 06:06:00+00:00,2020-08-03 17:24:00+00:00,1.0,deep
1596470760000,69,56,2020-08-03 16:06:00+00:00,par_15,2020-08-03,2020-08-03 06:06:00+00:00,2020-08-03 17:24:00+00:00,1.0,deep
1596471060000,69,52,2020-08-03 16:11:00+00:00,par_15,2020-08-03,2020-08-03 06:06:00+00:00,2020-08-03 17:24:00+00:00,1.0,deep
1596471360000,71,61,2020-08-03 16:16:00+00:00,par_15,2020-08-03,2020-08-03 06:06:00+00:00,2020-08-03 17:24:00+00:00,1.0,deep
1596471660000,69,58,2020-08-03 16:21:00+00:00,par_15,2020-08-03,2020-08-03 06:06:00+00:00,2020-08-03 17:24:00+00:00,2.0,light
1596471960000,67,74,2020-08-03 16:26:00+00:00,par_15,2020-08-03,2020-08-03 06:06:00+00:00,2020-08-03 17:24:00+00:00,2.0,light
1596472260000,71,70,2020-08-03 16:31:00+00:00,par_15,2020-08-03,2020-08-03 06:06:00+00:00,2020-08-03 17:24:00+00:00,2.0,light
1596472560000,71,59,2020-08-03 16:36:00+00:00,par_15,2020-08-03,2020-08-03 06:06:00+00:00,2020-08-03 17:24:00+00:00,2.0,light
1596472860000,70,58,2020-08-03 16:41:00+00:00,par_15,2020-08-03,2020-08-03 06:06:00+00:00,2020-08-03 17:24:00+00:00,3.0,REM
1596473160000,74,49,2020-08-03 16:46:00+00:00,par_15,2020-08-03,2020-08-03 06:06:00+00:00,2020-08-03 17:24:00+00:00,3.0,REM
1596473460000,0,0,2020-08-03 16:51:00+00:00,par_15,2020-08-03,2020-08-03 06:06:00+00:00,2020-08-03 17:24:00+00:00,3.0,REM
1596473760000,0,0,2020-08-03 16:56:00+00:00,par_15,2020-08-03,2020-08-03 06:06:00+00:00,2020-08-03 17:24:00+00:00,3.0,REM
1596474060000,66,69,2020-08-03 17:01:00+00:00,par_15,2020-08-03,2020-08-03 06:06:00+00:00,2020-08-03 17:24:00+00:00,3.0,REM
1596474360000,66,69,2020-08-03 17:06:00+00:00,par_15,2020-08-03,2020-08-03 06:06:00+00:00,2020-08-03 17:24:00+00:00,2.0,light
1596474660000,67,67,2020-08-03 17:11:00+00:00,par_15,2020-08-03,2020-08-03 06:06:00+00:00,2020-08-03 17:24:00+00:00,2.0,light
1596474960000,81,51,2020-08-03 17:16:00+00:00,par_15,2020-08-03,2020-08-03 06:06:00+00:00,2020-08-03 17:24:00+00:00,4.0,awake
1596475260000,0,0,2020-08-03 17:21:00+00:00,par_15,2020-08-03,2020-08-03 06:06:00+00:00,2020-08-03 17:24:00+00:00,4.0,awake
1596521221000,82,23,2020-08-04 06:07:01+00:00,par_15,2020-08-04,2020-08-04 06:07:01+00:00,2020-08-04 15:51:01+00:00,4.0,awake
1596521521000,78,40,2020-08-04 06:12:01+00:00,par_15,2020-08-04,2020-08-04 06:07:01+00:00,2020-08-04 15:51:01+00:00,4.0,awake
1596521821000,78,33,2020-08-04 06:17:01+00:00,par_15,2020-08-04,2020-08-04 06:07:01+00:00,2020-08-04 15:51:01+00:00,4.0,awake
1596522121000,75,35,2020-08-04 06:22:01+00:00,par_15,2020-08-04,2020-08-04 06:07:01+00:00,2020-08-04 15:51:01+00:00,4.0,awake
1596522421000,71,52,2020-08-04 06:27:01+00:00,par_15,2020-08-04,2020-08-04 06:07:01+00:00,2020-08-04 15:51:01+00:00,2.0,light
1596522721000,70,52,2020-08-04 06:32:01+00:00,par_15,2020-08-04,2020-08-04 06:07:01+00:00,2020-08-04 15:51:01+00:00,1.0,deep
1596523021000,70,51,2020-08-04 06:37:01+00:00,par_15,2020-08-04,2020-08-04 06:07:01+00:00,2020-08-04 15:51:01+00:00,1.0,deep
1596523321000,69,52,2020-08-04 06:42:01+00:00,par_15,2020-08-04,2020-08-04 06:07:01+00:00,2020-08-04 15:51:01+00:00,1.0,deep
1596523621000,74,56,2020-08-04 06:47:01+00:00,par_15,2020-08-04,2020-08-04 06:07:01+00:00,2020-08-04 15:51:01+00:00,1.0,deep
1596523921000,71,65,2020-08-04 06:52:01+00:00,par_15,2020-08-04,2020-08-04 06:07:01+00:00,2020-08-04 15:51:01+00:00,2.0,light
1596524221000,68,75,2020-08-04 06:57:01+00:00,par_15,2020-08-04,2020-08-04 06:07:01+00:00,2020-08-04 15:51:01+00:00,2.0,light
1596524521000,67,64,2020-08-04 07:02:01+00:00,par_15,2020-08-04,2020-08-04 06:07:01+00:00,2020-08-04 15:51:01+00:00,1.0,deep
1596524821000,68,63,2020-08-04 07:07:01+00:00,par_15,2020-08-04,2020-08-04 06:07:01+00:00,2020-08-04 15:51:01+00:00,1.0,deep
1596525121000,68,61,2020-08-04 07:12:01+00:00,par_15,2020-08-04,2020-08-04 06:07:01+00:00,2020-08-04 15:51:01+00:00,1.0,deep
1596525421000,70,61,2020-08-04 07:17:01+00:00,par_15,2020-08-04,2020-08-04 06:07:01+00:00,2020-08-04 15:51:01+00:00,1.0,deep
1596525721000,71,62,2020-08-04 07:22:01+00:00,par_15,2020-08-04,2020-08-04 06:07:01+00:00,2020-08-04 15:51:01+00:00,1.0,deep
1596526021000,76,36,2020-08-04 07:27:01+00:00,par_15,2020-08-04,2020-08-04 06:07:01+00:00,2020-08-04 15:51:01+00:00,2.0,light
1596526321000,77,39,2020-08-04 07:32:01+00:00,par_15,2020-08-04,2020-08-04 06:07:01+00:00,2020-08-04 15:51:01+00:00,3.0,REM
1596526621000,75,55,2020-08-04 07:37:01+00:00,par_15,2020-08-04,2020-08-04 06:07:01+00:00,2020-08-04 15:51:01+00:00,2.0,light
1596526921000,69,70,2020-08-04 07:42:01+00:00,par_15,2020-08-04,2020-08-04 06:07:01+00:00,2020-08-04 15:51:01+00:00,2.0,light
1596527221000,66,79,2020-08-04 07:47:01+00:00,par_15,2020-08-04,2020-08-04 06:07:01+00:00,2020-08-04 15:51:01+00:00,2.0,light
1596527521000,65,77,2020-08-04 07:52:01+00:00,par_15,2020-08-04,2020-08-04 06:07:01+00:00,2020-08-04 15:51:01+00:00,2.0,light
1596527821000,65,77,2020-08-04 07:57:01+00:00,par_15,2020-08-04,2020-08-04 06:07:01+00:00,2020-08-04 15:51:01+00:00,1.0,deep
1596528121000,66,68,2020-08-04 08:02:01+00:00,par_15,2020-08-04,2020-08-04 06:07:01+00:00,2020-08-04 15:51:01+00:00,1.0,deep
1596528421000,64,79,2020-08-04 08:07:01+00:00,par_15,2020-08-04,2020-08-04 06:07:01+00:00,2020-08-04 15:51:01+00:00,1.0,deep
1596528721000,64,83,2020-08-04 08:12:01+00:00,par_15,2020-08-04,2020-08-04 06:07:01+00:00,2020-08-04 15:51:01+00:00,1.0,deep
1596529021000,68,67,2020-08-04 08:17:01+00:00,par_15,2020-08-04,2020-08-04 06:07:01+00:00,2020-08-04 15:51:01+00:00,1.0,deep
1596529321000,65,76,2020-08-04 08:22:01+00:00,par_15,2020-08-04,2020-08-04 06:07:01+00:00,2020-08-04 15:51:01+00:00,2.0,light
1596529621000,66,70,2020-08-04 08:27:01+00:00,par_15,2020-08-04,2020-08-04 06:07:01+00:00,2020-08-04 15:51:01+00:00,1.0,deep
1596529921000,65,66,2020-08-04 08:32:01+00:00,par_15,2020-08-04,2020-08-04 06:07:01+00:00,2020-08-04 15:51:01+00:00,1.0,deep
1596530221000,65,68,2020-08-04 08:37:01+00:00,par_15,2020-08-04,2020-08-04 06:07:01+00:00,2020-08-04 15:51:01+00:00,1.0,deep
1596530521000,63,89,2020-08-04 08:42:01+00:00,par_15,2020-08-04,2020-08-04 06:07:01+00:00,2020-08-04 15:51:01+00:00,1.0,deep
1596530821000,65,84,2020-08-04 08:47:01+00:00,par_15,2020-08-04,2020-08-04 06:07:01+00:00,2020-08-04 15:51:01+00:00,2.0,light
1596531121000,73,62,2020-08-04 08:52:01+00:00,par_15,2020-08-04,2020-08-04 06:07:01+00:00,2020-08-04 15:51:01+00:00,2.0,light
1596531421000,75,35,2020-08-04 08:57:01+00:00,par_15,2020-08-04,2020-08-04 06:07:01+00:00,2020-08-04 15:51:01+00:00,1.0,deep
1596531721000,73,50,2020-08-04 09:02:01+00:00,par_15,2020-08-04,2020-08-04 06:07:01+00:00,2020-08-04 15:51:01+00:00,3.0,REM
1596532021000,0,0,2020-08-04 09:07:01+00:00,par_15,2020-08-04,2020-08-04 06:07:01+00:00,2020-08-04 15:51:01+00:00,3.0,REM
1596532321000,67,72,2020-08-04 09:12:01+00:00,par_15,2020-08-04,2020-08-04 06:07:01+00:00,2020-08-04 15:51:01+00:00,2.0,light
1596532621000,68,63,2020-08-04 09:17:01+00:00,par_15,2020-08-04,2020-08-04 06:07:01+00:00,2020-08-04 15:51:01+00:00,2.0,light
1596532921000,68,75,2020-08-04 09:22:01+00:00,par_15,2020-08-04,2020-08-04 06:07:01+00:00,2020-08-04 15:51:01+00:00,2.0,light
1596533221000,66,55,2020-08-04 09:27:01+00:00,par_15,2020-08-04,2020-08-04 06:07:01+00:00,2020-08-04 15:51:01+00:00,2.0,light
1596533521000,65,58,2020-08-04 09:32:01+00:00,par_15,2020-08-04,2020-08-04 06:07:01+00:00,2020-08-04 15:51:01+00:00,2.0,light
1596533821000,65,69,2020-08-04 09:37:01+00:00,par_15,2020-08-04,2020-08-04 06:07:01+00:00,2020-08-04 15:51:01+00:00,1.0,deep
1596534121000,65,64,2020-08-04 09:42:01+00:00,par_15,2020-08-04,2020-08-04 06:07:01+00:00,2020-08-04 15:51:01+00:00,1.0,deep
1596534421000,64,59,2020-08-04 09:47:01+00:00,par_15,2020-08-04,2020-08-04 06:07:01+00:00,2020-08-04 15:51:01+00:00,1.0,deep
1596534721000,65,77,2020-08-04 09:52:01+00:00,par_15,2020-08-04,2020-08-04 06:07:01+00:00,2020-08-04 15:51:01+00:00,1.0,deep
1596535021000,64,74,2020-08-04 09:57:01+00:00,par_15,2020-08-04,2020-08-04 06:07:01+00:00,2020-08-04 15:51:01+00:00,1.0,deep
1596535321000,66,61,2020-08-04 10:02:01+00:00,par_15,2020-08-04,2020-08-04 06:07:01+00:00,2020-08-04 15:51:01+00:00,2.0,light
1596535621000,66,74,2020-08-04 10:07:01+00:00,par_15,2020-08-04,2020-08-04 06:07:01+00:00,2020-08-04 15:51:01+00:00,1.0,deep
1596535921000,68,68,2020-08-04 10:12:01+00:00,par_15,2020-08-04,2020-08-04 06:07:01+00:00,2020-08-04 15:51:01+00:00,2.0,light
1596536221000,68,63,2020-08-04 10:17:01+00:00,par_15,2020-08-04,2020-08-04 06:07:01+00:00,2020-08-04 15:51:01+00:00,2.0,light
1596536521000,64,70,2020-08-04 10:22:01+00:00,par_15,2020-08-04,2020-08-04 06:07:01+00:00,2020-08-04 15:51:01+00:00,2.0,light
1596536821000,64,88,2020-08-04 10:27:01+00:00,par_15,2020-08-04,2020-08-04 06:07:01+00:00,2020-08-04 15:51:01+00:00,2.0,light
1596537121000,64,76,2020-08-04 10:32:01+00:00,par_15,2020-08-04,2020-08-04 06:07:01+00:00,2020-08-04 15:51:01+00:00,2.0,light
1596537421000,68,85,2020-08-04 10:37:01+00:00,par_15,2020-08-04,2020-08-04 06:07:01+00:00,2020-08-04 15:51:01+00:00,2.0,light
1596537721000,65,84,2020-08-04 10:42:01+00:00,par_15,2020-08-04,2020-08-04 06:07:01+00:00,2020-08-04 15:51:01+00:00,2.0,light
1596538021000,68,80,2020-08-04 10:47:01+00:00,par_15,2020-08-04,2020-08-04 06:07:01+00:00,2020-08-04 15:51:01+00:00,2.0,light
1596538321000,73,45,2020-08-04 10:52:01+00:00,par_15,2020-08-04,2020-08-04 06:07:01+00:00,2020-08-04 15:51:01+00:00,3.0,REM
1596538621000,78,28,2020-08-04 10:57:01+00:00,par_15,2020-08-04,2020-08-04 06:07:01+00:00,2020-08-04 15:51:01+00:00,3.0,REM
1596538921000,74,44,2020-08-04 11:02:01+00:00,par_15,2020-08-04,2020-08-04 06:07:01+00:00,2020-08-04 15:51:01+00:00,3.0,REM
1596539221000,70,63,2020-08-04 11:07:01+00:00,par_15,2020-08-04,2020-08-04 06:07:01+00:00,2020-08-04 15:51:01+00:00,3.0,REM
1596539521000,65,75,2020-08-04 11:12:01+00:00,par_15,2020-08-04,2020-08-04 06:07:01+00:00,2020-08-04 15:51:01+00:00,2.0,light
1596539821000,67,79,2020-08-04 11:17:01+00:00,par_15,2020-08-04,2020-08-04 06:07:01+00:00,2020-08-04 15:51:01+00:00,2.0,light
1596540121000,65,80,2020-08-04 11:22:01+00:00,par_15,2020-08-04,2020-08-04 06:07:01+00:00,2020-08-04 15:51:01+00:00,2.0,light
1596540421000,64,77,2020-08-04 11:27:01+00:00,par_15,2020-08-04,2020-08-04 06:07:01+00:00,2020-08-04 15:51:01+00:00,2.0,light
1596540721000,65,73,2020-08-04 11:32:01+00:00,par_15,2020-08-04,2020-08-04 06:07:01+00:00,2020-08-04 15:51:01+00:00,2.0,light
1596541021000,65,70,2020-08-04 11:37:01+00:00,par_15,2020-08-04,2020-08-04 06:07:01+00:00,2020-08-04 15:51:01+00:00,1.0,deep
1596541321000,65,70,2020-08-04 11:42:01+00:00,par_15,2020-08-04,2020-08-04 06:07:01+00:00,2020-08-04 15:51:01+00:00,1.0,deep
1596541621000,65,71,2020-08-04 11:47:01+00:00,par_15,2020-08-04,2020-08-04 06:07:01+00:00,2020-08-04 15:51:01+00:00,1.0,deep
1596541921000,65,71,2020-08-04 11:52:01+00:00,par_15,2020-08-04,2020-08-04 06:07:01+00:00,2020-08-04 15:51:01+00:00,1.0,deep
1596542221000,66,78,2020-08-04 11:57:01+00:00,par_15,2020-08-04,2020-08-04 06:07:01+00:00,2020-08-04 15:51:01+00:00,1.0,deep
1596542521000,63,89,2020-08-04 12:02:01+00:00,par_15,2020-08-04,2020-08-04 06:07:01+00:00,2020-08-04 15:51:01+00:00,2.0,light
1596542821000,63,97,2020-08-04 12:07:01+00:00,par_15,2020-08-04,2020-08-04 06:07:01+00:00,2020-08-04 15:51:01+00:00,2.0,light
1596543121000,63,104,2020-08-04 12:12:01+00:00,par_15,2020-08-04,2020-08-04 06:07:01+00:00,2020-08-04 15:51:01+00:00,2.0,light
1596543421000,64,85,2020-08-04 12:17:01+00:00,par_15,2020-08-04,2020-08-04 06:07:01+00:00,2020-08-04 15:51:01+00:00,2.0,light
1596543721000,65,90,2020-08-04 12:22:01+00:00,par_15,2020-08-04,2020-08-04 06:07:01+00:00,2020-08-04 15:51:01+00:00,2.0,light
1596544021000,62,84,2020-08-04 12:27:01+00:00,par_15,2020-08-04,2020-08-04 06:07:01+00:00,2020-08-04 15:51:01+00:00,2.0,light
1596544321000,64,83,2020-08-04 12:32:01+00:00,par_15,2020-08-04,2020-08-04 06:07:01+00:00,2020-08-04 15:51:01+00:00,2.0,light
1596544621000,69,71,2020-08-04 12:37:01+00:00,par_15,2020-08-04,2020-08-04 06:07:01+00:00,2020-08-04 15:51:01+00:00,2.0,light
1596544921000,73,37,2020-08-04 12:42:01+00:00,par_15,2020-08-04,2020-08-04 06:07:01+00:00,2020-08-04 15:51:01+00:00,3.0,REM
1596545221000,72,64,2020-08-04 12:47:01+00:00,par_15,2020-08-04,2020-08-04 06:07:01+00:00,2020-08-04 15:51:01+00:00,3.0,REM
1596545521000,69,69,2020-08-04 12:52:01+00:00,par_15,2020-08-04,2020-08-04 06:07:01+00:00,2020-08-04 15:51:01+00:00,3.0,REM
1596545821000,68,90,2020-08-04 12:57:01+00:00,par_15,2020-08-04,2020-08-04 06:07:01+00:00,2020-08-04 15:51:01+00:00,2.0,light
1596546121000,67,82,2020-08-04 13:02:01+00:00,par_15,2020-08-04,2020-08-04 06:07:01+00:00,2020-08-04 15:51:01+00:00,2.0,light
1596546421000,73,39,2020-08-04 13:07:01+00:00,par_15,2020-08-04,2020-08-04 06:07:01+00:00,2020-08-04 15:51:01+00:00,2.0,light
1596546721000,67,79,2020-08-04 13:12:01+00:00,par_15,2020-08-04,2020-08-04 06:07:01+00:00,2020-08-04 15:51:01+00:00,2.0,light
1596547021000,66,78,2020-08-04 13:17:01+00:00,par_15,2020-08-04,2020-08-04 06:07:01+00:00,2020-08-04 15:51:01+00:00,2.0,light
1596547321000,63,77,2020-08-04 13:22:01+00:00,par_15,2020-08-04,2020-08-04 06:07:01+00:00,2020-08-04 15:51:01+00:00,2.0,light
1596547621000,64,87,2020-08-04 13:27:01+00:00,par_15,2020-08-04,2020-08-04 06:07:01+00:00,2020-08-04 15:51:01+00:00,2.0,light
1596547921000,61,91,2020-08-04 13:32:01+00:00,par_15,2020-08-04,2020-08-04 06:07:01+00:00,2020-08-04 15:51:01+00:00,2.0,light
1596548221000,63,81,2020-08-04 13:37:01+00:00,par_15,2020-08-04,2020-08-04 06:07:01+00:00,2020-08-04 15:51:01+00:00,2.0,light
1596548521000,66,72,2020-08-04 13:42:01+00:00,par_15,2020-08-04,2020-08-04 06:07:01+00:00,2020-08-04 15:51:01+00:00,2.0,light
1596548821000,67,74,2020-08-04 13:47:01+00:00,par_15,2020-08-04,2020-08-04 06:07:01+00:00,2020-08-04 15:51:01+00:00,2.0,light
1596549121000,67,70,2020-08-04 13:52:01+00:00,par_15,2020-08-04,2020-08-04 06:07:01+00:00,2020-08-04 15:51:01+00:00,2.0,light
1596549421000,67,64,2020-08-04 13:57:01+00:00,par_15,2020-08-04,2020-08-04 06:07:01+00:00,2020-08-04 15:51:01+00:00,2.0,light
1596549721000,71,64,2020-08-04 14:02:01+00:00,par_15,2020-08-04,2020-08-04 06:07:01+00:00,2020-08-04 15:51:01+00:00,2.0,light
1596550021000,66,82,2020-08-04 14:07:01+00:00,par_15,2020-08-04,2020-08-04 06:07:01+00:00,2020-08-04 15:51:01+00:00,2.0,light
1596550321000,71,69,2020-08-04 14:12:01+00:00,par_15,2020-08-04,2020-08-04 06:07:01+00:00,2020-08-04 15:51:01+00:00,2.0,light
1596550621000,73,50,2020-08-04 14:17:01+00:00,par_15,2020-08-04,2020-08-04 06:07:01+00:00,2020-08-04 15:51:01+00:00,3.0,REM
1596550921000,71,62,2020-08-04 14:22:01+00:00,par_15,2020-08-04,2020-08-04 06:07:01+00:00,2020-08-04 15:51:01+00:00,3.0,REM
1596551221000,74,50,2020-08-04 14:27:01+00:00,par_15,2020-08-04,2020-08-04 06:07:01+00:00,2020-08-04 15:51:01+00:00,3.0,REM
1596551521000,81,14,2020-08-04 14:32:01+00:00,par_15,2020-08-04,2020-08-04 06:07:01+00:00,2020-08-04 15:51:01+00:00,3.0,REM
1596551821000,78,22,2020-08-04 14:37:01+00:00,par_15,2020-08-04,2020-08-04 06:07:01+00:00,2020-08-04 15:51:01+00:00,3.0,REM
1596552121000,74,50,2020-08-04 14:42:01+00:00,par_15,2020-08-04,2020-08-04 06:07:01+00:00,2020-08-04 15:51:01+00:00,2.0,light
1596552421000,70,60,2020-08-04 14:47:01+00:00,par_15,2020-08-04,2020-08-04 06:07:01+00:00,2020-08-04 15:51:01+00:00,2.0,light
1596552721000,72,61,2020-08-04 14:52:01+00:00,par_15,2020-08-04,2020-08-04 06:07:01+00:00,2020-08-04 15:51:01+00:00,2.0,light
1596553021000,70,55,2020-08-04 14:57:01+00:00,par_15,2020-08-04,2020-08-04 06:07:01+00:00,2020-08-04 15:51:01+00:00,2.0,light
1596553321000,66,54,2020-08-04 15:02:01+00:00,par_15,2020-08-04,2020-08-04 06:07:01+00:00,2020-08-04 15:51:01+00:00,2.0,light
1596553621000,67,52,2020-08-04 15:07:01+00:00,par_15,2020-08-04,2020-08-04 06:07:01+00:00,2020-08-04 15:51:01+00:00,2.0,light
1596553921000,69,48,2020-08-04 15:12:01+00:00,par_15,2020-08-04,2020-08-04 06:07:01+00:00,2020-08-04 15:51:01+00:00,1.0,deep
1596554221000,68,51,2020-08-04 15:17:01+00:00,par_15,2020-08-04,2020-08-04 06:07:01+00:00,2020-08-04 15:51:01+00:00,1.0,deep
1596554521000,71,49,2020-08-04 15:22:01+00:00,par_15,2020-08-04,2020-08-04 06:07:01+00:00,2020-08-04 15:51:01+00:00,1.0,deep
1596554821000,74,69,2020-08-04 15:27:01+00:00,par_15,2020-08-04,2020-08-04 06:07:01+00:00,2020-08-04 15:51:01+00:00,4.0,awake
1596555121000,71,72,2020-08-04 15:32:01+00:00,par_15,2020-08-04,2020-08-04 06:07:01+00:00,2020-08-04 15:51:01+00:00,2.0,light
1596555421000,70,71,2020-08-04 15:37:01+00:00,par_15,2020-08-04,2020-08-04 06:07:01+00:00,2020-08-04 15:51:01+00:00,2.0,light
1596555721000,68,67,2020-08-04 15:42:01+00:00,par_15,2020-08-04,2020-08-04 06:07:01+00:00,2020-08-04 15:51:01+00:00,2.0,light
1596556021000,79,50,2020-08-04 15:47:01+00:00,par_15,2020-08-04,2020-08-04 06:07:01+00:00,2020-08-04 15:51:01+00:00,4.0,awake
1596602998000,0,0,2020-08-05 04:49:58+00:00,par_15,2020-08-05,2020-08-05 04:49:58+00:00,2020-08-05 15:34:58+00:00,4.0,awake
1596603298000,0,0,2020-08-05 04:54:58+00:00,par_15,2020-08-05,2020-08-05 04:49:58+00:00,2020-08-05 15:34:58+00:00,4.0,awake
1596603598000,0,0,2020-08-05 04:59:58+00:00,par_15,2020-08-05,2020-08-05 04:49:58+00:00,2020-08-05 15:34:58+00:00,4.0,awake
1596603898000,84,16,2020-08-05 05:04:58+00:00,par_15,2020-08-05,2020-08-05 04:49:58+00:00,2020-08-05 15:34:58+00:00,4.0,awake
1596604198000,84,22,2020-08-05 05:09:58+00:00,par_15,2020-08-05,2020-08-05 04:49:58+00:00,2020-08-05 15:34:58+00:00,4.0,awake
1596604498000,84,28,2020-08-05 05:14:58+00:00,par_15,2020-08-05,2020-08-05 04:49:58+00:00,2020-08-05 15:34:58+00:00,4.0,awake
1596604798000,0,0,2020-08-05 05:19:58+00:00,par_15,2020-08-05,2020-08-05 04:49:58+00:00,2020-08-05 15:34:58+00:00,4.0,awake
1596605098000,77,31,2020-08-05 05:24:58+00:00,par_15,2020-08-05,2020-08-05 04:49:58+00:00,2020-08-05 15:34:58+00:00,4.0,awake
1596605398000,77,31,2020-08-05 05:29:58+00:00,par_15,2020-08-05,2020-08-05 04:49:58+00:00,2020-08-05 15:34:58+00:00,2.0,light
1596605698000,80,28,2020-08-05 05:34:58+00:00,par_15,2020-08-05,2020-08-05 04:49:58+00:00,2020-08-05 15:34:58+00:00,1.0,deep
1596605998000,77,41,2020-08-05 05:39:58+00:00,par_15,2020-08-05,2020-08-05 04:49:58+00:00,2020-08-05 15:34:58+00:00,2.0,light
1596606298000,72,50,2020-08-05 05:44:58+00:00,par_15,2020-08-05,2020-08-05 04:49:58+00:00,2020-08-05 15:34:58+00:00,2.0,light
1596606598000,71,54,2020-08-05 05:49:58+00:00,par_15,2020-08-05,2020-08-05 04:49:58+00:00,2020-08-05 15:34:58+00:00,1.0,deep
1596606898000,74,47,2020-08-05 05:54:58+00:00,par_15,2020-08-05,2020-08-05 04:49:58+00:00,2020-08-05 15:34:58+00:00,1.0,deep
1596607198000,73,45,2020-08-05 05:59:58+00:00,par_15,2020-08-05,2020-08-05 04:49:58+00:00,2020-08-05 15:34:58+00:00,1.0,deep
1596607498000,73,48,2020-08-05 06:04:58+00:00,par_15,2020-08-05,2020-08-05 04:49:58+00:00,2020-08-05 15:34:58+00:00,2.0,light
1596607798000,75,35,2020-08-05 06:09:58+00:00,par_15,2020-08-05,2020-08-05 04:49:58+00:00,2020-08-05 15:34:58+00:00,1.0,deep
1596608098000,75,34,2020-08-05 06:14:58+00:00,par_15,2020-08-05,2020-08-05 04:49:58+00:00,2020-08-05 15:34:58+00:00,1.0,deep
1596608398000,73,42,2020-08-05 06:19:58+00:00,par_15,2020-08-05,2020-08-05 04:49:58+00:00,2020-08-05 15:34:58+00:00,1.0,deep
1596608698000,72,50,2020-08-05 06:24:58+00:00,par_15,2020-08-05,2020-08-05 04:49:58+00:00,2020-08-05 15:34:58+00:00,1.0,deep
1596608998000,81,25,2020-08-05 06:29:58+00:00,par_15,2020-08-05,2020-08-05 04:49:58+00:00,2020-08-05 15:34:58+00:00,1.0,deep
1596609298000,80,24,2020-08-05 06:34:58+00:00,par_15,2020-08-05,2020-08-05 04:49:58+00:00,2020-08-05 15:34:58+00:00,2.0,light
1596609598000,81,27,2020-08-05 06:39:58+00:00,par_15,2020-08-05,2020-08-05 04:49:58+00:00,2020-08-05 15:34:58+00:00,4.0,awake
1596609898000,80,28,2020-08-05 06:44:58+00:00,par_15,2020-08-05,2020-08-05 04:49:58+00:00,2020-08-05 15:34:58+00:00,4.0,awake
1596610198000,78,45,2020-08-05 06:49:58+00:00,par_15,2020-08-05,2020-08-05 04:49:58+00:00,2020-08-05 15:34:58+00:00,2.0,light
1596610498000,75,47,2020-08-05 06:54:58+00:00,par_15,2020-08-05,2020-08-05 04:49:58+00:00,2020-08-05 15:34:58+00:00,2.0,light
1596610798000,75,38,2020-08-05 06:59:58+00:00,par_15,2020-08-05,2020-08-05 04:49:58+00:00,2020-08-05 15:34:58+00:00,2.0,light
1596611098000,75,34,2020-08-05 07:04:58+00:00,par_15,2020-08-05,2020-08-05 04:49:58+00:00,2020-08-05 15:34:58+00:00,1.0,deep
1596611398000,76,32,2020-08-05 07:09:58+00:00,par_15,2020-08-05,2020-08-05 04:49:58+00:00,2020-08-05 15:34:58+00:00,1.0,deep
1596611698000,76,30,2020-08-05 07:14:58+00:00,par_15,2020-08-05,2020-08-05 04:49:58+00:00,2020-08-05 15:34:58+00:00,1.0,deep
1596611998000,79,34,2020-08-05 07:19:58+00:00,par_15,2020-08-05,2020-08-05 04:49:58+00:00,2020-08-05 15:34:58+00:00,1.0,deep
1596612298000,73,44,2020-08-05 07:24:58+00:00,par_15,2020-08-05,2020-08-05 04:49:58+00:00,2020-08-05 15:34:58+00:00,2.0,light
1596612598000,77,44,2020-08-05 07:29:58+00:00,par_15,2020-08-05,2020-08-05 04:49:58+00:00,2020-08-05 15:34:58+00:00,2.0,light
1596612898000,76,33,2020-08-05 07:34:58+00:00,par_15,2020-08-05,2020-08-05 04:49:58+00:00,2020-08-05 15:34:58+00:00,2.0,light
1596613198000,76,30,2020-08-05 07:39:58+00:00,par_15,2020-08-05,2020-08-05 04:49:58+00:00,2020-08-05 15:34:58+00:00,2.0,light
1596613498000,78,44,2020-08-05 07:44:58+00:00,par_15,2020-08-05,2020-08-05 04:49:58+00:00,2020-08-05 15:34:58+00:00,1.0,deep
1596613798000,73,58,2020-08-05 07:49:58+00:00,par_15,2020-08-05,2020-08-05 04:49:58+00:00,2020-08-05 15:34:58+00:00,2.0,light
1596614098000,78,45,2020-08-05 07:54:58+00:00,par_15,2020-08-05,2020-08-05 04:49:58+00:00,2020-08-05 15:34:58+00:00,2.0,light
1596614398000,77,41,2020-08-05 07:59:58+00:00,par_15,2020-08-05,2020-08-05 04:49:58+00:00,2020-08-05 15:34:58+00:00,2.0,light
1596614698000,81,20,2020-08-05 08:04:58+00:00,par_15,2020-08-05,2020-08-05 04:49:58+00:00,2020-08-05 15:34:58+00:00,3.0,REM
1596614998000,81,24,2020-08-05 08:09:58+00:00,par_15,2020-08-05,2020-08-05 04:49:58+00:00,2020-08-05 15:34:58+00:00,3.0,REM
1596615298000,76,47,2020-08-05 08:14:58+00:00,par_15,2020-08-05,2020-08-05 04:49:58+00:00,2020-08-05 15:34:58+00:00,3.0,REM
1596615598000,74,45,2020-08-05 08:19:58+00:00,par_15,2020-08-05,2020-08-05 04:49:58+00:00,2020-08-05 15:34:58+00:00,2.0,light
1596615898000,75,38,2020-08-05 08:24:58+00:00,par_15,2020-08-05,2020-08-05 04:49:58+00:00,2020-08-05 15:34:58+00:00,2.0,light
1596616198000,75,40,2020-08-05 08:29:58+00:00,par_15,2020-08-05,2020-08-05 04:49:58+00:00,2020-08-05 15:34:58+00:00,2.0,light
1596616498000,72,59,2020-08-05 08:34:58+00:00,par_15,2020-08-05,2020-08-05 04:49:58+00:00,2020-08-05 15:34:58+00:00,2.0,light
1596616798000,72,70,2020-08-05 08:39:58+00:00,par_15,2020-08-05,2020-08-05 04:49:58+00:00,2020-08-05 15:34:58+00:00,2.0,light
1596617098000,71,57,2020-08-05 08:44:58+00:00,par_15,2020-08-05,2020-08-05 04:49:58+00:00,2020-08-05 15:34:58+00:00,2.0,light
1596617398000,72,54,2020-08-05 08:49:58+00:00,par_15,2020-08-05,2020-08-05 04:49:58+00:00,2020-08-05 15:34:58+00:00,2.0,light
1596617698000,70,54,2020-08-05 08:54:58+00:00,par_15,2020-08-05,2020-08-05 04:49:58+00:00,2020-08-05 15:34:58+00:00,2.0,light
1596617998000,71,64,2020-08-05 08:59:58+00:00,par_15,2020-08-05,2020-08-05 04:49:58+00:00,2020-08-05 15:34:58+00:00,2.0,light
1596618298000,70,70,2020-08-05 09:04:58+00:00,par_15,2020-08-05,2020-08-05 04:49:58+00:00,2020-08-05 15:34:58+00:00,2.0,light
1596618598000,79,38,2020-08-05 09:09:58+00:00,par_15,2020-08-05,2020-08-05 04:49:58+00:00,2020-08-05 15:34:58+00:00,2.0,light
1596618898000,73,54,2020-08-05 09:14:58+00:00,par_15,2020-08-05,2020-08-05 04:49:58+00:00,2020-08-05 15:34:58+00:00,2.0,light
1596619198000,71,57,2020-08-05 09:19:58+00:00,par_15,2020-08-05,2020-08-05 04:49:58+00:00,2020-08-05 15:34:58+00:00,2.0,light
1596619498000,70,57,2020-08-05 09:24:58+00:00,par_15,2020-08-05,2020-08-05 04:49:58+00:00,2020-08-05 15:34:58+00:00,2.0,light
1596619798000,68,74,2020-08-05 09:29:58+00:00,par_15,2020-08-05,2020-08-05 04:49:58+00:00,2020-08-05 15:34:58+00:00,2.0,light
1596620098000,70,69,2020-08-05 09:34:58+00:00,par_15,2020-08-05,2020-08-05 04:49:58+00:00,2020-08-05 15:34:58+00:00,2.0,light
1596620398000,69,63,2020-08-05 09:39:58+00:00,par_15,2020-08-05,2020-08-05 04:49:58+00:00,2020-08-05 15:34:58+00:00,2.0,light
1596620698000,68,64,2020-08-05 09:44:58+00:00,par_15,2020-08-05,2020-08-05 04:49:58+00:00,2020-08-05 15:34:58+00:00,2.0,light
1596620998000,68,67,2020-08-05 09:49:58+00:00,par_15,2020-08-05,2020-08-05 04:49:58+00:00,2020-08-05 15:34:58+00:00,2.0,light
1596621298000,68,61,2020-08-05 09:54:58+00:00,par_15,2020-08-05,2020-08-05 04:49:58+00:00,2020-08-05 15:34:58+00:00,2.0,light
1596621598000,69,50,2020-08-05 09:59:58+00:00,par_15,2020-08-05,2020-08-05 04:49:58+00:00,2020-08-05 15:34:58+00:00,2.0,light
1596621898000,69,62,2020-08-05 10:04:58+00:00,par_15,2020-08-05,2020-08-05 04:49:58+00:00,2020-08-05 15:34:58+00:00,1.0,deep
1596622198000,69,59,2020-08-05 10:09:58+00:00,par_15,2020-08-05,2020-08-05 04:49:58+00:00,2020-08-05 15:34:58+00:00,1.0,deep
1596622498000,69,61,2020-08-05 10:14:58+00:00,par_15,2020-08-05,2020-08-05 04:49:58+00:00,2020-08-05 15:34:58+00:00,2.0,light
1596622798000,79,23,2020-08-05 10:19:58+00:00,par_15,2020-08-05,2020-08-05 04:49:58+00:00,2020-08-05 15:34:58+00:00,1.0,deep
1596623098000,78,20,2020-08-05 10:24:58+00:00,par_15,2020-08-05,2020-08-05 04:49:58+00:00,2020-08-05 15:34:58+00:00,3.0,REM
1596623398000,77,18,2020-08-05 10:29:58+00:00,par_15,2020-08-05,2020-08-05 04:49:58+00:00,2020-08-05 15:34:58+00:00,3.0,REM
1596623698000,77,31,2020-08-05 10:34:58+00:00,par_15,2020-08-05,2020-08-05 04:49:58+00:00,2020-08-05 15:34:58+00:00,3.0,REM
1596623998000,77,30,2020-08-05 10:39:58+00:00,par_15,2020-08-05,2020-08-05 04:49:58+00:00,2020-08-05 15:34:58+00:00,3.0,REM
1596624298000,75,39,2020-08-05 10:44:58+00:00,par_15,2020-08-05,2020-08-05 04:49:58+00:00,2020-08-05 15:34:58+00:00,2.0,light
1596624598000,74,42,2020-08-05 10:49:58+00:00,par_15,2020-08-05,2020-08-05 04:49:58+00:00,2020-08-05 15:34:58+00:00,2.0,light
1596624898000,75,35,2020-08-05 10:54:58+00:00,par_15,2020-08-05,2020-08-05 04:49:58+00:00,2020-08-05 15:34:58+00:00,2.0,light
1596625198000,73,34,2020-08-05 10:59:58+00:00,par_15,2020-08-05,2020-08-05 04:49:58+00:00,2020-08-05 15:34:58+00:00,2.0,light
1596625498000,71,48,2020-08-05 11:04:58+00:00,par_15,2020-08-05,2020-08-05 04:49:58+00:00,2020-08-05 15:34:58+00:00,2.0,light
1596625798000,70,49,2020-08-05 11:09:58+00:00,par_15,2020-08-05,2020-08-05 04:49:58+00:00,2020-08-05 15:34:58+00:00,2.0,light
1596626098000,70,45,2020-08-05 11:14:58+00:00,par_15,2020-08-05,2020-08-05 04:49:58+00:00,2020-08-05 15:34:58+00:00,2.0,light
1596626398000,70,46,2020-08-05 11:19:58+00:00,par_15,2020-08-05,2020-08-05 04:49:58+00:00,2020-08-05 15:34:58+00:00,2.0,light
1596626698000,70,42,2020-08-05 11:24:58+00:00,par_15,2020-08-05,2020-08-05 04:49:58+00:00,2020-08-05 15:34:58+00:00,2.0,light
1596626998000,74,48,2020-08-05 11:29:58+00:00,par_15,2020-08-05,2020-08-05 04:49:58+00:00,2020-08-05 15:34:58+00:00,1.0,deep
1596627298000,70,52,2020-08-05 11:34:58+00:00,par_15,2020-08-05,2020-08-05 04:49:58+00:00,2020-08-05 15:34:58+00:00,2.0,light
1596627598000,70,54,2020-08-05 11:39:58+00:00,par_15,2020-08-05,2020-08-05 04:49:58+00:00,2020-08-05 15:34:58+00:00,2.0,light
1596627898000,70,65,2020-08-05 11:44:58+00:00,par_15,2020-08-05,2020-08-05 04:49:58+00:00,2020-08-05 15:34:58+00:00,4.0,awake
1596628198000,66,66,2020-08-05 11:49:58+00:00,par_15,2020-08-05,2020-08-05 04:49:58+00:00,2020-08-05 15:34:58+00:00,2.0,light
1596628498000,68,55,2020-08-05 11:54:58+00:00,par_15,2020-08-05,2020-08-05 04:49:58+00:00,2020-08-05 15:34:58+00:00,2.0,light
1596628798000,67,58,2020-08-05 11:59:58+00:00,par_15,2020-08-05,2020-08-05 04:49:58+00:00,2020-08-05 15:34:58+00:00,2.0,light
1596629098000,67,48,2020-08-05 12:04:58+00:00,par_15,2020-08-05,2020-08-05 04:49:58+00:00,2020-08-05 15:34:58+00:00,2.0,light
1596629398000,69,55,2020-08-05 12:09:58+00:00,par_15,2020-08-05,2020-08-05 04:49:58+00:00,2020-08-05 15:34:58+00:00,1.0,deep
1596629698000,67,69,2020-08-05 12:14:58+00:00,par_15,2020-08-05,2020-08-05 04:49:58+00:00,2020-08-05 15:34:58+00:00,2.0,light
1596629998000,74,39,2020-08-05 12:19:58+00:00,par_15,2020-08-05,2020-08-05 04:49:58+00:00,2020-08-05 15:34:58+00:00,2.0,light
1596630298000,72,55,2020-08-05 12:24:58+00:00,par_15,2020-08-05,2020-08-05 04:49:58+00:00,2020-08-05 15:34:58+00:00,3.0,REM
1596630598000,73,53,2020-08-05 12:29:58+00:00,par_15,2020-08-05,2020-08-05 04:49:58+00:00,2020-08-05 15:34:58+00:00,3.0,REM
1596630898000,71,61,2020-08-05 12:34:58+00:00,par_15,2020-08-05,2020-08-05 04:49:58+00:00,2020-08-05 15:34:58+00:00,3.0,REM
1596631198000,70,57,2020-08-05 12:39:58+00:00,par_15,2020-08-05,2020-08-05 04:49:58+00:00,2020-08-05 15:34:58+00:00,2.0,light
1596631498000,72,62,2020-08-05 12:44:58+00:00,par_15,2020-08-05,2020-08-05 04:49:58+00:00,2020-08-05 15:34:58+00:00,3.0,REM
1596631798000,68,57,2020-08-05 12:49:58+00:00,par_15,2020-08-05,2020-08-05 04:49:58+00:00,2020-08-05 15:34:58+00:00,2.0,light
1596632098000,67,56,2020-08-05 12:54:58+00:00,par_15,2020-08-05,2020-08-05 04:49:58+00:00,2020-08-05 15:34:58+00:00,2.0,light
1596632398000,69,58,2020-08-05 12:59:58+00:00,par_15,2020-08-05,2020-08-05 04:49:58+00:00,2020-08-05 15:34:58+00:00,2.0,light
1596632698000,65,63,2020-08-05 13:04:58+00:00,par_15,2020-08-05,2020-08-05 04:49:58+00:00,2020-08-05 15:34:58+00:00,2.0,light
1596632998000,67,57,2020-08-05 13:09:58+00:00,par_15,2020-08-05,2020-08-05 04:49:58+00:00,2020-08-05 15:34:58+00:00,2.0,light
1596633298000,67,57,2020-08-05 13:14:58+00:00,par_15,2020-08-05,2020-08-05 04:49:58+00:00,2020-08-05 15:34:58+00:00,2.0,light
1596633598000,68,53,2020-08-05 13:19:58+00:00,par_15,2020-08-05,2020-08-05 04:49:58+00:00,2020-08-05 15:34:58+00:00,1.0,deep
1596633898000,68,51,2020-08-05 13:24:58+00:00,par_15,2020-08-05,2020-08-05 04:49:58+00:00,2020-08-05 15:34:58+00:00,1.0,deep
1596634198000,68,50,2020-08-05 13:29:58+00:00,par_15,2020-08-05,2020-08-05 04:49:58+00:00,2020-08-05 15:34:58+00:00,1.0,deep
1596634498000,70,48,2020-08-05 13:34:58+00:00,par_15,2020-08-05,2020-08-05 04:49:58+00:00,2020-08-05 15:34:58+00:00,1.0,deep
1596634798000,75,60,2020-08-05 13:39:58+00:00,par_15,2020-08-05,2020-08-05 04:49:58+00:00,2020-08-05 15:34:58+00:00,1.0,deep
1596635098000,72,51,2020-08-05 13:44:58+00:00,par_15,2020-08-05,2020-08-05 04:49:58+00:00,2020-08-05 15:34:58+00:00,4.0,awake
1596635398000,72,42,2020-08-05 13:49:58+00:00,par_15,2020-08-05,2020-08-05 04:49:58+00:00,2020-08-05 15:34:58+00:00,2.0,light
1596635698000,74,47,2020-08-05 13:54:58+00:00,par_15,2020-08-05,2020-08-05 04:49:58+00:00,2020-08-05 15:34:58+00:00,3.0,REM
1596635998000,71,72,2020-08-05 13:59:58+00:00,par_15,2020-08-05,2020-08-05 04:49:58+00:00,2020-08-05 15:34:58+00:00,2.0,light
1596636298000,70,58,2020-08-05 14:04:58+00:00,par_15,2020-08-05,2020-08-05 04:49:58+00:00,2020-08-05 15:34:58+00:00,2.0,light
1596636598000,70,64,2020-08-05 14:09:58+00:00,par_15,2020-08-05,2020-08-05 04:49:58+00:00,2020-08-05 15:34:58+00:00,2.0,light
1596636898000,69,65,2020-08-05 14:14:58+00:00,par_15,2020-08-05,2020-08-05 04:49:58+00:00,2020-08-05 15:34:58+00:00,2.0,light
1596637198000,69,62,2020-08-05 14:19:58+00:00,par_15,2020-08-05,2020-08-05 04:49:58+00:00,2020-08-05 15:34:58+00:00,2.0,light
1596637498000,70,60,2020-08-05 14:24:58+00:00,par_15,2020-08-05,2020-08-05 04:49:58+00:00,2020-08-05 15:34:58+00:00,2.0,light
1596637798000,69,63,2020-08-05 14:29:58+00:00,par_15,2020-08-05,2020-08-05 04:49:58+00:00,2020-08-05 15:34:58+00:00,2.0,light
1596638098000,69,48,2020-08-05 14:34:58+00:00,par_15,2020-08-05,2020-08-05 04:49:58+00:00,2020-08-05 15:34:58+00:00,2.0,light
1596638398000,69,55,2020-08-05 14:39:58+00:00,par_15,2020-08-05,2020-08-05 04:49:58+00:00,2020-08-05 15:34:58+00:00,2.0,light
1596638698000,69,51,2020-08-05 14:44:58+00:00,par_15,2020-08-05,2020-08-05 04:49:58+00:00,2020-08-05 15:34:58+00:00,2.0,light
1596638998000,70,48,2020-08-05 14:49:58+00:00,par_15,2020-08-05,2020-08-05 04:49:58+00:00,2020-08-05 15:34:58+00:00,3.0,REM
1596639298000,70,51,2020-08-05 14:54:58+00:00,par_15,2020-08-05,2020-08-05 04:49:58+00:00,2020-08-05 15:34:58+00:00,2.0,light
1596639598000,70,51,2020-08-05 14:59:58+00:00,par_15,2020-08-05,2020-08-05 04:49:58+00:00,2020-08-05 15:34:58+00:00,2.0,light
1596639898000,70,60,2020-08-05 15:04:58+00:00,par_15,2020-08-05,2020-08-05 04:49:58+00:00,2020-08-05 15:34:58+00:00,2.0,light
1596640198000,79,19,2020-08-05 15:09:58+00:00,par_15,2020-08-05,2020-08-05 04:49:58+00:00,2020-08-05 15:34:58+00:00,3.0,REM
1596640498000,80,40,2020-08-05 15:14:58+00:00,par_15,2020-08-05,2020-08-05 04:49:58+00:00,2020-08-05 15:34:58+00:00,4.0,awake
1596640798000,82,30,2020-08-05 15:19:58+00:00,par_15,2020-08-05,2020-08-05 04:49:58+00:00,2020-08-05 15:34:58+00:00,4.0,awake
1596641098000,81,30,2020-08-05 15:24:58+00:00,par_15,2020-08-05,2020-08-05 04:49:58+00:00,2020-08-05 15:34:58+00:00,4.0,awake
1596641398000,80,30,2020-08-05 15:29:58+00:00,par_15,2020-08-05,2020-08-05 04:49:58+00:00,2020-08-05 15:34:58+00:00,4.0,awake
1596641698000,79,29,2020-08-05 15:34:58+00:00,par_15,2020-08-05,2020-08-05 04:49:58+00:00,2020-08-05 15:34:58+00:00,,
1596717059000,0,0,2020-08-06 12:30:59+00:00,par_15,2020-08-06,2020-08-06 12:30:59+00:00,2020-08-06 17:37:59+00:00,4.0,awake
1596717359000,0,0,2020-08-06 12:35:59+00:00,par_15,2020-08-06,2020-08-06 12:30:59+00:00,2020-08-06 17:37:59+00:00,4.0,awake
1596717659000,75,31,2020-08-06 12:40:59+00:00,par_15,2020-08-06,2020-08-06 12:30:59+00:00,2020-08-06 17:37:59+00:00,4.0,awake
1596717959000,74,33,2020-08-06 12:45:59+00:00,par_15,2020-08-06,2020-08-06 12:30:59+00:00,2020-08-06 17:37:59+00:00,2.0,light
1596718259000,73,34,2020-08-06 12:50:59+00:00,par_15,2020-08-06,2020-08-06 12:30:59+00:00,2020-08-06 17:37:59+00:00,1.0,deep
1596718559000,74,46,2020-08-06 12:55:59+00:00,par_15,2020-08-06,2020-08-06 12:30:59+00:00,2020-08-06 17:37:59+00:00,1.0,deep
1596718859000,71,49,2020-08-06 13:00:59+00:00,par_15,2020-08-06,2020-08-06 12:30:59+00:00,2020-08-06 17:37:59+00:00,2.0,light
1596719159000,72,37,2020-08-06 13:05:59+00:00,par_15,2020-08-06,2020-08-06 12:30:59+00:00,2020-08-06 17:37:59+00:00,2.0,light
1596719459000,71,40,2020-08-06 13:10:59+00:00,par_15,2020-08-06,2020-08-06 12:30:59+00:00,2020-08-06 17:37:59+00:00,1.0,deep
1596719759000,74,58,2020-08-06 13:15:59+00:00,par_15,2020-08-06,2020-08-06 12:30:59+00:00,2020-08-06 17:37:59+00:00,1.0,deep
1596720059000,76,46,2020-08-06 13:20:59+00:00,par_15,2020-08-06,2020-08-06 12:30:59+00:00,2020-08-06 17:37:59+00:00,2.0,light
1596720359000,76,39,2020-08-06 13:25:59+00:00,par_15,2020-08-06,2020-08-06 12:30:59+00:00,2020-08-06 17:37:59+00:00,2.0,light
1596720659000,80,27,2020-08-06 13:30:59+00:00,par_15,2020-08-06,2020-08-06 12:30:59+00:00,2020-08-06 17:37:59+00:00,3.0,REM
1596720959000,78,23,2020-08-06 13:35:59+00:00,par_15,2020-08-06,2020-08-06 12:30:59+00:00,2020-08-06 17:37:59+00:00,3.0,REM
1596721259000,87,13,2020-08-06 13:40:59+00:00,par_15,2020-08-06,2020-08-06 12:30:59+00:00,2020-08-06 17:37:59+00:00,3.0,REM
1596721559000,80,27,2020-08-06 13:45:59+00:00,par_15,2020-08-06,2020-08-06 12:30:59+00:00,2020-08-06 17:37:59+00:00,3.0,REM
1596721859000,77,26,2020-08-06 13:50:59+00:00,par_15,2020-08-06,2020-08-06 12:30:59+00:00,2020-08-06 17:37:59+00:00,2.0,light
1596722159000,74,50,2020-08-06 13:55:59+00:00,par_15,2020-08-06,2020-08-06 12:30:59+00:00,2020-08-06 17:37:59+00:00,2.0,light
1596722459000,73,51,2020-08-06 14:00:59+00:00,par_15,2020-08-06,2020-08-06 12:30:59+00:00,2020-08-06 17:37:59+00:00,2.0,light
1596722759000,74,44,2020-08-06 14:05:59+00:00,par_15,2020-08-06,2020-08-06 12:30:59+00:00,2020-08-06 17:37:59+00:00,2.0,light
1596723059000,72,50,2020-08-06 14:10:59+00:00,par_15,2020-08-06,2020-08-06 12:30:59+00:00,2020-08-06 17:37:59+00:00,2.0,light
1596723359000,69,50,2020-08-06 14:15:59+00:00,par_15,2020-08-06,2020-08-06 12:30:59+00:00,2020-08-06 17:37:59+00:00,2.0,light
1596723659000,69,50,2020-08-06 14:20:59+00:00,par_15,2020-08-06,2020-08-06 12:30:59+00:00,2020-08-06 17:37:59+00:00,2.0,light
1596723959000,71,60,2020-08-06 14:25:59+00:00,par_15,2020-08-06,2020-08-06 12:30:59+00:00,2020-08-06 17:37:59+00:00,1.0,deep
1596724259000,71,54,2020-08-06 14:30:59+00:00,par_15,2020-08-06,2020-08-06 12:30:59+00:00,2020-08-06 17:37:59+00:00,1.0,deep
1596724559000,71,46,2020-08-06 14:35:59+00:00,par_15,2020-08-06,2020-08-06 12:30:59+00:00,2020-08-06 17:37:59+00:00,1.0,deep
1596724859000,71,53,2020-08-06 14:40:59+00:00,par_15,2020-08-06,2020-08-06 12:30:59+00:00,2020-08-06 17:37:59+00:00,1.0,deep
1596725159000,71,51,2020-08-06 14:45:59+00:00,par_15,2020-08-06,2020-08-06 12:30:59+00:00,2020-08-06 17:37:59+00:00,2.0,light
1596725459000,67,66,2020-08-06 14:50:59+00:00,par_15,2020-08-06,2020-08-06 12:30:59+00:00,2020-08-06 17:37:59+00:00,2.0,light
1596725759000,70,54,2020-08-06 14:55:59+00:00,par_15,2020-08-06,2020-08-06 12:30:59+00:00,2020-08-06 17:37:59+00:00,2.0,light
1596726059000,70,54,2020-08-06 15:00:59+00:00,par_15,2020-08-06,2020-08-06 12:30:59+00:00,2020-08-06 17:37:59+00:00,1.0,deep
1596726359000,76,30,2020-08-06 15:05:59+00:00,par_15,2020-08-06,2020-08-06 12:30:59+00:00,2020-08-06 17:37:59+00:00,2.0,light
1596726659000,70,67,2020-08-06 15:10:59+00:00,par_15,2020-08-06,2020-08-06 12:30:59+00:00,2020-08-06 17:37:59+00:00,2.0,light
1596726959000,73,37,2020-08-06 15:15:59+00:00,par_15,2020-08-06,2020-08-06 12:30:59+00:00,2020-08-06 17:37:59+00:00,2.0,light
1596727259000,75,32,2020-08-06 15:20:59+00:00,par_15,2020-08-06,2020-08-06 12:30:59+00:00,2020-08-06 17:37:59+00:00,3.0,REM
1596727559000,74,39,2020-08-06 15:25:59+00:00,par_15,2020-08-06,2020-08-06 12:30:59+00:00,2020-08-06 17:37:59+00:00,3.0,REM
1596727859000,73,51,2020-08-06 15:30:59+00:00,par_15,2020-08-06,2020-08-06 12:30:59+00:00,2020-08-06 17:37:59+00:00,2.0,light
1596728159000,71,54,2020-08-06 15:35:59+00:00,par_15,2020-08-06,2020-08-06 12:30:59+00:00,2020-08-06 17:37:59+00:00,2.0,light
1596728459000,68,60,2020-08-06 15:40:59+00:00,par_15,2020-08-06,2020-08-06 12:30:59+00:00,2020-08-06 17:37:59+00:00,2.0,light
1596728759000,69,55,2020-08-06 15:45:59+00:00,par_15,2020-08-06,2020-08-06 12:30:59+00:00,2020-08-06 17:37:59+00:00,2.0,light
1596729059000,68,48,2020-08-06 15:50:59+00:00,par_15,2020-08-06,2020-08-06 12:30:59+00:00,2020-08-06 17:37:59+00:00,2.0,light
1596729359000,69,47,2020-08-06 15:55:59+00:00,par_15,2020-08-06,2020-08-06 12:30:59+00:00,2020-08-06 17:37:59+00:00,1.0,deep
1596729659000,68,47,2020-08-06 16:00:59+00:00,par_15,2020-08-06,2020-08-06 12:30:59+00:00,2020-08-06 17:37:59+00:00,1.0,deep
1596729959000,69,44,2020-08-06 16:05:59+00:00,par_15,2020-08-06,2020-08-06 12:30:59+00:00,2020-08-06 17:37:59+00:00,1.0,deep
1596730259000,70,46,2020-08-06 16:10:59+00:00,par_15,2020-08-06,2020-08-06 12:30:59+00:00,2020-08-06 17:37:59+00:00,1.0,deep
1596730559000,69,50,2020-08-06 16:15:59+00:00,par_15,2020-08-06,2020-08-06 12:30:59+00:00,2020-08-06 17:37:59+00:00,1.0,deep
1596730859000,82,44,2020-08-06 16:20:59+00:00,par_15,2020-08-06,2020-08-06 12:30:59+00:00,2020-08-06 17:37:59+00:00,1.0,deep
1596731159000,71,50,2020-08-06 16:25:59+00:00,par_15,2020-08-06,2020-08-06 12:30:59+00:00,2020-08-06 17:37:59+00:00,2.0,light
1596731459000,68,67,2020-08-06 16:30:59+00:00,par_15,2020-08-06,2020-08-06 12:30:59+00:00,2020-08-06 17:37:59+00:00,2.0,light
1596731759000,69,65,2020-08-06 16:35:59+00:00,par_15,2020-08-06,2020-08-06 12:30:59+00:00,2020-08-06 17:37:59+00:00,2.0,light
1596732059000,69,53,2020-08-06 16:40:59+00:00,par_15,2020-08-06,2020-08-06 12:30:59+00:00,2020-08-06 17:37:59+00:00,2.0,light
1596732359000,73,45,2020-08-06 16:45:59+00:00,par_15,2020-08-06,2020-08-06 12:30:59+00:00,2020-08-06 17:37:59+00:00,2.0,light
1596732659000,71,58,2020-08-06 16:50:59+00:00,par_15,2020-08-06,2020-08-06 12:30:59+00:00,2020-08-06 17:37:59+00:00,2.0,light
1596732959000,73,46,2020-08-06 16:55:59+00:00,par_15,2020-08-06,2020-08-06 12:30:59+00:00,2020-08-06 17:37:59+00:00,2.0,light
1596733259000,76,33,2020-08-06 17:00:59+00:00,par_15,2020-08-06,2020-08-06 12:30:59+00:00,2020-08-06 17:37:59+00:00,3.0,REM
1596733559000,71,60,2020-08-06 17:05:59+00:00,par_15,2020-08-06,2020-08-06 12:30:59+00:00,2020-08-06 17:37:59+00:00,2.0,light
1596733859000,70,61,2020-08-06 17:10:59+00:00,par_15,2020-08-06,2020-08-06 12:30:59+00:00,2020-08-06 17:37:59+00:00,2.0,light
1596734159000,73,63,2020-08-06 17:15:59+00:00,par_15,2020-08-06,2020-08-06 12:30:59+00:00,2020-08-06 17:37:59+00:00,2.0,light
1596734459000,78,47,2020-08-06 17:20:59+00:00,par_15,2020-08-06,2020-08-06 12:30:59+00:00,2020-08-06 17:37:59+00:00,4.0,awake
1596734759000,80,46,2020-08-06 17:25:59+00:00,par_15,2020-08-06,2020-08-06 12:30:59+00:00,2020-08-06 17:37:59+00:00,4.0,awake
1596735059000,85,29,2020-08-06 17:30:59+00:00,par_15,2020-08-06,2020-08-06 12:30:59+00:00,2020-08-06 17:37:59+00:00,4.0,awake
1596735359000,0,0,2020-08-06 17:35:59+00:00,par_15,2020-08-06,2020-08-06 12:30:59+00:00,2020-08-06 17:37:59+00:00,4.0,awake
1596783659000,0,0,2020-08-07 07:00:59+00:00,par_15,2020-08-07,2020-08-07 07:00:59+00:00,2020-08-07 14:25:59+00:00,4.0,awake
1596783959000,79,38,2020-08-07 07:05:59+00:00,par_15,2020-08-07,2020-08-07 07:00:59+00:00,2020-08-07 14:25:59+00:00,4.0,awake
1596784259000,80,31,2020-08-07 07:10:59+00:00,par_15,2020-08-07,2020-08-07 07:00:59+00:00,2020-08-07 14:25:59+00:00,4.0,awake
1596784559000,77,37,2020-08-07 07:15:59+00:00,par_15,2020-08-07,2020-08-07 07:00:59+00:00,2020-08-07 14:25:59+00:00,4.0,awake
1596784859000,78,30,2020-08-07 07:20:59+00:00,par_15,2020-08-07,2020-08-07 07:00:59+00:00,2020-08-07 14:25:59+00:00,2.0,light
1596785159000,75,35,2020-08-07 07:25:59+00:00,par_15,2020-08-07,2020-08-07 07:00:59+00:00,2020-08-07 14:25:59+00:00,2.0,light
1596785459000,75,34,2020-08-07 07:30:59+00:00,par_15,2020-08-07,2020-08-07 07:00:59+00:00,2020-08-07 14:25:59+00:00,1.0,deep
1596785759000,74,35,2020-08-07 07:35:59+00:00,par_15,2020-08-07,2020-08-07 07:00:59+00:00,2020-08-07 14:25:59+00:00,1.0,deep
1596786059000,74,31,2020-08-07 07:40:59+00:00,par_15,2020-08-07,2020-08-07 07:00:59+00:00,2020-08-07 14:25:59+00:00,1.0,deep
1596786359000,72,36,2020-08-07 07:45:59+00:00,par_15,2020-08-07,2020-08-07 07:00:59+00:00,2020-08-07 14:25:59+00:00,2.0,light
1596786659000,70,43,2020-08-07 07:50:59+00:00,par_15,2020-08-07,2020-08-07 07:00:59+00:00,2020-08-07 14:25:59+00:00,1.0,deep
1596786959000,70,45,2020-08-07 07:55:59+00:00,par_15,2020-08-07,2020-08-07 07:00:59+00:00,2020-08-07 14:25:59+00:00,1.0,deep
1596787259000,70,48,2020-08-07 08:00:59+00:00,par_15,2020-08-07,2020-08-07 07:00:59+00:00,2020-08-07 14:25:59+00:00,1.0,deep
1596787559000,77,35,2020-08-07 08:05:59+00:00,par_15,2020-08-07,2020-08-07 07:00:59+00:00,2020-08-07 14:25:59+00:00,1.0,deep
1596787859000,78,27,2020-08-07 08:10:59+00:00,par_15,2020-08-07,2020-08-07 07:00:59+00:00,2020-08-07 14:25:59+00:00,2.0,light
1596788159000,78,23,2020-08-07 08:15:59+00:00,par_15,2020-08-07,2020-08-07 07:00:59+00:00,2020-08-07 14:25:59+00:00,2.0,light
1596788459000,79,29,2020-08-07 08:20:59+00:00,par_15,2020-08-07,2020-08-07 07:00:59+00:00,2020-08-07 14:25:59+00:00,2.0,light
1596788759000,75,37,2020-08-07 08:25:59+00:00,par_15,2020-08-07,2020-08-07 07:00:59+00:00,2020-08-07 14:25:59+00:00,2.0,light
1596789059000,75,34,2020-08-07 08:30:59+00:00,par_15,2020-08-07,2020-08-07 07:00:59+00:00,2020-08-07 14:25:59+00:00,2.0,light
1596789359000,74,33,2020-08-07 08:35:59+00:00,par_15,2020-08-07,2020-08-07 07:00:59+00:00,2020-08-07 14:25:59+00:00,1.0,deep
1596789659000,72,38,2020-08-07 08:40:59+00:00,par_15,2020-08-07,2020-08-07 07:00:59+00:00,2020-08-07 14:25:59+00:00,1.0,deep
1596789959000,71,39,2020-08-07 08:45:59+00:00,par_15,2020-08-07,2020-08-07 07:00:59+00:00,2020-08-07 14:25:59+00:00,1.0,deep
1596790259000,71,38,2020-08-07 08:50:59+00:00,par_15,2020-08-07,2020-08-07 07:00:59+00:00,2020-08-07 14:25:59+00:00,1.0,deep
1596790559000,71,39,2020-08-07 08:55:59+00:00,par_15,2020-08-07,2020-08-07 07:00:59+00:00,2020-08-07 14:25:59+00:00,1.0,deep
1596790859000,71,40,2020-08-07 09:00:59+00:00,par_15,2020-08-07,2020-08-07 07:00:59+00:00,2020-08-07 14:25:59+00:00,1.0,deep
1596791159000,72,37,2020-08-07 09:05:59+00:00,par_15,2020-08-07,2020-08-07 07:00:59+00:00,2020-08-07 14:25:59+00:00,1.0,deep
1596791459000,73,38,2020-08-07 09:10:59+00:00,par_15,2020-08-07,2020-08-07 07:00:59+00:00,2020-08-07 14:25:59+00:00,1.0,deep
1596791759000,72,41,2020-08-07 09:15:59+00:00,par_15,2020-08-07,2020-08-07 07:00:59+00:00,2020-08-07 14:25:59+00:00,1.0,deep
1596792059000,73,39,2020-08-07 09:20:59+00:00,par_15,2020-08-07,2020-08-07 07:00:59+00:00,2020-08-07 14:25:59+00:00,1.0,deep
1596792359000,77,36,2020-08-07 09:25:59+00:00,par_15,2020-08-07,2020-08-07 07:00:59+00:00,2020-08-07 14:25:59+00:00,1.0,deep
1596792659000,76,44,2020-08-07 09:30:59+00:00,par_15,2020-08-07,2020-08-07 07:00:59+00:00,2020-08-07 14:25:59+00:00,2.0,light
1596792959000,73,54,2020-08-07 09:35:59+00:00,par_15,2020-08-07,2020-08-07 07:00:59+00:00,2020-08-07 14:25:59+00:00,2.0,light
1596793259000,77,27,2020-08-07 09:40:59+00:00,par_15,2020-08-07,2020-08-07 07:00:59+00:00,2020-08-07 14:25:59+00:00,2.0,light
1596793559000,78,25,2020-08-07 09:45:59+00:00,par_15,2020-08-07,2020-08-07 07:00:59+00:00,2020-08-07 14:25:59+00:00,3.0,REM
1596793859000,76,23,2020-08-07 09:50:59+00:00,par_15,2020-08-07,2020-08-07 07:00:59+00:00,2020-08-07 14:25:59+00:00,3.0,REM
1596794159000,78,34,2020-08-07 09:55:59+00:00,par_15,2020-08-07,2020-08-07 07:00:59+00:00,2020-08-07 14:25:59+00:00,3.0,REM
1596794459000,74,56,2020-08-07 10:00:59+00:00,par_15,2020-08-07,2020-08-07 07:00:59+00:00,2020-08-07 14:25:59+00:00,2.0,light
1596794759000,73,48,2020-08-07 10:05:59+00:00,par_15,2020-08-07,2020-08-07 07:00:59+00:00,2020-08-07 14:25:59+00:00,2.0,light
1596795059000,73,52,2020-08-07 10:10:59+00:00,par_15,2020-08-07,2020-08-07 07:00:59+00:00,2020-08-07 14:25:59+00:00,2.0,light
1596795359000,72,60,2020-08-07 10:15:59+00:00,par_15,2020-08-07,2020-08-07 07:00:59+00:00,2020-08-07 14:25:59+00:00,2.0,light
1596795659000,66,61,2020-08-07 10:20:59+00:00,par_15,2020-08-07,2020-08-07 07:00:59+00:00,2020-08-07 14:25:59+00:00,2.0,light
1596795959000,68,43,2020-08-07 10:25:59+00:00,par_15,2020-08-07,2020-08-07 07:00:59+00:00,2020-08-07 14:25:59+00:00,2.0,light
1596796259000,68,51,2020-08-07 10:30:59+00:00,par_15,2020-08-07,2020-08-07 07:00:59+00:00,2020-08-07 14:25:59+00:00,1.0,deep
1596796559000,69,46,2020-08-07 10:35:59+00:00,par_15,2020-08-07,2020-08-07 07:00:59+00:00,2020-08-07 14:25:59+00:00,1.0,deep
1596796859000,69,45,2020-08-07 10:40:59+00:00,par_15,2020-08-07,2020-08-07 07:00:59+00:00,2020-08-07 14:25:59+00:00,1.0,deep
1596797159000,69,56,2020-08-07 10:45:59+00:00,par_15,2020-08-07,2020-08-07 07:00:59+00:00,2020-08-07 14:25:59+00:00,1.0,deep
1596797459000,68,51,2020-08-07 10:50:59+00:00,par_15,2020-08-07,2020-08-07 07:00:59+00:00,2020-08-07 14:25:59+00:00,1.0,deep
1596797759000,70,40,2020-08-07 10:55:59+00:00,par_15,2020-08-07,2020-08-07 07:00:59+00:00,2020-08-07 14:25:59+00:00,1.0,deep
1596798059000,72,53,2020-08-07 11:00:59+00:00,par_15,2020-08-07,2020-08-07 07:00:59+00:00,2020-08-07 14:25:59+00:00,1.0,deep
1596798359000,71,39,2020-08-07 11:05:59+00:00,par_15,2020-08-07,2020-08-07 07:00:59+00:00,2020-08-07 14:25:59+00:00,2.0,light
1596798659000,71,47,2020-08-07 11:10:59+00:00,par_15,2020-08-07,2020-08-07 07:00:59+00:00,2020-08-07 14:25:59+00:00,1.0,deep
1596798959000,71,58,2020-08-07 11:15:59+00:00,par_15,2020-08-07,2020-08-07 07:00:59+00:00,2020-08-07 14:25:59+00:00,2.0,light
1596799259000,68,69,2020-08-07 11:20:59+00:00,par_15,2020-08-07,2020-08-07 07:00:59+00:00,2020-08-07 14:25:59+00:00,2.0,light
1596799559000,68,63,2020-08-07 11:25:59+00:00,par_15,2020-08-07,2020-08-07 07:00:59+00:00,2020-08-07 14:25:59+00:00,2.0,light
1596799859000,73,44,2020-08-07 11:30:59+00:00,par_15,2020-08-07,2020-08-07 07:00:59+00:00,2020-08-07 14:25:59+00:00,2.0,light
1596800159000,75,48,2020-08-07 11:35:59+00:00,par_15,2020-08-07,2020-08-07 07:00:59+00:00,2020-08-07 14:25:59+00:00,3.0,REM
1596800459000,77,24,2020-08-07 11:40:59+00:00,par_15,2020-08-07,2020-08-07 07:00:59+00:00,2020-08-07 14:25:59+00:00,3.0,REM
1596800759000,77,23,2020-08-07 11:45:59+00:00,par_15,2020-08-07,2020-08-07 07:00:59+00:00,2020-08-07 14:25:59+00:00,3.0,REM
1596801059000,77,40,2020-08-07 11:50:59+00:00,par_15,2020-08-07,2020-08-07 07:00:59+00:00,2020-08-07 14:25:59+00:00,3.0,REM
1596801359000,72,50,2020-08-07 11:55:59+00:00,par_15,2020-08-07,2020-08-07 07:00:59+00:00,2020-08-07 14:25:59+00:00,2.0,light
1596801659000,77,38,2020-08-07 12:00:59+00:00,par_15,2020-08-07,2020-08-07 07:00:59+00:00,2020-08-07 14:25:59+00:00,2.0,light
1596801959000,73,49,2020-08-07 12:05:59+00:00,par_15,2020-08-07,2020-08-07 07:00:59+00:00,2020-08-07 14:25:59+00:00,2.0,light
1596802259000,70,60,2020-08-07 12:10:59+00:00,par_15,2020-08-07,2020-08-07 07:00:59+00:00,2020-08-07 14:25:59+00:00,2.0,light
1596802559000,64,82,2020-08-07 12:15:59+00:00,par_15,2020-08-07,2020-08-07 07:00:59+00:00,2020-08-07 14:25:59+00:00,2.0,light
1596802859000,66,75,2020-08-07 12:20:59+00:00,par_15,2020-08-07,2020-08-07 07:00:59+00:00,2020-08-07 14:25:59+00:00,2.0,light
1596803159000,67,61,2020-08-07 12:25:59+00:00,par_15,2020-08-07,2020-08-07 07:00:59+00:00,2020-08-07 14:25:59+00:00,2.0,light
1596803459000,68,53,2020-08-07 12:30:59+00:00,par_15,2020-08-07,2020-08-07 07:00:59+00:00,2020-08-07 14:25:59+00:00,1.0,deep
1596803759000,68,51,2020-08-07 12:35:59+00:00,par_15,2020-08-07,2020-08-07 07:00:59+00:00,2020-08-07 14:25:59+00:00,1.0,deep
1596804059000,68,79,2020-08-07 12:40:59+00:00,par_15,2020-08-07,2020-08-07 07:00:59+00:00,2020-08-07 14:25:59+00:00,1.0,deep
1596804359000,67,70,2020-08-07 12:45:59+00:00,par_15,2020-08-07,2020-08-07 07:00:59+00:00,2020-08-07 14:25:59+00:00,2.0,light
1596804659000,68,76,2020-08-07 12:50:59+00:00,par_15,2020-08-07,2020-08-07 07:00:59+00:00,2020-08-07 14:25:59+00:00,2.0,light
1596804959000,65,75,2020-08-07 12:55:59+00:00,par_15,2020-08-07,2020-08-07 07:00:59+00:00,2020-08-07 14:25:59+00:00,2.0,light
1596805259000,63,80,2020-08-07 13:00:59+00:00,par_15,2020-08-07,2020-08-07 07:00:59+00:00,2020-08-07 14:25:59+00:00,2.0,light
1596805559000,66,73,2020-08-07 13:05:59+00:00,par_15,2020-08-07,2020-08-07 07:00:59+00:00,2020-08-07 14:25:59+00:00,2.0,light
1596805859000,71,73,2020-08-07 13:10:59+00:00,par_15,2020-08-07,2020-08-07 07:00:59+00:00,2020-08-07 14:25:59+00:00,2.0,light
1596806159000,69,69,2020-08-07 13:15:59+00:00,par_15,2020-08-07,2020-08-07 07:00:59+00:00,2020-08-07 14:25:59+00:00,2.0,light
1596806459000,73,60,2020-08-07 13:20:59+00:00,par_15,2020-08-07,2020-08-07 07:00:59+00:00,2020-08-07 14:25:59+00:00,2.0,light
1596806759000,73,47,2020-08-07 13:25:59+00:00,par_15,2020-08-07,2020-08-07 07:00:59+00:00,2020-08-07 14:25:59+00:00,3.0,REM
1596807059000,76,37,2020-08-07 13:30:59+00:00,par_15,2020-08-07,2020-08-07 07:00:59+00:00,2020-08-07 14:25:59+00:00,3.0,REM
1596807359000,73,67,2020-08-07 13:35:59+00:00,par_15,2020-08-07,2020-08-07 07:00:59+00:00,2020-08-07 14:25:59+00:00,2.0,light
1596807659000,70,76,2020-08-07 13:40:59+00:00,par_15,2020-08-07,2020-08-07 07:00:59+00:00,2020-08-07 14:25:59+00:00,2.0,light
1596807959000,66,88,2020-08-07 13:45:59+00:00,par_15,2020-08-07,2020-08-07 07:00:59+00:00,2020-08-07 14:25:59+00:00,2.0,light
1596808259000,67,84,2020-08-07 13:50:59+00:00,par_15,2020-08-07,2020-08-07 07:00:59+00:00,2020-08-07 14:25:59+00:00,2.0,light
1596808559000,69,71,2020-08-07 13:55:59+00:00,par_15,2020-08-07,2020-08-07 07:00:59+00:00,2020-08-07 14:25:59+00:00,2.0,light
1596808859000,67,67,2020-08-07 14:00:59+00:00,par_15,2020-08-07,2020-08-07 07:00:59+00:00,2020-08-07 14:25:59+00:00,2.0,light
1596809159000,73,52,2020-08-07 14:05:59+00:00,par_15,2020-08-07,2020-08-07 07:00:59+00:00,2020-08-07 14:25:59+00:00,4.0,awake
1596809459000,72,66,2020-08-07 14:10:59+00:00,par_15,2020-08-07,2020-08-07 07:00:59+00:00,2020-08-07 14:25:59+00:00,4.0,awake
1596809759000,71,63,2020-08-07 14:15:59+00:00,par_15,2020-08-07,2020-08-07 07:00:59+00:00,2020-08-07 14:25:59+00:00,2.0,light
1596810059000,71,62,2020-08-07 14:20:59+00:00,par_15,2020-08-07,2020-08-07 07:00:59+00:00,2020-08-07 14:25:59+00:00,4.0,awake
1596810359000,0,0,2020-08-07 14:25:59+00:00,par_15,2020-08-07,2020-08-07 07:00:59+00:00,2020-08-07 14:25:59+00:00,,
1596863219000,0,0,2020-08-08 05:06:59+00:00,par_15,2020-08-08,2020-08-08 05:06:59+00:00,2020-08-08 10:58:59+00:00,4.0,awake
1596863519000,0,0,2020-08-08 05:11:59+00:00,par_15,2020-08-08,2020-08-08 05:06:59+00:00,2020-08-08 10:58:59+00:00,4.0,awake
1596863819000,0,0,2020-08-08 05:16:59+00:00,par_15,2020-08-08,2020-08-08 05:06:59+00:00,2020-08-08 10:58:59+00:00,4.0,awake
1596864119000,0,0,2020-08-08 05:21:59+00:00,par_15,2020-08-08,2020-08-08 05:06:59+00:00,2020-08-08 10:58:59+00:00,4.0,awake
1596864419000,70,64,2020-08-08 05:26:59+00:00,par_15,2020-08-08,2020-08-08 05:06:59+00:00,2020-08-08 10:58:59+00:00,2.0,light
1596864719000,67,65,2020-08-08 05:31:59+00:00,par_15,2020-08-08,2020-08-08 05:06:59+00:00,2020-08-08 10:58:59+00:00,2.0,light
1596865019000,67,63,2020-08-08 05:36:59+00:00,par_15,2020-08-08,2020-08-08 05:06:59+00:00,2020-08-08 10:58:59+00:00,2.0,light
1596865319000,68,54,2020-08-08 05:41:59+00:00,par_15,2020-08-08,2020-08-08 05:06:59+00:00,2020-08-08 10:58:59+00:00,1.0,deep
1596865619000,69,55,2020-08-08 05:46:59+00:00,par_15,2020-08-08,2020-08-08 05:06:59+00:00,2020-08-08 10:58:59+00:00,1.0,deep
1596865919000,69,51,2020-08-08 05:51:59+00:00,par_15,2020-08-08,2020-08-08 05:06:59+00:00,2020-08-08 10:58:59+00:00,1.0,deep
1596866219000,68,53,2020-08-08 05:56:59+00:00,par_15,2020-08-08,2020-08-08 05:06:59+00:00,2020-08-08 10:58:59+00:00,1.0,deep
1596866519000,70,50,2020-08-08 06:01:59+00:00,par_15,2020-08-08,2020-08-08 05:06:59+00:00,2020-08-08 10:58:59+00:00,1.0,deep
1596866819000,70,48,2020-08-08 06:06:59+00:00,par_15,2020-08-08,2020-08-08 05:06:59+00:00,2020-08-08 10:58:59+00:00,1.0,deep
1596867119000,69,80,2020-08-08 06:11:59+00:00,par_15,2020-08-08,2020-08-08 05:06:59+00:00,2020-08-08 10:58:59+00:00,2.0,light
1596867419000,72,66,2020-08-08 06:16:59+00:00,par_15,2020-08-08,2020-08-08 05:06:59+00:00,2020-08-08 10:58:59+00:00,2.0,light
1596867719000,74,46,2020-08-08 06:21:59+00:00,par_15,2020-08-08,2020-08-08 05:06:59+00:00,2020-08-08 10:58:59+00:00,2.0,light
1596868019000,74,43,2020-08-08 06:26:59+00:00,par_15,2020-08-08,2020-08-08 05:06:59+00:00,2020-08-08 10:58:59+00:00,3.0,REM
1596868319000,0,0,2020-08-08 06:31:59+00:00,par_15,2020-08-08,2020-08-08 05:06:59+00:00,2020-08-08 10:58:59+00:00,2.0,light
1596868619000,70,59,2020-08-08 06:36:59+00:00,par_15,2020-08-08,2020-08-08 05:06:59+00:00,2020-08-08 10:58:59+00:00,2.0,light
1596868919000,71,52,2020-08-08 06:41:59+00:00,par_15,2020-08-08,2020-08-08 05:06:59+00:00,2020-08-08 10:58:59+00:00,2.0,light
1596869219000,72,45,2020-08-08 06:46:59+00:00,par_15,2020-08-08,2020-08-08 05:06:59+00:00,2020-08-08 10:58:59+00:00,1.0,deep
1596869519000,73,47,2020-08-08 06:51:59+00:00,par_15,2020-08-08,2020-08-08 05:06:59+00:00,2020-08-08 10:58:59+00:00,1.0,deep
1596869819000,70,61,2020-08-08 06:56:59+00:00,par_15,2020-08-08,2020-08-08 05:06:59+00:00,2020-08-08 10:58:59+00:00,1.0,deep
1596870119000,70,65,2020-08-08 07:01:59+00:00,par_15,2020-08-08,2020-08-08 05:06:59+00:00,2020-08-08 10:58:59+00:00,1.0,deep
1596870419000,71,63,2020-08-08 07:06:59+00:00,par_15,2020-08-08,2020-08-08 05:06:59+00:00,2020-08-08 10:58:59+00:00,1.0,deep
1596870719000,74,58,2020-08-08 07:11:59+00:00,par_15,2020-08-08,2020-08-08 05:06:59+00:00,2020-08-08 10:58:59+00:00,1.0,deep
1596871019000,0,0,2020-08-08 07:16:59+00:00,par_15,2020-08-08,2020-08-08 05:06:59+00:00,2020-08-08 10:58:59+00:00,3.0,REM
1596871319000,0,0,2020-08-08 07:21:59+00:00,par_15,2020-08-08,2020-08-08 05:06:59+00:00,2020-08-08 10:58:59+00:00,3.0,REM
1596871619000,0,0,2020-08-08 07:26:59+00:00,par_15,2020-08-08,2020-08-08 05:06:59+00:00,2020-08-08 10:58:59+00:00,3.0,REM
1596871919000,73,36,2020-08-08 07:31:59+00:00,par_15,2020-08-08,2020-08-08 05:06:59+00:00,2020-08-08 10:58:59+00:00,2.0,light
1596872219000,74,31,2020-08-08 07:36:59+00:00,par_15,2020-08-08,2020-08-08 05:06:59+00:00,2020-08-08 10:58:59+00:00,1.0,deep
1596872519000,73,31,2020-08-08 07:41:59+00:00,par_15,2020-08-08,2020-08-08 05:06:59+00:00,2020-08-08 10:58:59+00:00,1.0,deep
1596872819000,74,31,2020-08-08 07:46:59+00:00,par_15,2020-08-08,2020-08-08 05:06:59+00:00,2020-08-08 10:58:59+00:00,1.0,deep
1596873119000,74,31,2020-08-08 07:51:59+00:00,par_15,2020-08-08,2020-08-08 05:06:59+00:00,2020-08-08 10:58:59+00:00,1.0,deep
1596873419000,78,38,2020-08-08 07:56:59+00:00,par_15,2020-08-08,2020-08-08 05:06:59+00:00,2020-08-08 10:58:59+00:00,2.0,light
1596873719000,80,23,2020-08-08 08:01:59+00:00,par_15,2020-08-08,2020-08-08 05:06:59+00:00,2020-08-08 10:58:59+00:00,2.0,light
1596874019000,78,28,2020-08-08 08:06:59+00:00,par_15,2020-08-08,2020-08-08 05:06:59+00:00,2020-08-08 10:58:59+00:00,3.0,REM
1596874319000,78,21,2020-08-08 08:11:59+00:00,par_15,2020-08-08,2020-08-08 05:06:59+00:00,2020-08-08 10:58:59+00:00,3.0,REM
1596874619000,75,36,2020-08-08 08:16:59+00:00,par_15,2020-08-08,2020-08-08 05:06:59+00:00,2020-08-08 10:58:59+00:00,2.0,light
1596874919000,76,37,2020-08-08 08:21:59+00:00,par_15,2020-08-08,2020-08-08 05:06:59+00:00,2020-08-08 10:58:59+00:00,2.0,light
1596875219000,74,51,2020-08-08 08:26:59+00:00,par_15,2020-08-08,2020-08-08 05:06:59+00:00,2020-08-08 10:58:59+00:00,2.0,light
1596875519000,70,62,2020-08-08 08:31:59+00:00,par_15,2020-08-08,2020-08-08 05:06:59+00:00,2020-08-08 10:58:59+00:00,2.0,light
1596875819000,68,75,2020-08-08 08:36:59+00:00,par_15,2020-08-08,2020-08-08 05:06:59+00:00,2020-08-08 10:58:59+00:00,2.0,light
1596876119000,68,72,2020-08-08 08:41:59+00:00,par_15,2020-08-08,2020-08-08 05:06:59+00:00,2020-08-08 10:58:59+00:00,2.0,light
1596876419000,77,51,2020-08-08 08:46:59+00:00,par_15,2020-08-08,2020-08-08 05:06:59+00:00,2020-08-08 10:58:59+00:00,4.0,awake
1596876719000,72,51,2020-08-08 08:51:59+00:00,par_15,2020-08-08,2020-08-08 05:06:59+00:00,2020-08-08 10:58:59+00:00,2.0,light
1596877019000,69,61,2020-08-08 08:56:59+00:00,par_15,2020-08-08,2020-08-08 05:06:59+00:00,2020-08-08 10:58:59+00:00,2.0,light
1596877319000,71,55,2020-08-08 09:01:59+00:00,par_15,2020-08-08,2020-08-08 05:06:59+00:00,2020-08-08 10:58:59+00:00,1.0,deep
1596877619000,70,51,2020-08-08 09:06:59+00:00,par_15,2020-08-08,2020-08-08 05:06:59+00:00,2020-08-08 10:58:59+00:00,1.0,deep
1596877919000,71,51,2020-08-08 09:11:59+00:00,par_15,2020-08-08,2020-08-08 05:06:59+00:00,2020-08-08 10:58:59+00:00,1.0,deep
1596878219000,71,48,2020-08-08 09:16:59+00:00,par_15,2020-08-08,2020-08-08 05:06:59+00:00,2020-08-08 10:58:59+00:00,1.0,deep
1596878519000,72,40,2020-08-08 09:21:59+00:00,par_15,2020-08-08,2020-08-08 05:06:59+00:00,2020-08-08 10:58:59+00:00,1.0,deep
1596878819000,73,41,2020-08-08 09:26:59+00:00,par_15,2020-08-08,2020-08-08 05:06:59+00:00,2020-08-08 10:58:59+00:00,1.0,deep
1596879119000,71,48,2020-08-08 09:31:59+00:00,par_15,2020-08-08,2020-08-08 05:06:59+00:00,2020-08-08 10:58:59+00:00,2.0,light
1596879419000,71,46,2020-08-08 09:36:59+00:00,par_15,2020-08-08,2020-08-08 05:06:59+00:00,2020-08-08 10:58:59+00:00,2.0,light
1596879719000,74,54,2020-08-08 09:41:59+00:00,par_15,2020-08-08,2020-08-08 05:06:59+00:00,2020-08-08 10:58:59+00:00,2.0,light
1596880019000,79,30,2020-08-08 09:46:59+00:00,par_15,2020-08-08,2020-08-08 05:06:59+00:00,2020-08-08 10:58:59+00:00,3.0,REM
1596880319000,78,32,2020-08-08 09:51:59+00:00,par_15,2020-08-08,2020-08-08 05:06:59+00:00,2020-08-08 10:58:59+00:00,3.0,REM
1596880619000,76,34,2020-08-08 09:56:59+00:00,par_15,2020-08-08,2020-08-08 05:06:59+00:00,2020-08-08 10:58:59+00:00,3.0,REM
1596880919000,81,34,2020-08-08 10:01:59+00:00,par_15,2020-08-08,2020-08-08 05:06:59+00:00,2020-08-08 10:58:59+00:00,4.0,awake
1596881219000,77,35,2020-08-08 10:06:59+00:00,par_15,2020-08-08,2020-08-08 05:06:59+00:00,2020-08-08 10:58:59+00:00,2.0,light
1596881519000,75,42,2020-08-08 10:11:59+00:00,par_15,2020-08-08,2020-08-08 05:06:59+00:00,2020-08-08 10:58:59+00:00,2.0,light
1596881819000,73,47,2020-08-08 10:16:59+00:00,par_15,2020-08-08,2020-08-08 05:06:59+00:00,2020-08-08 10:58:59+00:00,2.0,light
1596882119000,75,31,2020-08-08 10:21:59+00:00,par_15,2020-08-08,2020-08-08 05:06:59+00:00,2020-08-08 10:58:59+00:00,2.0,light
1596882419000,76,30,2020-08-08 10:26:59+00:00,par_15,2020-08-08,2020-08-08 05:06:59+00:00,2020-08-08 10:58:59+00:00,1.0,deep
1596882719000,79,33,2020-08-08 10:31:59+00:00,par_15,2020-08-08,2020-08-08 05:06:59+00:00,2020-08-08 10:58:59+00:00,2.0,light
1596883019000,76,41,2020-08-08 10:36:59+00:00,par_15,2020-08-08,2020-08-08 05:06:59+00:00,2020-08-08 10:58:59+00:00,2.0,light
1596883319000,75,37,2020-08-08 10:41:59+00:00,par_15,2020-08-08,2020-08-08 05:06:59+00:00,2020-08-08 10:58:59+00:00,2.0,light
1596883619000,72,50,2020-08-08 10:46:59+00:00,par_15,2020-08-08,2020-08-08 05:06:59+00:00,2020-08-08 10:58:59+00:00,2.0,light
1596883919000,76,47,2020-08-08 10:51:59+00:00,par_15,2020-08-08,2020-08-08 05:06:59+00:00,2020-08-08 10:58:59+00:00,4.0,awake
1596884219000,0,0,2020-08-08 10:56:59+00:00,par_15,2020-08-08,2020-08-08 05:06:59+00:00,2020-08-08 10:58:59+00:00,4.0,awake
1596949621000,91,25,2020-08-09 05:07:01+00:00,par_15,2020-08-09,2020-08-09 05:07:01+00:00,2020-08-09 09:38:01+00:00,4.0,awake
1596949921000,90,26,2020-08-09 05:12:01+00:00,par_15,2020-08-09,2020-08-09 05:07:01+00:00,2020-08-09 09:38:01+00:00,4.0,awake
1596950221000,92,21,2020-08-09 05:17:01+00:00,par_15,2020-08-09,2020-08-09 05:07:01+00:00,2020-08-09 09:38:01+00:00,4.0,awake
1596950521000,89,20,2020-08-09 05:22:01+00:00,par_15,2020-08-09,2020-08-09 05:07:01+00:00,2020-08-09 09:38:01+00:00,4.0,awake
1596950821000,81,30,2020-08-09 05:27:01+00:00,par_15,2020-08-09,2020-08-09 05:07:01+00:00,2020-08-09 09:38:01+00:00,2.0,light
1596951121000,79,32,2020-08-09 05:32:01+00:00,par_15,2020-08-09,2020-08-09 05:07:01+00:00,2020-08-09 09:38:01+00:00,2.0,light
1596951421000,79,36,2020-08-09 05:37:01+00:00,par_15,2020-08-09,2020-08-09 05:07:01+00:00,2020-08-09 09:38:01+00:00,1.0,deep
1596951721000,80,27,2020-08-09 05:42:01+00:00,par_15,2020-08-09,2020-08-09 05:07:01+00:00,2020-08-09 09:38:01+00:00,1.0,deep
1596952021000,79,33,2020-08-09 05:47:01+00:00,par_15,2020-08-09,2020-08-09 05:07:01+00:00,2020-08-09 09:38:01+00:00,1.0,deep
1596952321000,79,31,2020-08-09 05:52:01+00:00,par_15,2020-08-09,2020-08-09 05:07:01+00:00,2020-08-09 09:38:01+00:00,1.0,deep
1596952621000,79,32,2020-08-09 05:57:01+00:00,par_15,2020-08-09,2020-08-09 05:07:01+00:00,2020-08-09 09:38:01+00:00,1.0,deep
1596952921000,78,31,2020-08-09 06:02:01+00:00,par_15,2020-08-09,2020-08-09 05:07:01+00:00,2020-08-09 09:38:01+00:00,1.0,deep
1596953221000,79,29,2020-08-09 06:07:01+00:00,par_15,2020-08-09,2020-08-09 05:07:01+00:00,2020-08-09 09:38:01+00:00,1.0,deep
1596953521000,81,24,2020-08-09 06:12:01+00:00,par_15,2020-08-09,2020-08-09 05:07:01+00:00,2020-08-09 09:38:01+00:00,1.0,deep
1596953821000,83,20,2020-08-09 06:17:01+00:00,par_15,2020-08-09,2020-08-09 05:07:01+00:00,2020-08-09 09:38:01+00:00,1.0,deep
1596954121000,85,25,2020-08-09 06:22:01+00:00,par_15,2020-08-09,2020-08-09 05:07:01+00:00,2020-08-09 09:38:01+00:00,1.0,deep
1596954421000,88,19,2020-08-09 06:27:01+00:00,par_15,2020-08-09,2020-08-09 05:07:01+00:00,2020-08-09 09:38:01+00:00,3.0,REM
1596954721000,91,13,2020-08-09 06:32:01+00:00,par_15,2020-08-09,2020-08-09 05:07:01+00:00,2020-08-09 09:38:01+00:00,3.0,REM
1596955021000,88,19,2020-08-09 06:37:01+00:00,par_15,2020-08-09,2020-08-09 05:07:01+00:00,2020-08-09 09:38:01+00:00,3.0,REM
1596955321000,84,32,2020-08-09 06:42:01+00:00,par_15,2020-08-09,2020-08-09 05:07:01+00:00,2020-08-09 09:38:01+00:00,3.0,REM
1596955621000,86,29,2020-08-09 06:47:01+00:00,par_15,2020-08-09,2020-08-09 05:07:01+00:00,2020-08-09 09:38:01+00:00,3.0,REM
1596955921000,88,21,2020-08-09 06:52:01+00:00,par_15,2020-08-09,2020-08-09 05:07:01+00:00,2020-08-09 09:38:01+00:00,3.0,REM
1596956221000,86,22,2020-08-09 06:57:01+00:00,par_15,2020-08-09,2020-08-09 05:07:01+00:00,2020-08-09 09:38:01+00:00,2.0,light
1596956521000,85,23,2020-08-09 07:02:01+00:00,par_15,2020-08-09,2020-08-09 05:07:01+00:00,2020-08-09 09:38:01+00:00,2.0,light
1596956821000,85,16,2020-08-09 07:07:01+00:00,par_15,2020-08-09,2020-08-09 05:07:01+00:00,2020-08-09 09:38:01+00:00,2.0,light
1596957121000,85,18,2020-08-09 07:12:01+00:00,par_15,2020-08-09,2020-08-09 05:07:01+00:00,2020-08-09 09:38:01+00:00,1.0,deep
1596957421000,85,36,2020-08-09 07:17:01+00:00,par_15,2020-08-09,2020-08-09 05:07:01+00:00,2020-08-09 09:38:01+00:00,2.0,light
1596957721000,79,47,2020-08-09 07:22:01+00:00,par_15,2020-08-09,2020-08-09 05:07:01+00:00,2020-08-09 09:38:01+00:00,2.0,light
1596958021000,78,46,2020-08-09 07:27:01+00:00,par_15,2020-08-09,2020-08-09 05:07:01+00:00,2020-08-09 09:38:01+00:00,2.0,light
1596958321000,78,40,2020-08-09 07:32:01+00:00,par_15,2020-08-09,2020-08-09 05:07:01+00:00,2020-08-09 09:38:01+00:00,2.0,light
1596958621000,77,37,2020-08-09 07:37:01+00:00,par_15,2020-08-09,2020-08-09 05:07:01+00:00,2020-08-09 09:38:01+00:00,2.0,light
1596958921000,76,27,2020-08-09 07:42:01+00:00,par_15,2020-08-09,2020-08-09 05:07:01+00:00,2020-08-09 09:38:01+00:00,2.0,light
1596959221000,73,35,2020-08-09 07:47:01+00:00,par_15,2020-08-09,2020-08-09 05:07:01+00:00,2020-08-09 09:38:01+00:00,2.0,light
1596959521000,71,52,2020-08-09 07:52:01+00:00,par_15,2020-08-09,2020-08-09 05:07:01+00:00,2020-08-09 09:38:01+00:00,2.0,light
1596959821000,71,52,2020-08-09 07:57:01+00:00,par_15,2020-08-09,2020-08-09 05:07:01+00:00,2020-08-09 09:38:01+00:00,2.0,light
1596960121000,71,47,2020-08-09 08:02:01+00:00,par_15,2020-08-09,2020-08-09 05:07:01+00:00,2020-08-09 09:38:01+00:00,2.0,light
1596960421000,71,41,2020-08-09 08:07:01+00:00,par_15,2020-08-09,2020-08-09 05:07:01+00:00,2020-08-09 09:38:01+00:00,1.0,deep
1596960721000,70,51,2020-08-09 08:12:01+00:00,par_15,2020-08-09,2020-08-09 05:07:01+00:00,2020-08-09 09:38:01+00:00,1.0,deep
1596961021000,76,52,2020-08-09 08:17:01+00:00,par_15,2020-08-09,2020-08-09 05:07:01+00:00,2020-08-09 09:38:01+00:00,2.0,light
1596961321000,75,36,2020-08-09 08:22:01+00:00,par_15,2020-08-09,2020-08-09 05:07:01+00:00,2020-08-09 09:38:01+00:00,2.0,light
1596961621000,74,48,2020-08-09 08:27:01+00:00,par_15,2020-08-09,2020-08-09 05:07:01+00:00,2020-08-09 09:38:01+00:00,2.0,light
1596961921000,71,59,2020-08-09 08:32:01+00:00,par_15,2020-08-09,2020-08-09 05:07:01+00:00,2020-08-09 09:38:01+00:00,2.0,light
1596962221000,71,68,2020-08-09 08:37:01+00:00,par_15,2020-08-09,2020-08-09 05:07:01+00:00,2020-08-09 09:38:01+00:00,2.0,light
1596962521000,70,79,2020-08-09 08:42:01+00:00,par_15,2020-08-09,2020-08-09 05:07:01+00:00,2020-08-09 09:38:01+00:00,2.0,light
1596962821000,69,85,2020-08-09 08:47:01+00:00,par_15,2020-08-09,2020-08-09 05:07:01+00:00,2020-08-09 09:38:01+00:00,2.0,light
1596963121000,64,100,2020-08-09 08:52:01+00:00,par_15,2020-08-09,2020-08-09 05:07:01+00:00,2020-08-09 09:38:01+00:00,2.0,light
1596963421000,63,101,2020-08-09 08:57:01+00:00,par_15,2020-08-09,2020-08-09 05:07:01+00:00,2020-08-09 09:38:01+00:00,2.0,light
1596963721000,64,75,2020-08-09 09:02:01+00:00,par_15,2020-08-09,2020-08-09 05:07:01+00:00,2020-08-09 09:38:01+00:00,2.0,light
1596964021000,65,72,2020-08-09 09:07:01+00:00,par_15,2020-08-09,2020-08-09 05:07:01+00:00,2020-08-09 09:38:01+00:00,1.0,deep
1596964321000,66,90,2020-08-09 09:12:01+00:00,par_15,2020-08-09,2020-08-09 05:07:01+00:00,2020-08-09 09:38:01+00:00,2.0,light
1596964621000,75,64,2020-08-09 09:17:01+00:00,par_15,2020-08-09,2020-08-09 05:07:01+00:00,2020-08-09 09:38:01+00:00,2.0,light
1596964921000,0,0,2020-08-09 09:22:01+00:00,par_15,2020-08-09,2020-08-09 05:07:01+00:00,2020-08-09 09:38:01+00:00,4.0,awake
1596965221000,0,0,2020-08-09 09:27:01+00:00,par_15,2020-08-09,2020-08-09 05:07:01+00:00,2020-08-09 09:38:01+00:00,4.0,awake
1596965521000,69,68,2020-08-09 09:32:01+00:00,par_15,2020-08-09,2020-08-09 05:07:01+00:00,2020-08-09 09:38:01+00:00,4.0,awake
1596965821000,72,56,2020-08-09 09:37:01+00:00,par_15,2020-08-09,2020-08-09 05:07:01+00:00,2020-08-09 09:38:01+00:00,4.0,awake
1597043158000,81,31,2020-08-10 07:05:58+00:00,par_15,2020-08-10,2020-08-10 07:05:58+00:00,2020-08-10 16:27:58+00:00,4.0,awake
1597043458000,0,0,2020-08-10 07:10:58+00:00,par_15,2020-08-10,2020-08-10 07:05:58+00:00,2020-08-10 16:27:58+00:00,4.0,awake
1597043758000,85,26,2020-08-10 07:15:58+00:00,par_15,2020-08-10,2020-08-10 07:05:58+00:00,2020-08-10 16:27:58+00:00,4.0,awake
1597044058000,83,23,2020-08-10 07:20:58+00:00,par_15,2020-08-10,2020-08-10 07:05:58+00:00,2020-08-10 16:27:58+00:00,4.0,awake
1597044358000,76,32,2020-08-10 07:25:58+00:00,par_15,2020-08-10,2020-08-10 07:05:58+00:00,2020-08-10 16:27:58+00:00,2.0,light
1597044658000,74,39,2020-08-10 07:30:58+00:00,par_15,2020-08-10,2020-08-10 07:05:58+00:00,2020-08-10 16:27:58+00:00,2.0,light
1597044958000,75,31,2020-08-10 07:35:58+00:00,par_15,2020-08-10,2020-08-10 07:05:58+00:00,2020-08-10 16:27:58+00:00,1.0,deep
1597045258000,75,35,2020-08-10 07:40:58+00:00,par_15,2020-08-10,2020-08-10 07:05:58+00:00,2020-08-10 16:27:58+00:00,1.0,deep
1597045558000,73,44,2020-08-10 07:45:58+00:00,par_15,2020-08-10,2020-08-10 07:05:58+00:00,2020-08-10 16:27:58+00:00,1.0,deep
1597045858000,73,35,2020-08-10 07:50:58+00:00,par_15,2020-08-10,2020-08-10 07:05:58+00:00,2020-08-10 16:27:58+00:00,1.0,deep
1597046158000,73,40,2020-08-10 07:55:58+00:00,par_15,2020-08-10,2020-08-10 07:05:58+00:00,2020-08-10 16:27:58+00:00,1.0,deep
1597046458000,73,39,2020-08-10 08:00:58+00:00,par_15,2020-08-10,2020-08-10 07:05:58+00:00,2020-08-10 16:27:58+00:00,1.0,deep
1597046758000,75,46,2020-08-10 08:05:58+00:00,par_15,2020-08-10,2020-08-10 07:05:58+00:00,2020-08-10 16:27:58+00:00,1.0,deep
1597047058000,77,44,2020-08-10 08:10:58+00:00,par_15,2020-08-10,2020-08-10 07:05:58+00:00,2020-08-10 16:27:58+00:00,1.0,deep
1597047358000,81,23,2020-08-10 08:15:58+00:00,par_15,2020-08-10,2020-08-10 07:05:58+00:00,2020-08-10 16:27:58+00:00,3.0,REM
1597047658000,83,26,2020-08-10 08:20:58+00:00,par_15,2020-08-10,2020-08-10 07:05:58+00:00,2020-08-10 16:27:58+00:00,3.0,REM
1597047958000,79,37,2020-08-10 08:25:58+00:00,par_15,2020-08-10,2020-08-10 07:05:58+00:00,2020-08-10 16:27:58+00:00,2.0,light
1597048258000,76,40,2020-08-10 08:30:58+00:00,par_15,2020-08-10,2020-08-10 07:05:58+00:00,2020-08-10 16:27:58+00:00,2.0,light
1597048558000,75,52,2020-08-10 08:35:58+00:00,par_15,2020-08-10,2020-08-10 07:05:58+00:00,2020-08-10 16:27:58+00:00,2.0,light
1597048858000,71,58,2020-08-10 08:40:58+00:00,par_15,2020-08-10,2020-08-10 07:05:58+00:00,2020-08-10 16:27:58+00:00,2.0,light
1597049158000,69,60,2020-08-10 08:45:58+00:00,par_15,2020-08-10,2020-08-10 07:05:58+00:00,2020-08-10 16:27:58+00:00,2.0,light
1597049458000,70,52,2020-08-10 08:50:58+00:00,par_15,2020-08-10,2020-08-10 07:05:58+00:00,2020-08-10 16:27:58+00:00,2.0,light
1597049758000,68,56,2020-08-10 08:55:58+00:00,par_15,2020-08-10,2020-08-10 07:05:58+00:00,2020-08-10 16:27:58+00:00,1.0,deep
1597050058000,69,50,2020-08-10 09:00:58+00:00,par_15,2020-08-10,2020-08-10 07:05:58+00:00,2020-08-10 16:27:58+00:00,1.0,deep
1597050358000,70,51,2020-08-10 09:05:58+00:00,par_15,2020-08-10,2020-08-10 07:05:58+00:00,2020-08-10 16:27:58+00:00,1.0,deep
1597050658000,71,49,2020-08-10 09:10:58+00:00,par_15,2020-08-10,2020-08-10 07:05:58+00:00,2020-08-10 16:27:58+00:00,1.0,deep
1597050958000,69,55,2020-08-10 09:15:58+00:00,par_15,2020-08-10,2020-08-10 07:05:58+00:00,2020-08-10 16:27:58+00:00,1.0,deep
1597051258000,69,63,2020-08-10 09:20:58+00:00,par_15,2020-08-10,2020-08-10 07:05:58+00:00,2020-08-10 16:27:58+00:00,1.0,deep
1597051558000,71,51,2020-08-10 09:25:58+00:00,par_15,2020-08-10,2020-08-10 07:05:58+00:00,2020-08-10 16:27:58+00:00,1.0,deep
1597051858000,74,38,2020-08-10 09:30:58+00:00,par_15,2020-08-10,2020-08-10 07:05:58+00:00,2020-08-10 16:27:58+00:00,1.0,deep
1597052158000,81,16,2020-08-10 09:35:58+00:00,par_15,2020-08-10,2020-08-10 07:05:58+00:00,2020-08-10 16:27:58+00:00,1.0,deep
1597052458000,80,24,2020-08-10 09:40:58+00:00,par_15,2020-08-10,2020-08-10 07:05:58+00:00,2020-08-10 16:27:58+00:00,3.0,REM
1597052758000,78,34,2020-08-10 09:45:58+00:00,par_15,2020-08-10,2020-08-10 07:05:58+00:00,2020-08-10 16:27:58+00:00,3.0,REM
1597053058000,76,34,2020-08-10 09:50:58+00:00,par_15,2020-08-10,2020-08-10 07:05:58+00:00,2020-08-10 16:27:58+00:00,3.0,REM
1597053358000,73,46,2020-08-10 09:55:58+00:00,par_15,2020-08-10,2020-08-10 07:05:58+00:00,2020-08-10 16:27:58+00:00,2.0,light
1597053658000,74,29,2020-08-10 10:00:58+00:00,par_15,2020-08-10,2020-08-10 07:05:58+00:00,2020-08-10 16:27:58+00:00,2.0,light
1597053958000,73,51,2020-08-10 10:05:58+00:00,par_15,2020-08-10,2020-08-10 07:05:58+00:00,2020-08-10 16:27:58+00:00,2.0,light
1597054258000,71,49,2020-08-10 10:10:58+00:00,par_15,2020-08-10,2020-08-10 07:05:58+00:00,2020-08-10 16:27:58+00:00,2.0,light
1597054558000,0,0,2020-08-10 10:15:58+00:00,par_15,2020-08-10,2020-08-10 07:05:58+00:00,2020-08-10 16:27:58+00:00,1.0,deep
1597054858000,0,0,2020-08-10 10:20:58+00:00,par_15,2020-08-10,2020-08-10 07:05:58+00:00,2020-08-10 16:27:58+00:00,1.0,deep
1597055158000,0,0,2020-08-10 10:25:58+00:00,par_15,2020-08-10,2020-08-10 07:05:58+00:00,2020-08-10 16:27:58+00:00,1.0,deep
1597055458000,0,0,2020-08-10 10:30:58+00:00,par_15,2020-08-10,2020-08-10 07:05:58+00:00,2020-08-10 16:27:58+00:00,1.0,deep
1597055758000,0,0,2020-08-10 10:35:58+00:00,par_15,2020-08-10,2020-08-10 07:05:58+00:00,2020-08-10 16:27:58+00:00,3.0,REM
1597056058000,0,0,2020-08-10 10:40:58+00:00,par_15,2020-08-10,2020-08-10 07:05:58+00:00,2020-08-10 16:27:58+00:00,1.0,deep
1597056358000,0,0,2020-08-10 10:45:58+00:00,par_15,2020-08-10,2020-08-10 07:05:58+00:00,2020-08-10 16:27:58+00:00,1.0,deep
1597056658000,0,0,2020-08-10 10:50:58+00:00,par_15,2020-08-10,2020-08-10 07:05:58+00:00,2020-08-10 16:27:58+00:00,1.0,deep
1597056958000,0,0,2020-08-10 10:55:58+00:00,par_15,2020-08-10,2020-08-10 07:05:58+00:00,2020-08-10 16:27:58+00:00,2.0,light
1597057258000,71,46,2020-08-10 11:00:58+00:00,par_15,2020-08-10,2020-08-10 07:05:58+00:00,2020-08-10 16:27:58+00:00,2.0,light
1597057558000,69,60,2020-08-10 11:05:58+00:00,par_15,2020-08-10,2020-08-10 07:05:58+00:00,2020-08-10 16:27:58+00:00,2.0,light
1597057858000,74,42,2020-08-10 11:10:58+00:00,par_15,2020-08-10,2020-08-10 07:05:58+00:00,2020-08-10 16:27:58+00:00,2.0,light
1597058158000,77,36,2020-08-10 11:15:58+00:00,par_15,2020-08-10,2020-08-10 07:05:58+00:00,2020-08-10 16:27:58+00:00,1.0,deep
1597058458000,0,0,2020-08-10 11:20:58+00:00,par_15,2020-08-10,2020-08-10 07:05:58+00:00,2020-08-10 16:27:58+00:00,1.0,deep
1597058758000,0,0,2020-08-10 11:25:58+00:00,par_15,2020-08-10,2020-08-10 07:05:58+00:00,2020-08-10 16:27:58+00:00,4.0,awake
1597059058000,0,0,2020-08-10 11:30:58+00:00,par_15,2020-08-10,2020-08-10 07:05:58+00:00,2020-08-10 16:27:58+00:00,3.0,REM
1597059358000,0,0,2020-08-10 11:35:58+00:00,par_15,2020-08-10,2020-08-10 07:05:58+00:00,2020-08-10 16:27:58+00:00,3.0,REM
1597059658000,0,0,2020-08-10 11:40:58+00:00,par_15,2020-08-10,2020-08-10 07:05:58+00:00,2020-08-10 16:27:58+00:00,3.0,REM
1597059958000,0,0,2020-08-10 11:45:58+00:00,par_15,2020-08-10,2020-08-10 07:05:58+00:00,2020-08-10 16:27:58+00:00,2.0,light
1597060258000,0,0,2020-08-10 11:50:58+00:00,par_15,2020-08-10,2020-08-10 07:05:58+00:00,2020-08-10 16:27:58+00:00,2.0,light
1597060558000,0,0,2020-08-10 11:55:58+00:00,par_15,2020-08-10,2020-08-10 07:05:58+00:00,2020-08-10 16:27:58+00:00,3.0,REM
1597060858000,0,0,2020-08-10 12:00:58+00:00,par_15,2020-08-10,2020-08-10 07:05:58+00:00,2020-08-10 16:27:58+00:00,3.0,REM
1597061158000,0,0,2020-08-10 12:05:58+00:00,par_15,2020-08-10,2020-08-10 07:05:58+00:00,2020-08-10 16:27:58+00:00,2.0,light
1597061458000,68,47,2020-08-10 12:10:58+00:00,par_15,2020-08-10,2020-08-10 07:05:58+00:00,2020-08-10 16:27:58+00:00,2.0,light
1597061758000,0,0,2020-08-10 12:15:58+00:00,par_15,2020-08-10,2020-08-10 07:05:58+00:00,2020-08-10 16:27:58+00:00,1.0,deep
1597062058000,0,0,2020-08-10 12:20:58+00:00,par_15,2020-08-10,2020-08-10 07:05:58+00:00,2020-08-10 16:27:58+00:00,3.0,REM
1597062358000,0,0,2020-08-10 12:25:58+00:00,par_15,2020-08-10,2020-08-10 07:05:58+00:00,2020-08-10 16:27:58+00:00,3.0,REM
1597062658000,65,62,2020-08-10 12:30:58+00:00,par_15,2020-08-10,2020-08-10 07:05:58+00:00,2020-08-10 16:27:58+00:00,4.0,awake
1597062958000,66,57,2020-08-10 12:35:58+00:00,par_15,2020-08-10,2020-08-10 07:05:58+00:00,2020-08-10 16:27:58+00:00,2.0,light
1597063258000,67,52,2020-08-10 12:40:58+00:00,par_15,2020-08-10,2020-08-10 07:05:58+00:00,2020-08-10 16:27:58+00:00,2.0,light
1597063558000,69,50,2020-08-10 12:45:58+00:00,par_15,2020-08-10,2020-08-10 07:05:58+00:00,2020-08-10 16:27:58+00:00,1.0,deep
1597063858000,0,0,2020-08-10 12:50:58+00:00,par_15,2020-08-10,2020-08-10 07:05:58+00:00,2020-08-10 16:27:58+00:00,3.0,REM
1597064158000,75,37,2020-08-10 12:55:58+00:00,par_15,2020-08-10,2020-08-10 07:05:58+00:00,2020-08-10 16:27:58+00:00,3.0,REM
1597064458000,76,32,2020-08-10 13:00:58+00:00,par_15,2020-08-10,2020-08-10 07:05:58+00:00,2020-08-10 16:27:58+00:00,3.0,REM
1597064758000,76,30,2020-08-10 13:05:58+00:00,par_15,2020-08-10,2020-08-10 07:05:58+00:00,2020-08-10 16:27:58+00:00,3.0,REM
1597065058000,74,39,2020-08-10 13:10:58+00:00,par_15,2020-08-10,2020-08-10 07:05:58+00:00,2020-08-10 16:27:58+00:00,2.0,light
1597065358000,71,56,2020-08-10 13:15:58+00:00,par_15,2020-08-10,2020-08-10 07:05:58+00:00,2020-08-10 16:27:58+00:00,2.0,light
1597065658000,73,55,2020-08-10 13:20:58+00:00,par_15,2020-08-10,2020-08-10 07:05:58+00:00,2020-08-10 16:27:58+00:00,2.0,light
1597065958000,72,57,2020-08-10 13:25:58+00:00,par_15,2020-08-10,2020-08-10 07:05:58+00:00,2020-08-10 16:27:58+00:00,2.0,light
1597066258000,72,62,2020-08-10 13:30:58+00:00,par_15,2020-08-10,2020-08-10 07:05:58+00:00,2020-08-10 16:27:58+00:00,2.0,light
1597066558000,69,65,2020-08-10 13:35:58+00:00,par_15,2020-08-10,2020-08-10 07:05:58+00:00,2020-08-10 16:27:58+00:00,2.0,light
1597066858000,70,50,2020-08-10 13:40:58+00:00,par_15,2020-08-10,2020-08-10 07:05:58+00:00,2020-08-10 16:27:58+00:00,2.0,light
1597067158000,71,53,2020-08-10 13:45:58+00:00,par_15,2020-08-10,2020-08-10 07:05:58+00:00,2020-08-10 16:27:58+00:00,2.0,light
1597067458000,67,51,2020-08-10 13:50:58+00:00,par_15,2020-08-10,2020-08-10 07:05:58+00:00,2020-08-10 16:27:58+00:00,2.0,light
1597067758000,68,47,2020-08-10 13:55:58+00:00,par_15,2020-08-10,2020-08-10 07:05:58+00:00,2020-08-10 16:27:58+00:00,2.0,light
1597068058000,0,0,2020-08-10 14:00:58+00:00,par_15,2020-08-10,2020-08-10 07:05:58+00:00,2020-08-10 16:27:58+00:00,2.0,light
1597068358000,65,77,2020-08-10 14:05:58+00:00,par_15,2020-08-10,2020-08-10 07:05:58+00:00,2020-08-10 16:27:58+00:00,2.0,light
1597068658000,66,62,2020-08-10 14:10:58+00:00,par_15,2020-08-10,2020-08-10 07:05:58+00:00,2020-08-10 16:27:58+00:00,2.0,light
1597068958000,67,64,2020-08-10 14:15:58+00:00,par_15,2020-08-10,2020-08-10 07:05:58+00:00,2020-08-10 16:27:58+00:00,2.0,light
1597069258000,0,0,2020-08-10 14:20:58+00:00,par_15,2020-08-10,2020-08-10 07:05:58+00:00,2020-08-10 16:27:58+00:00,2.0,light
1597069558000,68,51,2020-08-10 14:25:58+00:00,par_15,2020-08-10,2020-08-10 07:05:58+00:00,2020-08-10 16:27:58+00:00,2.0,light
1597069858000,69,72,2020-08-10 14:30:58+00:00,par_15,2020-08-10,2020-08-10 07:05:58+00:00,2020-08-10 16:27:58+00:00,2.0,light
1597070158000,74,32,2020-08-10 14:35:58+00:00,par_15,2020-08-10,2020-08-10 07:05:58+00:00,2020-08-10 16:27:58+00:00,2.0,light
1597070458000,74,45,2020-08-10 14:40:58+00:00,par_15,2020-08-10,2020-08-10 07:05:58+00:00,2020-08-10 16:27:58+00:00,3.0,REM
1597070758000,75,43,2020-08-10 14:45:58+00:00,par_15,2020-08-10,2020-08-10 07:05:58+00:00,2020-08-10 16:27:58+00:00,3.0,REM
1597071058000,72,47,2020-08-10 14:50:58+00:00,par_15,2020-08-10,2020-08-10 07:05:58+00:00,2020-08-10 16:27:58+00:00,2.0,light
1597071358000,70,63,2020-08-10 14:55:58+00:00,par_15,2020-08-10,2020-08-10 07:05:58+00:00,2020-08-10 16:27:58+00:00,2.0,light
1597071658000,69,58,2020-08-10 15:00:58+00:00,par_15,2020-08-10,2020-08-10 07:05:58+00:00,2020-08-10 16:27:58+00:00,2.0,light
1597071958000,69,52,2020-08-10 15:05:58+00:00,par_15,2020-08-10,2020-08-10 07:05:58+00:00,2020-08-10 16:27:58+00:00,2.0,light
1597072258000,70,40,2020-08-10 15:10:58+00:00,par_15,2020-08-10,2020-08-10 07:05:58+00:00,2020-08-10 16:27:58+00:00,2.0,light
1597072558000,70,46,2020-08-10 15:15:58+00:00,par_15,2020-08-10,2020-08-10 07:05:58+00:00,2020-08-10 16:27:58+00:00,2.0,light
1597072858000,69,49,2020-08-10 15:20:58+00:00,par_15,2020-08-10,2020-08-10 07:05:58+00:00,2020-08-10 16:27:58+00:00,2.0,light
1597073158000,70,42,2020-08-10 15:25:58+00:00,par_15,2020-08-10,2020-08-10 07:05:58+00:00,2020-08-10 16:27:58+00:00,2.0,light
1597073458000,70,40,2020-08-10 15:30:58+00:00,par_15,2020-08-10,2020-08-10 07:05:58+00:00,2020-08-10 16:27:58+00:00,1.0,deep
1597073758000,71,54,2020-08-10 15:35:58+00:00,par_15,2020-08-10,2020-08-10 07:05:58+00:00,2020-08-10 16:27:58+00:00,1.0,deep
1597074058000,68,62,2020-08-10 15:40:58+00:00,par_15,2020-08-10,2020-08-10 07:05:58+00:00,2020-08-10 16:27:58+00:00,2.0,light
1597074358000,0,0,2020-08-10 15:45:58+00:00,par_15,2020-08-10,2020-08-10 07:05:58+00:00,2020-08-10 16:27:58+00:00,3.0,REM
1597074658000,0,0,2020-08-10 15:50:58+00:00,par_15,2020-08-10,2020-08-10 07:05:58+00:00,2020-08-10 16:27:58+00:00,3.0,REM
1597074958000,0,0,2020-08-10 15:55:58+00:00,par_15,2020-08-10,2020-08-10 07:05:58+00:00,2020-08-10 16:27:58+00:00,3.0,REM
1597075258000,79,40,2020-08-10 16:00:58+00:00,par_15,2020-08-10,2020-08-10 07:05:58+00:00,2020-08-10 16:27:58+00:00,3.0,REM
1597075558000,78,40,2020-08-10 16:05:58+00:00,par_15,2020-08-10,2020-08-10 07:05:58+00:00,2020-08-10 16:27:58+00:00,4.0,awake
1597075858000,0,0,2020-08-10 16:10:58+00:00,par_15,2020-08-10,2020-08-10 07:05:58+00:00,2020-08-10 16:27:58+00:00,4.0,awake
1597076158000,75,44,2020-08-10 16:15:58+00:00,par_15,2020-08-10,2020-08-10 07:05:58+00:00,2020-08-10 16:27:58+00:00,4.0,awake
1597076458000,73,45,2020-08-10 16:20:58+00:00,par_15,2020-08-10,2020-08-10 07:05:58+00:00,2020-08-10 16:27:58+00:00,4.0,awake
1597076758000,0,0,2020-08-10 16:25:58+00:00,par_15,2020-08-10,2020-08-10 07:05:58+00:00,2020-08-10 16:27:58+00:00,4.0,awake
1597211969000,67,53,2020-08-12 05:59:29+00:00,par_15,2020-08-12,2020-08-12 05:59:29+00:00,2020-08-12 13:21:29+00:00,4.0,awake
1597212269000,68,46,2020-08-12 06:04:29+00:00,par_15,2020-08-12,2020-08-12 05:59:29+00:00,2020-08-12 13:21:29+00:00,2.0,light
1597212569000,70,39,2020-08-12 06:09:29+00:00,par_15,2020-08-12,2020-08-12 05:59:29+00:00,2020-08-12 13:21:29+00:00,1.0,deep
1597212869000,70,37,2020-08-12 06:14:29+00:00,par_15,2020-08-12,2020-08-12 05:59:29+00:00,2020-08-12 13:21:29+00:00,1.0,deep
1597213169000,71,35,2020-08-12 06:19:29+00:00,par_15,2020-08-12,2020-08-12 05:59:29+00:00,2020-08-12 13:21:29+00:00,1.0,deep
1597213469000,72,33,2020-08-12 06:24:29+00:00,par_15,2020-08-12,2020-08-12 05:59:29+00:00,2020-08-12 13:21:29+00:00,1.0,deep
1597213769000,71,36,2020-08-12 06:29:29+00:00,par_15,2020-08-12,2020-08-12 05:59:29+00:00,2020-08-12 13:21:29+00:00,1.0,deep
1597214069000,72,36,2020-08-12 06:34:29+00:00,par_15,2020-08-12,2020-08-12 05:59:29+00:00,2020-08-12 13:21:29+00:00,1.0,deep
1597214369000,73,34,2020-08-12 06:39:29+00:00,par_15,2020-08-12,2020-08-12 05:59:29+00:00,2020-08-12 13:21:29+00:00,1.0,deep
1597214669000,75,33,2020-08-12 06:44:29+00:00,par_15,2020-08-12,2020-08-12 05:59:29+00:00,2020-08-12 13:21:29+00:00,1.0,deep
1597214969000,80,36,2020-08-12 06:49:29+00:00,par_15,2020-08-12,2020-08-12 05:59:29+00:00,2020-08-12 13:21:29+00:00,1.0,deep
1597215269000,78,25,2020-08-12 06:54:29+00:00,par_15,2020-08-12,2020-08-12 05:59:29+00:00,2020-08-12 13:21:29+00:00,2.0,light
1597215569000,77,26,2020-08-12 06:59:29+00:00,par_15,2020-08-12,2020-08-12 05:59:29+00:00,2020-08-12 13:21:29+00:00,2.0,light
1597215869000,78,30,2020-08-12 07:04:29+00:00,par_15,2020-08-12,2020-08-12 05:59:29+00:00,2020-08-12 13:21:29+00:00,3.0,REM
1597216169000,76,37,2020-08-12 07:09:29+00:00,par_15,2020-08-12,2020-08-12 05:59:29+00:00,2020-08-12 13:21:29+00:00,3.0,REM
1597216469000,75,42,2020-08-12 07:14:29+00:00,par_15,2020-08-12,2020-08-12 05:59:29+00:00,2020-08-12 13:21:29+00:00,2.0,light
1597216769000,76,27,2020-08-12 07:19:29+00:00,par_15,2020-08-12,2020-08-12 05:59:29+00:00,2020-08-12 13:21:29+00:00,2.0,light
1597217069000,76,24,2020-08-12 07:24:29+00:00,par_15,2020-08-12,2020-08-12 05:59:29+00:00,2020-08-12 13:21:29+00:00,1.0,deep
1597217369000,76,24,2020-08-12 07:29:29+00:00,par_15,2020-08-12,2020-08-12 05:59:29+00:00,2020-08-12 13:21:29+00:00,1.0,deep
1597217669000,76,43,2020-08-12 07:34:29+00:00,par_15,2020-08-12,2020-08-12 05:59:29+00:00,2020-08-12 13:21:29+00:00,1.0,deep
1597217969000,73,36,2020-08-12 07:39:29+00:00,par_15,2020-08-12,2020-08-12 05:59:29+00:00,2020-08-12 13:21:29+00:00,2.0,light
1597218269000,74,30,2020-08-12 07:44:29+00:00,par_15,2020-08-12,2020-08-12 05:59:29+00:00,2020-08-12 13:21:29+00:00,2.0,light
1597218569000,76,30,2020-08-12 07:49:29+00:00,par_15,2020-08-12,2020-08-12 05:59:29+00:00,2020-08-12 13:21:29+00:00,1.0,deep
1597218869000,76,28,2020-08-12 07:54:29+00:00,par_15,2020-08-12,2020-08-12 05:59:29+00:00,2020-08-12 13:21:29+00:00,2.0,light
1597219169000,75,27,2020-08-12 07:59:29+00:00,par_15,2020-08-12,2020-08-12 05:59:29+00:00,2020-08-12 13:21:29+00:00,1.0,deep
1597219469000,75,25,2020-08-12 08:04:29+00:00,par_15,2020-08-12,2020-08-12 05:59:29+00:00,2020-08-12 13:21:29+00:00,1.0,deep
1597219769000,76,23,2020-08-12 08:09:29+00:00,par_15,2020-08-12,2020-08-12 05:59:29+00:00,2020-08-12 13:21:29+00:00,1.0,deep
1597220069000,74,42,2020-08-12 08:14:29+00:00,par_15,2020-08-12,2020-08-12 05:59:29+00:00,2020-08-12 13:21:29+00:00,1.0,deep
1597220369000,75,42,2020-08-12 08:19:29+00:00,par_15,2020-08-12,2020-08-12 05:59:29+00:00,2020-08-12 13:21:29+00:00,2.0,light
1597220669000,84,11,2020-08-12 08:24:29+00:00,par_15,2020-08-12,2020-08-12 05:59:29+00:00,2020-08-12 13:21:29+00:00,3.0,REM
1597220969000,80,29,2020-08-12 08:29:29+00:00,par_15,2020-08-12,2020-08-12 05:59:29+00:00,2020-08-12 13:21:29+00:00,3.0,REM
1597221269000,76,35,2020-08-12 08:34:29+00:00,par_15,2020-08-12,2020-08-12 05:59:29+00:00,2020-08-12 13:21:29+00:00,3.0,REM
1597221569000,72,49,2020-08-12 08:39:29+00:00,par_15,2020-08-12,2020-08-12 05:59:29+00:00,2020-08-12 13:21:29+00:00,2.0,light
1597221869000,72,53,2020-08-12 08:44:29+00:00,par_15,2020-08-12,2020-08-12 05:59:29+00:00,2020-08-12 13:21:29+00:00,2.0,light
1597222169000,71,51,2020-08-12 08:49:29+00:00,par_15,2020-08-12,2020-08-12 05:59:29+00:00,2020-08-12 13:21:29+00:00,2.0,light
1597222469000,75,57,2020-08-12 08:54:29+00:00,par_15,2020-08-12,2020-08-12 05:59:29+00:00,2020-08-12 13:21:29+00:00,2.0,light
1597222769000,76,42,2020-08-12 08:59:29+00:00,par_15,2020-08-12,2020-08-12 05:59:29+00:00,2020-08-12 13:21:29+00:00,2.0,light
1597223069000,72,45,2020-08-12 09:04:29+00:00,par_15,2020-08-12,2020-08-12 05:59:29+00:00,2020-08-12 13:21:29+00:00,2.0,light
1597223369000,73,43,2020-08-12 09:09:29+00:00,par_15,2020-08-12,2020-08-12 05:59:29+00:00,2020-08-12 13:21:29+00:00,2.0,light
1597223669000,72,47,2020-08-12 09:14:29+00:00,par_15,2020-08-12,2020-08-12 05:59:29+00:00,2020-08-12 13:21:29+00:00,2.0,light
1597223969000,73,68,2020-08-12 09:19:29+00:00,par_15,2020-08-12,2020-08-12 05:59:29+00:00,2020-08-12 13:21:29+00:00,2.0,light
1597224269000,70,52,2020-08-12 09:24:29+00:00,par_15,2020-08-12,2020-08-12 05:59:29+00:00,2020-08-12 13:21:29+00:00,2.0,light
1597224569000,71,45,2020-08-12 09:29:29+00:00,par_15,2020-08-12,2020-08-12 05:59:29+00:00,2020-08-12 13:21:29+00:00,2.0,light
1597224869000,72,39,2020-08-12 09:34:29+00:00,par_15,2020-08-12,2020-08-12 05:59:29+00:00,2020-08-12 13:21:29+00:00,1.0,deep
1597225169000,72,39,2020-08-12 09:39:29+00:00,par_15,2020-08-12,2020-08-12 05:59:29+00:00,2020-08-12 13:21:29+00:00,1.0,deep
1597225469000,73,34,2020-08-12 09:44:29+00:00,par_15,2020-08-12,2020-08-12 05:59:29+00:00,2020-08-12 13:21:29+00:00,1.0,deep
1597225769000,73,57,2020-08-12 09:49:29+00:00,par_15,2020-08-12,2020-08-12 05:59:29+00:00,2020-08-12 13:21:29+00:00,1.0,deep
1597226069000,70,62,2020-08-12 09:54:29+00:00,par_15,2020-08-12,2020-08-12 05:59:29+00:00,2020-08-12 13:21:29+00:00,2.0,light
1597226369000,71,53,2020-08-12 09:59:29+00:00,par_15,2020-08-12,2020-08-12 05:59:29+00:00,2020-08-12 13:21:29+00:00,2.0,light
1597226669000,79,31,2020-08-12 10:04:29+00:00,par_15,2020-08-12,2020-08-12 05:59:29+00:00,2020-08-12 13:21:29+00:00,2.0,light
1597226969000,80,14,2020-08-12 10:09:29+00:00,par_15,2020-08-12,2020-08-12 05:59:29+00:00,2020-08-12 13:21:29+00:00,3.0,REM
1597227269000,79,24,2020-08-12 10:14:29+00:00,par_15,2020-08-12,2020-08-12 05:59:29+00:00,2020-08-12 13:21:29+00:00,3.0,REM
1597227569000,77,33,2020-08-12 10:19:29+00:00,par_15,2020-08-12,2020-08-12 05:59:29+00:00,2020-08-12 13:21:29+00:00,3.0,REM
1597227869000,77,36,2020-08-12 10:24:29+00:00,par_15,2020-08-12,2020-08-12 05:59:29+00:00,2020-08-12 13:21:29+00:00,2.0,light
1597228169000,75,37,2020-08-12 10:29:29+00:00,par_15,2020-08-12,2020-08-12 05:59:29+00:00,2020-08-12 13:21:29+00:00,2.0,light
1597228469000,74,49,2020-08-12 10:34:29+00:00,par_15,2020-08-12,2020-08-12 05:59:29+00:00,2020-08-12 13:21:29+00:00,2.0,light
1597228769000,69,54,2020-08-12 10:39:29+00:00,par_15,2020-08-12,2020-08-12 05:59:29+00:00,2020-08-12 13:21:29+00:00,2.0,light
1597229069000,73,52,2020-08-12 10:44:29+00:00,par_15,2020-08-12,2020-08-12 05:59:29+00:00,2020-08-12 13:21:29+00:00,2.0,light
1597229369000,67,63,2020-08-12 10:49:29+00:00,par_15,2020-08-12,2020-08-12 05:59:29+00:00,2020-08-12 13:21:29+00:00,2.0,light
1597229669000,68,59,2020-08-12 10:54:29+00:00,par_15,2020-08-12,2020-08-12 05:59:29+00:00,2020-08-12 13:21:29+00:00,2.0,light
1597229969000,69,52,2020-08-12 10:59:29+00:00,par_15,2020-08-12,2020-08-12 05:59:29+00:00,2020-08-12 13:21:29+00:00,2.0,light
1597230269000,69,42,2020-08-12 11:04:29+00:00,par_15,2020-08-12,2020-08-12 05:59:29+00:00,2020-08-12 13:21:29+00:00,2.0,light
1597230569000,70,39,2020-08-12 11:09:29+00:00,par_15,2020-08-12,2020-08-12 05:59:29+00:00,2020-08-12 13:21:29+00:00,2.0,light
1597230869000,69,63,2020-08-12 11:14:29+00:00,par_15,2020-08-12,2020-08-12 05:59:29+00:00,2020-08-12 13:21:29+00:00,2.0,light
1597231169000,66,65,2020-08-12 11:19:29+00:00,par_15,2020-08-12,2020-08-12 05:59:29+00:00,2020-08-12 13:21:29+00:00,2.0,light
1597231469000,67,60,2020-08-12 11:24:29+00:00,par_15,2020-08-12,2020-08-12 05:59:29+00:00,2020-08-12 13:21:29+00:00,2.0,light
1597231769000,68,78,2020-08-12 11:29:29+00:00,par_15,2020-08-12,2020-08-12 05:59:29+00:00,2020-08-12 13:21:29+00:00,2.0,light
1597232069000,68,75,2020-08-12 11:34:29+00:00,par_15,2020-08-12,2020-08-12 05:59:29+00:00,2020-08-12 13:21:29+00:00,2.0,light
1597232369000,66,72,2020-08-12 11:39:29+00:00,par_15,2020-08-12,2020-08-12 05:59:29+00:00,2020-08-12 13:21:29+00:00,2.0,light
1597232669000,67,66,2020-08-12 11:44:29+00:00,par_15,2020-08-12,2020-08-12 05:59:29+00:00,2020-08-12 13:21:29+00:00,2.0,light
1597232969000,67,64,2020-08-12 11:49:29+00:00,par_15,2020-08-12,2020-08-12 05:59:29+00:00,2020-08-12 13:21:29+00:00,2.0,light
1597233269000,69,52,2020-08-12 11:54:29+00:00,par_15,2020-08-12,2020-08-12 05:59:29+00:00,2020-08-12 13:21:29+00:00,2.0,light
1597233569000,70,42,2020-08-12 11:59:29+00:00,par_15,2020-08-12,2020-08-12 05:59:29+00:00,2020-08-12 13:21:29+00:00,1.0,deep
1597233869000,70,71,2020-08-12 12:04:29+00:00,par_15,2020-08-12,2020-08-12 05:59:29+00:00,2020-08-12 13:21:29+00:00,1.0,deep
1597234169000,66,76,2020-08-12 12:09:29+00:00,par_15,2020-08-12,2020-08-12 05:59:29+00:00,2020-08-12 13:21:29+00:00,2.0,light
1597234469000,69,68,2020-08-12 12:14:29+00:00,par_15,2020-08-12,2020-08-12 05:59:29+00:00,2020-08-12 13:21:29+00:00,2.0,light
1597234769000,68,64,2020-08-12 12:19:29+00:00,par_15,2020-08-12,2020-08-12 05:59:29+00:00,2020-08-12 13:21:29+00:00,2.0,light
1597235069000,73,56,2020-08-12 12:24:29+00:00,par_15,2020-08-12,2020-08-12 05:59:29+00:00,2020-08-12 13:21:29+00:00,2.0,light
1597235369000,74,48,2020-08-12 12:29:29+00:00,par_15,2020-08-12,2020-08-12 05:59:29+00:00,2020-08-12 13:21:29+00:00,3.0,REM
1597235669000,81,18,2020-08-12 12:34:29+00:00,par_15,2020-08-12,2020-08-12 05:59:29+00:00,2020-08-12 13:21:29+00:00,3.0,REM
1597235969000,83,14,2020-08-12 12:39:29+00:00,par_15,2020-08-12,2020-08-12 05:59:29+00:00,2020-08-12 13:21:29+00:00,3.0,REM
1597236269000,80,30,2020-08-12 12:44:29+00:00,par_15,2020-08-12,2020-08-12 05:59:29+00:00,2020-08-12 13:21:29+00:00,3.0,REM
1597236569000,74,37,2020-08-12 12:49:29+00:00,par_15,2020-08-12,2020-08-12 05:59:29+00:00,2020-08-12 13:21:29+00:00,2.0,light
1597236869000,73,51,2020-08-12 12:54:29+00:00,par_15,2020-08-12,2020-08-12 05:59:29+00:00,2020-08-12 13:21:29+00:00,2.0,light
1597237169000,75,56,2020-08-12 12:59:29+00:00,par_15,2020-08-12,2020-08-12 05:59:29+00:00,2020-08-12 13:21:29+00:00,2.0,light
1597237469000,76,39,2020-08-12 13:04:29+00:00,par_15,2020-08-12,2020-08-12 05:59:29+00:00,2020-08-12 13:21:29+00:00,4.0,awake
1597237769000,74,47,2020-08-12 13:09:29+00:00,par_15,2020-08-12,2020-08-12 05:59:29+00:00,2020-08-12 13:21:29+00:00,4.0,awake
1597238069000,75,51,2020-08-12 13:14:29+00:00,par_15,2020-08-12,2020-08-12 05:59:29+00:00,2020-08-12 13:21:29+00:00,4.0,awake
1597238369000,76,47,2020-08-12 13:19:29+00:00,par_15,2020-08-12,2020-08-12 05:59:29+00:00,2020-08-12 13:21:29+00:00,4.0,awake
1597308090000,0,0,2020-08-13 08:41:30+00:00,par_15,2020-08-13,2020-08-13 08:41:30+00:00,2020-08-13 16:58:30+00:00,4.0,awake
1597308390000,0,0,2020-08-13 08:46:30+00:00,par_15,2020-08-13,2020-08-13 08:41:30+00:00,2020-08-13 16:58:30+00:00,2.0,light
1597308690000,0,0,2020-08-13 08:51:30+00:00,par_15,2020-08-13,2020-08-13 08:41:30+00:00,2020-08-13 16:58:30+00:00,2.0,light
1597308990000,0,0,2020-08-13 08:56:30+00:00,par_15,2020-08-13,2020-08-13 08:41:30+00:00,2020-08-13 16:58:30+00:00,4.0,awake
1597309290000,83,34,2020-08-13 09:01:30+00:00,par_15,2020-08-13,2020-08-13 08:41:30+00:00,2020-08-13 16:58:30+00:00,4.0,awake
1597309590000,83,29,2020-08-13 09:06:30+00:00,par_15,2020-08-13,2020-08-13 08:41:30+00:00,2020-08-13 16:58:30+00:00,4.0,awake
1597309890000,81,40,2020-08-13 09:11:30+00:00,par_15,2020-08-13,2020-08-13 08:41:30+00:00,2020-08-13 16:58:30+00:00,4.0,awake
1597310190000,0,0,2020-08-13 09:16:30+00:00,par_15,2020-08-13,2020-08-13 08:41:30+00:00,2020-08-13 16:58:30+00:00,2.0,light
1597310490000,0,0,2020-08-13 09:21:30+00:00,par_15,2020-08-13,2020-08-13 08:41:30+00:00,2020-08-13 16:58:30+00:00,1.0,deep
1597310790000,0,0,2020-08-13 09:26:30+00:00,par_15,2020-08-13,2020-08-13 08:41:30+00:00,2020-08-13 16:58:30+00:00,2.0,light
1597311090000,0,0,2020-08-13 09:31:30+00:00,par_15,2020-08-13,2020-08-13 08:41:30+00:00,2020-08-13 16:58:30+00:00,2.0,light
1597311390000,76,40,2020-08-13 09:36:30+00:00,par_15,2020-08-13,2020-08-13 08:41:30+00:00,2020-08-13 16:58:30+00:00,1.0,deep
1597311690000,76,33,2020-08-13 09:41:30+00:00,par_15,2020-08-13,2020-08-13 08:41:30+00:00,2020-08-13 16:58:30+00:00,1.0,deep
1597311990000,76,34,2020-08-13 09:46:30+00:00,par_15,2020-08-13,2020-08-13 08:41:30+00:00,2020-08-13 16:58:30+00:00,2.0,light
1597312290000,77,28,2020-08-13 09:51:30+00:00,par_15,2020-08-13,2020-08-13 08:41:30+00:00,2020-08-13 16:58:30+00:00,2.0,light
1597312590000,77,30,2020-08-13 09:56:30+00:00,par_15,2020-08-13,2020-08-13 08:41:30+00:00,2020-08-13 16:58:30+00:00,1.0,deep
1597312890000,78,28,2020-08-13 10:01:30+00:00,par_15,2020-08-13,2020-08-13 08:41:30+00:00,2020-08-13 16:58:30+00:00,1.0,deep
1597313190000,78,31,2020-08-13 10:06:30+00:00,par_15,2020-08-13,2020-08-13 08:41:30+00:00,2020-08-13 16:58:30+00:00,1.0,deep
1597313490000,77,40,2020-08-13 10:11:30+00:00,par_15,2020-08-13,2020-08-13 08:41:30+00:00,2020-08-13 16:58:30+00:00,1.0,deep
1597313790000,82,24,2020-08-13 10:16:30+00:00,par_15,2020-08-13,2020-08-13 08:41:30+00:00,2020-08-13 16:58:30+00:00,3.0,REM
1597314090000,83,19,2020-08-13 10:21:30+00:00,par_15,2020-08-13,2020-08-13 08:41:30+00:00,2020-08-13 16:58:30+00:00,3.0,REM
1597314390000,83,22,2020-08-13 10:26:30+00:00,par_15,2020-08-13,2020-08-13 08:41:30+00:00,2020-08-13 16:58:30+00:00,3.0,REM
1597314690000,80,27,2020-08-13 10:31:30+00:00,par_15,2020-08-13,2020-08-13 08:41:30+00:00,2020-08-13 16:58:30+00:00,2.0,light
1597314990000,0,0,2020-08-13 10:36:30+00:00,par_15,2020-08-13,2020-08-13 08:41:30+00:00,2020-08-13 16:58:30+00:00,2.0,light
1597315290000,0,0,2020-08-13 10:41:30+00:00,par_15,2020-08-13,2020-08-13 08:41:30+00:00,2020-08-13 16:58:30+00:00,2.0,light
1597315590000,0,0,2020-08-13 10:46:30+00:00,par_15,2020-08-13,2020-08-13 08:41:30+00:00,2020-08-13 16:58:30+00:00,3.0,REM
1597315890000,0,0,2020-08-13 10:51:30+00:00,par_15,2020-08-13,2020-08-13 08:41:30+00:00,2020-08-13 16:58:30+00:00,1.0,deep
1597316190000,0,0,2020-08-13 10:56:30+00:00,par_15,2020-08-13,2020-08-13 08:41:30+00:00,2020-08-13 16:58:30+00:00,1.0,deep
1597316490000,0,0,2020-08-13 11:01:30+00:00,par_15,2020-08-13,2020-08-13 08:41:30+00:00,2020-08-13 16:58:30+00:00,1.0,deep
1597316790000,0,0,2020-08-13 11:06:30+00:00,par_15,2020-08-13,2020-08-13 08:41:30+00:00,2020-08-13 16:58:30+00:00,1.0,deep
1597317090000,0,0,2020-08-13 11:11:30+00:00,par_15,2020-08-13,2020-08-13 08:41:30+00:00,2020-08-13 16:58:30+00:00,1.0,deep
1597317390000,0,0,2020-08-13 11:16:30+00:00,par_15,2020-08-13,2020-08-13 08:41:30+00:00,2020-08-13 16:58:30+00:00,1.0,deep
1597317690000,0,0,2020-08-13 11:21:30+00:00,par_15,2020-08-13,2020-08-13 08:41:30+00:00,2020-08-13 16:58:30+00:00,2.0,light
1597317990000,0,0,2020-08-13 11:26:30+00:00,par_15,2020-08-13,2020-08-13 08:41:30+00:00,2020-08-13 16:58:30+00:00,2.0,light
1597318290000,0,0,2020-08-13 11:31:30+00:00,par_15,2020-08-13,2020-08-13 08:41:30+00:00,2020-08-13 16:58:30+00:00,2.0,light
1597318590000,77,36,2020-08-13 11:36:30+00:00,par_15,2020-08-13,2020-08-13 08:41:30+00:00,2020-08-13 16:58:30+00:00,2.0,light
1597318890000,78,35,2020-08-13 11:41:30+00:00,par_15,2020-08-13,2020-08-13 08:41:30+00:00,2020-08-13 16:58:30+00:00,1.0,deep
1597319190000,79,27,2020-08-13 11:46:30+00:00,par_15,2020-08-13,2020-08-13 08:41:30+00:00,2020-08-13 16:58:30+00:00,2.0,light
1597319490000,81,18,2020-08-13 11:51:30+00:00,par_15,2020-08-13,2020-08-13 08:41:30+00:00,2020-08-13 16:58:30+00:00,3.0,REM
1597319790000,77,25,2020-08-13 11:56:30+00:00,par_15,2020-08-13,2020-08-13 08:41:30+00:00,2020-08-13 16:58:30+00:00,2.0,light
1597320090000,76,41,2020-08-13 12:01:30+00:00,par_15,2020-08-13,2020-08-13 08:41:30+00:00,2020-08-13 16:58:30+00:00,2.0,light
1597320390000,74,44,2020-08-13 12:06:30+00:00,par_15,2020-08-13,2020-08-13 08:41:30+00:00,2020-08-13 16:58:30+00:00,2.0,light
1597320690000,71,45,2020-08-13 12:11:30+00:00,par_15,2020-08-13,2020-08-13 08:41:30+00:00,2020-08-13 16:58:30+00:00,2.0,light
1597320990000,74,37,2020-08-13 12:16:30+00:00,par_15,2020-08-13,2020-08-13 08:41:30+00:00,2020-08-13 16:58:30+00:00,2.0,light
1597321290000,74,31,2020-08-13 12:21:30+00:00,par_15,2020-08-13,2020-08-13 08:41:30+00:00,2020-08-13 16:58:30+00:00,1.0,deep
1597321590000,74,30,2020-08-13 12:26:30+00:00,par_15,2020-08-13,2020-08-13 08:41:30+00:00,2020-08-13 16:58:30+00:00,1.0,deep
1597321890000,75,27,2020-08-13 12:31:30+00:00,par_15,2020-08-13,2020-08-13 08:41:30+00:00,2020-08-13 16:58:30+00:00,1.0,deep
1597322190000,75,28,2020-08-13 12:36:30+00:00,par_15,2020-08-13,2020-08-13 08:41:30+00:00,2020-08-13 16:58:30+00:00,1.0,deep
1597322490000,75,26,2020-08-13 12:41:30+00:00,par_15,2020-08-13,2020-08-13 08:41:30+00:00,2020-08-13 16:58:30+00:00,1.0,deep
1597322790000,76,24,2020-08-13 12:46:30+00:00,par_15,2020-08-13,2020-08-13 08:41:30+00:00,2020-08-13 16:58:30+00:00,1.0,deep
1597323090000,76,25,2020-08-13 12:51:30+00:00,par_15,2020-08-13,2020-08-13 08:41:30+00:00,2020-08-13 16:58:30+00:00,1.0,deep
1597323390000,79,39,2020-08-13 12:56:30+00:00,par_15,2020-08-13,2020-08-13 08:41:30+00:00,2020-08-13 16:58:30+00:00,1.0,deep
1597323690000,76,45,2020-08-13 13:01:30+00:00,par_15,2020-08-13,2020-08-13 08:41:30+00:00,2020-08-13 16:58:30+00:00,2.0,light
1597323990000,76,44,2020-08-13 13:06:30+00:00,par_15,2020-08-13,2020-08-13 08:41:30+00:00,2020-08-13 16:58:30+00:00,2.0,light
1597324290000,78,37,2020-08-13 13:11:30+00:00,par_15,2020-08-13,2020-08-13 08:41:30+00:00,2020-08-13 16:58:30+00:00,2.0,light
1597324590000,79,32,2020-08-13 13:16:30+00:00,par_15,2020-08-13,2020-08-13 08:41:30+00:00,2020-08-13 16:58:30+00:00,2.0,light
1597324890000,77,36,2020-08-13 13:21:30+00:00,par_15,2020-08-13,2020-08-13 08:41:30+00:00,2020-08-13 16:58:30+00:00,2.0,light
1597325190000,80,30,2020-08-13 13:26:30+00:00,par_15,2020-08-13,2020-08-13 08:41:30+00:00,2020-08-13 16:58:30+00:00,2.0,light
1597325490000,76,40,2020-08-13 13:31:30+00:00,par_15,2020-08-13,2020-08-13 08:41:30+00:00,2020-08-13 16:58:30+00:00,2.0,light
1597325790000,75,46,2020-08-13 13:36:30+00:00,par_15,2020-08-13,2020-08-13 08:41:30+00:00,2020-08-13 16:58:30+00:00,2.0,light
1597326090000,75,52,2020-08-13 13:41:30+00:00,par_15,2020-08-13,2020-08-13 08:41:30+00:00,2020-08-13 16:58:30+00:00,2.0,light
1597326390000,73,54,2020-08-13 13:46:30+00:00,par_15,2020-08-13,2020-08-13 08:41:30+00:00,2020-08-13 16:58:30+00:00,2.0,light
1597326690000,74,46,2020-08-13 13:51:30+00:00,par_15,2020-08-13,2020-08-13 08:41:30+00:00,2020-08-13 16:58:30+00:00,2.0,light
1597326990000,76,52,2020-08-13 13:56:30+00:00,par_15,2020-08-13,2020-08-13 08:41:30+00:00,2020-08-13 16:58:30+00:00,2.0,light
1597327290000,74,49,2020-08-13 14:01:30+00:00,par_15,2020-08-13,2020-08-13 08:41:30+00:00,2020-08-13 16:58:30+00:00,2.0,light
1597327590000,74,38,2020-08-13 14:06:30+00:00,par_15,2020-08-13,2020-08-13 08:41:30+00:00,2020-08-13 16:58:30+00:00,2.0,light
1597327890000,76,28,2020-08-13 14:11:30+00:00,par_15,2020-08-13,2020-08-13 08:41:30+00:00,2020-08-13 16:58:30+00:00,1.0,deep
1597328190000,76,27,2020-08-13 14:16:30+00:00,par_15,2020-08-13,2020-08-13 08:41:30+00:00,2020-08-13 16:58:30+00:00,1.0,deep
1597328490000,76,28,2020-08-13 14:21:30+00:00,par_15,2020-08-13,2020-08-13 08:41:30+00:00,2020-08-13 16:58:30+00:00,3.0,REM
1597328790000,82,31,2020-08-13 14:26:30+00:00,par_15,2020-08-13,2020-08-13 08:41:30+00:00,2020-08-13 16:58:30+00:00,1.0,deep
1597329090000,74,50,2020-08-13 14:31:30+00:00,par_15,2020-08-13,2020-08-13 08:41:30+00:00,2020-08-13 16:58:30+00:00,2.0,light
1597329390000,77,35,2020-08-13 14:36:30+00:00,par_15,2020-08-13,2020-08-13 08:41:30+00:00,2020-08-13 16:58:30+00:00,3.0,REM
1597329690000,79,32,2020-08-13 14:41:30+00:00,par_15,2020-08-13,2020-08-13 08:41:30+00:00,2020-08-13 16:58:30+00:00,3.0,REM
1597329990000,81,19,2020-08-13 14:46:30+00:00,par_15,2020-08-13,2020-08-13 08:41:30+00:00,2020-08-13 16:58:30+00:00,3.0,REM
1597330290000,82,16,2020-08-13 14:51:30+00:00,par_15,2020-08-13,2020-08-13 08:41:30+00:00,2020-08-13 16:58:30+00:00,3.0,REM
1597330590000,78,36,2020-08-13 14:56:30+00:00,par_15,2020-08-13,2020-08-13 08:41:30+00:00,2020-08-13 16:58:30+00:00,2.0,light
1597330890000,77,36,2020-08-13 15:01:30+00:00,par_15,2020-08-13,2020-08-13 08:41:30+00:00,2020-08-13 16:58:30+00:00,2.0,light
1597331190000,79,34,2020-08-13 15:06:30+00:00,par_15,2020-08-13,2020-08-13 08:41:30+00:00,2020-08-13 16:58:30+00:00,2.0,light
1597331490000,78,35,2020-08-13 15:11:30+00:00,par_15,2020-08-13,2020-08-13 08:41:30+00:00,2020-08-13 16:58:30+00:00,2.0,light
1597331790000,76,42,2020-08-13 15:16:30+00:00,par_15,2020-08-13,2020-08-13 08:41:30+00:00,2020-08-13 16:58:30+00:00,2.0,light
1597332090000,75,41,2020-08-13 15:21:30+00:00,par_15,2020-08-13,2020-08-13 08:41:30+00:00,2020-08-13 16:58:30+00:00,2.0,light
1597332390000,76,32,2020-08-13 15:26:30+00:00,par_15,2020-08-13,2020-08-13 08:41:30+00:00,2020-08-13 16:58:30+00:00,2.0,light
1597332690000,79,26,2020-08-13 15:31:30+00:00,par_15,2020-08-13,2020-08-13 08:41:30+00:00,2020-08-13 16:58:30+00:00,1.0,deep
1597332990000,79,27,2020-08-13 15:36:30+00:00,par_15,2020-08-13,2020-08-13 08:41:30+00:00,2020-08-13 16:58:30+00:00,1.0,deep
1597333290000,76,49,2020-08-13 15:41:30+00:00,par_15,2020-08-13,2020-08-13 08:41:30+00:00,2020-08-13 16:58:30+00:00,3.0,REM
1597333590000,75,47,2020-08-13 15:46:30+00:00,par_15,2020-08-13,2020-08-13 08:41:30+00:00,2020-08-13 16:58:30+00:00,2.0,light
1597333890000,78,45,2020-08-13 15:51:30+00:00,par_15,2020-08-13,2020-08-13 08:41:30+00:00,2020-08-13 16:58:30+00:00,2.0,light
1597334190000,73,59,2020-08-13 15:56:30+00:00,par_15,2020-08-13,2020-08-13 08:41:30+00:00,2020-08-13 16:58:30+00:00,2.0,light
1597334490000,75,39,2020-08-13 16:01:30+00:00,par_15,2020-08-13,2020-08-13 08:41:30+00:00,2020-08-13 16:58:30+00:00,2.0,light
1597334790000,77,35,2020-08-13 16:06:30+00:00,par_15,2020-08-13,2020-08-13 08:41:30+00:00,2020-08-13 16:58:30+00:00,1.0,deep
1597335090000,75,48,2020-08-13 16:11:30+00:00,par_15,2020-08-13,2020-08-13 08:41:30+00:00,2020-08-13 16:58:30+00:00,2.0,light
1597335390000,77,44,2020-08-13 16:16:30+00:00,par_15,2020-08-13,2020-08-13 08:41:30+00:00,2020-08-13 16:58:30+00:00,2.0,light
1597335690000,78,29,2020-08-13 16:21:30+00:00,par_15,2020-08-13,2020-08-13 08:41:30+00:00,2020-08-13 16:58:30+00:00,2.0,light
1597335990000,81,24,2020-08-13 16:26:30+00:00,par_15,2020-08-13,2020-08-13 08:41:30+00:00,2020-08-13 16:58:30+00:00,3.0,REM
1597336290000,79,29,2020-08-13 16:31:30+00:00,par_15,2020-08-13,2020-08-13 08:41:30+00:00,2020-08-13 16:58:30+00:00,3.0,REM
1597336590000,83,20,2020-08-13 16:36:30+00:00,par_15,2020-08-13,2020-08-13 08:41:30+00:00,2020-08-13 16:58:30+00:00,3.0,REM
1597336890000,76,47,2020-08-13 16:41:30+00:00,par_15,2020-08-13,2020-08-13 08:41:30+00:00,2020-08-13 16:58:30+00:00,2.0,light
1597337190000,74,49,2020-08-13 16:46:30+00:00,par_15,2020-08-13,2020-08-13 08:41:30+00:00,2020-08-13 16:58:30+00:00,2.0,light
1597337490000,77,49,2020-08-13 16:51:30+00:00,par_15,2020-08-13,2020-08-13 08:41:30+00:00,2020-08-13 16:58:30+00:00,4.0,awake
1597337790000,91,24,2020-08-13 16:56:30+00:00,par_15,2020-08-13,2020-08-13 08:41:30+00:00,2020-08-13 16:58:30+00:00,4.0,awake
1597416331000,83,25,2020-08-14 14:45:31+00:00,par_15,2020-08-14,2020-08-14 14:45:31+00:00,2020-08-14 19:02:31+00:00,2.0,light
1597416631000,84,21,2020-08-14 14:50:31+00:00,par_15,2020-08-14,2020-08-14 14:45:31+00:00,2020-08-14 19:02:31+00:00,2.0,light
1597416931000,83,29,2020-08-14 14:55:31+00:00,par_15,2020-08-14,2020-08-14 14:45:31+00:00,2020-08-14 19:02:31+00:00,1.0,deep
1597417231000,82,22,2020-08-14 15:00:31+00:00,par_15,2020-08-14,2020-08-14 14:45:31+00:00,2020-08-14 19:02:31+00:00,1.0,deep
1597417531000,81,26,2020-08-14 15:05:31+00:00,par_15,2020-08-14,2020-08-14 14:45:31+00:00,2020-08-14 19:02:31+00:00,1.0,deep
1597417831000,82,22,2020-08-14 15:10:31+00:00,par_15,2020-08-14,2020-08-14 14:45:31+00:00,2020-08-14 19:02:31+00:00,1.0,deep
1597418131000,82,24,2020-08-14 15:15:31+00:00,par_15,2020-08-14,2020-08-14 14:45:31+00:00,2020-08-14 19:02:31+00:00,1.0,deep
1597418431000,84,19,2020-08-14 15:20:31+00:00,par_15,2020-08-14,2020-08-14 14:45:31+00:00,2020-08-14 19:02:31+00:00,1.0,deep
1597418731000,88,14,2020-08-14 15:25:31+00:00,par_15,2020-08-14,2020-08-14 14:45:31+00:00,2020-08-14 19:02:31+00:00,2.0,light
1597419031000,86,16,2020-08-14 15:30:31+00:00,par_15,2020-08-14,2020-08-14 14:45:31+00:00,2020-08-14 19:02:31+00:00,3.0,REM
1597419331000,87,14,2020-08-14 15:35:31+00:00,par_15,2020-08-14,2020-08-14 14:45:31+00:00,2020-08-14 19:02:31+00:00,3.0,REM
1597419631000,85,15,2020-08-14 15:40:31+00:00,par_15,2020-08-14,2020-08-14 14:45:31+00:00,2020-08-14 19:02:31+00:00,3.0,REM
1597419931000,86,17,2020-08-14 15:45:31+00:00,par_15,2020-08-14,2020-08-14 14:45:31+00:00,2020-08-14 19:02:31+00:00,2.0,light
1597420231000,85,19,2020-08-14 15:50:31+00:00,par_15,2020-08-14,2020-08-14 14:45:31+00:00,2020-08-14 19:02:31+00:00,2.0,light
1597420531000,81,28,2020-08-14 15:55:31+00:00,par_15,2020-08-14,2020-08-14 14:45:31+00:00,2020-08-14 19:02:31+00:00,2.0,light
1597420831000,82,21,2020-08-14 16:00:31+00:00,par_15,2020-08-14,2020-08-14 14:45:31+00:00,2020-08-14 19:02:31+00:00,2.0,light
1597421131000,81,21,2020-08-14 16:05:31+00:00,par_15,2020-08-14,2020-08-14 14:45:31+00:00,2020-08-14 19:02:31+00:00,1.0,deep
1597421431000,81,24,2020-08-14 16:10:31+00:00,par_15,2020-08-14,2020-08-14 14:45:31+00:00,2020-08-14 19:02:31+00:00,1.0,deep
1597421731000,78,25,2020-08-14 16:15:31+00:00,par_15,2020-08-14,2020-08-14 14:45:31+00:00,2020-08-14 19:02:31+00:00,1.0,deep
1597422031000,79,25,2020-08-14 16:20:31+00:00,par_15,2020-08-14,2020-08-14 14:45:31+00:00,2020-08-14 19:02:31+00:00,2.0,light
1597422331000,79,22,2020-08-14 16:25:31+00:00,par_15,2020-08-14,2020-08-14 14:45:31+00:00,2020-08-14 19:02:31+00:00,2.0,light
1597422631000,79,25,2020-08-14 16:30:31+00:00,par_15,2020-08-14,2020-08-14 14:45:31+00:00,2020-08-14 19:02:31+00:00,1.0,deep
1597422931000,81,25,2020-08-14 16:35:31+00:00,par_15,2020-08-14,2020-08-14 14:45:31+00:00,2020-08-14 19:02:31+00:00,1.0,deep
1597423231000,79,24,2020-08-14 16:40:31+00:00,par_15,2020-08-14,2020-08-14 14:45:31+00:00,2020-08-14 19:02:31+00:00,2.0,light
1597423531000,77,35,2020-08-14 16:45:31+00:00,par_15,2020-08-14,2020-08-14 14:45:31+00:00,2020-08-14 19:02:31+00:00,2.0,light
1597423831000,81,28,2020-08-14 16:50:31+00:00,par_15,2020-08-14,2020-08-14 14:45:31+00:00,2020-08-14 19:02:31+00:00,2.0,light
1597424131000,82,25,2020-08-14 16:55:31+00:00,par_15,2020-08-14,2020-08-14 14:45:31+00:00,2020-08-14 19:02:31+00:00,2.0,light
1597424431000,79,35,2020-08-14 17:00:31+00:00,par_15,2020-08-14,2020-08-14 14:45:31+00:00,2020-08-14 19:02:31+00:00,2.0,light
1597424731000,79,34,2020-08-14 17:05:31+00:00,par_15,2020-08-14,2020-08-14 14:45:31+00:00,2020-08-14 19:02:31+00:00,2.0,light
1597425031000,80,30,2020-08-14 17:10:31+00:00,par_15,2020-08-14,2020-08-14 14:45:31+00:00,2020-08-14 19:02:31+00:00,2.0,light
1597425331000,81,29,2020-08-14 17:15:31+00:00,par_15,2020-08-14,2020-08-14 14:45:31+00:00,2020-08-14 19:02:31+00:00,3.0,REM
1597425631000,83,20,2020-08-14 17:20:31+00:00,par_15,2020-08-14,2020-08-14 14:45:31+00:00,2020-08-14 19:02:31+00:00,1.0,deep
1597425931000,83,18,2020-08-14 17:25:31+00:00,par_15,2020-08-14,2020-08-14 14:45:31+00:00,2020-08-14 19:02:31+00:00,1.0,deep
1597426231000,79,36,2020-08-14 17:30:31+00:00,par_15,2020-08-14,2020-08-14 14:45:31+00:00,2020-08-14 19:02:31+00:00,2.0,light
1597426531000,78,27,2020-08-14 17:35:31+00:00,par_15,2020-08-14,2020-08-14 14:45:31+00:00,2020-08-14 19:02:31+00:00,2.0,light
1597426831000,82,24,2020-08-14 17:40:31+00:00,par_15,2020-08-14,2020-08-14 14:45:31+00:00,2020-08-14 19:02:31+00:00,1.0,deep
1597427131000,80,23,2020-08-14 17:45:31+00:00,par_15,2020-08-14,2020-08-14 14:45:31+00:00,2020-08-14 19:02:31+00:00,1.0,deep
1597427431000,81,24,2020-08-14 17:50:31+00:00,par_15,2020-08-14,2020-08-14 14:45:31+00:00,2020-08-14 19:02:31+00:00,1.0,deep
1597427731000,83,28,2020-08-14 17:55:31+00:00,par_15,2020-08-14,2020-08-14 14:45:31+00:00,2020-08-14 19:02:31+00:00,1.0,deep
1597428031000,82,26,2020-08-14 18:00:31+00:00,par_15,2020-08-14,2020-08-14 14:45:31+00:00,2020-08-14 19:02:31+00:00,2.0,light
1597428331000,84,22,2020-08-14 18:05:31+00:00,par_15,2020-08-14,2020-08-14 14:45:31+00:00,2020-08-14 19:02:31+00:00,2.0,light
1597428631000,83,21,2020-08-14 18:10:31+00:00,par_15,2020-08-14,2020-08-14 14:45:31+00:00,2020-08-14 19:02:31+00:00,3.0,REM
1597428931000,84,25,2020-08-14 18:15:31+00:00,par_15,2020-08-14,2020-08-14 14:45:31+00:00,2020-08-14 19:02:31+00:00,3.0,REM
1597429231000,85,22,2020-08-14 18:20:31+00:00,par_15,2020-08-14,2020-08-14 14:45:31+00:00,2020-08-14 19:02:31+00:00,3.0,REM
1597429531000,86,17,2020-08-14 18:25:31+00:00,par_15,2020-08-14,2020-08-14 14:45:31+00:00,2020-08-14 19:02:31+00:00,3.0,REM
1597429831000,80,33,2020-08-14 18:30:31+00:00,par_15,2020-08-14,2020-08-14 14:45:31+00:00,2020-08-14 19:02:31+00:00,2.0,light
1597430131000,79,42,2020-08-14 18:35:31+00:00,par_15,2020-08-14,2020-08-14 14:45:31+00:00,2020-08-14 19:02:31+00:00,2.0,light
1597430431000,80,35,2020-08-14 18:40:31+00:00,par_15,2020-08-14,2020-08-14 14:45:31+00:00,2020-08-14 19:02:31+00:00,2.0,light
1597430731000,81,39,2020-08-14 18:45:31+00:00,par_15,2020-08-14,2020-08-14 14:45:31+00:00,2020-08-14 19:02:31+00:00,2.0,light
1597431031000,85,32,2020-08-14 18:50:31+00:00,par_15,2020-08-14,2020-08-14 14:45:31+00:00,2020-08-14 19:02:31+00:00,2.0,light
1597431331000,90,36,2020-08-14 18:55:31+00:00,par_15,2020-08-14,2020-08-14 14:45:31+00:00,2020-08-14 19:02:31+00:00,4.0,awake
1597431631000,0,0,2020-08-14 19:00:31+00:00,par_15,2020-08-14,2020-08-14 14:45:31+00:00,2020-08-14 19:02:31+00:00,4.0,awake
1597555982000,0,0,2020-08-16 05:33:02+00:00,par_15,2020-08-16,2020-08-16 05:33:02+00:00,2020-08-16 14:02:02+00:00,4.0,awake
1597556282000,87,18,2020-08-16 05:38:02+00:00,par_15,2020-08-16,2020-08-16 05:33:02+00:00,2020-08-16 14:02:02+00:00,2.0,light
1597556582000,84,22,2020-08-16 05:43:02+00:00,par_15,2020-08-16,2020-08-16 05:33:02+00:00,2020-08-16 14:02:02+00:00,2.0,light
1597556882000,83,26,2020-08-16 05:48:02+00:00,par_15,2020-08-16,2020-08-16 05:33:02+00:00,2020-08-16 14:02:02+00:00,1.0,deep
1597557182000,81,21,2020-08-16 05:53:02+00:00,par_15,2020-08-16,2020-08-16 05:33:02+00:00,2020-08-16 14:02:02+00:00,1.0,deep
1597557482000,83,20,2020-08-16 05:58:02+00:00,par_15,2020-08-16,2020-08-16 05:33:02+00:00,2020-08-16 14:02:02+00:00,2.0,light
1597557782000,80,38,2020-08-16 06:03:02+00:00,par_15,2020-08-16,2020-08-16 05:33:02+00:00,2020-08-16 14:02:02+00:00,2.0,light
1597558082000,75,51,2020-08-16 06:08:02+00:00,par_15,2020-08-16,2020-08-16 05:33:02+00:00,2020-08-16 14:02:02+00:00,2.0,light
1597558382000,76,37,2020-08-16 06:13:02+00:00,par_15,2020-08-16,2020-08-16 05:33:02+00:00,2020-08-16 14:02:02+00:00,1.0,deep
1597558682000,77,37,2020-08-16 06:18:02+00:00,par_15,2020-08-16,2020-08-16 05:33:02+00:00,2020-08-16 14:02:02+00:00,1.0,deep
1597558982000,79,35,2020-08-16 06:23:02+00:00,par_15,2020-08-16,2020-08-16 05:33:02+00:00,2020-08-16 14:02:02+00:00,1.0,deep
1597559282000,79,25,2020-08-16 06:28:02+00:00,par_15,2020-08-16,2020-08-16 05:33:02+00:00,2020-08-16 14:02:02+00:00,1.0,deep
1597559582000,79,23,2020-08-16 06:33:02+00:00,par_15,2020-08-16,2020-08-16 05:33:02+00:00,2020-08-16 14:02:02+00:00,1.0,deep
1597559882000,80,22,2020-08-16 06:38:02+00:00,par_15,2020-08-16,2020-08-16 05:33:02+00:00,2020-08-16 14:02:02+00:00,1.0,deep
1597560182000,80,25,2020-08-16 06:43:02+00:00,par_15,2020-08-16,2020-08-16 05:33:02+00:00,2020-08-16 14:02:02+00:00,1.0,deep
1597560482000,81,29,2020-08-16 06:48:02+00:00,par_15,2020-08-16,2020-08-16 05:33:02+00:00,2020-08-16 14:02:02+00:00,2.0,light
1597560782000,84,17,2020-08-16 06:53:02+00:00,par_15,2020-08-16,2020-08-16 05:33:02+00:00,2020-08-16 14:02:02+00:00,2.0,light
1597561082000,86,25,2020-08-16 06:58:02+00:00,par_15,2020-08-16,2020-08-16 05:33:02+00:00,2020-08-16 14:02:02+00:00,2.0,light
1597561382000,84,24,2020-08-16 07:03:02+00:00,par_15,2020-08-16,2020-08-16 05:33:02+00:00,2020-08-16 14:02:02+00:00,2.0,light
1597561682000,80,35,2020-08-16 07:08:02+00:00,par_15,2020-08-16,2020-08-16 05:33:02+00:00,2020-08-16 14:02:02+00:00,2.0,light
1597561982000,80,26,2020-08-16 07:13:02+00:00,par_15,2020-08-16,2020-08-16 05:33:02+00:00,2020-08-16 14:02:02+00:00,1.0,deep
1597562282000,80,21,2020-08-16 07:18:02+00:00,par_15,2020-08-16,2020-08-16 05:33:02+00:00,2020-08-16 14:02:02+00:00,1.0,deep
1597562582000,81,18,2020-08-16 07:23:02+00:00,par_15,2020-08-16,2020-08-16 05:33:02+00:00,2020-08-16 14:02:02+00:00,1.0,deep
1597562882000,80,24,2020-08-16 07:28:02+00:00,par_15,2020-08-16,2020-08-16 05:33:02+00:00,2020-08-16 14:02:02+00:00,1.0,deep
1597563182000,78,29,2020-08-16 07:33:02+00:00,par_15,2020-08-16,2020-08-16 05:33:02+00:00,2020-08-16 14:02:02+00:00,1.0,deep
1597563482000,79,25,2020-08-16 07:38:02+00:00,par_15,2020-08-16,2020-08-16 05:33:02+00:00,2020-08-16 14:02:02+00:00,1.0,deep
1597563782000,78,29,2020-08-16 07:43:02+00:00,par_15,2020-08-16,2020-08-16 05:33:02+00:00,2020-08-16 14:02:02+00:00,1.0,deep
1597564082000,80,25,2020-08-16 07:48:02+00:00,par_15,2020-08-16,2020-08-16 05:33:02+00:00,2020-08-16 14:02:02+00:00,1.0,deep
1597564382000,79,29,2020-08-16 07:53:02+00:00,par_15,2020-08-16,2020-08-16 05:33:02+00:00,2020-08-16 14:02:02+00:00,1.0,deep
1597564682000,82,30,2020-08-16 07:58:02+00:00,par_15,2020-08-16,2020-08-16 05:33:02+00:00,2020-08-16 14:02:02+00:00,2.0,light
1597564982000,78,34,2020-08-16 08:03:02+00:00,par_15,2020-08-16,2020-08-16 05:33:02+00:00,2020-08-16 14:02:02+00:00,2.0,light
1597565282000,76,50,2020-08-16 08:08:02+00:00,par_15,2020-08-16,2020-08-16 05:33:02+00:00,2020-08-16 14:02:02+00:00,2.0,light
1597565582000,80,31,2020-08-16 08:13:02+00:00,par_15,2020-08-16,2020-08-16 05:33:02+00:00,2020-08-16 14:02:02+00:00,2.0,light
1597565882000,88,11,2020-08-16 08:18:02+00:00,par_15,2020-08-16,2020-08-16 05:33:02+00:00,2020-08-16 14:02:02+00:00,3.0,REM
1597566182000,83,20,2020-08-16 08:23:02+00:00,par_15,2020-08-16,2020-08-16 05:33:02+00:00,2020-08-16 14:02:02+00:00,3.0,REM
1597566482000,78,36,2020-08-16 08:28:02+00:00,par_15,2020-08-16,2020-08-16 05:33:02+00:00,2020-08-16 14:02:02+00:00,2.0,light
1597566782000,76,41,2020-08-16 08:33:02+00:00,par_15,2020-08-16,2020-08-16 05:33:02+00:00,2020-08-16 14:02:02+00:00,2.0,light
1597567082000,72,50,2020-08-16 08:38:02+00:00,par_15,2020-08-16,2020-08-16 05:33:02+00:00,2020-08-16 14:02:02+00:00,2.0,light
1597567382000,0,0,2020-08-16 08:43:02+00:00,par_15,2020-08-16,2020-08-16 05:33:02+00:00,2020-08-16 14:02:02+00:00,3.0,REM
1597567682000,0,0,2020-08-16 08:48:02+00:00,par_15,2020-08-16,2020-08-16 05:33:02+00:00,2020-08-16 14:02:02+00:00,3.0,REM
1597567982000,0,0,2020-08-16 08:53:02+00:00,par_15,2020-08-16,2020-08-16 05:33:02+00:00,2020-08-16 14:02:02+00:00,1.0,deep
1597568282000,0,0,2020-08-16 08:58:02+00:00,par_15,2020-08-16,2020-08-16 05:33:02+00:00,2020-08-16 14:02:02+00:00,2.0,light
1597568582000,71,63,2020-08-16 09:03:02+00:00,par_15,2020-08-16,2020-08-16 05:33:02+00:00,2020-08-16 14:02:02+00:00,2.0,light
1597568882000,72,48,2020-08-16 09:08:02+00:00,par_15,2020-08-16,2020-08-16 05:33:02+00:00,2020-08-16 14:02:02+00:00,2.0,light
1597569182000,71,50,2020-08-16 09:13:02+00:00,par_15,2020-08-16,2020-08-16 05:33:02+00:00,2020-08-16 14:02:02+00:00,2.0,light
1597569482000,70,55,2020-08-16 09:18:02+00:00,par_15,2020-08-16,2020-08-16 05:33:02+00:00,2020-08-16 14:02:02+00:00,2.0,light
1597569782000,77,46,2020-08-16 09:23:02+00:00,par_15,2020-08-16,2020-08-16 05:33:02+00:00,2020-08-16 14:02:02+00:00,2.0,light
1597570082000,73,52,2020-08-16 09:28:02+00:00,par_15,2020-08-16,2020-08-16 05:33:02+00:00,2020-08-16 14:02:02+00:00,2.0,light
1597570382000,71,49,2020-08-16 09:33:02+00:00,par_15,2020-08-16,2020-08-16 05:33:02+00:00,2020-08-16 14:02:02+00:00,2.0,light
1597570682000,71,57,2020-08-16 09:38:02+00:00,par_15,2020-08-16,2020-08-16 05:33:02+00:00,2020-08-16 14:02:02+00:00,2.0,light
1597570982000,81,30,2020-08-16 09:43:02+00:00,par_15,2020-08-16,2020-08-16 05:33:02+00:00,2020-08-16 14:02:02+00:00,3.0,REM
1597571282000,89,9,2020-08-16 09:48:02+00:00,par_15,2020-08-16,2020-08-16 05:33:02+00:00,2020-08-16 14:02:02+00:00,3.0,REM
1597571582000,0,0,2020-08-16 09:53:02+00:00,par_15,2020-08-16,2020-08-16 05:33:02+00:00,2020-08-16 14:02:02+00:00,3.0,REM
1597571882000,86,32,2020-08-16 09:58:02+00:00,par_15,2020-08-16,2020-08-16 05:33:02+00:00,2020-08-16 14:02:02+00:00,3.0,REM
1597572182000,84,25,2020-08-16 10:03:02+00:00,par_15,2020-08-16,2020-08-16 05:33:02+00:00,2020-08-16 14:02:02+00:00,3.0,REM
1597572482000,75,38,2020-08-16 10:08:02+00:00,par_15,2020-08-16,2020-08-16 05:33:02+00:00,2020-08-16 14:02:02+00:00,2.0,light
1597572782000,71,61,2020-08-16 10:13:02+00:00,par_15,2020-08-16,2020-08-16 05:33:02+00:00,2020-08-16 14:02:02+00:00,2.0,light
1597573082000,0,0,2020-08-16 10:18:02+00:00,par_15,2020-08-16,2020-08-16 05:33:02+00:00,2020-08-16 14:02:02+00:00,2.0,light
1597573382000,69,62,2020-08-16 10:23:02+00:00,par_15,2020-08-16,2020-08-16 05:33:02+00:00,2020-08-16 14:02:02+00:00,2.0,light
1597573682000,68,61,2020-08-16 10:28:02+00:00,par_15,2020-08-16,2020-08-16 05:33:02+00:00,2020-08-16 14:02:02+00:00,2.0,light
1597573982000,68,62,2020-08-16 10:33:02+00:00,par_15,2020-08-16,2020-08-16 05:33:02+00:00,2020-08-16 14:02:02+00:00,2.0,light
1597574282000,69,52,2020-08-16 10:38:02+00:00,par_15,2020-08-16,2020-08-16 05:33:02+00:00,2020-08-16 14:02:02+00:00,1.0,deep
1597574582000,70,63,2020-08-16 10:43:02+00:00,par_15,2020-08-16,2020-08-16 05:33:02+00:00,2020-08-16 14:02:02+00:00,1.0,deep
1597574882000,69,57,2020-08-16 10:48:02+00:00,par_15,2020-08-16,2020-08-16 05:33:02+00:00,2020-08-16 14:02:02+00:00,2.0,light
1597575182000,70,62,2020-08-16 10:53:02+00:00,par_15,2020-08-16,2020-08-16 05:33:02+00:00,2020-08-16 14:02:02+00:00,1.0,deep
1597575482000,70,57,2020-08-16 10:58:02+00:00,par_15,2020-08-16,2020-08-16 05:33:02+00:00,2020-08-16 14:02:02+00:00,2.0,light
1597575782000,70,59,2020-08-16 11:03:02+00:00,par_15,2020-08-16,2020-08-16 05:33:02+00:00,2020-08-16 14:02:02+00:00,2.0,light
1597576082000,72,54,2020-08-16 11:08:02+00:00,par_15,2020-08-16,2020-08-16 05:33:02+00:00,2020-08-16 14:02:02+00:00,1.0,deep
1597576382000,83,19,2020-08-16 11:13:02+00:00,par_15,2020-08-16,2020-08-16 05:33:02+00:00,2020-08-16 14:02:02+00:00,3.0,REM
1597576682000,84,14,2020-08-16 11:18:02+00:00,par_15,2020-08-16,2020-08-16 05:33:02+00:00,2020-08-16 14:02:02+00:00,3.0,REM
1597576982000,83,24,2020-08-16 11:23:02+00:00,par_15,2020-08-16,2020-08-16 05:33:02+00:00,2020-08-16 14:02:02+00:00,3.0,REM
1597577282000,75,51,2020-08-16 11:28:02+00:00,par_15,2020-08-16,2020-08-16 05:33:02+00:00,2020-08-16 14:02:02+00:00,2.0,light
1597577582000,78,42,2020-08-16 11:33:02+00:00,par_15,2020-08-16,2020-08-16 05:33:02+00:00,2020-08-16 14:02:02+00:00,3.0,REM
1597577882000,0,0,2020-08-16 11:38:02+00:00,par_15,2020-08-16,2020-08-16 05:33:02+00:00,2020-08-16 14:02:02+00:00,3.0,REM
1597578182000,72,39,2020-08-16 11:43:02+00:00,par_15,2020-08-16,2020-08-16 05:33:02+00:00,2020-08-16 14:02:02+00:00,3.0,REM
1597578482000,0,0,2020-08-16 11:48:02+00:00,par_15,2020-08-16,2020-08-16 05:33:02+00:00,2020-08-16 14:02:02+00:00,3.0,REM
1597578782000,0,0,2020-08-16 11:53:02+00:00,par_15,2020-08-16,2020-08-16 05:33:02+00:00,2020-08-16 14:02:02+00:00,3.0,REM
1597579082000,0,0,2020-08-16 11:58:02+00:00,par_15,2020-08-16,2020-08-16 05:33:02+00:00,2020-08-16 14:02:02+00:00,3.0,REM
1597579382000,68,41,2020-08-16 12:03:02+00:00,par_15,2020-08-16,2020-08-16 05:33:02+00:00,2020-08-16 14:02:02+00:00,2.0,light
1597579682000,69,46,2020-08-16 12:08:02+00:00,par_15,2020-08-16,2020-08-16 05:33:02+00:00,2020-08-16 14:02:02+00:00,2.0,light
1597579982000,68,43,2020-08-16 12:13:02+00:00,par_15,2020-08-16,2020-08-16 05:33:02+00:00,2020-08-16 14:02:02+00:00,2.0,light
1597580282000,68,57,2020-08-16 12:18:02+00:00,par_15,2020-08-16,2020-08-16 05:33:02+00:00,2020-08-16 14:02:02+00:00,2.0,light
1597580582000,68,49,2020-08-16 12:23:02+00:00,par_15,2020-08-16,2020-08-16 05:33:02+00:00,2020-08-16 14:02:02+00:00,2.0,light
1597580882000,69,56,2020-08-16 12:28:02+00:00,par_15,2020-08-16,2020-08-16 05:33:02+00:00,2020-08-16 14:02:02+00:00,2.0,light
1597581182000,74,58,2020-08-16 12:33:02+00:00,par_15,2020-08-16,2020-08-16 05:33:02+00:00,2020-08-16 14:02:02+00:00,2.0,light
1597581482000,68,58,2020-08-16 12:38:02+00:00,par_15,2020-08-16,2020-08-16 05:33:02+00:00,2020-08-16 14:02:02+00:00,2.0,light
1597581782000,74,44,2020-08-16 12:43:02+00:00,par_15,2020-08-16,2020-08-16 05:33:02+00:00,2020-08-16 14:02:02+00:00,2.0,light
1597582082000,79,32,2020-08-16 12:48:02+00:00,par_15,2020-08-16,2020-08-16 05:33:02+00:00,2020-08-16 14:02:02+00:00,3.0,REM
1597582382000,0,0,2020-08-16 12:53:02+00:00,par_15,2020-08-16,2020-08-16 05:33:02+00:00,2020-08-16 14:02:02+00:00,3.0,REM
1597582682000,74,52,2020-08-16 12:58:02+00:00,par_15,2020-08-16,2020-08-16 05:33:02+00:00,2020-08-16 14:02:02+00:00,3.0,REM
1597582982000,72,44,2020-08-16 13:03:02+00:00,par_15,2020-08-16,2020-08-16 05:33:02+00:00,2020-08-16 14:02:02+00:00,3.0,REM
1597583282000,72,60,2020-08-16 13:08:02+00:00,par_15,2020-08-16,2020-08-16 05:33:02+00:00,2020-08-16 14:02:02+00:00,3.0,REM
1597583582000,0,0,2020-08-16 13:13:02+00:00,par_15,2020-08-16,2020-08-16 05:33:02+00:00,2020-08-16 14:02:02+00:00,3.0,REM
1597583882000,0,0,2020-08-16 13:18:02+00:00,par_15,2020-08-16,2020-08-16 05:33:02+00:00,2020-08-16 14:02:02+00:00,2.0,light
1597584182000,69,58,2020-08-16 13:23:02+00:00,par_15,2020-08-16,2020-08-16 05:33:02+00:00,2020-08-16 14:02:02+00:00,2.0,light
1597584482000,68,65,2020-08-16 13:28:02+00:00,par_15,2020-08-16,2020-08-16 05:33:02+00:00,2020-08-16 14:02:02+00:00,2.0,light
1597584782000,69,58,2020-08-16 13:33:02+00:00,par_15,2020-08-16,2020-08-16 05:33:02+00:00,2020-08-16 14:02:02+00:00,2.0,light
1597585082000,70,50,2020-08-16 13:38:02+00:00,par_15,2020-08-16,2020-08-16 05:33:02+00:00,2020-08-16 14:02:02+00:00,1.0,deep
1597585382000,67,70,2020-08-16 13:43:02+00:00,par_15,2020-08-16,2020-08-16 05:33:02+00:00,2020-08-16 14:02:02+00:00,2.0,light
1597585682000,0,0,2020-08-16 13:48:02+00:00,par_15,2020-08-16,2020-08-16 05:33:02+00:00,2020-08-16 14:02:02+00:00,2.0,light
1597585982000,71,55,2020-08-16 13:53:02+00:00,par_15,2020-08-16,2020-08-16 05:33:02+00:00,2020-08-16 14:02:02+00:00,4.0,awake
1597586282000,0,0,2020-08-16 13:58:02+00:00,par_15,2020-08-16,2020-08-16 05:33:02+00:00,2020-08-16 14:02:02+00:00,4.0,awake
1597642740000,0,0,2020-08-17 05:39:00+00:00,par_15,2020-08-17,2020-08-17 05:39:00+00:00,2020-08-17 13:22:00+00:00,4.0,awake
1597643040000,0,0,2020-08-17 05:44:00+00:00,par_15,2020-08-17,2020-08-17 05:39:00+00:00,2020-08-17 13:22:00+00:00,4.0,awake
1597643340000,0,0,2020-08-17 05:49:00+00:00,par_15,2020-08-17,2020-08-17 05:39:00+00:00,2020-08-17 13:22:00+00:00,4.0,awake
1597643640000,0,0,2020-08-17 05:54:00+00:00,par_15,2020-08-17,2020-08-17 05:39:00+00:00,2020-08-17 13:22:00+00:00,4.0,awake
1597643940000,78,33,2020-08-17 05:59:00+00:00,par_15,2020-08-17,2020-08-17 05:39:00+00:00,2020-08-17 13:22:00+00:00,2.0,light
1597644240000,75,42,2020-08-17 06:04:00+00:00,par_15,2020-08-17,2020-08-17 05:39:00+00:00,2020-08-17 13:22:00+00:00,1.0,deep
1597644540000,76,36,2020-08-17 06:09:00+00:00,par_15,2020-08-17,2020-08-17 05:39:00+00:00,2020-08-17 13:22:00+00:00,1.0,deep
1597644840000,77,35,2020-08-17 06:14:00+00:00,par_15,2020-08-17,2020-08-17 05:39:00+00:00,2020-08-17 13:22:00+00:00,1.0,deep
1597645140000,78,31,2020-08-17 06:19:00+00:00,par_15,2020-08-17,2020-08-17 05:39:00+00:00,2020-08-17 13:22:00+00:00,1.0,deep
1597645440000,78,30,2020-08-17 06:24:00+00:00,par_15,2020-08-17,2020-08-17 05:39:00+00:00,2020-08-17 13:22:00+00:00,1.0,deep
1597645740000,78,44,2020-08-17 06:29:00+00:00,par_15,2020-08-17,2020-08-17 05:39:00+00:00,2020-08-17 13:22:00+00:00,2.0,light
1597646040000,74,49,2020-08-17 06:34:00+00:00,par_15,2020-08-17,2020-08-17 05:39:00+00:00,2020-08-17 13:22:00+00:00,2.0,light
1597646340000,76,42,2020-08-17 06:39:00+00:00,par_15,2020-08-17,2020-08-17 05:39:00+00:00,2020-08-17 13:22:00+00:00,2.0,light
1597646640000,82,31,2020-08-17 06:44:00+00:00,par_15,2020-08-17,2020-08-17 05:39:00+00:00,2020-08-17 13:22:00+00:00,2.0,light
1597646940000,81,30,2020-08-17 06:49:00+00:00,par_15,2020-08-17,2020-08-17 05:39:00+00:00,2020-08-17 13:22:00+00:00,2.0,light
1597647240000,81,36,2020-08-17 06:54:00+00:00,par_15,2020-08-17,2020-08-17 05:39:00+00:00,2020-08-17 13:22:00+00:00,2.0,light
1597647540000,80,37,2020-08-17 06:59:00+00:00,par_15,2020-08-17,2020-08-17 05:39:00+00:00,2020-08-17 13:22:00+00:00,2.0,light
1597647840000,77,35,2020-08-17 07:04:00+00:00,par_15,2020-08-17,2020-08-17 05:39:00+00:00,2020-08-17 13:22:00+00:00,2.0,light
1597648140000,74,40,2020-08-17 07:09:00+00:00,par_15,2020-08-17,2020-08-17 05:39:00+00:00,2020-08-17 13:22:00+00:00,2.0,light
1597648440000,75,40,2020-08-17 07:14:00+00:00,par_15,2020-08-17,2020-08-17 05:39:00+00:00,2020-08-17 13:22:00+00:00,1.0,deep
1597648740000,75,35,2020-08-17 07:19:00+00:00,par_15,2020-08-17,2020-08-17 05:39:00+00:00,2020-08-17 13:22:00+00:00,1.0,deep
1597649040000,74,40,2020-08-17 07:24:00+00:00,par_15,2020-08-17,2020-08-17 05:39:00+00:00,2020-08-17 13:22:00+00:00,1.0,deep
1597649340000,75,43,2020-08-17 07:29:00+00:00,par_15,2020-08-17,2020-08-17 05:39:00+00:00,2020-08-17 13:22:00+00:00,1.0,deep
1597649640000,77,36,2020-08-17 07:34:00+00:00,par_15,2020-08-17,2020-08-17 05:39:00+00:00,2020-08-17 13:22:00+00:00,1.0,deep
1597649940000,80,41,2020-08-17 07:39:00+00:00,par_15,2020-08-17,2020-08-17 05:39:00+00:00,2020-08-17 13:22:00+00:00,2.0,light
1597650240000,73,53,2020-08-17 07:44:00+00:00,par_15,2020-08-17,2020-08-17 05:39:00+00:00,2020-08-17 13:22:00+00:00,2.0,light
1597650540000,73,47,2020-08-17 07:49:00+00:00,par_15,2020-08-17,2020-08-17 05:39:00+00:00,2020-08-17 13:22:00+00:00,1.0,deep
1597650840000,74,41,2020-08-17 07:54:00+00:00,par_15,2020-08-17,2020-08-17 05:39:00+00:00,2020-08-17 13:22:00+00:00,1.0,deep
1597651140000,74,41,2020-08-17 07:59:00+00:00,par_15,2020-08-17,2020-08-17 05:39:00+00:00,2020-08-17 13:22:00+00:00,1.0,deep
1597651440000,74,45,2020-08-17 08:04:00+00:00,par_15,2020-08-17,2020-08-17 05:39:00+00:00,2020-08-17 13:22:00+00:00,1.0,deep
1597651740000,74,48,2020-08-17 08:09:00+00:00,par_15,2020-08-17,2020-08-17 05:39:00+00:00,2020-08-17 13:22:00+00:00,1.0,deep
1597652040000,72,64,2020-08-17 08:14:00+00:00,par_15,2020-08-17,2020-08-17 05:39:00+00:00,2020-08-17 13:22:00+00:00,2.0,light
1597652340000,72,61,2020-08-17 08:19:00+00:00,par_15,2020-08-17,2020-08-17 05:39:00+00:00,2020-08-17 13:22:00+00:00,2.0,light
1597652640000,84,21,2020-08-17 08:24:00+00:00,par_15,2020-08-17,2020-08-17 05:39:00+00:00,2020-08-17 13:22:00+00:00,3.0,REM
1597652940000,86,22,2020-08-17 08:29:00+00:00,par_15,2020-08-17,2020-08-17 05:39:00+00:00,2020-08-17 13:22:00+00:00,3.0,REM
1597653240000,82,31,2020-08-17 08:34:00+00:00,par_15,2020-08-17,2020-08-17 05:39:00+00:00,2020-08-17 13:22:00+00:00,3.0,REM
1597653540000,78,42,2020-08-17 08:39:00+00:00,par_15,2020-08-17,2020-08-17 05:39:00+00:00,2020-08-17 13:22:00+00:00,2.0,light
1597653840000,77,39,2020-08-17 08:44:00+00:00,par_15,2020-08-17,2020-08-17 05:39:00+00:00,2020-08-17 13:22:00+00:00,2.0,light
1597654140000,69,59,2020-08-17 08:49:00+00:00,par_15,2020-08-17,2020-08-17 05:39:00+00:00,2020-08-17 13:22:00+00:00,2.0,light
1597654440000,74,59,2020-08-17 08:54:00+00:00,par_15,2020-08-17,2020-08-17 05:39:00+00:00,2020-08-17 13:22:00+00:00,2.0,light
1597654740000,75,39,2020-08-17 08:59:00+00:00,par_15,2020-08-17,2020-08-17 05:39:00+00:00,2020-08-17 13:22:00+00:00,2.0,light
1597655040000,72,55,2020-08-17 09:04:00+00:00,par_15,2020-08-17,2020-08-17 05:39:00+00:00,2020-08-17 13:22:00+00:00,2.0,light
1597655340000,73,42,2020-08-17 09:09:00+00:00,par_15,2020-08-17,2020-08-17 05:39:00+00:00,2020-08-17 13:22:00+00:00,2.0,light
1597655640000,73,42,2020-08-17 09:14:00+00:00,par_15,2020-08-17,2020-08-17 05:39:00+00:00,2020-08-17 13:22:00+00:00,1.0,deep
1597655940000,73,43,2020-08-17 09:19:00+00:00,par_15,2020-08-17,2020-08-17 05:39:00+00:00,2020-08-17 13:22:00+00:00,1.0,deep
1597656240000,73,36,2020-08-17 09:24:00+00:00,par_15,2020-08-17,2020-08-17 05:39:00+00:00,2020-08-17 13:22:00+00:00,1.0,deep
1597656540000,74,41,2020-08-17 09:29:00+00:00,par_15,2020-08-17,2020-08-17 05:39:00+00:00,2020-08-17 13:22:00+00:00,1.0,deep
1597656840000,73,36,2020-08-17 09:34:00+00:00,par_15,2020-08-17,2020-08-17 05:39:00+00:00,2020-08-17 13:22:00+00:00,1.0,deep
1597657140000,72,46,2020-08-17 09:39:00+00:00,par_15,2020-08-17,2020-08-17 05:39:00+00:00,2020-08-17 13:22:00+00:00,1.0,deep
1597657440000,72,50,2020-08-17 09:44:00+00:00,par_15,2020-08-17,2020-08-17 05:39:00+00:00,2020-08-17 13:22:00+00:00,2.0,light
1597657740000,72,66,2020-08-17 09:49:00+00:00,par_15,2020-08-17,2020-08-17 05:39:00+00:00,2020-08-17 13:22:00+00:00,2.0,light
1597658040000,74,63,2020-08-17 09:54:00+00:00,par_15,2020-08-17,2020-08-17 05:39:00+00:00,2020-08-17 13:22:00+00:00,1.0,deep
1597658340000,81,38,2020-08-17 09:59:00+00:00,par_15,2020-08-17,2020-08-17 05:39:00+00:00,2020-08-17 13:22:00+00:00,3.0,REM
1597658640000,87,19,2020-08-17 10:04:00+00:00,par_15,2020-08-17,2020-08-17 05:39:00+00:00,2020-08-17 13:22:00+00:00,3.0,REM
1597658940000,85,25,2020-08-17 10:09:00+00:00,par_15,2020-08-17,2020-08-17 05:39:00+00:00,2020-08-17 13:22:00+00:00,2.0,light
1597659240000,77,43,2020-08-17 10:14:00+00:00,par_15,2020-08-17,2020-08-17 05:39:00+00:00,2020-08-17 13:22:00+00:00,3.0,REM
1597659540000,87,26,2020-08-17 10:19:00+00:00,par_15,2020-08-17,2020-08-17 05:39:00+00:00,2020-08-17 13:22:00+00:00,3.0,REM
1597659840000,87,28,2020-08-17 10:24:00+00:00,par_15,2020-08-17,2020-08-17 05:39:00+00:00,2020-08-17 13:22:00+00:00,3.0,REM
1597660140000,78,44,2020-08-17 10:29:00+00:00,par_15,2020-08-17,2020-08-17 05:39:00+00:00,2020-08-17 13:22:00+00:00,2.0,light
1597660440000,74,52,2020-08-17 10:34:00+00:00,par_15,2020-08-17,2020-08-17 05:39:00+00:00,2020-08-17 13:22:00+00:00,2.0,light
1597660740000,72,66,2020-08-17 10:39:00+00:00,par_15,2020-08-17,2020-08-17 05:39:00+00:00,2020-08-17 13:22:00+00:00,2.0,light
1597661040000,69,74,2020-08-17 10:44:00+00:00,par_15,2020-08-17,2020-08-17 05:39:00+00:00,2020-08-17 13:22:00+00:00,2.0,light
1597661340000,69,72,2020-08-17 10:49:00+00:00,par_15,2020-08-17,2020-08-17 05:39:00+00:00,2020-08-17 13:22:00+00:00,1.0,deep
1597661640000,71,54,2020-08-17 10:54:00+00:00,par_15,2020-08-17,2020-08-17 05:39:00+00:00,2020-08-17 13:22:00+00:00,2.0,light
1597661940000,71,58,2020-08-17 10:59:00+00:00,par_15,2020-08-17,2020-08-17 05:39:00+00:00,2020-08-17 13:22:00+00:00,2.0,light
1597662240000,70,56,2020-08-17 11:04:00+00:00,par_15,2020-08-17,2020-08-17 05:39:00+00:00,2020-08-17 13:22:00+00:00,1.0,deep
1597662540000,71,53,2020-08-17 11:09:00+00:00,par_15,2020-08-17,2020-08-17 05:39:00+00:00,2020-08-17 13:22:00+00:00,1.0,deep
1597662840000,72,50,2020-08-17 11:14:00+00:00,par_15,2020-08-17,2020-08-17 05:39:00+00:00,2020-08-17 13:22:00+00:00,1.0,deep
1597663140000,71,64,2020-08-17 11:19:00+00:00,par_15,2020-08-17,2020-08-17 05:39:00+00:00,2020-08-17 13:22:00+00:00,1.0,deep
1597663440000,77,43,2020-08-17 11:24:00+00:00,par_15,2020-08-17,2020-08-17 05:39:00+00:00,2020-08-17 13:22:00+00:00,3.0,REM
1597663740000,82,37,2020-08-17 11:29:00+00:00,par_15,2020-08-17,2020-08-17 05:39:00+00:00,2020-08-17 13:22:00+00:00,3.0,REM
1597664040000,77,37,2020-08-17 11:34:00+00:00,par_15,2020-08-17,2020-08-17 05:39:00+00:00,2020-08-17 13:22:00+00:00,3.0,REM
1597664340000,78,29,2020-08-17 11:39:00+00:00,par_15,2020-08-17,2020-08-17 05:39:00+00:00,2020-08-17 13:22:00+00:00,3.0,REM
1597664640000,80,37,2020-08-17 11:44:00+00:00,par_15,2020-08-17,2020-08-17 05:39:00+00:00,2020-08-17 13:22:00+00:00,3.0,REM
1597664940000,80,27,2020-08-17 11:49:00+00:00,par_15,2020-08-17,2020-08-17 05:39:00+00:00,2020-08-17 13:22:00+00:00,3.0,REM
1597665240000,80,27,2020-08-17 11:54:00+00:00,par_15,2020-08-17,2020-08-17 05:39:00+00:00,2020-08-17 13:22:00+00:00,3.0,REM
1597665540000,75,51,2020-08-17 11:59:00+00:00,par_15,2020-08-17,2020-08-17 05:39:00+00:00,2020-08-17 13:22:00+00:00,2.0,light
1597665840000,72,65,2020-08-17 12:04:00+00:00,par_15,2020-08-17,2020-08-17 05:39:00+00:00,2020-08-17 13:22:00+00:00,2.0,light
1597666140000,70,63,2020-08-17 12:09:00+00:00,par_15,2020-08-17,2020-08-17 05:39:00+00:00,2020-08-17 13:22:00+00:00,2.0,light
1597666440000,71,62,2020-08-17 12:14:00+00:00,par_15,2020-08-17,2020-08-17 05:39:00+00:00,2020-08-17 13:22:00+00:00,2.0,light
1597666740000,72,54,2020-08-17 12:19:00+00:00,par_15,2020-08-17,2020-08-17 05:39:00+00:00,2020-08-17 13:22:00+00:00,2.0,light
1597667040000,68,54,2020-08-17 12:24:00+00:00,par_15,2020-08-17,2020-08-17 05:39:00+00:00,2020-08-17 13:22:00+00:00,2.0,light
1597667340000,69,54,2020-08-17 12:29:00+00:00,par_15,2020-08-17,2020-08-17 05:39:00+00:00,2020-08-17 13:22:00+00:00,2.0,light
1597667640000,70,51,2020-08-17 12:34:00+00:00,par_15,2020-08-17,2020-08-17 05:39:00+00:00,2020-08-17 13:22:00+00:00,2.0,light
1597667940000,70,53,2020-08-17 12:39:00+00:00,par_15,2020-08-17,2020-08-17 05:39:00+00:00,2020-08-17 13:22:00+00:00,2.0,light
1597668240000,72,50,2020-08-17 12:44:00+00:00,par_15,2020-08-17,2020-08-17 05:39:00+00:00,2020-08-17 13:22:00+00:00,2.0,light
1597668540000,0,0,2020-08-17 12:49:00+00:00,par_15,2020-08-17,2020-08-17 05:39:00+00:00,2020-08-17 13:22:00+00:00,3.0,REM
1597668840000,73,57,2020-08-17 12:54:00+00:00,par_15,2020-08-17,2020-08-17 05:39:00+00:00,2020-08-17 13:22:00+00:00,3.0,REM
1597669140000,72,62,2020-08-17 12:59:00+00:00,par_15,2020-08-17,2020-08-17 05:39:00+00:00,2020-08-17 13:22:00+00:00,2.0,light
1597669440000,70,70,2020-08-17 13:04:00+00:00,par_15,2020-08-17,2020-08-17 05:39:00+00:00,2020-08-17 13:22:00+00:00,2.0,light
1597669740000,72,80,2020-08-17 13:09:00+00:00,par_15,2020-08-17,2020-08-17 05:39:00+00:00,2020-08-17 13:22:00+00:00,2.0,light
1597670040000,83,40,2020-08-17 13:14:00+00:00,par_15,2020-08-17,2020-08-17 05:39:00+00:00,2020-08-17 13:22:00+00:00,4.0,awake
1597670340000,0,0,2020-08-17 13:19:00+00:00,par_15,2020-08-17,2020-08-17 05:39:00+00:00,2020-08-17 13:22:00+00:00,4.0,awake
1597730822000,0,0,2020-08-18 06:07:02+00:00,par_15,2020-08-18,2020-08-18 06:07:02+00:00,2020-08-18 14:02:02+00:00,4.0,awake
1597731122000,0,0,2020-08-18 06:12:02+00:00,par_15,2020-08-18,2020-08-18 06:07:02+00:00,2020-08-18 14:02:02+00:00,4.0,awake
1597731422000,0,0,2020-08-18 06:17:02+00:00,par_15,2020-08-18,2020-08-18 06:07:02+00:00,2020-08-18 14:02:02+00:00,4.0,awake
1597731722000,75,41,2020-08-18 06:22:02+00:00,par_15,2020-08-18,2020-08-18 06:07:02+00:00,2020-08-18 14:02:02+00:00,2.0,light
1597732022000,78,42,2020-08-18 06:27:02+00:00,par_15,2020-08-18,2020-08-18 06:07:02+00:00,2020-08-18 14:02:02+00:00,1.0,deep
1597732322000,73,52,2020-08-18 06:32:02+00:00,par_15,2020-08-18,2020-08-18 06:07:02+00:00,2020-08-18 14:02:02+00:00,2.0,light
1597732622000,73,48,2020-08-18 06:37:02+00:00,par_15,2020-08-18,2020-08-18 06:07:02+00:00,2020-08-18 14:02:02+00:00,1.0,deep
1597732922000,75,37,2020-08-18 06:42:02+00:00,par_15,2020-08-18,2020-08-18 06:07:02+00:00,2020-08-18 14:02:02+00:00,1.0,deep
1597733222000,75,35,2020-08-18 06:47:02+00:00,par_15,2020-08-18,2020-08-18 06:07:02+00:00,2020-08-18 14:02:02+00:00,1.0,deep
1597733522000,76,29,2020-08-18 06:52:02+00:00,par_15,2020-08-18,2020-08-18 06:07:02+00:00,2020-08-18 14:02:02+00:00,1.0,deep
1597733822000,77,25,2020-08-18 06:57:02+00:00,par_15,2020-08-18,2020-08-18 06:07:02+00:00,2020-08-18 14:02:02+00:00,1.0,deep
1597734122000,78,26,2020-08-18 07:02:02+00:00,par_15,2020-08-18,2020-08-18 06:07:02+00:00,2020-08-18 14:02:02+00:00,1.0,deep
1597734422000,80,22,2020-08-18 07:07:02+00:00,par_15,2020-08-18,2020-08-18 06:07:02+00:00,2020-08-18 14:02:02+00:00,1.0,deep
1597734722000,80,21,2020-08-18 07:12:02+00:00,par_15,2020-08-18,2020-08-18 06:07:02+00:00,2020-08-18 14:02:02+00:00,1.0,deep
1597735022000,81,19,2020-08-18 07:17:02+00:00,par_15,2020-08-18,2020-08-18 06:07:02+00:00,2020-08-18 14:02:02+00:00,1.0,deep
1597735322000,83,17,2020-08-18 07:22:02+00:00,par_15,2020-08-18,2020-08-18 06:07:02+00:00,2020-08-18 14:02:02+00:00,2.0,light
1597735622000,87,15,2020-08-18 07:27:02+00:00,par_15,2020-08-18,2020-08-18 06:07:02+00:00,2020-08-18 14:02:02+00:00,3.0,REM
1597735922000,85,19,2020-08-18 07:32:02+00:00,par_15,2020-08-18,2020-08-18 06:07:02+00:00,2020-08-18 14:02:02+00:00,3.0,REM
1597736222000,87,15,2020-08-18 07:37:02+00:00,par_15,2020-08-18,2020-08-18 06:07:02+00:00,2020-08-18 14:02:02+00:00,3.0,REM
1597736522000,83,21,2020-08-18 07:42:02+00:00,par_15,2020-08-18,2020-08-18 06:07:02+00:00,2020-08-18 14:02:02+00:00,3.0,REM
1597736822000,82,21,2020-08-18 07:47:02+00:00,par_15,2020-08-18,2020-08-18 06:07:02+00:00,2020-08-18 14:02:02+00:00,2.0,light
1597737122000,80,23,2020-08-18 07:52:02+00:00,par_15,2020-08-18,2020-08-18 06:07:02+00:00,2020-08-18 14:02:02+00:00,2.0,light
1597737422000,80,24,2020-08-18 07:57:02+00:00,par_15,2020-08-18,2020-08-18 06:07:02+00:00,2020-08-18 14:02:02+00:00,2.0,light
1597737722000,79,24,2020-08-18 08:02:02+00:00,par_15,2020-08-18,2020-08-18 06:07:02+00:00,2020-08-18 14:02:02+00:00,1.0,deep
1597738022000,78,28,2020-08-18 08:07:02+00:00,par_15,2020-08-18,2020-08-18 06:07:02+00:00,2020-08-18 14:02:02+00:00,1.0,deep
1597738322000,78,29,2020-08-18 08:12:02+00:00,par_15,2020-08-18,2020-08-18 06:07:02+00:00,2020-08-18 14:02:02+00:00,1.0,deep
1597738622000,77,35,2020-08-18 08:17:02+00:00,par_15,2020-08-18,2020-08-18 06:07:02+00:00,2020-08-18 14:02:02+00:00,1.0,deep
1597738922000,76,31,2020-08-18 08:22:02+00:00,par_15,2020-08-18,2020-08-18 06:07:02+00:00,2020-08-18 14:02:02+00:00,1.0,deep
1597739222000,76,33,2020-08-18 08:27:02+00:00,par_15,2020-08-18,2020-08-18 06:07:02+00:00,2020-08-18 14:02:02+00:00,1.0,deep
1597739522000,75,51,2020-08-18 08:32:02+00:00,par_15,2020-08-18,2020-08-18 06:07:02+00:00,2020-08-18 14:02:02+00:00,1.0,deep
1597739822000,76,41,2020-08-18 08:37:02+00:00,par_15,2020-08-18,2020-08-18 06:07:02+00:00,2020-08-18 14:02:02+00:00,2.0,light
1597740122000,77,37,2020-08-18 08:42:02+00:00,par_15,2020-08-18,2020-08-18 06:07:02+00:00,2020-08-18 14:02:02+00:00,3.0,REM
1597740422000,83,15,2020-08-18 08:47:02+00:00,par_15,2020-08-18,2020-08-18 06:07:02+00:00,2020-08-18 14:02:02+00:00,3.0,REM
1597740722000,82,21,2020-08-18 08:52:02+00:00,par_15,2020-08-18,2020-08-18 06:07:02+00:00,2020-08-18 14:02:02+00:00,3.0,REM
1597741022000,80,25,2020-08-18 08:57:02+00:00,par_15,2020-08-18,2020-08-18 06:07:02+00:00,2020-08-18 14:02:02+00:00,3.0,REM
1597741322000,83,19,2020-08-18 09:02:02+00:00,par_15,2020-08-18,2020-08-18 06:07:02+00:00,2020-08-18 14:02:02+00:00,3.0,REM
1597741622000,79,31,2020-08-18 09:07:02+00:00,par_15,2020-08-18,2020-08-18 06:07:02+00:00,2020-08-18 14:02:02+00:00,2.0,light
1597741922000,74,58,2020-08-18 09:12:02+00:00,par_15,2020-08-18,2020-08-18 06:07:02+00:00,2020-08-18 14:02:02+00:00,2.0,light
1597742222000,74,53,2020-08-18 09:17:02+00:00,par_15,2020-08-18,2020-08-18 06:07:02+00:00,2020-08-18 14:02:02+00:00,2.0,light
1597742522000,77,37,2020-08-18 09:22:02+00:00,par_15,2020-08-18,2020-08-18 06:07:02+00:00,2020-08-18 14:02:02+00:00,1.0,deep
1597742822000,75,44,2020-08-18 09:27:02+00:00,par_15,2020-08-18,2020-08-18 06:07:02+00:00,2020-08-18 14:02:02+00:00,1.0,deep
1597743122000,71,41,2020-08-18 09:32:02+00:00,par_15,2020-08-18,2020-08-18 06:07:02+00:00,2020-08-18 14:02:02+00:00,2.0,light
1597743422000,72,39,2020-08-18 09:37:02+00:00,par_15,2020-08-18,2020-08-18 06:07:02+00:00,2020-08-18 14:02:02+00:00,1.0,deep
1597743722000,73,34,2020-08-18 09:42:02+00:00,par_15,2020-08-18,2020-08-18 06:07:02+00:00,2020-08-18 14:02:02+00:00,1.0,deep
1597744022000,75,26,2020-08-18 09:47:02+00:00,par_15,2020-08-18,2020-08-18 06:07:02+00:00,2020-08-18 14:02:02+00:00,1.0,deep
1597744322000,76,25,2020-08-18 09:52:02+00:00,par_15,2020-08-18,2020-08-18 06:07:02+00:00,2020-08-18 14:02:02+00:00,1.0,deep
1597744622000,77,20,2020-08-18 09:57:02+00:00,par_15,2020-08-18,2020-08-18 06:07:02+00:00,2020-08-18 14:02:02+00:00,1.0,deep
1597744922000,79,20,2020-08-18 10:02:02+00:00,par_15,2020-08-18,2020-08-18 06:07:02+00:00,2020-08-18 14:02:02+00:00,3.0,REM
1597745222000,82,26,2020-08-18 10:07:02+00:00,par_15,2020-08-18,2020-08-18 06:07:02+00:00,2020-08-18 14:02:02+00:00,1.0,deep
1597745522000,75,38,2020-08-18 10:12:02+00:00,par_15,2020-08-18,2020-08-18 06:07:02+00:00,2020-08-18 14:02:02+00:00,2.0,light
1597745822000,76,37,2020-08-18 10:17:02+00:00,par_15,2020-08-18,2020-08-18 06:07:02+00:00,2020-08-18 14:02:02+00:00,2.0,light
1597746122000,75,60,2020-08-18 10:22:02+00:00,par_15,2020-08-18,2020-08-18 06:07:02+00:00,2020-08-18 14:02:02+00:00,2.0,light
1597746422000,73,49,2020-08-18 10:27:02+00:00,par_15,2020-08-18,2020-08-18 06:07:02+00:00,2020-08-18 14:02:02+00:00,2.0,light
1597746722000,73,61,2020-08-18 10:32:02+00:00,par_15,2020-08-18,2020-08-18 06:07:02+00:00,2020-08-18 14:02:02+00:00,2.0,light
1597747022000,73,52,2020-08-18 10:37:02+00:00,par_15,2020-08-18,2020-08-18 06:07:02+00:00,2020-08-18 14:02:02+00:00,2.0,light
1597747322000,82,18,2020-08-18 10:42:02+00:00,par_15,2020-08-18,2020-08-18 06:07:02+00:00,2020-08-18 14:02:02+00:00,2.0,light
1597747622000,83,20,2020-08-18 10:47:02+00:00,par_15,2020-08-18,2020-08-18 06:07:02+00:00,2020-08-18 14:02:02+00:00,3.0,REM
1597747922000,81,31,2020-08-18 10:52:02+00:00,par_15,2020-08-18,2020-08-18 06:07:02+00:00,2020-08-18 14:02:02+00:00,3.0,REM
1597748222000,81,33,2020-08-18 10:57:02+00:00,par_15,2020-08-18,2020-08-18 06:07:02+00:00,2020-08-18 14:02:02+00:00,2.0,light
1597748522000,76,46,2020-08-18 11:02:02+00:00,par_15,2020-08-18,2020-08-18 06:07:02+00:00,2020-08-18 14:02:02+00:00,2.0,light
1597748822000,79,27,2020-08-18 11:07:02+00:00,par_15,2020-08-18,2020-08-18 06:07:02+00:00,2020-08-18 14:02:02+00:00,2.0,light
1597749122000,76,35,2020-08-18 11:12:02+00:00,par_15,2020-08-18,2020-08-18 06:07:02+00:00,2020-08-18 14:02:02+00:00,2.0,light
1597749422000,75,35,2020-08-18 11:17:02+00:00,par_15,2020-08-18,2020-08-18 06:07:02+00:00,2020-08-18 14:02:02+00:00,2.0,light
1597749722000,74,46,2020-08-18 11:22:02+00:00,par_15,2020-08-18,2020-08-18 06:07:02+00:00,2020-08-18 14:02:02+00:00,2.0,light
1597750022000,77,31,2020-08-18 11:27:02+00:00,par_15,2020-08-18,2020-08-18 06:07:02+00:00,2020-08-18 14:02:02+00:00,2.0,light
1597750322000,77,30,2020-08-18 11:32:02+00:00,par_15,2020-08-18,2020-08-18 06:07:02+00:00,2020-08-18 14:02:02+00:00,1.0,deep
1597750622000,75,42,2020-08-18 11:37:02+00:00,par_15,2020-08-18,2020-08-18 06:07:02+00:00,2020-08-18 14:02:02+00:00,2.0,light
1597750922000,75,38,2020-08-18 11:42:02+00:00,par_15,2020-08-18,2020-08-18 06:07:02+00:00,2020-08-18 14:02:02+00:00,2.0,light
1597751222000,76,35,2020-08-18 11:47:02+00:00,par_15,2020-08-18,2020-08-18 06:07:02+00:00,2020-08-18 14:02:02+00:00,2.0,light
1597751522000,78,30,2020-08-18 11:52:02+00:00,par_15,2020-08-18,2020-08-18 06:07:02+00:00,2020-08-18 14:02:02+00:00,1.0,deep
1597751822000,79,27,2020-08-18 11:57:02+00:00,par_15,2020-08-18,2020-08-18 06:07:02+00:00,2020-08-18 14:02:02+00:00,1.0,deep
1597752122000,80,24,2020-08-18 12:02:02+00:00,par_15,2020-08-18,2020-08-18 06:07:02+00:00,2020-08-18 14:02:02+00:00,1.0,deep
1597752422000,79,25,2020-08-18 12:07:02+00:00,par_15,2020-08-18,2020-08-18 06:07:02+00:00,2020-08-18 14:02:02+00:00,1.0,deep
1597752722000,79,34,2020-08-18 12:12:02+00:00,par_15,2020-08-18,2020-08-18 06:07:02+00:00,2020-08-18 14:02:02+00:00,4.0,awake
1597753022000,72,55,2020-08-18 12:17:02+00:00,par_15,2020-08-18,2020-08-18 06:07:02+00:00,2020-08-18 14:02:02+00:00,4.0,awake
1597753322000,79,22,2020-08-18 12:22:02+00:00,par_15,2020-08-18,2020-08-18 06:07:02+00:00,2020-08-18 14:02:02+00:00,3.0,REM
1597753622000,85,16,2020-08-18 12:27:02+00:00,par_15,2020-08-18,2020-08-18 06:07:02+00:00,2020-08-18 14:02:02+00:00,3.0,REM
1597753922000,80,30,2020-08-18 12:32:02+00:00,par_15,2020-08-18,2020-08-18 06:07:02+00:00,2020-08-18 14:02:02+00:00,3.0,REM
1597754222000,77,51,2020-08-18 12:37:02+00:00,par_15,2020-08-18,2020-08-18 06:07:02+00:00,2020-08-18 14:02:02+00:00,3.0,REM
1597754522000,74,51,2020-08-18 12:42:02+00:00,par_15,2020-08-18,2020-08-18 06:07:02+00:00,2020-08-18 14:02:02+00:00,2.0,light
1597754822000,75,49,2020-08-18 12:47:02+00:00,par_15,2020-08-18,2020-08-18 06:07:02+00:00,2020-08-18 14:02:02+00:00,2.0,light
1597755122000,78,34,2020-08-18 12:52:02+00:00,par_15,2020-08-18,2020-08-18 06:07:02+00:00,2020-08-18 14:02:02+00:00,2.0,light
1597755422000,73,47,2020-08-18 12:57:02+00:00,par_15,2020-08-18,2020-08-18 06:07:02+00:00,2020-08-18 14:02:02+00:00,2.0,light
1597755722000,73,43,2020-08-18 13:02:02+00:00,par_15,2020-08-18,2020-08-18 06:07:02+00:00,2020-08-18 14:02:02+00:00,2.0,light
1597756022000,74,42,2020-08-18 13:07:02+00:00,par_15,2020-08-18,2020-08-18 06:07:02+00:00,2020-08-18 14:02:02+00:00,2.0,light
1597756322000,71,58,2020-08-18 13:12:02+00:00,par_15,2020-08-18,2020-08-18 06:07:02+00:00,2020-08-18 14:02:02+00:00,2.0,light
1597756622000,71,59,2020-08-18 13:17:02+00:00,par_15,2020-08-18,2020-08-18 06:07:02+00:00,2020-08-18 14:02:02+00:00,2.0,light
1597756922000,72,47,2020-08-18 13:22:02+00:00,par_15,2020-08-18,2020-08-18 06:07:02+00:00,2020-08-18 14:02:02+00:00,2.0,light
1597757222000,73,49,2020-08-18 13:27:02+00:00,par_15,2020-08-18,2020-08-18 06:07:02+00:00,2020-08-18 14:02:02+00:00,1.0,deep
1597757522000,82,36,2020-08-18 13:32:02+00:00,par_15,2020-08-18,2020-08-18 06:07:02+00:00,2020-08-18 14:02:02+00:00,4.0,awake
1597757822000,83,27,2020-08-18 13:37:02+00:00,par_15,2020-08-18,2020-08-18 06:07:02+00:00,2020-08-18 14:02:02+00:00,3.0,REM
1597758122000,82,34,2020-08-18 13:42:02+00:00,par_15,2020-08-18,2020-08-18 06:07:02+00:00,2020-08-18 14:02:02+00:00,3.0,REM
1597758422000,75,44,2020-08-18 13:47:02+00:00,par_15,2020-08-18,2020-08-18 06:07:02+00:00,2020-08-18 14:02:02+00:00,4.0,awake
1597758722000,79,37,2020-08-18 13:52:02+00:00,par_15,2020-08-18,2020-08-18 06:07:02+00:00,2020-08-18 14:02:02+00:00,4.0,awake
1597759022000,78,47,2020-08-18 13:57:02+00:00,par_15,2020-08-18,2020-08-18 06:07:02+00:00,2020-08-18 14:02:02+00:00,4.0,awake
1597759322000,84,33,2020-08-18 14:02:02+00:00,par_15,2020-08-18,2020-08-18 06:07:02+00:00,2020-08-18 14:02:02+00:00,,
1597813141000,0,0,2020-08-19 04:59:01+00:00,par_15,2020-08-19,2020-08-19 04:59:01+00:00,2020-08-19 13:34:01+00:00,4.0,awake
1597813441000,0,0,2020-08-19 05:04:01+00:00,par_15,2020-08-19,2020-08-19 04:59:01+00:00,2020-08-19 13:34:01+00:00,4.0,awake
1597813741000,74,42,2020-08-19 05:09:01+00:00,par_15,2020-08-19,2020-08-19 04:59:01+00:00,2020-08-19 13:34:01+00:00,2.0,light
1597814041000,72,46,2020-08-19 05:14:01+00:00,par_15,2020-08-19,2020-08-19 04:59:01+00:00,2020-08-19 13:34:01+00:00,2.0,light
1597814341000,72,40,2020-08-19 05:19:01+00:00,par_15,2020-08-19,2020-08-19 04:59:01+00:00,2020-08-19 13:34:01+00:00,1.0,deep
1597814641000,73,34,2020-08-19 05:24:01+00:00,par_15,2020-08-19,2020-08-19 04:59:01+00:00,2020-08-19 13:34:01+00:00,1.0,deep
1597814941000,72,36,2020-08-19 05:29:01+00:00,par_15,2020-08-19,2020-08-19 04:59:01+00:00,2020-08-19 13:34:01+00:00,1.0,deep
1597815241000,72,37,2020-08-19 05:34:01+00:00,par_15,2020-08-19,2020-08-19 04:59:01+00:00,2020-08-19 13:34:01+00:00,1.0,deep
1597815541000,71,40,2020-08-19 05:39:01+00:00,par_15,2020-08-19,2020-08-19 04:59:01+00:00,2020-08-19 13:34:01+00:00,1.0,deep
1597815841000,72,50,2020-08-19 05:44:01+00:00,par_15,2020-08-19,2020-08-19 04:59:01+00:00,2020-08-19 13:34:01+00:00,2.0,light
1597816141000,70,59,2020-08-19 05:49:01+00:00,par_15,2020-08-19,2020-08-19 04:59:01+00:00,2020-08-19 13:34:01+00:00,2.0,light
1597816441000,77,38,2020-08-19 05:54:01+00:00,par_15,2020-08-19,2020-08-19 04:59:01+00:00,2020-08-19 13:34:01+00:00,1.0,deep
1597816741000,75,47,2020-08-19 05:59:01+00:00,par_15,2020-08-19,2020-08-19 04:59:01+00:00,2020-08-19 13:34:01+00:00,2.0,light
1597817041000,70,69,2020-08-19 06:04:01+00:00,par_15,2020-08-19,2020-08-19 04:59:01+00:00,2020-08-19 13:34:01+00:00,2.0,light
1597817341000,71,61,2020-08-19 06:09:01+00:00,par_15,2020-08-19,2020-08-19 04:59:01+00:00,2020-08-19 13:34:01+00:00,2.0,light
1597817641000,69,60,2020-08-19 06:14:01+00:00,par_15,2020-08-19,2020-08-19 04:59:01+00:00,2020-08-19 13:34:01+00:00,1.0,deep
1597817941000,69,69,2020-08-19 06:19:01+00:00,par_15,2020-08-19,2020-08-19 04:59:01+00:00,2020-08-19 13:34:01+00:00,1.0,deep
1597818241000,69,65,2020-08-19 06:24:01+00:00,par_15,2020-08-19,2020-08-19 04:59:01+00:00,2020-08-19 13:34:01+00:00,1.0,deep
1597818541000,68,66,2020-08-19 06:29:01+00:00,par_15,2020-08-19,2020-08-19 04:59:01+00:00,2020-08-19 13:34:01+00:00,1.0,deep
1597818841000,68,63,2020-08-19 06:34:01+00:00,par_15,2020-08-19,2020-08-19 04:59:01+00:00,2020-08-19 13:34:01+00:00,1.0,deep
1597819141000,68,61,2020-08-19 06:39:01+00:00,par_15,2020-08-19,2020-08-19 04:59:01+00:00,2020-08-19 13:34:01+00:00,1.0,deep
1597819441000,68,59,2020-08-19 06:44:01+00:00,par_15,2020-08-19,2020-08-19 04:59:01+00:00,2020-08-19 13:34:01+00:00,1.0,deep
1597819741000,68,62,2020-08-19 06:49:01+00:00,par_15,2020-08-19,2020-08-19 04:59:01+00:00,2020-08-19 13:34:01+00:00,1.0,deep
1597820041000,68,64,2020-08-19 06:54:01+00:00,par_15,2020-08-19,2020-08-19 04:59:01+00:00,2020-08-19 13:34:01+00:00,1.0,deep
1597820341000,70,56,2020-08-19 06:59:01+00:00,par_15,2020-08-19,2020-08-19 04:59:01+00:00,2020-08-19 13:34:01+00:00,2.0,light
1597820641000,69,70,2020-08-19 07:04:01+00:00,par_15,2020-08-19,2020-08-19 04:59:01+00:00,2020-08-19 13:34:01+00:00,1.0,deep
1597820941000,69,65,2020-08-19 07:09:01+00:00,par_15,2020-08-19,2020-08-19 04:59:01+00:00,2020-08-19 13:34:01+00:00,1.0,deep
1597821241000,70,54,2020-08-19 07:14:01+00:00,par_15,2020-08-19,2020-08-19 04:59:01+00:00,2020-08-19 13:34:01+00:00,1.0,deep
1597821541000,71,49,2020-08-19 07:19:01+00:00,par_15,2020-08-19,2020-08-19 04:59:01+00:00,2020-08-19 13:34:01+00:00,1.0,deep
1597821841000,72,55,2020-08-19 07:24:01+00:00,par_15,2020-08-19,2020-08-19 04:59:01+00:00,2020-08-19 13:34:01+00:00,1.0,deep
1597822141000,73,56,2020-08-19 07:29:01+00:00,par_15,2020-08-19,2020-08-19 04:59:01+00:00,2020-08-19 13:34:01+00:00,1.0,deep
1597822441000,75,49,2020-08-19 07:34:01+00:00,par_15,2020-08-19,2020-08-19 04:59:01+00:00,2020-08-19 13:34:01+00:00,1.0,deep
1597822741000,81,14,2020-08-19 07:39:01+00:00,par_15,2020-08-19,2020-08-19 04:59:01+00:00,2020-08-19 13:34:01+00:00,3.0,REM
1597823041000,80,35,2020-08-19 07:44:01+00:00,par_15,2020-08-19,2020-08-19 04:59:01+00:00,2020-08-19 13:34:01+00:00,1.0,deep
1597823341000,81,30,2020-08-19 07:49:01+00:00,par_15,2020-08-19,2020-08-19 04:59:01+00:00,2020-08-19 13:34:01+00:00,1.0,deep
1597823641000,0,0,2020-08-19 07:54:01+00:00,par_15,2020-08-19,2020-08-19 04:59:01+00:00,2020-08-19 13:34:01+00:00,3.0,REM
1597823941000,0,0,2020-08-19 07:59:01+00:00,par_15,2020-08-19,2020-08-19 04:59:01+00:00,2020-08-19 13:34:01+00:00,3.0,REM
1597824241000,76,34,2020-08-19 08:04:01+00:00,par_15,2020-08-19,2020-08-19 04:59:01+00:00,2020-08-19 13:34:01+00:00,2.0,light
1597824541000,0,0,2020-08-19 08:09:01+00:00,par_15,2020-08-19,2020-08-19 04:59:01+00:00,2020-08-19 13:34:01+00:00,2.0,light
1597824841000,78,34,2020-08-19 08:14:01+00:00,par_15,2020-08-19,2020-08-19 04:59:01+00:00,2020-08-19 13:34:01+00:00,1.0,deep
1597825141000,77,36,2020-08-19 08:19:01+00:00,par_15,2020-08-19,2020-08-19 04:59:01+00:00,2020-08-19 13:34:01+00:00,1.0,deep
1597825441000,77,34,2020-08-19 08:24:01+00:00,par_15,2020-08-19,2020-08-19 04:59:01+00:00,2020-08-19 13:34:01+00:00,3.0,REM
1597825741000,77,33,2020-08-19 08:29:01+00:00,par_15,2020-08-19,2020-08-19 04:59:01+00:00,2020-08-19 13:34:01+00:00,3.0,REM
1597826041000,79,28,2020-08-19 08:34:01+00:00,par_15,2020-08-19,2020-08-19 04:59:01+00:00,2020-08-19 13:34:01+00:00,3.0,REM
1597826341000,77,35,2020-08-19 08:39:01+00:00,par_15,2020-08-19,2020-08-19 04:59:01+00:00,2020-08-19 13:34:01+00:00,1.0,deep
1597826641000,79,36,2020-08-19 08:44:01+00:00,par_15,2020-08-19,2020-08-19 04:59:01+00:00,2020-08-19 13:34:01+00:00,1.0,deep
1597826941000,78,39,2020-08-19 08:49:01+00:00,par_15,2020-08-19,2020-08-19 04:59:01+00:00,2020-08-19 13:34:01+00:00,2.0,light
1597827241000,76,49,2020-08-19 08:54:01+00:00,par_15,2020-08-19,2020-08-19 04:59:01+00:00,2020-08-19 13:34:01+00:00,2.0,light
1597827541000,74,43,2020-08-19 08:59:01+00:00,par_15,2020-08-19,2020-08-19 04:59:01+00:00,2020-08-19 13:34:01+00:00,2.0,light
1597827841000,73,43,2020-08-19 09:04:01+00:00,par_15,2020-08-19,2020-08-19 04:59:01+00:00,2020-08-19 13:34:01+00:00,2.0,light
1597828141000,73,46,2020-08-19 09:09:01+00:00,par_15,2020-08-19,2020-08-19 04:59:01+00:00,2020-08-19 13:34:01+00:00,2.0,light
1597828441000,0,0,2020-08-19 09:14:01+00:00,par_15,2020-08-19,2020-08-19 04:59:01+00:00,2020-08-19 13:34:01+00:00,2.0,light
1597828741000,0,0,2020-08-19 09:19:01+00:00,par_15,2020-08-19,2020-08-19 04:59:01+00:00,2020-08-19 13:34:01+00:00,2.0,light
1597829041000,80,33,2020-08-19 09:24:01+00:00,par_15,2020-08-19,2020-08-19 04:59:01+00:00,2020-08-19 13:34:01+00:00,1.0,deep
1597829341000,0,0,2020-08-19 09:29:01+00:00,par_15,2020-08-19,2020-08-19 04:59:01+00:00,2020-08-19 13:34:01+00:00,2.0,light
1597829641000,75,40,2020-08-19 09:34:01+00:00,par_15,2020-08-19,2020-08-19 04:59:01+00:00,2020-08-19 13:34:01+00:00,3.0,REM
1597829941000,0,0,2020-08-19 09:39:01+00:00,par_15,2020-08-19,2020-08-19 04:59:01+00:00,2020-08-19 13:34:01+00:00,3.0,REM
1597830241000,0,0,2020-08-19 09:44:01+00:00,par_15,2020-08-19,2020-08-19 04:59:01+00:00,2020-08-19 13:34:01+00:00,3.0,REM
1597830541000,0,0,2020-08-19 09:49:01+00:00,par_15,2020-08-19,2020-08-19 04:59:01+00:00,2020-08-19 13:34:01+00:00,3.0,REM
1597830841000,0,0,2020-08-19 09:54:01+00:00,par_15,2020-08-19,2020-08-19 04:59:01+00:00,2020-08-19 13:34:01+00:00,2.0,light
1597831141000,69,60,2020-08-19 09:59:01+00:00,par_15,2020-08-19,2020-08-19 04:59:01+00:00,2020-08-19 13:34:01+00:00,2.0,light
1597831441000,69,66,2020-08-19 10:04:01+00:00,par_15,2020-08-19,2020-08-19 04:59:01+00:00,2020-08-19 13:34:01+00:00,2.0,light
1597831741000,70,60,2020-08-19 10:09:01+00:00,par_15,2020-08-19,2020-08-19 04:59:01+00:00,2020-08-19 13:34:01+00:00,2.0,light
1597832041000,0,0,2020-08-19 10:14:01+00:00,par_15,2020-08-19,2020-08-19 04:59:01+00:00,2020-08-19 13:34:01+00:00,3.0,REM
1597832341000,0,0,2020-08-19 10:19:01+00:00,par_15,2020-08-19,2020-08-19 04:59:01+00:00,2020-08-19 13:34:01+00:00,3.0,REM
1597832641000,0,0,2020-08-19 10:24:01+00:00,par_15,2020-08-19,2020-08-19 04:59:01+00:00,2020-08-19 13:34:01+00:00,3.0,REM
1597832941000,0,0,2020-08-19 10:29:01+00:00,par_15,2020-08-19,2020-08-19 04:59:01+00:00,2020-08-19 13:34:01+00:00,3.0,REM
1597833241000,0,0,2020-08-19 10:34:01+00:00,par_15,2020-08-19,2020-08-19 04:59:01+00:00,2020-08-19 13:34:01+00:00,1.0,deep
1597833541000,0,0,2020-08-19 10:39:01+00:00,par_15,2020-08-19,2020-08-19 04:59:01+00:00,2020-08-19 13:34:01+00:00,3.0,REM
1597833841000,0,0,2020-08-19 10:44:01+00:00,par_15,2020-08-19,2020-08-19 04:59:01+00:00,2020-08-19 13:34:01+00:00,2.0,light
1597834141000,70,63,2020-08-19 10:49:01+00:00,par_15,2020-08-19,2020-08-19 04:59:01+00:00,2020-08-19 13:34:01+00:00,2.0,light
1597834441000,76,34,2020-08-19 10:54:01+00:00,par_15,2020-08-19,2020-08-19 04:59:01+00:00,2020-08-19 13:34:01+00:00,2.0,light
1597834741000,79,46,2020-08-19 10:59:01+00:00,par_15,2020-08-19,2020-08-19 04:59:01+00:00,2020-08-19 13:34:01+00:00,3.0,REM
1597835041000,78,45,2020-08-19 11:04:01+00:00,par_15,2020-08-19,2020-08-19 04:59:01+00:00,2020-08-19 13:34:01+00:00,3.0,REM
1597835341000,78,40,2020-08-19 11:09:01+00:00,par_15,2020-08-19,2020-08-19 04:59:01+00:00,2020-08-19 13:34:01+00:00,2.0,light
1597835641000,82,18,2020-08-19 11:14:01+00:00,par_15,2020-08-19,2020-08-19 04:59:01+00:00,2020-08-19 13:34:01+00:00,2.0,light
1597835941000,0,0,2020-08-19 11:19:01+00:00,par_15,2020-08-19,2020-08-19 04:59:01+00:00,2020-08-19 13:34:01+00:00,2.0,light
1597836241000,0,0,2020-08-19 11:24:01+00:00,par_15,2020-08-19,2020-08-19 04:59:01+00:00,2020-08-19 13:34:01+00:00,2.0,light
1597836541000,73,53,2020-08-19 11:29:01+00:00,par_15,2020-08-19,2020-08-19 04:59:01+00:00,2020-08-19 13:34:01+00:00,2.0,light
1597836841000,0,0,2020-08-19 11:34:01+00:00,par_15,2020-08-19,2020-08-19 04:59:01+00:00,2020-08-19 13:34:01+00:00,3.0,REM
1597837141000,0,0,2020-08-19 11:39:01+00:00,par_15,2020-08-19,2020-08-19 04:59:01+00:00,2020-08-19 13:34:01+00:00,3.0,REM
1597837441000,0,0,2020-08-19 11:44:01+00:00,par_15,2020-08-19,2020-08-19 04:59:01+00:00,2020-08-19 13:34:01+00:00,4.0,awake
1597837741000,70,62,2020-08-19 11:49:01+00:00,par_15,2020-08-19,2020-08-19 04:59:01+00:00,2020-08-19 13:34:01+00:00,2.0,light
1597838041000,72,56,2020-08-19 11:54:01+00:00,par_15,2020-08-19,2020-08-19 04:59:01+00:00,2020-08-19 13:34:01+00:00,2.0,light
1597838341000,0,0,2020-08-19 11:59:01+00:00,par_15,2020-08-19,2020-08-19 04:59:01+00:00,2020-08-19 13:34:01+00:00,3.0,REM
1597838641000,0,0,2020-08-19 12:04:01+00:00,par_15,2020-08-19,2020-08-19 04:59:01+00:00,2020-08-19 13:34:01+00:00,3.0,REM
1597838941000,69,60,2020-08-19 12:09:01+00:00,par_15,2020-08-19,2020-08-19 04:59:01+00:00,2020-08-19 13:34:01+00:00,3.0,REM
1597839241000,0,0,2020-08-19 12:14:01+00:00,par_15,2020-08-19,2020-08-19 04:59:01+00:00,2020-08-19 13:34:01+00:00,2.0,light
1597839541000,71,58,2020-08-19 12:19:01+00:00,par_15,2020-08-19,2020-08-19 04:59:01+00:00,2020-08-19 13:34:01+00:00,2.0,light
1597839841000,0,0,2020-08-19 12:24:01+00:00,par_15,2020-08-19,2020-08-19 04:59:01+00:00,2020-08-19 13:34:01+00:00,3.0,REM
1597840141000,78,30,2020-08-19 12:29:01+00:00,par_15,2020-08-19,2020-08-19 04:59:01+00:00,2020-08-19 13:34:01+00:00,3.0,REM
1597840441000,79,35,2020-08-19 12:34:01+00:00,par_15,2020-08-19,2020-08-19 04:59:01+00:00,2020-08-19 13:34:01+00:00,3.0,REM
1597840741000,0,0,2020-08-19 12:39:01+00:00,par_15,2020-08-19,2020-08-19 04:59:01+00:00,2020-08-19 13:34:01+00:00,3.0,REM
1597841041000,0,0,2020-08-19 12:44:01+00:00,par_15,2020-08-19,2020-08-19 04:59:01+00:00,2020-08-19 13:34:01+00:00,3.0,REM
1597841341000,75,51,2020-08-19 12:49:01+00:00,par_15,2020-08-19,2020-08-19 04:59:01+00:00,2020-08-19 13:34:01+00:00,3.0,REM
1597841641000,75,68,2020-08-19 12:54:01+00:00,par_15,2020-08-19,2020-08-19 04:59:01+00:00,2020-08-19 13:34:01+00:00,2.0,light
1597841941000,74,39,2020-08-19 12:59:01+00:00,par_15,2020-08-19,2020-08-19 04:59:01+00:00,2020-08-19 13:34:01+00:00,2.0,light
1597842241000,70,62,2020-08-19 13:04:01+00:00,par_15,2020-08-19,2020-08-19 04:59:01+00:00,2020-08-19 13:34:01+00:00,2.0,light
1597842541000,69,79,2020-08-19 13:09:01+00:00,par_15,2020-08-19,2020-08-19 04:59:01+00:00,2020-08-19 13:34:01+00:00,2.0,light
1597842841000,70,70,2020-08-19 13:14:01+00:00,par_15,2020-08-19,2020-08-19 04:59:01+00:00,2020-08-19 13:34:01+00:00,2.0,light
1597843141000,71,61,2020-08-19 13:19:01+00:00,par_15,2020-08-19,2020-08-19 04:59:01+00:00,2020-08-19 13:34:01+00:00,2.0,light
1597843441000,71,53,2020-08-19 13:24:01+00:00,par_15,2020-08-19,2020-08-19 04:59:01+00:00,2020-08-19 13:34:01+00:00,1.0,deep
1597843741000,0,0,2020-08-19 13:29:01+00:00,par_15,2020-08-19,2020-08-19 04:59:01+00:00,2020-08-19 13:34:01+00:00,4.0,awake
1597844041000,82,36,2020-08-19 13:34:01+00:00,par_15,2020-08-19,2020-08-19 04:59:01+00:00,2020-08-19 13:34:01+00:00,,
1597898341000,0,0,2020-08-20 04:39:01+00:00,par_15,2020-08-20,2020-08-20 04:39:01+00:00,2020-08-20 10:13:01+00:00,4.0,awake
1597898641000,0,0,2020-08-20 04:44:01+00:00,par_15,2020-08-20,2020-08-20 04:39:01+00:00,2020-08-20 10:13:01+00:00,4.0,awake
1597898941000,0,0,2020-08-20 04:49:01+00:00,par_15,2020-08-20,2020-08-20 04:39:01+00:00,2020-08-20 10:13:01+00:00,4.0,awake
1597899241000,0,0,2020-08-20 04:54:01+00:00,par_15,2020-08-20,2020-08-20 04:39:01+00:00,2020-08-20 10:13:01+00:00,4.0,awake
1597899541000,0,0,2020-08-20 04:59:01+00:00,par_15,2020-08-20,2020-08-20 04:39:01+00:00,2020-08-20 10:13:01+00:00,4.0,awake
1597899841000,70,56,2020-08-20 05:04:01+00:00,par_15,2020-08-20,2020-08-20 04:39:01+00:00,2020-08-20 10:13:01+00:00,2.0,light
1597900141000,70,58,2020-08-20 05:09:01+00:00,par_15,2020-08-20,2020-08-20 04:39:01+00:00,2020-08-20 10:13:01+00:00,2.0,light
1597900441000,69,59,2020-08-20 05:14:01+00:00,par_15,2020-08-20,2020-08-20 04:39:01+00:00,2020-08-20 10:13:01+00:00,2.0,light
1597900741000,69,65,2020-08-20 05:19:01+00:00,par_15,2020-08-20,2020-08-20 04:39:01+00:00,2020-08-20 10:13:01+00:00,1.0,deep
1597901041000,70,55,2020-08-20 05:24:01+00:00,par_15,2020-08-20,2020-08-20 04:39:01+00:00,2020-08-20 10:13:01+00:00,1.0,deep
1597901341000,76,56,2020-08-20 05:29:01+00:00,par_15,2020-08-20,2020-08-20 04:39:01+00:00,2020-08-20 10:13:01+00:00,2.0,light
1597901641000,69,84,2020-08-20 05:34:01+00:00,par_15,2020-08-20,2020-08-20 04:39:01+00:00,2020-08-20 10:13:01+00:00,1.0,deep
1597901941000,71,75,2020-08-20 05:39:01+00:00,par_15,2020-08-20,2020-08-20 04:39:01+00:00,2020-08-20 10:13:01+00:00,1.0,deep
1597902241000,72,69,2020-08-20 05:44:01+00:00,par_15,2020-08-20,2020-08-20 04:39:01+00:00,2020-08-20 10:13:01+00:00,1.0,deep
1597902541000,73,63,2020-08-20 05:49:01+00:00,par_15,2020-08-20,2020-08-20 04:39:01+00:00,2020-08-20 10:13:01+00:00,2.0,light
1597902841000,71,66,2020-08-20 05:54:01+00:00,par_15,2020-08-20,2020-08-20 04:39:01+00:00,2020-08-20 10:13:01+00:00,2.0,light
1597903141000,73,60,2020-08-20 05:59:01+00:00,par_15,2020-08-20,2020-08-20 04:39:01+00:00,2020-08-20 10:13:01+00:00,2.0,light
1597903441000,71,67,2020-08-20 06:04:01+00:00,par_15,2020-08-20,2020-08-20 04:39:01+00:00,2020-08-20 10:13:01+00:00,1.0,deep
1597903741000,72,76,2020-08-20 06:09:01+00:00,par_15,2020-08-20,2020-08-20 04:39:01+00:00,2020-08-20 10:13:01+00:00,1.0,deep
1597904041000,69,84,2020-08-20 06:14:01+00:00,par_15,2020-08-20,2020-08-20 04:39:01+00:00,2020-08-20 10:13:01+00:00,1.0,deep
1597904341000,69,94,2020-08-20 06:19:01+00:00,par_15,2020-08-20,2020-08-20 04:39:01+00:00,2020-08-20 10:13:01+00:00,1.0,deep
1597904641000,70,77,2020-08-20 06:24:01+00:00,par_15,2020-08-20,2020-08-20 04:39:01+00:00,2020-08-20 10:13:01+00:00,1.0,deep
1597904941000,68,81,2020-08-20 06:29:01+00:00,par_15,2020-08-20,2020-08-20 04:39:01+00:00,2020-08-20 10:13:01+00:00,1.0,deep
1597905241000,68,86,2020-08-20 06:34:01+00:00,par_15,2020-08-20,2020-08-20 04:39:01+00:00,2020-08-20 10:13:01+00:00,1.0,deep
1597905541000,68,82,2020-08-20 06:39:01+00:00,par_15,2020-08-20,2020-08-20 04:39:01+00:00,2020-08-20 10:13:01+00:00,1.0,deep
1597905841000,67,82,2020-08-20 06:44:01+00:00,par_15,2020-08-20,2020-08-20 04:39:01+00:00,2020-08-20 10:13:01+00:00,1.0,deep
1597906141000,69,83,2020-08-20 06:49:01+00:00,par_15,2020-08-20,2020-08-20 04:39:01+00:00,2020-08-20 10:13:01+00:00,1.0,deep
1597906441000,70,64,2020-08-20 06:54:01+00:00,par_15,2020-08-20,2020-08-20 04:39:01+00:00,2020-08-20 10:13:01+00:00,1.0,deep
1597906741000,71,53,2020-08-20 06:59:01+00:00,par_15,2020-08-20,2020-08-20 04:39:01+00:00,2020-08-20 10:13:01+00:00,3.0,REM
1597907041000,81,27,2020-08-20 07:04:01+00:00,par_15,2020-08-20,2020-08-20 04:39:01+00:00,2020-08-20 10:13:01+00:00,1.0,deep
1597907341000,0,0,2020-08-20 07:09:01+00:00,par_15,2020-08-20,2020-08-20 04:39:01+00:00,2020-08-20 10:13:01+00:00,1.0,deep
1597907641000,0,0,2020-08-20 07:14:01+00:00,par_15,2020-08-20,2020-08-20 04:39:01+00:00,2020-08-20 10:13:01+00:00,1.0,deep
1597907941000,0,0,2020-08-20 07:19:01+00:00,par_15,2020-08-20,2020-08-20 04:39:01+00:00,2020-08-20 10:13:01+00:00,1.0,deep
1597908241000,76,47,2020-08-20 07:24:01+00:00,par_15,2020-08-20,2020-08-20 04:39:01+00:00,2020-08-20 10:13:01+00:00,2.0,light
1597908541000,74,58,2020-08-20 07:29:01+00:00,par_15,2020-08-20,2020-08-20 04:39:01+00:00,2020-08-20 10:13:01+00:00,2.0,light
1597908841000,71,71,2020-08-20 07:34:01+00:00,par_15,2020-08-20,2020-08-20 04:39:01+00:00,2020-08-20 10:13:01+00:00,2.0,light
1597909141000,71,58,2020-08-20 07:39:01+00:00,par_15,2020-08-20,2020-08-20 04:39:01+00:00,2020-08-20 10:13:01+00:00,2.0,light
1597909441000,73,55,2020-08-20 07:44:01+00:00,par_15,2020-08-20,2020-08-20 04:39:01+00:00,2020-08-20 10:13:01+00:00,2.0,light
1597909741000,0,0,2020-08-20 07:49:01+00:00,par_15,2020-08-20,2020-08-20 04:39:01+00:00,2020-08-20 10:13:01+00:00,3.0,REM
1597910041000,0,0,2020-08-20 07:54:01+00:00,par_15,2020-08-20,2020-08-20 04:39:01+00:00,2020-08-20 10:13:01+00:00,3.0,REM
1597910341000,0,0,2020-08-20 07:59:01+00:00,par_15,2020-08-20,2020-08-20 04:39:01+00:00,2020-08-20 10:13:01+00:00,3.0,REM
1597910641000,0,0,2020-08-20 08:04:01+00:00,par_15,2020-08-20,2020-08-20 04:39:01+00:00,2020-08-20 10:13:01+00:00,3.0,REM
1597910941000,0,0,2020-08-20 08:09:01+00:00,par_15,2020-08-20,2020-08-20 04:39:01+00:00,2020-08-20 10:13:01+00:00,3.0,REM
1597911241000,0,0,2020-08-20 08:14:01+00:00,par_15,2020-08-20,2020-08-20 04:39:01+00:00,2020-08-20 10:13:01+00:00,3.0,REM
1597911541000,0,0,2020-08-20 08:19:01+00:00,par_15,2020-08-20,2020-08-20 04:39:01+00:00,2020-08-20 10:13:01+00:00,3.0,REM
1597911841000,70,62,2020-08-20 08:24:01+00:00,par_15,2020-08-20,2020-08-20 04:39:01+00:00,2020-08-20 10:13:01+00:00,3.0,REM
1597912141000,0,0,2020-08-20 08:29:01+00:00,par_15,2020-08-20,2020-08-20 04:39:01+00:00,2020-08-20 10:13:01+00:00,3.0,REM
1597912441000,0,0,2020-08-20 08:34:01+00:00,par_15,2020-08-20,2020-08-20 04:39:01+00:00,2020-08-20 10:13:01+00:00,3.0,REM
1597912741000,73,56,2020-08-20 08:39:01+00:00,par_15,2020-08-20,2020-08-20 04:39:01+00:00,2020-08-20 10:13:01+00:00,2.0,light
1597913041000,70,59,2020-08-20 08:44:01+00:00,par_15,2020-08-20,2020-08-20 04:39:01+00:00,2020-08-20 10:13:01+00:00,2.0,light
1597913341000,77,48,2020-08-20 08:49:01+00:00,par_15,2020-08-20,2020-08-20 04:39:01+00:00,2020-08-20 10:13:01+00:00,2.0,light
1597913641000,0,0,2020-08-20 08:54:01+00:00,par_15,2020-08-20,2020-08-20 04:39:01+00:00,2020-08-20 10:13:01+00:00,2.0,light
1597913941000,0,0,2020-08-20 08:59:01+00:00,par_15,2020-08-20,2020-08-20 04:39:01+00:00,2020-08-20 10:13:01+00:00,3.0,REM
1597914241000,0,0,2020-08-20 09:04:01+00:00,par_15,2020-08-20,2020-08-20 04:39:01+00:00,2020-08-20 10:13:01+00:00,3.0,REM
1597914541000,0,0,2020-08-20 09:09:01+00:00,par_15,2020-08-20,2020-08-20 04:39:01+00:00,2020-08-20 10:13:01+00:00,3.0,REM
1597914841000,0,0,2020-08-20 09:14:01+00:00,par_15,2020-08-20,2020-08-20 04:39:01+00:00,2020-08-20 10:13:01+00:00,3.0,REM
1597915141000,0,0,2020-08-20 09:19:01+00:00,par_15,2020-08-20,2020-08-20 04:39:01+00:00,2020-08-20 10:13:01+00:00,1.0,deep
1597915441000,0,0,2020-08-20 09:24:01+00:00,par_15,2020-08-20,2020-08-20 04:39:01+00:00,2020-08-20 10:13:01+00:00,3.0,REM
1597915741000,0,0,2020-08-20 09:29:01+00:00,par_15,2020-08-20,2020-08-20 04:39:01+00:00,2020-08-20 10:13:01+00:00,3.0,REM
1597916041000,0,0,2020-08-20 09:34:01+00:00,par_15,2020-08-20,2020-08-20 04:39:01+00:00,2020-08-20 10:13:01+00:00,2.0,light
1597916341000,71,65,2020-08-20 09:39:01+00:00,par_15,2020-08-20,2020-08-20 04:39:01+00:00,2020-08-20 10:13:01+00:00,2.0,light
1597916641000,68,74,2020-08-20 09:44:01+00:00,par_15,2020-08-20,2020-08-20 04:39:01+00:00,2020-08-20 10:13:01+00:00,2.0,light
1597916941000,71,60,2020-08-20 09:49:01+00:00,par_15,2020-08-20,2020-08-20 04:39:01+00:00,2020-08-20 10:13:01+00:00,2.0,light
1597917241000,0,0,2020-08-20 09:54:01+00:00,par_15,2020-08-20,2020-08-20 04:39:01+00:00,2020-08-20 10:13:01+00:00,2.0,light
1597917541000,0,0,2020-08-20 09:59:01+00:00,par_15,2020-08-20,2020-08-20 04:39:01+00:00,2020-08-20 10:13:01+00:00,2.0,light
1597917841000,0,0,2020-08-20 10:04:01+00:00,par_15,2020-08-20,2020-08-20 04:39:01+00:00,2020-08-20 10:13:01+00:00,4.0,awake
1597918141000,0,0,2020-08-20 10:09:01+00:00,par_15,2020-08-20,2020-08-20 04:39:01+00:00,2020-08-20 10:13:01+00:00,4.0,awake
1598086889000,86,18,2020-08-22 09:01:29+00:00,par_15,2020-08-22,2020-08-22 09:01:29+00:00,2020-08-22 17:48:29+00:00,4.0,awake
1598087189000,87,22,2020-08-22 09:06:29+00:00,par_15,2020-08-22,2020-08-22 09:01:29+00:00,2020-08-22 17:48:29+00:00,2.0,light
1598087489000,81,30,2020-08-22 09:11:29+00:00,par_15,2020-08-22,2020-08-22 09:01:29+00:00,2020-08-22 17:48:29+00:00,2.0,light
1598087789000,77,42,2020-08-22 09:16:29+00:00,par_15,2020-08-22,2020-08-22 09:01:29+00:00,2020-08-22 17:48:29+00:00,2.0,light
1598088089000,76,38,2020-08-22 09:21:29+00:00,par_15,2020-08-22,2020-08-22 09:01:29+00:00,2020-08-22 17:48:29+00:00,2.0,light
1598088389000,76,37,2020-08-22 09:26:29+00:00,par_15,2020-08-22,2020-08-22 09:01:29+00:00,2020-08-22 17:48:29+00:00,2.0,light
1598088689000,78,34,2020-08-22 09:31:29+00:00,par_15,2020-08-22,2020-08-22 09:01:29+00:00,2020-08-22 17:48:29+00:00,1.0,deep
1598088989000,74,41,2020-08-22 09:36:29+00:00,par_15,2020-08-22,2020-08-22 09:01:29+00:00,2020-08-22 17:48:29+00:00,1.0,deep
1598089289000,75,35,2020-08-22 09:41:29+00:00,par_15,2020-08-22,2020-08-22 09:01:29+00:00,2020-08-22 17:48:29+00:00,1.0,deep
1598089589000,76,34,2020-08-22 09:46:29+00:00,par_15,2020-08-22,2020-08-22 09:01:29+00:00,2020-08-22 17:48:29+00:00,1.0,deep
1598089889000,76,31,2020-08-22 09:51:29+00:00,par_15,2020-08-22,2020-08-22 09:01:29+00:00,2020-08-22 17:48:29+00:00,1.0,deep
1598090189000,75,34,2020-08-22 09:56:29+00:00,par_15,2020-08-22,2020-08-22 09:01:29+00:00,2020-08-22 17:48:29+00:00,1.0,deep
1598090489000,79,34,2020-08-22 10:01:29+00:00,par_15,2020-08-22,2020-08-22 09:01:29+00:00,2020-08-22 17:48:29+00:00,1.0,deep
1598090789000,79,48,2020-08-22 10:06:29+00:00,par_15,2020-08-22,2020-08-22 09:01:29+00:00,2020-08-22 17:48:29+00:00,2.0,light
1598091089000,75,55,2020-08-22 10:11:29+00:00,par_15,2020-08-22,2020-08-22 09:01:29+00:00,2020-08-22 17:48:29+00:00,2.0,light
1598091389000,73,51,2020-08-22 10:16:29+00:00,par_15,2020-08-22,2020-08-22 09:01:29+00:00,2020-08-22 17:48:29+00:00,2.0,light
1598091689000,71,43,2020-08-22 10:21:29+00:00,par_15,2020-08-22,2020-08-22 09:01:29+00:00,2020-08-22 17:48:29+00:00,2.0,light
1598091989000,71,42,2020-08-22 10:26:29+00:00,par_15,2020-08-22,2020-08-22 09:01:29+00:00,2020-08-22 17:48:29+00:00,1.0,deep
1598092289000,70,51,2020-08-22 10:31:29+00:00,par_15,2020-08-22,2020-08-22 09:01:29+00:00,2020-08-22 17:48:29+00:00,1.0,deep
1598092589000,71,41,2020-08-22 10:36:29+00:00,par_15,2020-08-22,2020-08-22 09:01:29+00:00,2020-08-22 17:48:29+00:00,1.0,deep
1598092889000,70,47,2020-08-22 10:41:29+00:00,par_15,2020-08-22,2020-08-22 09:01:29+00:00,2020-08-22 17:48:29+00:00,1.0,deep
1598093189000,74,47,2020-08-22 10:46:29+00:00,par_15,2020-08-22,2020-08-22 09:01:29+00:00,2020-08-22 17:48:29+00:00,1.0,deep
1598093489000,73,57,2020-08-22 10:51:29+00:00,par_15,2020-08-22,2020-08-22 09:01:29+00:00,2020-08-22 17:48:29+00:00,2.0,light
1598093789000,70,61,2020-08-22 10:56:29+00:00,par_15,2020-08-22,2020-08-22 09:01:29+00:00,2020-08-22 17:48:29+00:00,2.0,light
1598094089000,72,40,2020-08-22 11:01:29+00:00,par_15,2020-08-22,2020-08-22 09:01:29+00:00,2020-08-22 17:48:29+00:00,1.0,deep
1598094389000,73,38,2020-08-22 11:06:29+00:00,par_15,2020-08-22,2020-08-22 09:01:29+00:00,2020-08-22 17:48:29+00:00,1.0,deep
1598094689000,75,33,2020-08-22 11:11:29+00:00,par_15,2020-08-22,2020-08-22 09:01:29+00:00,2020-08-22 17:48:29+00:00,1.0,deep
1598094989000,75,34,2020-08-22 11:16:29+00:00,par_15,2020-08-22,2020-08-22 09:01:29+00:00,2020-08-22 17:48:29+00:00,1.0,deep
1598095289000,75,30,2020-08-22 11:21:29+00:00,par_15,2020-08-22,2020-08-22 09:01:29+00:00,2020-08-22 17:48:29+00:00,1.0,deep
1598095589000,76,25,2020-08-22 11:26:29+00:00,par_15,2020-08-22,2020-08-22 09:01:29+00:00,2020-08-22 17:48:29+00:00,1.0,deep
1598095889000,76,28,2020-08-22 11:31:29+00:00,par_15,2020-08-22,2020-08-22 09:01:29+00:00,2020-08-22 17:48:29+00:00,1.0,deep
1598096189000,76,31,2020-08-22 11:36:29+00:00,par_15,2020-08-22,2020-08-22 09:01:29+00:00,2020-08-22 17:48:29+00:00,1.0,deep
1598096489000,82,25,2020-08-22 11:41:29+00:00,par_15,2020-08-22,2020-08-22 09:01:29+00:00,2020-08-22 17:48:29+00:00,1.0,deep
1598096789000,90,8,2020-08-22 11:46:29+00:00,par_15,2020-08-22,2020-08-22 09:01:29+00:00,2020-08-22 17:48:29+00:00,3.0,REM
1598097089000,88,14,2020-08-22 11:51:29+00:00,par_15,2020-08-22,2020-08-22 09:01:29+00:00,2020-08-22 17:48:29+00:00,3.0,REM
1598097389000,79,34,2020-08-22 11:56:29+00:00,par_15,2020-08-22,2020-08-22 09:01:29+00:00,2020-08-22 17:48:29+00:00,2.0,light
1598097689000,78,37,2020-08-22 12:01:29+00:00,par_15,2020-08-22,2020-08-22 09:01:29+00:00,2020-08-22 17:48:29+00:00,2.0,light
1598097989000,78,41,2020-08-22 12:06:29+00:00,par_15,2020-08-22,2020-08-22 09:01:29+00:00,2020-08-22 17:48:29+00:00,2.0,light
1598098289000,76,46,2020-08-22 12:11:29+00:00,par_15,2020-08-22,2020-08-22 09:01:29+00:00,2020-08-22 17:48:29+00:00,2.0,light
1598098589000,74,49,2020-08-22 12:16:29+00:00,par_15,2020-08-22,2020-08-22 09:01:29+00:00,2020-08-22 17:48:29+00:00,2.0,light
1598098889000,75,45,2020-08-22 12:21:29+00:00,par_15,2020-08-22,2020-08-22 09:01:29+00:00,2020-08-22 17:48:29+00:00,2.0,light
1598099189000,71,57,2020-08-22 12:26:29+00:00,par_15,2020-08-22,2020-08-22 09:01:29+00:00,2020-08-22 17:48:29+00:00,2.0,light
1598099489000,71,63,2020-08-22 12:31:29+00:00,par_15,2020-08-22,2020-08-22 09:01:29+00:00,2020-08-22 17:48:29+00:00,2.0,light
1598099789000,71,51,2020-08-22 12:36:29+00:00,par_15,2020-08-22,2020-08-22 09:01:29+00:00,2020-08-22 17:48:29+00:00,2.0,light
1598100089000,71,53,2020-08-22 12:41:29+00:00,par_15,2020-08-22,2020-08-22 09:01:29+00:00,2020-08-22 17:48:29+00:00,2.0,light
1598100389000,72,55,2020-08-22 12:46:29+00:00,par_15,2020-08-22,2020-08-22 09:01:29+00:00,2020-08-22 17:48:29+00:00,1.0,deep
1598100689000,72,50,2020-08-22 12:51:29+00:00,par_15,2020-08-22,2020-08-22 09:01:29+00:00,2020-08-22 17:48:29+00:00,1.0,deep
1598100989000,72,45,2020-08-22 12:56:29+00:00,par_15,2020-08-22,2020-08-22 09:01:29+00:00,2020-08-22 17:48:29+00:00,1.0,deep
1598101289000,73,41,2020-08-22 13:01:29+00:00,par_15,2020-08-22,2020-08-22 09:01:29+00:00,2020-08-22 17:48:29+00:00,1.0,deep
1598101589000,75,38,2020-08-22 13:06:29+00:00,par_15,2020-08-22,2020-08-22 09:01:29+00:00,2020-08-22 17:48:29+00:00,1.0,deep
1598101889000,78,52,2020-08-22 13:11:29+00:00,par_15,2020-08-22,2020-08-22 09:01:29+00:00,2020-08-22 17:48:29+00:00,2.0,light
1598102189000,68,64,2020-08-22 13:16:29+00:00,par_15,2020-08-22,2020-08-22 09:01:29+00:00,2020-08-22 17:48:29+00:00,2.0,light
1598102489000,70,63,2020-08-22 13:21:29+00:00,par_15,2020-08-22,2020-08-22 09:01:29+00:00,2020-08-22 17:48:29+00:00,2.0,light
1598102789000,70,66,2020-08-22 13:26:29+00:00,par_15,2020-08-22,2020-08-22 09:01:29+00:00,2020-08-22 17:48:29+00:00,2.0,light
1598103089000,72,61,2020-08-22 13:31:29+00:00,par_15,2020-08-22,2020-08-22 09:01:29+00:00,2020-08-22 17:48:29+00:00,2.0,light
1598103389000,74,48,2020-08-22 13:36:29+00:00,par_15,2020-08-22,2020-08-22 09:01:29+00:00,2020-08-22 17:48:29+00:00,2.0,light
1598103689000,81,26,2020-08-22 13:41:29+00:00,par_15,2020-08-22,2020-08-22 09:01:29+00:00,2020-08-22 17:48:29+00:00,3.0,REM
1598103989000,77,40,2020-08-22 13:46:29+00:00,par_15,2020-08-22,2020-08-22 09:01:29+00:00,2020-08-22 17:48:29+00:00,3.0,REM
1598104289000,75,45,2020-08-22 13:51:29+00:00,par_15,2020-08-22,2020-08-22 09:01:29+00:00,2020-08-22 17:48:29+00:00,2.0,light
1598104589000,78,37,2020-08-22 13:56:29+00:00,par_15,2020-08-22,2020-08-22 09:01:29+00:00,2020-08-22 17:48:29+00:00,3.0,REM
1598104889000,0,0,2020-08-22 14:01:29+00:00,par_15,2020-08-22,2020-08-22 09:01:29+00:00,2020-08-22 17:48:29+00:00,2.0,light
1598105189000,0,0,2020-08-22 14:06:29+00:00,par_15,2020-08-22,2020-08-22 09:01:29+00:00,2020-08-22 17:48:29+00:00,2.0,light
1598105489000,0,0,2020-08-22 14:11:29+00:00,par_15,2020-08-22,2020-08-22 09:01:29+00:00,2020-08-22 17:48:29+00:00,1.0,deep
1598105789000,0,0,2020-08-22 14:16:29+00:00,par_15,2020-08-22,2020-08-22 09:01:29+00:00,2020-08-22 17:48:29+00:00,3.0,REM
1598106089000,78,42,2020-08-22 14:21:29+00:00,par_15,2020-08-22,2020-08-22 09:01:29+00:00,2020-08-22 17:48:29+00:00,3.0,REM
1598106389000,74,61,2020-08-22 14:26:29+00:00,par_15,2020-08-22,2020-08-22 09:01:29+00:00,2020-08-22 17:48:29+00:00,2.0,light
1598106689000,76,43,2020-08-22 14:31:29+00:00,par_15,2020-08-22,2020-08-22 09:01:29+00:00,2020-08-22 17:48:29+00:00,2.0,light
1598106989000,0,0,2020-08-22 14:36:29+00:00,par_15,2020-08-22,2020-08-22 09:01:29+00:00,2020-08-22 17:48:29+00:00,1.0,deep
1598107289000,0,0,2020-08-22 14:41:29+00:00,par_15,2020-08-22,2020-08-22 09:01:29+00:00,2020-08-22 17:48:29+00:00,3.0,REM
1598107589000,81,24,2020-08-22 14:46:29+00:00,par_15,2020-08-22,2020-08-22 09:01:29+00:00,2020-08-22 17:48:29+00:00,3.0,REM
1598107889000,0,0,2020-08-22 14:51:29+00:00,par_15,2020-08-22,2020-08-22 09:01:29+00:00,2020-08-22 17:48:29+00:00,3.0,REM
1598108189000,81,30,2020-08-22 14:56:29+00:00,par_15,2020-08-22,2020-08-22 09:01:29+00:00,2020-08-22 17:48:29+00:00,2.0,light
1598108489000,81,25,2020-08-22 15:01:29+00:00,par_15,2020-08-22,2020-08-22 09:01:29+00:00,2020-08-22 17:48:29+00:00,3.0,REM
1598108789000,81,27,2020-08-22 15:06:29+00:00,par_15,2020-08-22,2020-08-22 09:01:29+00:00,2020-08-22 17:48:29+00:00,3.0,REM
1598109089000,79,30,2020-08-22 15:11:29+00:00,par_15,2020-08-22,2020-08-22 09:01:29+00:00,2020-08-22 17:48:29+00:00,3.0,REM
1598109389000,76,43,2020-08-22 15:16:29+00:00,par_15,2020-08-22,2020-08-22 09:01:29+00:00,2020-08-22 17:48:29+00:00,2.0,light
1598109689000,77,42,2020-08-22 15:21:29+00:00,par_15,2020-08-22,2020-08-22 09:01:29+00:00,2020-08-22 17:48:29+00:00,2.0,light
1598109989000,72,59,2020-08-22 15:26:29+00:00,par_15,2020-08-22,2020-08-22 09:01:29+00:00,2020-08-22 17:48:29+00:00,2.0,light
1598110289000,74,49,2020-08-22 15:31:29+00:00,par_15,2020-08-22,2020-08-22 09:01:29+00:00,2020-08-22 17:48:29+00:00,2.0,light
1598110589000,0,0,2020-08-22 15:36:29+00:00,par_15,2020-08-22,2020-08-22 09:01:29+00:00,2020-08-22 17:48:29+00:00,2.0,light
1598110889000,0,0,2020-08-22 15:41:29+00:00,par_15,2020-08-22,2020-08-22 09:01:29+00:00,2020-08-22 17:48:29+00:00,4.0,awake
1598111189000,0,0,2020-08-22 15:46:29+00:00,par_15,2020-08-22,2020-08-22 09:01:29+00:00,2020-08-22 17:48:29+00:00,2.0,light
1598111489000,0,0,2020-08-22 15:51:29+00:00,par_15,2020-08-22,2020-08-22 09:01:29+00:00,2020-08-22 17:48:29+00:00,3.0,REM
1598111789000,0,0,2020-08-22 15:56:29+00:00,par_15,2020-08-22,2020-08-22 09:01:29+00:00,2020-08-22 17:48:29+00:00,3.0,REM
1598112089000,0,0,2020-08-22 16:01:29+00:00,par_15,2020-08-22,2020-08-22 09:01:29+00:00,2020-08-22 17:48:29+00:00,3.0,REM
1598112389000,0,0,2020-08-22 16:06:29+00:00,par_15,2020-08-22,2020-08-22 09:01:29+00:00,2020-08-22 17:48:29+00:00,3.0,REM
1598112689000,0,0,2020-08-22 16:11:29+00:00,par_15,2020-08-22,2020-08-22 09:01:29+00:00,2020-08-22 17:48:29+00:00,3.0,REM
1598112989000,0,0,2020-08-22 16:16:29+00:00,par_15,2020-08-22,2020-08-22 09:01:29+00:00,2020-08-22 17:48:29+00:00,3.0,REM
1598113289000,0,0,2020-08-22 16:21:29+00:00,par_15,2020-08-22,2020-08-22 09:01:29+00:00,2020-08-22 17:48:29+00:00,3.0,REM
1598113589000,0,0,2020-08-22 16:26:29+00:00,par_15,2020-08-22,2020-08-22 09:01:29+00:00,2020-08-22 17:48:29+00:00,3.0,REM
1598113889000,79,36,2020-08-22 16:31:29+00:00,par_15,2020-08-22,2020-08-22 09:01:29+00:00,2020-08-22 17:48:29+00:00,2.0,light
1598114189000,78,46,2020-08-22 16:36:29+00:00,par_15,2020-08-22,2020-08-22 09:01:29+00:00,2020-08-22 17:48:29+00:00,2.0,light
1598114489000,0,0,2020-08-22 16:41:29+00:00,par_15,2020-08-22,2020-08-22 09:01:29+00:00,2020-08-22 17:48:29+00:00,3.0,REM
1598114789000,0,0,2020-08-22 16:46:29+00:00,par_15,2020-08-22,2020-08-22 09:01:29+00:00,2020-08-22 17:48:29+00:00,3.0,REM
1598115089000,0,0,2020-08-22 16:51:29+00:00,par_15,2020-08-22,2020-08-22 09:01:29+00:00,2020-08-22 17:48:29+00:00,3.0,REM
1598115389000,0,0,2020-08-22 16:56:29+00:00,par_15,2020-08-22,2020-08-22 09:01:29+00:00,2020-08-22 17:48:29+00:00,3.0,REM
1598115689000,0,0,2020-08-22 17:01:29+00:00,par_15,2020-08-22,2020-08-22 09:01:29+00:00,2020-08-22 17:48:29+00:00,3.0,REM
1598115989000,0,0,2020-08-22 17:06:29+00:00,par_15,2020-08-22,2020-08-22 09:01:29+00:00,2020-08-22 17:48:29+00:00,4.0,awake
1598116289000,83,27,2020-08-22 17:11:29+00:00,par_15,2020-08-22,2020-08-22 09:01:29+00:00,2020-08-22 17:48:29+00:00,4.0,awake
1598116589000,0,0,2020-08-22 17:16:29+00:00,par_15,2020-08-22,2020-08-22 09:01:29+00:00,2020-08-22 17:48:29+00:00,2.0,light
1598116889000,0,0,2020-08-22 17:21:29+00:00,par_15,2020-08-22,2020-08-22 09:01:29+00:00,2020-08-22 17:48:29+00:00,2.0,light
1598117189000,0,0,2020-08-22 17:26:29+00:00,par_15,2020-08-22,2020-08-22 09:01:29+00:00,2020-08-22 17:48:29+00:00,2.0,light
1598117489000,74,49,2020-08-22 17:31:29+00:00,par_15,2020-08-22,2020-08-22 09:01:29+00:00,2020-08-22 17:48:29+00:00,2.0,light
1598117789000,72,51,2020-08-22 17:36:29+00:00,par_15,2020-08-22,2020-08-22 09:01:29+00:00,2020-08-22 17:48:29+00:00,2.0,light
1598118089000,0,0,2020-08-22 17:41:29+00:00,par_15,2020-08-22,2020-08-22 09:01:29+00:00,2020-08-22 17:48:29+00:00,4.0,awake
1598118389000,0,0,2020-08-22 17:46:29+00:00,par_15,2020-08-22,2020-08-22 09:01:29+00:00,2020-08-22 17:48:29+00:00,4.0,awake
1598164291000,78,36,2020-08-23 06:31:31+00:00,par_15,2020-08-23,2020-08-23 06:31:31+00:00,2020-08-23 11:00:31+00:00,2.0,light
1598164591000,76,40,2020-08-23 06:36:31+00:00,par_15,2020-08-23,2020-08-23 06:31:31+00:00,2020-08-23 11:00:31+00:00,2.0,light
1598164891000,77,36,2020-08-23 06:41:31+00:00,par_15,2020-08-23,2020-08-23 06:31:31+00:00,2020-08-23 11:00:31+00:00,1.0,deep
1598165191000,78,30,2020-08-23 06:46:31+00:00,par_15,2020-08-23,2020-08-23 06:31:31+00:00,2020-08-23 11:00:31+00:00,1.0,deep
1598165491000,79,28,2020-08-23 06:51:31+00:00,par_15,2020-08-23,2020-08-23 06:31:31+00:00,2020-08-23 11:00:31+00:00,1.0,deep
1598165791000,80,24,2020-08-23 06:56:31+00:00,par_15,2020-08-23,2020-08-23 06:31:31+00:00,2020-08-23 11:00:31+00:00,1.0,deep
1598166091000,84,22,2020-08-23 07:01:31+00:00,par_15,2020-08-23,2020-08-23 06:31:31+00:00,2020-08-23 11:00:31+00:00,1.0,deep
1598166391000,83,30,2020-08-23 07:06:31+00:00,par_15,2020-08-23,2020-08-23 06:31:31+00:00,2020-08-23 11:00:31+00:00,4.0,awake
1598166691000,80,33,2020-08-23 07:11:31+00:00,par_15,2020-08-23,2020-08-23 06:31:31+00:00,2020-08-23 11:00:31+00:00,4.0,awake
1598166991000,83,19,2020-08-23 07:16:31+00:00,par_15,2020-08-23,2020-08-23 06:31:31+00:00,2020-08-23 11:00:31+00:00,2.0,light
1598167291000,82,32,2020-08-23 07:21:31+00:00,par_15,2020-08-23,2020-08-23 06:31:31+00:00,2020-08-23 11:00:31+00:00,2.0,light
1598167591000,81,21,2020-08-23 07:26:31+00:00,par_15,2020-08-23,2020-08-23 06:31:31+00:00,2020-08-23 11:00:31+00:00,2.0,light
1598167891000,81,18,2020-08-23 07:31:31+00:00,par_15,2020-08-23,2020-08-23 06:31:31+00:00,2020-08-23 11:00:31+00:00,1.0,deep
1598168191000,81,19,2020-08-23 07:36:31+00:00,par_15,2020-08-23,2020-08-23 06:31:31+00:00,2020-08-23 11:00:31+00:00,1.0,deep
1598168491000,81,17,2020-08-23 07:41:31+00:00,par_15,2020-08-23,2020-08-23 06:31:31+00:00,2020-08-23 11:00:31+00:00,1.0,deep
1598168791000,82,17,2020-08-23 07:46:31+00:00,par_15,2020-08-23,2020-08-23 06:31:31+00:00,2020-08-23 11:00:31+00:00,1.0,deep
1598169091000,81,19,2020-08-23 07:51:31+00:00,par_15,2020-08-23,2020-08-23 06:31:31+00:00,2020-08-23 11:00:31+00:00,1.0,deep
1598169391000,83,22,2020-08-23 07:56:31+00:00,par_15,2020-08-23,2020-08-23 06:31:31+00:00,2020-08-23 11:00:31+00:00,1.0,deep
1598169691000,80,36,2020-08-23 08:01:31+00:00,par_15,2020-08-23,2020-08-23 06:31:31+00:00,2020-08-23 11:00:31+00:00,4.0,awake
1598169991000,73,50,2020-08-23 08:06:31+00:00,par_15,2020-08-23,2020-08-23 06:31:31+00:00,2020-08-23 11:00:31+00:00,2.0,light
1598170291000,79,26,2020-08-23 08:11:31+00:00,par_15,2020-08-23,2020-08-23 06:31:31+00:00,2020-08-23 11:00:31+00:00,2.0,light
1598170591000,82,16,2020-08-23 08:16:31+00:00,par_15,2020-08-23,2020-08-23 06:31:31+00:00,2020-08-23 11:00:31+00:00,3.0,REM
1598170891000,78,37,2020-08-23 08:21:31+00:00,par_15,2020-08-23,2020-08-23 06:31:31+00:00,2020-08-23 11:00:31+00:00,2.0,light
1598171191000,76,42,2020-08-23 08:26:31+00:00,par_15,2020-08-23,2020-08-23 06:31:31+00:00,2020-08-23 11:00:31+00:00,2.0,light
1598171491000,79,30,2020-08-23 08:31:31+00:00,par_15,2020-08-23,2020-08-23 06:31:31+00:00,2020-08-23 11:00:31+00:00,2.0,light
1598171791000,74,58,2020-08-23 08:36:31+00:00,par_15,2020-08-23,2020-08-23 06:31:31+00:00,2020-08-23 11:00:31+00:00,2.0,light
1598172091000,74,46,2020-08-23 08:41:31+00:00,par_15,2020-08-23,2020-08-23 06:31:31+00:00,2020-08-23 11:00:31+00:00,2.0,light
1598172391000,71,51,2020-08-23 08:46:31+00:00,par_15,2020-08-23,2020-08-23 06:31:31+00:00,2020-08-23 11:00:31+00:00,2.0,light
1598172691000,70,54,2020-08-23 08:51:31+00:00,par_15,2020-08-23,2020-08-23 06:31:31+00:00,2020-08-23 11:00:31+00:00,2.0,light
1598172991000,72,40,2020-08-23 08:56:31+00:00,par_15,2020-08-23,2020-08-23 06:31:31+00:00,2020-08-23 11:00:31+00:00,1.0,deep
1598173291000,72,46,2020-08-23 09:01:31+00:00,par_15,2020-08-23,2020-08-23 06:31:31+00:00,2020-08-23 11:00:31+00:00,1.0,deep
1598173591000,72,50,2020-08-23 09:06:31+00:00,par_15,2020-08-23,2020-08-23 06:31:31+00:00,2020-08-23 11:00:31+00:00,1.0,deep
1598173891000,72,43,2020-08-23 09:11:31+00:00,par_15,2020-08-23,2020-08-23 06:31:31+00:00,2020-08-23 11:00:31+00:00,1.0,deep
1598174191000,73,36,2020-08-23 09:16:31+00:00,par_15,2020-08-23,2020-08-23 06:31:31+00:00,2020-08-23 11:00:31+00:00,1.0,deep
1598174491000,73,42,2020-08-23 09:21:31+00:00,par_15,2020-08-23,2020-08-23 06:31:31+00:00,2020-08-23 11:00:31+00:00,1.0,deep
1598174791000,73,42,2020-08-23 09:26:31+00:00,par_15,2020-08-23,2020-08-23 06:31:31+00:00,2020-08-23 11:00:31+00:00,1.0,deep
1598175091000,76,47,2020-08-23 09:31:31+00:00,par_15,2020-08-23,2020-08-23 06:31:31+00:00,2020-08-23 11:00:31+00:00,1.0,deep
1598175391000,73,52,2020-08-23 09:36:31+00:00,par_15,2020-08-23,2020-08-23 06:31:31+00:00,2020-08-23 11:00:31+00:00,2.0,light
1598175691000,83,13,2020-08-23 09:41:31+00:00,par_15,2020-08-23,2020-08-23 06:31:31+00:00,2020-08-23 11:00:31+00:00,2.0,light
1598175991000,80,22,2020-08-23 09:46:31+00:00,par_15,2020-08-23,2020-08-23 06:31:31+00:00,2020-08-23 11:00:31+00:00,3.0,REM
1598176291000,77,38,2020-08-23 09:51:31+00:00,par_15,2020-08-23,2020-08-23 06:31:31+00:00,2020-08-23 11:00:31+00:00,2.0,light
1598176591000,75,41,2020-08-23 09:56:31+00:00,par_15,2020-08-23,2020-08-23 06:31:31+00:00,2020-08-23 11:00:31+00:00,2.0,light
1598176891000,75,37,2020-08-23 10:01:31+00:00,par_15,2020-08-23,2020-08-23 06:31:31+00:00,2020-08-23 11:00:31+00:00,2.0,light
1598177191000,75,41,2020-08-23 10:06:31+00:00,par_15,2020-08-23,2020-08-23 06:31:31+00:00,2020-08-23 11:00:31+00:00,1.0,deep
1598177491000,71,49,2020-08-23 10:11:31+00:00,par_15,2020-08-23,2020-08-23 06:31:31+00:00,2020-08-23 11:00:31+00:00,2.0,light
1598177791000,72,45,2020-08-23 10:16:31+00:00,par_15,2020-08-23,2020-08-23 06:31:31+00:00,2020-08-23 11:00:31+00:00,1.0,deep
1598178091000,72,43,2020-08-23 10:21:31+00:00,par_15,2020-08-23,2020-08-23 06:31:31+00:00,2020-08-23 11:00:31+00:00,1.0,deep
1598178391000,73,43,2020-08-23 10:26:31+00:00,par_15,2020-08-23,2020-08-23 06:31:31+00:00,2020-08-23 11:00:31+00:00,1.0,deep
1598178691000,74,42,2020-08-23 10:31:31+00:00,par_15,2020-08-23,2020-08-23 06:31:31+00:00,2020-08-23 11:00:31+00:00,1.0,deep
1598178991000,74,60,2020-08-23 10:36:31+00:00,par_15,2020-08-23,2020-08-23 06:31:31+00:00,2020-08-23 11:00:31+00:00,2.0,light
1598179291000,72,54,2020-08-23 10:41:31+00:00,par_15,2020-08-23,2020-08-23 06:31:31+00:00,2020-08-23 11:00:31+00:00,2.0,light
1598179591000,76,43,2020-08-23 10:46:31+00:00,par_15,2020-08-23,2020-08-23 06:31:31+00:00,2020-08-23 11:00:31+00:00,2.0,light
1598179891000,82,37,2020-08-23 10:51:31+00:00,par_15,2020-08-23,2020-08-23 06:31:31+00:00,2020-08-23 11:00:31+00:00,3.0,REM
1598180191000,0,0,2020-08-23 10:56:31+00:00,par_15,2020-08-23,2020-08-23 06:31:31+00:00,2020-08-23 11:00:31+00:00,4.0,awake
1598246429000,0,0,2020-08-24 05:20:29+00:00,par_15,2020-08-24,2020-08-24 05:20:29+00:00,2020-08-24 12:55:29+00:00,2.0,light
1598246729000,85,18,2020-08-24 05:25:29+00:00,par_15,2020-08-24,2020-08-24 05:20:29+00:00,2020-08-24 12:55:29+00:00,4.0,awake
1598247029000,79,31,2020-08-24 05:30:29+00:00,par_15,2020-08-24,2020-08-24 05:20:29+00:00,2020-08-24 12:55:29+00:00,4.0,awake
1598247329000,74,44,2020-08-24 05:35:29+00:00,par_15,2020-08-24,2020-08-24 05:20:29+00:00,2020-08-24 12:55:29+00:00,2.0,light
1598247629000,75,40,2020-08-24 05:40:29+00:00,par_15,2020-08-24,2020-08-24 05:20:29+00:00,2020-08-24 12:55:29+00:00,1.0,deep
1598247929000,74,40,2020-08-24 05:45:29+00:00,par_15,2020-08-24,2020-08-24 05:20:29+00:00,2020-08-24 12:55:29+00:00,1.0,deep
1598248229000,75,39,2020-08-24 05:50:29+00:00,par_15,2020-08-24,2020-08-24 05:20:29+00:00,2020-08-24 12:55:29+00:00,1.0,deep
1598248529000,76,36,2020-08-24 05:55:29+00:00,par_15,2020-08-24,2020-08-24 05:20:29+00:00,2020-08-24 12:55:29+00:00,1.0,deep
1598248829000,76,53,2020-08-24 06:00:29+00:00,par_15,2020-08-24,2020-08-24 05:20:29+00:00,2020-08-24 12:55:29+00:00,2.0,light
1598249129000,75,45,2020-08-24 06:05:29+00:00,par_15,2020-08-24,2020-08-24 05:20:29+00:00,2020-08-24 12:55:29+00:00,2.0,light
1598249429000,75,38,2020-08-24 06:10:29+00:00,par_15,2020-08-24,2020-08-24 05:20:29+00:00,2020-08-24 12:55:29+00:00,2.0,light
1598249729000,76,35,2020-08-24 06:15:29+00:00,par_15,2020-08-24,2020-08-24 05:20:29+00:00,2020-08-24 12:55:29+00:00,1.0,deep
1598250029000,76,33,2020-08-24 06:20:29+00:00,par_15,2020-08-24,2020-08-24 05:20:29+00:00,2020-08-24 12:55:29+00:00,1.0,deep
1598250329000,77,29,2020-08-24 06:25:29+00:00,par_15,2020-08-24,2020-08-24 05:20:29+00:00,2020-08-24 12:55:29+00:00,1.0,deep
1598250629000,79,34,2020-08-24 06:30:29+00:00,par_15,2020-08-24,2020-08-24 05:20:29+00:00,2020-08-24 12:55:29+00:00,1.0,deep
1598250929000,76,42,2020-08-24 06:35:29+00:00,par_15,2020-08-24,2020-08-24 05:20:29+00:00,2020-08-24 12:55:29+00:00,2.0,light
1598251229000,75,50,2020-08-24 06:40:29+00:00,par_15,2020-08-24,2020-08-24 05:20:29+00:00,2020-08-24 12:55:29+00:00,2.0,light
1598251529000,81,28,2020-08-24 06:45:29+00:00,par_15,2020-08-24,2020-08-24 05:20:29+00:00,2020-08-24 12:55:29+00:00,2.0,light
1598251829000,84,27,2020-08-24 06:50:29+00:00,par_15,2020-08-24,2020-08-24 05:20:29+00:00,2020-08-24 12:55:29+00:00,3.0,REM
1598252129000,83,22,2020-08-24 06:55:29+00:00,par_15,2020-08-24,2020-08-24 05:20:29+00:00,2020-08-24 12:55:29+00:00,3.0,REM
1598252429000,0,0,2020-08-24 07:00:29+00:00,par_15,2020-08-24,2020-08-24 05:20:29+00:00,2020-08-24 12:55:29+00:00,1.0,deep
1598252729000,0,0,2020-08-24 07:05:29+00:00,par_15,2020-08-24,2020-08-24 05:20:29+00:00,2020-08-24 12:55:29+00:00,2.0,light
1598253029000,0,0,2020-08-24 07:10:29+00:00,par_15,2020-08-24,2020-08-24 05:20:29+00:00,2020-08-24 12:55:29+00:00,2.0,light
1598253329000,0,0,2020-08-24 07:15:29+00:00,par_15,2020-08-24,2020-08-24 05:20:29+00:00,2020-08-24 12:55:29+00:00,1.0,deep
1598253629000,0,0,2020-08-24 07:20:29+00:00,par_15,2020-08-24,2020-08-24 05:20:29+00:00,2020-08-24 12:55:29+00:00,1.0,deep
1598253929000,0,0,2020-08-24 07:25:29+00:00,par_15,2020-08-24,2020-08-24 05:20:29+00:00,2020-08-24 12:55:29+00:00,3.0,REM
1598254229000,0,0,2020-08-24 07:30:29+00:00,par_15,2020-08-24,2020-08-24 05:20:29+00:00,2020-08-24 12:55:29+00:00,1.0,deep
1598254529000,0,0,2020-08-24 07:35:29+00:00,par_15,2020-08-24,2020-08-24 05:20:29+00:00,2020-08-24 12:55:29+00:00,1.0,deep
1598254829000,0,0,2020-08-24 07:40:29+00:00,par_15,2020-08-24,2020-08-24 05:20:29+00:00,2020-08-24 12:55:29+00:00,1.0,deep
1598255129000,0,0,2020-08-24 07:45:29+00:00,par_15,2020-08-24,2020-08-24 05:20:29+00:00,2020-08-24 12:55:29+00:00,2.0,light
1598255429000,0,0,2020-08-24 07:50:29+00:00,par_15,2020-08-24,2020-08-24 05:20:29+00:00,2020-08-24 12:55:29+00:00,3.0,REM
1598255729000,0,0,2020-08-24 07:55:29+00:00,par_15,2020-08-24,2020-08-24 05:20:29+00:00,2020-08-24 12:55:29+00:00,1.0,deep
1598256029000,77,39,2020-08-24 08:00:29+00:00,par_15,2020-08-24,2020-08-24 05:20:29+00:00,2020-08-24 12:55:29+00:00,4.0,awake
1598256329000,72,45,2020-08-24 08:05:29+00:00,par_15,2020-08-24,2020-08-24 05:20:29+00:00,2020-08-24 12:55:29+00:00,2.0,light
1598256629000,0,0,2020-08-24 08:10:29+00:00,par_15,2020-08-24,2020-08-24 05:20:29+00:00,2020-08-24 12:55:29+00:00,2.0,light
1598256929000,0,0,2020-08-24 08:15:29+00:00,par_15,2020-08-24,2020-08-24 05:20:29+00:00,2020-08-24 12:55:29+00:00,2.0,light
1598257229000,0,0,2020-08-24 08:20:29+00:00,par_15,2020-08-24,2020-08-24 05:20:29+00:00,2020-08-24 12:55:29+00:00,3.0,REM
1598257529000,73,46,2020-08-24 08:25:29+00:00,par_15,2020-08-24,2020-08-24 05:20:29+00:00,2020-08-24 12:55:29+00:00,2.0,light
1598257829000,70,55,2020-08-24 08:30:29+00:00,par_15,2020-08-24,2020-08-24 05:20:29+00:00,2020-08-24 12:55:29+00:00,2.0,light
1598258129000,72,44,2020-08-24 08:35:29+00:00,par_15,2020-08-24,2020-08-24 05:20:29+00:00,2020-08-24 12:55:29+00:00,2.0,light
1598258429000,73,44,2020-08-24 08:40:29+00:00,par_15,2020-08-24,2020-08-24 05:20:29+00:00,2020-08-24 12:55:29+00:00,2.0,light
1598258729000,73,45,2020-08-24 08:45:29+00:00,par_15,2020-08-24,2020-08-24 05:20:29+00:00,2020-08-24 12:55:29+00:00,1.0,deep
1598259029000,80,23,2020-08-24 08:50:29+00:00,par_15,2020-08-24,2020-08-24 05:20:29+00:00,2020-08-24 12:55:29+00:00,1.0,deep
1598259329000,82,23,2020-08-24 08:55:29+00:00,par_15,2020-08-24,2020-08-24 05:20:29+00:00,2020-08-24 12:55:29+00:00,3.0,REM
1598259629000,84,25,2020-08-24 09:00:29+00:00,par_15,2020-08-24,2020-08-24 05:20:29+00:00,2020-08-24 12:55:29+00:00,3.0,REM
1598259929000,77,37,2020-08-24 09:05:29+00:00,par_15,2020-08-24,2020-08-24 05:20:29+00:00,2020-08-24 12:55:29+00:00,3.0,REM
1598260229000,0,0,2020-08-24 09:10:29+00:00,par_15,2020-08-24,2020-08-24 05:20:29+00:00,2020-08-24 12:55:29+00:00,3.0,REM
1598260529000,0,0,2020-08-24 09:15:29+00:00,par_15,2020-08-24,2020-08-24 05:20:29+00:00,2020-08-24 12:55:29+00:00,3.0,REM
1598260829000,76,43,2020-08-24 09:20:29+00:00,par_15,2020-08-24,2020-08-24 05:20:29+00:00,2020-08-24 12:55:29+00:00,2.0,light
1598261129000,75,45,2020-08-24 09:25:29+00:00,par_15,2020-08-24,2020-08-24 05:20:29+00:00,2020-08-24 12:55:29+00:00,2.0,light
1598261429000,76,43,2020-08-24 09:30:29+00:00,par_15,2020-08-24,2020-08-24 05:20:29+00:00,2020-08-24 12:55:29+00:00,2.0,light
1598261729000,86,28,2020-08-24 09:35:29+00:00,par_15,2020-08-24,2020-08-24 05:20:29+00:00,2020-08-24 12:55:29+00:00,2.0,light
1598262029000,76,42,2020-08-24 09:40:29+00:00,par_15,2020-08-24,2020-08-24 05:20:29+00:00,2020-08-24 12:55:29+00:00,2.0,light
1598262329000,73,57,2020-08-24 09:45:29+00:00,par_15,2020-08-24,2020-08-24 05:20:29+00:00,2020-08-24 12:55:29+00:00,2.0,light
1598262629000,72,48,2020-08-24 09:50:29+00:00,par_15,2020-08-24,2020-08-24 05:20:29+00:00,2020-08-24 12:55:29+00:00,2.0,light
1598262929000,72,60,2020-08-24 09:55:29+00:00,par_15,2020-08-24,2020-08-24 05:20:29+00:00,2020-08-24 12:55:29+00:00,2.0,light
1598263229000,73,46,2020-08-24 10:00:29+00:00,par_15,2020-08-24,2020-08-24 05:20:29+00:00,2020-08-24 12:55:29+00:00,2.0,light
1598263529000,73,56,2020-08-24 10:05:29+00:00,par_15,2020-08-24,2020-08-24 05:20:29+00:00,2020-08-24 12:55:29+00:00,1.0,deep
1598263829000,69,56,2020-08-24 10:10:29+00:00,par_15,2020-08-24,2020-08-24 05:20:29+00:00,2020-08-24 12:55:29+00:00,2.0,light
1598264129000,71,50,2020-08-24 10:15:29+00:00,par_15,2020-08-24,2020-08-24 05:20:29+00:00,2020-08-24 12:55:29+00:00,2.0,light
1598264429000,73,44,2020-08-24 10:20:29+00:00,par_15,2020-08-24,2020-08-24 05:20:29+00:00,2020-08-24 12:55:29+00:00,1.0,deep
1598264729000,73,42,2020-08-24 10:25:29+00:00,par_15,2020-08-24,2020-08-24 05:20:29+00:00,2020-08-24 12:55:29+00:00,1.0,deep
1598265029000,74,41,2020-08-24 10:30:29+00:00,par_15,2020-08-24,2020-08-24 05:20:29+00:00,2020-08-24 12:55:29+00:00,2.0,light
1598265329000,74,55,2020-08-24 10:35:29+00:00,par_15,2020-08-24,2020-08-24 05:20:29+00:00,2020-08-24 12:55:29+00:00,1.0,deep
1598265629000,74,54,2020-08-24 10:40:29+00:00,par_15,2020-08-24,2020-08-24 05:20:29+00:00,2020-08-24 12:55:29+00:00,2.0,light
1598265929000,73,65,2020-08-24 10:45:29+00:00,par_15,2020-08-24,2020-08-24 05:20:29+00:00,2020-08-24 12:55:29+00:00,2.0,light
1598266229000,73,56,2020-08-24 10:50:29+00:00,par_15,2020-08-24,2020-08-24 05:20:29+00:00,2020-08-24 12:55:29+00:00,2.0,light
1598266529000,78,37,2020-08-24 10:55:29+00:00,par_15,2020-08-24,2020-08-24 05:20:29+00:00,2020-08-24 12:55:29+00:00,2.0,light
1598266829000,80,36,2020-08-24 11:00:29+00:00,par_15,2020-08-24,2020-08-24 05:20:29+00:00,2020-08-24 12:55:29+00:00,3.0,REM
1598267129000,80,27,2020-08-24 11:05:29+00:00,par_15,2020-08-24,2020-08-24 05:20:29+00:00,2020-08-24 12:55:29+00:00,2.0,light
1598267429000,0,0,2020-08-24 11:10:29+00:00,par_15,2020-08-24,2020-08-24 05:20:29+00:00,2020-08-24 12:55:29+00:00,2.0,light
1598267729000,0,0,2020-08-24 11:15:29+00:00,par_15,2020-08-24,2020-08-24 05:20:29+00:00,2020-08-24 12:55:29+00:00,1.0,deep
1598268029000,0,0,2020-08-24 11:20:29+00:00,par_15,2020-08-24,2020-08-24 05:20:29+00:00,2020-08-24 12:55:29+00:00,1.0,deep
1598268329000,0,0,2020-08-24 11:25:29+00:00,par_15,2020-08-24,2020-08-24 05:20:29+00:00,2020-08-24 12:55:29+00:00,2.0,light
1598268629000,0,0,2020-08-24 11:30:29+00:00,par_15,2020-08-24,2020-08-24 05:20:29+00:00,2020-08-24 12:55:29+00:00,3.0,REM
1598268929000,0,0,2020-08-24 11:35:29+00:00,par_15,2020-08-24,2020-08-24 05:20:29+00:00,2020-08-24 12:55:29+00:00,3.0,REM
1598269229000,0,0,2020-08-24 11:40:29+00:00,par_15,2020-08-24,2020-08-24 05:20:29+00:00,2020-08-24 12:55:29+00:00,3.0,REM
1598269529000,0,0,2020-08-24 11:45:29+00:00,par_15,2020-08-24,2020-08-24 05:20:29+00:00,2020-08-24 12:55:29+00:00,3.0,REM
1598269829000,0,0,2020-08-24 11:50:29+00:00,par_15,2020-08-24,2020-08-24 05:20:29+00:00,2020-08-24 12:55:29+00:00,3.0,REM
1598270129000,77,34,2020-08-24 11:55:29+00:00,par_15,2020-08-24,2020-08-24 05:20:29+00:00,2020-08-24 12:55:29+00:00,3.0,REM
1598270429000,76,46,2020-08-24 12:00:29+00:00,par_15,2020-08-24,2020-08-24 05:20:29+00:00,2020-08-24 12:55:29+00:00,3.0,REM
1598270729000,71,59,2020-08-24 12:05:29+00:00,par_15,2020-08-24,2020-08-24 05:20:29+00:00,2020-08-24 12:55:29+00:00,2.0,light
1598271029000,69,61,2020-08-24 12:10:29+00:00,par_15,2020-08-24,2020-08-24 05:20:29+00:00,2020-08-24 12:55:29+00:00,2.0,light
1598271329000,69,61,2020-08-24 12:15:29+00:00,par_15,2020-08-24,2020-08-24 05:20:29+00:00,2020-08-24 12:55:29+00:00,2.0,light
1598271629000,70,51,2020-08-24 12:20:29+00:00,par_15,2020-08-24,2020-08-24 05:20:29+00:00,2020-08-24 12:55:29+00:00,2.0,light
1598271929000,72,53,2020-08-24 12:25:29+00:00,par_15,2020-08-24,2020-08-24 05:20:29+00:00,2020-08-24 12:55:29+00:00,2.0,light
1598272229000,76,38,2020-08-24 12:30:29+00:00,par_15,2020-08-24,2020-08-24 05:20:29+00:00,2020-08-24 12:55:29+00:00,2.0,light
1598272529000,76,43,2020-08-24 12:35:29+00:00,par_15,2020-08-24,2020-08-24 05:20:29+00:00,2020-08-24 12:55:29+00:00,2.0,light
1598272829000,0,0,2020-08-24 12:40:29+00:00,par_15,2020-08-24,2020-08-24 05:20:29+00:00,2020-08-24 12:55:29+00:00,2.0,light
1598273129000,78,36,2020-08-24 12:45:29+00:00,par_15,2020-08-24,2020-08-24 05:20:29+00:00,2020-08-24 12:55:29+00:00,2.0,light
1598273429000,0,0,2020-08-24 12:50:29+00:00,par_15,2020-08-24,2020-08-24 05:20:29+00:00,2020-08-24 12:55:29+00:00,4.0,awake
1598273729000,0,0,2020-08-24 12:55:29+00:00,par_15,2020-08-24,2020-08-24 05:20:29+00:00,2020-08-24 12:55:29+00:00,,
1598334688000,0,0,2020-08-25 05:51:28+00:00,par_15,2020-08-25,2020-08-25 05:51:28+00:00,2020-08-25 11:56:28+00:00,4.0,awake
1598334988000,0,0,2020-08-25 05:56:28+00:00,par_15,2020-08-25,2020-08-25 05:51:28+00:00,2020-08-25 11:56:28+00:00,4.0,awake
1598335288000,0,0,2020-08-25 06:01:28+00:00,par_15,2020-08-25,2020-08-25 05:51:28+00:00,2020-08-25 11:56:28+00:00,4.0,awake
1598335588000,84,27,2020-08-25 06:06:28+00:00,par_15,2020-08-25,2020-08-25 05:51:28+00:00,2020-08-25 11:56:28+00:00,4.0,awake
1598335888000,0,0,2020-08-25 06:11:28+00:00,par_15,2020-08-25,2020-08-25 05:51:28+00:00,2020-08-25 11:56:28+00:00,4.0,awake
1598336188000,0,0,2020-08-25 06:16:28+00:00,par_15,2020-08-25,2020-08-25 05:51:28+00:00,2020-08-25 11:56:28+00:00,4.0,awake
1598336488000,0,0,2020-08-25 06:21:28+00:00,par_15,2020-08-25,2020-08-25 05:51:28+00:00,2020-08-25 11:56:28+00:00,4.0,awake
1598336788000,0,0,2020-08-25 06:26:28+00:00,par_15,2020-08-25,2020-08-25 05:51:28+00:00,2020-08-25 11:56:28+00:00,4.0,awake
1598337088000,0,0,2020-08-25 06:31:28+00:00,par_15,2020-08-25,2020-08-25 05:51:28+00:00,2020-08-25 11:56:28+00:00,4.0,awake
1598337388000,72,55,2020-08-25 06:36:28+00:00,par_15,2020-08-25,2020-08-25 05:51:28+00:00,2020-08-25 11:56:28+00:00,4.0,awake
1598337688000,73,45,2020-08-25 06:41:28+00:00,par_15,2020-08-25,2020-08-25 05:51:28+00:00,2020-08-25 11:56:28+00:00,2.0,light
1598337988000,74,40,2020-08-25 06:46:28+00:00,par_15,2020-08-25,2020-08-25 05:51:28+00:00,2020-08-25 11:56:28+00:00,2.0,light
1598338288000,73,44,2020-08-25 06:51:28+00:00,par_15,2020-08-25,2020-08-25 05:51:28+00:00,2020-08-25 11:56:28+00:00,1.0,deep
1598338588000,72,52,2020-08-25 06:56:28+00:00,par_15,2020-08-25,2020-08-25 05:51:28+00:00,2020-08-25 11:56:28+00:00,2.0,light
1598338888000,78,53,2020-08-25 07:01:28+00:00,par_15,2020-08-25,2020-08-25 05:51:28+00:00,2020-08-25 11:56:28+00:00,3.0,REM
1598339188000,80,28,2020-08-25 07:06:28+00:00,par_15,2020-08-25,2020-08-25 05:51:28+00:00,2020-08-25 11:56:28+00:00,3.0,REM
1598339488000,77,41,2020-08-25 07:11:28+00:00,par_15,2020-08-25,2020-08-25 05:51:28+00:00,2020-08-25 11:56:28+00:00,3.0,REM
1598339788000,76,49,2020-08-25 07:16:28+00:00,par_15,2020-08-25,2020-08-25 05:51:28+00:00,2020-08-25 11:56:28+00:00,2.0,light
1598340088000,73,56,2020-08-25 07:21:28+00:00,par_15,2020-08-25,2020-08-25 05:51:28+00:00,2020-08-25 11:56:28+00:00,2.0,light
1598340388000,0,0,2020-08-25 07:26:28+00:00,par_15,2020-08-25,2020-08-25 05:51:28+00:00,2020-08-25 11:56:28+00:00,2.0,light
1598340688000,69,71,2020-08-25 07:31:28+00:00,par_15,2020-08-25,2020-08-25 05:51:28+00:00,2020-08-25 11:56:28+00:00,1.0,deep
1598340988000,69,62,2020-08-25 07:36:28+00:00,par_15,2020-08-25,2020-08-25 05:51:28+00:00,2020-08-25 11:56:28+00:00,1.0,deep
1598341288000,72,59,2020-08-25 07:41:28+00:00,par_15,2020-08-25,2020-08-25 05:51:28+00:00,2020-08-25 11:56:28+00:00,1.0,deep
1598341588000,69,54,2020-08-25 07:46:28+00:00,par_15,2020-08-25,2020-08-25 05:51:28+00:00,2020-08-25 11:56:28+00:00,2.0,light
1598341888000,67,58,2020-08-25 07:51:28+00:00,par_15,2020-08-25,2020-08-25 05:51:28+00:00,2020-08-25 11:56:28+00:00,2.0,light
1598342188000,0,0,2020-08-25 07:56:28+00:00,par_15,2020-08-25,2020-08-25 05:51:28+00:00,2020-08-25 11:56:28+00:00,1.0,deep
1598342488000,68,53,2020-08-25 08:01:28+00:00,par_15,2020-08-25,2020-08-25 05:51:28+00:00,2020-08-25 11:56:28+00:00,1.0,deep
1598342788000,69,44,2020-08-25 08:06:28+00:00,par_15,2020-08-25,2020-08-25 05:51:28+00:00,2020-08-25 11:56:28+00:00,1.0,deep
1598343088000,70,43,2020-08-25 08:11:28+00:00,par_15,2020-08-25,2020-08-25 05:51:28+00:00,2020-08-25 11:56:28+00:00,3.0,REM
1598343388000,69,41,2020-08-25 08:16:28+00:00,par_15,2020-08-25,2020-08-25 05:51:28+00:00,2020-08-25 11:56:28+00:00,3.0,REM
1598343688000,69,56,2020-08-25 08:21:28+00:00,par_15,2020-08-25,2020-08-25 05:51:28+00:00,2020-08-25 11:56:28+00:00,1.0,deep
1598343988000,72,72,2020-08-25 08:26:28+00:00,par_15,2020-08-25,2020-08-25 05:51:28+00:00,2020-08-25 11:56:28+00:00,2.0,light
1598344288000,77,32,2020-08-25 08:31:28+00:00,par_15,2020-08-25,2020-08-25 05:51:28+00:00,2020-08-25 11:56:28+00:00,2.0,light
1598344588000,78,32,2020-08-25 08:36:28+00:00,par_15,2020-08-25,2020-08-25 05:51:28+00:00,2020-08-25 11:56:28+00:00,3.0,REM
1598344888000,77,43,2020-08-25 08:41:28+00:00,par_15,2020-08-25,2020-08-25 05:51:28+00:00,2020-08-25 11:56:28+00:00,2.0,light
1598345188000,76,32,2020-08-25 08:46:28+00:00,par_15,2020-08-25,2020-08-25 05:51:28+00:00,2020-08-25 11:56:28+00:00,2.0,light
1598345488000,74,54,2020-08-25 08:51:28+00:00,par_15,2020-08-25,2020-08-25 05:51:28+00:00,2020-08-25 11:56:28+00:00,2.0,light
1598345788000,73,55,2020-08-25 08:56:28+00:00,par_15,2020-08-25,2020-08-25 05:51:28+00:00,2020-08-25 11:56:28+00:00,2.0,light
1598346088000,69,63,2020-08-25 09:01:28+00:00,par_15,2020-08-25,2020-08-25 05:51:28+00:00,2020-08-25 11:56:28+00:00,2.0,light
1598346388000,67,68,2020-08-25 09:06:28+00:00,par_15,2020-08-25,2020-08-25 05:51:28+00:00,2020-08-25 11:56:28+00:00,2.0,light
1598346688000,68,62,2020-08-25 09:11:28+00:00,par_15,2020-08-25,2020-08-25 05:51:28+00:00,2020-08-25 11:56:28+00:00,2.0,light
1598346988000,68,68,2020-08-25 09:16:28+00:00,par_15,2020-08-25,2020-08-25 05:51:28+00:00,2020-08-25 11:56:28+00:00,2.0,light
1598347288000,67,67,2020-08-25 09:21:28+00:00,par_15,2020-08-25,2020-08-25 05:51:28+00:00,2020-08-25 11:56:28+00:00,2.0,light
1598347588000,66,66,2020-08-25 09:26:28+00:00,par_15,2020-08-25,2020-08-25 05:51:28+00:00,2020-08-25 11:56:28+00:00,1.0,deep
1598347888000,70,61,2020-08-25 09:31:28+00:00,par_15,2020-08-25,2020-08-25 05:51:28+00:00,2020-08-25 11:56:28+00:00,1.0,deep
1598348188000,67,55,2020-08-25 09:36:28+00:00,par_15,2020-08-25,2020-08-25 05:51:28+00:00,2020-08-25 11:56:28+00:00,4.0,awake
1598348488000,63,77,2020-08-25 09:41:28+00:00,par_15,2020-08-25,2020-08-25 05:51:28+00:00,2020-08-25 11:56:28+00:00,2.0,light
1598348788000,65,70,2020-08-25 09:46:28+00:00,par_15,2020-08-25,2020-08-25 05:51:28+00:00,2020-08-25 11:56:28+00:00,1.0,deep
1598349088000,66,73,2020-08-25 09:51:28+00:00,par_15,2020-08-25,2020-08-25 05:51:28+00:00,2020-08-25 11:56:28+00:00,2.0,light
1598349388000,63,84,2020-08-25 09:56:28+00:00,par_15,2020-08-25,2020-08-25 05:51:28+00:00,2020-08-25 11:56:28+00:00,2.0,light
1598349688000,65,79,2020-08-25 10:01:28+00:00,par_15,2020-08-25,2020-08-25 05:51:28+00:00,2020-08-25 11:56:28+00:00,2.0,light
1598349988000,69,58,2020-08-25 10:06:28+00:00,par_15,2020-08-25,2020-08-25 05:51:28+00:00,2020-08-25 11:56:28+00:00,2.0,light
1598350288000,68,54,2020-08-25 10:11:28+00:00,par_15,2020-08-25,2020-08-25 05:51:28+00:00,2020-08-25 11:56:28+00:00,2.0,light
1598350588000,73,46,2020-08-25 10:16:28+00:00,par_15,2020-08-25,2020-08-25 05:51:28+00:00,2020-08-25 11:56:28+00:00,2.0,light
1598350888000,68,61,2020-08-25 10:21:28+00:00,par_15,2020-08-25,2020-08-25 05:51:28+00:00,2020-08-25 11:56:28+00:00,2.0,light
1598351188000,66,72,2020-08-25 10:26:28+00:00,par_15,2020-08-25,2020-08-25 05:51:28+00:00,2020-08-25 11:56:28+00:00,2.0,light
1598351488000,64,81,2020-08-25 10:31:28+00:00,par_15,2020-08-25,2020-08-25 05:51:28+00:00,2020-08-25 11:56:28+00:00,2.0,light
1598351788000,63,66,2020-08-25 10:36:28+00:00,par_15,2020-08-25,2020-08-25 05:51:28+00:00,2020-08-25 11:56:28+00:00,2.0,light
1598352088000,64,67,2020-08-25 10:41:28+00:00,par_15,2020-08-25,2020-08-25 05:51:28+00:00,2020-08-25 11:56:28+00:00,2.0,light
1598352388000,64,73,2020-08-25 10:46:28+00:00,par_15,2020-08-25,2020-08-25 05:51:28+00:00,2020-08-25 11:56:28+00:00,1.0,deep
1598352688000,64,66,2020-08-25 10:51:28+00:00,par_15,2020-08-25,2020-08-25 05:51:28+00:00,2020-08-25 11:56:28+00:00,1.0,deep
1598352988000,69,70,2020-08-25 10:56:28+00:00,par_15,2020-08-25,2020-08-25 05:51:28+00:00,2020-08-25 11:56:28+00:00,1.0,deep
1598353288000,70,67,2020-08-25 11:01:28+00:00,par_15,2020-08-25,2020-08-25 05:51:28+00:00,2020-08-25 11:56:28+00:00,2.0,light
1598353588000,77,34,2020-08-25 11:06:28+00:00,par_15,2020-08-25,2020-08-25 05:51:28+00:00,2020-08-25 11:56:28+00:00,2.0,light
1598353888000,76,42,2020-08-25 11:11:28+00:00,par_15,2020-08-25,2020-08-25 05:51:28+00:00,2020-08-25 11:56:28+00:00,3.0,REM
1598354188000,74,47,2020-08-25 11:16:28+00:00,par_15,2020-08-25,2020-08-25 05:51:28+00:00,2020-08-25 11:56:28+00:00,2.0,light
1598354488000,82,13,2020-08-25 11:21:28+00:00,par_15,2020-08-25,2020-08-25 05:51:28+00:00,2020-08-25 11:56:28+00:00,3.0,REM
1598354788000,82,15,2020-08-25 11:26:28+00:00,par_15,2020-08-25,2020-08-25 05:51:28+00:00,2020-08-25 11:56:28+00:00,3.0,REM
1598355088000,77,59,2020-08-25 11:31:28+00:00,par_15,2020-08-25,2020-08-25 05:51:28+00:00,2020-08-25 11:56:28+00:00,4.0,awake
1598355388000,0,0,2020-08-25 11:36:28+00:00,par_15,2020-08-25,2020-08-25 05:51:28+00:00,2020-08-25 11:56:28+00:00,4.0,awake
1598355688000,75,48,2020-08-25 11:41:28+00:00,par_15,2020-08-25,2020-08-25 05:51:28+00:00,2020-08-25 11:56:28+00:00,4.0,awake
1598355988000,73,67,2020-08-25 11:46:28+00:00,par_15,2020-08-25,2020-08-25 05:51:28+00:00,2020-08-25 11:56:28+00:00,4.0,awake
1598356288000,0,0,2020-08-25 11:51:28+00:00,par_15,2020-08-25,2020-08-25 05:51:28+00:00,2020-08-25 11:56:28+00:00,4.0,awake
1598356588000,77,34,2020-08-25 11:56:28+00:00,par_15,2020-08-25,2020-08-25 05:51:28+00:00,2020-08-25 11:56:28+00:00,,
1598419887000,0,0,2020-08-26 05:31:27+00:00,par_15,2020-08-26,2020-08-26 05:31:27+00:00,2020-08-26 11:14:27+00:00,4.0,awake
1598420187000,0,0,2020-08-26 05:36:27+00:00,par_15,2020-08-26,2020-08-26 05:31:27+00:00,2020-08-26 11:14:27+00:00,2.0,light
1598420487000,68,73,2020-08-26 05:41:27+00:00,par_15,2020-08-26,2020-08-26 05:31:27+00:00,2020-08-26 11:14:27+00:00,2.0,light
1598420787000,65,90,2020-08-26 05:46:27+00:00,par_15,2020-08-26,2020-08-26 05:31:27+00:00,2020-08-26 11:14:27+00:00,2.0,light
1598421087000,65,74,2020-08-26 05:51:27+00:00,par_15,2020-08-26,2020-08-26 05:31:27+00:00,2020-08-26 11:14:27+00:00,2.0,light
1598421387000,66,67,2020-08-26 05:56:27+00:00,par_15,2020-08-26,2020-08-26 05:31:27+00:00,2020-08-26 11:14:27+00:00,2.0,light
1598421687000,67,60,2020-08-26 06:01:27+00:00,par_15,2020-08-26,2020-08-26 05:31:27+00:00,2020-08-26 11:14:27+00:00,1.0,deep
1598421987000,66,66,2020-08-26 06:06:27+00:00,par_15,2020-08-26,2020-08-26 05:31:27+00:00,2020-08-26 11:14:27+00:00,1.0,deep
1598422287000,66,66,2020-08-26 06:11:27+00:00,par_15,2020-08-26,2020-08-26 05:31:27+00:00,2020-08-26 11:14:27+00:00,1.0,deep
1598422587000,67,69,2020-08-26 06:16:27+00:00,par_15,2020-08-26,2020-08-26 05:31:27+00:00,2020-08-26 11:14:27+00:00,1.0,deep
1598422887000,67,62,2020-08-26 06:21:27+00:00,par_15,2020-08-26,2020-08-26 05:31:27+00:00,2020-08-26 11:14:27+00:00,1.0,deep
1598423187000,69,60,2020-08-26 06:26:27+00:00,par_15,2020-08-26,2020-08-26 05:31:27+00:00,2020-08-26 11:14:27+00:00,1.0,deep
1598423487000,70,66,2020-08-26 06:31:27+00:00,par_15,2020-08-26,2020-08-26 05:31:27+00:00,2020-08-26 11:14:27+00:00,1.0,deep
1598423787000,73,55,2020-08-26 06:36:27+00:00,par_15,2020-08-26,2020-08-26 05:31:27+00:00,2020-08-26 11:14:27+00:00,1.0,deep
1598424087000,71,67,2020-08-26 06:41:27+00:00,par_15,2020-08-26,2020-08-26 05:31:27+00:00,2020-08-26 11:14:27+00:00,2.0,light
1598424387000,65,65,2020-08-26 06:46:27+00:00,par_15,2020-08-26,2020-08-26 05:31:27+00:00,2020-08-26 11:14:27+00:00,2.0,light
1598424687000,66,58,2020-08-26 06:51:27+00:00,par_15,2020-08-26,2020-08-26 05:31:27+00:00,2020-08-26 11:14:27+00:00,2.0,light
1598424987000,66,80,2020-08-26 06:56:27+00:00,par_15,2020-08-26,2020-08-26 05:31:27+00:00,2020-08-26 11:14:27+00:00,1.0,deep
1598425287000,70,65,2020-08-26 07:01:27+00:00,par_15,2020-08-26,2020-08-26 05:31:27+00:00,2020-08-26 11:14:27+00:00,2.0,light
1598425587000,65,68,2020-08-26 07:06:27+00:00,par_15,2020-08-26,2020-08-26 05:31:27+00:00,2020-08-26 11:14:27+00:00,2.0,light
1598425887000,64,75,2020-08-26 07:11:27+00:00,par_15,2020-08-26,2020-08-26 05:31:27+00:00,2020-08-26 11:14:27+00:00,1.0,deep
1598426187000,65,77,2020-08-26 07:16:27+00:00,par_15,2020-08-26,2020-08-26 05:31:27+00:00,2020-08-26 11:14:27+00:00,1.0,deep
1598426487000,63,93,2020-08-26 07:21:27+00:00,par_15,2020-08-26,2020-08-26 05:31:27+00:00,2020-08-26 11:14:27+00:00,2.0,light
1598426787000,64,85,2020-08-26 07:26:27+00:00,par_15,2020-08-26,2020-08-26 05:31:27+00:00,2020-08-26 11:14:27+00:00,2.0,light
1598427087000,63,68,2020-08-26 07:31:27+00:00,par_15,2020-08-26,2020-08-26 05:31:27+00:00,2020-08-26 11:14:27+00:00,2.0,light
1598427387000,64,62,2020-08-26 07:36:27+00:00,par_15,2020-08-26,2020-08-26 05:31:27+00:00,2020-08-26 11:14:27+00:00,1.0,deep
1598427687000,64,56,2020-08-26 07:41:27+00:00,par_15,2020-08-26,2020-08-26 05:31:27+00:00,2020-08-26 11:14:27+00:00,1.0,deep
1598427987000,65,62,2020-08-26 07:46:27+00:00,par_15,2020-08-26,2020-08-26 05:31:27+00:00,2020-08-26 11:14:27+00:00,1.0,deep
1598428287000,71,51,2020-08-26 07:51:27+00:00,par_15,2020-08-26,2020-08-26 05:31:27+00:00,2020-08-26 11:14:27+00:00,2.0,light
1598428587000,79,22,2020-08-26 07:56:27+00:00,par_15,2020-08-26,2020-08-26 05:31:27+00:00,2020-08-26 11:14:27+00:00,3.0,REM
1598428887000,77,34,2020-08-26 08:01:27+00:00,par_15,2020-08-26,2020-08-26 05:31:27+00:00,2020-08-26 11:14:27+00:00,3.0,REM
1598429187000,71,57,2020-08-26 08:06:27+00:00,par_15,2020-08-26,2020-08-26 05:31:27+00:00,2020-08-26 11:14:27+00:00,3.0,REM
1598429487000,71,52,2020-08-26 08:11:27+00:00,par_15,2020-08-26,2020-08-26 05:31:27+00:00,2020-08-26 11:14:27+00:00,2.0,light
1598429787000,77,22,2020-08-26 08:16:27+00:00,par_15,2020-08-26,2020-08-26 05:31:27+00:00,2020-08-26 11:14:27+00:00,3.0,REM
1598430087000,75,32,2020-08-26 08:21:27+00:00,par_15,2020-08-26,2020-08-26 05:31:27+00:00,2020-08-26 11:14:27+00:00,3.0,REM
1598430387000,70,52,2020-08-26 08:26:27+00:00,par_15,2020-08-26,2020-08-26 05:31:27+00:00,2020-08-26 11:14:27+00:00,3.0,REM
1598430687000,0,0,2020-08-26 08:31:27+00:00,par_15,2020-08-26,2020-08-26 05:31:27+00:00,2020-08-26 11:14:27+00:00,2.0,light
1598430987000,0,0,2020-08-26 08:36:27+00:00,par_15,2020-08-26,2020-08-26 05:31:27+00:00,2020-08-26 11:14:27+00:00,1.0,deep
1598431287000,0,0,2020-08-26 08:41:27+00:00,par_15,2020-08-26,2020-08-26 05:31:27+00:00,2020-08-26 11:14:27+00:00,1.0,deep
1598431587000,0,0,2020-08-26 08:46:27+00:00,par_15,2020-08-26,2020-08-26 05:31:27+00:00,2020-08-26 11:14:27+00:00,3.0,REM
1598431887000,66,69,2020-08-26 08:51:27+00:00,par_15,2020-08-26,2020-08-26 05:31:27+00:00,2020-08-26 11:14:27+00:00,2.0,light
1598432187000,65,60,2020-08-26 08:56:27+00:00,par_15,2020-08-26,2020-08-26 05:31:27+00:00,2020-08-26 11:14:27+00:00,2.0,light
1598432487000,63,63,2020-08-26 09:01:27+00:00,par_15,2020-08-26,2020-08-26 05:31:27+00:00,2020-08-26 11:14:27+00:00,2.0,light
1598432787000,65,65,2020-08-26 09:06:27+00:00,par_15,2020-08-26,2020-08-26 05:31:27+00:00,2020-08-26 11:14:27+00:00,1.0,deep
1598433087000,65,61,2020-08-26 09:11:27+00:00,par_15,2020-08-26,2020-08-26 05:31:27+00:00,2020-08-26 11:14:27+00:00,2.0,light
1598433387000,63,77,2020-08-26 09:16:27+00:00,par_15,2020-08-26,2020-08-26 05:31:27+00:00,2020-08-26 11:14:27+00:00,2.0,light
1598433687000,65,55,2020-08-26 09:21:27+00:00,par_15,2020-08-26,2020-08-26 05:31:27+00:00,2020-08-26 11:14:27+00:00,1.0,deep
1598433987000,67,57,2020-08-26 09:26:27+00:00,par_15,2020-08-26,2020-08-26 05:31:27+00:00,2020-08-26 11:14:27+00:00,1.0,deep
1598434287000,70,64,2020-08-26 09:31:27+00:00,par_15,2020-08-26,2020-08-26 05:31:27+00:00,2020-08-26 11:14:27+00:00,1.0,deep
1598434587000,68,59,2020-08-26 09:36:27+00:00,par_15,2020-08-26,2020-08-26 05:31:27+00:00,2020-08-26 11:14:27+00:00,2.0,light
1598434887000,74,33,2020-08-26 09:41:27+00:00,par_15,2020-08-26,2020-08-26 05:31:27+00:00,2020-08-26 11:14:27+00:00,2.0,light
1598435187000,73,53,2020-08-26 09:46:27+00:00,par_15,2020-08-26,2020-08-26 05:31:27+00:00,2020-08-26 11:14:27+00:00,4.0,awake
1598435487000,67,72,2020-08-26 09:51:27+00:00,par_15,2020-08-26,2020-08-26 05:31:27+00:00,2020-08-26 11:14:27+00:00,2.0,light
1598435787000,70,62,2020-08-26 09:56:27+00:00,par_15,2020-08-26,2020-08-26 05:31:27+00:00,2020-08-26 11:14:27+00:00,2.0,light
1598436087000,71,49,2020-08-26 10:01:27+00:00,par_15,2020-08-26,2020-08-26 05:31:27+00:00,2020-08-26 11:14:27+00:00,2.0,light
1598436387000,71,61,2020-08-26 10:06:27+00:00,par_15,2020-08-26,2020-08-26 05:31:27+00:00,2020-08-26 11:14:27+00:00,2.0,light
1598436687000,72,64,2020-08-26 10:11:27+00:00,par_15,2020-08-26,2020-08-26 05:31:27+00:00,2020-08-26 11:14:27+00:00,2.0,light
1598436987000,70,58,2020-08-26 10:16:27+00:00,par_15,2020-08-26,2020-08-26 05:31:27+00:00,2020-08-26 11:14:27+00:00,2.0,light
1598437287000,67,70,2020-08-26 10:21:27+00:00,par_15,2020-08-26,2020-08-26 05:31:27+00:00,2020-08-26 11:14:27+00:00,2.0,light
1598437587000,66,63,2020-08-26 10:26:27+00:00,par_15,2020-08-26,2020-08-26 05:31:27+00:00,2020-08-26 11:14:27+00:00,2.0,light
1598437887000,66,61,2020-08-26 10:31:27+00:00,par_15,2020-08-26,2020-08-26 05:31:27+00:00,2020-08-26 11:14:27+00:00,2.0,light
1598438187000,66,61,2020-08-26 10:36:27+00:00,par_15,2020-08-26,2020-08-26 05:31:27+00:00,2020-08-26 11:14:27+00:00,1.0,deep
1598438487000,69,58,2020-08-26 10:41:27+00:00,par_15,2020-08-26,2020-08-26 05:31:27+00:00,2020-08-26 11:14:27+00:00,1.0,deep
1598438787000,65,60,2020-08-26 10:46:27+00:00,par_15,2020-08-26,2020-08-26 05:31:27+00:00,2020-08-26 11:14:27+00:00,2.0,light
1598439087000,66,62,2020-08-26 10:51:27+00:00,par_15,2020-08-26,2020-08-26 05:31:27+00:00,2020-08-26 11:14:27+00:00,2.0,light
1598439387000,69,63,2020-08-26 10:56:27+00:00,par_15,2020-08-26,2020-08-26 05:31:27+00:00,2020-08-26 11:14:27+00:00,2.0,light
1598439687000,64,61,2020-08-26 11:01:27+00:00,par_15,2020-08-26,2020-08-26 05:31:27+00:00,2020-08-26 11:14:27+00:00,2.0,light
1598439987000,78,41,2020-08-26 11:06:27+00:00,par_15,2020-08-26,2020-08-26 05:31:27+00:00,2020-08-26 11:14:27+00:00,4.0,awake
1598440287000,77,36,2020-08-26 11:11:27+00:00,par_15,2020-08-26,2020-08-26 05:31:27+00:00,2020-08-26 11:14:27+00:00,4.0,awake
1598852040000,0,0,2020-08-31 05:34:00+00:00,par_15,2020-08-31,2020-08-31 05:34:00+00:00,2020-08-31 13:47:00+00:00,4.0,awake
1598852340000,83,22,2020-08-31 05:39:00+00:00,par_15,2020-08-31,2020-08-31 05:34:00+00:00,2020-08-31 13:47:00+00:00,4.0,awake
1598852640000,77,34,2020-08-31 05:44:00+00:00,par_15,2020-08-31,2020-08-31 05:34:00+00:00,2020-08-31 13:47:00+00:00,4.0,awake
1598852940000,74,45,2020-08-31 05:49:00+00:00,par_15,2020-08-31,2020-08-31 05:34:00+00:00,2020-08-31 13:47:00+00:00,2.0,light
1598853240000,74,42,2020-08-31 05:54:00+00:00,par_15,2020-08-31,2020-08-31 05:34:00+00:00,2020-08-31 13:47:00+00:00,2.0,light
1598853540000,0,0,2020-08-31 05:59:00+00:00,par_15,2020-08-31,2020-08-31 05:34:00+00:00,2020-08-31 13:47:00+00:00,1.0,deep
1598853840000,0,0,2020-08-31 06:04:00+00:00,par_15,2020-08-31,2020-08-31 05:34:00+00:00,2020-08-31 13:47:00+00:00,1.0,deep
1598854140000,69,77,2020-08-31 06:09:00+00:00,par_15,2020-08-31,2020-08-31 05:34:00+00:00,2020-08-31 13:47:00+00:00,1.0,deep
1598854440000,70,79,2020-08-31 06:14:00+00:00,par_15,2020-08-31,2020-08-31 05:34:00+00:00,2020-08-31 13:47:00+00:00,3.0,REM
1598854740000,71,69,2020-08-31 06:19:00+00:00,par_15,2020-08-31,2020-08-31 05:34:00+00:00,2020-08-31 13:47:00+00:00,3.0,REM
1598855040000,0,0,2020-08-31 06:24:00+00:00,par_15,2020-08-31,2020-08-31 05:34:00+00:00,2020-08-31 13:47:00+00:00,2.0,light
1598855340000,0,0,2020-08-31 06:29:00+00:00,par_15,2020-08-31,2020-08-31 05:34:00+00:00,2020-08-31 13:47:00+00:00,3.0,REM
1598855640000,0,0,2020-08-31 06:34:00+00:00,par_15,2020-08-31,2020-08-31 05:34:00+00:00,2020-08-31 13:47:00+00:00,1.0,deep
1598855940000,0,0,2020-08-31 06:39:00+00:00,par_15,2020-08-31,2020-08-31 05:34:00+00:00,2020-08-31 13:47:00+00:00,2.0,light
1598856240000,0,0,2020-08-31 06:44:00+00:00,par_15,2020-08-31,2020-08-31 05:34:00+00:00,2020-08-31 13:47:00+00:00,2.0,light
1598856540000,0,0,2020-08-31 06:49:00+00:00,par_15,2020-08-31,2020-08-31 05:34:00+00:00,2020-08-31 13:47:00+00:00,2.0,light
1598856840000,0,0,2020-08-31 06:54:00+00:00,par_15,2020-08-31,2020-08-31 05:34:00+00:00,2020-08-31 13:47:00+00:00,2.0,light
1598857140000,80,35,2020-08-31 06:59:00+00:00,par_15,2020-08-31,2020-08-31 05:34:00+00:00,2020-08-31 13:47:00+00:00,1.0,deep
1598857440000,75,55,2020-08-31 07:04:00+00:00,par_15,2020-08-31,2020-08-31 05:34:00+00:00,2020-08-31 13:47:00+00:00,2.0,light
1598857740000,74,49,2020-08-31 07:09:00+00:00,par_15,2020-08-31,2020-08-31 05:34:00+00:00,2020-08-31 13:47:00+00:00,2.0,light
1598858040000,73,61,2020-08-31 07:14:00+00:00,par_15,2020-08-31,2020-08-31 05:34:00+00:00,2020-08-31 13:47:00+00:00,2.0,light
1598858340000,74,58,2020-08-31 07:19:00+00:00,par_15,2020-08-31,2020-08-31 05:34:00+00:00,2020-08-31 13:47:00+00:00,1.0,deep
1598858640000,0,0,2020-08-31 07:24:00+00:00,par_15,2020-08-31,2020-08-31 05:34:00+00:00,2020-08-31 13:47:00+00:00,1.0,deep
1598858940000,78,49,2020-08-31 07:29:00+00:00,par_15,2020-08-31,2020-08-31 05:34:00+00:00,2020-08-31 13:47:00+00:00,1.0,deep
1598859240000,74,55,2020-08-31 07:34:00+00:00,par_15,2020-08-31,2020-08-31 05:34:00+00:00,2020-08-31 13:47:00+00:00,1.0,deep
1598859540000,77,42,2020-08-31 07:39:00+00:00,par_15,2020-08-31,2020-08-31 05:34:00+00:00,2020-08-31 13:47:00+00:00,1.0,deep
1598859840000,70,62,2020-08-31 07:44:00+00:00,par_15,2020-08-31,2020-08-31 05:34:00+00:00,2020-08-31 13:47:00+00:00,1.0,deep
1598860140000,69,61,2020-08-31 07:49:00+00:00,par_15,2020-08-31,2020-08-31 05:34:00+00:00,2020-08-31 13:47:00+00:00,2.0,light
1598860440000,71,51,2020-08-31 07:54:00+00:00,par_15,2020-08-31,2020-08-31 05:34:00+00:00,2020-08-31 13:47:00+00:00,1.0,deep
1598860740000,71,50,2020-08-31 07:59:00+00:00,par_15,2020-08-31,2020-08-31 05:34:00+00:00,2020-08-31 13:47:00+00:00,1.0,deep
1598861040000,72,53,2020-08-31 08:04:00+00:00,par_15,2020-08-31,2020-08-31 05:34:00+00:00,2020-08-31 13:47:00+00:00,1.0,deep
1598861340000,70,56,2020-08-31 08:09:00+00:00,par_15,2020-08-31,2020-08-31 05:34:00+00:00,2020-08-31 13:47:00+00:00,1.0,deep
1598861640000,70,56,2020-08-31 08:14:00+00:00,par_15,2020-08-31,2020-08-31 05:34:00+00:00,2020-08-31 13:47:00+00:00,1.0,deep
1598861940000,69,59,2020-08-31 08:19:00+00:00,par_15,2020-08-31,2020-08-31 05:34:00+00:00,2020-08-31 13:47:00+00:00,1.0,deep
1598862240000,69,63,2020-08-31 08:24:00+00:00,par_15,2020-08-31,2020-08-31 05:34:00+00:00,2020-08-31 13:47:00+00:00,1.0,deep
1598862540000,70,64,2020-08-31 08:29:00+00:00,par_15,2020-08-31,2020-08-31 05:34:00+00:00,2020-08-31 13:47:00+00:00,2.0,light
1598862840000,77,21,2020-08-31 08:34:00+00:00,par_15,2020-08-31,2020-08-31 05:34:00+00:00,2020-08-31 13:47:00+00:00,2.0,light
1598863140000,0,0,2020-08-31 08:39:00+00:00,par_15,2020-08-31,2020-08-31 05:34:00+00:00,2020-08-31 13:47:00+00:00,1.0,deep
1598863440000,0,0,2020-08-31 08:44:00+00:00,par_15,2020-08-31,2020-08-31 05:34:00+00:00,2020-08-31 13:47:00+00:00,3.0,REM
1598863740000,73,39,2020-08-31 08:49:00+00:00,par_15,2020-08-31,2020-08-31 05:34:00+00:00,2020-08-31 13:47:00+00:00,3.0,REM
1598864040000,69,59,2020-08-31 08:54:00+00:00,par_15,2020-08-31,2020-08-31 05:34:00+00:00,2020-08-31 13:47:00+00:00,2.0,light
1598864340000,0,0,2020-08-31 08:59:00+00:00,par_15,2020-08-31,2020-08-31 05:34:00+00:00,2020-08-31 13:47:00+00:00,2.0,light
1598864640000,0,0,2020-08-31 09:04:00+00:00,par_15,2020-08-31,2020-08-31 05:34:00+00:00,2020-08-31 13:47:00+00:00,2.0,light
1598864940000,0,0,2020-08-31 09:09:00+00:00,par_15,2020-08-31,2020-08-31 05:34:00+00:00,2020-08-31 13:47:00+00:00,2.0,light
1598865240000,62,90,2020-08-31 09:14:00+00:00,par_15,2020-08-31,2020-08-31 05:34:00+00:00,2020-08-31 13:47:00+00:00,2.0,light
1598865540000,63,82,2020-08-31 09:19:00+00:00,par_15,2020-08-31,2020-08-31 05:34:00+00:00,2020-08-31 13:47:00+00:00,2.0,light
1598865840000,64,75,2020-08-31 09:24:00+00:00,par_15,2020-08-31,2020-08-31 05:34:00+00:00,2020-08-31 13:47:00+00:00,2.0,light
1598866140000,66,66,2020-08-31 09:29:00+00:00,par_15,2020-08-31,2020-08-31 05:34:00+00:00,2020-08-31 13:47:00+00:00,1.0,deep
1598866440000,68,63,2020-08-31 09:34:00+00:00,par_15,2020-08-31,2020-08-31 05:34:00+00:00,2020-08-31 13:47:00+00:00,1.0,deep
1598866740000,66,73,2020-08-31 09:39:00+00:00,par_15,2020-08-31,2020-08-31 05:34:00+00:00,2020-08-31 13:47:00+00:00,1.0,deep
1598867040000,65,74,2020-08-31 09:44:00+00:00,par_15,2020-08-31,2020-08-31 05:34:00+00:00,2020-08-31 13:47:00+00:00,1.0,deep
1598867340000,66,72,2020-08-31 09:49:00+00:00,par_15,2020-08-31,2020-08-31 05:34:00+00:00,2020-08-31 13:47:00+00:00,2.0,light
1598867640000,64,93,2020-08-31 09:54:00+00:00,par_15,2020-08-31,2020-08-31 05:34:00+00:00,2020-08-31 13:47:00+00:00,1.0,deep
1598867940000,0,0,2020-08-31 09:59:00+00:00,par_15,2020-08-31,2020-08-31 05:34:00+00:00,2020-08-31 13:47:00+00:00,1.0,deep
1598868240000,0,0,2020-08-31 10:04:00+00:00,par_15,2020-08-31,2020-08-31 05:34:00+00:00,2020-08-31 13:47:00+00:00,3.0,REM
1598868540000,77,19,2020-08-31 10:09:00+00:00,par_15,2020-08-31,2020-08-31 05:34:00+00:00,2020-08-31 13:47:00+00:00,3.0,REM
1598868840000,79,23,2020-08-31 10:14:00+00:00,par_15,2020-08-31,2020-08-31 05:34:00+00:00,2020-08-31 13:47:00+00:00,3.0,REM
1598869140000,79,19,2020-08-31 10:19:00+00:00,par_15,2020-08-31,2020-08-31 05:34:00+00:00,2020-08-31 13:47:00+00:00,3.0,REM
1598869440000,75,45,2020-08-31 10:24:00+00:00,par_15,2020-08-31,2020-08-31 05:34:00+00:00,2020-08-31 13:47:00+00:00,2.0,light
1598869740000,81,19,2020-08-31 10:29:00+00:00,par_15,2020-08-31,2020-08-31 05:34:00+00:00,2020-08-31 13:47:00+00:00,2.0,light
1598870040000,78,26,2020-08-31 10:34:00+00:00,par_15,2020-08-31,2020-08-31 05:34:00+00:00,2020-08-31 13:47:00+00:00,3.0,REM
1598870340000,0,0,2020-08-31 10:39:00+00:00,par_15,2020-08-31,2020-08-31 05:34:00+00:00,2020-08-31 13:47:00+00:00,1.0,deep
1598870640000,0,0,2020-08-31 10:44:00+00:00,par_15,2020-08-31,2020-08-31 05:34:00+00:00,2020-08-31 13:47:00+00:00,3.0,REM
1598870940000,73,40,2020-08-31 10:49:00+00:00,par_15,2020-08-31,2020-08-31 05:34:00+00:00,2020-08-31 13:47:00+00:00,2.0,light
1598871240000,71,46,2020-08-31 10:54:00+00:00,par_15,2020-08-31,2020-08-31 05:34:00+00:00,2020-08-31 13:47:00+00:00,2.0,light
1598871540000,72,48,2020-08-31 10:59:00+00:00,par_15,2020-08-31,2020-08-31 05:34:00+00:00,2020-08-31 13:47:00+00:00,2.0,light
1598871840000,73,33,2020-08-31 11:04:00+00:00,par_15,2020-08-31,2020-08-31 05:34:00+00:00,2020-08-31 13:47:00+00:00,3.0,REM
1598872140000,73,38,2020-08-31 11:09:00+00:00,par_15,2020-08-31,2020-08-31 05:34:00+00:00,2020-08-31 13:47:00+00:00,3.0,REM
1598872440000,0,0,2020-08-31 11:14:00+00:00,par_15,2020-08-31,2020-08-31 05:34:00+00:00,2020-08-31 13:47:00+00:00,3.0,REM
1598872740000,0,0,2020-08-31 11:19:00+00:00,par_15,2020-08-31,2020-08-31 05:34:00+00:00,2020-08-31 13:47:00+00:00,3.0,REM
1598873040000,71,43,2020-08-31 11:24:00+00:00,par_15,2020-08-31,2020-08-31 05:34:00+00:00,2020-08-31 13:47:00+00:00,3.0,REM
1598873340000,71,39,2020-08-31 11:29:00+00:00,par_15,2020-08-31,2020-08-31 05:34:00+00:00,2020-08-31 13:47:00+00:00,3.0,REM
1598873640000,72,41,2020-08-31 11:34:00+00:00,par_15,2020-08-31,2020-08-31 05:34:00+00:00,2020-08-31 13:47:00+00:00,3.0,REM
1598873940000,0,0,2020-08-31 11:39:00+00:00,par_15,2020-08-31,2020-08-31 05:34:00+00:00,2020-08-31 13:47:00+00:00,3.0,REM
1598874240000,72,50,2020-08-31 11:44:00+00:00,par_15,2020-08-31,2020-08-31 05:34:00+00:00,2020-08-31 13:47:00+00:00,2.0,light
1598874540000,74,46,2020-08-31 11:49:00+00:00,par_15,2020-08-31,2020-08-31 05:34:00+00:00,2020-08-31 13:47:00+00:00,2.0,light
1598874840000,74,62,2020-08-31 11:54:00+00:00,par_15,2020-08-31,2020-08-31 05:34:00+00:00,2020-08-31 13:47:00+00:00,2.0,light
1598875140000,78,29,2020-08-31 11:59:00+00:00,par_15,2020-08-31,2020-08-31 05:34:00+00:00,2020-08-31 13:47:00+00:00,2.0,light
1598875440000,80,21,2020-08-31 12:04:00+00:00,par_15,2020-08-31,2020-08-31 05:34:00+00:00,2020-08-31 13:47:00+00:00,3.0,REM
1598875740000,80,32,2020-08-31 12:09:00+00:00,par_15,2020-08-31,2020-08-31 05:34:00+00:00,2020-08-31 13:47:00+00:00,3.0,REM
1598876040000,75,38,2020-08-31 12:14:00+00:00,par_15,2020-08-31,2020-08-31 05:34:00+00:00,2020-08-31 13:47:00+00:00,3.0,REM
1598876340000,76,27,2020-08-31 12:19:00+00:00,par_15,2020-08-31,2020-08-31 05:34:00+00:00,2020-08-31 13:47:00+00:00,3.0,REM
1598876640000,75,48,2020-08-31 12:24:00+00:00,par_15,2020-08-31,2020-08-31 05:34:00+00:00,2020-08-31 13:47:00+00:00,1.0,deep
1598876940000,74,53,2020-08-31 12:29:00+00:00,par_15,2020-08-31,2020-08-31 05:34:00+00:00,2020-08-31 13:47:00+00:00,2.0,light
1598877240000,73,47,2020-08-31 12:34:00+00:00,par_15,2020-08-31,2020-08-31 05:34:00+00:00,2020-08-31 13:47:00+00:00,2.0,light
1598877540000,69,56,2020-08-31 12:39:00+00:00,par_15,2020-08-31,2020-08-31 05:34:00+00:00,2020-08-31 13:47:00+00:00,2.0,light
1598877840000,69,53,2020-08-31 12:44:00+00:00,par_15,2020-08-31,2020-08-31 05:34:00+00:00,2020-08-31 13:47:00+00:00,2.0,light
1598878140000,68,73,2020-08-31 12:49:00+00:00,par_15,2020-08-31,2020-08-31 05:34:00+00:00,2020-08-31 13:47:00+00:00,2.0,light
1598878440000,64,80,2020-08-31 12:54:00+00:00,par_15,2020-08-31,2020-08-31 05:34:00+00:00,2020-08-31 13:47:00+00:00,2.0,light
1598878740000,67,91,2020-08-31 12:59:00+00:00,par_15,2020-08-31,2020-08-31 05:34:00+00:00,2020-08-31 13:47:00+00:00,2.0,light
1598879040000,0,0,2020-08-31 13:04:00+00:00,par_15,2020-08-31,2020-08-31 05:34:00+00:00,2020-08-31 13:47:00+00:00,4.0,awake
1598879340000,0,0,2020-08-31 13:09:00+00:00,par_15,2020-08-31,2020-08-31 05:34:00+00:00,2020-08-31 13:47:00+00:00,4.0,awake
1598879640000,0,0,2020-08-31 13:14:00+00:00,par_15,2020-08-31,2020-08-31 05:34:00+00:00,2020-08-31 13:47:00+00:00,4.0,awake
1598879940000,0,0,2020-08-31 13:19:00+00:00,par_15,2020-08-31,2020-08-31 05:34:00+00:00,2020-08-31 13:47:00+00:00,4.0,awake
1598880240000,0,0,2020-08-31 13:24:00+00:00,par_15,2020-08-31,2020-08-31 05:34:00+00:00,2020-08-31 13:47:00+00:00,4.0,awake
1598880540000,74,53,2020-08-31 13:29:00+00:00,par_15,2020-08-31,2020-08-31 05:34:00+00:00,2020-08-31 13:47:00+00:00,4.0,awake
1598880840000,72,51,2020-08-31 13:34:00+00:00,par_15,2020-08-31,2020-08-31 05:34:00+00:00,2020-08-31 13:47:00+00:00,4.0,awake
1598881140000,71,74,2020-08-31 13:39:00+00:00,par_15,2020-08-31,2020-08-31 05:34:00+00:00,2020-08-31 13:47:00+00:00,4.0,awake
1598881440000,71,66,2020-08-31 13:44:00+00:00,par_15,2020-08-31,2020-08-31 05:34:00+00:00,2020-08-31 13:47:00+00:00,4.0,awake
1598938920000,0,0,2020-09-01 05:42:00+00:00,par_15,2020-09-01,2020-09-01 05:42:00+00:00,2020-09-01 14:31:00+00:00,4.0,awake
1598939220000,0,0,2020-09-01 05:47:00+00:00,par_15,2020-09-01,2020-09-01 05:42:00+00:00,2020-09-01 14:31:00+00:00,4.0,awake
1598939520000,0,0,2020-09-01 05:52:00+00:00,par_15,2020-09-01,2020-09-01 05:42:00+00:00,2020-09-01 14:31:00+00:00,4.0,awake
1598939820000,0,0,2020-09-01 05:57:00+00:00,par_15,2020-09-01,2020-09-01 05:42:00+00:00,2020-09-01 14:31:00+00:00,2.0,light
1598940120000,65,90,2020-09-01 06:02:00+00:00,par_15,2020-09-01,2020-09-01 05:42:00+00:00,2020-09-01 14:31:00+00:00,2.0,light
1598940420000,64,102,2020-09-01 06:07:00+00:00,par_15,2020-09-01,2020-09-01 05:42:00+00:00,2020-09-01 14:31:00+00:00,1.0,deep
1598940720000,66,71,2020-09-01 06:12:00+00:00,par_15,2020-09-01,2020-09-01 05:42:00+00:00,2020-09-01 14:31:00+00:00,1.0,deep
1598941020000,68,62,2020-09-01 06:17:00+00:00,par_15,2020-09-01,2020-09-01 05:42:00+00:00,2020-09-01 14:31:00+00:00,1.0,deep
1598941320000,68,57,2020-09-01 06:22:00+00:00,par_15,2020-09-01,2020-09-01 05:42:00+00:00,2020-09-01 14:31:00+00:00,1.0,deep
1598941620000,69,58,2020-09-01 06:27:00+00:00,par_15,2020-09-01,2020-09-01 05:42:00+00:00,2020-09-01 14:31:00+00:00,1.0,deep
1598941920000,0,0,2020-09-01 06:32:00+00:00,par_15,2020-09-01,2020-09-01 05:42:00+00:00,2020-09-01 14:31:00+00:00,1.0,deep
1598942220000,0,0,2020-09-01 06:37:00+00:00,par_15,2020-09-01,2020-09-01 05:42:00+00:00,2020-09-01 14:31:00+00:00,3.0,REM
1598942520000,0,0,2020-09-01 06:42:00+00:00,par_15,2020-09-01,2020-09-01 05:42:00+00:00,2020-09-01 14:31:00+00:00,2.0,light
1598942820000,70,33,2020-09-01 06:47:00+00:00,par_15,2020-09-01,2020-09-01 05:42:00+00:00,2020-09-01 14:31:00+00:00,2.0,light
1598943120000,0,0,2020-09-01 06:52:00+00:00,par_15,2020-09-01,2020-09-01 05:42:00+00:00,2020-09-01 14:31:00+00:00,1.0,deep
1598943420000,0,0,2020-09-01 06:57:00+00:00,par_15,2020-09-01,2020-09-01 05:42:00+00:00,2020-09-01 14:31:00+00:00,1.0,deep
1598943720000,76,40,2020-09-01 07:02:00+00:00,par_15,2020-09-01,2020-09-01 05:42:00+00:00,2020-09-01 14:31:00+00:00,1.0,deep
1598944020000,76,34,2020-09-01 07:07:00+00:00,par_15,2020-09-01,2020-09-01 05:42:00+00:00,2020-09-01 14:31:00+00:00,2.0,light
1598944320000,76,35,2020-09-01 07:12:00+00:00,par_15,2020-09-01,2020-09-01 05:42:00+00:00,2020-09-01 14:31:00+00:00,2.0,light
1598944620000,76,32,2020-09-01 07:17:00+00:00,par_15,2020-09-01,2020-09-01 05:42:00+00:00,2020-09-01 14:31:00+00:00,2.0,light
1598944920000,76,39,2020-09-01 07:22:00+00:00,par_15,2020-09-01,2020-09-01 05:42:00+00:00,2020-09-01 14:31:00+00:00,2.0,light
1598945220000,0,0,2020-09-01 07:27:00+00:00,par_15,2020-09-01,2020-09-01 05:42:00+00:00,2020-09-01 14:31:00+00:00,2.0,light
1598945520000,0,0,2020-09-01 07:32:00+00:00,par_15,2020-09-01,2020-09-01 05:42:00+00:00,2020-09-01 14:31:00+00:00,1.0,deep
1598945820000,0,0,2020-09-01 07:37:00+00:00,par_15,2020-09-01,2020-09-01 05:42:00+00:00,2020-09-01 14:31:00+00:00,1.0,deep
1598946120000,0,0,2020-09-01 07:42:00+00:00,par_15,2020-09-01,2020-09-01 05:42:00+00:00,2020-09-01 14:31:00+00:00,1.0,deep
1598946420000,0,0,2020-09-01 07:47:00+00:00,par_15,2020-09-01,2020-09-01 05:42:00+00:00,2020-09-01 14:31:00+00:00,2.0,light
1598946720000,0,0,2020-09-01 07:52:00+00:00,par_15,2020-09-01,2020-09-01 05:42:00+00:00,2020-09-01 14:31:00+00:00,3.0,REM
1598947020000,0,0,2020-09-01 07:57:00+00:00,par_15,2020-09-01,2020-09-01 05:42:00+00:00,2020-09-01 14:31:00+00:00,1.0,deep
1598947320000,0,0,2020-09-01 08:02:00+00:00,par_15,2020-09-01,2020-09-01 05:42:00+00:00,2020-09-01 14:31:00+00:00,1.0,deep
1598947620000,0,0,2020-09-01 08:07:00+00:00,par_15,2020-09-01,2020-09-01 05:42:00+00:00,2020-09-01 14:31:00+00:00,1.0,deep
1598947920000,0,0,2020-09-01 08:12:00+00:00,par_15,2020-09-01,2020-09-01 05:42:00+00:00,2020-09-01 14:31:00+00:00,2.0,light
1598948220000,66,78,2020-09-01 08:17:00+00:00,par_15,2020-09-01,2020-09-01 05:42:00+00:00,2020-09-01 14:31:00+00:00,3.0,REM
1598948520000,0,0,2020-09-01 08:22:00+00:00,par_15,2020-09-01,2020-09-01 05:42:00+00:00,2020-09-01 14:31:00+00:00,3.0,REM
1598948820000,0,0,2020-09-01 08:27:00+00:00,par_15,2020-09-01,2020-09-01 05:42:00+00:00,2020-09-01 14:31:00+00:00,1.0,deep
1598949120000,0,0,2020-09-01 08:32:00+00:00,par_15,2020-09-01,2020-09-01 05:42:00+00:00,2020-09-01 14:31:00+00:00,3.0,REM
1598949420000,0,0,2020-09-01 08:37:00+00:00,par_15,2020-09-01,2020-09-01 05:42:00+00:00,2020-09-01 14:31:00+00:00,3.0,REM
1598949720000,0,0,2020-09-01 08:42:00+00:00,par_15,2020-09-01,2020-09-01 05:42:00+00:00,2020-09-01 14:31:00+00:00,3.0,REM
1598950020000,0,0,2020-09-01 08:47:00+00:00,par_15,2020-09-01,2020-09-01 05:42:00+00:00,2020-09-01 14:31:00+00:00,3.0,REM
1598950320000,0,0,2020-09-01 08:52:00+00:00,par_15,2020-09-01,2020-09-01 05:42:00+00:00,2020-09-01 14:31:00+00:00,3.0,REM
1598950620000,75,39,2020-09-01 08:57:00+00:00,par_15,2020-09-01,2020-09-01 05:42:00+00:00,2020-09-01 14:31:00+00:00,2.0,light
1598950920000,75,28,2020-09-01 09:02:00+00:00,par_15,2020-09-01,2020-09-01 05:42:00+00:00,2020-09-01 14:31:00+00:00,2.0,light
1598951220000,0,0,2020-09-01 09:07:00+00:00,par_15,2020-09-01,2020-09-01 05:42:00+00:00,2020-09-01 14:31:00+00:00,2.0,light
1598951520000,0,0,2020-09-01 09:12:00+00:00,par_15,2020-09-01,2020-09-01 05:42:00+00:00,2020-09-01 14:31:00+00:00,2.0,light
1598951820000,0,0,2020-09-01 09:17:00+00:00,par_15,2020-09-01,2020-09-01 05:42:00+00:00,2020-09-01 14:31:00+00:00,1.0,deep
1598952120000,68,66,2020-09-01 09:22:00+00:00,par_15,2020-09-01,2020-09-01 05:42:00+00:00,2020-09-01 14:31:00+00:00,2.0,light
1598952420000,65,85,2020-09-01 09:27:00+00:00,par_15,2020-09-01,2020-09-01 05:42:00+00:00,2020-09-01 14:31:00+00:00,2.0,light
1598952720000,0,0,2020-09-01 09:32:00+00:00,par_15,2020-09-01,2020-09-01 05:42:00+00:00,2020-09-01 14:31:00+00:00,2.0,light
1598953020000,66,82,2020-09-01 09:37:00+00:00,par_15,2020-09-01,2020-09-01 05:42:00+00:00,2020-09-01 14:31:00+00:00,2.0,light
1598953320000,67,77,2020-09-01 09:42:00+00:00,par_15,2020-09-01,2020-09-01 05:42:00+00:00,2020-09-01 14:31:00+00:00,1.0,deep
1598953620000,66,74,2020-09-01 09:47:00+00:00,par_15,2020-09-01,2020-09-01 05:42:00+00:00,2020-09-01 14:31:00+00:00,1.0,deep
1598953920000,66,65,2020-09-01 09:52:00+00:00,par_15,2020-09-01,2020-09-01 05:42:00+00:00,2020-09-01 14:31:00+00:00,1.0,deep
1598954220000,66,64,2020-09-01 09:57:00+00:00,par_15,2020-09-01,2020-09-01 05:42:00+00:00,2020-09-01 14:31:00+00:00,1.0,deep
1598954520000,66,70,2020-09-01 10:02:00+00:00,par_15,2020-09-01,2020-09-01 05:42:00+00:00,2020-09-01 14:31:00+00:00,1.0,deep
1598954820000,66,79,2020-09-01 10:07:00+00:00,par_15,2020-09-01,2020-09-01 05:42:00+00:00,2020-09-01 14:31:00+00:00,1.0,deep
1598955120000,0,0,2020-09-01 10:12:00+00:00,par_15,2020-09-01,2020-09-01 05:42:00+00:00,2020-09-01 14:31:00+00:00,3.0,REM
1598955420000,0,0,2020-09-01 10:17:00+00:00,par_15,2020-09-01,2020-09-01 05:42:00+00:00,2020-09-01 14:31:00+00:00,4.0,awake
1598955720000,67,64,2020-09-01 10:22:00+00:00,par_15,2020-09-01,2020-09-01 05:42:00+00:00,2020-09-01 14:31:00+00:00,2.0,light
1598956020000,66,61,2020-09-01 10:27:00+00:00,par_15,2020-09-01,2020-09-01 05:42:00+00:00,2020-09-01 14:31:00+00:00,2.0,light
1598956320000,71,65,2020-09-01 10:32:00+00:00,par_15,2020-09-01,2020-09-01 05:42:00+00:00,2020-09-01 14:31:00+00:00,2.0,light
1598956620000,70,58,2020-09-01 10:37:00+00:00,par_15,2020-09-01,2020-09-01 05:42:00+00:00,2020-09-01 14:31:00+00:00,2.0,light
1598956920000,68,66,2020-09-01 10:42:00+00:00,par_15,2020-09-01,2020-09-01 05:42:00+00:00,2020-09-01 14:31:00+00:00,3.0,REM
1598957220000,0,0,2020-09-01 10:47:00+00:00,par_15,2020-09-01,2020-09-01 05:42:00+00:00,2020-09-01 14:31:00+00:00,3.0,REM
1598957520000,69,58,2020-09-01 10:52:00+00:00,par_15,2020-09-01,2020-09-01 05:42:00+00:00,2020-09-01 14:31:00+00:00,2.0,light
1598957820000,67,73,2020-09-01 10:57:00+00:00,par_15,2020-09-01,2020-09-01 05:42:00+00:00,2020-09-01 14:31:00+00:00,2.0,light
1598958120000,69,59,2020-09-01 11:02:00+00:00,par_15,2020-09-01,2020-09-01 05:42:00+00:00,2020-09-01 14:31:00+00:00,2.0,light
1598958420000,64,73,2020-09-01 11:07:00+00:00,par_15,2020-09-01,2020-09-01 05:42:00+00:00,2020-09-01 14:31:00+00:00,2.0,light
1598958720000,70,57,2020-09-01 11:12:00+00:00,par_15,2020-09-01,2020-09-01 05:42:00+00:00,2020-09-01 14:31:00+00:00,2.0,light
1598959020000,0,0,2020-09-01 11:17:00+00:00,par_15,2020-09-01,2020-09-01 05:42:00+00:00,2020-09-01 14:31:00+00:00,2.0,light
1598959320000,0,0,2020-09-01 11:22:00+00:00,par_15,2020-09-01,2020-09-01 05:42:00+00:00,2020-09-01 14:31:00+00:00,2.0,light
1598959620000,73,49,2020-09-01 11:27:00+00:00,par_15,2020-09-01,2020-09-01 05:42:00+00:00,2020-09-01 14:31:00+00:00,2.0,light
1598959920000,72,48,2020-09-01 11:32:00+00:00,par_15,2020-09-01,2020-09-01 05:42:00+00:00,2020-09-01 14:31:00+00:00,2.0,light
1598960220000,76,37,2020-09-01 11:37:00+00:00,par_15,2020-09-01,2020-09-01 05:42:00+00:00,2020-09-01 14:31:00+00:00,2.0,light
1598960520000,71,44,2020-09-01 11:42:00+00:00,par_15,2020-09-01,2020-09-01 05:42:00+00:00,2020-09-01 14:31:00+00:00,2.0,light
1598960820000,69,76,2020-09-01 11:47:00+00:00,par_15,2020-09-01,2020-09-01 05:42:00+00:00,2020-09-01 14:31:00+00:00,3.0,REM
1598961120000,0,0,2020-09-01 11:52:00+00:00,par_15,2020-09-01,2020-09-01 05:42:00+00:00,2020-09-01 14:31:00+00:00,3.0,REM
1598961420000,0,0,2020-09-01 11:57:00+00:00,par_15,2020-09-01,2020-09-01 05:42:00+00:00,2020-09-01 14:31:00+00:00,3.0,REM
1598961720000,0,0,2020-09-01 12:02:00+00:00,par_15,2020-09-01,2020-09-01 05:42:00+00:00,2020-09-01 14:31:00+00:00,3.0,REM
1598962020000,0,0,2020-09-01 12:07:00+00:00,par_15,2020-09-01,2020-09-01 05:42:00+00:00,2020-09-01 14:31:00+00:00,3.0,REM
1598962320000,0,0,2020-09-01 12:12:00+00:00,par_15,2020-09-01,2020-09-01 05:42:00+00:00,2020-09-01 14:31:00+00:00,3.0,REM
1598962620000,0,0,2020-09-01 12:17:00+00:00,par_15,2020-09-01,2020-09-01 05:42:00+00:00,2020-09-01 14:31:00+00:00,4.0,awake
1598962920000,0,0,2020-09-01 12:22:00+00:00,par_15,2020-09-01,2020-09-01 05:42:00+00:00,2020-09-01 14:31:00+00:00,4.0,awake
1598963220000,0,0,2020-09-01 12:27:00+00:00,par_15,2020-09-01,2020-09-01 05:42:00+00:00,2020-09-01 14:31:00+00:00,4.0,awake
1598963520000,0,0,2020-09-01 12:32:00+00:00,par_15,2020-09-01,2020-09-01 05:42:00+00:00,2020-09-01 14:31:00+00:00,4.0,awake
1598963820000,0,0,2020-09-01 12:37:00+00:00,par_15,2020-09-01,2020-09-01 05:42:00+00:00,2020-09-01 14:31:00+00:00,4.0,awake
1598964120000,0,0,2020-09-01 12:42:00+00:00,par_15,2020-09-01,2020-09-01 05:42:00+00:00,2020-09-01 14:31:00+00:00,1.0,deep
1598964420000,0,0,2020-09-01 12:47:00+00:00,par_15,2020-09-01,2020-09-01 05:42:00+00:00,2020-09-01 14:31:00+00:00,1.0,deep
1598964720000,68,61,2020-09-01 12:52:00+00:00,par_15,2020-09-01,2020-09-01 05:42:00+00:00,2020-09-01 14:31:00+00:00,2.0,light
1598965020000,71,53,2020-09-01 12:57:00+00:00,par_15,2020-09-01,2020-09-01 05:42:00+00:00,2020-09-01 14:31:00+00:00,2.0,light
1598965320000,67,74,2020-09-01 13:02:00+00:00,par_15,2020-09-01,2020-09-01 05:42:00+00:00,2020-09-01 14:31:00+00:00,2.0,light
1598965620000,70,61,2020-09-01 13:07:00+00:00,par_15,2020-09-01,2020-09-01 05:42:00+00:00,2020-09-01 14:31:00+00:00,2.0,light
1598965920000,69,52,2020-09-01 13:12:00+00:00,par_15,2020-09-01,2020-09-01 05:42:00+00:00,2020-09-01 14:31:00+00:00,2.0,light
1598966220000,78,30,2020-09-01 13:17:00+00:00,par_15,2020-09-01,2020-09-01 05:42:00+00:00,2020-09-01 14:31:00+00:00,2.0,light
1598966520000,72,45,2020-09-01 13:22:00+00:00,par_15,2020-09-01,2020-09-01 05:42:00+00:00,2020-09-01 14:31:00+00:00,2.0,light
1598966820000,69,71,2020-09-01 13:27:00+00:00,par_15,2020-09-01,2020-09-01 05:42:00+00:00,2020-09-01 14:31:00+00:00,2.0,light
1598967120000,68,58,2020-09-01 13:32:00+00:00,par_15,2020-09-01,2020-09-01 05:42:00+00:00,2020-09-01 14:31:00+00:00,2.0,light
1598967420000,0,0,2020-09-01 13:37:00+00:00,par_15,2020-09-01,2020-09-01 05:42:00+00:00,2020-09-01 14:31:00+00:00,3.0,REM
1598967720000,0,0,2020-09-01 13:42:00+00:00,par_15,2020-09-01,2020-09-01 05:42:00+00:00,2020-09-01 14:31:00+00:00,3.0,REM
1598968020000,0,0,2020-09-01 13:47:00+00:00,par_15,2020-09-01,2020-09-01 05:42:00+00:00,2020-09-01 14:31:00+00:00,3.0,REM
1598968320000,0,0,2020-09-01 13:52:00+00:00,par_15,2020-09-01,2020-09-01 05:42:00+00:00,2020-09-01 14:31:00+00:00,3.0,REM
1598968620000,72,59,2020-09-01 13:57:00+00:00,par_15,2020-09-01,2020-09-01 05:42:00+00:00,2020-09-01 14:31:00+00:00,2.0,light
1598968920000,67,58,2020-09-01 14:02:00+00:00,par_15,2020-09-01,2020-09-01 05:42:00+00:00,2020-09-01 14:31:00+00:00,2.0,light
1598969220000,64,71,2020-09-01 14:07:00+00:00,par_15,2020-09-01,2020-09-01 05:42:00+00:00,2020-09-01 14:31:00+00:00,2.0,light
1598969520000,63,76,2020-09-01 14:12:00+00:00,par_15,2020-09-01,2020-09-01 05:42:00+00:00,2020-09-01 14:31:00+00:00,2.0,light
1598969820000,0,0,2020-09-01 14:17:00+00:00,par_15,2020-09-01,2020-09-01 05:42:00+00:00,2020-09-01 14:31:00+00:00,4.0,awake
1598970120000,73,38,2020-09-01 14:22:00+00:00,par_15,2020-09-01,2020-09-01 05:42:00+00:00,2020-09-01 14:31:00+00:00,4.0,awake
1598970420000,0,0,2020-09-01 14:27:00+00:00,par_15,2020-09-01,2020-09-01 05:42:00+00:00,2020-09-01 14:31:00+00:00,4.0,awake
1599031442000,90,17,2020-09-02 07:24:02+00:00,par_15,2020-09-02,2020-09-02 07:24:02+00:00,2020-09-02 16:47:02+00:00,4.0,awake
1599031742000,84,20,2020-09-02 07:29:02+00:00,par_15,2020-09-02,2020-09-02 07:24:02+00:00,2020-09-02 16:47:02+00:00,4.0,awake
1599032042000,83,26,2020-09-02 07:34:02+00:00,par_15,2020-09-02,2020-09-02 07:24:02+00:00,2020-09-02 16:47:02+00:00,4.0,awake
1599032342000,79,35,2020-09-02 07:39:02+00:00,par_15,2020-09-02,2020-09-02 07:24:02+00:00,2020-09-02 16:47:02+00:00,2.0,light
1599032642000,78,37,2020-09-02 07:44:02+00:00,par_15,2020-09-02,2020-09-02 07:24:02+00:00,2020-09-02 16:47:02+00:00,2.0,light
1599032942000,78,37,2020-09-02 07:49:02+00:00,par_15,2020-09-02,2020-09-02 07:24:02+00:00,2020-09-02 16:47:02+00:00,1.0,deep
1599033242000,80,43,2020-09-02 07:54:02+00:00,par_15,2020-09-02,2020-09-02 07:24:02+00:00,2020-09-02 16:47:02+00:00,1.0,deep
1599033542000,0,0,2020-09-02 07:59:02+00:00,par_15,2020-09-02,2020-09-02 07:24:02+00:00,2020-09-02 16:47:02+00:00,4.0,awake
1599033842000,0,0,2020-09-02 08:04:02+00:00,par_15,2020-09-02,2020-09-02 07:24:02+00:00,2020-09-02 16:47:02+00:00,3.0,REM
1599034142000,0,0,2020-09-02 08:09:02+00:00,par_15,2020-09-02,2020-09-02 07:24:02+00:00,2020-09-02 16:47:02+00:00,3.0,REM
1599034442000,0,0,2020-09-02 08:14:02+00:00,par_15,2020-09-02,2020-09-02 07:24:02+00:00,2020-09-02 16:47:02+00:00,3.0,REM
1599034742000,0,0,2020-09-02 08:19:02+00:00,par_15,2020-09-02,2020-09-02 07:24:02+00:00,2020-09-02 16:47:02+00:00,3.0,REM
1599035042000,0,0,2020-09-02 08:24:02+00:00,par_15,2020-09-02,2020-09-02 07:24:02+00:00,2020-09-02 16:47:02+00:00,3.0,REM
1599035342000,78,26,2020-09-02 08:29:02+00:00,par_15,2020-09-02,2020-09-02 07:24:02+00:00,2020-09-02 16:47:02+00:00,3.0,REM
1599035642000,76,27,2020-09-02 08:34:02+00:00,par_15,2020-09-02,2020-09-02 07:24:02+00:00,2020-09-02 16:47:02+00:00,2.0,light
1599035942000,0,0,2020-09-02 08:39:02+00:00,par_15,2020-09-02,2020-09-02 07:24:02+00:00,2020-09-02 16:47:02+00:00,2.0,light
1599036242000,69,68,2020-09-02 08:44:02+00:00,par_15,2020-09-02,2020-09-02 07:24:02+00:00,2020-09-02 16:47:02+00:00,4.0,awake
1599036542000,0,0,2020-09-02 08:49:02+00:00,par_15,2020-09-02,2020-09-02 07:24:02+00:00,2020-09-02 16:47:02+00:00,2.0,light
1599036842000,65,71,2020-09-02 08:54:02+00:00,par_15,2020-09-02,2020-09-02 07:24:02+00:00,2020-09-02 16:47:02+00:00,2.0,light
1599037142000,0,0,2020-09-02 08:59:02+00:00,par_15,2020-09-02,2020-09-02 07:24:02+00:00,2020-09-02 16:47:02+00:00,3.0,REM
1599037442000,0,0,2020-09-02 09:04:02+00:00,par_15,2020-09-02,2020-09-02 07:24:02+00:00,2020-09-02 16:47:02+00:00,3.0,REM
1599037742000,0,0,2020-09-02 09:09:02+00:00,par_15,2020-09-02,2020-09-02 07:24:02+00:00,2020-09-02 16:47:02+00:00,2.0,light
1599038042000,0,0,2020-09-02 09:14:02+00:00,par_15,2020-09-02,2020-09-02 07:24:02+00:00,2020-09-02 16:47:02+00:00,2.0,light
1599038342000,0,0,2020-09-02 09:19:02+00:00,par_15,2020-09-02,2020-09-02 07:24:02+00:00,2020-09-02 16:47:02+00:00,2.0,light
1599038642000,0,0,2020-09-02 09:24:02+00:00,par_15,2020-09-02,2020-09-02 07:24:02+00:00,2020-09-02 16:47:02+00:00,1.0,deep
1599038942000,0,0,2020-09-02 09:29:02+00:00,par_15,2020-09-02,2020-09-02 07:24:02+00:00,2020-09-02 16:47:02+00:00,1.0,deep
1599039242000,0,0,2020-09-02 09:34:02+00:00,par_15,2020-09-02,2020-09-02 07:24:02+00:00,2020-09-02 16:47:02+00:00,2.0,light
1599039542000,0,0,2020-09-02 09:39:02+00:00,par_15,2020-09-02,2020-09-02 07:24:02+00:00,2020-09-02 16:47:02+00:00,2.0,light
1599039842000,0,0,2020-09-02 09:44:02+00:00,par_15,2020-09-02,2020-09-02 07:24:02+00:00,2020-09-02 16:47:02+00:00,1.0,deep
1599040142000,0,0,2020-09-02 09:49:02+00:00,par_15,2020-09-02,2020-09-02 07:24:02+00:00,2020-09-02 16:47:02+00:00,1.0,deep
1599040442000,0,0,2020-09-02 09:54:02+00:00,par_15,2020-09-02,2020-09-02 07:24:02+00:00,2020-09-02 16:47:02+00:00,4.0,awake
1599040742000,69,49,2020-09-02 09:59:02+00:00,par_15,2020-09-02,2020-09-02 07:24:02+00:00,2020-09-02 16:47:02+00:00,2.0,light
1599041042000,0,0,2020-09-02 10:04:02+00:00,par_15,2020-09-02,2020-09-02 07:24:02+00:00,2020-09-02 16:47:02+00:00,1.0,deep
1599041342000,0,0,2020-09-02 10:09:02+00:00,par_15,2020-09-02,2020-09-02 07:24:02+00:00,2020-09-02 16:47:02+00:00,1.0,deep
1599041642000,70,68,2020-09-02 10:14:02+00:00,par_15,2020-09-02,2020-09-02 07:24:02+00:00,2020-09-02 16:47:02+00:00,2.0,light
1599041942000,65,85,2020-09-02 10:19:02+00:00,par_15,2020-09-02,2020-09-02 07:24:02+00:00,2020-09-02 16:47:02+00:00,2.0,light
1599042242000,67,74,2020-09-02 10:24:02+00:00,par_15,2020-09-02,2020-09-02 07:24:02+00:00,2020-09-02 16:47:02+00:00,2.0,light
1599042542000,72,65,2020-09-02 10:29:02+00:00,par_15,2020-09-02,2020-09-02 07:24:02+00:00,2020-09-02 16:47:02+00:00,2.0,light
1599042842000,67,61,2020-09-02 10:34:02+00:00,par_15,2020-09-02,2020-09-02 07:24:02+00:00,2020-09-02 16:47:02+00:00,2.0,light
1599043142000,67,56,2020-09-02 10:39:02+00:00,par_15,2020-09-02,2020-09-02 07:24:02+00:00,2020-09-02 16:47:02+00:00,2.0,light
1599043442000,67,56,2020-09-02 10:44:02+00:00,par_15,2020-09-02,2020-09-02 07:24:02+00:00,2020-09-02 16:47:02+00:00,2.0,light
1599043742000,69,39,2020-09-02 10:49:02+00:00,par_15,2020-09-02,2020-09-02 07:24:02+00:00,2020-09-02 16:47:02+00:00,1.0,deep
1599044042000,75,56,2020-09-02 10:54:02+00:00,par_15,2020-09-02,2020-09-02 07:24:02+00:00,2020-09-02 16:47:02+00:00,1.0,deep
1599044342000,66,81,2020-09-02 10:59:02+00:00,par_15,2020-09-02,2020-09-02 07:24:02+00:00,2020-09-02 16:47:02+00:00,2.0,light
1599044642000,66,72,2020-09-02 11:04:02+00:00,par_15,2020-09-02,2020-09-02 07:24:02+00:00,2020-09-02 16:47:02+00:00,2.0,light
1599044942000,73,52,2020-09-02 11:09:02+00:00,par_15,2020-09-02,2020-09-02 07:24:02+00:00,2020-09-02 16:47:02+00:00,2.0,light
1599045242000,74,47,2020-09-02 11:14:02+00:00,par_15,2020-09-02,2020-09-02 07:24:02+00:00,2020-09-02 16:47:02+00:00,1.0,deep
1599045542000,73,47,2020-09-02 11:19:02+00:00,par_15,2020-09-02,2020-09-02 07:24:02+00:00,2020-09-02 16:47:02+00:00,2.0,light
1599045842000,78,21,2020-09-02 11:24:02+00:00,par_15,2020-09-02,2020-09-02 07:24:02+00:00,2020-09-02 16:47:02+00:00,2.0,light
1599046142000,72,53,2020-09-02 11:29:02+00:00,par_15,2020-09-02,2020-09-02 07:24:02+00:00,2020-09-02 16:47:02+00:00,3.0,REM
1599046442000,70,44,2020-09-02 11:34:02+00:00,par_15,2020-09-02,2020-09-02 07:24:02+00:00,2020-09-02 16:47:02+00:00,2.0,light
1599046742000,69,67,2020-09-02 11:39:02+00:00,par_15,2020-09-02,2020-09-02 07:24:02+00:00,2020-09-02 16:47:02+00:00,2.0,light
1599047042000,69,58,2020-09-02 11:44:02+00:00,par_15,2020-09-02,2020-09-02 07:24:02+00:00,2020-09-02 16:47:02+00:00,2.0,light
1599047342000,70,52,2020-09-02 11:49:02+00:00,par_15,2020-09-02,2020-09-02 07:24:02+00:00,2020-09-02 16:47:02+00:00,2.0,light
1599047642000,69,59,2020-09-02 11:54:02+00:00,par_15,2020-09-02,2020-09-02 07:24:02+00:00,2020-09-02 16:47:02+00:00,2.0,light
1599047942000,65,72,2020-09-02 11:59:02+00:00,par_15,2020-09-02,2020-09-02 07:24:02+00:00,2020-09-02 16:47:02+00:00,2.0,light
1599048242000,66,66,2020-09-02 12:04:02+00:00,par_15,2020-09-02,2020-09-02 07:24:02+00:00,2020-09-02 16:47:02+00:00,2.0,light
1599048542000,65,71,2020-09-02 12:09:02+00:00,par_15,2020-09-02,2020-09-02 07:24:02+00:00,2020-09-02 16:47:02+00:00,2.0,light
1599048842000,66,59,2020-09-02 12:14:02+00:00,par_15,2020-09-02,2020-09-02 07:24:02+00:00,2020-09-02 16:47:02+00:00,1.0,deep
1599049142000,66,63,2020-09-02 12:19:02+00:00,par_15,2020-09-02,2020-09-02 07:24:02+00:00,2020-09-02 16:47:02+00:00,1.0,deep
1599049442000,66,57,2020-09-02 12:24:02+00:00,par_15,2020-09-02,2020-09-02 07:24:02+00:00,2020-09-02 16:47:02+00:00,1.0,deep
1599049742000,68,53,2020-09-02 12:29:02+00:00,par_15,2020-09-02,2020-09-02 07:24:02+00:00,2020-09-02 16:47:02+00:00,1.0,deep
1599050042000,81,33,2020-09-02 12:34:02+00:00,par_15,2020-09-02,2020-09-02 07:24:02+00:00,2020-09-02 16:47:02+00:00,1.0,deep
1599050342000,71,68,2020-09-02 12:39:02+00:00,par_15,2020-09-02,2020-09-02 07:24:02+00:00,2020-09-02 16:47:02+00:00,2.0,light
1599050642000,64,80,2020-09-02 12:44:02+00:00,par_15,2020-09-02,2020-09-02 07:24:02+00:00,2020-09-02 16:47:02+00:00,2.0,light
1599050942000,66,79,2020-09-02 12:49:02+00:00,par_15,2020-09-02,2020-09-02 07:24:02+00:00,2020-09-02 16:47:02+00:00,2.0,light
1599051242000,72,61,2020-09-02 12:54:02+00:00,par_15,2020-09-02,2020-09-02 07:24:02+00:00,2020-09-02 16:47:02+00:00,2.0,light
1599051542000,74,50,2020-09-02 12:59:02+00:00,par_15,2020-09-02,2020-09-02 07:24:02+00:00,2020-09-02 16:47:02+00:00,4.0,awake
1599051842000,0,0,2020-09-02 13:04:02+00:00,par_15,2020-09-02,2020-09-02 07:24:02+00:00,2020-09-02 16:47:02+00:00,4.0,awake
1599052142000,0,0,2020-09-02 13:09:02+00:00,par_15,2020-09-02,2020-09-02 07:24:02+00:00,2020-09-02 16:47:02+00:00,4.0,awake
1599052442000,74,65,2020-09-02 13:14:02+00:00,par_15,2020-09-02,2020-09-02 07:24:02+00:00,2020-09-02 16:47:02+00:00,4.0,awake
1599052742000,67,79,2020-09-02 13:19:02+00:00,par_15,2020-09-02,2020-09-02 07:24:02+00:00,2020-09-02 16:47:02+00:00,4.0,awake
1599053042000,0,0,2020-09-02 13:24:02+00:00,par_15,2020-09-02,2020-09-02 07:24:02+00:00,2020-09-02 16:47:02+00:00,4.0,awake
1599053342000,0,0,2020-09-02 13:29:02+00:00,par_15,2020-09-02,2020-09-02 07:24:02+00:00,2020-09-02 16:47:02+00:00,4.0,awake
1599053642000,0,0,2020-09-02 13:34:02+00:00,par_15,2020-09-02,2020-09-02 07:24:02+00:00,2020-09-02 16:47:02+00:00,4.0,awake
1599053942000,0,0,2020-09-02 13:39:02+00:00,par_15,2020-09-02,2020-09-02 07:24:02+00:00,2020-09-02 16:47:02+00:00,4.0,awake
1599054242000,72,53,2020-09-02 13:44:02+00:00,par_15,2020-09-02,2020-09-02 07:24:02+00:00,2020-09-02 16:47:02+00:00,4.0,awake
1599054542000,73,47,2020-09-02 13:49:02+00:00,par_15,2020-09-02,2020-09-02 07:24:02+00:00,2020-09-02 16:47:02+00:00,4.0,awake
1599054842000,74,36,2020-09-02 13:54:02+00:00,par_15,2020-09-02,2020-09-02 07:24:02+00:00,2020-09-02 16:47:02+00:00,4.0,awake
1599055142000,70,62,2020-09-02 13:59:02+00:00,par_15,2020-09-02,2020-09-02 07:24:02+00:00,2020-09-02 16:47:02+00:00,2.0,light
1599055442000,70,70,2020-09-02 14:04:02+00:00,par_15,2020-09-02,2020-09-02 07:24:02+00:00,2020-09-02 16:47:02+00:00,2.0,light
1599055742000,66,69,2020-09-02 14:09:02+00:00,par_15,2020-09-02,2020-09-02 07:24:02+00:00,2020-09-02 16:47:02+00:00,2.0,light
1599056042000,68,79,2020-09-02 14:14:02+00:00,par_15,2020-09-02,2020-09-02 07:24:02+00:00,2020-09-02 16:47:02+00:00,2.0,light
1599056342000,67,72,2020-09-02 14:19:02+00:00,par_15,2020-09-02,2020-09-02 07:24:02+00:00,2020-09-02 16:47:02+00:00,2.0,light
1599056642000,72,73,2020-09-02 14:24:02+00:00,par_15,2020-09-02,2020-09-02 07:24:02+00:00,2020-09-02 16:47:02+00:00,2.0,light
1599056942000,63,83,2020-09-02 14:29:02+00:00,par_15,2020-09-02,2020-09-02 07:24:02+00:00,2020-09-02 16:47:02+00:00,2.0,light
1599057242000,64,93,2020-09-02 14:34:02+00:00,par_15,2020-09-02,2020-09-02 07:24:02+00:00,2020-09-02 16:47:02+00:00,2.0,light
1599057542000,65,81,2020-09-02 14:39:02+00:00,par_15,2020-09-02,2020-09-02 07:24:02+00:00,2020-09-02 16:47:02+00:00,1.0,deep
1599057842000,77,35,2020-09-02 14:44:02+00:00,par_15,2020-09-02,2020-09-02 07:24:02+00:00,2020-09-02 16:47:02+00:00,1.0,deep
1599058142000,76,31,2020-09-02 14:49:02+00:00,par_15,2020-09-02,2020-09-02 07:24:02+00:00,2020-09-02 16:47:02+00:00,3.0,REM
1599058442000,78,20,2020-09-02 14:54:02+00:00,par_15,2020-09-02,2020-09-02 07:24:02+00:00,2020-09-02 16:47:02+00:00,3.0,REM
1599058742000,74,55,2020-09-02 14:59:02+00:00,par_15,2020-09-02,2020-09-02 07:24:02+00:00,2020-09-02 16:47:02+00:00,3.0,REM
1599059042000,71,64,2020-09-02 15:04:02+00:00,par_15,2020-09-02,2020-09-02 07:24:02+00:00,2020-09-02 16:47:02+00:00,2.0,light
1599059342000,0,0,2020-09-02 15:09:02+00:00,par_15,2020-09-02,2020-09-02 07:24:02+00:00,2020-09-02 16:47:02+00:00,2.0,light
1599059642000,0,0,2020-09-02 15:14:02+00:00,par_15,2020-09-02,2020-09-02 07:24:02+00:00,2020-09-02 16:47:02+00:00,2.0,light
1599059942000,0,0,2020-09-02 15:19:02+00:00,par_15,2020-09-02,2020-09-02 07:24:02+00:00,2020-09-02 16:47:02+00:00,4.0,awake
1599060242000,0,0,2020-09-02 15:24:02+00:00,par_15,2020-09-02,2020-09-02 07:24:02+00:00,2020-09-02 16:47:02+00:00,3.0,REM
1599060542000,0,0,2020-09-02 15:29:02+00:00,par_15,2020-09-02,2020-09-02 07:24:02+00:00,2020-09-02 16:47:02+00:00,3.0,REM
1599060842000,0,0,2020-09-02 15:34:02+00:00,par_15,2020-09-02,2020-09-02 07:24:02+00:00,2020-09-02 16:47:02+00:00,3.0,REM
1599061142000,0,0,2020-09-02 15:39:02+00:00,par_15,2020-09-02,2020-09-02 07:24:02+00:00,2020-09-02 16:47:02+00:00,3.0,REM
1599061442000,0,0,2020-09-02 15:44:02+00:00,par_15,2020-09-02,2020-09-02 07:24:02+00:00,2020-09-02 16:47:02+00:00,3.0,REM
1599061742000,0,0,2020-09-02 15:49:02+00:00,par_15,2020-09-02,2020-09-02 07:24:02+00:00,2020-09-02 16:47:02+00:00,3.0,REM
1599062042000,0,0,2020-09-02 15:54:02+00:00,par_15,2020-09-02,2020-09-02 07:24:02+00:00,2020-09-02 16:47:02+00:00,2.0,light
1599062342000,0,0,2020-09-02 15:59:02+00:00,par_15,2020-09-02,2020-09-02 07:24:02+00:00,2020-09-02 16:47:02+00:00,4.0,awake
1599062642000,0,0,2020-09-02 16:04:02+00:00,par_15,2020-09-02,2020-09-02 07:24:02+00:00,2020-09-02 16:47:02+00:00,4.0,awake
1599062942000,69,99,2020-09-02 16:09:02+00:00,par_15,2020-09-02,2020-09-02 07:24:02+00:00,2020-09-02 16:47:02+00:00,4.0,awake
1599063242000,69,75,2020-09-02 16:14:02+00:00,par_15,2020-09-02,2020-09-02 07:24:02+00:00,2020-09-02 16:47:02+00:00,2.0,light
1599063542000,66,92,2020-09-02 16:19:02+00:00,par_15,2020-09-02,2020-09-02 07:24:02+00:00,2020-09-02 16:47:02+00:00,2.0,light
1599063842000,67,75,2020-09-02 16:24:02+00:00,par_15,2020-09-02,2020-09-02 07:24:02+00:00,2020-09-02 16:47:02+00:00,2.0,light
1599064142000,69,62,2020-09-02 16:29:02+00:00,par_15,2020-09-02,2020-09-02 07:24:02+00:00,2020-09-02 16:47:02+00:00,2.0,light
1599064442000,72,60,2020-09-02 16:34:02+00:00,par_15,2020-09-02,2020-09-02 07:24:02+00:00,2020-09-02 16:47:02+00:00,2.0,light
1599064742000,71,58,2020-09-02 16:39:02+00:00,par_15,2020-09-02,2020-09-02 07:24:02+00:00,2020-09-02 16:47:02+00:00,2.0,light
1599065042000,0,0,2020-09-02 16:44:02+00:00,par_15,2020-09-02,2020-09-02 07:24:02+00:00,2020-09-02 16:47:02+00:00,4.0,awake
1599115142000,78,51,2020-09-03 06:39:02+00:00,par_15,2020-09-03,2020-09-03 06:39:02+00:00,2020-09-03 12:21:02+00:00,4.0,awake
1599115442000,76,56,2020-09-03 06:44:02+00:00,par_15,2020-09-03,2020-09-03 06:39:02+00:00,2020-09-03 12:21:02+00:00,4.0,awake
1599115742000,77,47,2020-09-03 06:49:02+00:00,par_15,2020-09-03,2020-09-03 06:39:02+00:00,2020-09-03 12:21:02+00:00,2.0,light
1599116042000,77,33,2020-09-03 06:54:02+00:00,par_15,2020-09-03,2020-09-03 06:39:02+00:00,2020-09-03 12:21:02+00:00,4.0,awake
1599116342000,79,29,2020-09-03 06:59:02+00:00,par_15,2020-09-03,2020-09-03 06:39:02+00:00,2020-09-03 12:21:02+00:00,4.0,awake
1599116642000,73,53,2020-09-03 07:04:02+00:00,par_15,2020-09-03,2020-09-03 06:39:02+00:00,2020-09-03 12:21:02+00:00,4.0,awake
1599116942000,73,53,2020-09-03 07:09:02+00:00,par_15,2020-09-03,2020-09-03 06:39:02+00:00,2020-09-03 12:21:02+00:00,2.0,light
1599117242000,74,50,2020-09-03 07:14:02+00:00,par_15,2020-09-03,2020-09-03 06:39:02+00:00,2020-09-03 12:21:02+00:00,2.0,light
1599117542000,75,42,2020-09-03 07:19:02+00:00,par_15,2020-09-03,2020-09-03 06:39:02+00:00,2020-09-03 12:21:02+00:00,2.0,light
1599117842000,75,38,2020-09-03 07:24:02+00:00,par_15,2020-09-03,2020-09-03 06:39:02+00:00,2020-09-03 12:21:02+00:00,2.0,light
1599118142000,77,27,2020-09-03 07:29:02+00:00,par_15,2020-09-03,2020-09-03 06:39:02+00:00,2020-09-03 12:21:02+00:00,1.0,deep
1599118442000,78,30,2020-09-03 07:34:02+00:00,par_15,2020-09-03,2020-09-03 06:39:02+00:00,2020-09-03 12:21:02+00:00,1.0,deep
1599118742000,80,20,2020-09-03 07:39:02+00:00,par_15,2020-09-03,2020-09-03 06:39:02+00:00,2020-09-03 12:21:02+00:00,1.0,deep
1599119042000,80,25,2020-09-03 07:44:02+00:00,par_15,2020-09-03,2020-09-03 06:39:02+00:00,2020-09-03 12:21:02+00:00,1.0,deep
1599119342000,82,27,2020-09-03 07:49:02+00:00,par_15,2020-09-03,2020-09-03 06:39:02+00:00,2020-09-03 12:21:02+00:00,1.0,deep
1599119642000,77,38,2020-09-03 07:54:02+00:00,par_15,2020-09-03,2020-09-03 06:39:02+00:00,2020-09-03 12:21:02+00:00,2.0,light
1599119942000,79,32,2020-09-03 07:59:02+00:00,par_15,2020-09-03,2020-09-03 06:39:02+00:00,2020-09-03 12:21:02+00:00,2.0,light
1599120242000,77,45,2020-09-03 08:04:02+00:00,par_15,2020-09-03,2020-09-03 06:39:02+00:00,2020-09-03 12:21:02+00:00,2.0,light
1599120542000,77,29,2020-09-03 08:09:02+00:00,par_15,2020-09-03,2020-09-03 06:39:02+00:00,2020-09-03 12:21:02+00:00,2.0,light
1599120842000,76,32,2020-09-03 08:14:02+00:00,par_15,2020-09-03,2020-09-03 06:39:02+00:00,2020-09-03 12:21:02+00:00,2.0,light
1599121142000,76,25,2020-09-03 08:19:02+00:00,par_15,2020-09-03,2020-09-03 06:39:02+00:00,2020-09-03 12:21:02+00:00,1.0,deep
1599121442000,76,28,2020-09-03 08:24:02+00:00,par_15,2020-09-03,2020-09-03 06:39:02+00:00,2020-09-03 12:21:02+00:00,1.0,deep
1599121742000,75,43,2020-09-03 08:29:02+00:00,par_15,2020-09-03,2020-09-03 06:39:02+00:00,2020-09-03 12:21:02+00:00,2.0,light
1599122042000,75,52,2020-09-03 08:34:02+00:00,par_15,2020-09-03,2020-09-03 06:39:02+00:00,2020-09-03 12:21:02+00:00,2.0,light
1599122342000,74,51,2020-09-03 08:39:02+00:00,par_15,2020-09-03,2020-09-03 06:39:02+00:00,2020-09-03 12:21:02+00:00,2.0,light
1599122642000,72,42,2020-09-03 08:44:02+00:00,par_15,2020-09-03,2020-09-03 06:39:02+00:00,2020-09-03 12:21:02+00:00,2.0,light
1599122942000,73,39,2020-09-03 08:49:02+00:00,par_15,2020-09-03,2020-09-03 06:39:02+00:00,2020-09-03 12:21:02+00:00,1.0,deep
1599123242000,73,38,2020-09-03 08:54:02+00:00,par_15,2020-09-03,2020-09-03 06:39:02+00:00,2020-09-03 12:21:02+00:00,1.0,deep
1599123542000,73,40,2020-09-03 08:59:02+00:00,par_15,2020-09-03,2020-09-03 06:39:02+00:00,2020-09-03 12:21:02+00:00,1.0,deep
1599123842000,77,40,2020-09-03 09:04:02+00:00,par_15,2020-09-03,2020-09-03 06:39:02+00:00,2020-09-03 12:21:02+00:00,1.0,deep
1599124142000,75,43,2020-09-03 09:09:02+00:00,par_15,2020-09-03,2020-09-03 06:39:02+00:00,2020-09-03 12:21:02+00:00,2.0,light
1599124442000,78,27,2020-09-03 09:14:02+00:00,par_15,2020-09-03,2020-09-03 06:39:02+00:00,2020-09-03 12:21:02+00:00,3.0,REM
1599124742000,84,16,2020-09-03 09:19:02+00:00,par_15,2020-09-03,2020-09-03 06:39:02+00:00,2020-09-03 12:21:02+00:00,3.0,REM
1599125042000,78,39,2020-09-03 09:24:02+00:00,par_15,2020-09-03,2020-09-03 06:39:02+00:00,2020-09-03 12:21:02+00:00,3.0,REM
1599125342000,77,33,2020-09-03 09:29:02+00:00,par_15,2020-09-03,2020-09-03 06:39:02+00:00,2020-09-03 12:21:02+00:00,3.0,REM
1599125642000,76,41,2020-09-03 09:34:02+00:00,par_15,2020-09-03,2020-09-03 06:39:02+00:00,2020-09-03 12:21:02+00:00,3.0,REM
1599125942000,75,56,2020-09-03 09:39:02+00:00,par_15,2020-09-03,2020-09-03 06:39:02+00:00,2020-09-03 12:21:02+00:00,3.0,REM
1599126242000,72,60,2020-09-03 09:44:02+00:00,par_15,2020-09-03,2020-09-03 06:39:02+00:00,2020-09-03 12:21:02+00:00,2.0,light
1599126542000,70,65,2020-09-03 09:49:02+00:00,par_15,2020-09-03,2020-09-03 06:39:02+00:00,2020-09-03 12:21:02+00:00,2.0,light
1599126842000,67,68,2020-09-03 09:54:02+00:00,par_15,2020-09-03,2020-09-03 06:39:02+00:00,2020-09-03 12:21:02+00:00,2.0,light
1599127142000,67,67,2020-09-03 09:59:02+00:00,par_15,2020-09-03,2020-09-03 06:39:02+00:00,2020-09-03 12:21:02+00:00,1.0,deep
1599127442000,67,64,2020-09-03 10:04:02+00:00,par_15,2020-09-03,2020-09-03 06:39:02+00:00,2020-09-03 12:21:02+00:00,1.0,deep
1599127742000,76,45,2020-09-03 10:09:02+00:00,par_15,2020-09-03,2020-09-03 06:39:02+00:00,2020-09-03 12:21:02+00:00,1.0,deep
1599128042000,72,64,2020-09-03 10:14:02+00:00,par_15,2020-09-03,2020-09-03 06:39:02+00:00,2020-09-03 12:21:02+00:00,2.0,light
1599128342000,69,67,2020-09-03 10:19:02+00:00,par_15,2020-09-03,2020-09-03 06:39:02+00:00,2020-09-03 12:21:02+00:00,2.0,light
1599128642000,67,69,2020-09-03 10:24:02+00:00,par_15,2020-09-03,2020-09-03 06:39:02+00:00,2020-09-03 12:21:02+00:00,2.0,light
1599128942000,68,61,2020-09-03 10:29:02+00:00,par_15,2020-09-03,2020-09-03 06:39:02+00:00,2020-09-03 12:21:02+00:00,1.0,deep
1599129242000,71,64,2020-09-03 10:34:02+00:00,par_15,2020-09-03,2020-09-03 06:39:02+00:00,2020-09-03 12:21:02+00:00,1.0,deep
1599129542000,68,68,2020-09-03 10:39:02+00:00,par_15,2020-09-03,2020-09-03 06:39:02+00:00,2020-09-03 12:21:02+00:00,2.0,light
1599129842000,69,60,2020-09-03 10:44:02+00:00,par_15,2020-09-03,2020-09-03 06:39:02+00:00,2020-09-03 12:21:02+00:00,1.0,deep
1599130142000,69,61,2020-09-03 10:49:02+00:00,par_15,2020-09-03,2020-09-03 06:39:02+00:00,2020-09-03 12:21:02+00:00,1.0,deep
1599130442000,69,58,2020-09-03 10:54:02+00:00,par_15,2020-09-03,2020-09-03 06:39:02+00:00,2020-09-03 12:21:02+00:00,1.0,deep
1599130742000,69,58,2020-09-03 10:59:02+00:00,par_15,2020-09-03,2020-09-03 06:39:02+00:00,2020-09-03 12:21:02+00:00,1.0,deep
1599131042000,77,51,2020-09-03 11:04:02+00:00,par_15,2020-09-03,2020-09-03 06:39:02+00:00,2020-09-03 12:21:02+00:00,1.0,deep
1599131342000,76,40,2020-09-03 11:09:02+00:00,par_15,2020-09-03,2020-09-03 06:39:02+00:00,2020-09-03 12:21:02+00:00,3.0,REM
1599131642000,78,29,2020-09-03 11:14:02+00:00,par_15,2020-09-03,2020-09-03 06:39:02+00:00,2020-09-03 12:21:02+00:00,3.0,REM
1599131942000,77,35,2020-09-03 11:19:02+00:00,par_15,2020-09-03,2020-09-03 06:39:02+00:00,2020-09-03 12:21:02+00:00,3.0,REM
1599132242000,75,52,2020-09-03 11:24:02+00:00,par_15,2020-09-03,2020-09-03 06:39:02+00:00,2020-09-03 12:21:02+00:00,3.0,REM
1599132542000,68,83,2020-09-03 11:29:02+00:00,par_15,2020-09-03,2020-09-03 06:39:02+00:00,2020-09-03 12:21:02+00:00,2.0,light
1599132842000,75,46,2020-09-03 11:34:02+00:00,par_15,2020-09-03,2020-09-03 06:39:02+00:00,2020-09-03 12:21:02+00:00,2.0,light
1599133142000,78,35,2020-09-03 11:39:02+00:00,par_15,2020-09-03,2020-09-03 06:39:02+00:00,2020-09-03 12:21:02+00:00,4.0,awake
1599133442000,70,57,2020-09-03 11:44:02+00:00,par_15,2020-09-03,2020-09-03 06:39:02+00:00,2020-09-03 12:21:02+00:00,2.0,light
1599133742000,0,0,2020-09-03 11:49:02+00:00,par_15,2020-09-03,2020-09-03 06:39:02+00:00,2020-09-03 12:21:02+00:00,4.0,awake
1599134042000,75,49,2020-09-03 11:54:02+00:00,par_15,2020-09-03,2020-09-03 06:39:02+00:00,2020-09-03 12:21:02+00:00,4.0,awake
1599134342000,0,0,2020-09-03 11:59:02+00:00,par_15,2020-09-03,2020-09-03 06:39:02+00:00,2020-09-03 12:21:02+00:00,4.0,awake
1599134642000,0,0,2020-09-03 12:04:02+00:00,par_15,2020-09-03,2020-09-03 06:39:02+00:00,2020-09-03 12:21:02+00:00,4.0,awake
1599134942000,79,34,2020-09-03 12:09:02+00:00,par_15,2020-09-03,2020-09-03 06:39:02+00:00,2020-09-03 12:21:02+00:00,4.0,awake
1599135242000,75,44,2020-09-03 12:14:02+00:00,par_15,2020-09-03,2020-09-03 06:39:02+00:00,2020-09-03 12:21:02+00:00,4.0,awake
1599135542000,0,0,2020-09-03 12:19:02+00:00,par_15,2020-09-03,2020-09-03 06:39:02+00:00,2020-09-03 12:21:02+00:00,4.0,awake
1599199860000,0,0,2020-09-04 06:11:00+00:00,par_15,2020-09-04,2020-09-04 06:11:00+00:00,2020-09-04 15:23:00+00:00,4.0,awake
1599200160000,73,47,2020-09-04 06:16:00+00:00,par_15,2020-09-04,2020-09-04 06:11:00+00:00,2020-09-04 15:23:00+00:00,4.0,awake
1599200460000,72,63,2020-09-04 06:21:00+00:00,par_15,2020-09-04,2020-09-04 06:11:00+00:00,2020-09-04 15:23:00+00:00,2.0,light
1599200760000,71,57,2020-09-04 06:26:00+00:00,par_15,2020-09-04,2020-09-04 06:11:00+00:00,2020-09-04 15:23:00+00:00,2.0,light
1599201060000,68,71,2020-09-04 06:31:00+00:00,par_15,2020-09-04,2020-09-04 06:11:00+00:00,2020-09-04 15:23:00+00:00,2.0,light
1599201360000,68,58,2020-09-04 06:36:00+00:00,par_15,2020-09-04,2020-09-04 06:11:00+00:00,2020-09-04 15:23:00+00:00,2.0,light
1599201660000,64,84,2020-09-04 06:41:00+00:00,par_15,2020-09-04,2020-09-04 06:11:00+00:00,2020-09-04 15:23:00+00:00,2.0,light
1599201960000,64,82,2020-09-04 06:46:00+00:00,par_15,2020-09-04,2020-09-04 06:11:00+00:00,2020-09-04 15:23:00+00:00,1.0,deep
1599202260000,64,89,2020-09-04 06:51:00+00:00,par_15,2020-09-04,2020-09-04 06:11:00+00:00,2020-09-04 15:23:00+00:00,1.0,deep
1599202560000,65,84,2020-09-04 06:56:00+00:00,par_15,2020-09-04,2020-09-04 06:11:00+00:00,2020-09-04 15:23:00+00:00,1.0,deep
1599202860000,66,76,2020-09-04 07:01:00+00:00,par_15,2020-09-04,2020-09-04 06:11:00+00:00,2020-09-04 15:23:00+00:00,1.0,deep
1599203160000,68,65,2020-09-04 07:06:00+00:00,par_15,2020-09-04,2020-09-04 06:11:00+00:00,2020-09-04 15:23:00+00:00,1.0,deep
1599203460000,68,65,2020-09-04 07:11:00+00:00,par_15,2020-09-04,2020-09-04 06:11:00+00:00,2020-09-04 15:23:00+00:00,1.0,deep
1599203760000,70,58,2020-09-04 07:16:00+00:00,par_15,2020-09-04,2020-09-04 06:11:00+00:00,2020-09-04 15:23:00+00:00,1.0,deep
1599204060000,73,63,2020-09-04 07:21:00+00:00,par_15,2020-09-04,2020-09-04 06:11:00+00:00,2020-09-04 15:23:00+00:00,1.0,deep
1599204360000,72,66,2020-09-04 07:26:00+00:00,par_15,2020-09-04,2020-09-04 06:11:00+00:00,2020-09-04 15:23:00+00:00,2.0,light
1599204660000,74,57,2020-09-04 07:31:00+00:00,par_15,2020-09-04,2020-09-04 06:11:00+00:00,2020-09-04 15:23:00+00:00,2.0,light
1599204960000,80,29,2020-09-04 07:36:00+00:00,par_15,2020-09-04,2020-09-04 06:11:00+00:00,2020-09-04 15:23:00+00:00,3.0,REM
1599205260000,81,28,2020-09-04 07:41:00+00:00,par_15,2020-09-04,2020-09-04 06:11:00+00:00,2020-09-04 15:23:00+00:00,3.0,REM
1599205560000,83,26,2020-09-04 07:46:00+00:00,par_15,2020-09-04,2020-09-04 06:11:00+00:00,2020-09-04 15:23:00+00:00,3.0,REM
1599205860000,80,24,2020-09-04 07:51:00+00:00,par_15,2020-09-04,2020-09-04 06:11:00+00:00,2020-09-04 15:23:00+00:00,2.0,light
1599206160000,77,39,2020-09-04 07:56:00+00:00,par_15,2020-09-04,2020-09-04 06:11:00+00:00,2020-09-04 15:23:00+00:00,1.0,deep
1599206460000,76,35,2020-09-04 08:01:00+00:00,par_15,2020-09-04,2020-09-04 06:11:00+00:00,2020-09-04 15:23:00+00:00,1.0,deep
1599206760000,76,34,2020-09-04 08:06:00+00:00,par_15,2020-09-04,2020-09-04 06:11:00+00:00,2020-09-04 15:23:00+00:00,1.0,deep
1599207060000,75,33,2020-09-04 08:11:00+00:00,par_15,2020-09-04,2020-09-04 06:11:00+00:00,2020-09-04 15:23:00+00:00,1.0,deep
1599207360000,76,31,2020-09-04 08:16:00+00:00,par_15,2020-09-04,2020-09-04 06:11:00+00:00,2020-09-04 15:23:00+00:00,1.0,deep
1599207660000,80,34,2020-09-04 08:21:00+00:00,par_15,2020-09-04,2020-09-04 06:11:00+00:00,2020-09-04 15:23:00+00:00,4.0,awake
1599207960000,73,57,2020-09-04 08:26:00+00:00,par_15,2020-09-04,2020-09-04 06:11:00+00:00,2020-09-04 15:23:00+00:00,2.0,light
1599208260000,71,47,2020-09-04 08:31:00+00:00,par_15,2020-09-04,2020-09-04 06:11:00+00:00,2020-09-04 15:23:00+00:00,2.0,light
1599208560000,72,51,2020-09-04 08:36:00+00:00,par_15,2020-09-04,2020-09-04 06:11:00+00:00,2020-09-04 15:23:00+00:00,1.0,deep
1599208860000,72,53,2020-09-04 08:41:00+00:00,par_15,2020-09-04,2020-09-04 06:11:00+00:00,2020-09-04 15:23:00+00:00,1.0,deep
1599209160000,72,47,2020-09-04 08:46:00+00:00,par_15,2020-09-04,2020-09-04 06:11:00+00:00,2020-09-04 15:23:00+00:00,1.0,deep
1599209460000,72,46,2020-09-04 08:51:00+00:00,par_15,2020-09-04,2020-09-04 06:11:00+00:00,2020-09-04 15:23:00+00:00,1.0,deep
1599209760000,72,59,2020-09-04 08:56:00+00:00,par_15,2020-09-04,2020-09-04 06:11:00+00:00,2020-09-04 15:23:00+00:00,1.0,deep
1599210060000,71,62,2020-09-04 09:01:00+00:00,par_15,2020-09-04,2020-09-04 06:11:00+00:00,2020-09-04 15:23:00+00:00,2.0,light
1599210360000,73,54,2020-09-04 09:06:00+00:00,par_15,2020-09-04,2020-09-04 06:11:00+00:00,2020-09-04 15:23:00+00:00,2.0,light
1599210660000,79,23,2020-09-04 09:11:00+00:00,par_15,2020-09-04,2020-09-04 06:11:00+00:00,2020-09-04 15:23:00+00:00,3.0,REM
1599210960000,78,32,2020-09-04 09:16:00+00:00,par_15,2020-09-04,2020-09-04 06:11:00+00:00,2020-09-04 15:23:00+00:00,3.0,REM
1599211260000,71,59,2020-09-04 09:21:00+00:00,par_15,2020-09-04,2020-09-04 06:11:00+00:00,2020-09-04 15:23:00+00:00,2.0,light
1599211560000,73,48,2020-09-04 09:26:00+00:00,par_15,2020-09-04,2020-09-04 06:11:00+00:00,2020-09-04 15:23:00+00:00,2.0,light
1599211860000,74,44,2020-09-04 09:31:00+00:00,par_15,2020-09-04,2020-09-04 06:11:00+00:00,2020-09-04 15:23:00+00:00,3.0,REM
1599212160000,79,20,2020-09-04 09:36:00+00:00,par_15,2020-09-04,2020-09-04 06:11:00+00:00,2020-09-04 15:23:00+00:00,3.0,REM
1599212460000,72,60,2020-09-04 09:41:00+00:00,par_15,2020-09-04,2020-09-04 06:11:00+00:00,2020-09-04 15:23:00+00:00,2.0,light
1599212760000,71,58,2020-09-04 09:46:00+00:00,par_15,2020-09-04,2020-09-04 06:11:00+00:00,2020-09-04 15:23:00+00:00,2.0,light
1599213060000,68,61,2020-09-04 09:51:00+00:00,par_15,2020-09-04,2020-09-04 06:11:00+00:00,2020-09-04 15:23:00+00:00,2.0,light
1599213360000,69,64,2020-09-04 09:56:00+00:00,par_15,2020-09-04,2020-09-04 06:11:00+00:00,2020-09-04 15:23:00+00:00,2.0,light
1599213660000,68,61,2020-09-04 10:01:00+00:00,par_15,2020-09-04,2020-09-04 06:11:00+00:00,2020-09-04 15:23:00+00:00,2.0,light
1599213960000,66,69,2020-09-04 10:06:00+00:00,par_15,2020-09-04,2020-09-04 06:11:00+00:00,2020-09-04 15:23:00+00:00,2.0,light
1599214260000,66,74,2020-09-04 10:11:00+00:00,par_15,2020-09-04,2020-09-04 06:11:00+00:00,2020-09-04 15:23:00+00:00,1.0,deep
1599214560000,67,69,2020-09-04 10:16:00+00:00,par_15,2020-09-04,2020-09-04 06:11:00+00:00,2020-09-04 15:23:00+00:00,1.0,deep
1599214860000,66,65,2020-09-04 10:21:00+00:00,par_15,2020-09-04,2020-09-04 06:11:00+00:00,2020-09-04 15:23:00+00:00,2.0,light
1599215160000,68,70,2020-09-04 10:26:00+00:00,par_15,2020-09-04,2020-09-04 06:11:00+00:00,2020-09-04 15:23:00+00:00,2.0,light
1599215460000,68,75,2020-09-04 10:31:00+00:00,par_15,2020-09-04,2020-09-04 06:11:00+00:00,2020-09-04 15:23:00+00:00,2.0,light
1599215760000,66,72,2020-09-04 10:36:00+00:00,par_15,2020-09-04,2020-09-04 06:11:00+00:00,2020-09-04 15:23:00+00:00,2.0,light
1599216060000,69,60,2020-09-04 10:41:00+00:00,par_15,2020-09-04,2020-09-04 06:11:00+00:00,2020-09-04 15:23:00+00:00,2.0,light
1599216360000,65,79,2020-09-04 10:46:00+00:00,par_15,2020-09-04,2020-09-04 06:11:00+00:00,2020-09-04 15:23:00+00:00,2.0,light
1599216660000,67,76,2020-09-04 10:51:00+00:00,par_15,2020-09-04,2020-09-04 06:11:00+00:00,2020-09-04 15:23:00+00:00,2.0,light
1599216960000,65,66,2020-09-04 10:56:00+00:00,par_15,2020-09-04,2020-09-04 06:11:00+00:00,2020-09-04 15:23:00+00:00,2.0,light
1599217260000,66,58,2020-09-04 11:01:00+00:00,par_15,2020-09-04,2020-09-04 06:11:00+00:00,2020-09-04 15:23:00+00:00,1.0,deep
1599217560000,66,67,2020-09-04 11:06:00+00:00,par_15,2020-09-04,2020-09-04 06:11:00+00:00,2020-09-04 15:23:00+00:00,1.0,deep
1599217860000,67,62,2020-09-04 11:11:00+00:00,par_15,2020-09-04,2020-09-04 06:11:00+00:00,2020-09-04 15:23:00+00:00,1.0,deep
1599218160000,67,64,2020-09-04 11:16:00+00:00,par_15,2020-09-04,2020-09-04 06:11:00+00:00,2020-09-04 15:23:00+00:00,1.0,deep
1599218460000,69,66,2020-09-04 11:21:00+00:00,par_15,2020-09-04,2020-09-04 06:11:00+00:00,2020-09-04 15:23:00+00:00,1.0,deep
1599218760000,74,53,2020-09-04 11:26:00+00:00,par_15,2020-09-04,2020-09-04 06:11:00+00:00,2020-09-04 15:23:00+00:00,2.0,light
1599219060000,75,30,2020-09-04 11:31:00+00:00,par_15,2020-09-04,2020-09-04 06:11:00+00:00,2020-09-04 15:23:00+00:00,3.0,REM
1599219360000,71,51,2020-09-04 11:36:00+00:00,par_15,2020-09-04,2020-09-04 06:11:00+00:00,2020-09-04 15:23:00+00:00,2.0,light
1599219660000,71,59,2020-09-04 11:41:00+00:00,par_15,2020-09-04,2020-09-04 06:11:00+00:00,2020-09-04 15:23:00+00:00,2.0,light
1599219960000,82,24,2020-09-04 11:46:00+00:00,par_15,2020-09-04,2020-09-04 06:11:00+00:00,2020-09-04 15:23:00+00:00,3.0,REM
1599220260000,73,51,2020-09-04 11:51:00+00:00,par_15,2020-09-04,2020-09-04 06:11:00+00:00,2020-09-04 15:23:00+00:00,3.0,REM
1599220560000,71,58,2020-09-04 11:56:00+00:00,par_15,2020-09-04,2020-09-04 06:11:00+00:00,2020-09-04 15:23:00+00:00,2.0,light
1599220860000,72,55,2020-09-04 12:01:00+00:00,par_15,2020-09-04,2020-09-04 06:11:00+00:00,2020-09-04 15:23:00+00:00,2.0,light
1599221160000,71,53,2020-09-04 12:06:00+00:00,par_15,2020-09-04,2020-09-04 06:11:00+00:00,2020-09-04 15:23:00+00:00,2.0,light
1599221460000,70,57,2020-09-04 12:11:00+00:00,par_15,2020-09-04,2020-09-04 06:11:00+00:00,2020-09-04 15:23:00+00:00,2.0,light
1599221760000,68,56,2020-09-04 12:16:00+00:00,par_15,2020-09-04,2020-09-04 06:11:00+00:00,2020-09-04 15:23:00+00:00,2.0,light
1599222060000,66,64,2020-09-04 12:21:00+00:00,par_15,2020-09-04,2020-09-04 06:11:00+00:00,2020-09-04 15:23:00+00:00,2.0,light
1599222360000,68,60,2020-09-04 12:26:00+00:00,par_15,2020-09-04,2020-09-04 06:11:00+00:00,2020-09-04 15:23:00+00:00,2.0,light
1599222660000,69,55,2020-09-04 12:31:00+00:00,par_15,2020-09-04,2020-09-04 06:11:00+00:00,2020-09-04 15:23:00+00:00,1.0,deep
1599222960000,66,62,2020-09-04 12:36:00+00:00,par_15,2020-09-04,2020-09-04 06:11:00+00:00,2020-09-04 15:23:00+00:00,1.0,deep
1599223260000,66,67,2020-09-04 12:41:00+00:00,par_15,2020-09-04,2020-09-04 06:11:00+00:00,2020-09-04 15:23:00+00:00,2.0,light
1599223560000,67,61,2020-09-04 12:46:00+00:00,par_15,2020-09-04,2020-09-04 06:11:00+00:00,2020-09-04 15:23:00+00:00,2.0,light
1599223860000,69,66,2020-09-04 12:51:00+00:00,par_15,2020-09-04,2020-09-04 06:11:00+00:00,2020-09-04 15:23:00+00:00,2.0,light
1599224160000,69,60,2020-09-04 12:56:00+00:00,par_15,2020-09-04,2020-09-04 06:11:00+00:00,2020-09-04 15:23:00+00:00,2.0,light
1599224460000,67,63,2020-09-04 13:01:00+00:00,par_15,2020-09-04,2020-09-04 06:11:00+00:00,2020-09-04 15:23:00+00:00,2.0,light
1599224760000,64,69,2020-09-04 13:06:00+00:00,par_15,2020-09-04,2020-09-04 06:11:00+00:00,2020-09-04 15:23:00+00:00,2.0,light
1599225060000,63,63,2020-09-04 13:11:00+00:00,par_15,2020-09-04,2020-09-04 06:11:00+00:00,2020-09-04 15:23:00+00:00,2.0,light
1599225360000,70,64,2020-09-04 13:16:00+00:00,par_15,2020-09-04,2020-09-04 06:11:00+00:00,2020-09-04 15:23:00+00:00,2.0,light
1599225660000,69,70,2020-09-04 13:21:00+00:00,par_15,2020-09-04,2020-09-04 06:11:00+00:00,2020-09-04 15:23:00+00:00,2.0,light
1599225960000,66,71,2020-09-04 13:26:00+00:00,par_15,2020-09-04,2020-09-04 06:11:00+00:00,2020-09-04 15:23:00+00:00,2.0,light
1599226260000,74,48,2020-09-04 13:31:00+00:00,par_15,2020-09-04,2020-09-04 06:11:00+00:00,2020-09-04 15:23:00+00:00,2.0,light
1599226560000,74,51,2020-09-04 13:36:00+00:00,par_15,2020-09-04,2020-09-04 06:11:00+00:00,2020-09-04 15:23:00+00:00,3.0,REM
1599226860000,72,73,2020-09-04 13:41:00+00:00,par_15,2020-09-04,2020-09-04 06:11:00+00:00,2020-09-04 15:23:00+00:00,2.0,light
1599227160000,74,47,2020-09-04 13:46:00+00:00,par_15,2020-09-04,2020-09-04 06:11:00+00:00,2020-09-04 15:23:00+00:00,3.0,REM
1599227460000,0,0,2020-09-04 13:51:00+00:00,par_15,2020-09-04,2020-09-04 06:11:00+00:00,2020-09-04 15:23:00+00:00,4.0,awake
1599227760000,71,55,2020-09-04 13:56:00+00:00,par_15,2020-09-04,2020-09-04 06:11:00+00:00,2020-09-04 15:23:00+00:00,3.0,REM
1599228060000,71,54,2020-09-04 14:01:00+00:00,par_15,2020-09-04,2020-09-04 06:11:00+00:00,2020-09-04 15:23:00+00:00,2.0,light
1599228360000,70,66,2020-09-04 14:06:00+00:00,par_15,2020-09-04,2020-09-04 06:11:00+00:00,2020-09-04 15:23:00+00:00,2.0,light
1599228660000,68,63,2020-09-04 14:11:00+00:00,par_15,2020-09-04,2020-09-04 06:11:00+00:00,2020-09-04 15:23:00+00:00,2.0,light
1599228960000,68,67,2020-09-04 14:16:00+00:00,par_15,2020-09-04,2020-09-04 06:11:00+00:00,2020-09-04 15:23:00+00:00,2.0,light
1599229260000,65,68,2020-09-04 14:21:00+00:00,par_15,2020-09-04,2020-09-04 06:11:00+00:00,2020-09-04 15:23:00+00:00,2.0,light
1599229560000,70,69,2020-09-04 14:26:00+00:00,par_15,2020-09-04,2020-09-04 06:11:00+00:00,2020-09-04 15:23:00+00:00,2.0,light
1599229860000,65,80,2020-09-04 14:31:00+00:00,par_15,2020-09-04,2020-09-04 06:11:00+00:00,2020-09-04 15:23:00+00:00,3.0,REM
1599230160000,69,69,2020-09-04 14:36:00+00:00,par_15,2020-09-04,2020-09-04 06:11:00+00:00,2020-09-04 15:23:00+00:00,3.0,REM
1599230460000,71,58,2020-09-04 14:41:00+00:00,par_15,2020-09-04,2020-09-04 06:11:00+00:00,2020-09-04 15:23:00+00:00,3.0,REM
1599230760000,70,54,2020-09-04 14:46:00+00:00,par_15,2020-09-04,2020-09-04 06:11:00+00:00,2020-09-04 15:23:00+00:00,3.0,REM
1599231060000,72,58,2020-09-04 14:51:00+00:00,par_15,2020-09-04,2020-09-04 06:11:00+00:00,2020-09-04 15:23:00+00:00,3.0,REM
1599231360000,68,59,2020-09-04 14:56:00+00:00,par_15,2020-09-04,2020-09-04 06:11:00+00:00,2020-09-04 15:23:00+00:00,2.0,light
1599231660000,67,59,2020-09-04 15:01:00+00:00,par_15,2020-09-04,2020-09-04 06:11:00+00:00,2020-09-04 15:23:00+00:00,2.0,light
1599231960000,71,60,2020-09-04 15:06:00+00:00,par_15,2020-09-04,2020-09-04 06:11:00+00:00,2020-09-04 15:23:00+00:00,3.0,REM
1599232260000,76,31,2020-09-04 15:11:00+00:00,par_15,2020-09-04,2020-09-04 06:11:00+00:00,2020-09-04 15:23:00+00:00,3.0,REM
1599232560000,78,28,2020-09-04 15:16:00+00:00,par_15,2020-09-04,2020-09-04 06:11:00+00:00,2020-09-04 15:23:00+00:00,4.0,awake
1599232860000,0,0,2020-09-04 15:21:00+00:00,par_15,2020-09-04,2020-09-04 06:11:00+00:00,2020-09-04 15:23:00+00:00,4.0,awake
1599374582000,0,0,2020-09-06 06:43:02+00:00,par_15,2020-09-06,2020-09-06 06:43:02+00:00,2020-09-06 17:09:02+00:00,4.0,awake
1599374882000,81,37,2020-09-06 06:48:02+00:00,par_15,2020-09-06,2020-09-06 06:43:02+00:00,2020-09-06 17:09:02+00:00,2.0,light
1599375182000,81,35,2020-09-06 06:53:02+00:00,par_15,2020-09-06,2020-09-06 06:43:02+00:00,2020-09-06 17:09:02+00:00,2.0,light
1599375482000,77,37,2020-09-06 06:58:02+00:00,par_15,2020-09-06,2020-09-06 06:43:02+00:00,2020-09-06 17:09:02+00:00,2.0,light
1599375782000,71,48,2020-09-06 07:03:02+00:00,par_15,2020-09-06,2020-09-06 06:43:02+00:00,2020-09-06 17:09:02+00:00,2.0,light
1599376082000,69,71,2020-09-06 07:08:02+00:00,par_15,2020-09-06,2020-09-06 06:43:02+00:00,2020-09-06 17:09:02+00:00,2.0,light
1599376382000,75,54,2020-09-06 07:13:02+00:00,par_15,2020-09-06,2020-09-06 06:43:02+00:00,2020-09-06 17:09:02+00:00,2.0,light
1599376682000,69,70,2020-09-06 07:18:02+00:00,par_15,2020-09-06,2020-09-06 06:43:02+00:00,2020-09-06 17:09:02+00:00,2.0,light
1599376982000,68,74,2020-09-06 07:23:02+00:00,par_15,2020-09-06,2020-09-06 06:43:02+00:00,2020-09-06 17:09:02+00:00,1.0,deep
1599377282000,69,70,2020-09-06 07:28:02+00:00,par_15,2020-09-06,2020-09-06 06:43:02+00:00,2020-09-06 17:09:02+00:00,1.0,deep
1599377582000,70,61,2020-09-06 07:33:02+00:00,par_15,2020-09-06,2020-09-06 06:43:02+00:00,2020-09-06 17:09:02+00:00,1.0,deep
1599377882000,69,59,2020-09-06 07:38:02+00:00,par_15,2020-09-06,2020-09-06 06:43:02+00:00,2020-09-06 17:09:02+00:00,1.0,deep
1599378182000,69,55,2020-09-06 07:43:02+00:00,par_15,2020-09-06,2020-09-06 06:43:02+00:00,2020-09-06 17:09:02+00:00,1.0,deep
1599378482000,69,64,2020-09-06 07:48:02+00:00,par_15,2020-09-06,2020-09-06 06:43:02+00:00,2020-09-06 17:09:02+00:00,1.0,deep
1599378782000,75,46,2020-09-06 07:53:02+00:00,par_15,2020-09-06,2020-09-06 06:43:02+00:00,2020-09-06 17:09:02+00:00,2.0,light
1599379082000,75,44,2020-09-06 07:58:02+00:00,par_15,2020-09-06,2020-09-06 06:43:02+00:00,2020-09-06 17:09:02+00:00,2.0,light
1599379382000,79,29,2020-09-06 08:03:02+00:00,par_15,2020-09-06,2020-09-06 06:43:02+00:00,2020-09-06 17:09:02+00:00,3.0,REM
1599379682000,83,20,2020-09-06 08:08:02+00:00,par_15,2020-09-06,2020-09-06 06:43:02+00:00,2020-09-06 17:09:02+00:00,3.0,REM
1599379982000,82,23,2020-09-06 08:13:02+00:00,par_15,2020-09-06,2020-09-06 06:43:02+00:00,2020-09-06 17:09:02+00:00,3.0,REM
1599380282000,79,34,2020-09-06 08:18:02+00:00,par_15,2020-09-06,2020-09-06 06:43:02+00:00,2020-09-06 17:09:02+00:00,2.0,light
1599380582000,78,29,2020-09-06 08:23:02+00:00,par_15,2020-09-06,2020-09-06 06:43:02+00:00,2020-09-06 17:09:02+00:00,2.0,light
1599380882000,76,27,2020-09-06 08:28:02+00:00,par_15,2020-09-06,2020-09-06 06:43:02+00:00,2020-09-06 17:09:02+00:00,1.0,deep
1599381182000,75,31,2020-09-06 08:33:02+00:00,par_15,2020-09-06,2020-09-06 06:43:02+00:00,2020-09-06 17:09:02+00:00,1.0,deep
1599381482000,77,27,2020-09-06 08:38:02+00:00,par_15,2020-09-06,2020-09-06 06:43:02+00:00,2020-09-06 17:09:02+00:00,1.0,deep
1599381782000,77,26,2020-09-06 08:43:02+00:00,par_15,2020-09-06,2020-09-06 06:43:02+00:00,2020-09-06 17:09:02+00:00,1.0,deep
1599382082000,78,24,2020-09-06 08:48:02+00:00,par_15,2020-09-06,2020-09-06 06:43:02+00:00,2020-09-06 17:09:02+00:00,1.0,deep
1599382382000,76,29,2020-09-06 08:53:02+00:00,par_15,2020-09-06,2020-09-06 06:43:02+00:00,2020-09-06 17:09:02+00:00,1.0,deep
1599382682000,74,32,2020-09-06 08:58:02+00:00,par_15,2020-09-06,2020-09-06 06:43:02+00:00,2020-09-06 17:09:02+00:00,1.0,deep
1599382982000,76,41,2020-09-06 09:03:02+00:00,par_15,2020-09-06,2020-09-06 06:43:02+00:00,2020-09-06 17:09:02+00:00,1.0,deep
1599383282000,75,40,2020-09-06 09:08:02+00:00,par_15,2020-09-06,2020-09-06 06:43:02+00:00,2020-09-06 17:09:02+00:00,1.0,deep
1599383582000,76,30,2020-09-06 09:13:02+00:00,par_15,2020-09-06,2020-09-06 06:43:02+00:00,2020-09-06 17:09:02+00:00,1.0,deep
1599383882000,76,31,2020-09-06 09:18:02+00:00,par_15,2020-09-06,2020-09-06 06:43:02+00:00,2020-09-06 17:09:02+00:00,1.0,deep
1599384182000,73,36,2020-09-06 09:23:02+00:00,par_15,2020-09-06,2020-09-06 06:43:02+00:00,2020-09-06 17:09:02+00:00,1.0,deep
1599384482000,74,28,2020-09-06 09:28:02+00:00,par_15,2020-09-06,2020-09-06 06:43:02+00:00,2020-09-06 17:09:02+00:00,1.0,deep
1599384782000,77,28,2020-09-06 09:33:02+00:00,par_15,2020-09-06,2020-09-06 06:43:02+00:00,2020-09-06 17:09:02+00:00,2.0,light
1599385082000,75,41,2020-09-06 09:38:02+00:00,par_15,2020-09-06,2020-09-06 06:43:02+00:00,2020-09-06 17:09:02+00:00,3.0,REM
1599385382000,82,14,2020-09-06 09:43:02+00:00,par_15,2020-09-06,2020-09-06 06:43:02+00:00,2020-09-06 17:09:02+00:00,3.0,REM
1599385682000,81,20,2020-09-06 09:48:02+00:00,par_15,2020-09-06,2020-09-06 06:43:02+00:00,2020-09-06 17:09:02+00:00,3.0,REM
1599385982000,78,33,2020-09-06 09:53:02+00:00,par_15,2020-09-06,2020-09-06 06:43:02+00:00,2020-09-06 17:09:02+00:00,3.0,REM
1599386282000,80,28,2020-09-06 09:58:02+00:00,par_15,2020-09-06,2020-09-06 06:43:02+00:00,2020-09-06 17:09:02+00:00,3.0,REM
1599386582000,75,40,2020-09-06 10:03:02+00:00,par_15,2020-09-06,2020-09-06 06:43:02+00:00,2020-09-06 17:09:02+00:00,2.0,light
1599386882000,74,47,2020-09-06 10:08:02+00:00,par_15,2020-09-06,2020-09-06 06:43:02+00:00,2020-09-06 17:09:02+00:00,2.0,light
1599387182000,72,49,2020-09-06 10:13:02+00:00,par_15,2020-09-06,2020-09-06 06:43:02+00:00,2020-09-06 17:09:02+00:00,2.0,light
1599387482000,72,53,2020-09-06 10:18:02+00:00,par_15,2020-09-06,2020-09-06 06:43:02+00:00,2020-09-06 17:09:02+00:00,2.0,light
1599387782000,73,41,2020-09-06 10:23:02+00:00,par_15,2020-09-06,2020-09-06 06:43:02+00:00,2020-09-06 17:09:02+00:00,2.0,light
1599388082000,73,43,2020-09-06 10:28:02+00:00,par_15,2020-09-06,2020-09-06 06:43:02+00:00,2020-09-06 17:09:02+00:00,1.0,deep
1599388382000,73,43,2020-09-06 10:33:02+00:00,par_15,2020-09-06,2020-09-06 06:43:02+00:00,2020-09-06 17:09:02+00:00,1.0,deep
1599388682000,72,37,2020-09-06 10:38:02+00:00,par_15,2020-09-06,2020-09-06 06:43:02+00:00,2020-09-06 17:09:02+00:00,1.0,deep
1599388982000,72,37,2020-09-06 10:43:02+00:00,par_15,2020-09-06,2020-09-06 06:43:02+00:00,2020-09-06 17:09:02+00:00,1.0,deep
1599389282000,70,50,2020-09-06 10:48:02+00:00,par_15,2020-09-06,2020-09-06 06:43:02+00:00,2020-09-06 17:09:02+00:00,1.0,deep
1599389582000,72,42,2020-09-06 10:53:02+00:00,par_15,2020-09-06,2020-09-06 06:43:02+00:00,2020-09-06 17:09:02+00:00,1.0,deep
1599389882000,73,44,2020-09-06 10:58:02+00:00,par_15,2020-09-06,2020-09-06 06:43:02+00:00,2020-09-06 17:09:02+00:00,2.0,light
1599390182000,70,47,2020-09-06 11:03:02+00:00,par_15,2020-09-06,2020-09-06 06:43:02+00:00,2020-09-06 17:09:02+00:00,2.0,light
1599390482000,71,48,2020-09-06 11:08:02+00:00,par_15,2020-09-06,2020-09-06 06:43:02+00:00,2020-09-06 17:09:02+00:00,3.0,REM
1599390782000,77,37,2020-09-06 11:13:02+00:00,par_15,2020-09-06,2020-09-06 06:43:02+00:00,2020-09-06 17:09:02+00:00,3.0,REM
1599391082000,78,27,2020-09-06 11:18:02+00:00,par_15,2020-09-06,2020-09-06 06:43:02+00:00,2020-09-06 17:09:02+00:00,2.0,light
1599391382000,78,26,2020-09-06 11:23:02+00:00,par_15,2020-09-06,2020-09-06 06:43:02+00:00,2020-09-06 17:09:02+00:00,2.0,light
1599391682000,72,49,2020-09-06 11:28:02+00:00,par_15,2020-09-06,2020-09-06 06:43:02+00:00,2020-09-06 17:09:02+00:00,2.0,light
1599391982000,73,55,2020-09-06 11:33:02+00:00,par_15,2020-09-06,2020-09-06 06:43:02+00:00,2020-09-06 17:09:02+00:00,2.0,light
1599392282000,73,45,2020-09-06 11:38:02+00:00,par_15,2020-09-06,2020-09-06 06:43:02+00:00,2020-09-06 17:09:02+00:00,2.0,light
1599392582000,70,54,2020-09-06 11:43:02+00:00,par_15,2020-09-06,2020-09-06 06:43:02+00:00,2020-09-06 17:09:02+00:00,2.0,light
1599392882000,71,50,2020-09-06 11:48:02+00:00,par_15,2020-09-06,2020-09-06 06:43:02+00:00,2020-09-06 17:09:02+00:00,2.0,light
1599393182000,74,42,2020-09-06 11:53:02+00:00,par_15,2020-09-06,2020-09-06 06:43:02+00:00,2020-09-06 17:09:02+00:00,2.0,light
1599393482000,71,46,2020-09-06 11:58:02+00:00,par_15,2020-09-06,2020-09-06 06:43:02+00:00,2020-09-06 17:09:02+00:00,2.0,light
1599393782000,70,42,2020-09-06 12:03:02+00:00,par_15,2020-09-06,2020-09-06 06:43:02+00:00,2020-09-06 17:09:02+00:00,2.0,light
1599394082000,69,42,2020-09-06 12:08:02+00:00,par_15,2020-09-06,2020-09-06 06:43:02+00:00,2020-09-06 17:09:02+00:00,1.0,deep
1599394382000,69,42,2020-09-06 12:13:02+00:00,par_15,2020-09-06,2020-09-06 06:43:02+00:00,2020-09-06 17:09:02+00:00,2.0,light
1599394682000,70,46,2020-09-06 12:18:02+00:00,par_15,2020-09-06,2020-09-06 06:43:02+00:00,2020-09-06 17:09:02+00:00,2.0,light
1599394982000,67,52,2020-09-06 12:23:02+00:00,par_15,2020-09-06,2020-09-06 06:43:02+00:00,2020-09-06 17:09:02+00:00,2.0,light
1599395282000,69,54,2020-09-06 12:28:02+00:00,par_15,2020-09-06,2020-09-06 06:43:02+00:00,2020-09-06 17:09:02+00:00,2.0,light
1599395582000,69,54,2020-09-06 12:33:02+00:00,par_15,2020-09-06,2020-09-06 06:43:02+00:00,2020-09-06 17:09:02+00:00,2.0,light
1599395882000,70,49,2020-09-06 12:38:02+00:00,par_15,2020-09-06,2020-09-06 06:43:02+00:00,2020-09-06 17:09:02+00:00,2.0,light
1599396182000,70,54,2020-09-06 12:43:02+00:00,par_15,2020-09-06,2020-09-06 06:43:02+00:00,2020-09-06 17:09:02+00:00,2.0,light
1599396482000,69,51,2020-09-06 12:48:02+00:00,par_15,2020-09-06,2020-09-06 06:43:02+00:00,2020-09-06 17:09:02+00:00,2.0,light
1599396782000,75,40,2020-09-06 12:53:02+00:00,par_15,2020-09-06,2020-09-06 06:43:02+00:00,2020-09-06 17:09:02+00:00,3.0,REM
1599397082000,78,26,2020-09-06 12:58:02+00:00,par_15,2020-09-06,2020-09-06 06:43:02+00:00,2020-09-06 17:09:02+00:00,3.0,REM
1599397382000,74,52,2020-09-06 13:03:02+00:00,par_15,2020-09-06,2020-09-06 06:43:02+00:00,2020-09-06 17:09:02+00:00,2.0,light
1599397682000,74,42,2020-09-06 13:08:02+00:00,par_15,2020-09-06,2020-09-06 06:43:02+00:00,2020-09-06 17:09:02+00:00,2.0,light
1599397982000,74,50,2020-09-06 13:13:02+00:00,par_15,2020-09-06,2020-09-06 06:43:02+00:00,2020-09-06 17:09:02+00:00,3.0,REM
1599398282000,79,21,2020-09-06 13:18:02+00:00,par_15,2020-09-06,2020-09-06 06:43:02+00:00,2020-09-06 17:09:02+00:00,3.0,REM
1599398582000,76,33,2020-09-06 13:23:02+00:00,par_15,2020-09-06,2020-09-06 06:43:02+00:00,2020-09-06 17:09:02+00:00,2.0,light
1599398882000,75,45,2020-09-06 13:28:02+00:00,par_15,2020-09-06,2020-09-06 06:43:02+00:00,2020-09-06 17:09:02+00:00,4.0,awake
1599399182000,77,35,2020-09-06 13:33:02+00:00,par_15,2020-09-06,2020-09-06 06:43:02+00:00,2020-09-06 17:09:02+00:00,4.0,awake
1599399482000,72,62,2020-09-06 13:38:02+00:00,par_15,2020-09-06,2020-09-06 06:43:02+00:00,2020-09-06 17:09:02+00:00,4.0,awake
1599399782000,74,36,2020-09-06 13:43:02+00:00,par_15,2020-09-06,2020-09-06 06:43:02+00:00,2020-09-06 17:09:02+00:00,4.0,awake
1599400082000,74,46,2020-09-06 13:48:02+00:00,par_15,2020-09-06,2020-09-06 06:43:02+00:00,2020-09-06 17:09:02+00:00,2.0,light
1599400382000,73,47,2020-09-06 13:53:02+00:00,par_15,2020-09-06,2020-09-06 06:43:02+00:00,2020-09-06 17:09:02+00:00,2.0,light
1599400682000,73,49,2020-09-06 13:58:02+00:00,par_15,2020-09-06,2020-09-06 06:43:02+00:00,2020-09-06 17:09:02+00:00,4.0,awake
1599400982000,74,47,2020-09-06 14:03:02+00:00,par_15,2020-09-06,2020-09-06 06:43:02+00:00,2020-09-06 17:09:02+00:00,4.0,awake
1599401282000,71,53,2020-09-06 14:08:02+00:00,par_15,2020-09-06,2020-09-06 06:43:02+00:00,2020-09-06 17:09:02+00:00,4.0,awake
1599401582000,74,53,2020-09-06 14:13:02+00:00,par_15,2020-09-06,2020-09-06 06:43:02+00:00,2020-09-06 17:09:02+00:00,4.0,awake
1599401882000,0,0,2020-09-06 14:18:02+00:00,par_15,2020-09-06,2020-09-06 06:43:02+00:00,2020-09-06 17:09:02+00:00,4.0,awake
1599402182000,72,56,2020-09-06 14:23:02+00:00,par_15,2020-09-06,2020-09-06 06:43:02+00:00,2020-09-06 17:09:02+00:00,2.0,light
1599402482000,73,52,2020-09-06 14:28:02+00:00,par_15,2020-09-06,2020-09-06 06:43:02+00:00,2020-09-06 17:09:02+00:00,2.0,light
1599402782000,73,55,2020-09-06 14:33:02+00:00,par_15,2020-09-06,2020-09-06 06:43:02+00:00,2020-09-06 17:09:02+00:00,2.0,light
1599403082000,76,38,2020-09-06 14:38:02+00:00,par_15,2020-09-06,2020-09-06 06:43:02+00:00,2020-09-06 17:09:02+00:00,2.0,light
1599403382000,76,40,2020-09-06 14:43:02+00:00,par_15,2020-09-06,2020-09-06 06:43:02+00:00,2020-09-06 17:09:02+00:00,4.0,awake
1599403682000,0,0,2020-09-06 14:48:02+00:00,par_15,2020-09-06,2020-09-06 06:43:02+00:00,2020-09-06 17:09:02+00:00,4.0,awake
1599403982000,0,0,2020-09-06 14:53:02+00:00,par_15,2020-09-06,2020-09-06 06:43:02+00:00,2020-09-06 17:09:02+00:00,4.0,awake
1599404282000,0,0,2020-09-06 14:58:02+00:00,par_15,2020-09-06,2020-09-06 06:43:02+00:00,2020-09-06 17:09:02+00:00,4.0,awake
1599404582000,0,0,2020-09-06 15:03:02+00:00,par_15,2020-09-06,2020-09-06 06:43:02+00:00,2020-09-06 17:09:02+00:00,2.0,light
1599404882000,72,48,2020-09-06 15:08:02+00:00,par_15,2020-09-06,2020-09-06 06:43:02+00:00,2020-09-06 17:09:02+00:00,2.0,light
1599405182000,71,48,2020-09-06 15:13:02+00:00,par_15,2020-09-06,2020-09-06 06:43:02+00:00,2020-09-06 17:09:02+00:00,2.0,light
1599405482000,71,46,2020-09-06 15:18:02+00:00,par_15,2020-09-06,2020-09-06 06:43:02+00:00,2020-09-06 17:09:02+00:00,2.0,light
1599405782000,74,47,2020-09-06 15:23:02+00:00,par_15,2020-09-06,2020-09-06 06:43:02+00:00,2020-09-06 17:09:02+00:00,2.0,light
1599406082000,69,76,2020-09-06 15:28:02+00:00,par_15,2020-09-06,2020-09-06 06:43:02+00:00,2020-09-06 17:09:02+00:00,3.0,REM
1599406382000,0,0,2020-09-06 15:33:02+00:00,par_15,2020-09-06,2020-09-06 06:43:02+00:00,2020-09-06 17:09:02+00:00,3.0,REM
1599406682000,0,0,2020-09-06 15:38:02+00:00,par_15,2020-09-06,2020-09-06 06:43:02+00:00,2020-09-06 17:09:02+00:00,3.0,REM
1599406982000,0,0,2020-09-06 15:43:02+00:00,par_15,2020-09-06,2020-09-06 06:43:02+00:00,2020-09-06 17:09:02+00:00,3.0,REM
1599407282000,0,0,2020-09-06 15:48:02+00:00,par_15,2020-09-06,2020-09-06 06:43:02+00:00,2020-09-06 17:09:02+00:00,3.0,REM
1599407582000,0,0,2020-09-06 15:53:02+00:00,par_15,2020-09-06,2020-09-06 06:43:02+00:00,2020-09-06 17:09:02+00:00,3.0,REM
1599407882000,0,0,2020-09-06 15:58:02+00:00,par_15,2020-09-06,2020-09-06 06:43:02+00:00,2020-09-06 17:09:02+00:00,4.0,awake
1599408182000,77,44,2020-09-06 16:03:02+00:00,par_15,2020-09-06,2020-09-06 06:43:02+00:00,2020-09-06 17:09:02+00:00,2.0,light
1599408482000,80,34,2020-09-06 16:08:02+00:00,par_15,2020-09-06,2020-09-06 06:43:02+00:00,2020-09-06 17:09:02+00:00,4.0,awake
1599408782000,78,36,2020-09-06 16:13:02+00:00,par_15,2020-09-06,2020-09-06 06:43:02+00:00,2020-09-06 17:09:02+00:00,2.0,light
1599409082000,76,39,2020-09-06 16:18:02+00:00,par_15,2020-09-06,2020-09-06 06:43:02+00:00,2020-09-06 17:09:02+00:00,3.0,REM
1599409382000,79,31,2020-09-06 16:23:02+00:00,par_15,2020-09-06,2020-09-06 06:43:02+00:00,2020-09-06 17:09:02+00:00,3.0,REM
1599409682000,78,30,2020-09-06 16:28:02+00:00,par_15,2020-09-06,2020-09-06 06:43:02+00:00,2020-09-06 17:09:02+00:00,2.0,light
1599409982000,76,42,2020-09-06 16:33:02+00:00,par_15,2020-09-06,2020-09-06 06:43:02+00:00,2020-09-06 17:09:02+00:00,2.0,light
1599410282000,80,28,2020-09-06 16:38:02+00:00,par_15,2020-09-06,2020-09-06 06:43:02+00:00,2020-09-06 17:09:02+00:00,2.0,light
1599410582000,78,30,2020-09-06 16:43:02+00:00,par_15,2020-09-06,2020-09-06 06:43:02+00:00,2020-09-06 17:09:02+00:00,2.0,light
1599410882000,79,28,2020-09-06 16:48:02+00:00,par_15,2020-09-06,2020-09-06 06:43:02+00:00,2020-09-06 17:09:02+00:00,2.0,light
1599411182000,74,35,2020-09-06 16:53:02+00:00,par_15,2020-09-06,2020-09-06 06:43:02+00:00,2020-09-06 17:09:02+00:00,2.0,light
1599411482000,77,39,2020-09-06 16:58:02+00:00,par_15,2020-09-06,2020-09-06 06:43:02+00:00,2020-09-06 17:09:02+00:00,4.0,awake
1599411782000,0,0,2020-09-06 17:03:02+00:00,par_15,2020-09-06,2020-09-06 06:43:02+00:00,2020-09-06 17:09:02+00:00,4.0,awake
1599412082000,83,38,2020-09-06 17:08:02+00:00,par_15,2020-09-06,2020-09-06 06:43:02+00:00,2020-09-06 17:09:02+00:00,4.0,awake
1599889711000,0,0,2020-09-12 05:48:31+00:00,par_15,2020-09-12,2020-09-12 05:48:31+00:00,2020-09-12 10:12:31+00:00,4.0,awake
1599890011000,0,0,2020-09-12 05:53:31+00:00,par_15,2020-09-12,2020-09-12 05:48:31+00:00,2020-09-12 10:12:31+00:00,4.0,awake
1599890311000,86,20,2020-09-12 05:58:31+00:00,par_15,2020-09-12,2020-09-12 05:48:31+00:00,2020-09-12 10:12:31+00:00,4.0,awake
1599890611000,84,31,2020-09-12 06:03:31+00:00,par_15,2020-09-12,2020-09-12 05:48:31+00:00,2020-09-12 10:12:31+00:00,2.0,light
1599890911000,82,25,2020-09-12 06:08:31+00:00,par_15,2020-09-12,2020-09-12 05:48:31+00:00,2020-09-12 10:12:31+00:00,2.0,light
1599891211000,76,43,2020-09-12 06:13:31+00:00,par_15,2020-09-12,2020-09-12 05:48:31+00:00,2020-09-12 10:12:31+00:00,2.0,light
1599891511000,76,46,2020-09-12 06:18:31+00:00,par_15,2020-09-12,2020-09-12 05:48:31+00:00,2020-09-12 10:12:31+00:00,1.0,deep
1599891811000,75,44,2020-09-12 06:23:31+00:00,par_15,2020-09-12,2020-09-12 05:48:31+00:00,2020-09-12 10:12:31+00:00,2.0,light
1599892111000,75,41,2020-09-12 06:28:31+00:00,par_15,2020-09-12,2020-09-12 05:48:31+00:00,2020-09-12 10:12:31+00:00,1.0,deep
1599892411000,76,34,2020-09-12 06:33:31+00:00,par_15,2020-09-12,2020-09-12 05:48:31+00:00,2020-09-12 10:12:31+00:00,1.0,deep
1599892711000,76,33,2020-09-12 06:38:31+00:00,par_15,2020-09-12,2020-09-12 05:48:31+00:00,2020-09-12 10:12:31+00:00,1.0,deep
1599893011000,76,31,2020-09-12 06:43:31+00:00,par_15,2020-09-12,2020-09-12 05:48:31+00:00,2020-09-12 10:12:31+00:00,1.0,deep
1599893311000,76,30,2020-09-12 06:48:31+00:00,par_15,2020-09-12,2020-09-12 05:48:31+00:00,2020-09-12 10:12:31+00:00,1.0,deep
1599893611000,77,26,2020-09-12 06:53:31+00:00,par_15,2020-09-12,2020-09-12 05:48:31+00:00,2020-09-12 10:12:31+00:00,1.0,deep
1599893911000,81,37,2020-09-12 06:58:31+00:00,par_15,2020-09-12,2020-09-12 05:48:31+00:00,2020-09-12 10:12:31+00:00,2.0,light
1599894211000,76,45,2020-09-12 07:03:31+00:00,par_15,2020-09-12,2020-09-12 05:48:31+00:00,2020-09-12 10:12:31+00:00,2.0,light
1599894511000,81,30,2020-09-12 07:08:31+00:00,par_15,2020-09-12,2020-09-12 05:48:31+00:00,2020-09-12 10:12:31+00:00,2.0,light
1599894811000,77,45,2020-09-12 07:13:31+00:00,par_15,2020-09-12,2020-09-12 05:48:31+00:00,2020-09-12 10:12:31+00:00,2.0,light
1599895111000,77,43,2020-09-12 07:18:31+00:00,par_15,2020-09-12,2020-09-12 05:48:31+00:00,2020-09-12 10:12:31+00:00,2.0,light
1599895411000,75,40,2020-09-12 07:23:31+00:00,par_15,2020-09-12,2020-09-12 05:48:31+00:00,2020-09-12 10:12:31+00:00,1.0,deep
1599895711000,75,30,2020-09-12 07:28:31+00:00,par_15,2020-09-12,2020-09-12 05:48:31+00:00,2020-09-12 10:12:31+00:00,1.0,deep
1599896011000,75,36,2020-09-12 07:33:31+00:00,par_15,2020-09-12,2020-09-12 05:48:31+00:00,2020-09-12 10:12:31+00:00,1.0,deep
1599896311000,75,41,2020-09-12 07:38:31+00:00,par_15,2020-09-12,2020-09-12 05:48:31+00:00,2020-09-12 10:12:31+00:00,1.0,deep
1599896611000,74,36,2020-09-12 07:43:31+00:00,par_15,2020-09-12,2020-09-12 05:48:31+00:00,2020-09-12 10:12:31+00:00,2.0,light
1599896911000,76,44,2020-09-12 07:48:31+00:00,par_15,2020-09-12,2020-09-12 05:48:31+00:00,2020-09-12 10:12:31+00:00,2.0,light
1599897211000,75,37,2020-09-12 07:53:31+00:00,par_15,2020-09-12,2020-09-12 05:48:31+00:00,2020-09-12 10:12:31+00:00,1.0,deep
1599897511000,76,27,2020-09-12 07:58:31+00:00,par_15,2020-09-12,2020-09-12 05:48:31+00:00,2020-09-12 10:12:31+00:00,1.0,deep
1599897811000,76,32,2020-09-12 08:03:31+00:00,par_15,2020-09-12,2020-09-12 05:48:31+00:00,2020-09-12 10:12:31+00:00,1.0,deep
1599898111000,78,37,2020-09-12 08:08:31+00:00,par_15,2020-09-12,2020-09-12 05:48:31+00:00,2020-09-12 10:12:31+00:00,2.0,light
1599898411000,77,43,2020-09-12 08:13:31+00:00,par_15,2020-09-12,2020-09-12 05:48:31+00:00,2020-09-12 10:12:31+00:00,2.0,light
1599898711000,74,37,2020-09-12 08:18:31+00:00,par_15,2020-09-12,2020-09-12 05:48:31+00:00,2020-09-12 10:12:31+00:00,2.0,light
1599899011000,80,21,2020-09-12 08:23:31+00:00,par_15,2020-09-12,2020-09-12 05:48:31+00:00,2020-09-12 10:12:31+00:00,3.0,REM
1599899311000,81,28,2020-09-12 08:28:31+00:00,par_15,2020-09-12,2020-09-12 05:48:31+00:00,2020-09-12 10:12:31+00:00,3.0,REM
1599899611000,77,39,2020-09-12 08:33:31+00:00,par_15,2020-09-12,2020-09-12 05:48:31+00:00,2020-09-12 10:12:31+00:00,3.0,REM
1599899911000,79,29,2020-09-12 08:38:31+00:00,par_15,2020-09-12,2020-09-12 05:48:31+00:00,2020-09-12 10:12:31+00:00,2.0,light
1599900211000,72,56,2020-09-12 08:43:31+00:00,par_15,2020-09-12,2020-09-12 05:48:31+00:00,2020-09-12 10:12:31+00:00,2.0,light
1599900511000,71,49,2020-09-12 08:48:31+00:00,par_15,2020-09-12,2020-09-12 05:48:31+00:00,2020-09-12 10:12:31+00:00,2.0,light
1599900811000,73,59,2020-09-12 08:53:31+00:00,par_15,2020-09-12,2020-09-12 05:48:31+00:00,2020-09-12 10:12:31+00:00,2.0,light
1599901111000,69,63,2020-09-12 08:58:31+00:00,par_15,2020-09-12,2020-09-12 05:48:31+00:00,2020-09-12 10:12:31+00:00,2.0,light
1599901411000,71,51,2020-09-12 09:03:31+00:00,par_15,2020-09-12,2020-09-12 05:48:31+00:00,2020-09-12 10:12:31+00:00,2.0,light
1599901711000,71,51,2020-09-12 09:08:31+00:00,par_15,2020-09-12,2020-09-12 05:48:31+00:00,2020-09-12 10:12:31+00:00,2.0,light
1599902011000,72,43,2020-09-12 09:13:31+00:00,par_15,2020-09-12,2020-09-12 05:48:31+00:00,2020-09-12 10:12:31+00:00,1.0,deep
1599902311000,73,39,2020-09-12 09:18:31+00:00,par_15,2020-09-12,2020-09-12 05:48:31+00:00,2020-09-12 10:12:31+00:00,1.0,deep
1599902611000,75,34,2020-09-12 09:23:31+00:00,par_15,2020-09-12,2020-09-12 05:48:31+00:00,2020-09-12 10:12:31+00:00,2.0,light
1599902911000,74,57,2020-09-12 09:28:31+00:00,par_15,2020-09-12,2020-09-12 05:48:31+00:00,2020-09-12 10:12:31+00:00,2.0,light
1599903211000,70,84,2020-09-12 09:33:31+00:00,par_15,2020-09-12,2020-09-12 05:48:31+00:00,2020-09-12 10:12:31+00:00,2.0,light
1599903511000,69,57,2020-09-12 09:38:31+00:00,par_15,2020-09-12,2020-09-12 05:48:31+00:00,2020-09-12 10:12:31+00:00,2.0,light
1599903811000,70,49,2020-09-12 09:43:31+00:00,par_15,2020-09-12,2020-09-12 05:48:31+00:00,2020-09-12 10:12:31+00:00,1.0,deep
1599904111000,72,48,2020-09-12 09:48:31+00:00,par_15,2020-09-12,2020-09-12 05:48:31+00:00,2020-09-12 10:12:31+00:00,2.0,light
1599904411000,73,43,2020-09-12 09:53:31+00:00,par_15,2020-09-12,2020-09-12 05:48:31+00:00,2020-09-12 10:12:31+00:00,1.0,deep
1599904711000,72,43,2020-09-12 09:58:31+00:00,par_15,2020-09-12,2020-09-12 05:48:31+00:00,2020-09-12 10:12:31+00:00,1.0,deep
1599905011000,87,26,2020-09-12 10:03:31+00:00,par_15,2020-09-12,2020-09-12 05:48:31+00:00,2020-09-12 10:12:31+00:00,4.0,awake
1599905311000,82,25,2020-09-12 10:08:31+00:00,par_15,2020-09-12,2020-09-12 05:48:31+00:00,2020-09-12 10:12:31+00:00,4.0,awake
1599979530000,82,24,2020-09-13 06:45:30+00:00,par_15,2020-09-13,2020-09-13 06:45:30+00:00,2020-09-13 13:33:30+00:00,2.0,light
1599979830000,81,32,2020-09-13 06:50:30+00:00,par_15,2020-09-13,2020-09-13 06:45:30+00:00,2020-09-13 13:33:30+00:00,4.0,awake
1599980130000,83,31,2020-09-13 06:55:30+00:00,par_15,2020-09-13,2020-09-13 06:45:30+00:00,2020-09-13 13:33:30+00:00,4.0,awake
1599980430000,82,25,2020-09-13 07:00:30+00:00,par_15,2020-09-13,2020-09-13 06:45:30+00:00,2020-09-13 13:33:30+00:00,2.0,light
1599980730000,77,26,2020-09-13 07:05:30+00:00,par_15,2020-09-13,2020-09-13 06:45:30+00:00,2020-09-13 13:33:30+00:00,2.0,light
1599981030000,75,31,2020-09-13 07:10:30+00:00,par_15,2020-09-13,2020-09-13 06:45:30+00:00,2020-09-13 13:33:30+00:00,1.0,deep
1599981330000,75,33,2020-09-13 07:15:30+00:00,par_15,2020-09-13,2020-09-13 06:45:30+00:00,2020-09-13 13:33:30+00:00,1.0,deep
1599981630000,76,28,2020-09-13 07:20:30+00:00,par_15,2020-09-13,2020-09-13 06:45:30+00:00,2020-09-13 13:33:30+00:00,1.0,deep
1599981930000,76,29,2020-09-13 07:25:30+00:00,par_15,2020-09-13,2020-09-13 06:45:30+00:00,2020-09-13 13:33:30+00:00,1.0,deep
1599982230000,74,28,2020-09-13 07:30:30+00:00,par_15,2020-09-13,2020-09-13 06:45:30+00:00,2020-09-13 13:33:30+00:00,2.0,light
1599982530000,72,26,2020-09-13 07:35:30+00:00,par_15,2020-09-13,2020-09-13 06:45:30+00:00,2020-09-13 13:33:30+00:00,1.0,deep
1599982830000,72,28,2020-09-13 07:40:30+00:00,par_15,2020-09-13,2020-09-13 06:45:30+00:00,2020-09-13 13:33:30+00:00,1.0,deep
1599983130000,72,31,2020-09-13 07:45:30+00:00,par_15,2020-09-13,2020-09-13 06:45:30+00:00,2020-09-13 13:33:30+00:00,1.0,deep
1599983430000,76,40,2020-09-13 07:50:30+00:00,par_15,2020-09-13,2020-09-13 06:45:30+00:00,2020-09-13 13:33:30+00:00,2.0,light
1599983730000,79,35,2020-09-13 07:55:30+00:00,par_15,2020-09-13,2020-09-13 06:45:30+00:00,2020-09-13 13:33:30+00:00,2.0,light
1599984030000,80,33,2020-09-13 08:00:30+00:00,par_15,2020-09-13,2020-09-13 06:45:30+00:00,2020-09-13 13:33:30+00:00,3.0,REM
1599984330000,77,36,2020-09-13 08:05:30+00:00,par_15,2020-09-13,2020-09-13 06:45:30+00:00,2020-09-13 13:33:30+00:00,2.0,light
1599984630000,74,38,2020-09-13 08:10:30+00:00,par_15,2020-09-13,2020-09-13 06:45:30+00:00,2020-09-13 13:33:30+00:00,2.0,light
1599984930000,74,32,2020-09-13 08:15:30+00:00,par_15,2020-09-13,2020-09-13 06:45:30+00:00,2020-09-13 13:33:30+00:00,1.0,deep
1599985230000,73,36,2020-09-13 08:20:30+00:00,par_15,2020-09-13,2020-09-13 06:45:30+00:00,2020-09-13 13:33:30+00:00,1.0,deep
1599985530000,73,31,2020-09-13 08:25:30+00:00,par_15,2020-09-13,2020-09-13 06:45:30+00:00,2020-09-13 13:33:30+00:00,1.0,deep
1599985830000,72,34,2020-09-13 08:30:30+00:00,par_15,2020-09-13,2020-09-13 06:45:30+00:00,2020-09-13 13:33:30+00:00,1.0,deep
1599986130000,73,35,2020-09-13 08:35:30+00:00,par_15,2020-09-13,2020-09-13 06:45:30+00:00,2020-09-13 13:33:30+00:00,1.0,deep
1599986430000,72,35,2020-09-13 08:40:30+00:00,par_15,2020-09-13,2020-09-13 06:45:30+00:00,2020-09-13 13:33:30+00:00,1.0,deep
1599986730000,75,35,2020-09-13 08:45:30+00:00,par_15,2020-09-13,2020-09-13 06:45:30+00:00,2020-09-13 13:33:30+00:00,1.0,deep
1599987030000,75,43,2020-09-13 08:50:30+00:00,par_15,2020-09-13,2020-09-13 06:45:30+00:00,2020-09-13 13:33:30+00:00,1.0,deep
1599987330000,74,34,2020-09-13 08:55:30+00:00,par_15,2020-09-13,2020-09-13 06:45:30+00:00,2020-09-13 13:33:30+00:00,1.0,deep
1599987630000,76,33,2020-09-13 09:00:30+00:00,par_15,2020-09-13,2020-09-13 06:45:30+00:00,2020-09-13 13:33:30+00:00,1.0,deep
1599987930000,70,54,2020-09-13 09:05:30+00:00,par_15,2020-09-13,2020-09-13 06:45:30+00:00,2020-09-13 13:33:30+00:00,2.0,light
1599988230000,81,28,2020-09-13 09:10:30+00:00,par_15,2020-09-13,2020-09-13 06:45:30+00:00,2020-09-13 13:33:30+00:00,3.0,REM
1599988530000,84,27,2020-09-13 09:15:30+00:00,par_15,2020-09-13,2020-09-13 06:45:30+00:00,2020-09-13 13:33:30+00:00,3.0,REM
1599988830000,80,27,2020-09-13 09:20:30+00:00,par_15,2020-09-13,2020-09-13 06:45:30+00:00,2020-09-13 13:33:30+00:00,2.0,light
1599989130000,73,48,2020-09-13 09:25:30+00:00,par_15,2020-09-13,2020-09-13 06:45:30+00:00,2020-09-13 13:33:30+00:00,2.0,light
1599989430000,80,27,2020-09-13 09:30:30+00:00,par_15,2020-09-13,2020-09-13 06:45:30+00:00,2020-09-13 13:33:30+00:00,2.0,light
1599989730000,72,49,2020-09-13 09:35:30+00:00,par_15,2020-09-13,2020-09-13 06:45:30+00:00,2020-09-13 13:33:30+00:00,2.0,light
1599990030000,0,0,2020-09-13 09:40:30+00:00,par_15,2020-09-13,2020-09-13 06:45:30+00:00,2020-09-13 13:33:30+00:00,2.0,light
1599990330000,0,0,2020-09-13 09:45:30+00:00,par_15,2020-09-13,2020-09-13 06:45:30+00:00,2020-09-13 13:33:30+00:00,3.0,REM
1599990630000,0,0,2020-09-13 09:50:30+00:00,par_15,2020-09-13,2020-09-13 06:45:30+00:00,2020-09-13 13:33:30+00:00,3.0,REM
1599990930000,72,54,2020-09-13 09:55:30+00:00,par_15,2020-09-13,2020-09-13 06:45:30+00:00,2020-09-13 13:33:30+00:00,3.0,REM
1599991230000,72,58,2020-09-13 10:00:30+00:00,par_15,2020-09-13,2020-09-13 06:45:30+00:00,2020-09-13 13:33:30+00:00,1.0,deep
1599991530000,72,53,2020-09-13 10:05:30+00:00,par_15,2020-09-13,2020-09-13 06:45:30+00:00,2020-09-13 13:33:30+00:00,1.0,deep
1599991830000,72,55,2020-09-13 10:10:30+00:00,par_15,2020-09-13,2020-09-13 06:45:30+00:00,2020-09-13 13:33:30+00:00,1.0,deep
1599992130000,85,38,2020-09-13 10:15:30+00:00,par_15,2020-09-13,2020-09-13 06:45:30+00:00,2020-09-13 13:33:30+00:00,1.0,deep
1599992430000,79,39,2020-09-13 10:20:30+00:00,par_15,2020-09-13,2020-09-13 06:45:30+00:00,2020-09-13 13:33:30+00:00,2.0,light
1599992730000,73,46,2020-09-13 10:25:30+00:00,par_15,2020-09-13,2020-09-13 06:45:30+00:00,2020-09-13 13:33:30+00:00,2.0,light
1599993030000,73,44,2020-09-13 10:30:30+00:00,par_15,2020-09-13,2020-09-13 06:45:30+00:00,2020-09-13 13:33:30+00:00,2.0,light
1599993330000,75,35,2020-09-13 10:35:30+00:00,par_15,2020-09-13,2020-09-13 06:45:30+00:00,2020-09-13 13:33:30+00:00,1.0,deep
1599993630000,0,0,2020-09-13 10:40:30+00:00,par_15,2020-09-13,2020-09-13 06:45:30+00:00,2020-09-13 13:33:30+00:00,1.0,deep
1599993930000,0,0,2020-09-13 10:45:30+00:00,par_15,2020-09-13,2020-09-13 06:45:30+00:00,2020-09-13 13:33:30+00:00,2.0,light
1599994230000,0,0,2020-09-13 10:50:30+00:00,par_15,2020-09-13,2020-09-13 06:45:30+00:00,2020-09-13 13:33:30+00:00,4.0,awake
1599994530000,0,0,2020-09-13 10:55:30+00:00,par_15,2020-09-13,2020-09-13 06:45:30+00:00,2020-09-13 13:33:30+00:00,4.0,awake
1599994830000,0,0,2020-09-13 11:00:30+00:00,par_15,2020-09-13,2020-09-13 06:45:30+00:00,2020-09-13 13:33:30+00:00,2.0,light
1599995130000,0,0,2020-09-13 11:05:30+00:00,par_15,2020-09-13,2020-09-13 06:45:30+00:00,2020-09-13 13:33:30+00:00,4.0,awake
1599995430000,0,0,2020-09-13 11:10:30+00:00,par_15,2020-09-13,2020-09-13 06:45:30+00:00,2020-09-13 13:33:30+00:00,4.0,awake
1599995730000,0,0,2020-09-13 11:15:30+00:00,par_15,2020-09-13,2020-09-13 06:45:30+00:00,2020-09-13 13:33:30+00:00,4.0,awake
1599996030000,0,0,2020-09-13 11:20:30+00:00,par_15,2020-09-13,2020-09-13 06:45:30+00:00,2020-09-13 13:33:30+00:00,2.0,light
1599996330000,0,0,2020-09-13 11:25:30+00:00,par_15,2020-09-13,2020-09-13 06:45:30+00:00,2020-09-13 13:33:30+00:00,4.0,awake
1599996630000,0,0,2020-09-13 11:30:30+00:00,par_15,2020-09-13,2020-09-13 06:45:30+00:00,2020-09-13 13:33:30+00:00,4.0,awake
1599996930000,0,0,2020-09-13 11:35:30+00:00,par_15,2020-09-13,2020-09-13 06:45:30+00:00,2020-09-13 13:33:30+00:00,4.0,awake
1599997230000,0,0,2020-09-13 11:40:30+00:00,par_15,2020-09-13,2020-09-13 06:45:30+00:00,2020-09-13 13:33:30+00:00,4.0,awake
1599997530000,0,0,2020-09-13 11:45:30+00:00,par_15,2020-09-13,2020-09-13 06:45:30+00:00,2020-09-13 13:33:30+00:00,2.0,light
1599997830000,0,0,2020-09-13 11:50:30+00:00,par_15,2020-09-13,2020-09-13 06:45:30+00:00,2020-09-13 13:33:30+00:00,4.0,awake
1599998130000,0,0,2020-09-13 11:55:30+00:00,par_15,2020-09-13,2020-09-13 06:45:30+00:00,2020-09-13 13:33:30+00:00,2.0,light
1599998430000,0,0,2020-09-13 12:00:30+00:00,par_15,2020-09-13,2020-09-13 06:45:30+00:00,2020-09-13 13:33:30+00:00,2.0,light
1599998730000,0,0,2020-09-13 12:05:30+00:00,par_15,2020-09-13,2020-09-13 06:45:30+00:00,2020-09-13 13:33:30+00:00,2.0,light
1599999030000,0,0,2020-09-13 12:10:30+00:00,par_15,2020-09-13,2020-09-13 06:45:30+00:00,2020-09-13 13:33:30+00:00,2.0,light
1599999330000,0,0,2020-09-13 12:15:30+00:00,par_15,2020-09-13,2020-09-13 06:45:30+00:00,2020-09-13 13:33:30+00:00,2.0,light
1599999630000,0,0,2020-09-13 12:20:30+00:00,par_15,2020-09-13,2020-09-13 06:45:30+00:00,2020-09-13 13:33:30+00:00,1.0,deep
1599999930000,0,0,2020-09-13 12:25:30+00:00,par_15,2020-09-13,2020-09-13 06:45:30+00:00,2020-09-13 13:33:30+00:00,4.0,awake
1600000230000,0,0,2020-09-13 12:30:30+00:00,par_15,2020-09-13,2020-09-13 06:45:30+00:00,2020-09-13 13:33:30+00:00,4.0,awake
1600000530000,0,0,2020-09-13 12:35:30+00:00,par_15,2020-09-13,2020-09-13 06:45:30+00:00,2020-09-13 13:33:30+00:00,2.0,light
1600000830000,0,0,2020-09-13 12:40:30+00:00,par_15,2020-09-13,2020-09-13 06:45:30+00:00,2020-09-13 13:33:30+00:00,2.0,light
1600001130000,0,0,2020-09-13 12:45:30+00:00,par_15,2020-09-13,2020-09-13 06:45:30+00:00,2020-09-13 13:33:30+00:00,2.0,light
1600001430000,0,0,2020-09-13 12:50:30+00:00,par_15,2020-09-13,2020-09-13 06:45:30+00:00,2020-09-13 13:33:30+00:00,4.0,awake
1600001730000,0,0,2020-09-13 12:55:30+00:00,par_15,2020-09-13,2020-09-13 06:45:30+00:00,2020-09-13 13:33:30+00:00,2.0,light
1600002030000,0,0,2020-09-13 13:00:30+00:00,par_15,2020-09-13,2020-09-13 06:45:30+00:00,2020-09-13 13:33:30+00:00,2.0,light
1600002330000,0,0,2020-09-13 13:05:30+00:00,par_15,2020-09-13,2020-09-13 06:45:30+00:00,2020-09-13 13:33:30+00:00,2.0,light
1600002630000,70,74,2020-09-13 13:10:30+00:00,par_15,2020-09-13,2020-09-13 06:45:30+00:00,2020-09-13 13:33:30+00:00,2.0,light
1600002930000,0,0,2020-09-13 13:15:30+00:00,par_15,2020-09-13,2020-09-13 06:45:30+00:00,2020-09-13 13:33:30+00:00,2.0,light
1600003230000,0,0,2020-09-13 13:20:30+00:00,par_15,2020-09-13,2020-09-13 06:45:30+00:00,2020-09-13 13:33:30+00:00,4.0,awake
1600003530000,0,0,2020-09-13 13:25:30+00:00,par_15,2020-09-13,2020-09-13 06:45:30+00:00,2020-09-13 13:33:30+00:00,4.0,awake
1600003830000,0,0,2020-09-13 13:30:30+00:00,par_15,2020-09-13,2020-09-13 06:45:30+00:00,2020-09-13 13:33:30+00:00,4.0,awake
1600067731000,70,86,2020-09-14 07:15:31+00:00,par_15,2020-09-14,2020-09-14 07:15:31+00:00,2020-09-14 15:09:31+00:00,2.0,light
1600068031000,70,80,2020-09-14 07:20:31+00:00,par_15,2020-09-14,2020-09-14 07:15:31+00:00,2020-09-14 15:09:31+00:00,2.0,light
1600068331000,0,0,2020-09-14 07:25:31+00:00,par_15,2020-09-14,2020-09-14 07:15:31+00:00,2020-09-14 15:09:31+00:00,4.0,awake
1600068631000,84,34,2020-09-14 07:30:31+00:00,par_15,2020-09-14,2020-09-14 07:15:31+00:00,2020-09-14 15:09:31+00:00,4.0,awake
1600068931000,0,0,2020-09-14 07:35:31+00:00,par_15,2020-09-14,2020-09-14 07:15:31+00:00,2020-09-14 15:09:31+00:00,3.0,REM
1600069231000,0,0,2020-09-14 07:40:31+00:00,par_15,2020-09-14,2020-09-14 07:15:31+00:00,2020-09-14 15:09:31+00:00,3.0,REM
1600069531000,0,0,2020-09-14 07:45:31+00:00,par_15,2020-09-14,2020-09-14 07:15:31+00:00,2020-09-14 15:09:31+00:00,3.0,REM
1600069831000,0,0,2020-09-14 07:50:31+00:00,par_15,2020-09-14,2020-09-14 07:15:31+00:00,2020-09-14 15:09:31+00:00,3.0,REM
1600070131000,0,0,2020-09-14 07:55:31+00:00,par_15,2020-09-14,2020-09-14 07:15:31+00:00,2020-09-14 15:09:31+00:00,3.0,REM
1600070431000,0,0,2020-09-14 08:00:31+00:00,par_15,2020-09-14,2020-09-14 07:15:31+00:00,2020-09-14 15:09:31+00:00,3.0,REM
1600070731000,0,0,2020-09-14 08:05:31+00:00,par_15,2020-09-14,2020-09-14 07:15:31+00:00,2020-09-14 15:09:31+00:00,3.0,REM
1600071031000,76,76,2020-09-14 08:10:31+00:00,par_15,2020-09-14,2020-09-14 07:15:31+00:00,2020-09-14 15:09:31+00:00,4.0,awake
1600071331000,78,36,2020-09-14 08:15:31+00:00,par_15,2020-09-14,2020-09-14 07:15:31+00:00,2020-09-14 15:09:31+00:00,2.0,light
1600071631000,81,29,2020-09-14 08:20:31+00:00,par_15,2020-09-14,2020-09-14 07:15:31+00:00,2020-09-14 15:09:31+00:00,2.0,light
1600071931000,79,43,2020-09-14 08:25:31+00:00,par_15,2020-09-14,2020-09-14 07:15:31+00:00,2020-09-14 15:09:31+00:00,2.0,light
1600072231000,74,44,2020-09-14 08:30:31+00:00,par_15,2020-09-14,2020-09-14 07:15:31+00:00,2020-09-14 15:09:31+00:00,2.0,light
1600072531000,76,29,2020-09-14 08:35:31+00:00,par_15,2020-09-14,2020-09-14 07:15:31+00:00,2020-09-14 15:09:31+00:00,2.0,light
1600072831000,74,32,2020-09-14 08:40:31+00:00,par_15,2020-09-14,2020-09-14 07:15:31+00:00,2020-09-14 15:09:31+00:00,1.0,deep
1600073131000,73,39,2020-09-14 08:45:31+00:00,par_15,2020-09-14,2020-09-14 07:15:31+00:00,2020-09-14 15:09:31+00:00,1.0,deep
1600073431000,74,56,2020-09-14 08:50:31+00:00,par_15,2020-09-14,2020-09-14 07:15:31+00:00,2020-09-14 15:09:31+00:00,1.0,deep
1600073731000,77,43,2020-09-14 08:55:31+00:00,par_15,2020-09-14,2020-09-14 07:15:31+00:00,2020-09-14 15:09:31+00:00,2.0,light
1600074031000,68,71,2020-09-14 09:00:31+00:00,par_15,2020-09-14,2020-09-14 07:15:31+00:00,2020-09-14 15:09:31+00:00,2.0,light
1600074331000,68,72,2020-09-14 09:05:31+00:00,par_15,2020-09-14,2020-09-14 07:15:31+00:00,2020-09-14 15:09:31+00:00,2.0,light
1600074631000,68,73,2020-09-14 09:10:31+00:00,par_15,2020-09-14,2020-09-14 07:15:31+00:00,2020-09-14 15:09:31+00:00,1.0,deep
1600074931000,69,60,2020-09-14 09:15:31+00:00,par_15,2020-09-14,2020-09-14 07:15:31+00:00,2020-09-14 15:09:31+00:00,1.0,deep
1600075231000,68,78,2020-09-14 09:20:31+00:00,par_15,2020-09-14,2020-09-14 07:15:31+00:00,2020-09-14 15:09:31+00:00,1.0,deep
1600075531000,67,77,2020-09-14 09:25:31+00:00,par_15,2020-09-14,2020-09-14 07:15:31+00:00,2020-09-14 15:09:31+00:00,2.0,light
1600075831000,68,69,2020-09-14 09:30:31+00:00,par_15,2020-09-14,2020-09-14 07:15:31+00:00,2020-09-14 15:09:31+00:00,2.0,light
1600076131000,67,87,2020-09-14 09:35:31+00:00,par_15,2020-09-14,2020-09-14 07:15:31+00:00,2020-09-14 15:09:31+00:00,2.0,light
1600076431000,77,46,2020-09-14 09:40:31+00:00,par_15,2020-09-14,2020-09-14 07:15:31+00:00,2020-09-14 15:09:31+00:00,1.0,deep
1600076731000,81,31,2020-09-14 09:45:31+00:00,par_15,2020-09-14,2020-09-14 07:15:31+00:00,2020-09-14 15:09:31+00:00,3.0,REM
1600077031000,80,25,2020-09-14 09:50:31+00:00,par_15,2020-09-14,2020-09-14 07:15:31+00:00,2020-09-14 15:09:31+00:00,2.0,light
1600077331000,72,62,2020-09-14 09:55:31+00:00,par_15,2020-09-14,2020-09-14 07:15:31+00:00,2020-09-14 15:09:31+00:00,2.0,light
1600077631000,67,93,2020-09-14 10:00:31+00:00,par_15,2020-09-14,2020-09-14 07:15:31+00:00,2020-09-14 15:09:31+00:00,2.0,light
1600077931000,70,67,2020-09-14 10:05:31+00:00,par_15,2020-09-14,2020-09-14 07:15:31+00:00,2020-09-14 15:09:31+00:00,2.0,light
1600078231000,72,52,2020-09-14 10:10:31+00:00,par_15,2020-09-14,2020-09-14 07:15:31+00:00,2020-09-14 15:09:31+00:00,1.0,deep
1600078531000,70,66,2020-09-14 10:15:31+00:00,par_15,2020-09-14,2020-09-14 07:15:31+00:00,2020-09-14 15:09:31+00:00,1.0,deep
1600078831000,75,60,2020-09-14 10:20:31+00:00,par_15,2020-09-14,2020-09-14 07:15:31+00:00,2020-09-14 15:09:31+00:00,1.0,deep
1600079131000,71,56,2020-09-14 10:25:31+00:00,par_15,2020-09-14,2020-09-14 07:15:31+00:00,2020-09-14 15:09:31+00:00,2.0,light
1600079431000,68,70,2020-09-14 10:30:31+00:00,par_15,2020-09-14,2020-09-14 07:15:31+00:00,2020-09-14 15:09:31+00:00,2.0,light
1600079731000,70,56,2020-09-14 10:35:31+00:00,par_15,2020-09-14,2020-09-14 07:15:31+00:00,2020-09-14 15:09:31+00:00,1.0,deep
1600080031000,71,50,2020-09-14 10:40:31+00:00,par_15,2020-09-14,2020-09-14 07:15:31+00:00,2020-09-14 15:09:31+00:00,1.0,deep
1600080331000,70,54,2020-09-14 10:45:31+00:00,par_15,2020-09-14,2020-09-14 07:15:31+00:00,2020-09-14 15:09:31+00:00,1.0,deep
1600080631000,69,60,2020-09-14 10:50:31+00:00,par_15,2020-09-14,2020-09-14 07:15:31+00:00,2020-09-14 15:09:31+00:00,1.0,deep
1600080931000,70,66,2020-09-14 10:55:31+00:00,par_15,2020-09-14,2020-09-14 07:15:31+00:00,2020-09-14 15:09:31+00:00,1.0,deep
1600081231000,70,67,2020-09-14 11:00:31+00:00,par_15,2020-09-14,2020-09-14 07:15:31+00:00,2020-09-14 15:09:31+00:00,1.0,deep
1600081531000,71,58,2020-09-14 11:05:31+00:00,par_15,2020-09-14,2020-09-14 07:15:31+00:00,2020-09-14 15:09:31+00:00,1.0,deep
1600081831000,79,45,2020-09-14 11:10:31+00:00,par_15,2020-09-14,2020-09-14 07:15:31+00:00,2020-09-14 15:09:31+00:00,1.0,deep
1600082131000,82,40,2020-09-14 11:15:31+00:00,par_15,2020-09-14,2020-09-14 07:15:31+00:00,2020-09-14 15:09:31+00:00,4.0,awake
1600082431000,72,56,2020-09-14 11:20:31+00:00,par_15,2020-09-14,2020-09-14 07:15:31+00:00,2020-09-14 15:09:31+00:00,2.0,light
1600082731000,0,0,2020-09-14 11:25:31+00:00,par_15,2020-09-14,2020-09-14 07:15:31+00:00,2020-09-14 15:09:31+00:00,2.0,light
1600083031000,0,0,2020-09-14 11:30:31+00:00,par_15,2020-09-14,2020-09-14 07:15:31+00:00,2020-09-14 15:09:31+00:00,1.0,deep
1600083331000,75,48,2020-09-14 11:35:31+00:00,par_15,2020-09-14,2020-09-14 07:15:31+00:00,2020-09-14 15:09:31+00:00,2.0,light
1600083631000,79,29,2020-09-14 11:40:31+00:00,par_15,2020-09-14,2020-09-14 07:15:31+00:00,2020-09-14 15:09:31+00:00,3.0,REM
1600083931000,75,49,2020-09-14 11:45:31+00:00,par_15,2020-09-14,2020-09-14 07:15:31+00:00,2020-09-14 15:09:31+00:00,3.0,REM
1600084231000,78,34,2020-09-14 11:50:31+00:00,par_15,2020-09-14,2020-09-14 07:15:31+00:00,2020-09-14 15:09:31+00:00,3.0,REM
1600084531000,77,43,2020-09-14 11:55:31+00:00,par_15,2020-09-14,2020-09-14 07:15:31+00:00,2020-09-14 15:09:31+00:00,3.0,REM
1600084831000,85,15,2020-09-14 12:00:31+00:00,par_15,2020-09-14,2020-09-14 07:15:31+00:00,2020-09-14 15:09:31+00:00,3.0,REM
1600085131000,78,48,2020-09-14 12:05:31+00:00,par_15,2020-09-14,2020-09-14 07:15:31+00:00,2020-09-14 15:09:31+00:00,3.0,REM
1600085431000,0,0,2020-09-14 12:10:31+00:00,par_15,2020-09-14,2020-09-14 07:15:31+00:00,2020-09-14 15:09:31+00:00,3.0,REM
1600085731000,72,56,2020-09-14 12:15:31+00:00,par_15,2020-09-14,2020-09-14 07:15:31+00:00,2020-09-14 15:09:31+00:00,3.0,REM
1600086031000,70,55,2020-09-14 12:20:31+00:00,par_15,2020-09-14,2020-09-14 07:15:31+00:00,2020-09-14 15:09:31+00:00,2.0,light
1600086331000,70,50,2020-09-14 12:25:31+00:00,par_15,2020-09-14,2020-09-14 07:15:31+00:00,2020-09-14 15:09:31+00:00,2.0,light
1600086631000,71,55,2020-09-14 12:30:31+00:00,par_15,2020-09-14,2020-09-14 07:15:31+00:00,2020-09-14 15:09:31+00:00,2.0,light
1600086931000,71,52,2020-09-14 12:35:31+00:00,par_15,2020-09-14,2020-09-14 07:15:31+00:00,2020-09-14 15:09:31+00:00,2.0,light
1600087231000,70,49,2020-09-14 12:40:31+00:00,par_15,2020-09-14,2020-09-14 07:15:31+00:00,2020-09-14 15:09:31+00:00,1.0,deep
1600087531000,68,61,2020-09-14 12:45:31+00:00,par_15,2020-09-14,2020-09-14 07:15:31+00:00,2020-09-14 15:09:31+00:00,2.0,light
1600087831000,64,53,2020-09-14 12:50:31+00:00,par_15,2020-09-14,2020-09-14 07:15:31+00:00,2020-09-14 15:09:31+00:00,2.0,light
1600088131000,67,68,2020-09-14 12:55:31+00:00,par_15,2020-09-14,2020-09-14 07:15:31+00:00,2020-09-14 15:09:31+00:00,2.0,light
1600088431000,0,0,2020-09-14 13:00:31+00:00,par_15,2020-09-14,2020-09-14 07:15:31+00:00,2020-09-14 15:09:31+00:00,2.0,light
1600088731000,62,63,2020-09-14 13:05:31+00:00,par_15,2020-09-14,2020-09-14 07:15:31+00:00,2020-09-14 15:09:31+00:00,2.0,light
1600089031000,64,65,2020-09-14 13:10:31+00:00,par_15,2020-09-14,2020-09-14 07:15:31+00:00,2020-09-14 15:09:31+00:00,2.0,light
1600089331000,65,72,2020-09-14 13:15:31+00:00,par_15,2020-09-14,2020-09-14 07:15:31+00:00,2020-09-14 15:09:31+00:00,1.0,deep
1600089631000,66,82,2020-09-14 13:20:31+00:00,par_15,2020-09-14,2020-09-14 07:15:31+00:00,2020-09-14 15:09:31+00:00,1.0,deep
1600089931000,67,92,2020-09-14 13:25:31+00:00,par_15,2020-09-14,2020-09-14 07:15:31+00:00,2020-09-14 15:09:31+00:00,2.0,light
1600090231000,71,85,2020-09-14 13:30:31+00:00,par_15,2020-09-14,2020-09-14 07:15:31+00:00,2020-09-14 15:09:31+00:00,2.0,light
1600090531000,72,71,2020-09-14 13:35:31+00:00,par_15,2020-09-14,2020-09-14 07:15:31+00:00,2020-09-14 15:09:31+00:00,3.0,REM
1600090831000,82,21,2020-09-14 13:40:31+00:00,par_15,2020-09-14,2020-09-14 07:15:31+00:00,2020-09-14 15:09:31+00:00,3.0,REM
1600091131000,71,79,2020-09-14 13:45:31+00:00,par_15,2020-09-14,2020-09-14 07:15:31+00:00,2020-09-14 15:09:31+00:00,3.0,REM
1600091431000,74,43,2020-09-14 13:50:31+00:00,par_15,2020-09-14,2020-09-14 07:15:31+00:00,2020-09-14 15:09:31+00:00,3.0,REM
1600091731000,71,57,2020-09-14 13:55:31+00:00,par_15,2020-09-14,2020-09-14 07:15:31+00:00,2020-09-14 15:09:31+00:00,3.0,REM
1600092031000,79,51,2020-09-14 14:00:31+00:00,par_15,2020-09-14,2020-09-14 07:15:31+00:00,2020-09-14 15:09:31+00:00,2.0,light
1600092331000,73,60,2020-09-14 14:05:31+00:00,par_15,2020-09-14,2020-09-14 07:15:31+00:00,2020-09-14 15:09:31+00:00,2.0,light
1600092631000,0,0,2020-09-14 14:10:31+00:00,par_15,2020-09-14,2020-09-14 07:15:31+00:00,2020-09-14 15:09:31+00:00,2.0,light
1600092931000,66,64,2020-09-14 14:15:31+00:00,par_15,2020-09-14,2020-09-14 07:15:31+00:00,2020-09-14 15:09:31+00:00,2.0,light
1600093231000,67,64,2020-09-14 14:20:31+00:00,par_15,2020-09-14,2020-09-14 07:15:31+00:00,2020-09-14 15:09:31+00:00,2.0,light
1600093531000,68,73,2020-09-14 14:25:31+00:00,par_15,2020-09-14,2020-09-14 07:15:31+00:00,2020-09-14 15:09:31+00:00,2.0,light
1600093831000,81,51,2020-09-14 14:30:31+00:00,par_15,2020-09-14,2020-09-14 07:15:31+00:00,2020-09-14 15:09:31+00:00,4.0,awake
1600094131000,78,57,2020-09-14 14:35:31+00:00,par_15,2020-09-14,2020-09-14 07:15:31+00:00,2020-09-14 15:09:31+00:00,4.0,awake
1600094431000,0,0,2020-09-14 14:40:31+00:00,par_15,2020-09-14,2020-09-14 07:15:31+00:00,2020-09-14 15:09:31+00:00,4.0,awake
1600094731000,77,49,2020-09-14 14:45:31+00:00,par_15,2020-09-14,2020-09-14 07:15:31+00:00,2020-09-14 15:09:31+00:00,4.0,awake
1600095031000,80,35,2020-09-14 14:50:31+00:00,par_15,2020-09-14,2020-09-14 07:15:31+00:00,2020-09-14 15:09:31+00:00,3.0,REM
1600095331000,78,37,2020-09-14 14:55:31+00:00,par_15,2020-09-14,2020-09-14 07:15:31+00:00,2020-09-14 15:09:31+00:00,4.0,awake
1600095631000,0,0,2020-09-14 15:00:31+00:00,par_15,2020-09-14,2020-09-14 07:15:31+00:00,2020-09-14 15:09:31+00:00,4.0,awake
1600095931000,0,0,2020-09-14 15:05:31+00:00,par_15,2020-09-14,2020-09-14 07:15:31+00:00,2020-09-14 15:09:31+00:00,4.0,awake
1601190091000,0,0,2020-09-27 07:01:31+00:00,par_15,2020-09-27,2020-09-27 07:01:31+00:00,2020-09-27 14:50:31+00:00,4.0,awake
1601190391000,0,0,2020-09-27 07:06:31+00:00,par_15,2020-09-27,2020-09-27 07:01:31+00:00,2020-09-27 14:50:31+00:00,4.0,awake
1601190691000,77,35,2020-09-27 07:11:31+00:00,par_15,2020-09-27,2020-09-27 07:01:31+00:00,2020-09-27 14:50:31+00:00,4.0,awake
1601190991000,77,26,2020-09-27 07:16:31+00:00,par_15,2020-09-27,2020-09-27 07:01:31+00:00,2020-09-27 14:50:31+00:00,4.0,awake
1601191291000,75,42,2020-09-27 07:21:31+00:00,par_15,2020-09-27,2020-09-27 07:01:31+00:00,2020-09-27 14:50:31+00:00,4.0,awake
1601191591000,71,50,2020-09-27 07:26:31+00:00,par_15,2020-09-27,2020-09-27 07:01:31+00:00,2020-09-27 14:50:31+00:00,2.0,light
1601191891000,72,41,2020-09-27 07:31:31+00:00,par_15,2020-09-27,2020-09-27 07:01:31+00:00,2020-09-27 14:50:31+00:00,3.0,REM
1601192191000,0,0,2020-09-27 07:36:31+00:00,par_15,2020-09-27,2020-09-27 07:01:31+00:00,2020-09-27 14:50:31+00:00,3.0,REM
1601192491000,0,0,2020-09-27 07:41:31+00:00,par_15,2020-09-27,2020-09-27 07:01:31+00:00,2020-09-27 14:50:31+00:00,3.0,REM
1601192791000,0,0,2020-09-27 07:46:31+00:00,par_15,2020-09-27,2020-09-27 07:01:31+00:00,2020-09-27 14:50:31+00:00,3.0,REM
1601193091000,73,32,2020-09-27 07:51:31+00:00,par_15,2020-09-27,2020-09-27 07:01:31+00:00,2020-09-27 14:50:31+00:00,2.0,light
1601193391000,69,42,2020-09-27 07:56:31+00:00,par_15,2020-09-27,2020-09-27 07:01:31+00:00,2020-09-27 14:50:31+00:00,2.0,light
1601193691000,69,45,2020-09-27 08:01:31+00:00,par_15,2020-09-27,2020-09-27 07:01:31+00:00,2020-09-27 14:50:31+00:00,1.0,deep
1601193991000,67,39,2020-09-27 08:06:31+00:00,par_15,2020-09-27,2020-09-27 07:01:31+00:00,2020-09-27 14:50:31+00:00,1.0,deep
1601194291000,67,47,2020-09-27 08:11:31+00:00,par_15,2020-09-27,2020-09-27 07:01:31+00:00,2020-09-27 14:50:31+00:00,1.0,deep
1601194591000,69,51,2020-09-27 08:16:31+00:00,par_15,2020-09-27,2020-09-27 07:01:31+00:00,2020-09-27 14:50:31+00:00,1.0,deep
1601194891000,76,28,2020-09-27 08:21:31+00:00,par_15,2020-09-27,2020-09-27 07:01:31+00:00,2020-09-27 14:50:31+00:00,3.0,REM
1601195191000,75,26,2020-09-27 08:26:31+00:00,par_15,2020-09-27,2020-09-27 07:01:31+00:00,2020-09-27 14:50:31+00:00,3.0,REM
1601195491000,73,40,2020-09-27 08:31:31+00:00,par_15,2020-09-27,2020-09-27 07:01:31+00:00,2020-09-27 14:50:31+00:00,4.0,awake
1601195791000,69,48,2020-09-27 08:36:31+00:00,par_15,2020-09-27,2020-09-27 07:01:31+00:00,2020-09-27 14:50:31+00:00,2.0,light
1601196091000,0,0,2020-09-27 08:41:31+00:00,par_15,2020-09-27,2020-09-27 07:01:31+00:00,2020-09-27 14:50:31+00:00,2.0,light
1601196391000,0,0,2020-09-27 08:46:31+00:00,par_15,2020-09-27,2020-09-27 07:01:31+00:00,2020-09-27 14:50:31+00:00,2.0,light
1601196691000,69,52,2020-09-27 08:51:31+00:00,par_15,2020-09-27,2020-09-27 07:01:31+00:00,2020-09-27 14:50:31+00:00,4.0,awake
1601196991000,0,0,2020-09-27 08:56:31+00:00,par_15,2020-09-27,2020-09-27 07:01:31+00:00,2020-09-27 14:50:31+00:00,2.0,light
1601197291000,66,48,2020-09-27 09:01:31+00:00,par_15,2020-09-27,2020-09-27 07:01:31+00:00,2020-09-27 14:50:31+00:00,2.0,light
1601197591000,65,52,2020-09-27 09:06:31+00:00,par_15,2020-09-27,2020-09-27 07:01:31+00:00,2020-09-27 14:50:31+00:00,1.0,deep
1601197891000,65,51,2020-09-27 09:11:31+00:00,par_15,2020-09-27,2020-09-27 07:01:31+00:00,2020-09-27 14:50:31+00:00,1.0,deep
1601198191000,65,59,2020-09-27 09:16:31+00:00,par_15,2020-09-27,2020-09-27 07:01:31+00:00,2020-09-27 14:50:31+00:00,1.0,deep
1601198491000,66,55,2020-09-27 09:21:31+00:00,par_15,2020-09-27,2020-09-27 07:01:31+00:00,2020-09-27 14:50:31+00:00,1.0,deep
1601198791000,66,56,2020-09-27 09:26:31+00:00,par_15,2020-09-27,2020-09-27 07:01:31+00:00,2020-09-27 14:50:31+00:00,1.0,deep
1601199091000,66,54,2020-09-27 09:31:31+00:00,par_15,2020-09-27,2020-09-27 07:01:31+00:00,2020-09-27 14:50:31+00:00,1.0,deep
1601199391000,67,50,2020-09-27 09:36:31+00:00,par_15,2020-09-27,2020-09-27 07:01:31+00:00,2020-09-27 14:50:31+00:00,1.0,deep
1601199691000,67,51,2020-09-27 09:41:31+00:00,par_15,2020-09-27,2020-09-27 07:01:31+00:00,2020-09-27 14:50:31+00:00,1.0,deep
1601199991000,67,52,2020-09-27 09:46:31+00:00,par_15,2020-09-27,2020-09-27 07:01:31+00:00,2020-09-27 14:50:31+00:00,1.0,deep
1601200291000,68,55,2020-09-27 09:51:31+00:00,par_15,2020-09-27,2020-09-27 07:01:31+00:00,2020-09-27 14:50:31+00:00,1.0,deep
1601200591000,0,0,2020-09-27 09:56:31+00:00,par_15,2020-09-27,2020-09-27 07:01:31+00:00,2020-09-27 14:50:31+00:00,1.0,deep
1601200891000,68,55,2020-09-27 10:01:31+00:00,par_15,2020-09-27,2020-09-27 07:01:31+00:00,2020-09-27 14:50:31+00:00,1.0,deep
1601201191000,66,59,2020-09-27 10:06:31+00:00,par_15,2020-09-27,2020-09-27 07:01:31+00:00,2020-09-27 14:50:31+00:00,1.0,deep
1601201491000,75,35,2020-09-27 10:11:31+00:00,par_15,2020-09-27,2020-09-27 07:01:31+00:00,2020-09-27 14:50:31+00:00,3.0,REM
1601201791000,0,0,2020-09-27 10:16:31+00:00,par_15,2020-09-27,2020-09-27 07:01:31+00:00,2020-09-27 14:50:31+00:00,3.0,REM
1601202091000,0,0,2020-09-27 10:21:31+00:00,par_15,2020-09-27,2020-09-27 07:01:31+00:00,2020-09-27 14:50:31+00:00,3.0,REM
1601202391000,0,0,2020-09-27 10:26:31+00:00,par_15,2020-09-27,2020-09-27 07:01:31+00:00,2020-09-27 14:50:31+00:00,3.0,REM
1601202691000,76,23,2020-09-27 10:31:31+00:00,par_15,2020-09-27,2020-09-27 07:01:31+00:00,2020-09-27 14:50:31+00:00,3.0,REM
1601202991000,71,47,2020-09-27 10:36:31+00:00,par_15,2020-09-27,2020-09-27 07:01:31+00:00,2020-09-27 14:50:31+00:00,2.0,light
1601203291000,71,56,2020-09-27 10:41:31+00:00,par_15,2020-09-27,2020-09-27 07:01:31+00:00,2020-09-27 14:50:31+00:00,2.0,light
1601203591000,70,48,2020-09-27 10:46:31+00:00,par_15,2020-09-27,2020-09-27 07:01:31+00:00,2020-09-27 14:50:31+00:00,2.0,light
1601203891000,0,0,2020-09-27 10:51:31+00:00,par_15,2020-09-27,2020-09-27 07:01:31+00:00,2020-09-27 14:50:31+00:00,1.0,deep
1601204191000,0,0,2020-09-27 10:56:31+00:00,par_15,2020-09-27,2020-09-27 07:01:31+00:00,2020-09-27 14:50:31+00:00,1.0,deep
1601204491000,0,0,2020-09-27 11:01:31+00:00,par_15,2020-09-27,2020-09-27 07:01:31+00:00,2020-09-27 14:50:31+00:00,1.0,deep
1601204791000,137,32,2020-09-27 11:06:31+00:00,par_15,2020-09-27,2020-09-27 07:01:31+00:00,2020-09-27 14:50:31+00:00,1.0,deep
1601205091000,137,36,2020-09-27 11:11:31+00:00,par_15,2020-09-27,2020-09-27 07:01:31+00:00,2020-09-27 14:50:31+00:00,1.0,deep
1601205391000,138,28,2020-09-27 11:16:31+00:00,par_15,2020-09-27,2020-09-27 07:01:31+00:00,2020-09-27 14:50:31+00:00,1.0,deep
1601205691000,140,25,2020-09-27 11:21:31+00:00,par_15,2020-09-27,2020-09-27 07:01:31+00:00,2020-09-27 14:50:31+00:00,1.0,deep
1601205991000,0,0,2020-09-27 11:26:31+00:00,par_15,2020-09-27,2020-09-27 07:01:31+00:00,2020-09-27 14:50:31+00:00,1.0,deep
1601206291000,0,0,2020-09-27 11:31:31+00:00,par_15,2020-09-27,2020-09-27 07:01:31+00:00,2020-09-27 14:50:31+00:00,2.0,light
1601206591000,0,0,2020-09-27 11:36:31+00:00,par_15,2020-09-27,2020-09-27 07:01:31+00:00,2020-09-27 14:50:31+00:00,2.0,light
1601206891000,70,41,2020-09-27 11:41:31+00:00,par_15,2020-09-27,2020-09-27 07:01:31+00:00,2020-09-27 14:50:31+00:00,2.0,light
1601207191000,73,33,2020-09-27 11:46:31+00:00,par_15,2020-09-27,2020-09-27 07:01:31+00:00,2020-09-27 14:50:31+00:00,2.0,light
1601207491000,71,40,2020-09-27 11:51:31+00:00,par_15,2020-09-27,2020-09-27 07:01:31+00:00,2020-09-27 14:50:31+00:00,2.0,light
1601207791000,69,51,2020-09-27 11:56:31+00:00,par_15,2020-09-27,2020-09-27 07:01:31+00:00,2020-09-27 14:50:31+00:00,2.0,light
1601208091000,72,54,2020-09-27 12:01:31+00:00,par_15,2020-09-27,2020-09-27 07:01:31+00:00,2020-09-27 14:50:31+00:00,2.0,light
1601208391000,75,42,2020-09-27 12:06:31+00:00,par_15,2020-09-27,2020-09-27 07:01:31+00:00,2020-09-27 14:50:31+00:00,3.0,REM
1601208691000,75,35,2020-09-27 12:11:31+00:00,par_15,2020-09-27,2020-09-27 07:01:31+00:00,2020-09-27 14:50:31+00:00,3.0,REM
1601208991000,78,33,2020-09-27 12:16:31+00:00,par_15,2020-09-27,2020-09-27 07:01:31+00:00,2020-09-27 14:50:31+00:00,4.0,awake
1601209291000,76,27,2020-09-27 12:21:31+00:00,par_15,2020-09-27,2020-09-27 07:01:31+00:00,2020-09-27 14:50:31+00:00,4.0,awake
1601209591000,75,26,2020-09-27 12:26:31+00:00,par_15,2020-09-27,2020-09-27 07:01:31+00:00,2020-09-27 14:50:31+00:00,3.0,REM
1601209891000,77,30,2020-09-27 12:31:31+00:00,par_15,2020-09-27,2020-09-27 07:01:31+00:00,2020-09-27 14:50:31+00:00,3.0,REM
1601210191000,71,40,2020-09-27 12:36:31+00:00,par_15,2020-09-27,2020-09-27 07:01:31+00:00,2020-09-27 14:50:31+00:00,2.0,light
1601210491000,0,0,2020-09-27 12:41:31+00:00,par_15,2020-09-27,2020-09-27 07:01:31+00:00,2020-09-27 14:50:31+00:00,2.0,light
1601210791000,0,0,2020-09-27 12:46:31+00:00,par_15,2020-09-27,2020-09-27 07:01:31+00:00,2020-09-27 14:50:31+00:00,2.0,light
1601211091000,73,56,2020-09-27 12:51:31+00:00,par_15,2020-09-27,2020-09-27 07:01:31+00:00,2020-09-27 14:50:31+00:00,2.0,light
1601211391000,0,0,2020-09-27 12:56:31+00:00,par_15,2020-09-27,2020-09-27 07:01:31+00:00,2020-09-27 14:50:31+00:00,3.0,REM
1601211691000,0,0,2020-09-27 13:01:31+00:00,par_15,2020-09-27,2020-09-27 07:01:31+00:00,2020-09-27 14:50:31+00:00,2.0,light
1601211991000,71,48,2020-09-27 13:06:31+00:00,par_15,2020-09-27,2020-09-27 07:01:31+00:00,2020-09-27 14:50:31+00:00,2.0,light
1601212291000,73,46,2020-09-27 13:11:31+00:00,par_15,2020-09-27,2020-09-27 07:01:31+00:00,2020-09-27 14:50:31+00:00,2.0,light
1601212591000,0,0,2020-09-27 13:16:31+00:00,par_15,2020-09-27,2020-09-27 07:01:31+00:00,2020-09-27 14:50:31+00:00,1.0,deep
1601212891000,71,55,2020-09-27 13:21:31+00:00,par_15,2020-09-27,2020-09-27 07:01:31+00:00,2020-09-27 14:50:31+00:00,3.0,REM
1601213191000,74,39,2020-09-27 13:26:31+00:00,par_15,2020-09-27,2020-09-27 07:01:31+00:00,2020-09-27 14:50:31+00:00,4.0,awake
1601213491000,70,57,2020-09-27 13:31:31+00:00,par_15,2020-09-27,2020-09-27 07:01:31+00:00,2020-09-27 14:50:31+00:00,2.0,light
1601213791000,72,59,2020-09-27 13:36:31+00:00,par_15,2020-09-27,2020-09-27 07:01:31+00:00,2020-09-27 14:50:31+00:00,2.0,light
1601214091000,77,48,2020-09-27 13:41:31+00:00,par_15,2020-09-27,2020-09-27 07:01:31+00:00,2020-09-27 14:50:31+00:00,3.0,REM
1601214391000,74,37,2020-09-27 13:46:31+00:00,par_15,2020-09-27,2020-09-27 07:01:31+00:00,2020-09-27 14:50:31+00:00,3.0,REM
1601214691000,75,49,2020-09-27 13:51:31+00:00,par_15,2020-09-27,2020-09-27 07:01:31+00:00,2020-09-27 14:50:31+00:00,3.0,REM
1601214991000,71,56,2020-09-27 13:56:31+00:00,par_15,2020-09-27,2020-09-27 07:01:31+00:00,2020-09-27 14:50:31+00:00,3.0,REM
1601215291000,66,59,2020-09-27 14:01:31+00:00,par_15,2020-09-27,2020-09-27 07:01:31+00:00,2020-09-27 14:50:31+00:00,4.0,awake
1601215591000,71,50,2020-09-27 14:06:31+00:00,par_15,2020-09-27,2020-09-27 07:01:31+00:00,2020-09-27 14:50:31+00:00,2.0,light
1601215891000,70,49,2020-09-27 14:11:31+00:00,par_15,2020-09-27,2020-09-27 07:01:31+00:00,2020-09-27 14:50:31+00:00,2.0,light
1601216191000,72,36,2020-09-27 14:16:31+00:00,par_15,2020-09-27,2020-09-27 07:01:31+00:00,2020-09-27 14:50:31+00:00,3.0,REM
1601216491000,0,0,2020-09-27 14:21:31+00:00,par_15,2020-09-27,2020-09-27 07:01:31+00:00,2020-09-27 14:50:31+00:00,3.0,REM
1601216791000,71,50,2020-09-27 14:26:31+00:00,par_15,2020-09-27,2020-09-27 07:01:31+00:00,2020-09-27 14:50:31+00:00,3.0,REM
1601217091000,71,46,2020-09-27 14:31:31+00:00,par_15,2020-09-27,2020-09-27 07:01:31+00:00,2020-09-27 14:50:31+00:00,3.0,REM
1601217391000,0,0,2020-09-27 14:36:31+00:00,par_15,2020-09-27,2020-09-27 07:01:31+00:00,2020-09-27 14:50:31+00:00,3.0,REM
1601217691000,74,55,2020-09-27 14:41:31+00:00,par_15,2020-09-27,2020-09-27 07:01:31+00:00,2020-09-27 14:50:31+00:00,4.0,awake
1601217991000,0,0,2020-09-27 14:46:31+00:00,par_15,2020-09-27,2020-09-27 07:01:31+00:00,2020-09-27 14:50:31+00:00,4.0,awake
1601273373000,0,0,2020-09-28 06:09:33+00:00,par_15,2020-09-28,2020-09-28 06:09:33+00:00,2020-09-28 16:10:33+00:00,4.0,awake
1601273673000,0,0,2020-09-28 06:14:33+00:00,par_15,2020-09-28,2020-09-28 06:09:33+00:00,2020-09-28 16:10:33+00:00,4.0,awake
1601273973000,69,53,2020-09-28 06:19:33+00:00,par_15,2020-09-28,2020-09-28 06:09:33+00:00,2020-09-28 16:10:33+00:00,2.0,light
1601274273000,69,61,2020-09-28 06:24:33+00:00,par_15,2020-09-28,2020-09-28 06:09:33+00:00,2020-09-28 16:10:33+00:00,2.0,light
1601274573000,68,66,2020-09-28 06:29:33+00:00,par_15,2020-09-28,2020-09-28 06:09:33+00:00,2020-09-28 16:10:33+00:00,2.0,light
1601274873000,68,57,2020-09-28 06:34:33+00:00,par_15,2020-09-28,2020-09-28 06:09:33+00:00,2020-09-28 16:10:33+00:00,2.0,light
1601275173000,68,75,2020-09-28 06:39:33+00:00,par_15,2020-09-28,2020-09-28 06:09:33+00:00,2020-09-28 16:10:33+00:00,2.0,light
1601275473000,67,62,2020-09-28 06:44:33+00:00,par_15,2020-09-28,2020-09-28 06:09:33+00:00,2020-09-28 16:10:33+00:00,2.0,light
1601275773000,68,54,2020-09-28 06:49:33+00:00,par_15,2020-09-28,2020-09-28 06:09:33+00:00,2020-09-28 16:10:33+00:00,1.0,deep
1601276073000,69,48,2020-09-28 06:54:33+00:00,par_15,2020-09-28,2020-09-28 06:09:33+00:00,2020-09-28 16:10:33+00:00,1.0,deep
1601276373000,70,45,2020-09-28 06:59:33+00:00,par_15,2020-09-28,2020-09-28 06:09:33+00:00,2020-09-28 16:10:33+00:00,1.0,deep
1601276673000,69,54,2020-09-28 07:04:33+00:00,par_15,2020-09-28,2020-09-28 06:09:33+00:00,2020-09-28 16:10:33+00:00,1.0,deep
1601276973000,73,52,2020-09-28 07:09:33+00:00,par_15,2020-09-28,2020-09-28 06:09:33+00:00,2020-09-28 16:10:33+00:00,2.0,light
1601277273000,75,44,2020-09-28 07:14:33+00:00,par_15,2020-09-28,2020-09-28 06:09:33+00:00,2020-09-28 16:10:33+00:00,2.0,light
1601277573000,77,33,2020-09-28 07:19:33+00:00,par_15,2020-09-28,2020-09-28 06:09:33+00:00,2020-09-28 16:10:33+00:00,2.0,light
1601277873000,74,40,2020-09-28 07:24:33+00:00,par_15,2020-09-28,2020-09-28 06:09:33+00:00,2020-09-28 16:10:33+00:00,2.0,light
1601278173000,67,60,2020-09-28 07:29:33+00:00,par_15,2020-09-28,2020-09-28 06:09:33+00:00,2020-09-28 16:10:33+00:00,2.0,light
1601278473000,65,62,2020-09-28 07:34:33+00:00,par_15,2020-09-28,2020-09-28 06:09:33+00:00,2020-09-28 16:10:33+00:00,2.0,light
1601278773000,65,58,2020-09-28 07:39:33+00:00,par_15,2020-09-28,2020-09-28 06:09:33+00:00,2020-09-28 16:10:33+00:00,1.0,deep
1601279073000,65,58,2020-09-28 07:44:33+00:00,par_15,2020-09-28,2020-09-28 06:09:33+00:00,2020-09-28 16:10:33+00:00,1.0,deep
1601279373000,65,61,2020-09-28 07:49:33+00:00,par_15,2020-09-28,2020-09-28 06:09:33+00:00,2020-09-28 16:10:33+00:00,1.0,deep
1601279673000,64,64,2020-09-28 07:54:33+00:00,par_15,2020-09-28,2020-09-28 06:09:33+00:00,2020-09-28 16:10:33+00:00,1.0,deep
1601279973000,64,59,2020-09-28 07:59:33+00:00,par_15,2020-09-28,2020-09-28 06:09:33+00:00,2020-09-28 16:10:33+00:00,1.0,deep
1601280273000,64,62,2020-09-28 08:04:33+00:00,par_15,2020-09-28,2020-09-28 06:09:33+00:00,2020-09-28 16:10:33+00:00,1.0,deep
1601280573000,64,60,2020-09-28 08:09:33+00:00,par_15,2020-09-28,2020-09-28 06:09:33+00:00,2020-09-28 16:10:33+00:00,1.0,deep
1601280873000,64,60,2020-09-28 08:14:33+00:00,par_15,2020-09-28,2020-09-28 06:09:33+00:00,2020-09-28 16:10:33+00:00,1.0,deep
1601281173000,64,82,2020-09-28 08:19:33+00:00,par_15,2020-09-28,2020-09-28 06:09:33+00:00,2020-09-28 16:10:33+00:00,2.0,light
1601281473000,65,90,2020-09-28 08:24:33+00:00,par_15,2020-09-28,2020-09-28 06:09:33+00:00,2020-09-28 16:10:33+00:00,2.0,light
1601281773000,67,67,2020-09-28 08:29:33+00:00,par_15,2020-09-28,2020-09-28 06:09:33+00:00,2020-09-28 16:10:33+00:00,2.0,light
1601282073000,70,39,2020-09-28 08:34:33+00:00,par_15,2020-09-28,2020-09-28 06:09:33+00:00,2020-09-28 16:10:33+00:00,2.0,light
1601282373000,72,46,2020-09-28 08:39:33+00:00,par_15,2020-09-28,2020-09-28 06:09:33+00:00,2020-09-28 16:10:33+00:00,1.0,deep
1601282673000,72,36,2020-09-28 08:44:33+00:00,par_15,2020-09-28,2020-09-28 06:09:33+00:00,2020-09-28 16:10:33+00:00,2.0,light
1601282973000,74,39,2020-09-28 08:49:33+00:00,par_15,2020-09-28,2020-09-28 06:09:33+00:00,2020-09-28 16:10:33+00:00,2.0,light
1601283273000,67,67,2020-09-28 08:54:33+00:00,par_15,2020-09-28,2020-09-28 06:09:33+00:00,2020-09-28 16:10:33+00:00,2.0,light
1601283573000,0,0,2020-09-28 08:59:33+00:00,par_15,2020-09-28,2020-09-28 06:09:33+00:00,2020-09-28 16:10:33+00:00,2.0,light
1601283873000,66,63,2020-09-28 09:04:33+00:00,par_15,2020-09-28,2020-09-28 06:09:33+00:00,2020-09-28 16:10:33+00:00,2.0,light
1601284173000,65,61,2020-09-28 09:09:33+00:00,par_15,2020-09-28,2020-09-28 06:09:33+00:00,2020-09-28 16:10:33+00:00,1.0,deep
1601284473000,64,54,2020-09-28 09:14:33+00:00,par_15,2020-09-28,2020-09-28 06:09:33+00:00,2020-09-28 16:10:33+00:00,1.0,deep
1601284773000,64,63,2020-09-28 09:19:33+00:00,par_15,2020-09-28,2020-09-28 06:09:33+00:00,2020-09-28 16:10:33+00:00,1.0,deep
1601285073000,65,56,2020-09-28 09:24:33+00:00,par_15,2020-09-28,2020-09-28 06:09:33+00:00,2020-09-28 16:10:33+00:00,1.0,deep
1601285373000,65,55,2020-09-28 09:29:33+00:00,par_15,2020-09-28,2020-09-28 06:09:33+00:00,2020-09-28 16:10:33+00:00,1.0,deep
1601285673000,66,55,2020-09-28 09:34:33+00:00,par_15,2020-09-28,2020-09-28 06:09:33+00:00,2020-09-28 16:10:33+00:00,1.0,deep
1601285973000,67,58,2020-09-28 09:39:33+00:00,par_15,2020-09-28,2020-09-28 06:09:33+00:00,2020-09-28 16:10:33+00:00,1.0,deep
1601286273000,71,37,2020-09-28 09:44:33+00:00,par_15,2020-09-28,2020-09-28 06:09:33+00:00,2020-09-28 16:10:33+00:00,1.0,deep
1601286573000,71,50,2020-09-28 09:49:33+00:00,par_15,2020-09-28,2020-09-28 06:09:33+00:00,2020-09-28 16:10:33+00:00,2.0,light
1601286873000,66,66,2020-09-28 09:54:33+00:00,par_15,2020-09-28,2020-09-28 06:09:33+00:00,2020-09-28 16:10:33+00:00,2.0,light
1601287173000,67,65,2020-09-28 09:59:33+00:00,par_15,2020-09-28,2020-09-28 06:09:33+00:00,2020-09-28 16:10:33+00:00,2.0,light
1601287473000,72,46,2020-09-28 10:04:33+00:00,par_15,2020-09-28,2020-09-28 06:09:33+00:00,2020-09-28 16:10:33+00:00,2.0,light
1601287773000,76,27,2020-09-28 10:09:33+00:00,par_15,2020-09-28,2020-09-28 06:09:33+00:00,2020-09-28 16:10:33+00:00,3.0,REM
1601288073000,75,26,2020-09-28 10:14:33+00:00,par_15,2020-09-28,2020-09-28 06:09:33+00:00,2020-09-28 16:10:33+00:00,3.0,REM
1601288373000,74,33,2020-09-28 10:19:33+00:00,par_15,2020-09-28,2020-09-28 06:09:33+00:00,2020-09-28 16:10:33+00:00,2.0,light
1601288673000,70,49,2020-09-28 10:24:33+00:00,par_15,2020-09-28,2020-09-28 06:09:33+00:00,2020-09-28 16:10:33+00:00,2.0,light
1601288973000,68,51,2020-09-28 10:29:33+00:00,par_15,2020-09-28,2020-09-28 06:09:33+00:00,2020-09-28 16:10:33+00:00,2.0,light
1601289273000,68,53,2020-09-28 10:34:33+00:00,par_15,2020-09-28,2020-09-28 06:09:33+00:00,2020-09-28 16:10:33+00:00,2.0,light
1601289573000,68,49,2020-09-28 10:39:33+00:00,par_15,2020-09-28,2020-09-28 06:09:33+00:00,2020-09-28 16:10:33+00:00,2.0,light
1601289873000,68,46,2020-09-28 10:44:33+00:00,par_15,2020-09-28,2020-09-28 06:09:33+00:00,2020-09-28 16:10:33+00:00,1.0,deep
1601290173000,67,57,2020-09-28 10:49:33+00:00,par_15,2020-09-28,2020-09-28 06:09:33+00:00,2020-09-28 16:10:33+00:00,2.0,light
1601290473000,68,58,2020-09-28 10:54:33+00:00,par_15,2020-09-28,2020-09-28 06:09:33+00:00,2020-09-28 16:10:33+00:00,2.0,light
1601290773000,65,61,2020-09-28 10:59:33+00:00,par_15,2020-09-28,2020-09-28 06:09:33+00:00,2020-09-28 16:10:33+00:00,2.0,light
1601291073000,67,62,2020-09-28 11:04:33+00:00,par_15,2020-09-28,2020-09-28 06:09:33+00:00,2020-09-28 16:10:33+00:00,2.0,light
1601291373000,67,61,2020-09-28 11:09:33+00:00,par_15,2020-09-28,2020-09-28 06:09:33+00:00,2020-09-28 16:10:33+00:00,2.0,light
1601291673000,66,65,2020-09-28 11:14:33+00:00,par_15,2020-09-28,2020-09-28 06:09:33+00:00,2020-09-28 16:10:33+00:00,2.0,light
1601291973000,66,70,2020-09-28 11:19:33+00:00,par_15,2020-09-28,2020-09-28 06:09:33+00:00,2020-09-28 16:10:33+00:00,2.0,light
1601292273000,67,67,2020-09-28 11:24:33+00:00,par_15,2020-09-28,2020-09-28 06:09:33+00:00,2020-09-28 16:10:33+00:00,2.0,light
1601292573000,66,61,2020-09-28 11:29:33+00:00,par_15,2020-09-28,2020-09-28 06:09:33+00:00,2020-09-28 16:10:33+00:00,2.0,light
1601292873000,69,48,2020-09-28 11:34:33+00:00,par_15,2020-09-28,2020-09-28 06:09:33+00:00,2020-09-28 16:10:33+00:00,3.0,REM
1601293173000,74,46,2020-09-28 11:39:33+00:00,par_15,2020-09-28,2020-09-28 06:09:33+00:00,2020-09-28 16:10:33+00:00,3.0,REM
1601293473000,73,39,2020-09-28 11:44:33+00:00,par_15,2020-09-28,2020-09-28 06:09:33+00:00,2020-09-28 16:10:33+00:00,3.0,REM
1601293773000,79,20,2020-09-28 11:49:33+00:00,par_15,2020-09-28,2020-09-28 06:09:33+00:00,2020-09-28 16:10:33+00:00,3.0,REM
1601294073000,80,18,2020-09-28 11:54:33+00:00,par_15,2020-09-28,2020-09-28 06:09:33+00:00,2020-09-28 16:10:33+00:00,3.0,REM
1601294373000,72,43,2020-09-28 11:59:33+00:00,par_15,2020-09-28,2020-09-28 06:09:33+00:00,2020-09-28 16:10:33+00:00,3.0,REM
1601294673000,73,48,2020-09-28 12:04:33+00:00,par_15,2020-09-28,2020-09-28 06:09:33+00:00,2020-09-28 16:10:33+00:00,2.0,light
1601294973000,72,50,2020-09-28 12:09:33+00:00,par_15,2020-09-28,2020-09-28 06:09:33+00:00,2020-09-28 16:10:33+00:00,2.0,light
1601295273000,69,55,2020-09-28 12:14:33+00:00,par_15,2020-09-28,2020-09-28 06:09:33+00:00,2020-09-28 16:10:33+00:00,2.0,light
1601295573000,68,56,2020-09-28 12:19:33+00:00,par_15,2020-09-28,2020-09-28 06:09:33+00:00,2020-09-28 16:10:33+00:00,2.0,light
1601295873000,69,49,2020-09-28 12:24:33+00:00,par_15,2020-09-28,2020-09-28 06:09:33+00:00,2020-09-28 16:10:33+00:00,2.0,light
1601296173000,69,58,2020-09-28 12:29:33+00:00,par_15,2020-09-28,2020-09-28 06:09:33+00:00,2020-09-28 16:10:33+00:00,2.0,light
1601296473000,65,69,2020-09-28 12:34:33+00:00,par_15,2020-09-28,2020-09-28 06:09:33+00:00,2020-09-28 16:10:33+00:00,2.0,light
1601296773000,66,61,2020-09-28 12:39:33+00:00,par_15,2020-09-28,2020-09-28 06:09:33+00:00,2020-09-28 16:10:33+00:00,2.0,light
1601297073000,65,62,2020-09-28 12:44:33+00:00,par_15,2020-09-28,2020-09-28 06:09:33+00:00,2020-09-28 16:10:33+00:00,2.0,light
1601297373000,65,72,2020-09-28 12:49:33+00:00,par_15,2020-09-28,2020-09-28 06:09:33+00:00,2020-09-28 16:10:33+00:00,3.0,REM
1601297673000,0,0,2020-09-28 12:54:33+00:00,par_15,2020-09-28,2020-09-28 06:09:33+00:00,2020-09-28 16:10:33+00:00,3.0,REM
1601297973000,0,0,2020-09-28 12:59:33+00:00,par_15,2020-09-28,2020-09-28 06:09:33+00:00,2020-09-28 16:10:33+00:00,1.0,deep
1601298273000,69,70,2020-09-28 13:04:33+00:00,par_15,2020-09-28,2020-09-28 06:09:33+00:00,2020-09-28 16:10:33+00:00,3.0,REM
1601298573000,66,72,2020-09-28 13:09:33+00:00,par_15,2020-09-28,2020-09-28 06:09:33+00:00,2020-09-28 16:10:33+00:00,3.0,REM
1601298873000,74,55,2020-09-28 13:14:33+00:00,par_15,2020-09-28,2020-09-28 06:09:33+00:00,2020-09-28 16:10:33+00:00,3.0,REM
1601299173000,74,37,2020-09-28 13:19:33+00:00,par_15,2020-09-28,2020-09-28 06:09:33+00:00,2020-09-28 16:10:33+00:00,3.0,REM
1601299473000,76,27,2020-09-28 13:24:33+00:00,par_15,2020-09-28,2020-09-28 06:09:33+00:00,2020-09-28 16:10:33+00:00,3.0,REM
1601299773000,73,48,2020-09-28 13:29:33+00:00,par_15,2020-09-28,2020-09-28 06:09:33+00:00,2020-09-28 16:10:33+00:00,3.0,REM
1601300073000,72,54,2020-09-28 13:34:33+00:00,par_15,2020-09-28,2020-09-28 06:09:33+00:00,2020-09-28 16:10:33+00:00,2.0,light
1601300373000,72,48,2020-09-28 13:39:33+00:00,par_15,2020-09-28,2020-09-28 06:09:33+00:00,2020-09-28 16:10:33+00:00,2.0,light
1601300673000,68,68,2020-09-28 13:44:33+00:00,par_15,2020-09-28,2020-09-28 06:09:33+00:00,2020-09-28 16:10:33+00:00,2.0,light
1601300973000,71,57,2020-09-28 13:49:33+00:00,par_15,2020-09-28,2020-09-28 06:09:33+00:00,2020-09-28 16:10:33+00:00,3.0,REM
1601301273000,71,63,2020-09-28 13:54:33+00:00,par_15,2020-09-28,2020-09-28 06:09:33+00:00,2020-09-28 16:10:33+00:00,2.0,light
1601301573000,70,66,2020-09-28 13:59:33+00:00,par_15,2020-09-28,2020-09-28 06:09:33+00:00,2020-09-28 16:10:33+00:00,2.0,light
1601301873000,66,72,2020-09-28 14:04:33+00:00,par_15,2020-09-28,2020-09-28 06:09:33+00:00,2020-09-28 16:10:33+00:00,2.0,light
1601302173000,65,77,2020-09-28 14:09:33+00:00,par_15,2020-09-28,2020-09-28 06:09:33+00:00,2020-09-28 16:10:33+00:00,2.0,light
1601302473000,68,63,2020-09-28 14:14:33+00:00,par_15,2020-09-28,2020-09-28 06:09:33+00:00,2020-09-28 16:10:33+00:00,2.0,light
1601302773000,66,63,2020-09-28 14:19:33+00:00,par_15,2020-09-28,2020-09-28 06:09:33+00:00,2020-09-28 16:10:33+00:00,3.0,REM
1601303073000,66,72,2020-09-28 14:24:33+00:00,par_15,2020-09-28,2020-09-28 06:09:33+00:00,2020-09-28 16:10:33+00:00,2.0,light
1601303373000,69,65,2020-09-28 14:29:33+00:00,par_15,2020-09-28,2020-09-28 06:09:33+00:00,2020-09-28 16:10:33+00:00,2.0,light
1601303673000,68,64,2020-09-28 14:34:33+00:00,par_15,2020-09-28,2020-09-28 06:09:33+00:00,2020-09-28 16:10:33+00:00,2.0,light
1601303973000,68,64,2020-09-28 14:39:33+00:00,par_15,2020-09-28,2020-09-28 06:09:33+00:00,2020-09-28 16:10:33+00:00,2.0,light
1601304273000,69,69,2020-09-28 14:44:33+00:00,par_15,2020-09-28,2020-09-28 06:09:33+00:00,2020-09-28 16:10:33+00:00,3.0,REM
1601304573000,76,31,2020-09-28 14:49:33+00:00,par_15,2020-09-28,2020-09-28 06:09:33+00:00,2020-09-28 16:10:33+00:00,3.0,REM
1601304873000,79,17,2020-09-28 14:54:33+00:00,par_15,2020-09-28,2020-09-28 06:09:33+00:00,2020-09-28 16:10:33+00:00,3.0,REM
1601305173000,78,20,2020-09-28 14:59:33+00:00,par_15,2020-09-28,2020-09-28 06:09:33+00:00,2020-09-28 16:10:33+00:00,3.0,REM
1601305473000,77,37,2020-09-28 15:04:33+00:00,par_15,2020-09-28,2020-09-28 06:09:33+00:00,2020-09-28 16:10:33+00:00,3.0,REM
1601305773000,72,46,2020-09-28 15:09:33+00:00,par_15,2020-09-28,2020-09-28 06:09:33+00:00,2020-09-28 16:10:33+00:00,2.0,light
1601306073000,69,51,2020-09-28 15:14:33+00:00,par_15,2020-09-28,2020-09-28 06:09:33+00:00,2020-09-28 16:10:33+00:00,2.0,light
1601306373000,69,56,2020-09-28 15:19:33+00:00,par_15,2020-09-28,2020-09-28 06:09:33+00:00,2020-09-28 16:10:33+00:00,3.0,REM
1601306673000,69,45,2020-09-28 15:24:33+00:00,par_15,2020-09-28,2020-09-28 06:09:33+00:00,2020-09-28 16:10:33+00:00,1.0,deep
1601306973000,69,45,2020-09-28 15:29:33+00:00,par_15,2020-09-28,2020-09-28 06:09:33+00:00,2020-09-28 16:10:33+00:00,1.0,deep
1601307273000,68,47,2020-09-28 15:34:33+00:00,par_15,2020-09-28,2020-09-28 06:09:33+00:00,2020-09-28 16:10:33+00:00,3.0,REM
1601307573000,67,49,2020-09-28 15:39:33+00:00,par_15,2020-09-28,2020-09-28 06:09:33+00:00,2020-09-28 16:10:33+00:00,3.0,REM
1601307873000,70,57,2020-09-28 15:44:33+00:00,par_15,2020-09-28,2020-09-28 06:09:33+00:00,2020-09-28 16:10:33+00:00,3.0,REM
1601308173000,67,73,2020-09-28 15:49:33+00:00,par_15,2020-09-28,2020-09-28 06:09:33+00:00,2020-09-28 16:10:33+00:00,2.0,light
1601308473000,68,67,2020-09-28 15:54:33+00:00,par_15,2020-09-28,2020-09-28 06:09:33+00:00,2020-09-28 16:10:33+00:00,3.0,REM
1601308773000,71,53,2020-09-28 15:59:33+00:00,par_15,2020-09-28,2020-09-28 06:09:33+00:00,2020-09-28 16:10:33+00:00,3.0,REM
1601309073000,73,47,2020-09-28 16:04:33+00:00,par_15,2020-09-28,2020-09-28 06:09:33+00:00,2020-09-28 16:10:33+00:00,4.0,awake
1601309373000,81,46,2020-09-28 16:09:33+00:00,par_15,2020-09-28,2020-09-28 06:09:33+00:00,2020-09-28 16:10:33+00:00,4.0,awake
1601450910000,74,39,2020-09-30 07:28:30+00:00,par_15,2020-09-30,2020-09-30 07:28:30+00:00,2020-09-30 13:52:30+00:00,4.0,awake
1601451210000,74,34,2020-09-30 07:33:30+00:00,par_15,2020-09-30,2020-09-30 07:28:30+00:00,2020-09-30 13:52:30+00:00,4.0,awake
1601451510000,78,28,2020-09-30 07:38:30+00:00,par_15,2020-09-30,2020-09-30 07:28:30+00:00,2020-09-30 13:52:30+00:00,4.0,awake
1601451810000,75,27,2020-09-30 07:43:30+00:00,par_15,2020-09-30,2020-09-30 07:28:30+00:00,2020-09-30 13:52:30+00:00,2.0,light
1601452110000,72,43,2020-09-30 07:48:30+00:00,par_15,2020-09-30,2020-09-30 07:28:30+00:00,2020-09-30 13:52:30+00:00,2.0,light
1601452410000,69,64,2020-09-30 07:53:30+00:00,par_15,2020-09-30,2020-09-30 07:28:30+00:00,2020-09-30 13:52:30+00:00,2.0,light
1601452710000,69,70,2020-09-30 07:58:30+00:00,par_15,2020-09-30,2020-09-30 07:28:30+00:00,2020-09-30 13:52:30+00:00,2.0,light
1601453010000,70,47,2020-09-30 08:03:30+00:00,par_15,2020-09-30,2020-09-30 07:28:30+00:00,2020-09-30 13:52:30+00:00,2.0,light
1601453310000,70,52,2020-09-30 08:08:30+00:00,par_15,2020-09-30,2020-09-30 07:28:30+00:00,2020-09-30 13:52:30+00:00,1.0,deep
1601453610000,70,45,2020-09-30 08:13:30+00:00,par_15,2020-09-30,2020-09-30 07:28:30+00:00,2020-09-30 13:52:30+00:00,1.0,deep
1601453910000,69,48,2020-09-30 08:18:30+00:00,par_15,2020-09-30,2020-09-30 07:28:30+00:00,2020-09-30 13:52:30+00:00,1.0,deep
1601454210000,70,45,2020-09-30 08:23:30+00:00,par_15,2020-09-30,2020-09-30 07:28:30+00:00,2020-09-30 13:52:30+00:00,1.0,deep
1601454510000,70,44,2020-09-30 08:28:30+00:00,par_15,2020-09-30,2020-09-30 07:28:30+00:00,2020-09-30 13:52:30+00:00,1.0,deep
1601454810000,70,46,2020-09-30 08:33:30+00:00,par_15,2020-09-30,2020-09-30 07:28:30+00:00,2020-09-30 13:52:30+00:00,1.0,deep
1601455110000,74,42,2020-09-30 08:38:30+00:00,par_15,2020-09-30,2020-09-30 07:28:30+00:00,2020-09-30 13:52:30+00:00,1.0,deep
1601455410000,79,21,2020-09-30 08:43:30+00:00,par_15,2020-09-30,2020-09-30 07:28:30+00:00,2020-09-30 13:52:30+00:00,4.0,awake
1601455710000,78,23,2020-09-30 08:48:30+00:00,par_15,2020-09-30,2020-09-30 07:28:30+00:00,2020-09-30 13:52:30+00:00,2.0,light
1601456010000,77,32,2020-09-30 08:53:30+00:00,par_15,2020-09-30,2020-09-30 07:28:30+00:00,2020-09-30 13:52:30+00:00,2.0,light
1601456310000,69,56,2020-09-30 08:58:30+00:00,par_15,2020-09-30,2020-09-30 07:28:30+00:00,2020-09-30 13:52:30+00:00,2.0,light
1601456610000,68,54,2020-09-30 09:03:30+00:00,par_15,2020-09-30,2020-09-30 07:28:30+00:00,2020-09-30 13:52:30+00:00,2.0,light
1601456910000,67,56,2020-09-30 09:08:30+00:00,par_15,2020-09-30,2020-09-30 07:28:30+00:00,2020-09-30 13:52:30+00:00,1.0,deep
1601457210000,66,62,2020-09-30 09:13:30+00:00,par_15,2020-09-30,2020-09-30 07:28:30+00:00,2020-09-30 13:52:30+00:00,1.0,deep
1601457510000,65,65,2020-09-30 09:18:30+00:00,par_15,2020-09-30,2020-09-30 07:28:30+00:00,2020-09-30 13:52:30+00:00,2.0,light
1601457810000,68,64,2020-09-30 09:23:30+00:00,par_15,2020-09-30,2020-09-30 07:28:30+00:00,2020-09-30 13:52:30+00:00,2.0,light
1601458110000,62,61,2020-09-30 09:28:30+00:00,par_15,2020-09-30,2020-09-30 07:28:30+00:00,2020-09-30 13:52:30+00:00,2.0,light
1601458410000,61,65,2020-09-30 09:33:30+00:00,par_15,2020-09-30,2020-09-30 07:28:30+00:00,2020-09-30 13:52:30+00:00,1.0,deep
1601458710000,61,64,2020-09-30 09:38:30+00:00,par_15,2020-09-30,2020-09-30 07:28:30+00:00,2020-09-30 13:52:30+00:00,1.0,deep
1601459010000,61,70,2020-09-30 09:43:30+00:00,par_15,2020-09-30,2020-09-30 07:28:30+00:00,2020-09-30 13:52:30+00:00,1.0,deep
1601459310000,61,65,2020-09-30 09:48:30+00:00,par_15,2020-09-30,2020-09-30 07:28:30+00:00,2020-09-30 13:52:30+00:00,1.0,deep
1601459610000,61,79,2020-09-30 09:53:30+00:00,par_15,2020-09-30,2020-09-30 07:28:30+00:00,2020-09-30 13:52:30+00:00,1.0,deep
1601459910000,63,84,2020-09-30 09:58:30+00:00,par_15,2020-09-30,2020-09-30 07:28:30+00:00,2020-09-30 13:52:30+00:00,1.0,deep
1601460210000,62,83,2020-09-30 10:03:30+00:00,par_15,2020-09-30,2020-09-30 07:28:30+00:00,2020-09-30 13:52:30+00:00,1.0,deep
1601460510000,64,79,2020-09-30 10:08:30+00:00,par_15,2020-09-30,2020-09-30 07:28:30+00:00,2020-09-30 13:52:30+00:00,1.0,deep
1601460810000,67,60,2020-09-30 10:13:30+00:00,par_15,2020-09-30,2020-09-30 07:28:30+00:00,2020-09-30 13:52:30+00:00,3.0,REM
1601461110000,75,26,2020-09-30 10:18:30+00:00,par_15,2020-09-30,2020-09-30 07:28:30+00:00,2020-09-30 13:52:30+00:00,3.0,REM
1601461410000,72,40,2020-09-30 10:23:30+00:00,par_15,2020-09-30,2020-09-30 07:28:30+00:00,2020-09-30 13:52:30+00:00,3.0,REM
1601461710000,70,53,2020-09-30 10:28:30+00:00,par_15,2020-09-30,2020-09-30 07:28:30+00:00,2020-09-30 13:52:30+00:00,2.0,light
1601462010000,69,68,2020-09-30 10:33:30+00:00,par_15,2020-09-30,2020-09-30 07:28:30+00:00,2020-09-30 13:52:30+00:00,3.0,REM
1601462310000,71,42,2020-09-30 10:38:30+00:00,par_15,2020-09-30,2020-09-30 07:28:30+00:00,2020-09-30 13:52:30+00:00,3.0,REM
1601462610000,74,41,2020-09-30 10:43:30+00:00,par_15,2020-09-30,2020-09-30 07:28:30+00:00,2020-09-30 13:52:30+00:00,3.0,REM
1601462910000,69,65,2020-09-30 10:48:30+00:00,par_15,2020-09-30,2020-09-30 07:28:30+00:00,2020-09-30 13:52:30+00:00,3.0,REM
1601463210000,70,45,2020-09-30 10:53:30+00:00,par_15,2020-09-30,2020-09-30 07:28:30+00:00,2020-09-30 13:52:30+00:00,3.0,REM
1601463510000,71,35,2020-09-30 10:58:30+00:00,par_15,2020-09-30,2020-09-30 07:28:30+00:00,2020-09-30 13:52:30+00:00,3.0,REM
1601463810000,74,40,2020-09-30 11:03:30+00:00,par_15,2020-09-30,2020-09-30 07:28:30+00:00,2020-09-30 13:52:30+00:00,3.0,REM
1601464110000,70,60,2020-09-30 11:08:30+00:00,par_15,2020-09-30,2020-09-30 07:28:30+00:00,2020-09-30 13:52:30+00:00,2.0,light
1601464410000,68,64,2020-09-30 11:13:30+00:00,par_15,2020-09-30,2020-09-30 07:28:30+00:00,2020-09-30 13:52:30+00:00,2.0,light
1601464710000,67,67,2020-09-30 11:18:30+00:00,par_15,2020-09-30,2020-09-30 07:28:30+00:00,2020-09-30 13:52:30+00:00,2.0,light
1601465010000,69,54,2020-09-30 11:23:30+00:00,par_15,2020-09-30,2020-09-30 07:28:30+00:00,2020-09-30 13:52:30+00:00,2.0,light
1601465310000,62,78,2020-09-30 11:28:30+00:00,par_15,2020-09-30,2020-09-30 07:28:30+00:00,2020-09-30 13:52:30+00:00,2.0,light
1601465610000,65,70,2020-09-30 11:33:30+00:00,par_15,2020-09-30,2020-09-30 07:28:30+00:00,2020-09-30 13:52:30+00:00,2.0,light
1601465910000,65,67,2020-09-30 11:38:30+00:00,par_15,2020-09-30,2020-09-30 07:28:30+00:00,2020-09-30 13:52:30+00:00,2.0,light
1601466210000,65,71,2020-09-30 11:43:30+00:00,par_15,2020-09-30,2020-09-30 07:28:30+00:00,2020-09-30 13:52:30+00:00,2.0,light
1601466510000,67,52,2020-09-30 11:48:30+00:00,par_15,2020-09-30,2020-09-30 07:28:30+00:00,2020-09-30 13:52:30+00:00,1.0,deep
1601466810000,66,56,2020-09-30 11:53:30+00:00,par_15,2020-09-30,2020-09-30 07:28:30+00:00,2020-09-30 13:52:30+00:00,1.0,deep
1601467110000,67,57,2020-09-30 11:58:30+00:00,par_15,2020-09-30,2020-09-30 07:28:30+00:00,2020-09-30 13:52:30+00:00,1.0,deep
1601467410000,66,53,2020-09-30 12:03:30+00:00,par_15,2020-09-30,2020-09-30 07:28:30+00:00,2020-09-30 13:52:30+00:00,1.0,deep
1601467710000,67,52,2020-09-30 12:08:30+00:00,par_15,2020-09-30,2020-09-30 07:28:30+00:00,2020-09-30 13:52:30+00:00,1.0,deep
1601468010000,67,62,2020-09-30 12:13:30+00:00,par_15,2020-09-30,2020-09-30 07:28:30+00:00,2020-09-30 13:52:30+00:00,1.0,deep
1601468310000,68,69,2020-09-30 12:18:30+00:00,par_15,2020-09-30,2020-09-30 07:28:30+00:00,2020-09-30 13:52:30+00:00,2.0,light
1601468610000,64,85,2020-09-30 12:23:30+00:00,par_15,2020-09-30,2020-09-30 07:28:30+00:00,2020-09-30 13:52:30+00:00,2.0,light
1601468910000,71,54,2020-09-30 12:28:30+00:00,par_15,2020-09-30,2020-09-30 07:28:30+00:00,2020-09-30 13:52:30+00:00,2.0,light
1601469210000,67,79,2020-09-30 12:33:30+00:00,par_15,2020-09-30,2020-09-30 07:28:30+00:00,2020-09-30 13:52:30+00:00,3.0,REM
1601469510000,68,67,2020-09-30 12:38:30+00:00,par_15,2020-09-30,2020-09-30 07:28:30+00:00,2020-09-30 13:52:30+00:00,2.0,light
1601469810000,66,70,2020-09-30 12:43:30+00:00,par_15,2020-09-30,2020-09-30 07:28:30+00:00,2020-09-30 13:52:30+00:00,2.0,light
1601470110000,69,62,2020-09-30 12:48:30+00:00,par_15,2020-09-30,2020-09-30 07:28:30+00:00,2020-09-30 13:52:30+00:00,2.0,light
1601470410000,67,68,2020-09-30 12:53:30+00:00,par_15,2020-09-30,2020-09-30 07:28:30+00:00,2020-09-30 13:52:30+00:00,2.0,light
1601470710000,65,74,2020-09-30 12:58:30+00:00,par_15,2020-09-30,2020-09-30 07:28:30+00:00,2020-09-30 13:52:30+00:00,2.0,light
1601471010000,64,78,2020-09-30 13:03:30+00:00,par_15,2020-09-30,2020-09-30 07:28:30+00:00,2020-09-30 13:52:30+00:00,2.0,light
1601471310000,73,64,2020-09-30 13:08:30+00:00,par_15,2020-09-30,2020-09-30 07:28:30+00:00,2020-09-30 13:52:30+00:00,4.0,awake
1601471610000,68,64,2020-09-30 13:13:30+00:00,par_15,2020-09-30,2020-09-30 07:28:30+00:00,2020-09-30 13:52:30+00:00,2.0,light
1601471910000,64,80,2020-09-30 13:18:30+00:00,par_15,2020-09-30,2020-09-30 07:28:30+00:00,2020-09-30 13:52:30+00:00,2.0,light
1601472210000,64,69,2020-09-30 13:23:30+00:00,par_15,2020-09-30,2020-09-30 07:28:30+00:00,2020-09-30 13:52:30+00:00,2.0,light
1601472510000,66,82,2020-09-30 13:28:30+00:00,par_15,2020-09-30,2020-09-30 07:28:30+00:00,2020-09-30 13:52:30+00:00,2.0,light
1601472810000,64,93,2020-09-30 13:33:30+00:00,par_15,2020-09-30,2020-09-30 07:28:30+00:00,2020-09-30 13:52:30+00:00,2.0,light
1601473110000,73,69,2020-09-30 13:38:30+00:00,par_15,2020-09-30,2020-09-30 07:28:30+00:00,2020-09-30 13:52:30+00:00,4.0,awake
1601473410000,75,55,2020-09-30 13:43:30+00:00,par_15,2020-09-30,2020-09-30 07:28:30+00:00,2020-09-30 13:52:30+00:00,4.0,awake
1601473710000,77,67,2020-09-30 13:48:30+00:00,par_15,2020-09-30,2020-09-30 07:28:30+00:00,2020-09-30 13:52:30+00:00,4.0,awake
1601532387000,0,0,2020-10-01 06:06:27+00:00,par_15,2020-10-01,2020-10-01 06:06:27+00:00,2020-10-01 15:02:27+00:00,4.0,awake
1601532687000,75,40,2020-10-01 06:11:27+00:00,par_15,2020-10-01,2020-10-01 06:06:27+00:00,2020-10-01 15:02:27+00:00,2.0,light
1601532987000,73,41,2020-10-01 06:16:27+00:00,par_15,2020-10-01,2020-10-01 06:06:27+00:00,2020-10-01 15:02:27+00:00,2.0,light
1601533287000,77,36,2020-10-01 06:21:27+00:00,par_15,2020-10-01,2020-10-01 06:06:27+00:00,2020-10-01 15:02:27+00:00,4.0,awake
1601533587000,76,38,2020-10-01 06:26:27+00:00,par_15,2020-10-01,2020-10-01 06:06:27+00:00,2020-10-01 15:02:27+00:00,4.0,awake
1601533887000,72,38,2020-10-01 06:31:27+00:00,par_15,2020-10-01,2020-10-01 06:06:27+00:00,2020-10-01 15:02:27+00:00,2.0,light
1601534187000,69,47,2020-10-01 06:36:27+00:00,par_15,2020-10-01,2020-10-01 06:06:27+00:00,2020-10-01 15:02:27+00:00,2.0,light
1601534487000,67,53,2020-10-01 06:41:27+00:00,par_15,2020-10-01,2020-10-01 06:06:27+00:00,2020-10-01 15:02:27+00:00,1.0,deep
1601534787000,67,51,2020-10-01 06:46:27+00:00,par_15,2020-10-01,2020-10-01 06:06:27+00:00,2020-10-01 15:02:27+00:00,1.0,deep
1601535087000,67,49,2020-10-01 06:51:27+00:00,par_15,2020-10-01,2020-10-01 06:06:27+00:00,2020-10-01 15:02:27+00:00,1.0,deep
1601535387000,68,45,2020-10-01 06:56:27+00:00,par_15,2020-10-01,2020-10-01 06:06:27+00:00,2020-10-01 15:02:27+00:00,1.0,deep
1601535687000,69,50,2020-10-01 07:01:27+00:00,par_15,2020-10-01,2020-10-01 06:06:27+00:00,2020-10-01 15:02:27+00:00,1.0,deep
1601535987000,68,50,2020-10-01 07:06:27+00:00,par_15,2020-10-01,2020-10-01 06:06:27+00:00,2020-10-01 15:02:27+00:00,1.0,deep
1601536287000,68,52,2020-10-01 07:11:27+00:00,par_15,2020-10-01,2020-10-01 06:06:27+00:00,2020-10-01 15:02:27+00:00,1.0,deep
1601536587000,73,53,2020-10-01 07:16:27+00:00,par_15,2020-10-01,2020-10-01 06:06:27+00:00,2020-10-01 15:02:27+00:00,1.0,deep
1601536887000,77,25,2020-10-01 07:21:27+00:00,par_15,2020-10-01,2020-10-01 06:06:27+00:00,2020-10-01 15:02:27+00:00,2.0,light
1601537187000,77,29,2020-10-01 07:26:27+00:00,par_15,2020-10-01,2020-10-01 06:06:27+00:00,2020-10-01 15:02:27+00:00,2.0,light
1601537487000,75,35,2020-10-01 07:31:27+00:00,par_15,2020-10-01,2020-10-01 06:06:27+00:00,2020-10-01 15:02:27+00:00,2.0,light
1601537787000,70,45,2020-10-01 07:36:27+00:00,par_15,2020-10-01,2020-10-01 06:06:27+00:00,2020-10-01 15:02:27+00:00,2.0,light
1601538087000,68,46,2020-10-01 07:41:27+00:00,par_15,2020-10-01,2020-10-01 06:06:27+00:00,2020-10-01 15:02:27+00:00,2.0,light
1601538387000,67,50,2020-10-01 07:46:27+00:00,par_15,2020-10-01,2020-10-01 06:06:27+00:00,2020-10-01 15:02:27+00:00,1.0,deep
1601538687000,66,58,2020-10-01 07:51:27+00:00,par_15,2020-10-01,2020-10-01 06:06:27+00:00,2020-10-01 15:02:27+00:00,1.0,deep
1601538987000,67,51,2020-10-01 07:56:27+00:00,par_15,2020-10-01,2020-10-01 06:06:27+00:00,2020-10-01 15:02:27+00:00,1.0,deep
1601539287000,68,47,2020-10-01 08:01:27+00:00,par_15,2020-10-01,2020-10-01 06:06:27+00:00,2020-10-01 15:02:27+00:00,1.0,deep
1601539587000,67,49,2020-10-01 08:06:27+00:00,par_15,2020-10-01,2020-10-01 06:06:27+00:00,2020-10-01 15:02:27+00:00,1.0,deep
1601539887000,67,46,2020-10-01 08:11:27+00:00,par_15,2020-10-01,2020-10-01 06:06:27+00:00,2020-10-01 15:02:27+00:00,1.0,deep
1601540187000,67,50,2020-10-01 08:16:27+00:00,par_15,2020-10-01,2020-10-01 06:06:27+00:00,2020-10-01 15:02:27+00:00,1.0,deep
1601540487000,67,48,2020-10-01 08:21:27+00:00,par_15,2020-10-01,2020-10-01 06:06:27+00:00,2020-10-01 15:02:27+00:00,1.0,deep
1601540787000,67,51,2020-10-01 08:26:27+00:00,par_15,2020-10-01,2020-10-01 06:06:27+00:00,2020-10-01 15:02:27+00:00,1.0,deep
1601541087000,67,52,2020-10-01 08:31:27+00:00,par_15,2020-10-01,2020-10-01 06:06:27+00:00,2020-10-01 15:02:27+00:00,1.0,deep
1601541387000,69,51,2020-10-01 08:36:27+00:00,par_15,2020-10-01,2020-10-01 06:06:27+00:00,2020-10-01 15:02:27+00:00,1.0,deep
1601541687000,73,40,2020-10-01 08:41:27+00:00,par_15,2020-10-01,2020-10-01 06:06:27+00:00,2020-10-01 15:02:27+00:00,2.0,light
1601541987000,71,52,2020-10-01 08:46:27+00:00,par_15,2020-10-01,2020-10-01 06:06:27+00:00,2020-10-01 15:02:27+00:00,3.0,REM
1601542287000,73,40,2020-10-01 08:51:27+00:00,par_15,2020-10-01,2020-10-01 06:06:27+00:00,2020-10-01 15:02:27+00:00,2.0,light
1601542587000,70,52,2020-10-01 08:56:27+00:00,par_15,2020-10-01,2020-10-01 06:06:27+00:00,2020-10-01 15:02:27+00:00,3.0,REM
1601542887000,73,41,2020-10-01 09:01:27+00:00,par_15,2020-10-01,2020-10-01 06:06:27+00:00,2020-10-01 15:02:27+00:00,2.0,light
1601543187000,73,46,2020-10-01 09:06:27+00:00,par_15,2020-10-01,2020-10-01 06:06:27+00:00,2020-10-01 15:02:27+00:00,2.0,light
1601543487000,68,56,2020-10-01 09:11:27+00:00,par_15,2020-10-01,2020-10-01 06:06:27+00:00,2020-10-01 15:02:27+00:00,3.0,REM
1601543787000,71,56,2020-10-01 09:16:27+00:00,par_15,2020-10-01,2020-10-01 06:06:27+00:00,2020-10-01 15:02:27+00:00,4.0,awake
1601544087000,70,59,2020-10-01 09:21:27+00:00,par_15,2020-10-01,2020-10-01 06:06:27+00:00,2020-10-01 15:02:27+00:00,4.0,awake
1601544387000,64,76,2020-10-01 09:26:27+00:00,par_15,2020-10-01,2020-10-01 06:06:27+00:00,2020-10-01 15:02:27+00:00,2.0,light
1601544687000,65,68,2020-10-01 09:31:27+00:00,par_15,2020-10-01,2020-10-01 06:06:27+00:00,2020-10-01 15:02:27+00:00,2.0,light
1601544987000,66,69,2020-10-01 09:36:27+00:00,par_15,2020-10-01,2020-10-01 06:06:27+00:00,2020-10-01 15:02:27+00:00,2.0,light
1601545287000,67,64,2020-10-01 09:41:27+00:00,par_15,2020-10-01,2020-10-01 06:06:27+00:00,2020-10-01 15:02:27+00:00,2.0,light
1601545587000,65,76,2020-10-01 09:46:27+00:00,par_15,2020-10-01,2020-10-01 06:06:27+00:00,2020-10-01 15:02:27+00:00,2.0,light
1601545887000,67,58,2020-10-01 09:51:27+00:00,par_15,2020-10-01,2020-10-01 06:06:27+00:00,2020-10-01 15:02:27+00:00,1.0,deep
1601546187000,67,52,2020-10-01 09:56:27+00:00,par_15,2020-10-01,2020-10-01 06:06:27+00:00,2020-10-01 15:02:27+00:00,1.0,deep
1601546487000,69,56,2020-10-01 10:01:27+00:00,par_15,2020-10-01,2020-10-01 06:06:27+00:00,2020-10-01 15:02:27+00:00,1.0,deep
1601546787000,67,61,2020-10-01 10:06:27+00:00,par_15,2020-10-01,2020-10-01 06:06:27+00:00,2020-10-01 15:02:27+00:00,2.0,light
1601547087000,68,61,2020-10-01 10:11:27+00:00,par_15,2020-10-01,2020-10-01 06:06:27+00:00,2020-10-01 15:02:27+00:00,2.0,light
1601547387000,76,31,2020-10-01 10:16:27+00:00,par_15,2020-10-01,2020-10-01 06:06:27+00:00,2020-10-01 15:02:27+00:00,3.0,REM
1601547687000,79,21,2020-10-01 10:21:27+00:00,par_15,2020-10-01,2020-10-01 06:06:27+00:00,2020-10-01 15:02:27+00:00,3.0,REM
1601547987000,79,18,2020-10-01 10:26:27+00:00,par_15,2020-10-01,2020-10-01 06:06:27+00:00,2020-10-01 15:02:27+00:00,3.0,REM
1601548287000,77,24,2020-10-01 10:31:27+00:00,par_15,2020-10-01,2020-10-01 06:06:27+00:00,2020-10-01 15:02:27+00:00,3.0,REM
1601548587000,76,32,2020-10-01 10:36:27+00:00,par_15,2020-10-01,2020-10-01 06:06:27+00:00,2020-10-01 15:02:27+00:00,3.0,REM
1601548887000,74,37,2020-10-01 10:41:27+00:00,par_15,2020-10-01,2020-10-01 06:06:27+00:00,2020-10-01 15:02:27+00:00,3.0,REM
1601549187000,72,41,2020-10-01 10:46:27+00:00,par_15,2020-10-01,2020-10-01 06:06:27+00:00,2020-10-01 15:02:27+00:00,3.0,REM
1601549487000,73,49,2020-10-01 10:51:27+00:00,par_15,2020-10-01,2020-10-01 06:06:27+00:00,2020-10-01 15:02:27+00:00,2.0,light
1601549787000,73,46,2020-10-01 10:56:27+00:00,par_15,2020-10-01,2020-10-01 06:06:27+00:00,2020-10-01 15:02:27+00:00,2.0,light
1601550087000,69,50,2020-10-01 11:01:27+00:00,par_15,2020-10-01,2020-10-01 06:06:27+00:00,2020-10-01 15:02:27+00:00,2.0,light
1601550387000,70,62,2020-10-01 11:06:27+00:00,par_15,2020-10-01,2020-10-01 06:06:27+00:00,2020-10-01 15:02:27+00:00,2.0,light
1601550687000,68,58,2020-10-01 11:11:27+00:00,par_15,2020-10-01,2020-10-01 06:06:27+00:00,2020-10-01 15:02:27+00:00,2.0,light
1601550987000,69,53,2020-10-01 11:16:27+00:00,par_15,2020-10-01,2020-10-01 06:06:27+00:00,2020-10-01 15:02:27+00:00,2.0,light
1601551287000,66,64,2020-10-01 11:21:27+00:00,par_15,2020-10-01,2020-10-01 06:06:27+00:00,2020-10-01 15:02:27+00:00,2.0,light
1601551587000,68,60,2020-10-01 11:26:27+00:00,par_15,2020-10-01,2020-10-01 06:06:27+00:00,2020-10-01 15:02:27+00:00,2.0,light
1601551887000,68,54,2020-10-01 11:31:27+00:00,par_15,2020-10-01,2020-10-01 06:06:27+00:00,2020-10-01 15:02:27+00:00,2.0,light
1601552187000,68,64,2020-10-01 11:36:27+00:00,par_15,2020-10-01,2020-10-01 06:06:27+00:00,2020-10-01 15:02:27+00:00,2.0,light
1601552487000,70,57,2020-10-01 11:41:27+00:00,par_15,2020-10-01,2020-10-01 06:06:27+00:00,2020-10-01 15:02:27+00:00,1.0,deep
1601552787000,70,54,2020-10-01 11:46:27+00:00,par_15,2020-10-01,2020-10-01 06:06:27+00:00,2020-10-01 15:02:27+00:00,1.0,deep
1601553087000,71,45,2020-10-01 11:51:27+00:00,par_15,2020-10-01,2020-10-01 06:06:27+00:00,2020-10-01 15:02:27+00:00,1.0,deep
1601553387000,68,50,2020-10-01 11:56:27+00:00,par_15,2020-10-01,2020-10-01 06:06:27+00:00,2020-10-01 15:02:27+00:00,2.0,light
1601553687000,70,50,2020-10-01 12:01:27+00:00,par_15,2020-10-01,2020-10-01 06:06:27+00:00,2020-10-01 15:02:27+00:00,2.0,light
1601553987000,69,57,2020-10-01 12:06:27+00:00,par_15,2020-10-01,2020-10-01 06:06:27+00:00,2020-10-01 15:02:27+00:00,2.0,light
1601554287000,73,50,2020-10-01 12:11:27+00:00,par_15,2020-10-01,2020-10-01 06:06:27+00:00,2020-10-01 15:02:27+00:00,2.0,light
1601554587000,76,27,2020-10-01 12:16:27+00:00,par_15,2020-10-01,2020-10-01 06:06:27+00:00,2020-10-01 15:02:27+00:00,3.0,REM
1601554887000,73,48,2020-10-01 12:21:27+00:00,par_15,2020-10-01,2020-10-01 06:06:27+00:00,2020-10-01 15:02:27+00:00,2.0,light
1601555187000,73,49,2020-10-01 12:26:27+00:00,par_15,2020-10-01,2020-10-01 06:06:27+00:00,2020-10-01 15:02:27+00:00,3.0,REM
1601555487000,70,55,2020-10-01 12:31:27+00:00,par_15,2020-10-01,2020-10-01 06:06:27+00:00,2020-10-01 15:02:27+00:00,2.0,light
1601555787000,67,63,2020-10-01 12:36:27+00:00,par_15,2020-10-01,2020-10-01 06:06:27+00:00,2020-10-01 15:02:27+00:00,2.0,light
1601556087000,66,61,2020-10-01 12:41:27+00:00,par_15,2020-10-01,2020-10-01 06:06:27+00:00,2020-10-01 15:02:27+00:00,2.0,light
1601556387000,65,69,2020-10-01 12:46:27+00:00,par_15,2020-10-01,2020-10-01 06:06:27+00:00,2020-10-01 15:02:27+00:00,2.0,light
1601556687000,65,59,2020-10-01 12:51:27+00:00,par_15,2020-10-01,2020-10-01 06:06:27+00:00,2020-10-01 15:02:27+00:00,2.0,light
1601556987000,65,65,2020-10-01 12:56:27+00:00,par_15,2020-10-01,2020-10-01 06:06:27+00:00,2020-10-01 15:02:27+00:00,2.0,light
1601557287000,67,59,2020-10-01 13:01:27+00:00,par_15,2020-10-01,2020-10-01 06:06:27+00:00,2020-10-01 15:02:27+00:00,2.0,light
1601557587000,69,60,2020-10-01 13:06:27+00:00,par_15,2020-10-01,2020-10-01 06:06:27+00:00,2020-10-01 15:02:27+00:00,2.0,light
1601557887000,68,56,2020-10-01 13:11:27+00:00,par_15,2020-10-01,2020-10-01 06:06:27+00:00,2020-10-01 15:02:27+00:00,4.0,awake
1601558187000,67,47,2020-10-01 13:16:27+00:00,par_15,2020-10-01,2020-10-01 06:06:27+00:00,2020-10-01 15:02:27+00:00,2.0,light
1601558487000,66,48,2020-10-01 13:21:27+00:00,par_15,2020-10-01,2020-10-01 06:06:27+00:00,2020-10-01 15:02:27+00:00,2.0,light
1601558787000,70,58,2020-10-01 13:26:27+00:00,par_15,2020-10-01,2020-10-01 06:06:27+00:00,2020-10-01 15:02:27+00:00,2.0,light
1601559087000,67,58,2020-10-01 13:31:27+00:00,par_15,2020-10-01,2020-10-01 06:06:27+00:00,2020-10-01 15:02:27+00:00,2.0,light
1601559387000,72,50,2020-10-01 13:36:27+00:00,par_15,2020-10-01,2020-10-01 06:06:27+00:00,2020-10-01 15:02:27+00:00,3.0,REM
1601559687000,73,56,2020-10-01 13:41:27+00:00,par_15,2020-10-01,2020-10-01 06:06:27+00:00,2020-10-01 15:02:27+00:00,3.0,REM
1601559987000,73,45,2020-10-01 13:46:27+00:00,par_15,2020-10-01,2020-10-01 06:06:27+00:00,2020-10-01 15:02:27+00:00,3.0,REM
1601560287000,76,29,2020-10-01 13:51:27+00:00,par_15,2020-10-01,2020-10-01 06:06:27+00:00,2020-10-01 15:02:27+00:00,3.0,REM
1601560587000,71,54,2020-10-01 13:56:27+00:00,par_15,2020-10-01,2020-10-01 06:06:27+00:00,2020-10-01 15:02:27+00:00,3.0,REM
1601560887000,69,56,2020-10-01 14:01:27+00:00,par_15,2020-10-01,2020-10-01 06:06:27+00:00,2020-10-01 15:02:27+00:00,2.0,light
1601561187000,71,59,2020-10-01 14:06:27+00:00,par_15,2020-10-01,2020-10-01 06:06:27+00:00,2020-10-01 15:02:27+00:00,2.0,light
1601561487000,69,52,2020-10-01 14:11:27+00:00,par_15,2020-10-01,2020-10-01 06:06:27+00:00,2020-10-01 15:02:27+00:00,2.0,light
1601561787000,71,53,2020-10-01 14:16:27+00:00,par_15,2020-10-01,2020-10-01 06:06:27+00:00,2020-10-01 15:02:27+00:00,2.0,light
1601562087000,67,58,2020-10-01 14:21:27+00:00,par_15,2020-10-01,2020-10-01 06:06:27+00:00,2020-10-01 15:02:27+00:00,2.0,light
1601562387000,69,57,2020-10-01 14:26:27+00:00,par_15,2020-10-01,2020-10-01 06:06:27+00:00,2020-10-01 15:02:27+00:00,2.0,light
1601562687000,72,70,2020-10-01 14:31:27+00:00,par_15,2020-10-01,2020-10-01 06:06:27+00:00,2020-10-01 15:02:27+00:00,2.0,light
1601562987000,68,70,2020-10-01 14:36:27+00:00,par_15,2020-10-01,2020-10-01 06:06:27+00:00,2020-10-01 15:02:27+00:00,2.0,light
1601563287000,68,72,2020-10-01 14:41:27+00:00,par_15,2020-10-01,2020-10-01 06:06:27+00:00,2020-10-01 15:02:27+00:00,2.0,light
1601563587000,67,63,2020-10-01 14:46:27+00:00,par_15,2020-10-01,2020-10-01 06:06:27+00:00,2020-10-01 15:02:27+00:00,3.0,REM
1601563887000,68,71,2020-10-01 14:51:27+00:00,par_15,2020-10-01,2020-10-01 06:06:27+00:00,2020-10-01 15:02:27+00:00,3.0,REM
1601564187000,71,63,2020-10-01 14:56:27+00:00,par_15,2020-10-01,2020-10-01 06:06:27+00:00,2020-10-01 15:02:27+00:00,4.0,awake
1601564487000,0,0,2020-10-01 15:01:27+00:00,par_15,2020-10-01,2020-10-01 06:06:27+00:00,2020-10-01 15:02:27+00:00,4.0,awake
1601625179000,78,46,2020-10-02 07:52:59+00:00,par_15,2020-10-02,2020-10-02 07:52:59+00:00,2020-10-02 14:44:59+00:00,4.0,awake
1601625479000,78,31,2020-10-02 07:57:59+00:00,par_15,2020-10-02,2020-10-02 07:52:59+00:00,2020-10-02 14:44:59+00:00,4.0,awake
1601625779000,0,0,2020-10-02 08:02:59+00:00,par_15,2020-10-02,2020-10-02 07:52:59+00:00,2020-10-02 14:44:59+00:00,4.0,awake
1601626079000,72,42,2020-10-02 08:07:59+00:00,par_15,2020-10-02,2020-10-02 07:52:59+00:00,2020-10-02 14:44:59+00:00,2.0,light
1601626379000,69,56,2020-10-02 08:12:59+00:00,par_15,2020-10-02,2020-10-02 07:52:59+00:00,2020-10-02 14:44:59+00:00,2.0,light
1601626679000,69,57,2020-10-02 08:17:59+00:00,par_15,2020-10-02,2020-10-02 07:52:59+00:00,2020-10-02 14:44:59+00:00,2.0,light
1601626979000,67,54,2020-10-02 08:22:59+00:00,par_15,2020-10-02,2020-10-02 07:52:59+00:00,2020-10-02 14:44:59+00:00,2.0,light
1601627279000,67,54,2020-10-02 08:27:59+00:00,par_15,2020-10-02,2020-10-02 07:52:59+00:00,2020-10-02 14:44:59+00:00,1.0,deep
1601627579000,68,52,2020-10-02 08:32:59+00:00,par_15,2020-10-02,2020-10-02 07:52:59+00:00,2020-10-02 14:44:59+00:00,1.0,deep
1601627879000,68,53,2020-10-02 08:37:59+00:00,par_15,2020-10-02,2020-10-02 07:52:59+00:00,2020-10-02 14:44:59+00:00,2.0,light
1601628179000,68,47,2020-10-02 08:42:59+00:00,par_15,2020-10-02,2020-10-02 07:52:59+00:00,2020-10-02 14:44:59+00:00,2.0,light
1601628479000,69,43,2020-10-02 08:47:59+00:00,par_15,2020-10-02,2020-10-02 07:52:59+00:00,2020-10-02 14:44:59+00:00,1.0,deep
1601628779000,71,48,2020-10-02 08:52:59+00:00,par_15,2020-10-02,2020-10-02 07:52:59+00:00,2020-10-02 14:44:59+00:00,1.0,deep
1601629079000,70,56,2020-10-02 08:57:59+00:00,par_15,2020-10-02,2020-10-02 07:52:59+00:00,2020-10-02 14:44:59+00:00,1.0,deep
1601629379000,77,23,2020-10-02 09:02:59+00:00,par_15,2020-10-02,2020-10-02 07:52:59+00:00,2020-10-02 14:44:59+00:00,2.0,light
1601629679000,79,21,2020-10-02 09:07:59+00:00,par_15,2020-10-02,2020-10-02 07:52:59+00:00,2020-10-02 14:44:59+00:00,3.0,REM
1601629979000,74,40,2020-10-02 09:12:59+00:00,par_15,2020-10-02,2020-10-02 07:52:59+00:00,2020-10-02 14:44:59+00:00,2.0,light
1601630279000,73,46,2020-10-02 09:17:59+00:00,par_15,2020-10-02,2020-10-02 07:52:59+00:00,2020-10-02 14:44:59+00:00,2.0,light
1601630579000,71,39,2020-10-02 09:22:59+00:00,par_15,2020-10-02,2020-10-02 07:52:59+00:00,2020-10-02 14:44:59+00:00,1.0,deep
1601630879000,70,37,2020-10-02 09:27:59+00:00,par_15,2020-10-02,2020-10-02 07:52:59+00:00,2020-10-02 14:44:59+00:00,1.0,deep
1601631179000,70,44,2020-10-02 09:32:59+00:00,par_15,2020-10-02,2020-10-02 07:52:59+00:00,2020-10-02 14:44:59+00:00,1.0,deep
1601631479000,69,47,2020-10-02 09:37:59+00:00,par_15,2020-10-02,2020-10-02 07:52:59+00:00,2020-10-02 14:44:59+00:00,1.0,deep
1601631779000,69,51,2020-10-02 09:42:59+00:00,par_15,2020-10-02,2020-10-02 07:52:59+00:00,2020-10-02 14:44:59+00:00,1.0,deep
1601632079000,68,51,2020-10-02 09:47:59+00:00,par_15,2020-10-02,2020-10-02 07:52:59+00:00,2020-10-02 14:44:59+00:00,1.0,deep
1601632379000,69,51,2020-10-02 09:52:59+00:00,par_15,2020-10-02,2020-10-02 07:52:59+00:00,2020-10-02 14:44:59+00:00,1.0,deep
1601632679000,69,49,2020-10-02 09:57:59+00:00,par_15,2020-10-02,2020-10-02 07:52:59+00:00,2020-10-02 14:44:59+00:00,1.0,deep
1601632979000,70,48,2020-10-02 10:02:59+00:00,par_15,2020-10-02,2020-10-02 07:52:59+00:00,2020-10-02 14:44:59+00:00,1.0,deep
1601633279000,70,52,2020-10-02 10:07:59+00:00,par_15,2020-10-02,2020-10-02 07:52:59+00:00,2020-10-02 14:44:59+00:00,1.0,deep
1601633579000,70,47,2020-10-02 10:12:59+00:00,par_15,2020-10-02,2020-10-02 07:52:59+00:00,2020-10-02 14:44:59+00:00,1.0,deep
1601633879000,70,51,2020-10-02 10:17:59+00:00,par_15,2020-10-02,2020-10-02 07:52:59+00:00,2020-10-02 14:44:59+00:00,1.0,deep
1601634179000,72,57,2020-10-02 10:22:59+00:00,par_15,2020-10-02,2020-10-02 07:52:59+00:00,2020-10-02 14:44:59+00:00,2.0,light
1601634479000,71,55,2020-10-02 10:27:59+00:00,par_15,2020-10-02,2020-10-02 07:52:59+00:00,2020-10-02 14:44:59+00:00,2.0,light
1601634779000,76,30,2020-10-02 10:32:59+00:00,par_15,2020-10-02,2020-10-02 07:52:59+00:00,2020-10-02 14:44:59+00:00,3.0,REM
1601635079000,76,34,2020-10-02 10:37:59+00:00,par_15,2020-10-02,2020-10-02 07:52:59+00:00,2020-10-02 14:44:59+00:00,2.0,light
1601635379000,75,43,2020-10-02 10:42:59+00:00,par_15,2020-10-02,2020-10-02 07:52:59+00:00,2020-10-02 14:44:59+00:00,2.0,light
1601635679000,73,46,2020-10-02 10:47:59+00:00,par_15,2020-10-02,2020-10-02 07:52:59+00:00,2020-10-02 14:44:59+00:00,3.0,REM
1601635979000,73,42,2020-10-02 10:52:59+00:00,par_15,2020-10-02,2020-10-02 07:52:59+00:00,2020-10-02 14:44:59+00:00,2.0,light
1601636279000,70,56,2020-10-02 10:57:59+00:00,par_15,2020-10-02,2020-10-02 07:52:59+00:00,2020-10-02 14:44:59+00:00,2.0,light
1601636579000,69,54,2020-10-02 11:02:59+00:00,par_15,2020-10-02,2020-10-02 07:52:59+00:00,2020-10-02 14:44:59+00:00,2.0,light
1601636879000,70,44,2020-10-02 11:07:59+00:00,par_15,2020-10-02,2020-10-02 07:52:59+00:00,2020-10-02 14:44:59+00:00,1.0,deep
1601637179000,70,47,2020-10-02 11:12:59+00:00,par_15,2020-10-02,2020-10-02 07:52:59+00:00,2020-10-02 14:44:59+00:00,1.0,deep
1601637479000,70,49,2020-10-02 11:17:59+00:00,par_15,2020-10-02,2020-10-02 07:52:59+00:00,2020-10-02 14:44:59+00:00,1.0,deep
1601637779000,70,47,2020-10-02 11:22:59+00:00,par_15,2020-10-02,2020-10-02 07:52:59+00:00,2020-10-02 14:44:59+00:00,1.0,deep
1601638079000,71,44,2020-10-02 11:27:59+00:00,par_15,2020-10-02,2020-10-02 07:52:59+00:00,2020-10-02 14:44:59+00:00,1.0,deep
1601638379000,72,42,2020-10-02 11:32:59+00:00,par_15,2020-10-02,2020-10-02 07:52:59+00:00,2020-10-02 14:44:59+00:00,1.0,deep
1601638679000,72,46,2020-10-02 11:37:59+00:00,par_15,2020-10-02,2020-10-02 07:52:59+00:00,2020-10-02 14:44:59+00:00,2.0,light
1601638979000,70,52,2020-10-02 11:42:59+00:00,par_15,2020-10-02,2020-10-02 07:52:59+00:00,2020-10-02 14:44:59+00:00,2.0,light
1601639279000,71,58,2020-10-02 11:47:59+00:00,par_15,2020-10-02,2020-10-02 07:52:59+00:00,2020-10-02 14:44:59+00:00,3.0,REM
1601639579000,78,31,2020-10-02 11:52:59+00:00,par_15,2020-10-02,2020-10-02 07:52:59+00:00,2020-10-02 14:44:59+00:00,3.0,REM
1601639879000,78,32,2020-10-02 11:57:59+00:00,par_15,2020-10-02,2020-10-02 07:52:59+00:00,2020-10-02 14:44:59+00:00,3.0,REM
1601640179000,73,42,2020-10-02 12:02:59+00:00,par_15,2020-10-02,2020-10-02 07:52:59+00:00,2020-10-02 14:44:59+00:00,3.0,REM
1601640479000,74,40,2020-10-02 12:07:59+00:00,par_15,2020-10-02,2020-10-02 07:52:59+00:00,2020-10-02 14:44:59+00:00,3.0,REM
1601640779000,73,44,2020-10-02 12:12:59+00:00,par_15,2020-10-02,2020-10-02 07:52:59+00:00,2020-10-02 14:44:59+00:00,3.0,REM
1601641079000,77,32,2020-10-02 12:17:59+00:00,par_15,2020-10-02,2020-10-02 07:52:59+00:00,2020-10-02 14:44:59+00:00,3.0,REM
1601641379000,72,45,2020-10-02 12:22:59+00:00,par_15,2020-10-02,2020-10-02 07:52:59+00:00,2020-10-02 14:44:59+00:00,3.0,REM
1601641679000,73,40,2020-10-02 12:27:59+00:00,par_15,2020-10-02,2020-10-02 07:52:59+00:00,2020-10-02 14:44:59+00:00,2.0,light
1601641979000,70,48,2020-10-02 12:32:59+00:00,par_15,2020-10-02,2020-10-02 07:52:59+00:00,2020-10-02 14:44:59+00:00,2.0,light
1601642279000,70,47,2020-10-02 12:37:59+00:00,par_15,2020-10-02,2020-10-02 07:52:59+00:00,2020-10-02 14:44:59+00:00,2.0,light
1601642579000,68,49,2020-10-02 12:42:59+00:00,par_15,2020-10-02,2020-10-02 07:52:59+00:00,2020-10-02 14:44:59+00:00,2.0,light
1601642879000,68,45,2020-10-02 12:47:59+00:00,par_15,2020-10-02,2020-10-02 07:52:59+00:00,2020-10-02 14:44:59+00:00,2.0,light
1601643179000,68,43,2020-10-02 12:52:59+00:00,par_15,2020-10-02,2020-10-02 07:52:59+00:00,2020-10-02 14:44:59+00:00,1.0,deep
1601643479000,68,42,2020-10-02 12:57:59+00:00,par_15,2020-10-02,2020-10-02 07:52:59+00:00,2020-10-02 14:44:59+00:00,1.0,deep
1601643779000,69,40,2020-10-02 13:02:59+00:00,par_15,2020-10-02,2020-10-02 07:52:59+00:00,2020-10-02 14:44:59+00:00,1.0,deep
1601644079000,70,46,2020-10-02 13:07:59+00:00,par_15,2020-10-02,2020-10-02 07:52:59+00:00,2020-10-02 14:44:59+00:00,1.0,deep
1601644379000,70,63,2020-10-02 13:12:59+00:00,par_15,2020-10-02,2020-10-02 07:52:59+00:00,2020-10-02 14:44:59+00:00,2.0,light
1601644679000,67,71,2020-10-02 13:17:59+00:00,par_15,2020-10-02,2020-10-02 07:52:59+00:00,2020-10-02 14:44:59+00:00,2.0,light
1601644979000,70,56,2020-10-02 13:22:59+00:00,par_15,2020-10-02,2020-10-02 07:52:59+00:00,2020-10-02 14:44:59+00:00,2.0,light
1601645279000,71,52,2020-10-02 13:27:59+00:00,par_15,2020-10-02,2020-10-02 07:52:59+00:00,2020-10-02 14:44:59+00:00,2.0,light
1601645579000,74,40,2020-10-02 13:32:59+00:00,par_15,2020-10-02,2020-10-02 07:52:59+00:00,2020-10-02 14:44:59+00:00,3.0,REM
1601645879000,79,24,2020-10-02 13:37:59+00:00,par_15,2020-10-02,2020-10-02 07:52:59+00:00,2020-10-02 14:44:59+00:00,3.0,REM
1601646179000,74,35,2020-10-02 13:42:59+00:00,par_15,2020-10-02,2020-10-02 07:52:59+00:00,2020-10-02 14:44:59+00:00,3.0,REM
1601646479000,77,28,2020-10-02 13:47:59+00:00,par_15,2020-10-02,2020-10-02 07:52:59+00:00,2020-10-02 14:44:59+00:00,3.0,REM
1601646779000,72,40,2020-10-02 13:52:59+00:00,par_15,2020-10-02,2020-10-02 07:52:59+00:00,2020-10-02 14:44:59+00:00,2.0,light
1601647079000,71,54,2020-10-02 13:57:59+00:00,par_15,2020-10-02,2020-10-02 07:52:59+00:00,2020-10-02 14:44:59+00:00,3.0,REM
1601647379000,75,42,2020-10-02 14:02:59+00:00,par_15,2020-10-02,2020-10-02 07:52:59+00:00,2020-10-02 14:44:59+00:00,3.0,REM
1601647679000,75,49,2020-10-02 14:07:59+00:00,par_15,2020-10-02,2020-10-02 07:52:59+00:00,2020-10-02 14:44:59+00:00,2.0,light
1601647979000,69,49,2020-10-02 14:12:59+00:00,par_15,2020-10-02,2020-10-02 07:52:59+00:00,2020-10-02 14:44:59+00:00,2.0,light
1601648279000,69,49,2020-10-02 14:17:59+00:00,par_15,2020-10-02,2020-10-02 07:52:59+00:00,2020-10-02 14:44:59+00:00,2.0,light
1601648579000,68,54,2020-10-02 14:22:59+00:00,par_15,2020-10-02,2020-10-02 07:52:59+00:00,2020-10-02 14:44:59+00:00,2.0,light
1601648879000,76,42,2020-10-02 14:27:59+00:00,par_15,2020-10-02,2020-10-02 07:52:59+00:00,2020-10-02 14:44:59+00:00,4.0,awake
1601649179000,89,26,2020-10-02 14:32:59+00:00,par_15,2020-10-02,2020-10-02 07:52:59+00:00,2020-10-02 14:44:59+00:00,4.0,awake
1601649479000,68,70,2020-10-02 14:37:59+00:00,par_15,2020-10-02,2020-10-02 07:52:59+00:00,2020-10-02 14:44:59+00:00,4.0,awake
1601649779000,68,72,2020-10-02 14:42:59+00:00,par_15,2020-10-02,2020-10-02 07:52:59+00:00,2020-10-02 14:44:59+00:00,4.0,awake
1601726344000,71,44,2020-10-03 11:59:04+00:00,par_15,2020-10-03,2020-10-03 11:59:04+00:00,2020-10-03 15:21:04+00:00,2.0,light
1601726644000,72,56,2020-10-03 12:04:04+00:00,par_15,2020-10-03,2020-10-03 11:59:04+00:00,2020-10-03 15:21:04+00:00,2.0,light
1601726944000,71,42,2020-10-03 12:09:04+00:00,par_15,2020-10-03,2020-10-03 11:59:04+00:00,2020-10-03 15:21:04+00:00,2.0,light
1601727244000,68,40,2020-10-03 12:14:04+00:00,par_15,2020-10-03,2020-10-03 11:59:04+00:00,2020-10-03 15:21:04+00:00,2.0,light
1601727544000,68,47,2020-10-03 12:19:04+00:00,par_15,2020-10-03,2020-10-03 11:59:04+00:00,2020-10-03 15:21:04+00:00,2.0,light
1601727844000,0,0,2020-10-03 12:24:04+00:00,par_15,2020-10-03,2020-10-03 11:59:04+00:00,2020-10-03 15:21:04+00:00,3.0,REM
1601728144000,0,0,2020-10-03 12:29:04+00:00,par_15,2020-10-03,2020-10-03 11:59:04+00:00,2020-10-03 15:21:04+00:00,3.0,REM
1601728444000,86,26,2020-10-03 12:34:04+00:00,par_15,2020-10-03,2020-10-03 11:59:04+00:00,2020-10-03 15:21:04+00:00,3.0,REM
1601728744000,87,23,2020-10-03 12:39:04+00:00,par_15,2020-10-03,2020-10-03 11:59:04+00:00,2020-10-03 15:21:04+00:00,3.0,REM
1601729044000,84,22,2020-10-03 12:44:04+00:00,par_15,2020-10-03,2020-10-03 11:59:04+00:00,2020-10-03 15:21:04+00:00,1.0,deep
1601729344000,77,30,2020-10-03 12:49:04+00:00,par_15,2020-10-03,2020-10-03 11:59:04+00:00,2020-10-03 15:21:04+00:00,2.0,light
1601729644000,80,33,2020-10-03 12:54:04+00:00,par_15,2020-10-03,2020-10-03 11:59:04+00:00,2020-10-03 15:21:04+00:00,2.0,light
1601729944000,80,29,2020-10-03 12:59:04+00:00,par_15,2020-10-03,2020-10-03 11:59:04+00:00,2020-10-03 15:21:04+00:00,2.0,light
1601730244000,78,32,2020-10-03 13:04:04+00:00,par_15,2020-10-03,2020-10-03 11:59:04+00:00,2020-10-03 15:21:04+00:00,2.0,light
1601730544000,76,36,2020-10-03 13:09:04+00:00,par_15,2020-10-03,2020-10-03 11:59:04+00:00,2020-10-03 15:21:04+00:00,2.0,light
1601730844000,72,50,2020-10-03 13:14:04+00:00,par_15,2020-10-03,2020-10-03 11:59:04+00:00,2020-10-03 15:21:04+00:00,2.0,light
1601731144000,0,0,2020-10-03 13:19:04+00:00,par_15,2020-10-03,2020-10-03 11:59:04+00:00,2020-10-03 15:21:04+00:00,2.0,light
1601731444000,0,0,2020-10-03 13:24:04+00:00,par_15,2020-10-03,2020-10-03 11:59:04+00:00,2020-10-03 15:21:04+00:00,1.0,deep
1601731744000,0,0,2020-10-03 13:29:04+00:00,par_15,2020-10-03,2020-10-03 11:59:04+00:00,2020-10-03 15:21:04+00:00,1.0,deep
1601732044000,0,0,2020-10-03 13:34:04+00:00,par_15,2020-10-03,2020-10-03 11:59:04+00:00,2020-10-03 15:21:04+00:00,1.0,deep
1601732344000,0,0,2020-10-03 13:39:04+00:00,par_15,2020-10-03,2020-10-03 11:59:04+00:00,2020-10-03 15:21:04+00:00,1.0,deep
1601732644000,0,0,2020-10-03 13:44:04+00:00,par_15,2020-10-03,2020-10-03 11:59:04+00:00,2020-10-03 15:21:04+00:00,1.0,deep
1601732944000,65,60,2020-10-03 13:49:04+00:00,par_15,2020-10-03,2020-10-03 11:59:04+00:00,2020-10-03 15:21:04+00:00,2.0,light
1601733244000,65,56,2020-10-03 13:54:04+00:00,par_15,2020-10-03,2020-10-03 11:59:04+00:00,2020-10-03 15:21:04+00:00,1.0,deep
1601733544000,67,55,2020-10-03 13:59:04+00:00,par_15,2020-10-03,2020-10-03 11:59:04+00:00,2020-10-03 15:21:04+00:00,1.0,deep
1601733844000,66,61,2020-10-03 14:04:04+00:00,par_15,2020-10-03,2020-10-03 11:59:04+00:00,2020-10-03 15:21:04+00:00,2.0,light
1601734144000,69,54,2020-10-03 14:09:04+00:00,par_15,2020-10-03,2020-10-03 11:59:04+00:00,2020-10-03 15:21:04+00:00,1.0,deep
1601734444000,72,35,2020-10-03 14:14:04+00:00,par_15,2020-10-03,2020-10-03 11:59:04+00:00,2020-10-03 15:21:04+00:00,1.0,deep
1601734744000,0,0,2020-10-03 14:19:04+00:00,par_15,2020-10-03,2020-10-03 11:59:04+00:00,2020-10-03 15:21:04+00:00,1.0,deep
1601735044000,0,0,2020-10-03 14:24:04+00:00,par_15,2020-10-03,2020-10-03 11:59:04+00:00,2020-10-03 15:21:04+00:00,1.0,deep
1601735344000,0,0,2020-10-03 14:29:04+00:00,par_15,2020-10-03,2020-10-03 11:59:04+00:00,2020-10-03 15:21:04+00:00,1.0,deep
1601735644000,0,0,2020-10-03 14:34:04+00:00,par_15,2020-10-03,2020-10-03 11:59:04+00:00,2020-10-03 15:21:04+00:00,2.0,light
1601735944000,69,40,2020-10-03 14:39:04+00:00,par_15,2020-10-03,2020-10-03 11:59:04+00:00,2020-10-03 15:21:04+00:00,1.0,deep
1601736244000,69,43,2020-10-03 14:44:04+00:00,par_15,2020-10-03,2020-10-03 11:59:04+00:00,2020-10-03 15:21:04+00:00,1.0,deep
1601736544000,69,39,2020-10-03 14:49:04+00:00,par_15,2020-10-03,2020-10-03 11:59:04+00:00,2020-10-03 15:21:04+00:00,1.0,deep
1601736844000,69,47,2020-10-03 14:54:04+00:00,par_15,2020-10-03,2020-10-03 11:59:04+00:00,2020-10-03 15:21:04+00:00,1.0,deep
1601737144000,0,0,2020-10-03 14:59:04+00:00,par_15,2020-10-03,2020-10-03 11:59:04+00:00,2020-10-03 15:21:04+00:00,1.0,deep
1601737444000,0,0,2020-10-03 15:04:04+00:00,par_15,2020-10-03,2020-10-03 11:59:04+00:00,2020-10-03 15:21:04+00:00,2.0,light
1601737744000,69,48,2020-10-03 15:09:04+00:00,par_15,2020-10-03,2020-10-03 11:59:04+00:00,2020-10-03 15:21:04+00:00,2.0,light
1601738044000,0,0,2020-10-03 15:14:04+00:00,par_15,2020-10-03,2020-10-03 11:59:04+00:00,2020-10-03 15:21:04+00:00,4.0,awake
1601738344000,0,0,2020-10-03 15:19:04+00:00,par_15,2020-10-03,2020-10-03 11:59:04+00:00,2020-10-03 15:21:04+00:00,4.0,awake
1601863982000,0,0,2020-10-05 02:13:02+00:00,par_15,2020-10-05,2020-10-05 02:13:02+00:00,2020-10-05 14:36:02+00:00,4.0,awake
1601864282000,0,0,2020-10-05 02:18:02+00:00,par_15,2020-10-05,2020-10-05 02:13:02+00:00,2020-10-05 14:36:02+00:00,4.0,awake
1601864582000,0,0,2020-10-05 02:23:02+00:00,par_15,2020-10-05,2020-10-05 02:13:02+00:00,2020-10-05 14:36:02+00:00,2.0,light
1601864882000,0,0,2020-10-05 02:28:02+00:00,par_15,2020-10-05,2020-10-05 02:13:02+00:00,2020-10-05 14:36:02+00:00,2.0,light
1601865182000,0,0,2020-10-05 02:33:02+00:00,par_15,2020-10-05,2020-10-05 02:13:02+00:00,2020-10-05 14:36:02+00:00,2.0,light
1601865482000,0,0,2020-10-05 02:38:02+00:00,par_15,2020-10-05,2020-10-05 02:13:02+00:00,2020-10-05 14:36:02+00:00,2.0,light
1601865782000,0,0,2020-10-05 02:43:02+00:00,par_15,2020-10-05,2020-10-05 02:13:02+00:00,2020-10-05 14:36:02+00:00,1.0,deep
1601866082000,0,0,2020-10-05 02:48:02+00:00,par_15,2020-10-05,2020-10-05 02:13:02+00:00,2020-10-05 14:36:02+00:00,2.0,light
1601866382000,0,0,2020-10-05 02:53:02+00:00,par_15,2020-10-05,2020-10-05 02:13:02+00:00,2020-10-05 14:36:02+00:00,2.0,light
1601866682000,0,0,2020-10-05 02:58:02+00:00,par_15,2020-10-05,2020-10-05 02:13:02+00:00,2020-10-05 14:36:02+00:00,1.0,deep
1601866982000,0,0,2020-10-05 03:03:02+00:00,par_15,2020-10-05,2020-10-05 02:13:02+00:00,2020-10-05 14:36:02+00:00,1.0,deep
1601867282000,0,0,2020-10-05 03:08:02+00:00,par_15,2020-10-05,2020-10-05 02:13:02+00:00,2020-10-05 14:36:02+00:00,2.0,light
1601867582000,0,0,2020-10-05 03:13:02+00:00,par_15,2020-10-05,2020-10-05 02:13:02+00:00,2020-10-05 14:36:02+00:00,2.0,light
1601867882000,0,0,2020-10-05 03:18:02+00:00,par_15,2020-10-05,2020-10-05 02:13:02+00:00,2020-10-05 14:36:02+00:00,2.0,light
1601868182000,0,0,2020-10-05 03:23:02+00:00,par_15,2020-10-05,2020-10-05 02:13:02+00:00,2020-10-05 14:36:02+00:00,2.0,light
1601868482000,0,0,2020-10-05 03:28:02+00:00,par_15,2020-10-05,2020-10-05 02:13:02+00:00,2020-10-05 14:36:02+00:00,2.0,light
1601868782000,0,0,2020-10-05 03:33:02+00:00,par_15,2020-10-05,2020-10-05 02:13:02+00:00,2020-10-05 14:36:02+00:00,4.0,awake
1601869082000,0,0,2020-10-05 03:38:02+00:00,par_15,2020-10-05,2020-10-05 02:13:02+00:00,2020-10-05 14:36:02+00:00,4.0,awake
1601869382000,0,0,2020-10-05 03:43:02+00:00,par_15,2020-10-05,2020-10-05 02:13:02+00:00,2020-10-05 14:36:02+00:00,4.0,awake
1601869682000,0,0,2020-10-05 03:48:02+00:00,par_15,2020-10-05,2020-10-05 02:13:02+00:00,2020-10-05 14:36:02+00:00,4.0,awake
1601869982000,0,0,2020-10-05 03:53:02+00:00,par_15,2020-10-05,2020-10-05 02:13:02+00:00,2020-10-05 14:36:02+00:00,4.0,awake
1601870282000,0,0,2020-10-05 03:58:02+00:00,par_15,2020-10-05,2020-10-05 02:13:02+00:00,2020-10-05 14:36:02+00:00,4.0,awake
1601870582000,0,0,2020-10-05 04:03:02+00:00,par_15,2020-10-05,2020-10-05 02:13:02+00:00,2020-10-05 14:36:02+00:00,4.0,awake
1601870882000,90,20,2020-10-05 04:08:02+00:00,par_15,2020-10-05,2020-10-05 02:13:02+00:00,2020-10-05 14:36:02+00:00,4.0,awake
1601871182000,88,19,2020-10-05 04:13:02+00:00,par_15,2020-10-05,2020-10-05 02:13:02+00:00,2020-10-05 14:36:02+00:00,4.0,awake
1601871482000,87,21,2020-10-05 04:18:02+00:00,par_15,2020-10-05,2020-10-05 02:13:02+00:00,2020-10-05 14:36:02+00:00,4.0,awake
1601871782000,88,20,2020-10-05 04:23:02+00:00,par_15,2020-10-05,2020-10-05 02:13:02+00:00,2020-10-05 14:36:02+00:00,4.0,awake
1601872082000,0,0,2020-10-05 04:28:02+00:00,par_15,2020-10-05,2020-10-05 02:13:02+00:00,2020-10-05 14:36:02+00:00,4.0,awake
1601872382000,0,0,2020-10-05 04:33:02+00:00,par_15,2020-10-05,2020-10-05 02:13:02+00:00,2020-10-05 14:36:02+00:00,4.0,awake
1601872682000,0,0,2020-10-05 04:38:02+00:00,par_15,2020-10-05,2020-10-05 02:13:02+00:00,2020-10-05 14:36:02+00:00,4.0,awake
1601872982000,0,0,2020-10-05 04:43:02+00:00,par_15,2020-10-05,2020-10-05 02:13:02+00:00,2020-10-05 14:36:02+00:00,4.0,awake
1601873282000,0,0,2020-10-05 04:48:02+00:00,par_15,2020-10-05,2020-10-05 02:13:02+00:00,2020-10-05 14:36:02+00:00,4.0,awake
1601873582000,0,0,2020-10-05 04:53:02+00:00,par_15,2020-10-05,2020-10-05 02:13:02+00:00,2020-10-05 14:36:02+00:00,4.0,awake
1601873882000,0,0,2020-10-05 04:58:02+00:00,par_15,2020-10-05,2020-10-05 02:13:02+00:00,2020-10-05 14:36:02+00:00,4.0,awake
1601874182000,0,0,2020-10-05 05:03:02+00:00,par_15,2020-10-05,2020-10-05 02:13:02+00:00,2020-10-05 14:36:02+00:00,4.0,awake
1601874482000,0,0,2020-10-05 05:08:02+00:00,par_15,2020-10-05,2020-10-05 02:13:02+00:00,2020-10-05 14:36:02+00:00,4.0,awake
1601874782000,0,0,2020-10-05 05:13:02+00:00,par_15,2020-10-05,2020-10-05 02:13:02+00:00,2020-10-05 14:36:02+00:00,4.0,awake
1601875082000,0,0,2020-10-05 05:18:02+00:00,par_15,2020-10-05,2020-10-05 02:13:02+00:00,2020-10-05 14:36:02+00:00,4.0,awake
1601875382000,0,0,2020-10-05 05:23:02+00:00,par_15,2020-10-05,2020-10-05 02:13:02+00:00,2020-10-05 14:36:02+00:00,4.0,awake
1601875682000,0,0,2020-10-05 05:28:02+00:00,par_15,2020-10-05,2020-10-05 02:13:02+00:00,2020-10-05 14:36:02+00:00,4.0,awake
1601875982000,0,0,2020-10-05 05:33:02+00:00,par_15,2020-10-05,2020-10-05 02:13:02+00:00,2020-10-05 14:36:02+00:00,4.0,awake
1601876282000,0,0,2020-10-05 05:38:02+00:00,par_15,2020-10-05,2020-10-05 02:13:02+00:00,2020-10-05 14:36:02+00:00,4.0,awake
1601876582000,0,0,2020-10-05 05:43:02+00:00,par_15,2020-10-05,2020-10-05 02:13:02+00:00,2020-10-05 14:36:02+00:00,4.0,awake
1601876882000,0,0,2020-10-05 05:48:02+00:00,par_15,2020-10-05,2020-10-05 02:13:02+00:00,2020-10-05 14:36:02+00:00,4.0,awake
1601877182000,0,0,2020-10-05 05:53:02+00:00,par_15,2020-10-05,2020-10-05 02:13:02+00:00,2020-10-05 14:36:02+00:00,4.0,awake
1601877482000,0,0,2020-10-05 05:58:02+00:00,par_15,2020-10-05,2020-10-05 02:13:02+00:00,2020-10-05 14:36:02+00:00,4.0,awake
1601877782000,0,0,2020-10-05 06:03:02+00:00,par_15,2020-10-05,2020-10-05 02:13:02+00:00,2020-10-05 14:36:02+00:00,4.0,awake
1601878082000,0,0,2020-10-05 06:08:02+00:00,par_15,2020-10-05,2020-10-05 02:13:02+00:00,2020-10-05 14:36:02+00:00,4.0,awake
1601878382000,0,0,2020-10-05 06:13:02+00:00,par_15,2020-10-05,2020-10-05 02:13:02+00:00,2020-10-05 14:36:02+00:00,4.0,awake
1601878682000,0,0,2020-10-05 06:18:02+00:00,par_15,2020-10-05,2020-10-05 02:13:02+00:00,2020-10-05 14:36:02+00:00,4.0,awake
1601878982000,0,0,2020-10-05 06:23:02+00:00,par_15,2020-10-05,2020-10-05 02:13:02+00:00,2020-10-05 14:36:02+00:00,4.0,awake
1601879282000,0,0,2020-10-05 06:28:02+00:00,par_15,2020-10-05,2020-10-05 02:13:02+00:00,2020-10-05 14:36:02+00:00,4.0,awake
1601879582000,0,0,2020-10-05 06:33:02+00:00,par_15,2020-10-05,2020-10-05 02:13:02+00:00,2020-10-05 14:36:02+00:00,4.0,awake
1601879882000,0,0,2020-10-05 06:38:02+00:00,par_15,2020-10-05,2020-10-05 02:13:02+00:00,2020-10-05 14:36:02+00:00,4.0,awake
1601880182000,0,0,2020-10-05 06:43:02+00:00,par_15,2020-10-05,2020-10-05 02:13:02+00:00,2020-10-05 14:36:02+00:00,4.0,awake
1601880482000,0,0,2020-10-05 06:48:02+00:00,par_15,2020-10-05,2020-10-05 02:13:02+00:00,2020-10-05 14:36:02+00:00,4.0,awake
1601880782000,0,0,2020-10-05 06:53:02+00:00,par_15,2020-10-05,2020-10-05 02:13:02+00:00,2020-10-05 14:36:02+00:00,4.0,awake
1601881082000,0,0,2020-10-05 06:58:02+00:00,par_15,2020-10-05,2020-10-05 02:13:02+00:00,2020-10-05 14:36:02+00:00,4.0,awake
1601881382000,0,0,2020-10-05 07:03:02+00:00,par_15,2020-10-05,2020-10-05 02:13:02+00:00,2020-10-05 14:36:02+00:00,4.0,awake
1601881682000,0,0,2020-10-05 07:08:02+00:00,par_15,2020-10-05,2020-10-05 02:13:02+00:00,2020-10-05 14:36:02+00:00,4.0,awake
1601881982000,81,34,2020-10-05 07:13:02+00:00,par_15,2020-10-05,2020-10-05 02:13:02+00:00,2020-10-05 14:36:02+00:00,4.0,awake
1601882282000,79,30,2020-10-05 07:18:02+00:00,par_15,2020-10-05,2020-10-05 02:13:02+00:00,2020-10-05 14:36:02+00:00,4.0,awake
1601882582000,76,36,2020-10-05 07:23:02+00:00,par_15,2020-10-05,2020-10-05 02:13:02+00:00,2020-10-05 14:36:02+00:00,2.0,light
1601882882000,76,38,2020-10-05 07:28:02+00:00,par_15,2020-10-05,2020-10-05 02:13:02+00:00,2020-10-05 14:36:02+00:00,2.0,light
1601883182000,75,44,2020-10-05 07:33:02+00:00,par_15,2020-10-05,2020-10-05 02:13:02+00:00,2020-10-05 14:36:02+00:00,3.0,REM
1601883482000,75,43,2020-10-05 07:38:02+00:00,par_15,2020-10-05,2020-10-05 02:13:02+00:00,2020-10-05 14:36:02+00:00,3.0,REM
1601883782000,74,40,2020-10-05 07:43:02+00:00,par_15,2020-10-05,2020-10-05 02:13:02+00:00,2020-10-05 14:36:02+00:00,3.0,REM
1601884082000,80,44,2020-10-05 07:48:02+00:00,par_15,2020-10-05,2020-10-05 02:13:02+00:00,2020-10-05 14:36:02+00:00,2.0,light
1601884382000,74,60,2020-10-05 07:53:02+00:00,par_15,2020-10-05,2020-10-05 02:13:02+00:00,2020-10-05 14:36:02+00:00,2.0,light
1601884682000,72,46,2020-10-05 07:58:02+00:00,par_15,2020-10-05,2020-10-05 02:13:02+00:00,2020-10-05 14:36:02+00:00,2.0,light
1601884982000,70,48,2020-10-05 08:03:02+00:00,par_15,2020-10-05,2020-10-05 02:13:02+00:00,2020-10-05 14:36:02+00:00,2.0,light
1601885282000,70,58,2020-10-05 08:08:02+00:00,par_15,2020-10-05,2020-10-05 02:13:02+00:00,2020-10-05 14:36:02+00:00,1.0,deep
1601885582000,71,53,2020-10-05 08:13:02+00:00,par_15,2020-10-05,2020-10-05 02:13:02+00:00,2020-10-05 14:36:02+00:00,1.0,deep
1601885882000,74,48,2020-10-05 08:18:02+00:00,par_15,2020-10-05,2020-10-05 02:13:02+00:00,2020-10-05 14:36:02+00:00,1.0,deep
1601886182000,80,21,2020-10-05 08:23:02+00:00,par_15,2020-10-05,2020-10-05 02:13:02+00:00,2020-10-05 14:36:02+00:00,3.0,REM
1601886482000,77,28,2020-10-05 08:28:02+00:00,par_15,2020-10-05,2020-10-05 02:13:02+00:00,2020-10-05 14:36:02+00:00,3.0,REM
1601886782000,74,37,2020-10-05 08:33:02+00:00,par_15,2020-10-05,2020-10-05 02:13:02+00:00,2020-10-05 14:36:02+00:00,3.0,REM
1601887082000,71,41,2020-10-05 08:38:02+00:00,par_15,2020-10-05,2020-10-05 02:13:02+00:00,2020-10-05 14:36:02+00:00,2.0,light
1601887382000,70,44,2020-10-05 08:43:02+00:00,par_15,2020-10-05,2020-10-05 02:13:02+00:00,2020-10-05 14:36:02+00:00,2.0,light
1601887682000,70,53,2020-10-05 08:48:02+00:00,par_15,2020-10-05,2020-10-05 02:13:02+00:00,2020-10-05 14:36:02+00:00,2.0,light
1601887982000,69,42,2020-10-05 08:53:02+00:00,par_15,2020-10-05,2020-10-05 02:13:02+00:00,2020-10-05 14:36:02+00:00,2.0,light
1601888282000,68,44,2020-10-05 08:58:02+00:00,par_15,2020-10-05,2020-10-05 02:13:02+00:00,2020-10-05 14:36:02+00:00,2.0,light
1601888582000,68,40,2020-10-05 09:03:02+00:00,par_15,2020-10-05,2020-10-05 02:13:02+00:00,2020-10-05 14:36:02+00:00,3.0,REM
1601888882000,0,0,2020-10-05 09:08:02+00:00,par_15,2020-10-05,2020-10-05 02:13:02+00:00,2020-10-05 14:36:02+00:00,3.0,REM
1601889182000,67,41,2020-10-05 09:13:02+00:00,par_15,2020-10-05,2020-10-05 02:13:02+00:00,2020-10-05 14:36:02+00:00,2.0,light
1601889482000,66,43,2020-10-05 09:18:02+00:00,par_15,2020-10-05,2020-10-05 02:13:02+00:00,2020-10-05 14:36:02+00:00,2.0,light
1601889782000,0,0,2020-10-05 09:23:02+00:00,par_15,2020-10-05,2020-10-05 02:13:02+00:00,2020-10-05 14:36:02+00:00,3.0,REM
1601890082000,0,0,2020-10-05 09:28:02+00:00,par_15,2020-10-05,2020-10-05 02:13:02+00:00,2020-10-05 14:36:02+00:00,3.0,REM
1601890382000,0,0,2020-10-05 09:33:02+00:00,par_15,2020-10-05,2020-10-05 02:13:02+00:00,2020-10-05 14:36:02+00:00,3.0,REM
1601890682000,0,0,2020-10-05 09:38:02+00:00,par_15,2020-10-05,2020-10-05 02:13:02+00:00,2020-10-05 14:36:02+00:00,3.0,REM
1601890982000,0,0,2020-10-05 09:43:02+00:00,par_15,2020-10-05,2020-10-05 02:13:02+00:00,2020-10-05 14:36:02+00:00,3.0,REM
1601891282000,0,0,2020-10-05 09:48:02+00:00,par_15,2020-10-05,2020-10-05 02:13:02+00:00,2020-10-05 14:36:02+00:00,4.0,awake
1601891582000,0,0,2020-10-05 09:53:02+00:00,par_15,2020-10-05,2020-10-05 02:13:02+00:00,2020-10-05 14:36:02+00:00,3.0,REM
1601891882000,0,0,2020-10-05 09:58:02+00:00,par_15,2020-10-05,2020-10-05 02:13:02+00:00,2020-10-05 14:36:02+00:00,4.0,awake
1601892182000,0,0,2020-10-05 10:03:02+00:00,par_15,2020-10-05,2020-10-05 02:13:02+00:00,2020-10-05 14:36:02+00:00,3.0,REM
1601892482000,0,0,2020-10-05 10:08:02+00:00,par_15,2020-10-05,2020-10-05 02:13:02+00:00,2020-10-05 14:36:02+00:00,3.0,REM
1601892782000,75,32,2020-10-05 10:13:02+00:00,par_15,2020-10-05,2020-10-05 02:13:02+00:00,2020-10-05 14:36:02+00:00,3.0,REM
1601893082000,0,0,2020-10-05 10:18:02+00:00,par_15,2020-10-05,2020-10-05 02:13:02+00:00,2020-10-05 14:36:02+00:00,3.0,REM
1601893382000,0,0,2020-10-05 10:23:02+00:00,par_15,2020-10-05,2020-10-05 02:13:02+00:00,2020-10-05 14:36:02+00:00,3.0,REM
1601893682000,0,0,2020-10-05 10:28:02+00:00,par_15,2020-10-05,2020-10-05 02:13:02+00:00,2020-10-05 14:36:02+00:00,3.0,REM
1601893982000,0,0,2020-10-05 10:33:02+00:00,par_15,2020-10-05,2020-10-05 02:13:02+00:00,2020-10-05 14:36:02+00:00,2.0,light
1601894282000,68,51,2020-10-05 10:38:02+00:00,par_15,2020-10-05,2020-10-05 02:13:02+00:00,2020-10-05 14:36:02+00:00,2.0,light
1601894582000,0,0,2020-10-05 10:43:02+00:00,par_15,2020-10-05,2020-10-05 02:13:02+00:00,2020-10-05 14:36:02+00:00,2.0,light
1601894882000,67,47,2020-10-05 10:48:02+00:00,par_15,2020-10-05,2020-10-05 02:13:02+00:00,2020-10-05 14:36:02+00:00,2.0,light
1601895182000,70,35,2020-10-05 10:53:02+00:00,par_15,2020-10-05,2020-10-05 02:13:02+00:00,2020-10-05 14:36:02+00:00,2.0,light
1601895482000,69,40,2020-10-05 10:58:02+00:00,par_15,2020-10-05,2020-10-05 02:13:02+00:00,2020-10-05 14:36:02+00:00,2.0,light
1601895782000,70,35,2020-10-05 11:03:02+00:00,par_15,2020-10-05,2020-10-05 02:13:02+00:00,2020-10-05 14:36:02+00:00,2.0,light
1601896082000,70,40,2020-10-05 11:08:02+00:00,par_15,2020-10-05,2020-10-05 02:13:02+00:00,2020-10-05 14:36:02+00:00,2.0,light
1601896382000,70,49,2020-10-05 11:13:02+00:00,par_15,2020-10-05,2020-10-05 02:13:02+00:00,2020-10-05 14:36:02+00:00,2.0,light
1601896682000,72,38,2020-10-05 11:18:02+00:00,par_15,2020-10-05,2020-10-05 02:13:02+00:00,2020-10-05 14:36:02+00:00,3.0,REM
1601896982000,72,44,2020-10-05 11:23:02+00:00,par_15,2020-10-05,2020-10-05 02:13:02+00:00,2020-10-05 14:36:02+00:00,1.0,deep
1601897282000,73,41,2020-10-05 11:28:02+00:00,par_15,2020-10-05,2020-10-05 02:13:02+00:00,2020-10-05 14:36:02+00:00,2.0,light
1601897582000,72,54,2020-10-05 11:33:02+00:00,par_15,2020-10-05,2020-10-05 02:13:02+00:00,2020-10-05 14:36:02+00:00,3.0,REM
1601897882000,73,44,2020-10-05 11:38:02+00:00,par_15,2020-10-05,2020-10-05 02:13:02+00:00,2020-10-05 14:36:02+00:00,3.0,REM
1601898182000,73,41,2020-10-05 11:43:02+00:00,par_15,2020-10-05,2020-10-05 02:13:02+00:00,2020-10-05 14:36:02+00:00,3.0,REM
1601898482000,76,36,2020-10-05 11:48:02+00:00,par_15,2020-10-05,2020-10-05 02:13:02+00:00,2020-10-05 14:36:02+00:00,3.0,REM
1601898782000,77,25,2020-10-05 11:53:02+00:00,par_15,2020-10-05,2020-10-05 02:13:02+00:00,2020-10-05 14:36:02+00:00,3.0,REM
1601899082000,76,40,2020-10-05 11:58:02+00:00,par_15,2020-10-05,2020-10-05 02:13:02+00:00,2020-10-05 14:36:02+00:00,3.0,REM
1601899382000,74,39,2020-10-05 12:03:02+00:00,par_15,2020-10-05,2020-10-05 02:13:02+00:00,2020-10-05 14:36:02+00:00,2.0,light
1601899682000,71,44,2020-10-05 12:08:02+00:00,par_15,2020-10-05,2020-10-05 02:13:02+00:00,2020-10-05 14:36:02+00:00,2.0,light
1601899982000,68,57,2020-10-05 12:13:02+00:00,par_15,2020-10-05,2020-10-05 02:13:02+00:00,2020-10-05 14:36:02+00:00,2.0,light
1601900282000,67,53,2020-10-05 12:18:02+00:00,par_15,2020-10-05,2020-10-05 02:13:02+00:00,2020-10-05 14:36:02+00:00,2.0,light
1601900582000,0,0,2020-10-05 12:23:02+00:00,par_15,2020-10-05,2020-10-05 02:13:02+00:00,2020-10-05 14:36:02+00:00,3.0,REM
1601900882000,0,0,2020-10-05 12:28:02+00:00,par_15,2020-10-05,2020-10-05 02:13:02+00:00,2020-10-05 14:36:02+00:00,2.0,light
1601901182000,64,66,2020-10-05 12:33:02+00:00,par_15,2020-10-05,2020-10-05 02:13:02+00:00,2020-10-05 14:36:02+00:00,2.0,light
1601901482000,65,64,2020-10-05 12:38:02+00:00,par_15,2020-10-05,2020-10-05 02:13:02+00:00,2020-10-05 14:36:02+00:00,2.0,light
1601901782000,68,64,2020-10-05 12:43:02+00:00,par_15,2020-10-05,2020-10-05 02:13:02+00:00,2020-10-05 14:36:02+00:00,2.0,light
1601902082000,0,0,2020-10-05 12:48:02+00:00,par_15,2020-10-05,2020-10-05 02:13:02+00:00,2020-10-05 14:36:02+00:00,2.0,light
1601902382000,67,57,2020-10-05 12:53:02+00:00,par_15,2020-10-05,2020-10-05 02:13:02+00:00,2020-10-05 14:36:02+00:00,2.0,light
1601902682000,68,61,2020-10-05 12:58:02+00:00,par_15,2020-10-05,2020-10-05 02:13:02+00:00,2020-10-05 14:36:02+00:00,2.0,light
1601902982000,0,0,2020-10-05 13:03:02+00:00,par_15,2020-10-05,2020-10-05 02:13:02+00:00,2020-10-05 14:36:02+00:00,3.0,REM
1601903282000,0,0,2020-10-05 13:08:02+00:00,par_15,2020-10-05,2020-10-05 02:13:02+00:00,2020-10-05 14:36:02+00:00,3.0,REM
1601903582000,76,42,2020-10-05 13:13:02+00:00,par_15,2020-10-05,2020-10-05 02:13:02+00:00,2020-10-05 14:36:02+00:00,3.0,REM
1601903882000,0,0,2020-10-05 13:18:02+00:00,par_15,2020-10-05,2020-10-05 02:13:02+00:00,2020-10-05 14:36:02+00:00,3.0,REM
1601904182000,0,0,2020-10-05 13:23:02+00:00,par_15,2020-10-05,2020-10-05 02:13:02+00:00,2020-10-05 14:36:02+00:00,3.0,REM
1601904482000,71,50,2020-10-05 13:28:02+00:00,par_15,2020-10-05,2020-10-05 02:13:02+00:00,2020-10-05 14:36:02+00:00,3.0,REM
1601904782000,0,0,2020-10-05 13:33:02+00:00,par_15,2020-10-05,2020-10-05 02:13:02+00:00,2020-10-05 14:36:02+00:00,3.0,REM
1601905082000,72,50,2020-10-05 13:38:02+00:00,par_15,2020-10-05,2020-10-05 02:13:02+00:00,2020-10-05 14:36:02+00:00,2.0,light
1601905382000,76,43,2020-10-05 13:43:02+00:00,par_15,2020-10-05,2020-10-05 02:13:02+00:00,2020-10-05 14:36:02+00:00,2.0,light
1601905682000,76,36,2020-10-05 13:48:02+00:00,par_15,2020-10-05,2020-10-05 02:13:02+00:00,2020-10-05 14:36:02+00:00,3.0,REM
1601905982000,0,0,2020-10-05 13:53:02+00:00,par_15,2020-10-05,2020-10-05 02:13:02+00:00,2020-10-05 14:36:02+00:00,3.0,REM
1601906282000,73,42,2020-10-05 13:58:02+00:00,par_15,2020-10-05,2020-10-05 02:13:02+00:00,2020-10-05 14:36:02+00:00,3.0,REM
1601906582000,70,54,2020-10-05 14:03:02+00:00,par_15,2020-10-05,2020-10-05 02:13:02+00:00,2020-10-05 14:36:02+00:00,3.0,REM
1601906882000,70,53,2020-10-05 14:08:02+00:00,par_15,2020-10-05,2020-10-05 02:13:02+00:00,2020-10-05 14:36:02+00:00,3.0,REM
1601907182000,77,52,2020-10-05 14:13:02+00:00,par_15,2020-10-05,2020-10-05 02:13:02+00:00,2020-10-05 14:36:02+00:00,4.0,awake
1601907482000,78,37,2020-10-05 14:18:02+00:00,par_15,2020-10-05,2020-10-05 02:13:02+00:00,2020-10-05 14:36:02+00:00,2.0,light
1601907782000,71,50,2020-10-05 14:23:02+00:00,par_15,2020-10-05,2020-10-05 02:13:02+00:00,2020-10-05 14:36:02+00:00,2.0,light
1601908082000,72,47,2020-10-05 14:28:02+00:00,par_15,2020-10-05,2020-10-05 02:13:02+00:00,2020-10-05 14:36:02+00:00,4.0,awake
1601908382000,0,0,2020-10-05 14:33:02+00:00,par_15,2020-10-05,2020-10-05 02:13:02+00:00,2020-10-05 14:36:02+00:00,4.0,awake
