date,datetime_utc,sleep_start_utc,sleep_end_utc,heart_rate,heart_rmssd,hypnogram_level,hypnogram_class,temperature_delta,night_time_in_bed_seconds,night_total_sleep_seconds,night_deep_sleep_seconds,night_rem_sleep_seconds,night_light_sleep_seconds,night_awake_seconds,night_sleep_efficiency_percent,night_hr_average,night_hr_lowest,night_hrv_rmssd,night_observed_awakenings,night_observed_stage_changes
2020-01-23,2020-01-23 06:59:04,2020-01-23 06:59:04,2020-01-23 17:44:04,0,0,4.0,awake,-0.1,38700,29430,12300,3720,13410,9270,76,53.55,46,52,7,25
2020-01-23,2020-01-23 07:04:04,2020-01-23 06:59:04,2020-01-23 17:44:04,0,0,4.0,awake,-0.1,38700,29430,12300,3720,13410,9270,76,53.55,46,52,7,25
2020-01-23,2020-01-23 07:09:04,2020-01-23 06:59:04,2020-01-23 17:44:04,0,0,1.0,deep,-0.1,38700,29430,12300,3720,13410,9270,76,53.55,46,52,7,25
2020-01-23,2020-01-23 07:14:04,2020-01-23 06:59:04,2020-01-23 17:44:04,0,0,1.0,deep,-0.1,38700,29430,12300,3720,13410,9270,76,53.55,46,52,7,25
2020-01-23,2020-01-23 07:19:04,2020-01-23 06:59:04,2020-01-23 17:44:04,0,0,1.0,deep,-0.1,38700,29430,12300,3720,13410,9270,76,53.55,46,52,7,25
2020-01-23,2020-01-23 07:24:04,2020-01-23 06:59:04,2020-01-23 17:44:04,0,0,1.0,deep,-0.1,38700,29430,12300,3720,13410,9270,76,53.55,46,52,7,25
2020-01-23,2020-01-23 07:29:04,2020-01-23 06:59:04,2020-01-23 17:44:04,0,0,1.0,deep,-0.1,38700,29430,12300,3720,13410,9270,76,53.55,46,52,7,25
2020-01-23,2020-01-23 07:34:04,2020-01-23 06:59:04,2020-01-23 17:44:04,0,0,1.0,deep,-0.1,38700,29430,12300,3720,13410,9270,76,53.55,46,52,7,25
2020-01-23,2020-01-23 07:39:04,2020-01-23 06:59:04,2020-01-23 17:44:04,0,0,1.0,deep,-0.1,38700,29430,12300,3720,13410,9270,76,53.55,46,52,7,25
2020-01-23,2020-01-23 07:44:04,2020-01-23 06:59:04,2020-01-23 17:44:04,0,0,1.0,deep,-0.1,38700,29430,12300,3720,13410,9270,76,53.55,46,52,7,25
2020-01-23,2020-01-23 07:49:04,2020-01-23 06:59:04,2020-01-23 17:44:04,0,0,1.0,deep,-0.1,38700,29430,12300,3720,13410,9270,76,53.55,46,52,7,25
2020-01-23,2020-01-23 07:54:04,2020-01-23 06:59:04,2020-01-23 17:44:04,0,0,1.0,deep,-0.1,38700,29430,12300,3720,13410,9270,76,53.55,46,52,7,25
2020-01-23,2020-01-23 07:59:04,2020-01-23 06:59:04,2020-01-23 17:44:04,0,0,1.0,deep,-0.1,38700,29430,12300,3720,13410,9270,76,53.55,46,52,7,25
2020-01-23,2020-01-23 08:04:04,2020-01-23 06:59:04,2020-01-23 17:44:04,0,0,1.0,deep,-0.1,38700,29430,12300,3720,13410,9270,76,53.55,46,52,7,25
2020-01-23,2020-01-23 08:09:04,2020-01-23 06:59:04,2020-01-23 17:44:04,0,0,1.0,deep,-0.1,38700,29430,12300,3720,13410,9270,76,53.55,46,52,7,25
2020-01-23,2020-01-23 08:14:04,2020-01-23 06:59:04,2020-01-23 17:44:04,0,0,1.0,deep,-0.1,38700,29430,12300,3720,13410,9270,76,53.55,46,52,7,25
2020-01-23,2020-01-23 08:19:04,2020-01-23 06:59:04,2020-01-23 17:44:04,0,0,1.0,deep,-0.1,38700,29430,12300,3720,13410,9270,76,53.55,46,52,7,25
2020-01-23,2020-01-23 08:24:04,2020-01-23 06:59:04,2020-01-23 17:44:04,0,0,2.0,light,-0.1,38700,29430,12300,3720,13410,9270,76,53.55,46,52,7,25
2020-01-23,2020-01-23 08:29:04,2020-01-23 06:59:04,2020-01-23 17:44:04,0,0,2.0,light,-0.1,38700,29430,12300,3720,13410,9270,76,53.55,46,52,7,25
2020-01-23,2020-01-23 08:34:04,2020-01-23 06:59:04,2020-01-23 17:44:04,0,0,2.0,light,-0.1,38700,29430,12300,3720,13410,9270,76,53.55,46,52,7,25
2020-01-23,2020-01-23 08:39:04,2020-01-23 06:59:04,2020-01-23 17:44:04,0,0,2.0,light,-0.1,38700,29430,12300,3720,13410,9270,76,53.55,46,52,7,25
2020-01-23,2020-01-23 08:44:04,2020-01-23 06:59:04,2020-01-23 17:44:04,0,0,2.0,light,-0.1,38700,29430,12300,3720,13410,9270,76,53.55,46,52,7,25
2020-01-23,2020-01-23 08:49:04,2020-01-23 06:59:04,2020-01-23 17:44:04,0,0,1.0,deep,-0.1,38700,29430,12300,3720,13410,9270,76,53.55,46,52,7,25
2020-01-23,2020-01-23 08:54:04,2020-01-23 06:59:04,2020-01-23 17:44:04,0,0,1.0,deep,-0.1,38700,29430,12300,3720,13410,9270,76,53.55,46,52,7,25
2020-01-23,2020-01-23 08:59:04,2020-01-23 06:59:04,2020-01-23 17:44:04,0,0,1.0,deep,-0.1,38700,29430,12300,3720,13410,9270,76,53.55,46,52,7,25
2020-01-23,2020-01-23 09:04:04,2020-01-23 06:59:04,2020-01-23 17:44:04,0,0,1.0,deep,-0.1,38700,29430,12300,3720,13410,9270,76,53.55,46,52,7,25
2020-01-23,2020-01-23 09:09:04,2020-01-23 06:59:04,2020-01-23 17:44:04,0,0,1.0,deep,-0.1,38700,29430,12300,3720,13410,9270,76,53.55,46,52,7,25
2020-01-23,2020-01-23 09:14:04,2020-01-23 06:59:04,2020-01-23 17:44:04,0,0,1.0,deep,-0.1,38700,29430,12300,3720,13410,9270,76,53.55,46,52,7,25
2020-01-23,2020-01-23 09:19:04,2020-01-23 06:59:04,2020-01-23 17:44:04,0,0,1.0,deep,-0.1,38700,29430,12300,3720,13410,9270,76,53.55,46,52,7,25
2020-01-23,2020-01-23 09:24:04,2020-01-23 06:59:04,2020-01-23 17:44:04,0,0,1.0,deep,-0.1,38700,29430,12300,3720,13410,9270,76,53.55,46,52,7,25
2020-01-23,2020-01-23 09:29:04,2020-01-23 06:59:04,2020-01-23 17:44:04,0,0,1.0,deep,-0.1,38700,29430,12300,3720,13410,9270,76,53.55,46,52,7,25
2020-01-23,2020-01-23 09:34:04,2020-01-23 06:59:04,2020-01-23 17:44:04,0,0,1.0,deep,-0.1,38700,29430,12300,3720,13410,9270,76,53.55,46,52,7,25
2020-01-23,2020-01-23 09:39:04,2020-01-23 06:59:04,2020-01-23 17:44:04,0,0,1.0,deep,-0.1,38700,29430,12300,3720,13410,9270,76,53.55,46,52,7,25
2020-01-23,2020-01-23 09:44:04,2020-01-23 06:59:04,2020-01-23 17:44:04,61,53,2.0,light,-0.1,38700,29430,12300,3720,13410,9270,76,53.55,46,52,7,25
2020-01-23,2020-01-23 09:49:04,2020-01-23 06:59:04,2020-01-23 17:44:04,54,56,2.0,light,-0.1,38700,29430,12300,3720,13410,9270,76,53.55,46,52,7,25
2020-01-23,2020-01-23 09:54:04,2020-01-23 06:59:04,2020-01-23 17:44:04,57,39,2.0,light,-0.1,38700,29430,12300,3720,13410,9270,76,53.55,46,52,7,25
2020-01-23,2020-01-23 09:59:04,2020-01-23 06:59:04,2020-01-23 17:44:04,64,26,2.0,light,-0.1,38700,29430,12300,3720,13410,9270,76,53.55,46,52,7,25
2020-01-23,2020-01-23 10:04:04,2020-01-23 06:59:04,2020-01-23 17:44:04,64,24,4.0,awake,-0.1,38700,29430,12300,3720,13410,9270,76,53.55,46,52,7,25
2020-01-23,2020-01-23 10:09:04,2020-01-23 06:59:04,2020-01-23 17:44:04,65,45,2.0,light,-0.1,38700,29430,12300,3720,13410,9270,76,53.55,46,52,7,25
2020-01-23,2020-01-23 10:14:04,2020-01-23 06:59:04,2020-01-23 17:44:04,0,0,2.0,light,-0.1,38700,29430,12300,3720,13410,9270,76,53.55,46,52,7,25
2020-01-23,2020-01-23 10:19:04,2020-01-23 06:59:04,2020-01-23 17:44:04,0,0,3.0,REM,-0.1,38700,29430,12300,3720,13410,9270,76,53.55,46,52,7,25
2020-01-23,2020-01-23 10:24:04,2020-01-23 06:59:04,2020-01-23 17:44:04,61,45,2.0,light,-0.1,38700,29430,12300,3720,13410,9270,76,53.55,46,52,7,25
2020-01-23,2020-01-23 10:29:04,2020-01-23 06:59:04,2020-01-23 17:44:04,0,0,1.0,deep,-0.1,38700,29430,12300,3720,13410,9270,76,53.55,46,52,7,25
2020-01-23,2020-01-23 10:34:04,2020-01-23 06:59:04,2020-01-23 17:44:04,0,0,1.0,deep,-0.1,38700,29430,12300,3720,13410,9270,76,53.55,46,52,7,25
2020-01-23,2020-01-23 10:39:04,2020-01-23 06:59:04,2020-01-23 17:44:04,0,0,1.0,deep,-0.1,38700,29430,12300,3720,13410,9270,76,53.55,46,52,7,25
2020-01-23,2020-01-23 10:44:04,2020-01-23 06:59:04,2020-01-23 17:44:04,0,0,1.0,deep,-0.1,38700,29430,12300,3720,13410,9270,76,53.55,46,52,7,25
2020-01-23,2020-01-23 10:49:04,2020-01-23 06:59:04,2020-01-23 17:44:04,0,0,1.0,deep,-0.1,38700,29430,12300,3720,13410,9270,76,53.55,46,52,7,25
2020-01-23,2020-01-23 10:54:04,2020-01-23 06:59:04,2020-01-23 17:44:04,51,127,1.0,deep,-0.1,38700,29430,12300,3720,13410,9270,76,53.55,46,52,7,25
2020-01-23,2020-01-23 10:59:04,2020-01-23 06:59:04,2020-01-23 17:44:04,54,52,1.0,deep,-0.1,38700,29430,12300,3720,13410,9270,76,53.55,46,52,7,25
2020-01-23,2020-01-23 11:04:04,2020-01-23 06:59:04,2020-01-23 17:44:04,0,0,4.0,awake,-0.1,38700,29430,12300,3720,13410,9270,76,53.55,46,52,7,25
2020-01-23,2020-01-23 11:09:04,2020-01-23 06:59:04,2020-01-23 17:44:04,51,60,2.0,light,-0.1,38700,29430,12300,3720,13410,9270,76,53.55,46,52,7,25
2020-01-23,2020-01-23 11:14:04,2020-01-23 06:59:04,2020-01-23 17:44:04,50,62,2.0,light,-0.1,38700,29430,12300,3720,13410,9270,76,53.55,46,52,7,25
2020-01-23,2020-01-23 11:19:04,2020-01-23 06:59:04,2020-01-23 17:44:04,50,64,1.0,deep,-0.1,38700,29430,12300,3720,13410,9270,76,53.55,46,52,7,25
2020-01-23,2020-01-23 11:24:04,2020-01-23 06:59:04,2020-01-23 17:44:04,51,58,1.0,deep,-0.1,38700,29430,12300,3720,13410,9270,76,53.55,46,52,7,25
2020-01-23,2020-01-23 11:29:04,2020-01-23 06:59:04,2020-01-23 17:44:04,51,56,1.0,deep,-0.1,38700,29430,12300,3720,13410,9270,76,53.55,46,52,7,25
2020-01-23,2020-01-23 11:34:04,2020-01-23 06:59:04,2020-01-23 17:44:04,52,57,1.0,deep,-0.1,38700,29430,12300,3720,13410,9270,76,53.55,46,52,7,25
2020-01-23,2020-01-23 11:39:04,2020-01-23 06:59:04,2020-01-23 17:44:04,51,53,1.0,deep,-0.1,38700,29430,12300,3720,13410,9270,76,53.55,46,52,7,25
2020-01-23,2020-01-23 11:44:04,2020-01-23 06:59:04,2020-01-23 17:44:04,51,52,1.0,deep,-0.1,38700,29430,12300,3720,13410,9270,76,53.55,46,52,7,25
2020-01-23,2020-01-23 11:49:04,2020-01-23 06:59:04,2020-01-23 17:44:04,54,60,2.0,light,-0.1,38700,29430,12300,3720,13410,9270,76,53.55,46,52,7,25
2020-01-23,2020-01-23 11:54:04,2020-01-23 06:59:04,2020-01-23 17:44:04,55,56,2.0,light,-0.1,38700,29430,12300,3720,13410,9270,76,53.55,46,52,7,25
2020-01-23,2020-01-23 11:59:04,2020-01-23 06:59:04,2020-01-23 17:44:04,55,51,2.0,light,-0.1,38700,29430,12300,3720,13410,9270,76,53.55,46,52,7,25
2020-01-23,2020-01-23 12:04:04,2020-01-23 06:59:04,2020-01-23 17:44:04,61,44,4.0,awake,-0.1,38700,29430,12300,3720,13410,9270,76,53.55,46,52,7,25
2020-01-23,2020-01-23 12:09:04,2020-01-23 06:59:04,2020-01-23 17:44:04,54,51,2.0,light,-0.1,38700,29430,12300,3720,13410,9270,76,53.55,46,52,7,25
2020-01-23,2020-01-23 12:14:04,2020-01-23 06:59:04,2020-01-23 17:44:04,51,54,2.0,light,-0.1,38700,29430,12300,3720,13410,9270,76,53.55,46,52,7,25
2020-01-23,2020-01-23 12:19:04,2020-01-23 06:59:04,2020-01-23 17:44:04,48,57,2.0,light,-0.1,38700,29430,12300,3720,13410,9270,76,53.55,46,52,7,25
2020-01-23,2020-01-23 12:24:04,2020-01-23 06:59:04,2020-01-23 17:44:04,0,0,2.0,light,-0.1,38700,29430,12300,3720,13410,9270,76,53.55,46,52,7,25
2020-01-23,2020-01-23 12:29:04,2020-01-23 06:59:04,2020-01-23 17:44:04,0,0,2.0,light,-0.1,38700,29430,12300,3720,13410,9270,76,53.55,46,52,7,25
2020-01-23,2020-01-23 12:34:04,2020-01-23 06:59:04,2020-01-23 17:44:04,46,53,2.0,light,-0.1,38700,29430,12300,3720,13410,9270,76,53.55,46,52,7,25
2020-01-23,2020-01-23 12:39:04,2020-01-23 06:59:04,2020-01-23 17:44:04,46,63,2.0,light,-0.1,38700,29430,12300,3720,13410,9270,76,53.55,46,52,7,25
2020-01-23,2020-01-23 12:44:04,2020-01-23 06:59:04,2020-01-23 17:44:04,46,53,2.0,light,-0.1,38700,29430,12300,3720,13410,9270,76,53.55,46,52,7,25
2020-01-23,2020-01-23 12:49:04,2020-01-23 06:59:04,2020-01-23 17:44:04,47,52,2.0,light,-0.1,38700,29430,12300,3720,13410,9270,76,53.55,46,52,7,25
2020-01-23,2020-01-23 12:54:04,2020-01-23 06:59:04,2020-01-23 17:44:04,47,61,2.0,light,-0.1,38700,29430,12300,3720,13410,9270,76,53.55,46,52,7,25
2020-01-23,2020-01-23 12:59:04,2020-01-23 06:59:04,2020-01-23 17:44:04,54,61,2.0,light,-0.1,38700,29430,12300,3720,13410,9270,76,53.55,46,52,7,25
2020-01-23,2020-01-23 13:04:04,2020-01-23 06:59:04,2020-01-23 17:44:04,49,64,2.0,light,-0.1,38700,29430,12300,3720,13410,9270,76,53.55,46,52,7,25
2020-01-23,2020-01-23 13:09:04,2020-01-23 06:59:04,2020-01-23 17:44:04,51,58,2.0,light,-0.1,38700,29430,12300,3720,13410,9270,76,53.55,46,52,7,25
2020-01-23,2020-01-23 13:14:04,2020-01-23 06:59:04,2020-01-23 17:44:04,49,67,2.0,light,-0.1,38700,29430,12300,3720,13410,9270,76,53.55,46,52,7,25
2020-01-23,2020-01-23 13:19:04,2020-01-23 06:59:04,2020-01-23 17:44:04,51,67,4.0,awake,-0.1,38700,29430,12300,3720,13410,9270,76,53.55,46,52,7,25
2020-01-23,2020-01-23 13:24:04,2020-01-23 06:59:04,2020-01-23 17:44:04,50,55,2.0,light,-0.1,38700,29430,12300,3720,13410,9270,76,53.55,46,52,7,25
2020-01-23,2020-01-23 13:29:04,2020-01-23 06:59:04,2020-01-23 17:44:04,52,53,3.0,REM,-0.1,38700,29430,12300,3720,13410,9270,76,53.55,46,52,7,25
2020-01-23,2020-01-23 13:34:04,2020-01-23 06:59:04,2020-01-23 17:44:04,54,48,3.0,REM,-0.1,38700,29430,12300,3720,13410,9270,76,53.55,46,52,7,25
2020-01-23,2020-01-23 13:39:04,2020-01-23 06:59:04,2020-01-23 17:44:04,57,42,3.0,REM,-0.1,38700,29430,12300,3720,13410,9270,76,53.55,46,52,7,25
2020-01-23,2020-01-23 13:44:04,2020-01-23 06:59:04,2020-01-23 17:44:04,55,43,3.0,REM,-0.1,38700,29430,12300,3720,13410,9270,76,53.55,46,52,7,25
2020-01-23,2020-01-23 13:49:04,2020-01-23 06:59:04,2020-01-23 17:44:04,56,34,3.0,REM,-0.1,38700,29430,12300,3720,13410,9270,76,53.55,46,52,7,25
2020-01-23,2020-01-23 13:54:04,2020-01-23 06:59:04,2020-01-23 17:44:04,54,48,3.0,REM,-0.1,38700,29430,12300,3720,13410,9270,76,53.55,46,52,7,25
2020-01-23,2020-01-23 13:59:04,2020-01-23 06:59:04,2020-01-23 17:44:04,65,15,4.0,awake,-0.1,38700,29430,12300,3720,13410,9270,76,53.55,46,52,7,25
2020-01-23,2020-01-23 14:04:04,2020-01-23 06:59:04,2020-01-23 17:44:04,0,0,4.0,awake,-0.1,38700,29430,12300,3720,13410,9270,76,53.55,46,52,7,25
2020-01-23,2020-01-23 14:09:04,2020-01-23 06:59:04,2020-01-23 17:44:04,0,0,4.0,awake,-0.1,38700,29430,12300,3720,13410,9270,76,53.55,46,52,7,25
2020-01-23,2020-01-23 14:14:04,2020-01-23 06:59:04,2020-01-23 17:44:04,0,0,4.0,awake,-0.1,38700,29430,12300,3720,13410,9270,76,53.55,46,52,7,25
2020-01-23,2020-01-23 14:19:04,2020-01-23 06:59:04,2020-01-23 17:44:04,55,50,2.0,light,-0.1,38700,29430,12300,3720,13410,9270,76,53.55,46,52,7,25
2020-01-23,2020-01-23 14:24:04,2020-01-23 06:59:04,2020-01-23 17:44:04,53,61,4.0,awake,-0.1,38700,29430,12300,3720,13410,9270,76,53.55,46,52,7,25
2020-01-23,2020-01-23 14:29:04,2020-01-23 06:59:04,2020-01-23 17:44:04,0,0,2.0,light,-0.1,38700,29430,12300,3720,13410,9270,76,53.55,46,52,7,25
2020-01-23,2020-01-23 14:34:04,2020-01-23 06:59:04,2020-01-23 17:44:04,52,59,4.0,awake,-0.1,38700,29430,12300,3720,13410,9270,76,53.55,46,52,7,25
2020-01-23,2020-01-23 14:39:04,2020-01-23 06:59:04,2020-01-23 17:44:04,0,0,4.0,awake,-0.1,38700,29430,12300,3720,13410,9270,76,53.55,46,52,7,25
2020-01-23,2020-01-23 14:44:04,2020-01-23 06:59:04,2020-01-23 17:44:04,53,61,2.0,light,-0.1,38700,29430,12300,3720,13410,9270,76,53.55,46,52,7,25
2020-01-23,2020-01-23 14:49:04,2020-01-23 06:59:04,2020-01-23 17:44:04,53,58,4.0,awake,-0.1,38700,29430,12300,3720,13410,9270,76,53.55,46,52,7,25
2020-01-23,2020-01-23 14:54:04,2020-01-23 06:59:04,2020-01-23 17:44:04,0,0,2.0,light,-0.1,38700,29430,12300,3720,13410,9270,76,53.55,46,52,7,25
2020-01-23,2020-01-23 14:59:04,2020-01-23 06:59:04,2020-01-23 17:44:04,46,71,2.0,light,-0.1,38700,29430,12300,3720,13410,9270,76,53.55,46,52,7,25
2020-01-23,2020-01-23 15:04:04,2020-01-23 06:59:04,2020-01-23 17:44:04,47,67,2.0,light,-0.1,38700,29430,12300,3720,13410,9270,76,53.55,46,52,7,25
2020-01-23,2020-01-23 15:09:04,2020-01-23 06:59:04,2020-01-23 17:44:04,0,0,3.0,REM,-0.1,38700,29430,12300,3720,13410,9270,76,53.55,46,52,7,25
2020-01-23,2020-01-23 15:14:04,2020-01-23 06:59:04,2020-01-23 17:44:04,0,0,4.0,awake,-0.1,38700,29430,12300,3720,13410,9270,76,53.55,46,52,7,25
2020-01-23,2020-01-23 15:19:04,2020-01-23 06:59:04,2020-01-23 17:44:04,0,0,4.0,awake,-0.1,38700,29430,12300,3720,13410,9270,76,53.55,46,52,7,25
2020-01-23,2020-01-23 15:24:04,2020-01-23 06:59:04,2020-01-23 17:44:04,0,0,2.0,light,-0.1,38700,29430,12300,3720,13410,9270,76,53.55,46,52,7,25
2020-01-23,2020-01-23 15:29:04,2020-01-23 06:59:04,2020-01-23 17:44:04,52,55,2.0,light,-0.1,38700,29430,12300,3720,13410,9270,76,53.55,46,52,7,25
2020-01-23,2020-01-23 15:34:04,2020-01-23 06:59:04,2020-01-23 17:44:04,51,52,2.0,light,-0.1,38700,29430,12300,3720,13410,9270,76,53.55,46,52,7,25
2020-01-23,2020-01-23 15:39:04,2020-01-23 06:59:04,2020-01-23 17:44:04,50,51,3.0,REM,-0.1,38700,29430,12300,3720,13410,9270,76,53.55,46,52,7,25
2020-01-23,2020-01-23 15:44:04,2020-01-23 06:59:04,2020-01-23 17:44:04,53,51,3.0,REM,-0.1,38700,29430,12300,3720,13410,9270,76,53.55,46,52,7,25
2020-01-23,2020-01-23 15:49:04,2020-01-23 06:59:04,2020-01-23 17:44:04,53,63,3.0,REM,-0.1,38700,29430,12300,3720,13410,9270,76,53.55,46,52,7,25
2020-01-23,2020-01-23 15:54:04,2020-01-23 06:59:04,2020-01-23 17:44:04,52,58,2.0,light,-0.1,38700,29430,12300,3720,13410,9270,76,53.55,46,52,7,25
2020-01-23,2020-01-23 15:59:04,2020-01-23 06:59:04,2020-01-23 17:44:04,54,59,3.0,REM,-0.1,38700,29430,12300,3720,13410,9270,76,53.55,46,52,7,25
2020-01-23,2020-01-23 16:04:04,2020-01-23 06:59:04,2020-01-23 17:44:04,55,51,3.0,REM,-0.1,38700,29430,12300,3720,13410,9270,76,53.55,46,52,7,25
2020-01-23,2020-01-23 16:09:04,2020-01-23 06:59:04,2020-01-23 17:44:04,55,42,4.0,awake,-0.1,38700,29430,12300,3720,13410,9270,76,53.55,46,52,7,25
2020-01-23,2020-01-23 16:14:04,2020-01-23 06:59:04,2020-01-23 17:44:04,53,38,2.0,light,-0.1,38700,29430,12300,3720,13410,9270,76,53.55,46,52,7,25
2020-01-23,2020-01-23 16:19:04,2020-01-23 06:59:04,2020-01-23 17:44:04,51,48,2.0,light,-0.1,38700,29430,12300,3720,13410,9270,76,53.55,46,52,7,25
2020-01-23,2020-01-23 16:24:04,2020-01-23 06:59:04,2020-01-23 17:44:04,51,41,2.0,light,-0.1,38700,29430,12300,3720,13410,9270,76,53.55,46,52,7,25
2020-01-23,2020-01-23 16:29:04,2020-01-23 06:59:04,2020-01-23 17:44:04,51,44,2.0,light,-0.1,38700,29430,12300,3720,13410,9270,76,53.55,46,52,7,25
2020-01-23,2020-01-23 16:34:04,2020-01-23 06:59:04,2020-01-23 17:44:04,52,41,2.0,light,-0.1,38700,29430,12300,3720,13410,9270,76,53.55,46,52,7,25
2020-01-23,2020-01-23 16:39:04,2020-01-23 06:59:04,2020-01-23 17:44:04,52,37,2.0,light,-0.1,38700,29430,12300,3720,13410,9270,76,53.55,46,52,7,25
2020-01-23,2020-01-23 16:44:04,2020-01-23 06:59:04,2020-01-23 17:44:04,52,37,2.0,light,-0.1,38700,29430,12300,3720,13410,9270,76,53.55,46,52,7,25
2020-01-23,2020-01-23 16:49:04,2020-01-23 06:59:04,2020-01-23 17:44:04,52,36,1.0,deep,-0.1,38700,29430,12300,3720,13410,9270,76,53.55,46,52,7,25
2020-01-23,2020-01-23 16:54:04,2020-01-23 06:59:04,2020-01-23 17:44:04,53,39,3.0,REM,-0.1,38700,29430,12300,3720,13410,9270,76,53.55,46,52,7,25
2020-01-23,2020-01-23 16:59:04,2020-01-23 06:59:04,2020-01-23 17:44:04,54,54,4.0,awake,-0.1,38700,29430,12300,3720,13410,9270,76,53.55,46,52,7,25
2020-01-23,2020-01-23 17:04:04,2020-01-23 06:59:04,2020-01-23 17:44:04,53,53,4.0,awake,-0.1,38700,29430,12300,3720,13410,9270,76,53.55,46,52,7,25
2020-01-23,2020-01-23 17:09:04,2020-01-23 06:59:04,2020-01-23 17:44:04,56,40,4.0,awake,-0.1,38700,29430,12300,3720,13410,9270,76,53.55,46,52,7,25
2020-01-23,2020-01-23 17:14:04,2020-01-23 06:59:04,2020-01-23 17:44:04,58,49,4.0,awake,-0.1,38700,29430,12300,3720,13410,9270,76,53.55,46,52,7,25
2020-01-23,2020-01-23 17:19:04,2020-01-23 06:59:04,2020-01-23 17:44:04,56,54,3.0,REM,-0.1,38700,29430,12300,3720,13410,9270,76,53.55,46,52,7,25
2020-01-23,2020-01-23 17:24:04,2020-01-23 06:59:04,2020-01-23 17:44:04,62,40,4.0,awake,-0.1,38700,29430,12300,3720,13410,9270,76,53.55,46,52,7,25
2020-01-23,2020-01-23 17:29:04,2020-01-23 06:59:04,2020-01-23 17:44:04,0,0,4.0,awake,-0.1,38700,29430,12300,3720,13410,9270,76,53.55,46,52,7,25
2020-01-23,2020-01-23 17:34:04,2020-01-23 06:59:04,2020-01-23 17:44:04,62,32,4.0,awake,-0.1,38700,29430,12300,3720,13410,9270,76,53.55,46,52,7,25
2020-01-23,2020-01-23 17:39:04,2020-01-23 06:59:04,2020-01-23 17:44:04,60,34,4.0,awake,-0.1,38700,29430,12300,3720,13410,9270,76,53.55,46,52,7,25
2020-01-23,2020-01-23 17:44:04,2020-01-23 06:59:04,2020-01-23 17:44:04,63,26,,,-0.1,38700,29430,12300,3720,13410,9270,76,53.55,46,52,7,25
2020-01-25,2020-01-25 08:58:28,2020-01-25 08:58:28,2020-01-25 17:55:28,0,0,4.0,awake,-0.14,32220,26130,10170,1020,14940,6090,81,53.49,43,48,1,15
2020-01-25,2020-01-25 09:03:28,2020-01-25 08:58:28,2020-01-25 17:55:28,0,0,2.0,light,-0.14,32220,26130,10170,1020,14940,6090,81,53.49,43,48,1,15
2020-01-25,2020-01-25 09:08:28,2020-01-25 08:58:28,2020-01-25 17:55:28,43,66,1.0,deep,-0.14,32220,26130,10170,1020,14940,6090,81,53.49,43,48,1,15
2020-01-25,2020-01-25 09:13:28,2020-01-25 08:58:28,2020-01-25 17:55:28,44,65,1.0,deep,-0.14,32220,26130,10170,1020,14940,6090,81,53.49,43,48,1,15
2020-01-25,2020-01-25 09:18:28,2020-01-25 08:58:28,2020-01-25 17:55:28,44,65,1.0,deep,-0.14,32220,26130,10170,1020,14940,6090,81,53.49,43,48,1,15
2020-01-25,2020-01-25 09:23:28,2020-01-25 08:58:28,2020-01-25 17:55:28,44,65,1.0,deep,-0.14,32220,26130,10170,1020,14940,6090,81,53.49,43,48,1,15
2020-01-25,2020-01-25 09:28:28,2020-01-25 08:58:28,2020-01-25 17:55:28,44,61,1.0,deep,-0.14,32220,26130,10170,1020,14940,6090,81,53.49,43,48,1,15
2020-01-25,2020-01-25 09:33:28,2020-01-25 08:58:28,2020-01-25 17:55:28,0,0,1.0,deep,-0.14,32220,26130,10170,1020,14940,6090,81,53.49,43,48,1,15
2020-01-25,2020-01-25 09:38:28,2020-01-25 08:58:28,2020-01-25 17:55:28,0,0,1.0,deep,-0.14,32220,26130,10170,1020,14940,6090,81,53.49,43,48,1,15
2020-01-25,2020-01-25 09:43:28,2020-01-25 08:58:28,2020-01-25 17:55:28,0,0,1.0,deep,-0.14,32220,26130,10170,1020,14940,6090,81,53.49,43,48,1,15
2020-01-25,2020-01-25 09:48:28,2020-01-25 08:58:28,2020-01-25 17:55:28,0,0,1.0,deep,-0.14,32220,26130,10170,1020,14940,6090,81,53.49,43,48,1,15
2020-01-25,2020-01-25 09:53:28,2020-01-25 08:58:28,2020-01-25 17:55:28,0,0,1.0,deep,-0.14,32220,26130,10170,1020,14940,6090,81,53.49,43,48,1,15
2020-01-25,2020-01-25 09:58:28,2020-01-25 08:58:28,2020-01-25 17:55:28,0,0,1.0,deep,-0.14,32220,26130,10170,1020,14940,6090,81,53.49,43,48,1,15
2020-01-25,2020-01-25 10:03:28,2020-01-25 08:58:28,2020-01-25 17:55:28,0,0,1.0,deep,-0.14,32220,26130,10170,1020,14940,6090,81,53.49,43,48,1,15
2020-01-25,2020-01-25 10:08:28,2020-01-25 08:58:28,2020-01-25 17:55:28,53,40,1.0,deep,-0.14,32220,26130,10170,1020,14940,6090,81,53.49,43,48,1,15
2020-01-25,2020-01-25 10:13:28,2020-01-25 08:58:28,2020-01-25 17:55:28,54,28,1.0,deep,-0.14,32220,26130,10170,1020,14940,6090,81,53.49,43,48,1,15
2020-01-25,2020-01-25 10:18:28,2020-01-25 08:58:28,2020-01-25 17:55:28,54,46,2.0,light,-0.14,32220,26130,10170,1020,14940,6090,81,53.49,43,48,1,15
2020-01-25,2020-01-25 10:23:28,2020-01-25 08:58:28,2020-01-25 17:55:28,0,0,2.0,light,-0.14,32220,26130,10170,1020,14940,6090,81,53.49,43,48,1,15
2020-01-25,2020-01-25 10:28:28,2020-01-25 08:58:28,2020-01-25 17:55:28,49,100,2.0,light,-0.14,32220,26130,10170,1020,14940,6090,81,53.49,43,48,1,15
2020-01-25,2020-01-25 10:33:28,2020-01-25 08:58:28,2020-01-25 17:55:28,47,56,2.0,light,-0.14,32220,26130,10170,1020,14940,6090,81,53.49,43,48,1,15
2020-01-25,2020-01-25 10:38:28,2020-01-25 08:58:28,2020-01-25 17:55:28,47,60,2.0,light,-0.14,32220,26130,10170,1020,14940,6090,81,53.49,43,48,1,15
2020-01-25,2020-01-25 10:43:28,2020-01-25 08:58:28,2020-01-25 17:55:28,47,54,1.0,deep,-0.14,32220,26130,10170,1020,14940,6090,81,53.49,43,48,1,15
2020-01-25,2020-01-25 10:48:28,2020-01-25 08:58:28,2020-01-25 17:55:28,47,52,1.0,deep,-0.14,32220,26130,10170,1020,14940,6090,81,53.49,43,48,1,15
2020-01-25,2020-01-25 10:53:28,2020-01-25 08:58:28,2020-01-25 17:55:28,48,53,1.0,deep,-0.14,32220,26130,10170,1020,14940,6090,81,53.49,43,48,1,15
2020-01-25,2020-01-25 10:58:28,2020-01-25 08:58:28,2020-01-25 17:55:28,48,48,1.0,deep,-0.14,32220,26130,10170,1020,14940,6090,81,53.49,43,48,1,15
2020-01-25,2020-01-25 11:03:28,2020-01-25 08:58:28,2020-01-25 17:55:28,48,51,1.0,deep,-0.14,32220,26130,10170,1020,14940,6090,81,53.49,43,48,1,15
2020-01-25,2020-01-25 11:08:28,2020-01-25 08:58:28,2020-01-25 17:55:28,49,51,1.0,deep,-0.14,32220,26130,10170,1020,14940,6090,81,53.49,43,48,1,15
2020-01-25,2020-01-25 11:13:28,2020-01-25 08:58:28,2020-01-25 17:55:28,49,52,1.0,deep,-0.14,32220,26130,10170,1020,14940,6090,81,53.49,43,48,1,15
2020-01-25,2020-01-25 11:18:28,2020-01-25 08:58:28,2020-01-25 17:55:28,49,49,1.0,deep,-0.14,32220,26130,10170,1020,14940,6090,81,53.49,43,48,1,15
2020-01-25,2020-01-25 11:23:28,2020-01-25 08:58:28,2020-01-25 17:55:28,53,56,1.0,deep,-0.14,32220,26130,10170,1020,14940,6090,81,53.49,43,48,1,15
2020-01-25,2020-01-25 11:28:28,2020-01-25 08:58:28,2020-01-25 17:55:28,52,56,2.0,light,-0.14,32220,26130,10170,1020,14940,6090,81,53.49,43,48,1,15
2020-01-25,2020-01-25 11:33:28,2020-01-25 08:58:28,2020-01-25 17:55:28,53,53,2.0,light,-0.14,32220,26130,10170,1020,14940,6090,81,53.49,43,48,1,15
2020-01-25,2020-01-25 11:38:28,2020-01-25 08:58:28,2020-01-25 17:55:28,50,54,2.0,light,-0.14,32220,26130,10170,1020,14940,6090,81,53.49,43,48,1,15
2020-01-25,2020-01-25 11:43:28,2020-01-25 08:58:28,2020-01-25 17:55:28,52,50,1.0,deep,-0.14,32220,26130,10170,1020,14940,6090,81,53.49,43,48,1,15
2020-01-25,2020-01-25 11:48:28,2020-01-25 08:58:28,2020-01-25 17:55:28,51,80,1.0,deep,-0.14,32220,26130,10170,1020,14940,6090,81,53.49,43,48,1,15
2020-01-25,2020-01-25 11:53:28,2020-01-25 08:58:28,2020-01-25 17:55:28,55,50,1.0,deep,-0.14,32220,26130,10170,1020,14940,6090,81,53.49,43,48,1,15
2020-01-25,2020-01-25 11:58:28,2020-01-25 08:58:28,2020-01-25 17:55:28,54,42,2.0,light,-0.14,32220,26130,10170,1020,14940,6090,81,53.49,43,48,1,15
2020-01-25,2020-01-25 12:03:28,2020-01-25 08:58:28,2020-01-25 17:55:28,62,25,2.0,light,-0.14,32220,26130,10170,1020,14940,6090,81,53.49,43,48,1,15
2020-01-25,2020-01-25 12:08:28,2020-01-25 08:58:28,2020-01-25 17:55:28,62,27,1.0,deep,-0.14,32220,26130,10170,1020,14940,6090,81,53.49,43,48,1,15
2020-01-25,2020-01-25 12:13:28,2020-01-25 08:58:28,2020-01-25 17:55:28,60,34,2.0,light,-0.14,32220,26130,10170,1020,14940,6090,81,53.49,43,48,1,15
2020-01-25,2020-01-25 12:18:28,2020-01-25 08:58:28,2020-01-25 17:55:28,60,41,2.0,light,-0.14,32220,26130,10170,1020,14940,6090,81,53.49,43,48,1,15
2020-01-25,2020-01-25 12:23:28,2020-01-25 08:58:28,2020-01-25 17:55:28,58,47,2.0,light,-0.14,32220,26130,10170,1020,14940,6090,81,53.49,43,48,1,15
2020-01-25,2020-01-25 12:28:28,2020-01-25 08:58:28,2020-01-25 17:55:28,58,42,2.0,light,-0.14,32220,26130,10170,1020,14940,6090,81,53.49,43,48,1,15
2020-01-25,2020-01-25 12:33:28,2020-01-25 08:58:28,2020-01-25 17:55:28,53,42,2.0,light,-0.14,32220,26130,10170,1020,14940,6090,81,53.49,43,48,1,15
2020-01-25,2020-01-25 12:38:28,2020-01-25 08:58:28,2020-01-25 17:55:28,51,48,2.0,light,-0.14,32220,26130,10170,1020,14940,6090,81,53.49,43,48,1,15
2020-01-25,2020-01-25 12:43:28,2020-01-25 08:58:28,2020-01-25 17:55:28,50,53,2.0,light,-0.14,32220,26130,10170,1020,14940,6090,81,53.49,43,48,1,15
2020-01-25,2020-01-25 12:48:28,2020-01-25 08:58:28,2020-01-25 17:55:28,50,45,1.0,deep,-0.14,32220,26130,10170,1020,14940,6090,81,53.49,43,48,1,15
2020-01-25,2020-01-25 12:53:28,2020-01-25 08:58:28,2020-01-25 17:55:28,50,48,1.0,deep,-0.14,32220,26130,10170,1020,14940,6090,81,53.49,43,48,1,15
2020-01-25,2020-01-25 12:58:28,2020-01-25 08:58:28,2020-01-25 17:55:28,50,48,1.0,deep,-0.14,32220,26130,10170,1020,14940,6090,81,53.49,43,48,1,15
2020-01-25,2020-01-25 13:03:28,2020-01-25 08:58:28,2020-01-25 17:55:28,50,45,1.0,deep,-0.14,32220,26130,10170,1020,14940,6090,81,53.49,43,48,1,15
2020-01-25,2020-01-25 13:08:28,2020-01-25 08:58:28,2020-01-25 17:55:28,50,42,1.0,deep,-0.14,32220,26130,10170,1020,14940,6090,81,53.49,43,48,1,15
2020-01-25,2020-01-25 13:13:28,2020-01-25 08:58:28,2020-01-25 17:55:28,53,45,1.0,deep,-0.14,32220,26130,10170,1020,14940,6090,81,53.49,43,48,1,15
2020-01-25,2020-01-25 13:18:28,2020-01-25 08:58:28,2020-01-25 17:55:28,0,0,1.0,deep,-0.14,32220,26130,10170,1020,14940,6090,81,53.49,43,48,1,15
2020-01-25,2020-01-25 13:23:28,2020-01-25 08:58:28,2020-01-25 17:55:28,0,0,2.0,light,-0.14,32220,26130,10170,1020,14940,6090,81,53.49,43,48,1,15
2020-01-25,2020-01-25 13:28:28,2020-01-25 08:58:28,2020-01-25 17:55:28,0,0,2.0,light,-0.14,32220,26130,10170,1020,14940,6090,81,53.49,43,48,1,15
2020-01-25,2020-01-25 13:33:28,2020-01-25 08:58:28,2020-01-25 17:55:28,0,0,2.0,light,-0.14,32220,26130,10170,1020,14940,6090,81,53.49,43,48,1,15
2020-01-25,2020-01-25 13:38:28,2020-01-25 08:58:28,2020-01-25 17:55:28,0,0,2.0,light,-0.14,32220,26130,10170,1020,14940,6090,81,53.49,43,48,1,15
2020-01-25,2020-01-25 13:43:28,2020-01-25 08:58:28,2020-01-25 17:55:28,0,0,1.0,deep,-0.14,32220,26130,10170,1020,14940,6090,81,53.49,43,48,1,15
2020-01-25,2020-01-25 13:48:28,2020-01-25 08:58:28,2020-01-25 17:55:28,54,35,2.0,light,-0.14,32220,26130,10170,1020,14940,6090,81,53.49,43,48,1,15
2020-01-25,2020-01-25 13:53:28,2020-01-25 08:58:28,2020-01-25 17:55:28,54,39,2.0,light,-0.14,32220,26130,10170,1020,14940,6090,81,53.49,43,48,1,15
2020-01-25,2020-01-25 13:58:28,2020-01-25 08:58:28,2020-01-25 17:55:28,55,36,2.0,light,-0.14,32220,26130,10170,1020,14940,6090,81,53.49,43,48,1,15
2020-01-25,2020-01-25 14:03:28,2020-01-25 08:58:28,2020-01-25 17:55:28,57,42,2.0,light,-0.14,32220,26130,10170,1020,14940,6090,81,53.49,43,48,1,15
2020-01-25,2020-01-25 14:08:28,2020-01-25 08:58:28,2020-01-25 17:55:28,58,39,2.0,light,-0.14,32220,26130,10170,1020,14940,6090,81,53.49,43,48,1,15
2020-01-25,2020-01-25 14:13:28,2020-01-25 08:58:28,2020-01-25 17:55:28,59,28,3.0,REM,-0.14,32220,26130,10170,1020,14940,6090,81,53.49,43,48,1,15
2020-01-25,2020-01-25 14:18:28,2020-01-25 08:58:28,2020-01-25 17:55:28,61,24,3.0,REM,-0.14,32220,26130,10170,1020,14940,6090,81,53.49,43,48,1,15
2020-01-25,2020-01-25 14:23:28,2020-01-25 08:58:28,2020-01-25 17:55:28,61,29,3.0,REM,-0.14,32220,26130,10170,1020,14940,6090,81,53.49,43,48,1,15
2020-01-25,2020-01-25 14:28:28,2020-01-25 08:58:28,2020-01-25 17:55:28,64,36,4.0,awake,-0.14,32220,26130,10170,1020,14940,6090,81,53.49,43,48,1,15
2020-01-25,2020-01-25 14:33:28,2020-01-25 08:58:28,2020-01-25 17:55:28,0,0,4.0,awake,-0.14,32220,26130,10170,1020,14940,6090,81,53.49,43,48,1,15
2020-01-25,2020-01-25 14:38:28,2020-01-25 08:58:28,2020-01-25 17:55:28,0,0,4.0,awake,-0.14,32220,26130,10170,1020,14940,6090,81,53.49,43,48,1,15
2020-01-25,2020-01-25 14:43:28,2020-01-25 08:58:28,2020-01-25 17:55:28,58,39,4.0,awake,-0.14,32220,26130,10170,1020,14940,6090,81,53.49,43,48,1,15
2020-01-25,2020-01-25 14:48:28,2020-01-25 08:58:28,2020-01-25 17:55:28,56,54,4.0,awake,-0.14,32220,26130,10170,1020,14940,6090,81,53.49,43,48,1,15
2020-01-25,2020-01-25 14:53:28,2020-01-25 08:58:28,2020-01-25 17:55:28,0,0,4.0,awake,-0.14,32220,26130,10170,1020,14940,6090,81,53.49,43,48,1,15
2020-01-25,2020-01-25 14:58:28,2020-01-25 08:58:28,2020-01-25 17:55:28,0,0,4.0,awake,-0.14,32220,26130,10170,1020,14940,6090,81,53.49,43,48,1,15
2020-01-25,2020-01-25 15:03:28,2020-01-25 08:58:28,2020-01-25 17:55:28,0,0,2.0,light,-0.14,32220,26130,10170,1020,14940,6090,81,53.49,43,48,1,15
2020-01-25,2020-01-25 15:08:28,2020-01-25 08:58:28,2020-01-25 17:55:28,0,0,2.0,light,-0.14,32220,26130,10170,1020,14940,6090,81,53.49,43,48,1,15
2020-01-25,2020-01-25 15:13:28,2020-01-25 08:58:28,2020-01-25 17:55:28,0,0,2.0,light,-0.14,32220,26130,10170,1020,14940,6090,81,53.49,43,48,1,15
2020-01-25,2020-01-25 15:18:28,2020-01-25 08:58:28,2020-01-25 17:55:28,47,60,2.0,light,-0.14,32220,26130,10170,1020,14940,6090,81,53.49,43,48,1,15
2020-01-25,2020-01-25 15:23:28,2020-01-25 08:58:28,2020-01-25 17:55:28,0,0,2.0,light,-0.14,32220,26130,10170,1020,14940,6090,81,53.49,43,48,1,15
2020-01-25,2020-01-25 15:28:28,2020-01-25 08:58:28,2020-01-25 17:55:28,0,0,2.0,light,-0.14,32220,26130,10170,1020,14940,6090,81,53.49,43,48,1,15
2020-01-25,2020-01-25 15:33:28,2020-01-25 08:58:28,2020-01-25 17:55:28,0,0,2.0,light,-0.14,32220,26130,10170,1020,14940,6090,81,53.49,43,48,1,15
2020-01-25,2020-01-25 15:38:28,2020-01-25 08:58:28,2020-01-25 17:55:28,53,44,2.0,light,-0.14,32220,26130,10170,1020,14940,6090,81,53.49,43,48,1,15
2020-01-25,2020-01-25 15:43:28,2020-01-25 08:58:28,2020-01-25 17:55:28,56,48,2.0,light,-0.14,32220,26130,10170,1020,14940,6090,81,53.49,43,48,1,15
2020-01-25,2020-01-25 15:48:28,2020-01-25 08:58:28,2020-01-25 17:55:28,55,43,2.0,light,-0.14,32220,26130,10170,1020,14940,6090,81,53.49,43,48,1,15
2020-01-25,2020-01-25 15:53:28,2020-01-25 08:58:28,2020-01-25 17:55:28,55,36,2.0,light,-0.14,32220,26130,10170,1020,14940,6090,81,53.49,43,48,1,15
2020-01-25,2020-01-25 15:58:28,2020-01-25 08:58:28,2020-01-25 17:55:28,56,44,2.0,light,-0.14,32220,26130,10170,1020,14940,6090,81,53.49,43,48,1,15
2020-01-25,2020-01-25 16:03:28,2020-01-25 08:58:28,2020-01-25 17:55:28,57,41,2.0,light,-0.14,32220,26130,10170,1020,14940,6090,81,53.49,43,48,1,15
2020-01-25,2020-01-25 16:08:28,2020-01-25 08:58:28,2020-01-25 17:55:28,53,47,2.0,light,-0.14,32220,26130,10170,1020,14940,6090,81,53.49,43,48,1,15
2020-01-25,2020-01-25 16:13:28,2020-01-25 08:58:28,2020-01-25 17:55:28,52,46,2.0,light,-0.14,32220,26130,10170,1020,14940,6090,81,53.49,43,48,1,15
2020-01-25,2020-01-25 16:18:28,2020-01-25 08:58:28,2020-01-25 17:55:28,0,0,2.0,light,-0.14,32220,26130,10170,1020,14940,6090,81,53.49,43,48,1,15
2020-01-25,2020-01-25 16:23:28,2020-01-25 08:58:28,2020-01-25 17:55:28,55,46,2.0,light,-0.14,32220,26130,10170,1020,14940,6090,81,53.49,43,48,1,15
2020-01-25,2020-01-25 16:28:28,2020-01-25 08:58:28,2020-01-25 17:55:28,0,0,2.0,light,-0.14,32220,26130,10170,1020,14940,6090,81,53.49,43,48,1,15
2020-01-25,2020-01-25 16:33:28,2020-01-25 08:58:28,2020-01-25 17:55:28,0,0,2.0,light,-0.14,32220,26130,10170,1020,14940,6090,81,53.49,43,48,1,15
2020-01-25,2020-01-25 16:38:28,2020-01-25 08:58:28,2020-01-25 17:55:28,0,0,2.0,light,-0.14,32220,26130,10170,1020,14940,6090,81,53.49,43,48,1,15
2020-01-25,2020-01-25 16:43:28,2020-01-25 08:58:28,2020-01-25 17:55:28,51,54,2.0,light,-0.14,32220,26130,10170,1020,14940,6090,81,53.49,43,48,1,15
2020-01-25,2020-01-25 16:48:28,2020-01-25 08:58:28,2020-01-25 17:55:28,51,54,2.0,light,-0.14,32220,26130,10170,1020,14940,6090,81,53.49,43,48,1,15
2020-01-25,2020-01-25 16:53:28,2020-01-25 08:58:28,2020-01-25 17:55:28,0,0,2.0,light,-0.14,32220,26130,10170,1020,14940,6090,81,53.49,43,48,1,15
2020-01-25,2020-01-25 16:58:28,2020-01-25 08:58:28,2020-01-25 17:55:28,53,58,2.0,light,-0.14,32220,26130,10170,1020,14940,6090,81,53.49,43,48,1,15
2020-01-25,2020-01-25 17:03:28,2020-01-25 08:58:28,2020-01-25 17:55:28,52,58,2.0,light,-0.14,32220,26130,10170,1020,14940,6090,81,53.49,43,48,1,15
2020-01-25,2020-01-25 17:08:28,2020-01-25 08:58:28,2020-01-25 17:55:28,53,53,2.0,light,-0.14,32220,26130,10170,1020,14940,6090,81,53.49,43,48,1,15
2020-01-25,2020-01-25 17:13:28,2020-01-25 08:58:28,2020-01-25 17:55:28,55,46,2.0,light,-0.14,32220,26130,10170,1020,14940,6090,81,53.49,43,48,1,15
2020-01-25,2020-01-25 17:18:28,2020-01-25 08:58:28,2020-01-25 17:55:28,67,50,4.0,awake,-0.14,32220,26130,10170,1020,14940,6090,81,53.49,43,48,1,15
2020-01-25,2020-01-25 17:23:28,2020-01-25 08:58:28,2020-01-25 17:55:28,66,45,4.0,awake,-0.14,32220,26130,10170,1020,14940,6090,81,53.49,43,48,1,15
2020-01-25,2020-01-25 17:28:28,2020-01-25 08:58:28,2020-01-25 17:55:28,63,42,4.0,awake,-0.14,32220,26130,10170,1020,14940,6090,81,53.49,43,48,1,15
2020-01-25,2020-01-25 17:33:28,2020-01-25 08:58:28,2020-01-25 17:55:28,59,42,4.0,awake,-0.14,32220,26130,10170,1020,14940,6090,81,53.49,43,48,1,15
2020-01-25,2020-01-25 17:38:28,2020-01-25 08:58:28,2020-01-25 17:55:28,0,0,4.0,awake,-0.14,32220,26130,10170,1020,14940,6090,81,53.49,43,48,1,15
2020-01-25,2020-01-25 17:43:28,2020-01-25 08:58:28,2020-01-25 17:55:28,61,45,4.0,awake,-0.14,32220,26130,10170,1020,14940,6090,81,53.49,43,48,1,15
2020-01-25,2020-01-25 17:48:28,2020-01-25 08:58:28,2020-01-25 17:55:28,60,48,4.0,awake,-0.14,32220,26130,10170,1020,14940,6090,81,53.49,43,48,1,15
2020-01-25,2020-01-25 17:53:28,2020-01-25 08:58:28,2020-01-25 17:55:28,0,0,4.0,awake,-0.14,32220,26130,10170,1020,14940,6090,81,53.49,43,48,1,15
2020-01-26,2020-01-26 09:45:01,2020-01-26 09:45:01,2020-01-26 18:40:01,0,0,4.0,awake,-0.07,32100,25890,9750,3840,12300,6210,81,55.1,48,54,4,16
2020-01-26,2020-01-26 09:50:01,2020-01-26 09:45:01,2020-01-26 18:40:01,0,0,4.0,awake,-0.07,32100,25890,9750,3840,12300,6210,81,55.1,48,54,4,16
2020-01-26,2020-01-26 09:55:01,2020-01-26 09:45:01,2020-01-26 18:40:01,0,0,4.0,awake,-0.07,32100,25890,9750,3840,12300,6210,81,55.1,48,54,4,16
2020-01-26,2020-01-26 10:00:01,2020-01-26 09:45:01,2020-01-26 18:40:01,0,0,1.0,deep,-0.07,32100,25890,9750,3840,12300,6210,81,55.1,48,54,4,16
2020-01-26,2020-01-26 10:05:01,2020-01-26 09:45:01,2020-01-26 18:40:01,0,0,1.0,deep,-0.07,32100,25890,9750,3840,12300,6210,81,55.1,48,54,4,16
2020-01-26,2020-01-26 10:10:01,2020-01-26 09:45:01,2020-01-26 18:40:01,0,0,1.0,deep,-0.07,32100,25890,9750,3840,12300,6210,81,55.1,48,54,4,16
2020-01-26,2020-01-26 10:15:01,2020-01-26 09:45:01,2020-01-26 18:40:01,0,0,1.0,deep,-0.07,32100,25890,9750,3840,12300,6210,81,55.1,48,54,4,16
2020-01-26,2020-01-26 10:20:01,2020-01-26 09:45:01,2020-01-26 18:40:01,0,0,1.0,deep,-0.07,32100,25890,9750,3840,12300,6210,81,55.1,48,54,4,16
2020-01-26,2020-01-26 10:25:01,2020-01-26 09:45:01,2020-01-26 18:40:01,0,0,1.0,deep,-0.07,32100,25890,9750,3840,12300,6210,81,55.1,48,54,4,16
2020-01-26,2020-01-26 10:30:01,2020-01-26 09:45:01,2020-01-26 18:40:01,0,0,1.0,deep,-0.07,32100,25890,9750,3840,12300,6210,81,55.1,48,54,4,16
2020-01-26,2020-01-26 10:35:01,2020-01-26 09:45:01,2020-01-26 18:40:01,0,0,1.0,deep,-0.07,32100,25890,9750,3840,12300,6210,81,55.1,48,54,4,16
2020-01-26,2020-01-26 10:40:01,2020-01-26 09:45:01,2020-01-26 18:40:01,0,0,1.0,deep,-0.07,32100,25890,9750,3840,12300,6210,81,55.1,48,54,4,16
2020-01-26,2020-01-26 10:45:01,2020-01-26 09:45:01,2020-01-26 18:40:01,0,0,1.0,deep,-0.07,32100,25890,9750,3840,12300,6210,81,55.1,48,54,4,16
2020-01-26,2020-01-26 10:50:01,2020-01-26 09:45:01,2020-01-26 18:40:01,0,0,1.0,deep,-0.07,32100,25890,9750,3840,12300,6210,81,55.1,48,54,4,16
2020-01-26,2020-01-26 10:55:01,2020-01-26 09:45:01,2020-01-26 18:40:01,0,0,1.0,deep,-0.07,32100,25890,9750,3840,12300,6210,81,55.1,48,54,4,16
2020-01-26,2020-01-26 11:00:01,2020-01-26 09:45:01,2020-01-26 18:40:01,0,0,1.0,deep,-0.07,32100,25890,9750,3840,12300,6210,81,55.1,48,54,4,16
2020-01-26,2020-01-26 11:05:01,2020-01-26 09:45:01,2020-01-26 18:40:01,0,0,2.0,light,-0.07,32100,25890,9750,3840,12300,6210,81,55.1,48,54,4,16
2020-01-26,2020-01-26 11:10:01,2020-01-26 09:45:01,2020-01-26 18:40:01,0,0,2.0,light,-0.07,32100,25890,9750,3840,12300,6210,81,55.1,48,54,4,16
2020-01-26,2020-01-26 11:15:01,2020-01-26 09:45:01,2020-01-26 18:40:01,0,0,1.0,deep,-0.07,32100,25890,9750,3840,12300,6210,81,55.1,48,54,4,16
2020-01-26,2020-01-26 11:20:01,2020-01-26 09:45:01,2020-01-26 18:40:01,0,0,1.0,deep,-0.07,32100,25890,9750,3840,12300,6210,81,55.1,48,54,4,16
2020-01-26,2020-01-26 11:25:01,2020-01-26 09:45:01,2020-01-26 18:40:01,0,0,1.0,deep,-0.07,32100,25890,9750,3840,12300,6210,81,55.1,48,54,4,16
2020-01-26,2020-01-26 11:30:01,2020-01-26 09:45:01,2020-01-26 18:40:01,0,0,2.0,light,-0.07,32100,25890,9750,3840,12300,6210,81,55.1,48,54,4,16
2020-01-26,2020-01-26 11:35:01,2020-01-26 09:45:01,2020-01-26 18:40:01,0,0,1.0,deep,-0.07,32100,25890,9750,3840,12300,6210,81,55.1,48,54,4,16
2020-01-26,2020-01-26 11:40:01,2020-01-26 09:45:01,2020-01-26 18:40:01,0,0,1.0,deep,-0.07,32100,25890,9750,3840,12300,6210,81,55.1,48,54,4,16
2020-01-26,2020-01-26 11:45:01,2020-01-26 09:45:01,2020-01-26 18:40:01,0,0,1.0,deep,-0.07,32100,25890,9750,3840,12300,6210,81,55.1,48,54,4,16
2020-01-26,2020-01-26 11:50:01,2020-01-26 09:45:01,2020-01-26 18:40:01,0,0,1.0,deep,-0.07,32100,25890,9750,3840,12300,6210,81,55.1,48,54,4,16
2020-01-26,2020-01-26 11:55:01,2020-01-26 09:45:01,2020-01-26 18:40:01,0,0,1.0,deep,-0.07,32100,25890,9750,3840,12300,6210,81,55.1,48,54,4,16
2020-01-26,2020-01-26 12:00:01,2020-01-26 09:45:01,2020-01-26 18:40:01,0,0,1.0,deep,-0.07,32100,25890,9750,3840,12300,6210,81,55.1,48,54,4,16
2020-01-26,2020-01-26 12:05:01,2020-01-26 09:45:01,2020-01-26 18:40:01,0,0,1.0,deep,-0.07,32100,25890,9750,3840,12300,6210,81,55.1,48,54,4,16
2020-01-26,2020-01-26 12:10:01,2020-01-26 09:45:01,2020-01-26 18:40:01,0,0,1.0,deep,-0.07,32100,25890,9750,3840,12300,6210,81,55.1,48,54,4,16
2020-01-26,2020-01-26 12:15:01,2020-01-26 09:45:01,2020-01-26 18:40:01,0,0,1.0,deep,-0.07,32100,25890,9750,3840,12300,6210,81,55.1,48,54,4,16
2020-01-26,2020-01-26 12:20:01,2020-01-26 09:45:01,2020-01-26 18:40:01,0,0,1.0,deep,-0.07,32100,25890,9750,3840,12300,6210,81,55.1,48,54,4,16
2020-01-26,2020-01-26 12:25:01,2020-01-26 09:45:01,2020-01-26 18:40:01,0,0,1.0,deep,-0.07,32100,25890,9750,3840,12300,6210,81,55.1,48,54,4,16
2020-01-26,2020-01-26 12:30:01,2020-01-26 09:45:01,2020-01-26 18:40:01,0,0,2.0,light,-0.07,32100,25890,9750,3840,12300,6210,81,55.1,48,54,4,16
2020-01-26,2020-01-26 12:35:01,2020-01-26 09:45:01,2020-01-26 18:40:01,0,0,2.0,light,-0.07,32100,25890,9750,3840,12300,6210,81,55.1,48,54,4,16
2020-01-26,2020-01-26 12:40:01,2020-01-26 09:45:01,2020-01-26 18:40:01,0,0,2.0,light,-0.07,32100,25890,9750,3840,12300,6210,81,55.1,48,54,4,16
2020-01-26,2020-01-26 12:45:01,2020-01-26 09:45:01,2020-01-26 18:40:01,0,0,2.0,light,-0.07,32100,25890,9750,3840,12300,6210,81,55.1,48,54,4,16
2020-01-26,2020-01-26 12:50:01,2020-01-26 09:45:01,2020-01-26 18:40:01,53,91,2.0,light,-0.07,32100,25890,9750,3840,12300,6210,81,55.1,48,54,4,16
2020-01-26,2020-01-26 12:55:01,2020-01-26 09:45:01,2020-01-26 18:40:01,59,53,2.0,light,-0.07,32100,25890,9750,3840,12300,6210,81,55.1,48,54,4,16
2020-01-26,2020-01-26 13:00:01,2020-01-26 09:45:01,2020-01-26 18:40:01,58,20,2.0,light,-0.07,32100,25890,9750,3840,12300,6210,81,55.1,48,54,4,16
2020-01-26,2020-01-26 13:05:01,2020-01-26 09:45:01,2020-01-26 18:40:01,58,32,2.0,light,-0.07,32100,25890,9750,3840,12300,6210,81,55.1,48,54,4,16
2020-01-26,2020-01-26 13:10:01,2020-01-26 09:45:01,2020-01-26 18:40:01,58,59,2.0,light,-0.07,32100,25890,9750,3840,12300,6210,81,55.1,48,54,4,16
2020-01-26,2020-01-26 13:15:01,2020-01-26 09:45:01,2020-01-26 18:40:01,0,0,2.0,light,-0.07,32100,25890,9750,3840,12300,6210,81,55.1,48,54,4,16
2020-01-26,2020-01-26 13:20:01,2020-01-26 09:45:01,2020-01-26 18:40:01,0,0,3.0,REM,-0.07,32100,25890,9750,3840,12300,6210,81,55.1,48,54,4,16
2020-01-26,2020-01-26 13:25:01,2020-01-26 09:45:01,2020-01-26 18:40:01,0,0,2.0,light,-0.07,32100,25890,9750,3840,12300,6210,81,55.1,48,54,4,16
2020-01-26,2020-01-26 13:30:01,2020-01-26 09:45:01,2020-01-26 18:40:01,0,0,2.0,light,-0.07,32100,25890,9750,3840,12300,6210,81,55.1,48,54,4,16
2020-01-26,2020-01-26 13:35:01,2020-01-26 09:45:01,2020-01-26 18:40:01,0,0,2.0,light,-0.07,32100,25890,9750,3840,12300,6210,81,55.1,48,54,4,16
2020-01-26,2020-01-26 13:40:01,2020-01-26 09:45:01,2020-01-26 18:40:01,0,0,2.0,light,-0.07,32100,25890,9750,3840,12300,6210,81,55.1,48,54,4,16
2020-01-26,2020-01-26 13:45:01,2020-01-26 09:45:01,2020-01-26 18:40:01,54,90,2.0,light,-0.07,32100,25890,9750,3840,12300,6210,81,55.1,48,54,4,16
2020-01-26,2020-01-26 13:50:01,2020-01-26 09:45:01,2020-01-26 18:40:01,0,0,2.0,light,-0.07,32100,25890,9750,3840,12300,6210,81,55.1,48,54,4,16
2020-01-26,2020-01-26 13:55:01,2020-01-26 09:45:01,2020-01-26 18:40:01,0,0,2.0,light,-0.07,32100,25890,9750,3840,12300,6210,81,55.1,48,54,4,16
2020-01-26,2020-01-26 14:00:01,2020-01-26 09:45:01,2020-01-26 18:40:01,0,0,2.0,light,-0.07,32100,25890,9750,3840,12300,6210,81,55.1,48,54,4,16
2020-01-26,2020-01-26 14:05:01,2020-01-26 09:45:01,2020-01-26 18:40:01,0,0,2.0,light,-0.07,32100,25890,9750,3840,12300,6210,81,55.1,48,54,4,16
2020-01-26,2020-01-26 14:10:01,2020-01-26 09:45:01,2020-01-26 18:40:01,0,0,1.0,deep,-0.07,32100,25890,9750,3840,12300,6210,81,55.1,48,54,4,16
2020-01-26,2020-01-26 14:15:01,2020-01-26 09:45:01,2020-01-26 18:40:01,0,0,1.0,deep,-0.07,32100,25890,9750,3840,12300,6210,81,55.1,48,54,4,16
2020-01-26,2020-01-26 14:20:01,2020-01-26 09:45:01,2020-01-26 18:40:01,48,71,1.0,deep,-0.07,32100,25890,9750,3840,12300,6210,81,55.1,48,54,4,16
2020-01-26,2020-01-26 14:25:01,2020-01-26 09:45:01,2020-01-26 18:40:01,49,55,1.0,deep,-0.07,32100,25890,9750,3840,12300,6210,81,55.1,48,54,4,16
2020-01-26,2020-01-26 14:30:01,2020-01-26 09:45:01,2020-01-26 18:40:01,49,55,1.0,deep,-0.07,32100,25890,9750,3840,12300,6210,81,55.1,48,54,4,16
2020-01-26,2020-01-26 14:35:01,2020-01-26 09:45:01,2020-01-26 18:40:01,50,54,1.0,deep,-0.07,32100,25890,9750,3840,12300,6210,81,55.1,48,54,4,16
2020-01-26,2020-01-26 14:40:01,2020-01-26 09:45:01,2020-01-26 18:40:01,51,60,1.0,deep,-0.07,32100,25890,9750,3840,12300,6210,81,55.1,48,54,4,16
2020-01-26,2020-01-26 14:45:01,2020-01-26 09:45:01,2020-01-26 18:40:01,51,59,1.0,deep,-0.07,32100,25890,9750,3840,12300,6210,81,55.1,48,54,4,16
2020-01-26,2020-01-26 14:50:01,2020-01-26 09:45:01,2020-01-26 18:40:01,53,58,2.0,light,-0.07,32100,25890,9750,3840,12300,6210,81,55.1,48,54,4,16
2020-01-26,2020-01-26 14:55:01,2020-01-26 09:45:01,2020-01-26 18:40:01,0,0,3.0,REM,-0.07,32100,25890,9750,3840,12300,6210,81,55.1,48,54,4,16
2020-01-26,2020-01-26 15:00:01,2020-01-26 09:45:01,2020-01-26 18:40:01,0,0,4.0,awake,-0.07,32100,25890,9750,3840,12300,6210,81,55.1,48,54,4,16
2020-01-26,2020-01-26 15:05:01,2020-01-26 09:45:01,2020-01-26 18:40:01,0,0,2.0,light,-0.07,32100,25890,9750,3840,12300,6210,81,55.1,48,54,4,16
2020-01-26,2020-01-26 15:10:01,2020-01-26 09:45:01,2020-01-26 18:40:01,0,0,2.0,light,-0.07,32100,25890,9750,3840,12300,6210,81,55.1,48,54,4,16
2020-01-26,2020-01-26 15:15:01,2020-01-26 09:45:01,2020-01-26 18:40:01,0,0,2.0,light,-0.07,32100,25890,9750,3840,12300,6210,81,55.1,48,54,4,16
2020-01-26,2020-01-26 15:20:01,2020-01-26 09:45:01,2020-01-26 18:40:01,0,0,2.0,light,-0.07,32100,25890,9750,3840,12300,6210,81,55.1,48,54,4,16
2020-01-26,2020-01-26 15:25:01,2020-01-26 09:45:01,2020-01-26 18:40:01,0,0,2.0,light,-0.07,32100,25890,9750,3840,12300,6210,81,55.1,48,54,4,16
2020-01-26,2020-01-26 15:30:01,2020-01-26 09:45:01,2020-01-26 18:40:01,0,0,4.0,awake,-0.07,32100,25890,9750,3840,12300,6210,81,55.1,48,54,4,16
2020-01-26,2020-01-26 15:35:01,2020-01-26 09:45:01,2020-01-26 18:40:01,0,0,4.0,awake,-0.07,32100,25890,9750,3840,12300,6210,81,55.1,48,54,4,16
2020-01-26,2020-01-26 15:40:01,2020-01-26 09:45:01,2020-01-26 18:40:01,0,0,2.0,light,-0.07,32100,25890,9750,3840,12300,6210,81,55.1,48,54,4,16
2020-01-26,2020-01-26 15:45:01,2020-01-26 09:45:01,2020-01-26 18:40:01,0,0,2.0,light,-0.07,32100,25890,9750,3840,12300,6210,81,55.1,48,54,4,16
2020-01-26,2020-01-26 15:50:01,2020-01-26 09:45:01,2020-01-26 18:40:01,0,0,2.0,light,-0.07,32100,25890,9750,3840,12300,6210,81,55.1,48,54,4,16
2020-01-26,2020-01-26 15:55:01,2020-01-26 09:45:01,2020-01-26 18:40:01,0,0,2.0,light,-0.07,32100,25890,9750,3840,12300,6210,81,55.1,48,54,4,16
2020-01-26,2020-01-26 16:00:01,2020-01-26 09:45:01,2020-01-26 18:40:01,0,0,2.0,light,-0.07,32100,25890,9750,3840,12300,6210,81,55.1,48,54,4,16
2020-01-26,2020-01-26 16:05:01,2020-01-26 09:45:01,2020-01-26 18:40:01,0,0,3.0,REM,-0.07,32100,25890,9750,3840,12300,6210,81,55.1,48,54,4,16
2020-01-26,2020-01-26 16:10:01,2020-01-26 09:45:01,2020-01-26 18:40:01,51,51,3.0,REM,-0.07,32100,25890,9750,3840,12300,6210,81,55.1,48,54,4,16
2020-01-26,2020-01-26 16:15:01,2020-01-26 09:45:01,2020-01-26 18:40:01,58,44,3.0,REM,-0.07,32100,25890,9750,3840,12300,6210,81,55.1,48,54,4,16
2020-01-26,2020-01-26 16:20:01,2020-01-26 09:45:01,2020-01-26 18:40:01,60,37,3.0,REM,-0.07,32100,25890,9750,3840,12300,6210,81,55.1,48,54,4,16
2020-01-26,2020-01-26 16:25:01,2020-01-26 09:45:01,2020-01-26 18:40:01,62,27,3.0,REM,-0.07,32100,25890,9750,3840,12300,6210,81,55.1,48,54,4,16
2020-01-26,2020-01-26 16:30:01,2020-01-26 09:45:01,2020-01-26 18:40:01,62,32,3.0,REM,-0.07,32100,25890,9750,3840,12300,6210,81,55.1,48,54,4,16
2020-01-26,2020-01-26 16:35:01,2020-01-26 09:45:01,2020-01-26 18:40:01,61,40,3.0,REM,-0.07,32100,25890,9750,3840,12300,6210,81,55.1,48,54,4,16
2020-01-26,2020-01-26 16:40:01,2020-01-26 09:45:01,2020-01-26 18:40:01,0,0,2.0,light,-0.07,32100,25890,9750,3840,12300,6210,81,55.1,48,54,4,16
2020-01-26,2020-01-26 16:45:01,2020-01-26 09:45:01,2020-01-26 18:40:01,0,0,3.0,REM,-0.07,32100,25890,9750,3840,12300,6210,81,55.1,48,54,4,16
2020-01-26,2020-01-26 16:50:01,2020-01-26 09:45:01,2020-01-26 18:40:01,0,0,2.0,light,-0.07,32100,25890,9750,3840,12300,6210,81,55.1,48,54,4,16
2020-01-26,2020-01-26 16:55:01,2020-01-26 09:45:01,2020-01-26 18:40:01,0,0,2.0,light,-0.07,32100,25890,9750,3840,12300,6210,81,55.1,48,54,4,16
2020-01-26,2020-01-26 17:00:01,2020-01-26 09:45:01,2020-01-26 18:40:01,0,0,2.0,light,-0.07,32100,25890,9750,3840,12300,6210,81,55.1,48,54,4,16
2020-01-26,2020-01-26 17:05:01,2020-01-26 09:45:01,2020-01-26 18:40:01,0,0,4.0,awake,-0.07,32100,25890,9750,3840,12300,6210,81,55.1,48,54,4,16
2020-01-26,2020-01-26 17:10:01,2020-01-26 09:45:01,2020-01-26 18:40:01,0,0,4.0,awake,-0.07,32100,25890,9750,3840,12300,6210,81,55.1,48,54,4,16
2020-01-26,2020-01-26 17:15:01,2020-01-26 09:45:01,2020-01-26 18:40:01,0,0,2.0,light,-0.07,32100,25890,9750,3840,12300,6210,81,55.1,48,54,4,16
2020-01-26,2020-01-26 17:20:01,2020-01-26 09:45:01,2020-01-26 18:40:01,0,0,2.0,light,-0.07,32100,25890,9750,3840,12300,6210,81,55.1,48,54,4,16
2020-01-26,2020-01-26 17:25:01,2020-01-26 09:45:01,2020-01-26 18:40:01,0,0,3.0,REM,-0.07,32100,25890,9750,3840,12300,6210,81,55.1,48,54,4,16
2020-01-26,2020-01-26 17:30:01,2020-01-26 09:45:01,2020-01-26 18:40:01,0,0,3.0,REM,-0.07,32100,25890,9750,3840,12300,6210,81,55.1,48,54,4,16
2020-01-26,2020-01-26 17:35:01,2020-01-26 09:45:01,2020-01-26 18:40:01,0,0,3.0,REM,-0.07,32100,25890,9750,3840,12300,6210,81,55.1,48,54,4,16
2020-01-26,2020-01-26 17:40:01,2020-01-26 09:45:01,2020-01-26 18:40:01,0,0,2.0,light,-0.07,32100,25890,9750,3840,12300,6210,81,55.1,48,54,4,16
2020-01-26,2020-01-26 17:45:01,2020-01-26 09:45:01,2020-01-26 18:40:01,0,0,4.0,awake,-0.07,32100,25890,9750,3840,12300,6210,81,55.1,48,54,4,16
2020-01-26,2020-01-26 17:50:01,2020-01-26 09:45:01,2020-01-26 18:40:01,0,0,4.0,awake,-0.07,32100,25890,9750,3840,12300,6210,81,55.1,48,54,4,16
2020-01-26,2020-01-26 17:55:01,2020-01-26 09:45:01,2020-01-26 18:40:01,0,0,4.0,awake,-0.07,32100,25890,9750,3840,12300,6210,81,55.1,48,54,4,16
2020-01-26,2020-01-26 18:00:01,2020-01-26 09:45:01,2020-01-26 18:40:01,0,0,4.0,awake,-0.07,32100,25890,9750,3840,12300,6210,81,55.1,48,54,4,16
2020-01-26,2020-01-26 18:05:01,2020-01-26 09:45:01,2020-01-26 18:40:01,0,0,4.0,awake,-0.07,32100,25890,9750,3840,12300,6210,81,55.1,48,54,4,16
2020-01-26,2020-01-26 18:10:01,2020-01-26 09:45:01,2020-01-26 18:40:01,0,0,4.0,awake,-0.07,32100,25890,9750,3840,12300,6210,81,55.1,48,54,4,16
2020-01-26,2020-01-26 18:15:01,2020-01-26 09:45:01,2020-01-26 18:40:01,0,0,4.0,awake,-0.07,32100,25890,9750,3840,12300,6210,81,55.1,48,54,4,16
2020-01-26,2020-01-26 18:20:01,2020-01-26 09:45:01,2020-01-26 18:40:01,0,0,4.0,awake,-0.07,32100,25890,9750,3840,12300,6210,81,55.1,48,54,4,16
2020-01-26,2020-01-26 18:25:01,2020-01-26 09:45:01,2020-01-26 18:40:01,0,0,2.0,light,-0.07,32100,25890,9750,3840,12300,6210,81,55.1,48,54,4,16
2020-01-26,2020-01-26 18:30:01,2020-01-26 09:45:01,2020-01-26 18:40:01,57,47,2.0,light,-0.07,32100,25890,9750,3840,12300,6210,81,55.1,48,54,4,16
2020-01-26,2020-01-26 18:35:01,2020-01-26 09:45:01,2020-01-26 18:40:01,0,0,4.0,awake,-0.07,32100,25890,9750,3840,12300,6210,81,55.1,48,54,4,16
2020-01-26,2020-01-26 18:40:01,2020-01-26 09:45:01,2020-01-26 18:40:01,0,0,,,-0.07,32100,25890,9750,3840,12300,6210,81,55.1,48,54,4,16
2020-01-27,2020-01-27 08:37:59,2020-01-27 08:37:59,2020-01-27 17:37:59,0,0,2.0,light,-0.01,32400,26700,11760,1650,13290,5700,82,52.49,48,61,5,22
2020-01-27,2020-01-27 08:42:59,2020-01-27 08:37:59,2020-01-27 17:37:59,0,0,2.0,light,-0.01,32400,26700,11760,1650,13290,5700,82,52.49,48,61,5,22
2020-01-27,2020-01-27 08:47:59,2020-01-27 08:37:59,2020-01-27 17:37:59,0,0,1.0,deep,-0.01,32400,26700,11760,1650,13290,5700,82,52.49,48,61,5,22
2020-01-27,2020-01-27 08:52:59,2020-01-27 08:37:59,2020-01-27 17:37:59,0,0,1.0,deep,-0.01,32400,26700,11760,1650,13290,5700,82,52.49,48,61,5,22
2020-01-27,2020-01-27 08:57:59,2020-01-27 08:37:59,2020-01-27 17:37:59,0,0,1.0,deep,-0.01,32400,26700,11760,1650,13290,5700,82,52.49,48,61,5,22
2020-01-27,2020-01-27 09:02:59,2020-01-27 08:37:59,2020-01-27 17:37:59,0,0,1.0,deep,-0.01,32400,26700,11760,1650,13290,5700,82,52.49,48,61,5,22
2020-01-27,2020-01-27 09:07:59,2020-01-27 08:37:59,2020-01-27 17:37:59,0,0,1.0,deep,-0.01,32400,26700,11760,1650,13290,5700,82,52.49,48,61,5,22
2020-01-27,2020-01-27 09:12:59,2020-01-27 08:37:59,2020-01-27 17:37:59,0,0,1.0,deep,-0.01,32400,26700,11760,1650,13290,5700,82,52.49,48,61,5,22
2020-01-27,2020-01-27 09:17:59,2020-01-27 08:37:59,2020-01-27 17:37:59,0,0,1.0,deep,-0.01,32400,26700,11760,1650,13290,5700,82,52.49,48,61,5,22
2020-01-27,2020-01-27 09:22:59,2020-01-27 08:37:59,2020-01-27 17:37:59,0,0,1.0,deep,-0.01,32400,26700,11760,1650,13290,5700,82,52.49,48,61,5,22
2020-01-27,2020-01-27 09:27:59,2020-01-27 08:37:59,2020-01-27 17:37:59,0,0,1.0,deep,-0.01,32400,26700,11760,1650,13290,5700,82,52.49,48,61,5,22
2020-01-27,2020-01-27 09:32:59,2020-01-27 08:37:59,2020-01-27 17:37:59,0,0,1.0,deep,-0.01,32400,26700,11760,1650,13290,5700,82,52.49,48,61,5,22
2020-01-27,2020-01-27 09:37:59,2020-01-27 08:37:59,2020-01-27 17:37:59,0,0,1.0,deep,-0.01,32400,26700,11760,1650,13290,5700,82,52.49,48,61,5,22
2020-01-27,2020-01-27 09:42:59,2020-01-27 08:37:59,2020-01-27 17:37:59,0,0,1.0,deep,-0.01,32400,26700,11760,1650,13290,5700,82,52.49,48,61,5,22
2020-01-27,2020-01-27 09:47:59,2020-01-27 08:37:59,2020-01-27 17:37:59,0,0,1.0,deep,-0.01,32400,26700,11760,1650,13290,5700,82,52.49,48,61,5,22
2020-01-27,2020-01-27 09:52:59,2020-01-27 08:37:59,2020-01-27 17:37:59,0,0,1.0,deep,-0.01,32400,26700,11760,1650,13290,5700,82,52.49,48,61,5,22
2020-01-27,2020-01-27 09:57:59,2020-01-27 08:37:59,2020-01-27 17:37:59,0,0,1.0,deep,-0.01,32400,26700,11760,1650,13290,5700,82,52.49,48,61,5,22
2020-01-27,2020-01-27 10:02:59,2020-01-27 08:37:59,2020-01-27 17:37:59,0,0,1.0,deep,-0.01,32400,26700,11760,1650,13290,5700,82,52.49,48,61,5,22
2020-01-27,2020-01-27 10:07:59,2020-01-27 08:37:59,2020-01-27 17:37:59,50,233,1.0,deep,-0.01,32400,26700,11760,1650,13290,5700,82,52.49,48,61,5,22
2020-01-27,2020-01-27 10:12:59,2020-01-27 08:37:59,2020-01-27 17:37:59,0,0,1.0,deep,-0.01,32400,26700,11760,1650,13290,5700,82,52.49,48,61,5,22
2020-01-27,2020-01-27 10:17:59,2020-01-27 08:37:59,2020-01-27 17:37:59,50,209,1.0,deep,-0.01,32400,26700,11760,1650,13290,5700,82,52.49,48,61,5,22
2020-01-27,2020-01-27 10:22:59,2020-01-27 08:37:59,2020-01-27 17:37:59,0,0,1.0,deep,-0.01,32400,26700,11760,1650,13290,5700,82,52.49,48,61,5,22
2020-01-27,2020-01-27 10:27:59,2020-01-27 08:37:59,2020-01-27 17:37:59,0,0,1.0,deep,-0.01,32400,26700,11760,1650,13290,5700,82,52.49,48,61,5,22
2020-01-27,2020-01-27 10:32:59,2020-01-27 08:37:59,2020-01-27 17:37:59,0,0,1.0,deep,-0.01,32400,26700,11760,1650,13290,5700,82,52.49,48,61,5,22
2020-01-27,2020-01-27 10:37:59,2020-01-27 08:37:59,2020-01-27 17:37:59,0,0,1.0,deep,-0.01,32400,26700,11760,1650,13290,5700,82,52.49,48,61,5,22
2020-01-27,2020-01-27 10:42:59,2020-01-27 08:37:59,2020-01-27 17:37:59,0,0,2.0,light,-0.01,32400,26700,11760,1650,13290,5700,82,52.49,48,61,5,22
2020-01-27,2020-01-27 10:47:59,2020-01-27 08:37:59,2020-01-27 17:37:59,0,0,2.0,light,-0.01,32400,26700,11760,1650,13290,5700,82,52.49,48,61,5,22
2020-01-27,2020-01-27 10:52:59,2020-01-27 08:37:59,2020-01-27 17:37:59,0,0,1.0,deep,-0.01,32400,26700,11760,1650,13290,5700,82,52.49,48,61,5,22
2020-01-27,2020-01-27 10:57:59,2020-01-27 08:37:59,2020-01-27 17:37:59,0,0,1.0,deep,-0.01,32400,26700,11760,1650,13290,5700,82,52.49,48,61,5,22
2020-01-27,2020-01-27 11:02:59,2020-01-27 08:37:59,2020-01-27 17:37:59,0,0,1.0,deep,-0.01,32400,26700,11760,1650,13290,5700,82,52.49,48,61,5,22
2020-01-27,2020-01-27 11:07:59,2020-01-27 08:37:59,2020-01-27 17:37:59,0,0,1.0,deep,-0.01,32400,26700,11760,1650,13290,5700,82,52.49,48,61,5,22
2020-01-27,2020-01-27 11:12:59,2020-01-27 08:37:59,2020-01-27 17:37:59,53,112,1.0,deep,-0.01,32400,26700,11760,1650,13290,5700,82,52.49,48,61,5,22
2020-01-27,2020-01-27 11:17:59,2020-01-27 08:37:59,2020-01-27 17:37:59,50,71,2.0,light,-0.01,32400,26700,11760,1650,13290,5700,82,52.49,48,61,5,22
2020-01-27,2020-01-27 11:22:59,2020-01-27 08:37:59,2020-01-27 17:37:59,49,54,1.0,deep,-0.01,32400,26700,11760,1650,13290,5700,82,52.49,48,61,5,22
2020-01-27,2020-01-27 11:27:59,2020-01-27 08:37:59,2020-01-27 17:37:59,48,49,1.0,deep,-0.01,32400,26700,11760,1650,13290,5700,82,52.49,48,61,5,22
2020-01-27,2020-01-27 11:32:59,2020-01-27 08:37:59,2020-01-27 17:37:59,49,62,1.0,deep,-0.01,32400,26700,11760,1650,13290,5700,82,52.49,48,61,5,22
2020-01-27,2020-01-27 11:37:59,2020-01-27 08:37:59,2020-01-27 17:37:59,0,0,2.0,light,-0.01,32400,26700,11760,1650,13290,5700,82,52.49,48,61,5,22
2020-01-27,2020-01-27 11:42:59,2020-01-27 08:37:59,2020-01-27 17:37:59,0,0,2.0,light,-0.01,32400,26700,11760,1650,13290,5700,82,52.49,48,61,5,22
2020-01-27,2020-01-27 11:47:59,2020-01-27 08:37:59,2020-01-27 17:37:59,0,0,2.0,light,-0.01,32400,26700,11760,1650,13290,5700,82,52.49,48,61,5,22
2020-01-27,2020-01-27 11:52:59,2020-01-27 08:37:59,2020-01-27 17:37:59,0,0,2.0,light,-0.01,32400,26700,11760,1650,13290,5700,82,52.49,48,61,5,22
2020-01-27,2020-01-27 11:57:59,2020-01-27 08:37:59,2020-01-27 17:37:59,0,0,2.0,light,-0.01,32400,26700,11760,1650,13290,5700,82,52.49,48,61,5,22
2020-01-27,2020-01-27 12:02:59,2020-01-27 08:37:59,2020-01-27 17:37:59,0,0,2.0,light,-0.01,32400,26700,11760,1650,13290,5700,82,52.49,48,61,5,22
2020-01-27,2020-01-27 12:07:59,2020-01-27 08:37:59,2020-01-27 17:37:59,0,0,4.0,awake,-0.01,32400,26700,11760,1650,13290,5700,82,52.49,48,61,5,22
2020-01-27,2020-01-27 12:12:59,2020-01-27 08:37:59,2020-01-27 17:37:59,0,0,4.0,awake,-0.01,32400,26700,11760,1650,13290,5700,82,52.49,48,61,5,22
2020-01-27,2020-01-27 12:17:59,2020-01-27 08:37:59,2020-01-27 17:37:59,0,0,2.0,light,-0.01,32400,26700,11760,1650,13290,5700,82,52.49,48,61,5,22
2020-01-27,2020-01-27 12:22:59,2020-01-27 08:37:59,2020-01-27 17:37:59,0,0,2.0,light,-0.01,32400,26700,11760,1650,13290,5700,82,52.49,48,61,5,22
2020-01-27,2020-01-27 12:27:59,2020-01-27 08:37:59,2020-01-27 17:37:59,0,0,2.0,light,-0.01,32400,26700,11760,1650,13290,5700,82,52.49,48,61,5,22
2020-01-27,2020-01-27 12:32:59,2020-01-27 08:37:59,2020-01-27 17:37:59,48,60,2.0,light,-0.01,32400,26700,11760,1650,13290,5700,82,52.49,48,61,5,22
2020-01-27,2020-01-27 12:37:59,2020-01-27 08:37:59,2020-01-27 17:37:59,48,57,2.0,light,-0.01,32400,26700,11760,1650,13290,5700,82,52.49,48,61,5,22
2020-01-27,2020-01-27 12:42:59,2020-01-27 08:37:59,2020-01-27 17:37:59,48,58,1.0,deep,-0.01,32400,26700,11760,1650,13290,5700,82,52.49,48,61,5,22
2020-01-27,2020-01-27 12:47:59,2020-01-27 08:37:59,2020-01-27 17:37:59,0,0,2.0,light,-0.01,32400,26700,11760,1650,13290,5700,82,52.49,48,61,5,22
2020-01-27,2020-01-27 12:52:59,2020-01-27 08:37:59,2020-01-27 17:37:59,0,0,2.0,light,-0.01,32400,26700,11760,1650,13290,5700,82,52.49,48,61,5,22
2020-01-27,2020-01-27 12:57:59,2020-01-27 08:37:59,2020-01-27 17:37:59,0,0,4.0,awake,-0.01,32400,26700,11760,1650,13290,5700,82,52.49,48,61,5,22
2020-01-27,2020-01-27 13:02:59,2020-01-27 08:37:59,2020-01-27 17:37:59,52,56,2.0,light,-0.01,32400,26700,11760,1650,13290,5700,82,52.49,48,61,5,22
2020-01-27,2020-01-27 13:07:59,2020-01-27 08:37:59,2020-01-27 17:37:59,57,50,3.0,REM,-0.01,32400,26700,11760,1650,13290,5700,82,52.49,48,61,5,22
2020-01-27,2020-01-27 13:12:59,2020-01-27 08:37:59,2020-01-27 17:37:59,59,39,3.0,REM,-0.01,32400,26700,11760,1650,13290,5700,82,52.49,48,61,5,22
2020-01-27,2020-01-27 13:17:59,2020-01-27 08:37:59,2020-01-27 17:37:59,56,30,1.0,deep,-0.01,32400,26700,11760,1650,13290,5700,82,52.49,48,61,5,22
2020-01-27,2020-01-27 13:22:59,2020-01-27 08:37:59,2020-01-27 17:37:59,58,27,1.0,deep,-0.01,32400,26700,11760,1650,13290,5700,82,52.49,48,61,5,22
2020-01-27,2020-01-27 13:27:59,2020-01-27 08:37:59,2020-01-27 17:37:59,60,53,1.0,deep,-0.01,32400,26700,11760,1650,13290,5700,82,52.49,48,61,5,22
2020-01-27,2020-01-27 13:32:59,2020-01-27 08:37:59,2020-01-27 17:37:59,58,38,2.0,light,-0.01,32400,26700,11760,1650,13290,5700,82,52.49,48,61,5,22
2020-01-27,2020-01-27 13:37:59,2020-01-27 08:37:59,2020-01-27 17:37:59,53,44,2.0,light,-0.01,32400,26700,11760,1650,13290,5700,82,52.49,48,61,5,22
2020-01-27,2020-01-27 13:42:59,2020-01-27 08:37:59,2020-01-27 17:37:59,52,46,2.0,light,-0.01,32400,26700,11760,1650,13290,5700,82,52.49,48,61,5,22
2020-01-27,2020-01-27 13:47:59,2020-01-27 08:37:59,2020-01-27 17:37:59,50,51,2.0,light,-0.01,32400,26700,11760,1650,13290,5700,82,52.49,48,61,5,22
2020-01-27,2020-01-27 13:52:59,2020-01-27 08:37:59,2020-01-27 17:37:59,49,46,2.0,light,-0.01,32400,26700,11760,1650,13290,5700,82,52.49,48,61,5,22
2020-01-27,2020-01-27 13:57:59,2020-01-27 08:37:59,2020-01-27 17:37:59,49,47,2.0,light,-0.01,32400,26700,11760,1650,13290,5700,82,52.49,48,61,5,22
2020-01-27,2020-01-27 14:02:59,2020-01-27 08:37:59,2020-01-27 17:37:59,49,50,2.0,light,-0.01,32400,26700,11760,1650,13290,5700,82,52.49,48,61,5,22
2020-01-27,2020-01-27 14:07:59,2020-01-27 08:37:59,2020-01-27 17:37:59,49,48,2.0,light,-0.01,32400,26700,11760,1650,13290,5700,82,52.49,48,61,5,22
2020-01-27,2020-01-27 14:12:59,2020-01-27 08:37:59,2020-01-27 17:37:59,49,48,1.0,deep,-0.01,32400,26700,11760,1650,13290,5700,82,52.49,48,61,5,22
2020-01-27,2020-01-27 14:17:59,2020-01-27 08:37:59,2020-01-27 17:37:59,49,49,1.0,deep,-0.01,32400,26700,11760,1650,13290,5700,82,52.49,48,61,5,22
2020-01-27,2020-01-27 14:22:59,2020-01-27 08:37:59,2020-01-27 17:37:59,50,50,1.0,deep,-0.01,32400,26700,11760,1650,13290,5700,82,52.49,48,61,5,22
2020-01-27,2020-01-27 14:27:59,2020-01-27 08:37:59,2020-01-27 17:37:59,52,56,1.0,deep,-0.01,32400,26700,11760,1650,13290,5700,82,52.49,48,61,5,22
2020-01-27,2020-01-27 14:32:59,2020-01-27 08:37:59,2020-01-27 17:37:59,0,0,2.0,light,-0.01,32400,26700,11760,1650,13290,5700,82,52.49,48,61,5,22
2020-01-27,2020-01-27 14:37:59,2020-01-27 08:37:59,2020-01-27 17:37:59,0,0,2.0,light,-0.01,32400,26700,11760,1650,13290,5700,82,52.49,48,61,5,22
2020-01-27,2020-01-27 14:42:59,2020-01-27 08:37:59,2020-01-27 17:37:59,0,0,2.0,light,-0.01,32400,26700,11760,1650,13290,5700,82,52.49,48,61,5,22
2020-01-27,2020-01-27 14:47:59,2020-01-27 08:37:59,2020-01-27 17:37:59,0,0,4.0,awake,-0.01,32400,26700,11760,1650,13290,5700,82,52.49,48,61,5,22
2020-01-27,2020-01-27 14:52:59,2020-01-27 08:37:59,2020-01-27 17:37:59,0,0,2.0,light,-0.01,32400,26700,11760,1650,13290,5700,82,52.49,48,61,5,22
2020-01-27,2020-01-27 14:57:59,2020-01-27 08:37:59,2020-01-27 17:37:59,57,98,2.0,light,-0.01,32400,26700,11760,1650,13290,5700,82,52.49,48,61,5,22
2020-01-27,2020-01-27 15:02:59,2020-01-27 08:37:59,2020-01-27 17:37:59,0,0,4.0,awake,-0.01,32400,26700,11760,1650,13290,5700,82,52.49,48,61,5,22
2020-01-27,2020-01-27 15:07:59,2020-01-27 08:37:59,2020-01-27 17:37:59,0,0,4.0,awake,-0.01,32400,26700,11760,1650,13290,5700,82,52.49,48,61,5,22
2020-01-27,2020-01-27 15:12:59,2020-01-27 08:37:59,2020-01-27 17:37:59,0,0,4.0,awake,-0.01,32400,26700,11760,1650,13290,5700,82,52.49,48,61,5,22
2020-01-27,2020-01-27 15:17:59,2020-01-27 08:37:59,2020-01-27 17:37:59,54,58,4.0,awake,-0.01,32400,26700,11760,1650,13290,5700,82,52.49,48,61,5,22
2020-01-27,2020-01-27 15:22:59,2020-01-27 08:37:59,2020-01-27 17:37:59,0,0,3.0,REM,-0.01,32400,26700,11760,1650,13290,5700,82,52.49,48,61,5,22
2020-01-27,2020-01-27 15:27:59,2020-01-27 08:37:59,2020-01-27 17:37:59,53,70,2.0,light,-0.01,32400,26700,11760,1650,13290,5700,82,52.49,48,61,5,22
2020-01-27,2020-01-27 15:32:59,2020-01-27 08:37:59,2020-01-27 17:37:59,53,65,2.0,light,-0.01,32400,26700,11760,1650,13290,5700,82,52.49,48,61,5,22
2020-01-27,2020-01-27 15:37:59,2020-01-27 08:37:59,2020-01-27 17:37:59,55,41,3.0,REM,-0.01,32400,26700,11760,1650,13290,5700,82,52.49,48,61,5,22
2020-01-27,2020-01-27 15:42:59,2020-01-27 08:37:59,2020-01-27 17:37:59,53,46,2.0,light,-0.01,32400,26700,11760,1650,13290,5700,82,52.49,48,61,5,22
2020-01-27,2020-01-27 15:47:59,2020-01-27 08:37:59,2020-01-27 17:37:59,53,69,3.0,REM,-0.01,32400,26700,11760,1650,13290,5700,82,52.49,48,61,5,22
2020-01-27,2020-01-27 15:52:59,2020-01-27 08:37:59,2020-01-27 17:37:59,51,55,2.0,light,-0.01,32400,26700,11760,1650,13290,5700,82,52.49,48,61,5,22
2020-01-27,2020-01-27 15:57:59,2020-01-27 08:37:59,2020-01-27 17:37:59,0,0,4.0,awake,-0.01,32400,26700,11760,1650,13290,5700,82,52.49,48,61,5,22
2020-01-27,2020-01-27 16:02:59,2020-01-27 08:37:59,2020-01-27 17:37:59,0,0,4.0,awake,-0.01,32400,26700,11760,1650,13290,5700,82,52.49,48,61,5,22
2020-01-27,2020-01-27 16:07:59,2020-01-27 08:37:59,2020-01-27 17:37:59,57,76,4.0,awake,-0.01,32400,26700,11760,1650,13290,5700,82,52.49,48,61,5,22
2020-01-27,2020-01-27 16:12:59,2020-01-27 08:37:59,2020-01-27 17:37:59,51,60,2.0,light,-0.01,32400,26700,11760,1650,13290,5700,82,52.49,48,61,5,22
2020-01-27,2020-01-27 16:17:59,2020-01-27 08:37:59,2020-01-27 17:37:59,50,61,2.0,light,-0.01,32400,26700,11760,1650,13290,5700,82,52.49,48,61,5,22
2020-01-27,2020-01-27 16:22:59,2020-01-27 08:37:59,2020-01-27 17:37:59,52,62,2.0,light,-0.01,32400,26700,11760,1650,13290,5700,82,52.49,48,61,5,22
2020-01-27,2020-01-27 16:27:59,2020-01-27 08:37:59,2020-01-27 17:37:59,50,56,2.0,light,-0.01,32400,26700,11760,1650,13290,5700,82,52.49,48,61,5,22
2020-01-27,2020-01-27 16:32:59,2020-01-27 08:37:59,2020-01-27 17:37:59,51,54,2.0,light,-0.01,32400,26700,11760,1650,13290,5700,82,52.49,48,61,5,22
2020-01-27,2020-01-27 16:37:59,2020-01-27 08:37:59,2020-01-27 17:37:59,51,55,2.0,light,-0.01,32400,26700,11760,1650,13290,5700,82,52.49,48,61,5,22
2020-01-27,2020-01-27 16:42:59,2020-01-27 08:37:59,2020-01-27 17:37:59,50,55,1.0,deep,-0.01,32400,26700,11760,1650,13290,5700,82,52.49,48,61,5,22
2020-01-27,2020-01-27 16:47:59,2020-01-27 08:37:59,2020-01-27 17:37:59,53,55,2.0,light,-0.01,32400,26700,11760,1650,13290,5700,82,52.49,48,61,5,22
2020-01-27,2020-01-27 16:52:59,2020-01-27 08:37:59,2020-01-27 17:37:59,51,54,2.0,light,-0.01,32400,26700,11760,1650,13290,5700,82,52.49,48,61,5,22
2020-01-27,2020-01-27 16:57:59,2020-01-27 08:37:59,2020-01-27 17:37:59,54,55,2.0,light,-0.01,32400,26700,11760,1650,13290,5700,82,52.49,48,61,5,22
2020-01-27,2020-01-27 17:02:59,2020-01-27 08:37:59,2020-01-27 17:37:59,57,61,2.0,light,-0.01,32400,26700,11760,1650,13290,5700,82,52.49,48,61,5,22
2020-01-27,2020-01-27 17:07:59,2020-01-27 08:37:59,2020-01-27 17:37:59,57,57,3.0,REM,-0.01,32400,26700,11760,1650,13290,5700,82,52.49,48,61,5,22
2020-01-27,2020-01-27 17:12:59,2020-01-27 08:37:59,2020-01-27 17:37:59,59,65,3.0,REM,-0.01,32400,26700,11760,1650,13290,5700,82,52.49,48,61,5,22
2020-01-27,2020-01-27 17:17:59,2020-01-27 08:37:59,2020-01-27 17:37:59,61,48,4.0,awake,-0.01,32400,26700,11760,1650,13290,5700,82,52.49,48,61,5,22
2020-01-27,2020-01-27 17:22:59,2020-01-27 08:37:59,2020-01-27 17:37:59,0,0,4.0,awake,-0.01,32400,26700,11760,1650,13290,5700,82,52.49,48,61,5,22
2020-01-27,2020-01-27 17:27:59,2020-01-27 08:37:59,2020-01-27 17:37:59,0,0,4.0,awake,-0.01,32400,26700,11760,1650,13290,5700,82,52.49,48,61,5,22
2020-01-27,2020-01-27 17:32:59,2020-01-27 08:37:59,2020-01-27 17:37:59,0,0,4.0,awake,-0.01,32400,26700,11760,1650,13290,5700,82,52.49,48,61,5,22
2020-01-27,2020-01-27 17:37:59,2020-01-27 08:37:59,2020-01-27 17:37:59,0,0,,,-0.01,32400,26700,11760,1650,13290,5700,82,52.49,48,61,5,22
2020-01-28,2020-01-28 10:05:58,2020-01-28 10:05:58,2020-01-28 18:02:58,0,0,4.0,awake,-0.08,28620,22560,8220,1890,12450,6060,79,54.89,47,40,7,23
2020-01-28,2020-01-28 10:10:58,2020-01-28 10:05:58,2020-01-28 18:02:58,0,0,4.0,awake,-0.08,28620,22560,8220,1890,12450,6060,79,54.89,47,40,7,23
2020-01-28,2020-01-28 10:15:58,2020-01-28 10:05:58,2020-01-28 18:02:58,0,0,4.0,awake,-0.08,28620,22560,8220,1890,12450,6060,79,54.89,47,40,7,23
2020-01-28,2020-01-28 10:20:58,2020-01-28 10:05:58,2020-01-28 18:02:58,0,0,2.0,light,-0.08,28620,22560,8220,1890,12450,6060,79,54.89,47,40,7,23
2020-01-28,2020-01-28 10:25:58,2020-01-28 10:05:58,2020-01-28 18:02:58,57,42,1.0,deep,-0.08,28620,22560,8220,1890,12450,6060,79,54.89,47,40,7,23
2020-01-28,2020-01-28 10:30:58,2020-01-28 10:05:58,2020-01-28 18:02:58,57,21,1.0,deep,-0.08,28620,22560,8220,1890,12450,6060,79,54.89,47,40,7,23
2020-01-28,2020-01-28 10:35:58,2020-01-28 10:05:58,2020-01-28 18:02:58,58,18,1.0,deep,-0.08,28620,22560,8220,1890,12450,6060,79,54.89,47,40,7,23
2020-01-28,2020-01-28 10:40:58,2020-01-28 10:05:58,2020-01-28 18:02:58,58,17,1.0,deep,-0.08,28620,22560,8220,1890,12450,6060,79,54.89,47,40,7,23
2020-01-28,2020-01-28 10:45:58,2020-01-28 10:05:58,2020-01-28 18:02:58,58,16,1.0,deep,-0.08,28620,22560,8220,1890,12450,6060,79,54.89,47,40,7,23
2020-01-28,2020-01-28 10:50:58,2020-01-28 10:05:58,2020-01-28 18:02:58,58,15,1.0,deep,-0.08,28620,22560,8220,1890,12450,6060,79,54.89,47,40,7,23
2020-01-28,2020-01-28 10:55:58,2020-01-28 10:05:58,2020-01-28 18:02:58,58,25,1.0,deep,-0.08,28620,22560,8220,1890,12450,6060,79,54.89,47,40,7,23
2020-01-28,2020-01-28 11:00:58,2020-01-28 10:05:58,2020-01-28 18:02:58,59,15,1.0,deep,-0.08,28620,22560,8220,1890,12450,6060,79,54.89,47,40,7,23
2020-01-28,2020-01-28 11:05:58,2020-01-28 10:05:58,2020-01-28 18:02:58,59,26,1.0,deep,-0.08,28620,22560,8220,1890,12450,6060,79,54.89,47,40,7,23
2020-01-28,2020-01-28 11:10:58,2020-01-28 10:05:58,2020-01-28 18:02:58,60,14,1.0,deep,-0.08,28620,22560,8220,1890,12450,6060,79,54.89,47,40,7,23
2020-01-28,2020-01-28 11:15:58,2020-01-28 10:05:58,2020-01-28 18:02:58,0,0,2.0,light,-0.08,28620,22560,8220,1890,12450,6060,79,54.89,47,40,7,23
2020-01-28,2020-01-28 11:20:58,2020-01-28 10:05:58,2020-01-28 18:02:58,57,21,2.0,light,-0.08,28620,22560,8220,1890,12450,6060,79,54.89,47,40,7,23
2020-01-28,2020-01-28 11:25:58,2020-01-28 10:05:58,2020-01-28 18:02:58,56,25,1.0,deep,-0.08,28620,22560,8220,1890,12450,6060,79,54.89,47,40,7,23
2020-01-28,2020-01-28 11:30:58,2020-01-28 10:05:58,2020-01-28 18:02:58,56,22,1.0,deep,-0.08,28620,22560,8220,1890,12450,6060,79,54.89,47,40,7,23
2020-01-28,2020-01-28 11:35:58,2020-01-28 10:05:58,2020-01-28 18:02:58,59,36,2.0,light,-0.08,28620,22560,8220,1890,12450,6060,79,54.89,47,40,7,23
2020-01-28,2020-01-28 11:40:58,2020-01-28 10:05:58,2020-01-28 18:02:58,59,23,4.0,awake,-0.08,28620,22560,8220,1890,12450,6060,79,54.89,47,40,7,23
2020-01-28,2020-01-28 11:45:58,2020-01-28 10:05:58,2020-01-28 18:02:58,63,44,4.0,awake,-0.08,28620,22560,8220,1890,12450,6060,79,54.89,47,40,7,23
2020-01-28,2020-01-28 11:50:58,2020-01-28 10:05:58,2020-01-28 18:02:58,62,35,2.0,light,-0.08,28620,22560,8220,1890,12450,6060,79,54.89,47,40,7,23
2020-01-28,2020-01-28 11:55:58,2020-01-28 10:05:58,2020-01-28 18:02:58,57,36,2.0,light,-0.08,28620,22560,8220,1890,12450,6060,79,54.89,47,40,7,23
2020-01-28,2020-01-28 12:00:58,2020-01-28 10:05:58,2020-01-28 18:02:58,56,43,2.0,light,-0.08,28620,22560,8220,1890,12450,6060,79,54.89,47,40,7,23
2020-01-28,2020-01-28 12:05:58,2020-01-28 10:05:58,2020-01-28 18:02:58,0,0,2.0,light,-0.08,28620,22560,8220,1890,12450,6060,79,54.89,47,40,7,23
2020-01-28,2020-01-28 12:10:58,2020-01-28 10:05:58,2020-01-28 18:02:58,0,0,2.0,light,-0.08,28620,22560,8220,1890,12450,6060,79,54.89,47,40,7,23
2020-01-28,2020-01-28 12:15:58,2020-01-28 10:05:58,2020-01-28 18:02:58,0,0,2.0,light,-0.08,28620,22560,8220,1890,12450,6060,79,54.89,47,40,7,23
2020-01-28,2020-01-28 12:20:58,2020-01-28 10:05:58,2020-01-28 18:02:58,0,0,1.0,deep,-0.08,28620,22560,8220,1890,12450,6060,79,54.89,47,40,7,23
2020-01-28,2020-01-28 12:25:58,2020-01-28 10:05:58,2020-01-28 18:02:58,51,46,1.0,deep,-0.08,28620,22560,8220,1890,12450,6060,79,54.89,47,40,7,23
2020-01-28,2020-01-28 12:30:58,2020-01-28 10:05:58,2020-01-28 18:02:58,51,52,1.0,deep,-0.08,28620,22560,8220,1890,12450,6060,79,54.89,47,40,7,23
2020-01-28,2020-01-28 12:35:58,2020-01-28 10:05:58,2020-01-28 18:02:58,52,47,1.0,deep,-0.08,28620,22560,8220,1890,12450,6060,79,54.89,47,40,7,23
2020-01-28,2020-01-28 12:40:58,2020-01-28 10:05:58,2020-01-28 18:02:58,0,0,1.0,deep,-0.08,28620,22560,8220,1890,12450,6060,79,54.89,47,40,7,23
2020-01-28,2020-01-28 12:45:58,2020-01-28 10:05:58,2020-01-28 18:02:58,0,0,1.0,deep,-0.08,28620,22560,8220,1890,12450,6060,79,54.89,47,40,7,23
2020-01-28,2020-01-28 12:50:58,2020-01-28 10:05:58,2020-01-28 18:02:58,0,0,1.0,deep,-0.08,28620,22560,8220,1890,12450,6060,79,54.89,47,40,7,23
2020-01-28,2020-01-28 12:55:58,2020-01-28 10:05:58,2020-01-28 18:02:58,0,0,1.0,deep,-0.08,28620,22560,8220,1890,12450,6060,79,54.89,47,40,7,23
2020-01-28,2020-01-28 13:00:58,2020-01-28 10:05:58,2020-01-28 18:02:58,57,61,2.0,light,-0.08,28620,22560,8220,1890,12450,6060,79,54.89,47,40,7,23
2020-01-28,2020-01-28 13:05:58,2020-01-28 10:05:58,2020-01-28 18:02:58,0,0,2.0,light,-0.08,28620,22560,8220,1890,12450,6060,79,54.89,47,40,7,23
2020-01-28,2020-01-28 13:10:58,2020-01-28 10:05:58,2020-01-28 18:02:58,54,51,2.0,light,-0.08,28620,22560,8220,1890,12450,6060,79,54.89,47,40,7,23
2020-01-28,2020-01-28 13:15:58,2020-01-28 10:05:58,2020-01-28 18:02:58,57,37,4.0,awake,-0.08,28620,22560,8220,1890,12450,6060,79,54.89,47,40,7,23
2020-01-28,2020-01-28 13:20:58,2020-01-28 10:05:58,2020-01-28 18:02:58,64,35,4.0,awake,-0.08,28620,22560,8220,1890,12450,6060,79,54.89,47,40,7,23
2020-01-28,2020-01-28 13:25:58,2020-01-28 10:05:58,2020-01-28 18:02:58,62,28,2.0,light,-0.08,28620,22560,8220,1890,12450,6060,79,54.89,47,40,7,23
2020-01-28,2020-01-28 13:30:58,2020-01-28 10:05:58,2020-01-28 18:02:58,59,27,2.0,light,-0.08,28620,22560,8220,1890,12450,6060,79,54.89,47,40,7,23
2020-01-28,2020-01-28 13:35:58,2020-01-28 10:05:58,2020-01-28 18:02:58,57,35,2.0,light,-0.08,28620,22560,8220,1890,12450,6060,79,54.89,47,40,7,23
2020-01-28,2020-01-28 13:40:58,2020-01-28 10:05:58,2020-01-28 18:02:58,53,49,2.0,light,-0.08,28620,22560,8220,1890,12450,6060,79,54.89,47,40,7,23
2020-01-28,2020-01-28 13:45:58,2020-01-28 10:05:58,2020-01-28 18:02:58,52,52,1.0,deep,-0.08,28620,22560,8220,1890,12450,6060,79,54.89,47,40,7,23
2020-01-28,2020-01-28 13:50:58,2020-01-28 10:05:58,2020-01-28 18:02:58,51,50,1.0,deep,-0.08,28620,22560,8220,1890,12450,6060,79,54.89,47,40,7,23
2020-01-28,2020-01-28 13:55:58,2020-01-28 10:05:58,2020-01-28 18:02:58,51,56,1.0,deep,-0.08,28620,22560,8220,1890,12450,6060,79,54.89,47,40,7,23
2020-01-28,2020-01-28 14:00:58,2020-01-28 10:05:58,2020-01-28 18:02:58,51,54,1.0,deep,-0.08,28620,22560,8220,1890,12450,6060,79,54.89,47,40,7,23
2020-01-28,2020-01-28 14:05:58,2020-01-28 10:05:58,2020-01-28 18:02:58,51,50,1.0,deep,-0.08,28620,22560,8220,1890,12450,6060,79,54.89,47,40,7,23
2020-01-28,2020-01-28 14:10:58,2020-01-28 10:05:58,2020-01-28 18:02:58,52,55,4.0,awake,-0.08,28620,22560,8220,1890,12450,6060,79,54.89,47,40,7,23
2020-01-28,2020-01-28 14:15:58,2020-01-28 10:05:58,2020-01-28 18:02:58,55,58,2.0,light,-0.08,28620,22560,8220,1890,12450,6060,79,54.89,47,40,7,23
2020-01-28,2020-01-28 14:20:58,2020-01-28 10:05:58,2020-01-28 18:02:58,52,54,2.0,light,-0.08,28620,22560,8220,1890,12450,6060,79,54.89,47,40,7,23
2020-01-28,2020-01-28 14:25:58,2020-01-28 10:05:58,2020-01-28 18:02:58,50,51,2.0,light,-0.08,28620,22560,8220,1890,12450,6060,79,54.89,47,40,7,23
2020-01-28,2020-01-28 14:30:58,2020-01-28 10:05:58,2020-01-28 18:02:58,55,61,2.0,light,-0.08,28620,22560,8220,1890,12450,6060,79,54.89,47,40,7,23
2020-01-28,2020-01-28 14:35:58,2020-01-28 10:05:58,2020-01-28 18:02:58,49,59,2.0,light,-0.08,28620,22560,8220,1890,12450,6060,79,54.89,47,40,7,23
2020-01-28,2020-01-28 14:40:58,2020-01-28 10:05:58,2020-01-28 18:02:58,47,48,2.0,light,-0.08,28620,22560,8220,1890,12450,6060,79,54.89,47,40,7,23
2020-01-28,2020-01-28 14:45:58,2020-01-28 10:05:58,2020-01-28 18:02:58,53,45,3.0,REM,-0.08,28620,22560,8220,1890,12450,6060,79,54.89,47,40,7,23
2020-01-28,2020-01-28 14:50:58,2020-01-28 10:05:58,2020-01-28 18:02:58,60,39,3.0,REM,-0.08,28620,22560,8220,1890,12450,6060,79,54.89,47,40,7,23
2020-01-28,2020-01-28 14:55:58,2020-01-28 10:05:58,2020-01-28 18:02:58,61,28,3.0,REM,-0.08,28620,22560,8220,1890,12450,6060,79,54.89,47,40,7,23
2020-01-28,2020-01-28 15:00:58,2020-01-28 10:05:58,2020-01-28 18:02:58,60,41,3.0,REM,-0.08,28620,22560,8220,1890,12450,6060,79,54.89,47,40,7,23
2020-01-28,2020-01-28 15:05:58,2020-01-28 10:05:58,2020-01-28 18:02:58,63,38,3.0,REM,-0.08,28620,22560,8220,1890,12450,6060,79,54.89,47,40,7,23
2020-01-28,2020-01-28 15:10:58,2020-01-28 10:05:58,2020-01-28 18:02:58,60,37,2.0,light,-0.08,28620,22560,8220,1890,12450,6060,79,54.89,47,40,7,23
2020-01-28,2020-01-28 15:15:58,2020-01-28 10:05:58,2020-01-28 18:02:58,55,33,2.0,light,-0.08,28620,22560,8220,1890,12450,6060,79,54.89,47,40,7,23
2020-01-28,2020-01-28 15:20:58,2020-01-28 10:05:58,2020-01-28 18:02:58,52,48,2.0,light,-0.08,28620,22560,8220,1890,12450,6060,79,54.89,47,40,7,23
2020-01-28,2020-01-28 15:25:58,2020-01-28 10:05:58,2020-01-28 18:02:58,51,41,2.0,light,-0.08,28620,22560,8220,1890,12450,6060,79,54.89,47,40,7,23
2020-01-28,2020-01-28 15:30:58,2020-01-28 10:05:58,2020-01-28 18:02:58,54,40,4.0,awake,-0.08,28620,22560,8220,1890,12450,6060,79,54.89,47,40,7,23
2020-01-28,2020-01-28 15:35:58,2020-01-28 10:05:58,2020-01-28 18:02:58,63,41,2.0,light,-0.08,28620,22560,8220,1890,12450,6060,79,54.89,47,40,7,23
2020-01-28,2020-01-28 15:40:58,2020-01-28 10:05:58,2020-01-28 18:02:58,50,46,2.0,light,-0.08,28620,22560,8220,1890,12450,6060,79,54.89,47,40,7,23
2020-01-28,2020-01-28 15:45:58,2020-01-28 10:05:58,2020-01-28 18:02:58,50,44,2.0,light,-0.08,28620,22560,8220,1890,12450,6060,79,54.89,47,40,7,23
2020-01-28,2020-01-28 15:50:58,2020-01-28 10:05:58,2020-01-28 18:02:58,50,45,2.0,light,-0.08,28620,22560,8220,1890,12450,6060,79,54.89,47,40,7,23
2020-01-28,2020-01-28 15:55:58,2020-01-28 10:05:58,2020-01-28 18:02:58,52,49,2.0,light,-0.08,28620,22560,8220,1890,12450,6060,79,54.89,47,40,7,23
2020-01-28,2020-01-28 16:00:58,2020-01-28 10:05:58,2020-01-28 18:02:58,49,55,2.0,light,-0.08,28620,22560,8220,1890,12450,6060,79,54.89,47,40,7,23
2020-01-28,2020-01-28 16:05:58,2020-01-28 10:05:58,2020-01-28 18:02:58,50,48,1.0,deep,-0.08,28620,22560,8220,1890,12450,6060,79,54.89,47,40,7,23
2020-01-28,2020-01-28 16:10:58,2020-01-28 10:05:58,2020-01-28 18:02:58,51,49,4.0,awake,-0.08,28620,22560,8220,1890,12450,6060,79,54.89,47,40,7,23
2020-01-28,2020-01-28 16:15:58,2020-01-28 10:05:58,2020-01-28 18:02:58,50,52,2.0,light,-0.08,28620,22560,8220,1890,12450,6060,79,54.89,47,40,7,23
2020-01-28,2020-01-28 16:20:58,2020-01-28 10:05:58,2020-01-28 18:02:58,51,42,3.0,REM,-0.08,28620,22560,8220,1890,12450,6060,79,54.89,47,40,7,23
2020-01-28,2020-01-28 16:25:58,2020-01-28 10:05:58,2020-01-28 18:02:58,55,53,3.0,REM,-0.08,28620,22560,8220,1890,12450,6060,79,54.89,47,40,7,23
2020-01-28,2020-01-28 16:30:58,2020-01-28 10:05:58,2020-01-28 18:02:58,52,46,2.0,light,-0.08,28620,22560,8220,1890,12450,6060,79,54.89,47,40,7,23
2020-01-28,2020-01-28 16:35:58,2020-01-28 10:05:58,2020-01-28 18:02:58,53,50,2.0,light,-0.08,28620,22560,8220,1890,12450,6060,79,54.89,47,40,7,23
2020-01-28,2020-01-28 16:40:58,2020-01-28 10:05:58,2020-01-28 18:02:58,52,48,2.0,light,-0.08,28620,22560,8220,1890,12450,6060,79,54.89,47,40,7,23
2020-01-28,2020-01-28 16:45:58,2020-01-28 10:05:58,2020-01-28 18:02:58,49,48,2.0,light,-0.08,28620,22560,8220,1890,12450,6060,79,54.89,47,40,7,23
2020-01-28,2020-01-28 16:50:58,2020-01-28 10:05:58,2020-01-28 18:02:58,51,47,2.0,light,-0.08,28620,22560,8220,1890,12450,6060,79,54.89,47,40,7,23
2020-01-28,2020-01-28 16:55:58,2020-01-28 10:05:58,2020-01-28 18:02:58,51,54,4.0,awake,-0.08,28620,22560,8220,1890,12450,6060,79,54.89,47,40,7,23
2020-01-28,2020-01-28 17:00:58,2020-01-28 10:05:58,2020-01-28 18:02:58,0,0,2.0,light,-0.08,28620,22560,8220,1890,12450,6060,79,54.89,47,40,7,23
2020-01-28,2020-01-28 17:05:58,2020-01-28 10:05:58,2020-01-28 18:02:58,49,47,2.0,light,-0.08,28620,22560,8220,1890,12450,6060,79,54.89,47,40,7,23
2020-01-28,2020-01-28 17:10:58,2020-01-28 10:05:58,2020-01-28 18:02:58,49,42,2.0,light,-0.08,28620,22560,8220,1890,12450,6060,79,54.89,47,40,7,23
2020-01-28,2020-01-28 17:15:58,2020-01-28 10:05:58,2020-01-28 18:02:58,50,45,2.0,light,-0.08,28620,22560,8220,1890,12450,6060,79,54.89,47,40,7,23
2020-01-28,2020-01-28 17:20:58,2020-01-28 10:05:58,2020-01-28 18:02:58,50,42,2.0,light,-0.08,28620,22560,8220,1890,12450,6060,79,54.89,47,40,7,23
2020-01-28,2020-01-28 17:25:58,2020-01-28 10:05:58,2020-01-28 18:02:58,52,40,4.0,awake,-0.08,28620,22560,8220,1890,12450,6060,79,54.89,47,40,7,23
2020-01-28,2020-01-28 17:30:58,2020-01-28 10:05:58,2020-01-28 18:02:58,62,46,4.0,awake,-0.08,28620,22560,8220,1890,12450,6060,79,54.89,47,40,7,23
2020-01-28,2020-01-28 17:35:58,2020-01-28 10:05:58,2020-01-28 18:02:58,51,44,4.0,awake,-0.08,28620,22560,8220,1890,12450,6060,79,54.89,47,40,7,23
2020-01-28,2020-01-28 17:40:58,2020-01-28 10:05:58,2020-01-28 18:02:58,56,38,2.0,light,-0.08,28620,22560,8220,1890,12450,6060,79,54.89,47,40,7,23
2020-01-28,2020-01-28 17:45:58,2020-01-28 10:05:58,2020-01-28 18:02:58,56,47,3.0,REM,-0.08,28620,22560,8220,1890,12450,6060,79,54.89,47,40,7,23
2020-01-28,2020-01-28 17:50:58,2020-01-28 10:05:58,2020-01-28 18:02:58,58,33,4.0,awake,-0.08,28620,22560,8220,1890,12450,6060,79,54.89,47,40,7,23
2020-01-28,2020-01-28 17:55:58,2020-01-28 10:05:58,2020-01-28 18:02:58,62,29,4.0,awake,-0.08,28620,22560,8220,1890,12450,6060,79,54.89,47,40,7,23
2020-01-28,2020-01-28 18:00:58,2020-01-28 10:05:58,2020-01-28 18:02:58,63,33,4.0,awake,-0.08,28620,22560,8220,1890,12450,6060,79,54.89,47,40,7,23
2020-02-05,2020-02-05 10:58:31,2020-02-05 10:58:31,2020-02-05 17:34:31,0,0,4.0,awake,-0.22,23760,17580,7230,600,9750,6180,74,57.48,52,54,3,17
2020-02-05,2020-02-05 11:03:31,2020-02-05 10:58:31,2020-02-05 17:34:31,0,0,4.0,awake,-0.22,23760,17580,7230,600,9750,6180,74,57.48,52,54,3,17
2020-02-05,2020-02-05 11:08:31,2020-02-05 10:58:31,2020-02-05 17:34:31,0,0,2.0,light,-0.22,23760,17580,7230,600,9750,6180,74,57.48,52,54,3,17
2020-02-05,2020-02-05 11:13:31,2020-02-05 10:58:31,2020-02-05 17:34:31,0,0,2.0,light,-0.22,23760,17580,7230,600,9750,6180,74,57.48,52,54,3,17
2020-02-05,2020-02-05 11:18:31,2020-02-05 10:58:31,2020-02-05 17:34:31,0,0,2.0,light,-0.22,23760,17580,7230,600,9750,6180,74,57.48,52,54,3,17
2020-02-05,2020-02-05 11:23:31,2020-02-05 10:58:31,2020-02-05 17:34:31,0,0,1.0,deep,-0.22,23760,17580,7230,600,9750,6180,74,57.48,52,54,3,17
2020-02-05,2020-02-05 11:28:31,2020-02-05 10:58:31,2020-02-05 17:34:31,0,0,1.0,deep,-0.22,23760,17580,7230,600,9750,6180,74,57.48,52,54,3,17
2020-02-05,2020-02-05 11:33:31,2020-02-05 10:58:31,2020-02-05 17:34:31,0,0,1.0,deep,-0.22,23760,17580,7230,600,9750,6180,74,57.48,52,54,3,17
2020-02-05,2020-02-05 11:38:31,2020-02-05 10:58:31,2020-02-05 17:34:31,0,0,1.0,deep,-0.22,23760,17580,7230,600,9750,6180,74,57.48,52,54,3,17
2020-02-05,2020-02-05 11:43:31,2020-02-05 10:58:31,2020-02-05 17:34:31,0,0,1.0,deep,-0.22,23760,17580,7230,600,9750,6180,74,57.48,52,54,3,17
2020-02-05,2020-02-05 11:48:31,2020-02-05 10:58:31,2020-02-05 17:34:31,52,198,1.0,deep,-0.22,23760,17580,7230,600,9750,6180,74,57.48,52,54,3,17
2020-02-05,2020-02-05 11:53:31,2020-02-05 10:58:31,2020-02-05 17:34:31,0,0,1.0,deep,-0.22,23760,17580,7230,600,9750,6180,74,57.48,52,54,3,17
2020-02-05,2020-02-05 11:58:31,2020-02-05 10:58:31,2020-02-05 17:34:31,0,0,1.0,deep,-0.22,23760,17580,7230,600,9750,6180,74,57.48,52,54,3,17
2020-02-05,2020-02-05 12:03:31,2020-02-05 10:58:31,2020-02-05 17:34:31,0,0,1.0,deep,-0.22,23760,17580,7230,600,9750,6180,74,57.48,52,54,3,17
2020-02-05,2020-02-05 12:08:31,2020-02-05 10:58:31,2020-02-05 17:34:31,0,0,1.0,deep,-0.22,23760,17580,7230,600,9750,6180,74,57.48,52,54,3,17
2020-02-05,2020-02-05 12:13:31,2020-02-05 10:58:31,2020-02-05 17:34:31,0,0,1.0,deep,-0.22,23760,17580,7230,600,9750,6180,74,57.48,52,54,3,17
2020-02-05,2020-02-05 12:18:31,2020-02-05 10:58:31,2020-02-05 17:34:31,0,0,1.0,deep,-0.22,23760,17580,7230,600,9750,6180,74,57.48,52,54,3,17
2020-02-05,2020-02-05 12:23:31,2020-02-05 10:58:31,2020-02-05 17:34:31,0,0,2.0,light,-0.22,23760,17580,7230,600,9750,6180,74,57.48,52,54,3,17
2020-02-05,2020-02-05 12:28:31,2020-02-05 10:58:31,2020-02-05 17:34:31,0,0,2.0,light,-0.22,23760,17580,7230,600,9750,6180,74,57.48,52,54,3,17
2020-02-05,2020-02-05 12:33:31,2020-02-05 10:58:31,2020-02-05 17:34:31,0,0,2.0,light,-0.22,23760,17580,7230,600,9750,6180,74,57.48,52,54,3,17
2020-02-05,2020-02-05 12:38:31,2020-02-05 10:58:31,2020-02-05 17:34:31,0,0,2.0,light,-0.22,23760,17580,7230,600,9750,6180,74,57.48,52,54,3,17
2020-02-05,2020-02-05 12:43:31,2020-02-05 10:58:31,2020-02-05 17:34:31,52,60,1.0,deep,-0.22,23760,17580,7230,600,9750,6180,74,57.48,52,54,3,17
2020-02-05,2020-02-05 12:48:31,2020-02-05 10:58:31,2020-02-05 17:34:31,52,62,1.0,deep,-0.22,23760,17580,7230,600,9750,6180,74,57.48,52,54,3,17
2020-02-05,2020-02-05 12:53:31,2020-02-05 10:58:31,2020-02-05 17:34:31,0,0,1.0,deep,-0.22,23760,17580,7230,600,9750,6180,74,57.48,52,54,3,17
2020-02-05,2020-02-05 12:58:31,2020-02-05 10:58:31,2020-02-05 17:34:31,0,0,2.0,light,-0.22,23760,17580,7230,600,9750,6180,74,57.48,52,54,3,17
2020-02-05,2020-02-05 13:03:31,2020-02-05 10:58:31,2020-02-05 17:34:31,0,0,1.0,deep,-0.22,23760,17580,7230,600,9750,6180,74,57.48,52,54,3,17
2020-02-05,2020-02-05 13:08:31,2020-02-05 10:58:31,2020-02-05 17:34:31,0,0,1.0,deep,-0.22,23760,17580,7230,600,9750,6180,74,57.48,52,54,3,17
2020-02-05,2020-02-05 13:13:31,2020-02-05 10:58:31,2020-02-05 17:34:31,0,0,1.0,deep,-0.22,23760,17580,7230,600,9750,6180,74,57.48,52,54,3,17
2020-02-05,2020-02-05 13:18:31,2020-02-05 10:58:31,2020-02-05 17:34:31,0,0,1.0,deep,-0.22,23760,17580,7230,600,9750,6180,74,57.48,52,54,3,17
2020-02-05,2020-02-05 13:23:31,2020-02-05 10:58:31,2020-02-05 17:34:31,0,0,1.0,deep,-0.22,23760,17580,7230,600,9750,6180,74,57.48,52,54,3,17
2020-02-05,2020-02-05 13:28:31,2020-02-05 10:58:31,2020-02-05 17:34:31,0,0,1.0,deep,-0.22,23760,17580,7230,600,9750,6180,74,57.48,52,54,3,17
2020-02-05,2020-02-05 13:33:31,2020-02-05 10:58:31,2020-02-05 17:34:31,0,0,2.0,light,-0.22,23760,17580,7230,600,9750,6180,74,57.48,52,54,3,17
2020-02-05,2020-02-05 13:38:31,2020-02-05 10:58:31,2020-02-05 17:34:31,55,49,2.0,light,-0.22,23760,17580,7230,600,9750,6180,74,57.48,52,54,3,17
2020-02-05,2020-02-05 13:43:31,2020-02-05 10:58:31,2020-02-05 17:34:31,0,0,2.0,light,-0.22,23760,17580,7230,600,9750,6180,74,57.48,52,54,3,17
2020-02-05,2020-02-05 13:48:31,2020-02-05 10:58:31,2020-02-05 17:34:31,57,40,1.0,deep,-0.22,23760,17580,7230,600,9750,6180,74,57.48,52,54,3,17
2020-02-05,2020-02-05 13:53:31,2020-02-05 10:58:31,2020-02-05 17:34:31,0,0,2.0,light,-0.22,23760,17580,7230,600,9750,6180,74,57.48,52,54,3,17
2020-02-05,2020-02-05 13:58:31,2020-02-05 10:58:31,2020-02-05 17:34:31,60,96,2.0,light,-0.22,23760,17580,7230,600,9750,6180,74,57.48,52,54,3,17
2020-02-05,2020-02-05 14:03:31,2020-02-05 10:58:31,2020-02-05 17:34:31,65,19,2.0,light,-0.22,23760,17580,7230,600,9750,6180,74,57.48,52,54,3,17
2020-02-05,2020-02-05 14:08:31,2020-02-05 10:58:31,2020-02-05 17:34:31,72,21,4.0,awake,-0.22,23760,17580,7230,600,9750,6180,74,57.48,52,54,3,17
2020-02-05,2020-02-05 14:13:31,2020-02-05 10:58:31,2020-02-05 17:34:31,0,0,4.0,awake,-0.22,23760,17580,7230,600,9750,6180,74,57.48,52,54,3,17
2020-02-05,2020-02-05 14:18:31,2020-02-05 10:58:31,2020-02-05 17:34:31,0,0,3.0,REM,-0.22,23760,17580,7230,600,9750,6180,74,57.48,52,54,3,17
2020-02-05,2020-02-05 14:23:31,2020-02-05 10:58:31,2020-02-05 17:34:31,61,28,4.0,awake,-0.22,23760,17580,7230,600,9750,6180,74,57.48,52,54,3,17
2020-02-05,2020-02-05 14:28:31,2020-02-05 10:58:31,2020-02-05 17:34:31,62,31,2.0,light,-0.22,23760,17580,7230,600,9750,6180,74,57.48,52,54,3,17
2020-02-05,2020-02-05 14:33:31,2020-02-05 10:58:31,2020-02-05 17:34:31,0,0,2.0,light,-0.22,23760,17580,7230,600,9750,6180,74,57.48,52,54,3,17
2020-02-05,2020-02-05 14:38:31,2020-02-05 10:58:31,2020-02-05 17:34:31,0,0,2.0,light,-0.22,23760,17580,7230,600,9750,6180,74,57.48,52,54,3,17
2020-02-05,2020-02-05 14:43:31,2020-02-05 10:58:31,2020-02-05 17:34:31,57,40,2.0,light,-0.22,23760,17580,7230,600,9750,6180,74,57.48,52,54,3,17
2020-02-05,2020-02-05 14:48:31,2020-02-05 10:58:31,2020-02-05 17:34:31,0,0,2.0,light,-0.22,23760,17580,7230,600,9750,6180,74,57.48,52,54,3,17
2020-02-05,2020-02-05 14:53:31,2020-02-05 10:58:31,2020-02-05 17:34:31,0,0,2.0,light,-0.22,23760,17580,7230,600,9750,6180,74,57.48,52,54,3,17
2020-02-05,2020-02-05 14:58:31,2020-02-05 10:58:31,2020-02-05 17:34:31,55,52,2.0,light,-0.22,23760,17580,7230,600,9750,6180,74,57.48,52,54,3,17
2020-02-05,2020-02-05 15:03:31,2020-02-05 10:58:31,2020-02-05 17:34:31,54,42,2.0,light,-0.22,23760,17580,7230,600,9750,6180,74,57.48,52,54,3,17
2020-02-05,2020-02-05 15:08:31,2020-02-05 10:58:31,2020-02-05 17:34:31,54,42,2.0,light,-0.22,23760,17580,7230,600,9750,6180,74,57.48,52,54,3,17
2020-02-05,2020-02-05 15:13:31,2020-02-05 10:58:31,2020-02-05 17:34:31,54,42,2.0,light,-0.22,23760,17580,7230,600,9750,6180,74,57.48,52,54,3,17
2020-02-05,2020-02-05 15:18:31,2020-02-05 10:58:31,2020-02-05 17:34:31,53,38,2.0,light,-0.22,23760,17580,7230,600,9750,6180,74,57.48,52,54,3,17
2020-02-05,2020-02-05 15:23:31,2020-02-05 10:58:31,2020-02-05 17:34:31,53,39,1.0,deep,-0.22,23760,17580,7230,600,9750,6180,74,57.48,52,54,3,17
2020-02-05,2020-02-05 15:28:31,2020-02-05 10:58:31,2020-02-05 17:34:31,53,41,1.0,deep,-0.22,23760,17580,7230,600,9750,6180,74,57.48,52,54,3,17
2020-02-05,2020-02-05 15:33:31,2020-02-05 10:58:31,2020-02-05 17:34:31,57,59,1.0,deep,-0.22,23760,17580,7230,600,9750,6180,74,57.48,52,54,3,17
2020-02-05,2020-02-05 15:38:31,2020-02-05 10:58:31,2020-02-05 17:34:31,0,0,2.0,light,-0.22,23760,17580,7230,600,9750,6180,74,57.48,52,54,3,17
2020-02-05,2020-02-05 15:43:31,2020-02-05 10:58:31,2020-02-05 17:34:31,55,47,2.0,light,-0.22,23760,17580,7230,600,9750,6180,74,57.48,52,54,3,17
2020-02-05,2020-02-05 15:48:31,2020-02-05 10:58:31,2020-02-05 17:34:31,0,0,2.0,light,-0.22,23760,17580,7230,600,9750,6180,74,57.48,52,54,3,17
2020-02-05,2020-02-05 15:53:31,2020-02-05 10:58:31,2020-02-05 17:34:31,0,0,2.0,light,-0.22,23760,17580,7230,600,9750,6180,74,57.48,52,54,3,17
2020-02-05,2020-02-05 15:58:31,2020-02-05 10:58:31,2020-02-05 17:34:31,0,0,4.0,awake,-0.22,23760,17580,7230,600,9750,6180,74,57.48,52,54,3,17
2020-02-05,2020-02-05 16:03:31,2020-02-05 10:58:31,2020-02-05 17:34:31,0,0,4.0,awake,-0.22,23760,17580,7230,600,9750,6180,74,57.48,52,54,3,17
2020-02-05,2020-02-05 16:08:31,2020-02-05 10:58:31,2020-02-05 17:34:31,0,0,4.0,awake,-0.22,23760,17580,7230,600,9750,6180,74,57.48,52,54,3,17
2020-02-05,2020-02-05 16:13:31,2020-02-05 10:58:31,2020-02-05 17:34:31,0,0,1.0,deep,-0.22,23760,17580,7230,600,9750,6180,74,57.48,52,54,3,17
2020-02-05,2020-02-05 16:18:31,2020-02-05 10:58:31,2020-02-05 17:34:31,0,0,4.0,awake,-0.22,23760,17580,7230,600,9750,6180,74,57.48,52,54,3,17
2020-02-05,2020-02-05 16:23:31,2020-02-05 10:58:31,2020-02-05 17:34:31,0,0,4.0,awake,-0.22,23760,17580,7230,600,9750,6180,74,57.48,52,54,3,17
2020-02-05,2020-02-05 16:28:31,2020-02-05 10:58:31,2020-02-05 17:34:31,0,0,2.0,light,-0.22,23760,17580,7230,600,9750,6180,74,57.48,52,54,3,17
2020-02-05,2020-02-05 16:33:31,2020-02-05 10:58:31,2020-02-05 17:34:31,59,48,2.0,light,-0.22,23760,17580,7230,600,9750,6180,74,57.48,52,54,3,17
2020-02-05,2020-02-05 16:38:31,2020-02-05 10:58:31,2020-02-05 17:34:31,59,46,2.0,light,-0.22,23760,17580,7230,600,9750,6180,74,57.48,52,54,3,17
2020-02-05,2020-02-05 16:43:31,2020-02-05 10:58:31,2020-02-05 17:34:31,56,36,2.0,light,-0.22,23760,17580,7230,600,9750,6180,74,57.48,52,54,3,17
2020-02-05,2020-02-05 16:48:31,2020-02-05 10:58:31,2020-02-05 17:34:31,59,30,3.0,REM,-0.22,23760,17580,7230,600,9750,6180,74,57.48,52,54,3,17
2020-02-05,2020-02-05 16:53:31,2020-02-05 10:58:31,2020-02-05 17:34:31,71,18,3.0,REM,-0.22,23760,17580,7230,600,9750,6180,74,57.48,52,54,3,17
2020-02-05,2020-02-05 16:58:31,2020-02-05 10:58:31,2020-02-05 17:34:31,0,0,4.0,awake,-0.22,23760,17580,7230,600,9750,6180,74,57.48,52,54,3,17
2020-02-05,2020-02-05 17:03:31,2020-02-05 10:58:31,2020-02-05 17:34:31,0,0,4.0,awake,-0.22,23760,17580,7230,600,9750,6180,74,57.48,52,54,3,17
2020-02-05,2020-02-05 17:08:31,2020-02-05 10:58:31,2020-02-05 17:34:31,0,0,4.0,awake,-0.22,23760,17580,7230,600,9750,6180,74,57.48,52,54,3,17
2020-02-05,2020-02-05 17:13:31,2020-02-05 10:58:31,2020-02-05 17:34:31,0,0,4.0,awake,-0.22,23760,17580,7230,600,9750,6180,74,57.48,52,54,3,17
2020-02-05,2020-02-05 17:18:31,2020-02-05 10:58:31,2020-02-05 17:34:31,0,0,4.0,awake,-0.22,23760,17580,7230,600,9750,6180,74,57.48,52,54,3,17
2020-02-05,2020-02-05 17:23:31,2020-02-05 10:58:31,2020-02-05 17:34:31,0,0,4.0,awake,-0.22,23760,17580,7230,600,9750,6180,74,57.48,52,54,3,17
2020-02-05,2020-02-05 17:28:31,2020-02-05 10:58:31,2020-02-05 17:34:31,0,0,4.0,awake,-0.22,23760,17580,7230,600,9750,6180,74,57.48,52,54,3,17
2020-02-05,2020-02-05 17:33:31,2020-02-05 10:58:31,2020-02-05 17:34:31,0,0,4.0,awake,-0.22,23760,17580,7230,600,9750,6180,74,57.48,52,54,3,17
2020-02-07,2020-02-07 08:53:31,2020-02-07 08:53:31,2020-02-07 14:26:31,0,0,4.0,awake,-0.27,19980,16590,7080,0,9510,3390,83,52.56,50,170,5,20
2020-02-07,2020-02-07 08:58:31,2020-02-07 08:53:31,2020-02-07 14:26:31,0,0,2.0,light,-0.27,19980,16590,7080,0,9510,3390,83,52.56,50,170,5,20
2020-02-07,2020-02-07 09:03:31,2020-02-07 08:53:31,2020-02-07 14:26:31,0,0,2.0,light,-0.27,19980,16590,7080,0,9510,3390,83,52.56,50,170,5,20
2020-02-07,2020-02-07 09:08:31,2020-02-07 08:53:31,2020-02-07 14:26:31,0,0,2.0,light,-0.27,19980,16590,7080,0,9510,3390,83,52.56,50,170,5,20
2020-02-07,2020-02-07 09:13:31,2020-02-07 08:53:31,2020-02-07 14:26:31,54,104,2.0,light,-0.27,19980,16590,7080,0,9510,3390,83,52.56,50,170,5,20
2020-02-07,2020-02-07 09:18:31,2020-02-07 08:53:31,2020-02-07 14:26:31,0,0,2.0,light,-0.27,19980,16590,7080,0,9510,3390,83,52.56,50,170,5,20
2020-02-07,2020-02-07 09:23:31,2020-02-07 08:53:31,2020-02-07 14:26:31,0,0,1.0,deep,-0.27,19980,16590,7080,0,9510,3390,83,52.56,50,170,5,20
2020-02-07,2020-02-07 09:28:31,2020-02-07 08:53:31,2020-02-07 14:26:31,0,0,1.0,deep,-0.27,19980,16590,7080,0,9510,3390,83,52.56,50,170,5,20
2020-02-07,2020-02-07 09:33:31,2020-02-07 08:53:31,2020-02-07 14:26:31,0,0,1.0,deep,-0.27,19980,16590,7080,0,9510,3390,83,52.56,50,170,5,20
2020-02-07,2020-02-07 09:38:31,2020-02-07 08:53:31,2020-02-07 14:26:31,52,206,1.0,deep,-0.27,19980,16590,7080,0,9510,3390,83,52.56,50,170,5,20
2020-02-07,2020-02-07 09:43:31,2020-02-07 08:53:31,2020-02-07 14:26:31,0,0,1.0,deep,-0.27,19980,16590,7080,0,9510,3390,83,52.56,50,170,5,20
2020-02-07,2020-02-07 09:48:31,2020-02-07 08:53:31,2020-02-07 14:26:31,0,0,1.0,deep,-0.27,19980,16590,7080,0,9510,3390,83,52.56,50,170,5,20
2020-02-07,2020-02-07 09:53:31,2020-02-07 08:53:31,2020-02-07 14:26:31,0,0,1.0,deep,-0.27,19980,16590,7080,0,9510,3390,83,52.56,50,170,5,20
2020-02-07,2020-02-07 09:58:31,2020-02-07 08:53:31,2020-02-07 14:26:31,0,0,2.0,light,-0.27,19980,16590,7080,0,9510,3390,83,52.56,50,170,5,20
2020-02-07,2020-02-07 10:03:31,2020-02-07 08:53:31,2020-02-07 14:26:31,52,222,1.0,deep,-0.27,19980,16590,7080,0,9510,3390,83,52.56,50,170,5,20
2020-02-07,2020-02-07 10:08:31,2020-02-07 08:53:31,2020-02-07 14:26:31,51,194,1.0,deep,-0.27,19980,16590,7080,0,9510,3390,83,52.56,50,170,5,20
2020-02-07,2020-02-07 10:13:31,2020-02-07 08:53:31,2020-02-07 14:26:31,51,226,1.0,deep,-0.27,19980,16590,7080,0,9510,3390,83,52.56,50,170,5,20
2020-02-07,2020-02-07 10:18:31,2020-02-07 08:53:31,2020-02-07 14:26:31,51,224,1.0,deep,-0.27,19980,16590,7080,0,9510,3390,83,52.56,50,170,5,20
2020-02-07,2020-02-07 10:23:31,2020-02-07 08:53:31,2020-02-07 14:26:31,51,198,1.0,deep,-0.27,19980,16590,7080,0,9510,3390,83,52.56,50,170,5,20
2020-02-07,2020-02-07 10:28:31,2020-02-07 08:53:31,2020-02-07 14:26:31,0,0,1.0,deep,-0.27,19980,16590,7080,0,9510,3390,83,52.56,50,170,5,20
2020-02-07,2020-02-07 10:33:31,2020-02-07 08:53:31,2020-02-07 14:26:31,0,0,2.0,light,-0.27,19980,16590,7080,0,9510,3390,83,52.56,50,170,5,20
2020-02-07,2020-02-07 10:38:31,2020-02-07 08:53:31,2020-02-07 14:26:31,0,0,1.0,deep,-0.27,19980,16590,7080,0,9510,3390,83,52.56,50,170,5,20
2020-02-07,2020-02-07 10:43:31,2020-02-07 08:53:31,2020-02-07 14:26:31,0,0,2.0,light,-0.27,19980,16590,7080,0,9510,3390,83,52.56,50,170,5,20
2020-02-07,2020-02-07 10:48:31,2020-02-07 08:53:31,2020-02-07 14:26:31,0,0,2.0,light,-0.27,19980,16590,7080,0,9510,3390,83,52.56,50,170,5,20
2020-02-07,2020-02-07 10:53:31,2020-02-07 08:53:31,2020-02-07 14:26:31,0,0,2.0,light,-0.27,19980,16590,7080,0,9510,3390,83,52.56,50,170,5,20
2020-02-07,2020-02-07 10:58:31,2020-02-07 08:53:31,2020-02-07 14:26:31,0,0,2.0,light,-0.27,19980,16590,7080,0,9510,3390,83,52.56,50,170,5,20
2020-02-07,2020-02-07 11:03:31,2020-02-07 08:53:31,2020-02-07 14:26:31,0,0,1.0,deep,-0.27,19980,16590,7080,0,9510,3390,83,52.56,50,170,5,20
2020-02-07,2020-02-07 11:08:31,2020-02-07 08:53:31,2020-02-07 14:26:31,0,0,1.0,deep,-0.27,19980,16590,7080,0,9510,3390,83,52.56,50,170,5,20
2020-02-07,2020-02-07 11:13:31,2020-02-07 08:53:31,2020-02-07 14:26:31,0,0,1.0,deep,-0.27,19980,16590,7080,0,9510,3390,83,52.56,50,170,5,20
2020-02-07,2020-02-07 11:18:31,2020-02-07 08:53:31,2020-02-07 14:26:31,0,0,4.0,awake,-0.27,19980,16590,7080,0,9510,3390,83,52.56,50,170,5,20
2020-02-07,2020-02-07 11:23:31,2020-02-07 08:53:31,2020-02-07 14:26:31,0,0,4.0,awake,-0.27,19980,16590,7080,0,9510,3390,83,52.56,50,170,5,20
2020-02-07,2020-02-07 11:28:31,2020-02-07 08:53:31,2020-02-07 14:26:31,0,0,2.0,light,-0.27,19980,16590,7080,0,9510,3390,83,52.56,50,170,5,20
2020-02-07,2020-02-07 11:33:31,2020-02-07 08:53:31,2020-02-07 14:26:31,0,0,2.0,light,-0.27,19980,16590,7080,0,9510,3390,83,52.56,50,170,5,20
2020-02-07,2020-02-07 11:38:31,2020-02-07 08:53:31,2020-02-07 14:26:31,0,0,2.0,light,-0.27,19980,16590,7080,0,9510,3390,83,52.56,50,170,5,20
2020-02-07,2020-02-07 11:43:31,2020-02-07 08:53:31,2020-02-07 14:26:31,0,0,2.0,light,-0.27,19980,16590,7080,0,9510,3390,83,52.56,50,170,5,20
2020-02-07,2020-02-07 11:48:31,2020-02-07 08:53:31,2020-02-07 14:26:31,0,0,2.0,light,-0.27,19980,16590,7080,0,9510,3390,83,52.56,50,170,5,20
2020-02-07,2020-02-07 11:53:31,2020-02-07 08:53:31,2020-02-07 14:26:31,0,0,2.0,light,-0.27,19980,16590,7080,0,9510,3390,83,52.56,50,170,5,20
2020-02-07,2020-02-07 11:58:31,2020-02-07 08:53:31,2020-02-07 14:26:31,0,0,2.0,light,-0.27,19980,16590,7080,0,9510,3390,83,52.56,50,170,5,20
2020-02-07,2020-02-07 12:03:31,2020-02-07 08:53:31,2020-02-07 14:26:31,50,88,2.0,light,-0.27,19980,16590,7080,0,9510,3390,83,52.56,50,170,5,20
2020-02-07,2020-02-07 12:08:31,2020-02-07 08:53:31,2020-02-07 14:26:31,0,0,2.0,light,-0.27,19980,16590,7080,0,9510,3390,83,52.56,50,170,5,20
2020-02-07,2020-02-07 12:13:31,2020-02-07 08:53:31,2020-02-07 14:26:31,0,0,4.0,awake,-0.27,19980,16590,7080,0,9510,3390,83,52.56,50,170,5,20
2020-02-07,2020-02-07 12:18:31,2020-02-07 08:53:31,2020-02-07 14:26:31,0,0,4.0,awake,-0.27,19980,16590,7080,0,9510,3390,83,52.56,50,170,5,20
2020-02-07,2020-02-07 12:23:31,2020-02-07 08:53:31,2020-02-07 14:26:31,0,0,2.0,light,-0.27,19980,16590,7080,0,9510,3390,83,52.56,50,170,5,20
2020-02-07,2020-02-07 12:28:31,2020-02-07 08:53:31,2020-02-07 14:26:31,0,0,1.0,deep,-0.27,19980,16590,7080,0,9510,3390,83,52.56,50,170,5,20
2020-02-07,2020-02-07 12:33:31,2020-02-07 08:53:31,2020-02-07 14:26:31,0,0,4.0,awake,-0.27,19980,16590,7080,0,9510,3390,83,52.56,50,170,5,20
2020-02-07,2020-02-07 12:38:31,2020-02-07 08:53:31,2020-02-07 14:26:31,0,0,1.0,deep,-0.27,19980,16590,7080,0,9510,3390,83,52.56,50,170,5,20
2020-02-07,2020-02-07 12:43:31,2020-02-07 08:53:31,2020-02-07 14:26:31,0,0,1.0,deep,-0.27,19980,16590,7080,0,9510,3390,83,52.56,50,170,5,20
2020-02-07,2020-02-07 12:48:31,2020-02-07 08:53:31,2020-02-07 14:26:31,0,0,1.0,deep,-0.27,19980,16590,7080,0,9510,3390,83,52.56,50,170,5,20
2020-02-07,2020-02-07 12:53:31,2020-02-07 08:53:31,2020-02-07 14:26:31,0,0,1.0,deep,-0.27,19980,16590,7080,0,9510,3390,83,52.56,50,170,5,20
2020-02-07,2020-02-07 12:58:31,2020-02-07 08:53:31,2020-02-07 14:26:31,0,0,4.0,awake,-0.27,19980,16590,7080,0,9510,3390,83,52.56,50,170,5,20
2020-02-07,2020-02-07 13:03:31,2020-02-07 08:53:31,2020-02-07 14:26:31,0,0,4.0,awake,-0.27,19980,16590,7080,0,9510,3390,83,52.56,50,170,5,20
2020-02-07,2020-02-07 13:08:31,2020-02-07 08:53:31,2020-02-07 14:26:31,0,0,2.0,light,-0.27,19980,16590,7080,0,9510,3390,83,52.56,50,170,5,20
2020-02-07,2020-02-07 13:13:31,2020-02-07 08:53:31,2020-02-07 14:26:31,0,0,2.0,light,-0.27,19980,16590,7080,0,9510,3390,83,52.56,50,170,5,20
2020-02-07,2020-02-07 13:18:31,2020-02-07 08:53:31,2020-02-07 14:26:31,0,0,2.0,light,-0.27,19980,16590,7080,0,9510,3390,83,52.56,50,170,5,20
2020-02-07,2020-02-07 13:23:31,2020-02-07 08:53:31,2020-02-07 14:26:31,0,0,2.0,light,-0.27,19980,16590,7080,0,9510,3390,83,52.56,50,170,5,20
2020-02-07,2020-02-07 13:28:31,2020-02-07 08:53:31,2020-02-07 14:26:31,0,0,2.0,light,-0.27,19980,16590,7080,0,9510,3390,83,52.56,50,170,5,20
2020-02-07,2020-02-07 13:33:31,2020-02-07 08:53:31,2020-02-07 14:26:31,0,0,2.0,light,-0.27,19980,16590,7080,0,9510,3390,83,52.56,50,170,5,20
2020-02-07,2020-02-07 13:38:31,2020-02-07 08:53:31,2020-02-07 14:26:31,0,0,2.0,light,-0.27,19980,16590,7080,0,9510,3390,83,52.56,50,170,5,20
2020-02-07,2020-02-07 13:43:31,2020-02-07 08:53:31,2020-02-07 14:26:31,0,0,2.0,light,-0.27,19980,16590,7080,0,9510,3390,83,52.56,50,170,5,20
2020-02-07,2020-02-07 13:48:31,2020-02-07 08:53:31,2020-02-07 14:26:31,0,0,1.0,deep,-0.27,19980,16590,7080,0,9510,3390,83,52.56,50,170,5,20
2020-02-07,2020-02-07 13:53:31,2020-02-07 08:53:31,2020-02-07 14:26:31,0,0,1.0,deep,-0.27,19980,16590,7080,0,9510,3390,83,52.56,50,170,5,20
2020-02-07,2020-02-07 13:58:31,2020-02-07 08:53:31,2020-02-07 14:26:31,0,0,2.0,light,-0.27,19980,16590,7080,0,9510,3390,83,52.56,50,170,5,20
2020-02-07,2020-02-07 14:03:31,2020-02-07 08:53:31,2020-02-07 14:26:31,0,0,2.0,light,-0.27,19980,16590,7080,0,9510,3390,83,52.56,50,170,5,20
2020-02-07,2020-02-07 14:08:31,2020-02-07 08:53:31,2020-02-07 14:26:31,0,0,2.0,light,-0.27,19980,16590,7080,0,9510,3390,83,52.56,50,170,5,20
2020-02-07,2020-02-07 14:13:31,2020-02-07 08:53:31,2020-02-07 14:26:31,61,65,2.0,light,-0.27,19980,16590,7080,0,9510,3390,83,52.56,50,170,5,20
2020-02-07,2020-02-07 14:18:31,2020-02-07 08:53:31,2020-02-07 14:26:31,0,0,4.0,awake,-0.27,19980,16590,7080,0,9510,3390,83,52.56,50,170,5,20
2020-02-07,2020-02-07 14:23:31,2020-02-07 08:53:31,2020-02-07 14:26:31,0,0,4.0,awake,-0.27,19980,16590,7080,0,9510,3390,83,52.56,50,170,5,20
2020-02-08,2020-02-08 07:50:48,2020-02-08 07:50:48,2020-02-08 17:19:48,0,0,4.0,awake,-0.13,34140,26310,8310,1920,16080,7830,77,52.62,44,48,6,29
2020-02-08,2020-02-08 07:55:48,2020-02-08 07:50:48,2020-02-08 17:19:48,0,0,2.0,light,-0.13,34140,26310,8310,1920,16080,7830,77,52.62,44,48,6,29
2020-02-08,2020-02-08 08:00:48,2020-02-08 07:50:48,2020-02-08 17:19:48,51,39,1.0,deep,-0.13,34140,26310,8310,1920,16080,7830,77,52.62,44,48,6,29
2020-02-08,2020-02-08 08:05:48,2020-02-08 07:50:48,2020-02-08 17:19:48,0,0,1.0,deep,-0.13,34140,26310,8310,1920,16080,7830,77,52.62,44,48,6,29
2020-02-08,2020-02-08 08:10:48,2020-02-08 07:50:48,2020-02-08 17:19:48,0,0,1.0,deep,-0.13,34140,26310,8310,1920,16080,7830,77,52.62,44,48,6,29
2020-02-08,2020-02-08 08:15:48,2020-02-08 07:50:48,2020-02-08 17:19:48,0,0,1.0,deep,-0.13,34140,26310,8310,1920,16080,7830,77,52.62,44,48,6,29
2020-02-08,2020-02-08 08:20:48,2020-02-08 07:50:48,2020-02-08 17:19:48,0,0,4.0,awake,-0.13,34140,26310,8310,1920,16080,7830,77,52.62,44,48,6,29
2020-02-08,2020-02-08 08:25:48,2020-02-08 07:50:48,2020-02-08 17:19:48,0,0,4.0,awake,-0.13,34140,26310,8310,1920,16080,7830,77,52.62,44,48,6,29
2020-02-08,2020-02-08 08:30:48,2020-02-08 07:50:48,2020-02-08 17:19:48,0,0,4.0,awake,-0.13,34140,26310,8310,1920,16080,7830,77,52.62,44,48,6,29
2020-02-08,2020-02-08 08:35:48,2020-02-08 07:50:48,2020-02-08 17:19:48,0,0,2.0,light,-0.13,34140,26310,8310,1920,16080,7830,77,52.62,44,48,6,29
2020-02-08,2020-02-08 08:40:48,2020-02-08 07:50:48,2020-02-08 17:19:48,0,0,2.0,light,-0.13,34140,26310,8310,1920,16080,7830,77,52.62,44,48,6,29
2020-02-08,2020-02-08 08:45:48,2020-02-08 07:50:48,2020-02-08 17:19:48,0,0,2.0,light,-0.13,34140,26310,8310,1920,16080,7830,77,52.62,44,48,6,29
2020-02-08,2020-02-08 08:50:48,2020-02-08 07:50:48,2020-02-08 17:19:48,0,0,1.0,deep,-0.13,34140,26310,8310,1920,16080,7830,77,52.62,44,48,6,29
2020-02-08,2020-02-08 08:55:48,2020-02-08 07:50:48,2020-02-08 17:19:48,0,0,1.0,deep,-0.13,34140,26310,8310,1920,16080,7830,77,52.62,44,48,6,29
2020-02-08,2020-02-08 09:00:48,2020-02-08 07:50:48,2020-02-08 17:19:48,0,0,1.0,deep,-0.13,34140,26310,8310,1920,16080,7830,77,52.62,44,48,6,29
2020-02-08,2020-02-08 09:05:48,2020-02-08 07:50:48,2020-02-08 17:19:48,0,0,2.0,light,-0.13,34140,26310,8310,1920,16080,7830,77,52.62,44,48,6,29
2020-02-08,2020-02-08 09:10:48,2020-02-08 07:50:48,2020-02-08 17:19:48,48,49,1.0,deep,-0.13,34140,26310,8310,1920,16080,7830,77,52.62,44,48,6,29
2020-02-08,2020-02-08 09:15:48,2020-02-08 07:50:48,2020-02-08 17:19:48,50,50,1.0,deep,-0.13,34140,26310,8310,1920,16080,7830,77,52.62,44,48,6,29
2020-02-08,2020-02-08 09:20:48,2020-02-08 07:50:48,2020-02-08 17:19:48,0,0,1.0,deep,-0.13,34140,26310,8310,1920,16080,7830,77,52.62,44,48,6,29
2020-02-08,2020-02-08 09:25:48,2020-02-08 07:50:48,2020-02-08 17:19:48,0,0,1.0,deep,-0.13,34140,26310,8310,1920,16080,7830,77,52.62,44,48,6,29
2020-02-08,2020-02-08 09:30:48,2020-02-08 07:50:48,2020-02-08 17:19:48,0,0,1.0,deep,-0.13,34140,26310,8310,1920,16080,7830,77,52.62,44,48,6,29
2020-02-08,2020-02-08 09:35:48,2020-02-08 07:50:48,2020-02-08 17:19:48,0,0,1.0,deep,-0.13,34140,26310,8310,1920,16080,7830,77,52.62,44,48,6,29
2020-02-08,2020-02-08 09:40:48,2020-02-08 07:50:48,2020-02-08 17:19:48,0,0,1.0,deep,-0.13,34140,26310,8310,1920,16080,7830,77,52.62,44,48,6,29
2020-02-08,2020-02-08 09:45:48,2020-02-08 07:50:48,2020-02-08 17:19:48,0,0,1.0,deep,-0.13,34140,26310,8310,1920,16080,7830,77,52.62,44,48,6,29
2020-02-08,2020-02-08 09:50:48,2020-02-08 07:50:48,2020-02-08 17:19:48,49,52,1.0,deep,-0.13,34140,26310,8310,1920,16080,7830,77,52.62,44,48,6,29
2020-02-08,2020-02-08 09:55:48,2020-02-08 07:50:48,2020-02-08 17:19:48,0,0,2.0,light,-0.13,34140,26310,8310,1920,16080,7830,77,52.62,44,48,6,29
2020-02-08,2020-02-08 10:00:48,2020-02-08 07:50:48,2020-02-08 17:19:48,0,0,4.0,awake,-0.13,34140,26310,8310,1920,16080,7830,77,52.62,44,48,6,29
2020-02-08,2020-02-08 10:05:48,2020-02-08 07:50:48,2020-02-08 17:19:48,0,0,2.0,light,-0.13,34140,26310,8310,1920,16080,7830,77,52.62,44,48,6,29
2020-02-08,2020-02-08 10:10:48,2020-02-08 07:50:48,2020-02-08 17:19:48,0,0,2.0,light,-0.13,34140,26310,8310,1920,16080,7830,77,52.62,44,48,6,29
2020-02-08,2020-02-08 10:15:48,2020-02-08 07:50:48,2020-02-08 17:19:48,44,63,2.0,light,-0.13,34140,26310,8310,1920,16080,7830,77,52.62,44,48,6,29
2020-02-08,2020-02-08 10:20:48,2020-02-08 07:50:48,2020-02-08 17:19:48,0,0,2.0,light,-0.13,34140,26310,8310,1920,16080,7830,77,52.62,44,48,6,29
2020-02-08,2020-02-08 10:25:48,2020-02-08 07:50:48,2020-02-08 17:19:48,0,0,1.0,deep,-0.13,34140,26310,8310,1920,16080,7830,77,52.62,44,48,6,29
2020-02-08,2020-02-08 10:30:48,2020-02-08 07:50:48,2020-02-08 17:19:48,45,65,1.0,deep,-0.13,34140,26310,8310,1920,16080,7830,77,52.62,44,48,6,29
2020-02-08,2020-02-08 10:35:48,2020-02-08 07:50:48,2020-02-08 17:19:48,0,0,1.0,deep,-0.13,34140,26310,8310,1920,16080,7830,77,52.62,44,48,6,29
2020-02-08,2020-02-08 10:40:48,2020-02-08 07:50:48,2020-02-08 17:19:48,45,56,1.0,deep,-0.13,34140,26310,8310,1920,16080,7830,77,52.62,44,48,6,29
2020-02-08,2020-02-08 10:45:48,2020-02-08 07:50:48,2020-02-08 17:19:48,0,0,1.0,deep,-0.13,34140,26310,8310,1920,16080,7830,77,52.62,44,48,6,29
2020-02-08,2020-02-08 10:50:48,2020-02-08 07:50:48,2020-02-08 17:19:48,0,0,1.0,deep,-0.13,34140,26310,8310,1920,16080,7830,77,52.62,44,48,6,29
2020-02-08,2020-02-08 10:55:48,2020-02-08 07:50:48,2020-02-08 17:19:48,0,0,2.0,light,-0.13,34140,26310,8310,1920,16080,7830,77,52.62,44,48,6,29
2020-02-08,2020-02-08 11:00:48,2020-02-08 07:50:48,2020-02-08 17:19:48,0,0,1.0,deep,-0.13,34140,26310,8310,1920,16080,7830,77,52.62,44,48,6,29
2020-02-08,2020-02-08 11:05:48,2020-02-08 07:50:48,2020-02-08 17:19:48,0,0,1.0,deep,-0.13,34140,26310,8310,1920,16080,7830,77,52.62,44,48,6,29
2020-02-08,2020-02-08 11:10:48,2020-02-08 07:50:48,2020-02-08 17:19:48,0,0,4.0,awake,-0.13,34140,26310,8310,1920,16080,7830,77,52.62,44,48,6,29
2020-02-08,2020-02-08 11:15:48,2020-02-08 07:50:48,2020-02-08 17:19:48,0,0,4.0,awake,-0.13,34140,26310,8310,1920,16080,7830,77,52.62,44,48,6,29
2020-02-08,2020-02-08 11:20:48,2020-02-08 07:50:48,2020-02-08 17:19:48,0,0,2.0,light,-0.13,34140,26310,8310,1920,16080,7830,77,52.62,44,48,6,29
2020-02-08,2020-02-08 11:25:48,2020-02-08 07:50:48,2020-02-08 17:19:48,47,57,2.0,light,-0.13,34140,26310,8310,1920,16080,7830,77,52.62,44,48,6,29
2020-02-08,2020-02-08 11:30:48,2020-02-08 07:50:48,2020-02-08 17:19:48,49,54,2.0,light,-0.13,34140,26310,8310,1920,16080,7830,77,52.62,44,48,6,29
2020-02-08,2020-02-08 11:35:48,2020-02-08 07:50:48,2020-02-08 17:19:48,54,42,2.0,light,-0.13,34140,26310,8310,1920,16080,7830,77,52.62,44,48,6,29
2020-02-08,2020-02-08 11:40:48,2020-02-08 07:50:48,2020-02-08 17:19:48,53,45,4.0,awake,-0.13,34140,26310,8310,1920,16080,7830,77,52.62,44,48,6,29
2020-02-08,2020-02-08 11:45:48,2020-02-08 07:50:48,2020-02-08 17:19:48,57,46,4.0,awake,-0.13,34140,26310,8310,1920,16080,7830,77,52.62,44,48,6,29
2020-02-08,2020-02-08 11:50:48,2020-02-08 07:50:48,2020-02-08 17:19:48,0,0,2.0,light,-0.13,34140,26310,8310,1920,16080,7830,77,52.62,44,48,6,29
2020-02-08,2020-02-08 11:55:48,2020-02-08 07:50:48,2020-02-08 17:19:48,0,0,2.0,light,-0.13,34140,26310,8310,1920,16080,7830,77,52.62,44,48,6,29
2020-02-08,2020-02-08 12:00:48,2020-02-08 07:50:48,2020-02-08 17:19:48,0,0,2.0,light,-0.13,34140,26310,8310,1920,16080,7830,77,52.62,44,48,6,29
2020-02-08,2020-02-08 12:05:48,2020-02-08 07:50:48,2020-02-08 17:19:48,0,0,2.0,light,-0.13,34140,26310,8310,1920,16080,7830,77,52.62,44,48,6,29
2020-02-08,2020-02-08 12:10:48,2020-02-08 07:50:48,2020-02-08 17:19:48,0,0,2.0,light,-0.13,34140,26310,8310,1920,16080,7830,77,52.62,44,48,6,29
2020-02-08,2020-02-08 12:15:48,2020-02-08 07:50:48,2020-02-08 17:19:48,0,0,2.0,light,-0.13,34140,26310,8310,1920,16080,7830,77,52.62,44,48,6,29
2020-02-08,2020-02-08 12:20:48,2020-02-08 07:50:48,2020-02-08 17:19:48,0,0,2.0,light,-0.13,34140,26310,8310,1920,16080,7830,77,52.62,44,48,6,29
2020-02-08,2020-02-08 12:25:48,2020-02-08 07:50:48,2020-02-08 17:19:48,0,0,2.0,light,-0.13,34140,26310,8310,1920,16080,7830,77,52.62,44,48,6,29
2020-02-08,2020-02-08 12:30:48,2020-02-08 07:50:48,2020-02-08 17:19:48,0,0,1.0,deep,-0.13,34140,26310,8310,1920,16080,7830,77,52.62,44,48,6,29
2020-02-08,2020-02-08 12:35:48,2020-02-08 07:50:48,2020-02-08 17:19:48,0,0,1.0,deep,-0.13,34140,26310,8310,1920,16080,7830,77,52.62,44,48,6,29
2020-02-08,2020-02-08 12:40:48,2020-02-08 07:50:48,2020-02-08 17:19:48,0,0,2.0,light,-0.13,34140,26310,8310,1920,16080,7830,77,52.62,44,48,6,29
2020-02-08,2020-02-08 12:45:48,2020-02-08 07:50:48,2020-02-08 17:19:48,0,0,1.0,deep,-0.13,34140,26310,8310,1920,16080,7830,77,52.62,44,48,6,29
2020-02-08,2020-02-08 12:50:48,2020-02-08 07:50:48,2020-02-08 17:19:48,0,0,1.0,deep,-0.13,34140,26310,8310,1920,16080,7830,77,52.62,44,48,6,29
2020-02-08,2020-02-08 12:55:48,2020-02-08 07:50:48,2020-02-08 17:19:48,0,0,2.0,light,-0.13,34140,26310,8310,1920,16080,7830,77,52.62,44,48,6,29
2020-02-08,2020-02-08 13:00:48,2020-02-08 07:50:48,2020-02-08 17:19:48,0,0,2.0,light,-0.13,34140,26310,8310,1920,16080,7830,77,52.62,44,48,6,29
2020-02-08,2020-02-08 13:05:48,2020-02-08 07:50:48,2020-02-08 17:19:48,0,0,2.0,light,-0.13,34140,26310,8310,1920,16080,7830,77,52.62,44,48,6,29
2020-02-08,2020-02-08 13:10:48,2020-02-08 07:50:48,2020-02-08 17:19:48,0,0,3.0,REM,-0.13,34140,26310,8310,1920,16080,7830,77,52.62,44,48,6,29
2020-02-08,2020-02-08 13:15:48,2020-02-08 07:50:48,2020-02-08 17:19:48,57,30,4.0,awake,-0.13,34140,26310,8310,1920,16080,7830,77,52.62,44,48,6,29
2020-02-08,2020-02-08 13:20:48,2020-02-08 07:50:48,2020-02-08 17:19:48,63,34,4.0,awake,-0.13,34140,26310,8310,1920,16080,7830,77,52.62,44,48,6,29
2020-02-08,2020-02-08 13:25:48,2020-02-08 07:50:48,2020-02-08 17:19:48,0,0,4.0,awake,-0.13,34140,26310,8310,1920,16080,7830,77,52.62,44,48,6,29
2020-02-08,2020-02-08 13:30:48,2020-02-08 07:50:48,2020-02-08 17:19:48,0,0,4.0,awake,-0.13,34140,26310,8310,1920,16080,7830,77,52.62,44,48,6,29
2020-02-08,2020-02-08 13:35:48,2020-02-08 07:50:48,2020-02-08 17:19:48,0,0,4.0,awake,-0.13,34140,26310,8310,1920,16080,7830,77,52.62,44,48,6,29
2020-02-08,2020-02-08 13:40:48,2020-02-08 07:50:48,2020-02-08 17:19:48,0,0,2.0,light,-0.13,34140,26310,8310,1920,16080,7830,77,52.62,44,48,6,29
2020-02-08,2020-02-08 13:45:48,2020-02-08 07:50:48,2020-02-08 17:19:48,0,0,2.0,light,-0.13,34140,26310,8310,1920,16080,7830,77,52.62,44,48,6,29
2020-02-08,2020-02-08 13:50:48,2020-02-08 07:50:48,2020-02-08 17:19:48,0,0,2.0,light,-0.13,34140,26310,8310,1920,16080,7830,77,52.62,44,48,6,29
2020-02-08,2020-02-08 13:55:48,2020-02-08 07:50:48,2020-02-08 17:19:48,0,0,2.0,light,-0.13,34140,26310,8310,1920,16080,7830,77,52.62,44,48,6,29
2020-02-08,2020-02-08 14:00:48,2020-02-08 07:50:48,2020-02-08 17:19:48,0,0,2.0,light,-0.13,34140,26310,8310,1920,16080,7830,77,52.62,44,48,6,29
2020-02-08,2020-02-08 14:05:48,2020-02-08 07:50:48,2020-02-08 17:19:48,0,0,2.0,light,-0.13,34140,26310,8310,1920,16080,7830,77,52.62,44,48,6,29
2020-02-08,2020-02-08 14:10:48,2020-02-08 07:50:48,2020-02-08 17:19:48,0,0,2.0,light,-0.13,34140,26310,8310,1920,16080,7830,77,52.62,44,48,6,29
2020-02-08,2020-02-08 14:15:48,2020-02-08 07:50:48,2020-02-08 17:19:48,0,0,2.0,light,-0.13,34140,26310,8310,1920,16080,7830,77,52.62,44,48,6,29
2020-02-08,2020-02-08 14:20:48,2020-02-08 07:50:48,2020-02-08 17:19:48,0,0,2.0,light,-0.13,34140,26310,8310,1920,16080,7830,77,52.62,44,48,6,29
2020-02-08,2020-02-08 14:25:48,2020-02-08 07:50:48,2020-02-08 17:19:48,53,48,2.0,light,-0.13,34140,26310,8310,1920,16080,7830,77,52.62,44,48,6,29
2020-02-08,2020-02-08 14:30:48,2020-02-08 07:50:48,2020-02-08 17:19:48,0,0,4.0,awake,-0.13,34140,26310,8310,1920,16080,7830,77,52.62,44,48,6,29
2020-02-08,2020-02-08 14:35:48,2020-02-08 07:50:48,2020-02-08 17:19:48,60,32,3.0,REM,-0.13,34140,26310,8310,1920,16080,7830,77,52.62,44,48,6,29
2020-02-08,2020-02-08 14:40:48,2020-02-08 07:50:48,2020-02-08 17:19:48,64,50,3.0,REM,-0.13,34140,26310,8310,1920,16080,7830,77,52.62,44,48,6,29
2020-02-08,2020-02-08 14:45:48,2020-02-08 07:50:48,2020-02-08 17:19:48,61,23,4.0,awake,-0.13,34140,26310,8310,1920,16080,7830,77,52.62,44,48,6,29
2020-02-08,2020-02-08 14:50:48,2020-02-08 07:50:48,2020-02-08 17:19:48,0,0,4.0,awake,-0.13,34140,26310,8310,1920,16080,7830,77,52.62,44,48,6,29
2020-02-08,2020-02-08 14:55:48,2020-02-08 07:50:48,2020-02-08 17:19:48,55,39,2.0,light,-0.13,34140,26310,8310,1920,16080,7830,77,52.62,44,48,6,29
2020-02-08,2020-02-08 15:00:48,2020-02-08 07:50:48,2020-02-08 17:19:48,54,41,2.0,light,-0.13,34140,26310,8310,1920,16080,7830,77,52.62,44,48,6,29
2020-02-08,2020-02-08 15:05:48,2020-02-08 07:50:48,2020-02-08 17:19:48,54,40,2.0,light,-0.13,34140,26310,8310,1920,16080,7830,77,52.62,44,48,6,29
2020-02-08,2020-02-08 15:10:48,2020-02-08 07:50:48,2020-02-08 17:19:48,54,51,2.0,light,-0.13,34140,26310,8310,1920,16080,7830,77,52.62,44,48,6,29
2020-02-08,2020-02-08 15:15:48,2020-02-08 07:50:48,2020-02-08 17:19:48,52,44,2.0,light,-0.13,34140,26310,8310,1920,16080,7830,77,52.62,44,48,6,29
2020-02-08,2020-02-08 15:20:48,2020-02-08 07:50:48,2020-02-08 17:19:48,52,44,2.0,light,-0.13,34140,26310,8310,1920,16080,7830,77,52.62,44,48,6,29
2020-02-08,2020-02-08 15:25:48,2020-02-08 07:50:48,2020-02-08 17:19:48,51,45,2.0,light,-0.13,34140,26310,8310,1920,16080,7830,77,52.62,44,48,6,29
2020-02-08,2020-02-08 15:30:48,2020-02-08 07:50:48,2020-02-08 17:19:48,51,48,2.0,light,-0.13,34140,26310,8310,1920,16080,7830,77,52.62,44,48,6,29
2020-02-08,2020-02-08 15:35:48,2020-02-08 07:50:48,2020-02-08 17:19:48,50,47,2.0,light,-0.13,34140,26310,8310,1920,16080,7830,77,52.62,44,48,6,29
2020-02-08,2020-02-08 15:40:48,2020-02-08 07:50:48,2020-02-08 17:19:48,51,44,2.0,light,-0.13,34140,26310,8310,1920,16080,7830,77,52.62,44,48,6,29
2020-02-08,2020-02-08 15:45:48,2020-02-08 07:50:48,2020-02-08 17:19:48,51,47,2.0,light,-0.13,34140,26310,8310,1920,16080,7830,77,52.62,44,48,6,29
2020-02-08,2020-02-08 15:50:48,2020-02-08 07:50:48,2020-02-08 17:19:48,51,47,2.0,light,-0.13,34140,26310,8310,1920,16080,7830,77,52.62,44,48,6,29
2020-02-08,2020-02-08 15:55:48,2020-02-08 07:50:48,2020-02-08 17:19:48,51,46,1.0,deep,-0.13,34140,26310,8310,1920,16080,7830,77,52.62,44,48,6,29
2020-02-08,2020-02-08 16:00:48,2020-02-08 07:50:48,2020-02-08 17:19:48,52,47,1.0,deep,-0.13,34140,26310,8310,1920,16080,7830,77,52.62,44,48,6,29
2020-02-08,2020-02-08 16:05:48,2020-02-08 07:50:48,2020-02-08 17:19:48,54,52,2.0,light,-0.13,34140,26310,8310,1920,16080,7830,77,52.62,44,48,6,29
2020-02-08,2020-02-08 16:10:48,2020-02-08 07:50:48,2020-02-08 17:19:48,52,51,2.0,light,-0.13,34140,26310,8310,1920,16080,7830,77,52.62,44,48,6,29
2020-02-08,2020-02-08 16:15:48,2020-02-08 07:50:48,2020-02-08 17:19:48,57,44,3.0,REM,-0.13,34140,26310,8310,1920,16080,7830,77,52.62,44,48,6,29
2020-02-08,2020-02-08 16:20:48,2020-02-08 07:50:48,2020-02-08 17:19:48,0,0,4.0,awake,-0.13,34140,26310,8310,1920,16080,7830,77,52.62,44,48,6,29
2020-02-08,2020-02-08 16:25:48,2020-02-08 07:50:48,2020-02-08 17:19:48,0,0,4.0,awake,-0.13,34140,26310,8310,1920,16080,7830,77,52.62,44,48,6,29
2020-02-08,2020-02-08 16:30:48,2020-02-08 07:50:48,2020-02-08 17:19:48,54,47,4.0,awake,-0.13,34140,26310,8310,1920,16080,7830,77,52.62,44,48,6,29
2020-02-08,2020-02-08 16:35:48,2020-02-08 07:50:48,2020-02-08 17:19:48,0,0,2.0,light,-0.13,34140,26310,8310,1920,16080,7830,77,52.62,44,48,6,29
2020-02-08,2020-02-08 16:40:48,2020-02-08 07:50:48,2020-02-08 17:19:48,51,48,4.0,awake,-0.13,34140,26310,8310,1920,16080,7830,77,52.62,44,48,6,29
2020-02-08,2020-02-08 16:45:48,2020-02-08 07:50:48,2020-02-08 17:19:48,52,51,2.0,light,-0.13,34140,26310,8310,1920,16080,7830,77,52.62,44,48,6,29
2020-02-08,2020-02-08 16:50:48,2020-02-08 07:50:48,2020-02-08 17:19:48,50,43,2.0,light,-0.13,34140,26310,8310,1920,16080,7830,77,52.62,44,48,6,29
2020-02-08,2020-02-08 16:55:48,2020-02-08 07:50:48,2020-02-08 17:19:48,53,51,2.0,light,-0.13,34140,26310,8310,1920,16080,7830,77,52.62,44,48,6,29
2020-02-08,2020-02-08 17:00:48,2020-02-08 07:50:48,2020-02-08 17:19:48,0,0,3.0,REM,-0.13,34140,26310,8310,1920,16080,7830,77,52.62,44,48,6,29
2020-02-08,2020-02-08 17:05:48,2020-02-08 07:50:48,2020-02-08 17:19:48,52,59,3.0,REM,-0.13,34140,26310,8310,1920,16080,7830,77,52.62,44,48,6,29
2020-02-08,2020-02-08 17:10:48,2020-02-08 07:50:48,2020-02-08 17:19:48,56,47,4.0,awake,-0.13,34140,26310,8310,1920,16080,7830,77,52.62,44,48,6,29
2020-02-08,2020-02-08 17:15:48,2020-02-08 07:50:48,2020-02-08 17:19:48,0,0,4.0,awake,-0.13,34140,26310,8310,1920,16080,7830,77,52.62,44,48,6,29
