timestamp,heart_rate,heart_rmssd
1594803162000,56,78
1594803462000,56,108
1594803762000,54,148
1594804062000,54,141
1594804362000,54,123
1594804662000,54,59
1594804962000,55,66
1594805262000,55,64
1594805562000,56,68
1594805862000,58,61
1594806162000,58,62
1594806462000,58,61
1594806762000,58,58
1594807062000,59,60
1594807362000,60,58
1594807662000,68,43
1594807962000,72,22
1594808262000,70,19
1594808562000,70,11
1594808862000,63,44
1594809162000,61,51
1594809462000,60,53
1594809762000,60,51
1594810062000,60,50
1594810362000,60,54
1594810662000,62,44
1594810962000,66,16
1594811262000,66,16
1594811562000,68,19
1594811862000,70,24
1594812162000,71,23
1594812462000,73,23
1594812762000,65,35
1594813062000,66,34
1594813362000,66,26
1594813662000,62,43
1594813962000,61,45
1594814262000,60,62
1594814562000,60,44
1594814862000,60,46
1594815162000,60,62
1594815462000,58,52
1594815762000,57,55
1594816062000,58,52
1594816362000,58,44
1594816662000,61,43
1594816962000,66,42
1594817262000,70,26
1594817562000,66,35
1594817862000,65,39
1594818162000,64,24
1594818462000,66,19
1594818762000,67,19
1594819062000,61,41
1594819362000,59,63
1594819662000,57,58
1594819962000,57,59
1594820262000,57,56
1594820562000,57,61
1594820862000,58,57
1594821162000,58,60
1594821462000,57,66
1594821762000,60,70
1594822062000,71,22
1594822362000,69,16
1594822662000,71,26
1594822962000,72,13
1594823262000,67,32
1594823562000,67,22
1594823862000,60,52
1594824162000,60,63
1594824462000,65,22
1594824762000,67,20
1594825062000,64,48
1594825362000,64,32
1594825662000,67,22
1594825962000,67,30
1594826262000,67,19
1594889042000,63,59
1594889342000,61,77
1594889642000,62,70
1594889942000,0,0
1594890242000,60,67
1594890542000,61,62
1594890842000,61,49
1594891142000,62,45
1594891442000,62,44
1594891742000,63,39
1594892042000,63,42
1594892342000,64,38
1594892642000,65,37
1594892942000,65,35
1594893242000,69,36
1594893542000,71,39
1594893842000,73,26
1594894142000,69,31
1594894442000,68,30
1594894742000,67,29
1594895042000,62,32
1594895342000,62,33
1594895642000,61,42
1594895942000,62,35
1594896242000,62,44
1594896542000,61,42
1594896842000,61,46
1594897142000,65,38
1594897442000,69,33
1594897742000,72,25
1594898042000,72,22
1594898342000,71,20
1594898642000,68,33
1594898942000,66,27
1594899242000,63,33
1594899542000,65,28
1594899842000,65,30
1594900142000,66,32
1594900442000,65,41
1594900742000,62,45
1594901042000,60,47
1594901342000,63,33
1594901642000,63,31
1594901942000,61,46
1594902242000,62,47
1594902542000,62,41
1594902842000,61,45
1594903142000,62,52
1594903442000,64,35
1594903742000,67,33
1594904042000,68,37
1594904342000,68,41
1594904642000,74,28
1594904942000,67,43
1594905242000,64,49
1594905542000,0,0
1594905842000,0,0
1594906142000,0,0
1594906442000,0,0
1594906742000,0,0
1594907042000,0,0
1594907342000,0,0
1594907642000,0,0
1594907942000,67,49
1594908242000,68,25
1594908542000,64,42
1594908842000,71,26
1594909142000,71,36
1594909442000,69,43
1594909742000,71,29
1594910042000,69,29
1594910342000,67,36
1594910642000,67,30
1594910942000,69,17
1594911242000,70,16
1594911542000,71,17
1594911842000,67,46
1594912142000,64,54
1594912442000,0,0
1594912742000,66,51
1594913042000,65,48
1594913342000,66,55
1594913642000,70,40
1594913942000,69,33
1594914242000,71,38
1594914542000,70,33
1594914842000,69,42
1594915142000,0,0
1594973249000,0,0
1594973549000,0,0
1594973849000,0,0
1594974149000,65,29
1594974449000,65,26
1594974749000,64,18
1594975049000,64,18
1594975349000,65,17
1594975649000,61,76
1594975949000,60,85
1594976249000,60,38
1594976549000,60,33
1594976849000,65,36
1594977149000,66,15
1594977449000,67,14
1594977749000,67,13
1594978049000,68,12
1594978349000,69,13
1594978649000,70,15
1594978949000,75,29
1594979249000,73,19
1594979549000,72,50
1594979849000,67,42
1594980149000,64,18
1594980449000,64,18
1594980749000,63,32
1594981049000,60,52
1594981349000,62,42
1594981649000,62,53
1594981949000,60,30
1594982249000,59,40
1594982549000,60,29
1594982849000,60,28
1594983149000,61,29
1594983449000,67,39
1594983749000,74,30
1594984049000,69,39
1594984349000,68,30
1594984649000,68,31
1594984949000,66,32
1594985249000,65,27
1594985549000,68,15
1594985849000,69,16
1594986149000,66,37
1594986449000,63,46
1594986749000,62,49
1594987049000,62,36
1594987349000,62,32
1594987649000,61,38
1594987949000,61,43
1594988249000,61,44
1594988549000,63,57
1594988849000,66,42
1594989149000,66,28
1594989449000,67,33
1594989749000,63,45
1594990049000,62,49
1594990349000,59,69
1594990649000,59,45
1594990949000,59,42
1594991249000,59,58
1594991549000,65,17
1594991849000,65,18
1594992149000,66,46
1594992449000,70,30
1594992749000,72,17
1594993049000,72,20
1594993349000,67,38
1594993649000,68,25
1594993949000,67,40
1594994249000,67,19
1594994549000,67,18
1594994849000,64,38
1594995149000,61,50
1594995449000,61,50
1594995749000,60,51
1594996049000,61,65
1594996349000,63,57
1594996649000,62,46
1594996949000,62,53
1594997249000,71,26
1594997549000,74,18
1594997849000,70,41
1594998149000,73,31
1594998449000,66,33
1594998749000,67,49
1594999049000,64,37
1594999349000,71,52
1594999649000,70,42
1594999949000,0,0
1595060012000,0,0
1595060312000,70,17
1595060612000,67,34
1595060912000,67,17
1595061212000,66,17
1595061512000,64,25
1595061812000,65,27
1595062112000,60,51
1595062412000,60,51
1595062712000,61,44
1595063012000,61,37
1595063312000,62,33
1595063612000,66,41
1595063912000,70,43
1595064212000,71,36
1595064512000,72,25
1595064812000,66,45
1595065112000,63,25
1595065412000,64,28
1595065712000,64,43
1595066012000,63,36
1595066312000,62,49
1595066612000,66,33
1595066912000,69,16
1595067212000,65,48
1595067512000,64,40
1595067812000,71,19
1595068112000,72,28
1595068412000,71,40
1595068712000,70,35
1595069012000,67,38
1595069312000,65,35
1595069612000,66,24
1595069912000,62,26
1595070212000,61,30
1595070512000,60,35
1595070812000,60,33
1595071112000,59,39
1595071412000,58,51
1595071712000,58,55
1595072012000,60,40
1595072312000,62,59
1595072612000,64,18
1595072912000,59,48
1595073212000,65,41
1595073512000,73,22
1595073812000,69,46
1595074112000,66,47
1595074412000,70,26
1595074712000,71,24
1595075012000,64,45
1595075312000,71,18
1595075612000,68,29
1595075912000,62,35
1595076212000,62,32
1595076512000,64,55
1595076812000,63,48
1595077112000,63,49
1595077412000,63,52
1595077712000,64,48
1595078012000,65,54
1595078312000,66,55
1595078612000,65,55
1595078912000,64,55
1595079212000,68,35
1595079512000,72,29
1595079812000,72,20
1595080112000,68,44
1595080412000,72,21
1595080712000,64,63
1595081012000,66,53
1595081312000,64,46
1595081612000,62,58
1595081912000,65,64
1595082212000,63,58
1595082512000,60,61
1595082812000,61,33
1595083112000,61,40
1595083412000,61,39
1595083712000,59,59
1595084012000,59,63
1595084312000,60,59
1595084612000,69,32
1595084912000,75,48
1595085212000,78,43
1595085512000,69,43
1595318583000,64,17
1595318883000,64,24
1595319183000,64,21
1595319483000,64,18
1595319783000,65,17
1595320083000,65,26
1595320383000,65,16
1595320683000,67,13
1595320983000,67,14
1595321283000,66,25
1595321583000,68,13
1595321883000,68,18
1595322183000,67,53
1595322483000,72,51
1595322783000,70,56
1595323083000,70,54
1595323383000,69,31
1595323683000,66,19
1595323983000,65,20
1595324283000,65,27
1595324583000,66,33
1595324883000,70,21
1595325183000,67,22
1595325483000,64,23
1595325783000,64,24
1595326083000,65,23
1595326383000,64,35
1595326683000,64,25
1595326983000,64,22
1595327283000,64,29
1595327583000,71,20
1595327883000,75,22
1595328183000,74,35
1595328483000,73,31
1595328783000,73,48
1595329083000,71,30
1595329383000,64,33
1595329683000,70,21
1595329983000,71,11
1595330283000,70,12
1595330583000,67,24
1595330883000,66,28
1595331183000,70,17
1595331483000,64,35
1595331783000,67,32
1595332083000,67,15
1595332383000,70,16
1595332683000,72,24
1595332983000,72,27
1595333283000,71,21
1595333583000,66,33
1595333883000,67,23
1595334183000,68,24
1595334483000,68,25
1595334783000,68,25
1595335083000,65,15
1595335383000,66,15
1595335683000,66,15
1595335983000,67,16
1595336283000,67,15
1595336583000,68,16
1595336883000,68,32
1595337183000,69,32
1595337483000,70,22
1595337783000,72,21
1595338083000,71,20
1595338383000,71,25
1595338683000,70,15
1595338983000,68,18
1595339283000,66,25
1595339583000,68,17
1595339883000,65,26
1595340183000,68,24
1595340483000,65,27
1595340783000,67,18
1595341083000,65,32
1595341383000,67,30
1595341683000,67,34
1595341983000,68,33
1595342283000,68,30
1595342583000,68,37
1595342883000,71,28
1595343183000,67,49
1595343483000,68,29
1595343783000,72,18
1595344083000,70,17
1595344383000,70,22
1595344683000,69,34
1595344983000,67,35
1595345283000,69,34
1595345583000,70,28
1595345883000,0,0
1595408101000,0,0
1595408401000,69,40
1595408701000,70,32
1595409001000,69,29
1595409301000,68,16
1595409601000,68,14
1595409901000,68,18
1595410201000,63,43
1595410501000,65,40
1595410801000,68,14
1595411101000,69,12
1595411401000,69,11
1595411701000,67,38
1595412001000,66,43
1595412301000,73,27
1595412601000,74,19
1595412901000,74,18
1595413201000,68,31
1595413501000,67,40
1595413801000,68,38
1595414101000,67,39
1595414401000,67,32
1595414701000,71,21
1595415001000,75,8
1595415301000,74,8
1595415601000,74,11
1595415901000,68,47
1595416201000,67,44
1595416501000,69,33
1595416801000,72,27
1595417101000,72,23
1595417401000,74,21
1595417701000,70,30
1595418001000,72,22
1595418301000,71,16
1595418601000,73,11
1595418901000,73,11
1595419201000,71,18
1595419501000,66,35
1595419801000,65,38
1595420101000,66,32
1595420401000,65,40
1595420701000,65,34
1595421001000,65,39
1595421301000,66,38
1595421601000,65,46
1595421901000,65,46
1595422201000,65,49
1595422501000,65,39
1595422801000,67,27
1595423101000,72,24
1595423401000,75,17
1595423701000,69,23
1595424001000,72,23
1595424301000,71,28
1595424601000,70,25
1595424901000,67,40
1595425201000,72,12
1595425501000,70,13
1595425801000,73,13
1595426101000,72,15
1595426401000,66,50
1595426701000,67,34
1595427001000,65,40
1595427301000,65,43
1595427601000,65,36
1595427901000,65,48
1595428201000,67,61
1595428501000,64,50
1595428801000,66,49
1595429101000,67,38
1595429401000,70,38
1595429701000,71,24
1595430001000,71,42
1595430301000,75,19
1595495642000,0,0
1595495942000,68,39
1595496242000,66,29
1595496542000,66,22
1595496842000,66,22
1595497142000,66,24
1595497442000,67,18
1595497742000,67,18
1595498042000,65,44
1595498342000,65,29
1595498642000,0,0
1595498942000,0,0
1595499242000,0,0
1595499542000,64,57
1595499842000,71,46
1595500142000,72,40
1595500442000,76,47
1595500742000,73,50
1595501042000,71,33
1595501342000,70,38
1595501642000,70,38
1595501942000,71,37
1595502242000,72,34
1595502542000,72,35
1595502842000,73,31
1595503142000,73,30
1595503442000,73,29
1595503742000,70,42
1595504042000,68,52
1595504342000,71,44
1595504642000,72,28
1595504942000,75,31
1595505242000,72,30
1595505542000,71,40
1595505842000,69,26
1595506142000,68,38
1595506442000,72,29
1595506742000,67,34
1595507042000,67,36
1595507342000,67,37
1595507642000,67,35
1595507942000,67,38
1595508242000,67,38
1595508542000,67,40
1595508842000,67,41
1595509142000,67,37
1595509442000,63,32
1595509742000,64,39
1595510042000,68,42
1595510342000,73,28
1595510642000,71,28
1595510942000,71,35
1595511242000,68,36
1595511542000,64,34
1595511842000,65,39
1595512142000,69,36
1595512442000,66,37
1595512742000,68,38
1595513042000,67,40
1595513342000,70,38
1595513642000,65,59
1595513942000,64,60
1595514242000,64,63
1595514542000,64,55
1595514842000,65,44
1595515142000,71,33
1595515442000,71,26
1595515742000,75,18
1595516042000,73,29
1595516342000,74,15
1595516642000,73,26
1595516942000,71,23
1595517242000,69,30
1595517542000,0,0
1595517842000,0,0
1595518142000,0,0
1595518442000,0,0
1595518742000,0,0
1595519042000,0,0
1595519342000,69,64
1595519642000,0,0
1595519942000,67,56
1595520242000,67,48
1595520542000,69,59
1595520842000,0,0
1595521142000,0,0
1595521442000,0,0
1595580479000,74,29
1595580779000,73,46
1595581079000,71,37
1595581379000,70,36
1595581679000,71,29
1595581979000,72,26
1595582279000,73,24
1595582579000,74,23
1595582879000,75,24
1595583179000,74,22
1595583479000,75,23
1595583779000,75,24
1595584079000,76,22
1595584379000,76,24
1595584679000,78,29
1595584979000,77,31
1595585279000,78,23
1595585579000,77,20
1595585879000,73,25
1595586179000,69,36
1595586479000,69,28
1595586779000,70,30
1595587079000,68,34
1595587379000,69,31
1595587679000,68,36
1595587979000,67,35
1595588279000,69,31
1595588579000,68,38
1595588879000,70,37
1595589179000,74,36
1595589479000,77,28
1595589779000,76,34
1595590079000,73,31
1595590379000,70,50
1595590679000,69,36
1595590979000,70,37
1595591279000,68,34
1595591579000,67,33
1595591879000,67,30
1595592179000,67,28
1595592479000,68,32
1595592779000,68,29
1595593079000,68,34
1595593379000,72,14
1595593679000,66,36
1595593979000,65,44
1595594279000,64,45
1595594579000,65,45
1595594879000,69,42
1595595179000,69,30
1595595479000,70,50
1595595779000,73,27
1595596079000,70,34
1595596379000,67,43
1595596679000,66,40
1595596979000,64,43
1595597279000,65,42
1595597579000,64,47
1595597879000,65,44
1595598179000,66,42
1595598479000,65,43
1595598779000,66,43
1595599079000,67,46
1595599379000,64,50
1595599679000,70,35
1595599979000,74,15
1595600279000,77,17
1595600579000,74,29
1595600879000,70,36
1595601179000,70,41
1595601479000,66,48
1595601779000,67,45
1595602079000,67,42
1595602379000,70,26
1595602679000,66,44
1595602979000,66,44
1595603279000,63,50
1595603579000,64,52
1595603879000,65,54
1595604179000,62,53
1595604479000,66,50
1595665262000,73,29
1595665562000,74,36
1595665862000,74,30
1595666162000,73,30
1595666462000,75,35
1595666762000,76,35
1595667062000,77,38
1595667362000,77,37
1595667662000,78,39
1595667962000,77,40
1595668262000,79,43
1595668562000,75,37
1595668862000,78,18
1595669162000,77,22
1595669462000,76,25
1595669762000,75,23
1595670062000,73,28
1595670362000,73,29
1595670662000,73,28
1595670962000,73,26
1595671262000,72,35
1595671562000,71,33
1595671862000,71,33
1595672162000,71,36
1595672462000,77,54
1595672762000,73,29
1595673062000,73,27
1595673362000,73,26
1595673662000,72,37
1595673962000,69,38
1595674262000,67,41
1595674562000,66,52
1595674862000,67,40
1595675162000,65,34
1595675462000,65,49
1595675762000,65,47
1595676062000,65,46
1595676362000,66,61
1595676662000,72,30
1595676962000,74,24
1595677262000,74,30
1595677562000,69,31
1595677862000,69,36
1595678162000,67,51
1595678462000,65,40
1595678762000,64,41
1595679062000,63,40
1595679362000,69,19
1595679662000,61,55
1595679962000,61,55
1595680262000,61,55
1595680562000,61,56
1595680862000,61,59
1595681162000,62,46
1595681462000,65,48
1595681762000,67,42
1595682062000,66,47
1595682362000,72,24
1595682662000,66,28
1595682962000,70,29
1595683262000,70,26
1595683562000,70,32
1595683862000,69,32
1595684162000,66,52
1595684462000,64,57
1595684762000,65,53
1595685062000,66,51
1595685362000,65,62
1595685662000,65,60
1595685962000,66,51
1595686262000,65,53
1595686562000,65,45
1595686862000,66,47
1595687162000,67,52
1595687462000,64,46
1595687762000,67,35
1595688062000,68,43
1595688362000,69,55
1595688662000,70,27
1595688962000,65,62
1595689262000,63,55
1595689562000,64,45
1595689862000,68,40
1595690162000,63,55
1595690462000,65,56
1595690762000,70,36
1595691062000,72,30
1595691362000,73,24
1595691662000,72,31
1595691962000,73,42
1595692262000,80,37
1595692562000,0,0
1595749379000,0,0
1595749679000,0,0
1595749979000,0,0
1595750279000,67,41
1595750579000,68,17
1595750879000,66,28
1595751179000,62,24
1595751479000,63,38
1595751779000,64,23
1595752079000,65,37
1595752379000,67,39
1595752679000,64,28
1595752979000,64,40
1595753279000,69,50
1595753579000,71,39
1595753879000,72,43
1595754179000,74,36
1595754479000,69,36
1595754779000,67,46
1595755079000,67,44
1595755379000,65,47
1595755679000,66,38
1595755979000,66,38
1595756279000,65,53
1595756579000,66,48
1595756879000,66,45
1595757179000,65,48
1595757479000,67,34
1595757779000,66,50
1595758079000,65,51
1595758379000,67,51
1595758679000,68,33
1595758979000,73,19
1595759279000,68,32
1595759579000,66,34
1595759879000,66,39
1595760179000,64,47
1595760479000,63,43
1595760779000,60,46
1595761079000,61,38
1595761379000,66,32
1595761679000,66,16
1595761979000,66,16
1595762279000,65,35
1595762579000,66,45
1595762879000,68,45
1595763179000,70,44
1595763479000,72,39
1595763779000,70,26
1595764079000,70,33
1595764379000,71,22
1595764679000,70,20
1595764979000,66,35
1595765279000,64,47
1595765579000,67,17
1595765879000,64,43
1595766179000,67,23
1595766479000,67,32
1595766779000,62,45
1595767079000,63,51
1595767379000,61,45
1595767679000,62,49
1595767979000,65,54
1595768279000,70,31
1595768579000,66,27
1595768879000,69,32
1595769179000,72,33
1595769479000,70,20
1595769779000,70,34
1595770079000,67,39
1595770379000,66,35
1595770679000,64,41
1595770979000,70,20
1595771279000,65,38
1595771579000,66,43
1595771879000,62,45
1595772179000,63,42
1595772479000,65,42
1595772779000,69,25
1595773079000,69,28
1595773379000,71,32
1595773679000,72,46
1595773979000,73,26
1595774279000,72,31
1595774579000,74,15
1595774879000,71,26
1595775179000,72,22
1595775479000,70,35
1595775779000,67,36
1595776079000,66,43
1595776379000,70,17
1595776679000,68,30
1595776979000,65,43
1595777279000,65,44
1595777579000,64,46
1595777879000,71,22
1595778179000,72,17
1595778479000,70,49
1595778779000,72,57
1595779079000,77,53
1595779379000,70,59
1595779679000,68,54
1595779979000,68,62
1595780279000,69,54
1595780579000,70,54
1595780879000,0,0
1595836741000,66,50
1595837041000,61,49
1595837341000,62,46
1595837641000,61,47
1595837941000,60,33
1595838241000,61,35
1595838541000,61,40
1595838841000,62,50
1595839141000,62,46
1595839441000,63,46
1595839741000,64,58
1595840041000,66,53
1595840341000,67,38
1595840641000,75,30
1595840941000,74,29
1595841241000,0,0
1595841541000,66,52
1595841841000,67,45
1595842141000,73,13
1595842441000,73,13
1595842741000,73,13
1595843041000,74,12
1595843341000,74,14
1595843641000,71,35
1595843941000,0,0
1595844241000,73,30
1595844541000,73,43
1595844841000,75,40
1595845141000,75,29
1595845441000,68,45
1595845741000,67,44
1595846041000,67,43
1595846341000,66,45
1595846641000,66,44
1595846941000,67,48
1595847241000,72,34
1595847541000,66,43
1595847841000,69,36
1595848141000,66,37
1595848441000,68,30
1595848741000,71,29
1595849041000,75,12
1595849341000,72,37
1595849641000,74,27
1595849941000,77,25
1595850241000,73,32
1595850541000,72,30
1595850841000,71,28
1595851141000,70,29
1595851441000,70,31
1595851741000,68,32
1595852041000,68,45
1595852341000,68,36
1595852641000,67,43
1595852941000,66,45
1595853241000,66,47
1595853541000,66,53
1595853841000,66,42
1595854141000,68,41
1595854441000,74,17
1595854741000,72,21
1595855041000,66,45
1595855341000,69,46
1595855641000,69,35
1595855941000,74,24
1595856241000,75,36
1595856541000,0,0
1595856841000,0,0
1595857141000,73,28
1595857441000,72,45
1595857741000,0,0
1595858041000,0,0
1595858341000,0,0
1595858641000,0,0
1595858941000,71,26
1595859241000,70,41
1595859541000,66,51
1595859841000,66,54
1595860141000,0,0
1595860441000,0,0
1595860741000,75,28
1595861041000,75,19
1595861341000,77,16
1595861641000,78,18
1595861941000,72,40
1595862241000,73,27
1595862541000,0,0
1595862841000,68,51
1595863141000,70,66
1595863441000,0,0
1595863741000,65,44
1595864041000,64,46
1595864341000,71,22
1595864641000,72,17
1595923439000,0,0
1595923739000,0,0
1595924039000,74,45
1595924339000,72,48
1595924639000,72,25
1595924939000,72,40
1595925239000,73,32
1595925539000,71,38
1595925839000,72,37
1595926139000,71,38
1595926439000,73,37
1595926739000,74,37
1595927039000,78,37
1595927339000,75,42
1595927639000,74,42
1595927939000,78,15
1595928239000,72,23
1595928539000,70,24
1595928839000,68,31
1595929139000,68,30
1595929439000,68,34
1595929739000,72,35
1595930039000,69,33
1595930339000,70,34
1595930639000,69,47
1595930939000,71,39
1595931239000,73,29
1595931539000,77,20
1595931839000,74,26
1595932139000,74,19
1595932439000,73,29
1595932739000,72,36
1595933039000,70,27
1595933339000,69,32
1595933639000,69,32
1595933939000,69,29
1595934239000,68,28
1595934539000,68,37
1595934839000,70,29
1595935139000,69,35
1595935439000,69,35
1595935739000,70,31
1595936039000,68,39
1595936339000,73,28
1595936639000,77,39
1595936939000,74,27
1595937239000,72,18
1595937539000,69,35
1595937839000,67,39
1595938139000,66,42
1595938439000,67,39
1595938739000,66,37
1595939039000,67,39
1595939339000,70,42
1595939639000,71,45
1595939939000,74,35
1595940239000,76,18
1595940539000,77,17
1595940839000,73,39
1595941139000,78,24
1595941439000,74,22
1595941739000,72,30
1595942039000,71,26
1595942339000,74,13
1595942639000,71,24
1595942939000,71,29
1595943239000,71,26
1595943539000,68,36
1595943839000,68,38
1595944139000,68,41
1595944439000,71,23
1595944739000,74,18
1595945039000,75,14
1595945339000,75,20
1595945639000,74,21
1595945939000,75,29
1595946239000,71,35
1595946539000,71,35
1595946839000,68,39
1595947139000,68,36
1595947439000,73,22
1595947739000,74,13
1595948039000,72,24
1595948339000,71,26
1595948639000,72,25
1595948939000,70,19
1595949239000,70,27
1595949539000,71,34
1595949839000,70,34
1595950139000,73,43
1595950439000,73,37
1595950739000,75,44
1595951039000,73,33
1595951339000,75,25
1595951639000,71,36
1595951939000,69,43
1595952239000,72,29
1595952539000,82,32
1595952839000,81,31
1595953139000,75,37
1595953439000,74,41
1595953739000,73,34
1595954039000,77,31
1596009961000,77,19
1596010261000,73,31
1596010561000,71,27
1596010861000,69,33
1596011161000,68,32
1596011461000,69,34
1596011761000,69,31
1596012061000,69,31
1596012361000,70,35
1596012661000,68,39
1596012961000,68,39
1596013261000,69,33
1596013561000,69,33
1596013861000,73,38
1596014161000,79,18
1596014461000,78,24
1596014761000,77,21
1596015061000,70,34
1596015361000,72,33
1596015661000,71,37
1596015961000,68,35
1596016261000,68,37
1596016561000,68,38
1596016861000,68,39
1596017161000,69,37
1596017461000,69,37
1596017761000,71,32
1596018061000,76,11
1596018361000,73,35
1596018661000,69,39
1596018961000,75,32
1596019261000,78,22
1596019561000,74,35
1596019861000,74,26
1596020161000,71,41
1596020461000,71,30
1596020761000,73,24
1596021061000,75,14
1596021361000,70,34
1596021661000,69,35
1596021961000,69,34
1596022261000,69,41
1596022561000,67,39
1596022861000,68,40
1596023161000,70,29
1596023461000,74,19
1596023761000,77,14
1596024061000,72,28
1596024361000,74,30
1596024661000,69,26
1596024961000,74,16
1596025261000,70,39
1596025561000,72,21
1596025861000,72,19
1596026161000,68,33
1596026461000,71,31
1596026761000,69,29
1596027061000,68,35
1596027361000,68,38
1596027661000,68,40
1596027961000,70,45
1596028261000,67,45
1596028561000,75,21
1596028861000,75,22
1596029161000,73,21
1596029461000,76,20
1596029761000,74,24
1596030061000,71,38
1596030361000,70,27
1596030661000,70,35
1596030961000,73,27
1596031261000,70,34
1596031561000,70,53
1596031861000,71,29
1596032161000,68,32
1596032461000,67,40
1596032761000,68,34
1596033061000,69,32
1596033361000,69,32
1596033661000,76,29
1596033961000,73,26
1596034261000,75,19
1596034561000,70,41
1596034861000,75,22
1596035161000,76,12
1596035461000,76,11
1596035761000,75,30
1596036061000,0,0
1596036361000,0,0
1596036661000,0,0
1596036961000,0,0
1596037261000,0,0
1596037561000,0,0
1596037861000,0,0
1596038161000,75,45
1596038461000,70,39
1596038761000,74,23
1596039061000,76,17
1596039361000,71,30
1596039661000,71,48
1596039961000,68,52
1596040261000,73,32
1596040561000,0,0
1596040861000,73,40
1596041161000,75,36
1596041461000,72,40
1596041761000,70,40
1596042061000,71,38
1596094438000,0,0
1596094738000,78,25
1596095038000,71,24
1596095338000,72,27
1596095638000,76,14
1596095938000,75,21
1596096238000,70,28
1596096538000,71,26
1596096838000,71,27
1596097138000,72,30
1596097438000,72,32
1596097738000,71,30
1596098038000,74,30
1596098338000,78,28
1596098638000,75,27
1596098938000,72,37
1596099238000,75,32
1596099538000,70,36
1596099838000,73,34
1596100138000,69,32
1596100438000,69,35
1596100738000,69,36
1596101038000,72,33
1596101338000,73,29
1596101638000,75,31
1596101938000,74,27
1596102238000,74,19
1596102538000,76,20
1596102838000,73,33
1596103138000,75,19
1596103438000,75,12
1596103738000,71,30
1596104038000,74,12
1596104338000,73,16
1596104638000,67,41
1596104938000,67,45
1596105238000,70,30
1596105538000,67,43
1596105838000,72,14
1596106138000,68,46
1596106438000,71,37
1596106738000,70,36
1596107038000,70,41
1596107338000,72,31
1596107638000,73,31
1596107938000,76,16
1596108238000,70,36
1596108538000,74,22
1596108838000,70,38
1596109138000,71,31
1596109438000,67,42
1596109738000,65,43
1596110038000,66,39
1596110338000,66,37
1596110638000,66,32
1596110938000,68,32
1596111238000,74,13
1596111538000,74,13
1596111838000,74,12
1596112138000,75,23
1596112438000,71,27
1596112738000,70,33
1596113038000,73,19
1596113338000,69,34
1596113638000,73,14
1596113938000,67,50
1596114238000,68,40
1596114538000,72,16
1596114838000,72,20
1596115138000,69,31
1596115438000,71,16
1596115738000,70,41
1596116038000,68,53
1596116338000,72,31
1596116638000,77,23
1596116938000,76,19
1596117238000,69,43
1596117538000,71,38
1596117838000,72,43
1596118138000,72,52
1596118438000,75,29
1596118738000,68,41
1596119038000,66,48
1596119338000,69,48
1596119638000,74,18
1596119938000,71,41
1596120238000,74,20
1596120538000,0,0
1596179761000,0,0
1596180061000,70,39
1596180361000,70,48
1596180661000,73,16
1596180961000,72,14
1596181261000,68,41
1596181561000,67,43
1596181861000,69,47
1596182161000,67,47
1596182461000,68,52
1596182761000,66,41
1596183061000,66,37
1596183361000,67,35
1596183661000,67,37
1596183961000,67,40
1596184261000,72,24
1596184561000,70,34
1596184861000,69,49
1596185161000,71,38
1596185461000,76,25
1596185761000,79,9
1596186061000,72,34
1596186361000,65,57
1596186661000,64,62
1596186961000,71,45
1596187261000,68,58
1596187561000,66,66
1596187861000,64,61
1596188161000,64,56
1596188461000,66,49
1596188761000,67,46
1596189061000,70,30
1596189361000,66,42
1596189661000,71,28
1596189961000,76,27
1596190261000,74,25
1596190561000,74,22
1596190861000,78,20
1596191161000,71,30
1596191461000,75,19
1596191761000,74,25
1596192061000,70,40
1596192361000,71,26
1596192661000,71,32
1596192961000,64,46
1596193261000,63,45
1596193561000,61,60
1596193861000,61,61
1596194161000,69,18
1596194461000,68,19
1596194761000,68,19
1596195061000,68,19
1596195361000,68,22
1596195661000,67,50
1596195961000,66,52
1596196261000,70,27
1596196561000,71,21
1596196861000,65,46
1596197161000,67,31
1596197461000,63,46
1596197761000,66,42
1596198061000,63,55
1596198361000,67,44
1596198661000,70,16
1596198961000,70,16
1596199261000,67,65
1596199561000,70,32
1596199861000,68,52
1596200161000,72,20
1596200461000,71,24
1596200761000,71,30
1596201061000,68,31
1596201361000,69,46
1596201661000,66,56
1596201961000,65,59
1596202261000,68,43
1596202561000,71,20
1596202861000,71,27
1596203161000,63,45
1596203461000,63,46
1596203761000,63,49
1596204061000,70,25
1596204361000,70,36
1596204661000,72,22
1596204961000,72,25
1596205261000,70,41
1596205561000,66,37
1596205861000,71,17
1596206161000,70,17
1596206461000,72,15
1596206761000,71,16
1596207061000,68,23
1596207361000,70,32
1596207661000,0,0
1596268533000,0,0
1596268833000,72,43
1596269133000,73,44
1596269433000,71,45
1596269733000,71,43
1596270033000,73,47
1596270333000,73,47
1596270633000,75,45
1596270933000,75,50
1596271233000,73,43
1596271533000,72,28
1596271833000,71,51
1596272133000,77,23
1596272433000,78,18
1596272733000,76,22
1596273033000,77,22
1596273333000,70,34
1596273633000,68,38
1596273933000,68,38
1596274233000,69,37
1596274533000,68,42
1596274833000,68,39
1596275133000,67,42
1596275433000,69,40
1596275733000,75,12
1596276033000,77,37
1596276333000,71,42
1596276633000,69,47
1596276933000,70,46
1596277233000,71,43
1596277533000,72,32
1596277833000,72,19
1596278133000,74,24
1596278433000,74,24
1596278733000,66,52
1596279033000,68,44
1596279333000,67,47
1596279633000,71,16
1596279933000,67,38
1596280233000,70,22
1596280533000,70,15
1596280833000,70,15
1596281133000,69,15
1596281433000,68,16
1596281733000,67,32
1596282033000,67,36
1596282333000,71,36
1596282633000,72,27
1596282933000,76,20
1596283233000,73,25
1596283533000,75,24
1596283833000,72,23
1596284133000,74,28
1596284433000,70,48
1596284733000,66,52
1596285033000,65,51
1596285333000,64,59
1596285633000,63,69
1596285933000,64,58
1596286233000,64,50
1596286533000,65,44
1596286833000,65,43
1596287133000,67,64
1596287433000,72,27
1596287733000,69,24
1596288033000,72,27
1596288333000,67,40
1596288633000,67,42
1596288933000,66,52
1596289233000,71,18
1596289533000,72,17
1596289833000,72,15
1596290133000,72,15
1596290433000,73,29
1596290733000,73,18
1596291033000,71,25
1596291333000,66,46
1596291633000,70,37
1596291933000,71,40
1596292233000,73,25
1596292533000,75,24
1596292833000,75,25
1596293133000,72,35
1596293433000,71,24
1596293733000,66,42
1596294033000,67,45
1596294333000,75,21
1596294633000,75,16
1596294933000,75,16
1596295233000,76,15
1596295533000,75,17
1596295833000,75,44
1596296133000,69,38
1596296433000,75,26
1596296733000,76,18
1596297033000,75,22
1596297333000,79,26
1596353253000,0,0
1596353553000,0,0
1596353853000,0,0
1596354153000,66,37
1596354453000,70,20
1596354753000,71,13
1596355053000,70,14
1596355353000,70,14
1596355653000,70,13
1596355953000,73,18
1596356253000,73,32
1596356553000,70,33
1596356853000,72,38
1596357153000,71,12
1596357453000,70,32
1596357753000,71,14
1596358053000,71,14
1596358353000,70,33
1596358653000,70,28
1596358953000,71,16
1596359253000,71,14
1596359553000,71,18
1596359853000,71,17
1596360153000,71,25
1596360453000,71,29
1596360753000,72,28
1596361053000,73,18
1596361353000,70,37
1596361653000,69,46
1596361953000,69,35
1596362253000,69,45
1596362553000,66,60
1596362853000,66,63
1596363153000,69,20
1596363453000,64,31
1596363753000,63,66
1596364053000,65,41
1596364353000,66,37
1596364653000,69,25
1596364953000,72,29
1596365253000,68,38
1596365553000,69,38
1596365853000,67,33
1596366153000,63,35
1596366453000,61,43
1596366753000,62,36
1596367053000,61,40
1596367353000,60,44
1596367653000,60,51
1596367953000,60,49
1596368253000,60,46
1596368553000,60,44
1596368853000,59,50
1596369153000,60,49
1596369453000,59,57
1596369753000,59,53
1596370053000,64,57
1596370353000,64,50
1596370653000,65,38
1596370953000,70,40
1596371253000,65,36
1596371553000,63,46
1596371853000,62,43
1596372153000,65,24
1596372453000,63,37
1596372753000,67,16
1596373053000,69,15
1596373353000,69,33
1596373653000,71,23
1596373953000,77,20
1596374253000,72,41
1596374553000,70,46
1596374853000,73,34
1596375153000,70,37
1596375453000,69,46
1596375753000,73,21
1596376053000,68,47
1596376353000,68,61
1596376653000,66,52
1596376953000,65,50
1596377253000,64,50
1596377553000,64,56
1596377853000,64,53
1596378153000,64,49
1596378453000,64,54
1596378753000,73,32
1596379053000,76,16
1596379353000,72,35
1596379653000,75,19
1596379953000,73,18
1596380253000,73,31
1596380553000,70,29
1596380853000,71,38
1596381153000,74,23
1596381453000,72,34
1596381753000,73,44
1596382053000,67,50
1596382353000,67,44
1596382653000,69,29
1596382953000,73,16
1596383253000,71,15
1596383553000,74,12
1596383853000,75,12
1596384153000,72,44
1596384453000,69,44
1596384753000,72,23
1596385053000,70,22
1596385353000,71,19
1596385653000,75,20
1596385953000,80,15
1596386253000,0,0
1596435030000,0,0
1596435330000,0,0
1596435630000,0,0
1596435930000,0,0
1596436230000,70,31
1596436530000,73,25
1596436830000,75,30
1596437130000,76,47
1596437430000,76,28
1596437730000,76,38
1596438030000,0,0
1596438330000,0,0
1596438630000,74,18
1596438930000,72,11
1596439230000,72,12
1596439530000,74,12
1596439830000,74,12
1596440130000,74,12
1596440430000,74,11
1596440730000,73,27
1596441030000,71,20
1596441330000,67,30
1596441630000,67,28
1596441930000,75,33
1596442230000,75,20
1596442530000,71,28
1596442830000,69,24
1596443130000,74,27
1596443430000,73,17
1596443730000,74,11
1596444030000,74,11
1596444330000,74,20
1596444630000,70,32
1596444930000,73,14
1596445230000,73,19
1596445530000,71,25
1596445830000,72,18
1596446130000,72,27
1596446430000,73,25
1596446730000,70,19
1596447030000,70,19
1596447330000,72,28
1596447630000,68,35
1596447930000,70,25
1596448230000,70,27
1596448530000,70,17
1596448830000,70,16
1596449130000,70,17
1596449430000,70,18
1596449730000,67,25
1596450030000,69,21
1596450330000,69,19
1596450630000,70,15
1596450930000,70,16
1596451230000,71,16
1596451530000,75,12
1596451830000,73,33
1596452130000,74,20
1596452430000,73,18
1596452730000,67,33
1596453030000,62,37
1596453330000,63,38
1596453630000,68,22
1596453930000,70,14
1596454230000,70,14
1596454530000,64,34
1596454830000,67,22
1596455130000,68,32
1596455430000,71,28
1596455730000,70,15
1596456030000,73,16
1596456330000,71,27
1596456630000,69,21
1596456930000,72,30
1596457230000,71,22
1596457530000,66,29
1596457830000,74,13
1596458130000,68,21
1596458430000,65,26
1596458730000,65,26
1596459030000,65,24
1596459330000,64,28
1596459630000,65,24
1596459930000,65,25
1596460230000,66,23
1596460530000,66,23
1596460830000,66,24
1596461130000,66,23
1596461430000,73,22
1596461730000,73,19
1596462030000,70,26
1596462330000,73,29
1596462630000,73,24
1596462930000,65,36
1596463230000,64,37
1596463530000,67,27
1596463830000,71,16
1596464130000,72,24
1596464430000,71,17
1596464730000,72,21
1596465030000,71,23
1596465330000,70,27
1596465630000,69,28
1596465930000,72,26
1596466230000,70,20
1596466530000,65,32
1596466830000,71,28
1596467130000,72,13
1596467430000,70,23
1596467730000,72,27
1596468030000,68,28
1596468330000,77,32
1596468630000,84,29
1596468930000,97,21
1596528872000,0,0
1596529172000,0,0
1596529472000,69,12
1596529772000,68,34
1596530072000,69,17
1596530372000,68,14
1596530672000,69,13
1596530972000,70,12
1596531272000,70,12
1596531572000,71,12
1596531872000,73,13
1596532172000,74,13
1596532472000,72,23
1596532772000,69,39
1596533072000,67,46
1596533372000,70,44
1596533672000,73,36
1596533972000,68,32
1596534272000,66,21
1596534572000,65,48
1596534872000,69,25
1596535172000,70,41
1596535472000,73,14
1596535772000,65,45
1596536072000,68,48
1596536372000,70,35
1596536672000,71,25
1596536972000,71,30
1596537272000,71,44
1596537572000,73,34
1596537872000,73,38
1596538172000,74,20
1596538472000,73,15
1596538772000,73,12
1596539072000,73,13
1596539372000,72,14
1596539672000,71,32
1596539972000,70,15
1596540272000,70,14
1596540572000,71,15
1596540872000,70,15
1596541172000,70,14
1596541472000,70,15
1596541772000,71,14
1596542072000,68,28
1596542372000,69,30
1596542672000,69,22
1596542972000,73,14
1596543272000,71,18
1596543572000,67,45
1596543872000,70,34
1596544172000,70,17
1596544472000,70,18
1596544772000,70,16
1596545072000,67,46
1596545372000,62,70
1596545672000,62,60
1596545972000,67,44
1596546272000,69,31
1596546572000,69,27
1596546872000,67,44
1596547172000,68,36
1596547472000,68,40
1596547772000,71,25
1596548072000,67,48
1596548372000,69,25
1596548672000,64,34
1596548972000,64,43
1596549272000,65,46
1596549572000,70,23
1596549872000,66,41
1596550172000,63,44
1596550472000,64,48
1596550772000,67,48
1596551072000,75,12
1596551372000,68,40
1596551672000,69,44
1596551972000,71,33
1596552272000,75,17
1596552572000,66,58
1596552872000,67,59
1596553172000,69,42
1596553472000,70,34
1596553772000,67,40
1596554072000,73,19
1596554372000,72,30
1596554672000,74,25
1596554972000,73,24
1596555272000,77,34
1596555572000,77,33
1596614369000,0,0
1596614669000,0,0
1596614969000,62,61
1596615269000,62,45
1596615569000,62,42
1596615869000,62,56
1596616169000,63,41
1596616469000,64,42
1596616769000,65,39
1596617069000,66,38
1596617369000,68,50
1596617669000,68,57
1596617969000,71,36
1596618269000,71,30
1596618569000,67,46
1596618869000,66,45
1596619169000,67,47
1596619469000,65,61
1596619769000,64,37
1596620069000,63,50
1596620369000,62,48
1596620669000,62,48
1596620969000,62,51
1596621269000,62,50
1596621569000,63,72
1596621869000,66,57
1596622169000,69,34
1596622469000,73,19
1596622769000,73,21
1596623069000,70,34
1596623369000,67,44
1596623669000,64,41
1596623969000,63,47
1596624269000,62,42
1596624569000,61,47
1596624869000,61,62
1596625169000,60,49
1596625469000,60,58
1596625769000,60,59
1596626069000,59,53
1596626369000,60,58
1596626669000,62,58
1596626969000,60,51
1596627269000,58,70
1596627569000,65,45
1596627869000,70,18
1596628169000,69,15
1596628469000,63,52
1596628769000,69,24
1596629069000,63,44
1596629369000,61,62
1596629669000,60,57
1596629969000,62,41
1596630269000,61,43
1596630569000,61,46
1596630869000,61,39
1596631169000,61,43
1596631469000,61,43
1596631769000,61,60
1596632069000,65,45
1596632369000,69,55
1596632669000,70,22
1596632969000,69,26
1596633269000,67,28
1596633569000,66,42
1596633869000,70,25
1596634169000,63,65
1596634469000,63,57
1596634769000,69,19
1596635069000,67,24
1596635369000,63,51
1596635669000,60,59
1596635969000,61,61
1596636269000,62,51
1596636569000,59,67
1596636869000,61,62
1596637169000,62,48
1596637469000,61,57
1596637769000,65,54
1596638069000,66,45
1596638369000,65,45
1596638669000,65,40
1596638969000,63,75
1596639269000,64,54
1596639569000,63,66
1596639869000,60,81
1596640169000,61,67
1596640469000,62,64
1596640769000,61,66
1596641069000,63,43
1596641369000,64,41
1596641669000,64,40
1596641969000,64,62
1596642269000,63,62
1596642569000,68,38
1596642869000,69,32
1596643169000,70,29
1596643469000,78,47
1596643769000,70,44
1596788369000,68,17
1596788669000,66,39
1596788969000,0,0
1596789269000,0,0
1596789569000,61,65
1596789869000,65,36
1596790169000,65,20
1596790469000,65,15
1596790769000,65,40
1596791069000,66,17
1596791369000,65,15
1596791669000,66,14
1596791969000,67,13
1596792269000,67,12
1596792569000,67,13
1596792869000,68,13
1596793169000,75,29
1596793469000,76,20
1596793769000,76,17
1596794069000,73,19
1596794369000,68,37
1596794669000,66,26
1596794969000,66,39
1596795269000,67,19
1596795569000,66,32
1596795869000,67,45
1596796169000,71,15
1596796469000,73,13
1596796769000,71,17
1596797069000,73,33
1596797369000,74,16
1596797669000,74,24
1596797969000,74,20
1596798269000,71,21
1596798569000,66,30
1596798869000,65,59
1596799169000,62,64
1596799469000,61,52
1596799769000,61,46
1596800069000,60,50
1596800369000,61,44
1596800669000,62,44
1596800969000,61,44
1596801269000,61,51
1596801569000,62,53
1596801869000,58,74
1596802169000,65,24
1596802469000,65,21
1596802769000,66,17
1596803069000,66,18
1596803369000,65,20
1596803669000,68,17
1596803969000,70,19
1596804269000,68,25
1596804569000,69,30
1596804869000,70,22
1596805169000,69,18
1596805469000,68,21
1596805769000,63,41
1596806069000,69,18
1596806369000,69,18
1596806669000,65,44
1596806969000,61,55
1596807269000,62,50
1596807569000,62,48
1596807869000,62,48
1596808169000,62,47
1596808469000,62,46
1596808769000,66,34
1596809069000,69,14
1596809369000,66,45
1596809669000,67,42
1596809969000,65,51
1596810269000,69,29
1596810569000,65,34
1596810869000,69,27
1596811169000,73,24
1596811469000,65,33
1596811769000,64,43
1596812069000,66,20
1596812369000,65,53
1596812669000,63,58
1596812969000,61,43
1596813269000,61,45
1596813569000,61,45
1596813869000,61,49
1596814169000,62,39
1596814469000,63,41
1596814769000,63,44
1596815069000,65,39
1596815369000,79,31
1596815669000,69,47
1596815969000,67,50
1596816269000,73,42
1596816569000,70,42
1596875551000,0,0
1596875851000,0,0
1596876151000,0,0
1596876451000,0,0
1596876751000,65,19
1596877051000,64,18
1596877351000,64,16
1596877651000,64,16
1596877951000,65,22
1596878251000,65,31
1596878551000,65,20
1596878851000,65,18
1596879151000,65,17
1596879451000,65,23
1596879751000,70,22
1596880051000,71,39
1596880351000,70,32
1596880651000,69,23
1596880951000,68,19
1596881251000,69,21
1596881551000,60,57
1596881851000,61,52
1596882151000,60,35
1596882451000,60,43
1596882751000,60,35
1596883051000,60,40
1596883351000,60,42
1596883651000,60,44
1596883951000,62,41
1596884251000,69,21
1596884551000,71,19
1596884851000,68,28
1596885151000,66,46
1596885451000,62,52
1596885751000,59,50
1596886051000,59,35
1596886351000,55,63
1596886651000,55,71
1596886951000,56,58
1596887251000,59,31
1596887551000,59,31
1596887851000,56,64
1596888151000,55,78
1596888451000,57,69
1596888751000,57,61
1596889051000,56,69
1596889351000,55,70
1596889651000,56,68
1596889951000,58,63
1596890251000,64,30
1596890551000,68,17
1596890851000,67,26
1596891151000,68,31
1596891451000,68,28
1596891751000,66,36
1596892051000,67,19
1596892351000,65,25
1596892651000,61,48
1596892951000,62,44
1596893251000,59,56
1596893551000,60,49
1596893851000,59,53
1596894151000,59,51
1596894451000,58,51
1596894751000,0,0
1596895051000,62,79
1596895351000,66,54
1596895651000,65,42
1596895951000,67,30
1596896251000,66,39
1596896551000,66,39
1596896851000,69,36
1596897151000,67,24
1596897451000,0,0
1596897751000,0,0
1596898051000,0,0
1596898351000,0,0
1596898651000,0,0
1596898951000,0,0
1596899251000,0,0
1596899551000,0,0
1596899851000,0,0
1596900151000,66,20
1596900451000,66,51
1596900751000,65,43
1596901051000,0,0
1596901351000,0,0
1596901651000,74,37
1596901951000,70,25
1596902251000,70,26
1596902551000,67,17
1596902851000,68,16
1596903151000,68,54
1596903451000,67,34
1596903751000,67,41
1596904051000,67,18
1596960932000,0,0
1596961232000,0,0
1596961532000,61,89
1596961832000,62,90
1596962132000,58,147
1596962432000,58,113
1596962732000,57,109
1596963032000,58,96
1596963332000,58,105
1596963632000,58,98
1596963932000,57,92
1596964232000,57,86
1596964532000,56,104
1596964832000,58,68
1596965132000,58,84
1596965432000,57,93
1596965732000,60,99
1596966032000,68,52
1596966332000,68,30
1596966632000,67,23
1596966932000,66,22
1596967232000,65,34
1596967532000,64,17
1596967832000,63,57
1596968132000,61,60
1596968432000,59,74
1596968732000,58,87
1596969032000,60,80
1596969332000,58,63
1596969632000,60,63
1596969932000,65,44
1596970232000,67,29
1596970532000,65,40
1596970832000,70,25
1596971132000,67,20
1596971432000,66,17
1596971732000,61,57
1596972032000,59,74
1596972332000,61,65
1596972632000,56,78
1596972932000,57,64
1596973232000,56,68
1596973532000,57,76
1596973832000,57,67
1596974132000,57,62
1596974432000,58,63
1596974732000,57,64
1596975032000,58,59
1596975332000,59,52
1596975632000,59,68
1596975932000,60,49
1596976232000,63,33
1596976532000,62,47
1596976832000,63,49
1596977132000,63,39
1596977432000,58,66
1596977732000,58,58
1596978032000,61,83
1596978332000,59,72
1596978632000,58,69
1596978932000,58,70
1596979232000,57,74
1596979532000,59,79
1596979832000,58,71
1596980132000,65,48
1596980432000,70,25
1596980732000,62,60
1596981032000,68,35
1596981332000,71,30
1596981632000,67,36
1596981932000,65,25
1596982232000,59,71
1596982532000,60,61
1596982832000,61,56
1596983132000,61,37
1596983432000,60,50
1596983732000,59,56
1596984032000,61,50
1596984332000,65,52
1596984632000,62,58
1596984932000,63,46
1596985232000,66,44
1596985532000,68,28
1596985832000,68,22
1596986132000,69,33
1596986432000,66,24
1596986732000,63,48
1596987032000,63,46
1596987332000,63,48
1596987632000,63,51
1596987932000,63,54
1596988232000,64,60
1596988532000,62,62
1596988832000,63,46
1596989132000,65,39
1596989432000,68,24
1596989732000,72,18
1596990032000,72,17
1596990332000,70,20
1596990632000,67,18
1596990932000,0,0
1597048830000,0,0
1597049130000,0,0
1597049430000,61,80
1597049730000,65,38
1597050030000,62,52
1597050330000,60,84
1597050630000,64,32
1597050930000,66,16
1597051230000,65,30
1597051530000,66,22
1597051830000,67,17
1597052130000,64,47
1597052430000,66,14
1597052730000,65,16
1597053030000,65,14
1597053330000,64,39
1597053630000,68,16
1597053930000,71,23
1597054230000,72,13
1597054530000,68,17
1597054830000,70,14
1597055130000,69,16
1597055430000,69,17
1597055730000,65,56
1597056030000,65,31
1597056330000,66,16
1597056630000,64,24
1597056930000,61,44
1597057230000,60,48
1597057530000,61,44
1597057830000,65,27
1597058130000,72,29
1597058430000,70,25
1597058730000,72,31
1597059030000,67,29
1597059330000,67,30
1597059630000,69,28
1597059930000,65,32
1597060230000,61,45
1597060530000,60,53
1597060830000,65,19
1597061130000,65,16
1597061430000,64,37
1597061730000,60,41
1597062030000,61,42
1597062330000,61,36
1597062630000,58,53
1597062930000,63,22
1597063230000,63,18
1597063530000,61,29
1597063830000,59,39
1597064130000,61,36
1597064430000,63,33
1597064730000,62,62
1597065030000,68,24
1597065330000,75,16
1597065630000,68,24
1597065930000,70,29
1597066230000,66,38
1597066530000,68,25
1597066830000,65,18
1597067130000,65,17
1597067430000,64,22
1597067730000,62,38
1597068030000,62,38
1597068330000,60,64
1597068630000,58,57
1597068930000,59,55
1597069230000,62,37
1597069530000,67,22
1597069830000,65,20
1597070130000,69,23
1597070430000,69,36
1597070730000,68,27
1597071030000,63,38
1597071330000,63,40
1597071630000,66,32
1597071930000,66,17
1597072230000,64,41
1597072530000,60,54
1597072830000,66,34
1597073130000,67,20
1597073430000,66,19
1597073730000,69,20
1597074030000,70,20
1597074330000,70,20
1597074630000,71,23
1597074930000,72,45
1597075230000,0,0
1597134092000,0,0
1597134392000,0,0
1597134692000,61,40
1597134992000,58,60
1597135292000,58,52
1597135592000,58,52
1597135892000,59,51
1597136192000,59,59
1597136492000,60,54
1597136792000,59,51
1597137092000,59,49
1597137392000,59,57
1597137692000,59,57
1597137992000,58,58
1597138292000,60,55
1597138592000,62,47
1597138892000,69,38
1597139192000,69,23
1597139492000,68,23
1597139792000,64,30
1597140092000,64,16
1597140392000,64,18
1597140692000,63,18
1597140992000,62,25
1597141292000,61,40
1597141592000,62,30
1597141892000,64,15
1597142192000,64,16
1597142492000,64,15
1597142792000,64,16
1597143092000,65,17
1597143392000,64,32
1597143692000,67,15
1597143992000,69,23
1597144292000,69,47
1597144592000,68,33
1597144892000,70,25
1597145192000,70,23
1597145492000,66,31
1597145792000,66,33
1597146092000,65,26
1597146392000,62,41
1597146692000,64,27
1597146992000,66,17
1597147292000,66,18
1597147592000,65,18
1597147892000,65,17
1597148192000,65,18
1597148492000,64,17
1597148792000,64,23
1597149092000,63,52
1597149392000,66,20
1597149692000,69,16
1597149992000,66,35
1597150292000,69,19
1597150592000,65,36
1597150892000,65,27
1597151192000,60,42
1597151492000,62,38
1597151792000,66,22
1597152092000,65,21
1597152392000,64,53
1597152692000,65,22
1597152992000,65,44
1597153292000,61,72
1597153592000,63,51
1597153892000,60,74
1597154192000,65,32
1597154492000,65,37
1597154792000,71,17
1597155092000,70,17
1597155392000,68,30
1597155692000,67,34
1597155992000,67,42
1597156292000,70,30
1597156592000,72,15
1597156892000,69,34
1597157192000,69,18
1597157492000,68,19
1597157792000,65,50
1597158092000,61,62
1597158392000,65,45
1597158692000,65,34
1597158992000,61,50
1597159292000,67,58
1597159592000,62,52
1597159892000,65,39
1597160192000,65,40
1597160492000,64,38
1597160792000,69,35
1597161092000,69,50
1597161392000,0,0
1597224812000,70,41
1597225112000,67,43
1597225412000,67,42
1597225712000,67,41
1597226012000,69,24
1597226312000,70,20
1597226612000,70,22
1597226912000,69,38
1597227212000,68,29
1597227512000,68,30
1597227812000,67,39
1597228112000,66,43
1597228412000,66,45
1597228712000,66,32
1597229012000,67,32
1597229312000,69,39
1597229612000,72,29
1597229912000,71,24
1597230212000,69,32
1597230512000,68,34
1597230812000,66,39
1597231112000,63,49
1597231412000,62,38
1597231712000,62,45
1597232012000,66,25
1597232312000,63,44
1597232612000,67,20
1597232912000,65,38
1597233212000,65,32
1597233512000,66,18
1597233812000,68,38
1597234112000,68,44
1597234412000,69,41
1597234712000,67,50
1597235012000,68,39
1597235312000,70,33
1597235612000,68,37
1597235912000,67,41
1597236212000,60,54
1597236512000,61,54
1597236812000,60,59
1597237112000,61,54
1597237412000,66,21
1597237712000,61,52
1597238012000,60,56
1597238312000,59,63
1597238612000,62,59
1597238912000,62,47
1597239212000,66,40
1597239512000,72,16
1597239812000,73,21
1597240112000,0,0
1597240412000,65,53
1597240712000,64,53
1597241012000,64,54
1597241312000,67,24
1597241612000,67,24
1597241912000,62,49
1597242212000,62,43
1597242512000,62,48
1597242812000,65,17
1597243112000,65,18
1597243412000,69,40
1597243712000,68,37
1597244012000,70,34
1597244312000,73,24
1597244612000,70,48
1597244912000,0,0
1597245212000,69,38
1597245512000,72,35
1597245812000,71,16
1597246112000,64,49
1597246412000,63,62
1597246712000,61,64
1597247012000,63,61
1597247312000,63,64
1597247612000,62,64
1597247912000,63,55
1597248212000,61,66
1597248512000,68,61
1597248812000,62,61
1597249112000,60,79
1597249412000,62,69
1597249712000,60,79
1597250012000,61,72
1597250312000,62,63
1597250612000,69,21
1597250912000,72,18
1597251212000,73,34
1597251512000,77,43
1597251812000,74,48
1597252112000,76,35
1597252412000,0,0
1597309952000,0,0
1597310252000,65,53
1597310552000,68,30
1597310852000,67,16
1597311152000,63,29
1597311452000,61,43
1597311752000,62,42
1597312052000,66,20
1597312352000,68,14
1597312652000,69,13
1597312952000,66,41
1597313252000,64,46
1597313552000,67,38
1597313852000,72,15
1597314152000,71,30
1597314452000,71,41
1597314752000,72,37
1597315052000,69,37
1597315352000,64,37
1597315652000,62,39
1597315952000,61,36
1597316252000,64,32
1597316552000,62,50
1597316852000,60,43
1597317152000,59,60
1597317452000,60,46
1597317752000,60,45
1597318052000,59,46
1597318352000,59,61
1597318652000,61,60
1597318952000,68,33
1597319252000,70,31
1597319552000,68,31
1597319852000,73,28
1597320152000,72,33
1597320452000,70,24
1597320752000,69,31
1597321052000,71,18
1597321352000,69,26
1597321652000,64,42
1597321952000,63,44
1597322252000,63,41
1597322552000,64,47
1597322852000,69,16
1597323152000,66,36
1597323452000,63,46
1597323752000,63,57
1597324052000,66,28
1597324352000,69,15
1597324652000,70,27
1597324952000,70,17
1597325252000,73,15
1597325552000,71,23
1597325852000,69,44
1597326152000,69,32
1597326452000,67,35
1597326752000,69,15
1597327052000,66,33
1597327352000,63,39
1597327652000,62,43
1597327952000,61,48
1597328252000,61,50
1597328552000,64,38
1597328852000,61,56
1597329152000,63,60
1597329452000,69,26
1597329752000,73,30
1597330052000,72,23
1597330352000,73,23
1597330652000,71,21
1597330952000,72,18
1597331252000,73,15
1597331552000,73,17
1597331852000,72,18
1597332152000,66,48
1597332452000,70,40
1597332752000,68,50
1597333052000,66,54
1597333352000,63,54
1597333652000,63,59
1597333952000,0,0
1597389750000,0,0
1597390050000,69,35
1597390350000,66,39
1597390650000,66,44
1597390950000,67,40
1597391250000,69,39
1597391550000,67,45
1597391850000,64,44
1597392150000,64,40
1597392450000,64,38
1597392750000,64,41
1597393050000,65,51
1597393350000,69,42
1597393650000,63,57
1597393950000,62,58
1597394250000,67,52
1597394550000,69,13
1597394850000,68,23
1597395150000,67,21
1597395450000,63,40
1597395750000,64,24
1597396050000,64,23
1597396350000,62,47
1597396650000,61,41
1597396950000,58,61
1597397250000,56,66
1597397550000,56,72
1597397850000,58,61
1597398150000,58,70
1597398450000,58,71
1597398750000,58,66
1597399050000,66,32
1597399350000,71,15
1597399650000,69,17
1597399950000,67,33
1597400250000,65,32
1597400550000,64,22
1597400850000,62,17
1597401150000,63,17
1597401450000,63,20
1597401750000,63,14
1597402050000,63,14
1597402350000,64,29
1597402650000,63,30
1597402950000,68,24
1597403250000,70,26
1597403550000,72,31
1597403850000,73,25
1597404150000,68,36
1597404450000,69,25
1597404750000,70,33
1597405050000,70,44
1597405350000,70,15
1597405650000,62,54
1597405950000,65,38
1597406250000,66,21
1597406550000,67,17
1597406850000,64,40
1597407150000,63,56
1597407450000,69,18
1597407750000,70,17
1597408050000,69,17
1597408350000,67,33
1597408650000,68,16
1597408950000,64,47
1597409250000,65,33
1597409550000,65,33
1597409850000,67,26
1597410150000,70,18
1597410450000,69,21
1597410750000,69,29
1597411050000,63,39
1597411350000,63,47
1597411650000,69,15
1597411950000,69,13
1597412250000,67,42
1597412550000,67,19
1597412850000,60,46
1597413150000,61,43
1597413450000,66,24
1597413750000,62,51
1597414050000,0,0
1597414350000,63,41
1597414650000,73,19
1597414950000,73,17
1597415250000,70,30
1597415550000,69,30
1597415850000,69,20
1597416150000,66,21
1597416450000,65,25
1597416750000,66,20
1597417050000,65,52
1597417350000,59,76
1597417650000,61,63
1597417950000,61,56
1597418250000,59,51
1597418550000,63,30
1597418850000,65,23
1597419150000,66,33
1597419450000,67,18
1597419750000,70,20
1597420050000,71,21
1597420350000,71,17
1597420650000,70,28
1597420950000,0,0
1597421250000,0,0
1597650750000,69,34
1597651050000,69,35
1597651350000,70,44
1597651650000,67,43
1597651950000,64,37
1597652250000,65,56
1597652550000,66,32
1597652850000,67,15
1597653150000,67,13
1597653450000,67,14
1597653750000,68,14
1597654050000,66,36
1597654350000,71,17
1597654650000,71,16
1597654950000,71,15
1597655250000,69,31
1597655550000,65,46
1597655850000,64,48
1597656150000,69,44
1597656450000,70,34
1597656750000,68,42
1597657050000,69,26
1597657350000,67,44
1597657650000,66,50
1597657950000,68,36
1597658250000,64,51
1597658550000,62,47
1597658850000,65,57
1597659150000,63,42
1597659450000,68,20
1597659750000,68,20
1597660050000,66,18
1597660350000,66,17
1597660650000,66,19
1597660950000,66,19
1597661250000,67,20
1597661550000,62,57
1597661850000,65,48
1597662150000,66,44
1597662450000,67,43
1597662750000,67,38
1597663050000,63,47
1597663350000,61,67
1597663650000,66,19
1597663950000,65,26
1597664250000,63,52
1597664550000,62,55
1597664850000,59,58
1597665150000,58,65
1597665450000,61,35
1597665750000,59,34
1597666050000,58,38
1597666350000,58,38
1597666650000,57,57
1597666950000,57,71
1597667250000,59,72
1597667550000,62,57
1597667850000,67,31
1597668150000,69,36
1597668450000,65,41
1597668750000,66,41
1597669050000,68,35
1597669350000,69,30
1597669650000,59,52
1597669950000,57,64
1597670250000,59,61
1597670550000,59,42
1597670850000,59,51
1597671150000,59,49
1597671450000,61,60
1597671750000,60,65
1597672050000,60,71
1597672350000,60,94
1597672650000,56,69
1597672950000,56,68
1597673250000,57,65
1597673550000,63,77
1597673850000,67,45
1597674150000,73,25
1597674450000,68,28
1597674750000,66,46
1597675050000,66,46
1597675350000,61,58
1597675650000,59,66
1597675950000,59,63
1597676250000,59,59
1597676550000,62,70
1597676850000,60,72
1597677150000,59,73
1597677450000,59,74
1597677750000,60,71
1597678050000,60,66
1597678350000,60,63
1597678650000,60,63
1597678950000,61,63
1597679250000,64,53
1597679550000,0,0
1597679850000,0,0
1597680150000,0,0
1597680450000,0,0
1597680750000,0,0
1597681050000,0,0
1597681350000,0,0
1597681650000,0,0
1597681950000,0,0
1597737809000,0,0
1597738109000,63,53
1597738409000,63,39
1597738709000,64,47
1597739009000,65,64
1597739309000,59,55
1597739609000,59,43
1597739909000,59,29
1597740209000,59,49
1597740509000,58,56
1597740809000,59,75
1597741109000,60,106
1597741409000,59,56
1597741709000,58,63
1597742009000,58,63
1597742309000,58,61
1597742609000,58,66
1597742909000,64,59
1597743209000,70,37
1597743509000,68,58
1597743809000,70,23
1597744109000,66,18
1597744409000,64,45
1597744709000,64,40
1597745009000,59,46
1597745309000,64,18
1597745609000,61,44
1597745909000,65,29
1597746209000,63,33
1597746509000,65,18
1597746809000,61,46
1597747109000,69,31
1597747409000,69,35
1597747709000,71,28
1597748009000,67,37
1597748309000,66,20
1597748609000,66,25
1597748909000,65,19
1597749209000,65,18
1597749509000,58,67
1597749809000,59,54
1597750109000,62,45
1597750409000,63,22
1597750709000,63,22
1597751009000,63,21
1597751309000,63,19
1597751609000,62,22
1597751909000,63,21
1597752209000,61,54
1597752509000,66,32
1597752809000,69,33
1597753109000,69,32
1597753409000,69,22
1597753709000,62,35
1597754009000,61,48
1597754309000,59,54
1597754609000,59,50
1597754909000,59,52
1597755209000,59,43
1597755509000,57,52
1597755809000,58,54
1597756109000,63,25
1597756409000,59,33
1597756709000,59,36
1597757009000,63,47
1597757309000,63,31
1597757609000,68,29
1597757909000,70,24
1597758209000,69,17
1597758509000,66,36
1597758809000,69,24
1597759109000,68,20
1597759409000,63,44
1597759709000,57,78
1597760009000,58,63
1597760309000,58,49
1597760609000,58,47
1597760909000,57,66
1597761209000,55,83
1597761509000,60,51
1597761809000,62,24
1597762109000,63,53
1597762409000,59,81
1597762709000,63,40
1597763009000,65,51
1597763309000,68,24
1597763609000,64,49
1597763909000,59,64
1597764209000,56,79
1597764509000,61,66
1597764809000,64,24
1597765109000,65,28
1597765409000,69,62
1597765709000,70,48
1597766009000,70,52
1597766309000,71,57
1597766609000,65,49
1597766909000,65,64
1597767209000,67,55
1597767509000,66,64
1597767809000,64,59
1597768109000,65,45
1597768409000,66,54
1597913552000,0,0
1597913852000,0,0
1597914152000,73,16
1597914452000,71,45
1597914752000,68,43
1597915052000,67,38
1597915352000,68,43
1597915652000,69,42
1597915952000,69,41
1597916252000,71,41
1597916552000,72,46
1597916852000,72,38
1597917152000,71,34
1597917452000,73,26
1597917752000,70,41
1597918052000,72,36
1597918352000,65,56
1597918652000,67,29
1597918952000,68,27
1597919252000,67,62
1597919552000,62,76
1597919852000,63,42
1597920152000,66,35
1597920452000,69,29
1597920752000,68,30
1597921052000,65,50
1597921352000,69,25
1597921652000,66,45
1597921952000,64,48
1597922252000,68,84
1597922552000,69,41
1597922852000,72,27
1597923152000,70,45
1597923452000,73,17
1597923752000,68,38
1597924052000,62,59
1597924352000,0,0
1597924652000,0,0
1597924952000,0,0
1597925252000,68,37
1597925552000,0,0
1597925852000,0,0
1597926152000,0,0
1597926452000,0,0
1597926752000,63,47
1597927052000,67,33
1597927352000,71,31
1597927652000,71,31
1597927952000,72,18
1597928252000,73,14
1597928552000,68,29
1597928852000,66,35
1597929152000,65,59
1597929452000,63,52
1597929752000,62,56
1597930052000,61,52
1597930352000,63,40
1597930652000,62,41
1597930952000,61,61
1597931252000,60,68
1597931552000,64,51
1597931852000,67,24
1597932152000,68,27
1597932452000,63,40
1597932752000,66,33
1597933052000,66,40
1597933352000,63,43
1597933652000,63,42
1597933952000,67,33
1597934252000,69,22
1597934552000,69,20
1597934852000,66,42
1597935152000,67,24
1597935452000,69,40
1597935752000,64,58
1597936052000,64,48
1597936352000,62,56
1597936652000,62,57
1597936952000,60,59
1597937252000,60,55
1597937552000,61,54
1597937852000,61,51
1597938152000,64,46
1597938452000,71,34
1597938752000,70,31
1597939052000,73,23
1597939352000,69,33
1597939652000,66,41
1597939952000,62,41
1597940252000,61,52
1597940552000,66,52
1597940852000,67,46
1597941152000,68,23
1597941452000,66,40
1597941752000,61,51
1597942052000,60,53
1597942352000,63,78
1597942652000,0,0
1597942952000,0,0
1597943252000,0,0
1597943552000,71,25
1597943852000,72,27
1597944152000,0,0
1597944452000,0,0
1597944752000,0,0
1597945052000,0,0
1597996563000,0,0
1597996863000,0,0
1597997163000,0,0
1597997463000,0,0
1597997763000,0,0
1597998063000,0,0
1597998363000,0,0
1597998663000,0,0
1597998963000,0,0
1597999263000,0,0
1597999563000,0,0
1597999863000,77,57
1598000163000,66,47
1598000463000,68,40
1598000763000,69,51
1598001063000,70,51
1598001363000,69,52
1598001663000,72,48
1598001963000,71,34
1598002263000,67,51
1598002563000,67,61
1598002863000,64,51
1598003163000,62,84
1598003463000,61,75
1598003763000,67,16
1598004063000,68,15
1598004363000,66,39
1598004663000,63,50
1598004963000,67,21
1598005263000,60,59
1598005563000,60,59
1598005863000,66,54
1598006163000,69,46
1598006463000,68,42
1598006763000,68,36
1598007063000,71,31
1598007363000,66,67
1598007663000,64,60
1598007963000,62,41
1598008263000,63,57
1598008563000,61,46
1598008863000,62,71
1598009163000,60,64
1598009463000,60,67
1598009763000,58,66
1598010063000,57,60
1598010363000,57,69
1598010663000,58,49
1598010963000,63,40
1598011263000,67,52
1598011563000,72,33
1598011863000,68,43
1598012163000,68,32
1598012463000,69,40
1598012763000,64,60
1598013063000,62,60
1598013363000,61,67
1598013663000,63,54
1598013963000,58,62
1598014263000,58,74
1598014563000,57,60
1598014863000,57,68
1598015163000,65,31
1598015463000,66,26
1598015763000,64,50
1598016063000,59,50
1598016363000,62,61
1598016663000,66,40
1598016963000,70,46
1598017263000,67,51
1598017563000,68,76
1598017863000,70,42
1598018163000,66,65
1598018463000,0,0
1598018763000,63,40
1598168222000,70,23
1598168522000,67,49
1598168822000,70,50
1598169122000,66,37
1598169422000,66,33
1598169722000,65,39
1598170022000,65,38
1598170322000,66,39
1598170622000,65,38
1598170922000,65,40
1598171222000,67,36
1598171522000,69,41
1598171822000,74,31
1598172122000,72,29
1598172422000,70,37
1598172722000,74,14
1598173022000,68,51
1598173322000,66,32
1598173622000,65,38
1598173922000,64,62
1598174222000,67,46
1598174522000,64,62
1598174822000,68,34
1598175122000,69,34
1598175422000,64,58
1598175722000,65,38
1598176022000,71,26
1598176322000,68,42
1598176622000,67,45
1598176922000,66,34
1598177222000,67,30
1598177522000,63,43
1598177822000,66,29
1598178122000,68,16
1598178422000,67,23
1598178722000,65,29
1598179022000,64,37
1598179322000,66,15
1598179622000,65,15
1598179922000,70,24
1598180222000,73,18
1598180522000,72,42
1598180822000,72,32
1598181122000,72,35
1598181422000,67,33
1598181722000,68,29
1598182022000,69,19
1598182322000,66,31
1598182622000,68,19
1598182922000,65,32
1598183222000,61,56
1598183522000,60,67
1598183822000,60,47
1598184122000,59,53
1598184422000,60,65
1598184722000,60,60
1598185022000,60,59
1598185322000,62,47
1598185622000,64,37
1598185922000,70,27
1598186222000,71,24
1598186522000,73,28
1598186822000,70,24
1598187122000,72,22
1598187422000,68,30
1598187722000,69,24
1598188022000,71,36
1598188322000,63,54
1598188622000,67,23
1598188922000,69,15
1598189222000,68,32
1598189522000,68,50
1598189822000,62,66
1598190122000,63,53
1598190422000,62,62
1598190722000,0,0
1598191022000,0,0
1598254199000,0,0
1598254499000,0,0
1598254799000,67,55
1598255099000,68,32
1598255399000,67,40
1598255699000,68,31
1598255999000,67,48
1598256299000,63,77
1598256599000,61,73
1598256899000,62,52
1598257199000,63,62
1598257499000,65,55
1598257799000,65,48
1598258099000,64,32
1598258399000,64,33
1598258699000,64,37
1598258999000,67,58
1598259299000,70,36
1598259599000,71,34
1598259899000,68,41
1598260199000,67,50
1598260499000,68,44
1598260799000,64,57
1598261099000,63,27
1598261399000,63,50
1598261699000,61,40
1598261999000,60,38
1598262299000,59,46
1598262599000,57,75
1598262899000,58,62
1598263199000,60,57
1598263499000,62,44
1598263799000,66,28
1598264099000,70,34
1598264399000,67,31
1598264699000,66,44
1598264999000,70,32
1598265299000,68,35
1598265599000,67,20
1598265899000,62,54
1598266199000,61,39
1598266499000,61,63
1598266799000,60,50
1598267099000,59,37
1598267399000,60,36
1598267699000,57,75
1598267999000,59,43
1598268299000,60,40
1598268599000,60,39
1598268899000,60,38
1598269199000,60,45
1598269499000,61,69
1598269799000,61,66
1598270099000,65,57
1598270399000,68,38
1598270699000,71,27
1598270999000,69,17
1598271299000,67,27
1598271599000,66,31
1598271899000,62,53
1598272199000,62,29
1598272499000,63,32
1598272799000,62,31
1598273099000,63,29
1598273399000,63,46
1598273699000,60,71
1598273999000,63,41
1598274299000,65,33
1598274599000,61,55
1598274899000,63,59
1598275199000,69,32
1598275499000,68,36
1598275799000,64,41
1598276099000,64,39
1598276399000,61,71
1598276699000,61,67
1598276999000,59,38
1598277299000,61,39
1598277599000,59,68
1598277899000,58,63
1598278199000,59,60
1598278499000,59,61
1598278799000,59,61
1598279099000,62,59
1598279399000,68,37
1598279699000,67,35
1598279999000,70,23
1598280299000,68,40
1598280599000,67,31
1598280899000,69,41
1598281199000,71,16
1598281499000,71,21
1598281799000,66,35
1598282099000,70,46
1598282399000,71,44
1598282699000,69,28
1598282999000,64,59
1598283299000,65,49
1598283599000,64,56
1598283899000,61,69
1598284199000,63,62
1598284499000,65,38
1598284799000,65,37
1598285099000,65,37
1598285399000,65,49
1598285699000,65,51
1598285999000,68,64
1598286299000,68,31
1598286599000,68,23
1598286899000,68,38
1598287199000,74,21
1598287499000,74,17
1598287799000,0,0
1598288099000,0,0
1598288399000,0,0
1598340182000,0,0
1598340482000,71,40
1598340782000,69,40
1598341082000,68,28
1598341382000,67,21
1598341682000,67,24
1598341982000,67,31
1598342282000,69,46
1598342582000,65,72
1598342882000,65,39
1598343182000,65,27
1598343482000,65,26
1598343782000,65,35
1598344082000,67,62
1598344382000,70,48
1598344682000,73,44
1598344982000,72,31
1598345282000,68,53
1598345582000,70,50
1598345882000,65,39
1598346182000,65,28
1598346482000,64,36
1598346782000,64,43
1598347082000,63,30
1598347382000,62,36
1598347682000,62,36
1598347982000,61,36
1598348282000,61,35
1598348582000,61,37
1598348882000,64,38
1598349182000,61,45
1598349482000,63,52
1598349782000,62,35
1598350082000,69,27
1598350382000,69,37
1598350682000,0,0
1598350982000,61,73
1598351282000,60,54
1598351582000,60,42
1598351882000,61,46
1598352182000,60,44
1598352482000,59,65
1598352782000,59,52
1598353082000,59,45
1598353382000,59,68
1598353682000,58,70
1598353982000,58,48
1598354282000,62,38
1598354582000,64,34
1598354882000,65,35
1598355182000,62,51
1598355482000,60,57
1598355782000,66,18
1598356082000,60,54
1598356382000,58,56
1598356682000,58,48
1598356982000,59,54
1598357282000,58,65
1598357582000,59,60
1598357882000,59,50
1598358182000,59,47
1598358482000,60,46
1598358782000,60,49
1598359082000,60,51
1598359382000,63,46
1598359682000,63,70
1598359982000,67,26
1598360282000,68,35
1598360582000,65,42
1598360882000,62,41
1598361182000,0,0
1598361482000,60,48
1598361782000,62,63
1598362082000,60,50
1598362382000,60,37
1598362682000,61,47
1598362982000,64,51
1598363282000,66,32
1598363582000,63,47
1598363882000,63,62
1598364182000,64,51
1598364482000,62,81
1598364782000,62,63
1598365082000,62,46
1598365382000,61,41
1598365682000,60,46
1598365982000,59,55
1598366282000,59,49
1598366582000,59,60
1598366882000,59,50
1598367182000,60,48
1598367482000,60,46
1598367782000,59,54
1598368082000,61,62
1598368382000,63,41
1598368682000,66,35
1598368982000,71,23
1598369282000,69,25
1598369582000,68,31
1598369882000,72,42
1598427480000,0,0
1598427780000,62,41
1598428080000,65,21
1598428380000,65,14
1598428680000,66,23
1598428980000,66,14
1598429280000,67,13
1598429580000,65,20
1598429880000,63,55
1598430180000,67,12
1598430480000,67,13
1598430780000,68,12
1598431080000,67,15
1598431380000,68,12
1598431680000,70,27
1598431980000,73,16
1598432280000,73,28
1598432580000,74,16
1598432880000,73,16
1598433180000,0,0
1598433480000,0,0
1598433780000,69,39
1598434080000,65,38
1598434380000,71,20
1598434680000,66,39
1598434980000,0,0
1598435280000,0,0
1598435580000,64,56
1598435880000,65,70
1598436180000,64,40
1598436480000,66,15
1598436780000,69,15
1598437080000,65,31
1598437380000,69,26
1598437680000,75,11
1598437980000,74,15
1598438280000,71,20
1598438580000,71,24
1598438880000,74,17
1598439180000,73,15
1598439480000,71,13
1598439780000,72,13
1598440080000,68,21
1598440380000,66,26
1598440680000,62,43
1598440980000,65,42
1598441280000,66,16
1598441580000,62,41
1598441880000,61,48
1598442180000,61,52
1598442480000,63,46
1598442780000,65,35
1598443080000,62,40
1598443380000,63,39
1598443680000,62,52
1598443980000,66,30
1598444280000,64,51
1598444580000,63,46
1598444880000,63,45
1598445180000,62,52
1598445480000,62,47
1598445780000,64,40
1598446080000,63,50
1598446380000,63,51
1598446680000,64,50
1598446980000,70,14
1598447280000,72,20
1598447580000,70,21
1598447880000,70,22
1598448180000,70,21
1598448480000,71,19
1598448780000,69,22
1598449080000,68,26
1598449380000,65,33
1598449680000,61,43
1598449980000,62,41
1598450280000,61,44
1598450580000,60,44
1598450880000,60,59
1598451180000,65,47
1598451480000,61,43
1598451780000,63,43
1598452080000,67,41
1598452380000,73,15
1598452680000,72,16
1598452980000,70,26
1598453280000,70,26
1598453580000,73,29
1598453880000,69,31
1598454180000,67,37
1598454480000,72,17
1598454780000,66,44
1598455080000,66,45
1598455380000,66,36
1598455680000,63,51
1598455980000,64,53
1598456280000,65,54
1598456580000,67,50
1598456880000,63,51
1598457180000,64,37
1598457480000,68,33
1598457780000,70,20
1598458080000,71,16
1598458380000,72,15
1598458680000,68,29
1598458980000,70,23
1598459280000,72,14
1598459580000,70,21
1598459880000,67,58
1598460180000,67,31
1598460480000,67,34
1598460780000,67,38
1598461080000,72,58
1598461380000,72,33
1598461680000,71,20
1598461980000,67,32
1598462280000,68,57
1598462580000,66,48
1598462880000,67,42
1598463180000,68,33
1598463480000,67,42
1598463780000,68,53
1598516072000,0,0
1598516372000,0,0
1598516672000,0,0
1598516972000,0,0
1598517272000,0,0
1598517572000,0,0
1598517872000,0,0
1598518172000,0,0
1598518472000,0,0
1598518772000,0,0
1598519072000,0,0
1598519372000,0,0
1598519672000,73,40
1598519972000,69,62
1598520272000,71,54
1598520572000,72,47
1598520872000,69,67
1598521172000,71,60
1598521472000,73,19
1598521772000,72,17
1598522072000,73,17
1598522372000,72,17
1598522672000,73,16
1598522972000,72,17
1598523272000,71,21
1598523572000,68,49
1598523872000,66,47
1598524172000,66,50
1598524472000,66,56
1598524772000,74,14
1598525072000,75,21
1598525372000,74,17
1598525672000,74,16
1598525972000,72,18
1598526272000,70,44
1598526572000,71,25
1598526872000,66,38
1598527172000,69,26
1598527472000,72,12
1598527772000,67,34
1598528072000,65,37
1598528372000,65,45
1598528672000,65,46
1598528972000,66,44
1598529272000,66,41
1598529572000,70,43
1598529872000,71,16
1598530172000,67,35
1598530472000,67,40
1598530772000,72,24
1598531072000,72,22
1598531372000,68,40
1598531672000,68,35
1598531972000,63,48
1598532272000,63,46
1598532572000,62,41
1598532872000,64,46
1598533172000,60,49
1598533472000,65,53
1598533772000,62,52
1598534072000,62,35
1598534372000,65,24
1598534672000,66,40
1598534972000,72,25
1598535272000,74,27
1598535572000,70,32
1598535872000,0,0
1598536172000,72,20
1598536472000,66,32
1598536772000,67,30
1598537072000,66,28
1598537372000,64,40
1598537672000,64,40
1598537972000,64,36
1598538272000,65,31
1598538572000,64,38
1598538872000,65,40
1598539172000,67,32
1598539472000,66,35
1598539772000,66,44
1598540072000,66,34
1598540372000,70,32
1598540672000,71,27
1598540972000,72,20
1598541272000,72,19
1598541572000,69,26
1598541872000,63,39
1598542172000,63,42
1598542472000,68,34
1598542772000,70,19
1598543072000,73,17
1598543372000,74,14
1598543672000,70,39
1598543972000,72,43
1598544272000,68,36
1598544572000,76,34
1598544872000,75,35
1598545172000,73,31
1598545472000,72,28
1598545772000,74,30
1598546072000,73,38
1598546372000,75,37
1598546672000,74,38
1598601269000,66,42
1598601569000,66,26
1598601869000,68,29
1598602169000,72,22
1598602469000,66,55
1598602769000,66,44
1598603069000,69,14
1598603369000,69,14
1598603669000,70,13
1598603969000,72,14
1598604269000,72,15
1598604569000,72,14
1598604869000,73,15
1598605169000,71,31
1598605469000,70,52
1598605769000,74,28
1598606069000,73,30
1598606369000,73,20
1598606669000,68,30
1598606969000,69,26
1598607269000,72,13
1598607569000,72,14
1598607869000,69,35
1598608169000,71,21
1598608469000,71,12
1598608769000,65,36
1598609069000,65,30
1598609369000,70,13
1598609669000,72,20
1598609969000,70,14
1598610269000,75,10
1598610569000,72,17
1598610869000,77,13
1598611169000,72,34
1598611469000,71,35
1598611769000,72,22
1598612069000,68,45
1598612369000,66,53
1598612669000,67,42
1598612969000,66,43
1598613269000,70,27
1598613569000,71,13
1598613869000,70,16
1598614169000,71,16
1598614469000,71,16
1598614769000,71,16
1598615069000,71,17
1598615369000,71,26
1598615669000,71,18
1598615969000,70,24
1598616269000,72,12
1598616569000,72,19
1598616869000,71,25
1598617169000,73,19
1598617469000,68,48
1598617769000,66,31
1598618069000,67,23
1598618369000,67,17
1598618669000,68,15
1598618969000,67,32
1598619269000,68,15
1598619569000,69,20
1598619869000,67,24
1598620169000,67,20
1598620469000,68,20
1598620769000,67,35
1598621069000,66,53
1598621369000,66,41
1598621669000,74,12
1598621969000,73,19
1598622269000,70,21
1598622569000,71,18
1598622869000,73,14
1598623169000,71,16
1598623469000,71,15
1598623769000,71,16
1598624069000,71,19
1598624369000,65,43
1598624669000,66,44
1598624969000,65,49
1598625269000,67,43
1598625569000,66,36
1598625869000,69,31
1598626169000,72,19
1598626469000,72,16
1598626769000,74,16
1598627069000,72,19
1598627369000,71,17
1598627669000,70,25
1598627969000,71,17
1598628269000,71,17
1598628569000,70,16
1598628869000,71,15
1598629169000,69,28
1598629469000,68,33
1598629769000,69,20
1598630069000,71,27
1598630369000,69,27
1598630669000,76,13
1598630969000,73,16
1598631269000,76,18
1598631569000,74,13
1598631869000,72,17
1598632169000,71,20
1598632469000,65,32
1598632769000,71,28
1598633069000,69,25
1598633369000,63,40
1598633669000,68,24
1598633969000,71,17
1598634269000,68,17
1598634569000,70,18
1598634869000,70,19
1598635169000,65,52
1598635469000,66,43
1598635769000,71,25
1598636069000,74,19
1598636369000,73,17
1598636669000,75,16
1598636969000,68,44
1598637269000,72,27
1598637569000,0,0
1598689952000,0,0
1598690252000,68,33
1598690552000,67,47
1598690852000,67,45
1598691152000,68,46
1598691452000,67,44
1598691752000,68,42
1598692052000,68,42
1598692352000,69,30
1598692652000,70,31
1598692952000,71,27
1598693252000,71,29
1598693552000,71,28
1598693852000,72,29
1598694152000,78,39
1598694452000,78,13
1598694752000,76,13
1598695052000,77,15
1598695352000,74,18
1598695652000,68,44
1598695952000,68,40
1598696252000,69,34
1598696552000,69,32
1598696852000,70,23
1598697152000,74,14
1598697452000,69,37
1598697752000,70,35
1598698052000,71,31
1598698352000,76,13
1598698652000,73,19
1598698952000,73,19
1598699252000,74,19
1598699552000,71,32
1598699852000,69,31
1598700152000,73,13
1598700452000,72,27
1598700752000,69,28
1598701052000,70,15
1598701352000,69,19
1598701652000,71,13
1598701952000,70,14
1598702252000,70,20
1598702552000,67,32
1598702852000,67,41
1598703152000,70,28
1598703452000,70,32
1598703752000,73,18
1598704052000,69,28
1598704352000,71,15
1598704652000,68,28
1598704952000,70,15
1598705252000,69,15
1598705552000,70,15
1598705852000,71,16
1598706152000,70,16
1598706452000,68,29
1598706752000,69,33
1598707052000,69,29
1598707352000,73,30
1598707652000,72,22
1598707952000,76,19
1598708252000,72,26
1598708552000,72,31
1598708852000,73,18
1598709152000,69,38
1598709452000,72,17
1598709752000,67,33
1598710052000,73,13
1598710352000,73,14
1598710652000,69,30
1598710952000,69,20
1598711252000,69,21
1598711552000,69,20
1598711852000,70,34
1598712152000,70,31
1598712452000,73,17
1598712752000,74,17
1598713052000,73,20
1598713352000,72,22
1598713652000,68,40
1598713952000,67,42
1598714252000,71,16
1598714552000,71,22
1598714852000,71,18
1598715152000,71,32
1598715452000,69,25
1598715752000,68,50
1598716052000,0,0
1598716352000,71,50
1598716652000,71,30
1598716952000,0,0
1598773109000,0,0
1598773409000,0,0
1598773709000,70,29
1598774009000,69,37
1598774309000,65,72
1598774609000,69,13
1598774909000,69,13
1598775209000,70,12
1598775509000,71,11
1598775809000,70,19
1598776109000,70,36
1598776409000,72,40
1598776709000,75,24
1598777009000,75,28
1598777309000,75,41
1598777609000,72,24
1598777909000,74,16
1598778209000,73,16
1598778509000,73,24
1598778809000,72,14
1598779109000,73,14
1598779409000,73,16
1598779709000,68,43
1598780009000,66,28
1598780309000,64,31
1598780609000,64,31
1598780909000,64,34
1598781209000,68,21
1598781509000,70,14
1598781809000,70,15
1598782109000,70,14
1598782409000,70,15
1598782709000,70,15
1598783009000,71,25
1598783309000,71,24
1598783609000,73,21
1598783909000,71,21
1598784209000,72,16
1598784509000,68,21
1598784809000,66,30
1598785109000,63,34
1598785409000,65,34
1598785709000,67,19
1598786009000,69,32
1598786309000,69,21
1598786609000,63,37
1598786909000,64,38
1598787209000,64,39
1598787509000,65,36
1598787809000,67,28
1598788109000,70,19
1598788409000,72,20
1598788709000,74,15
1598789009000,74,20
1598789309000,74,26
1598789609000,72,20
1598789909000,73,13
1598790209000,66,40
1598790509000,67,45
1598790809000,65,41
1598791109000,65,46
1598791409000,67,53
1598791709000,64,40
1598792009000,64,36
1598792309000,63,40
1598792609000,63,39
1598792909000,63,37
1598793209000,63,37
1598793509000,63,48
1598793809000,65,48
1598794109000,65,53
1598794409000,69,39
1598794709000,72,19
1598795009000,65,29
1598795309000,62,34
1598795609000,62,36
1598795909000,65,49
1598796209000,73,49
1598796509000,69,43
1598796809000,73,14
1598859331000,0,0
1598859631000,66,36
1598859931000,64,39
1598860231000,62,80
1598860531000,62,41
1598860831000,63,36
1598861131000,64,35
1598861431000,64,38
1598861731000,63,45
1598862031000,66,47
1598862331000,70,13
1598862631000,71,12
1598862931000,73,20
1598863231000,74,30
1598863531000,76,39
1598863831000,74,41
1598864131000,73,25
1598864431000,70,31
1598864731000,72,21
1598865031000,71,21
1598865331000,72,22
1598865631000,72,29
1598865931000,73,21
1598866231000,74,42
1598866531000,68,20
1598866831000,68,28
1598867131000,67,23
1598867431000,67,25
1598867731000,67,22
1598868031000,68,43
1598868331000,71,21
1598868631000,74,17
1598868931000,78,13
1598869231000,74,23
1598869531000,73,37
1598869831000,69,36
1598870131000,70,32
1598870431000,69,36
1598870731000,69,37
1598871031000,68,37
1598871331000,69,19
1598871631000,67,41
1598871931000,67,35
1598872231000,66,42
1598872531000,68,26
1598872831000,72,28
1598873131000,72,25
1598873431000,75,25
1598873731000,71,17
1598874031000,73,28
1598874331000,73,16
1598874631000,68,29
1598874931000,66,39
1598875231000,71,25
1598875531000,73,12
1598875831000,72,14
1598876131000,72,15
1598876431000,66,43
1598876731000,66,39
1598877031000,66,37
1598877331000,66,43
1598877631000,65,47
1598877931000,66,43
1598878231000,65,48
1598878531000,65,35
1598878831000,70,35
1598879131000,69,34
1598879431000,68,37
1598879731000,63,33
1598880031000,65,30
1598880331000,61,52
1598880631000,62,49
1598880931000,62,35
1598881231000,64,38
1598881531000,64,48
1598881831000,73,12
1598882131000,75,13
1598882431000,73,12
1598882731000,70,35
1598883031000,74,20
1598883331000,73,24
1598883631000,71,35
1598883931000,73,33
1598884231000,71,20
1598884531000,72,32
1598884831000,73,13
1598885131000,72,14
1598885431000,67,31
1598885731000,66,29
1598886031000,65,45
1598886331000,65,44
1598886631000,65,44
1598886931000,66,42
1598887231000,68,37
1598887531000,72,20
1598887831000,69,24
1598888131000,67,37
1598888431000,74,23
1598888731000,68,34
1598889031000,72,26
1598889331000,72,42
1598889631000,76,39
1598889931000,75,32
1598890231000,81,28
1598890531000,76,31
1598890831000,74,37
1598891131000,73,47
1598891431000,73,43
1598891731000,72,42
1598892031000,71,50
1598948069000,0,0
1598948369000,73,21
1598948669000,73,11
1598948969000,75,20
1598949269000,70,35
1598949569000,70,35
1598949869000,71,35
1598950169000,70,34
1598950469000,72,28
1598950769000,72,28
1598951069000,71,31
1598951369000,71,28
1598951669000,72,31
1598951969000,72,31
1598952269000,75,28
1598952569000,79,25
1598952869000,77,21
1598953169000,79,16
1598953469000,78,18
1598953769000,76,17
1598954069000,71,27
1598954369000,72,28
1598954669000,70,29
1598954969000,74,18
1598955269000,73,22
1598955569000,70,35
1598955869000,72,37
1598956169000,69,27
1598956469000,69,31
1598956769000,68,43
1598957069000,75,31
1598957369000,77,29
1598957669000,76,32
1598957969000,76,34
1598958269000,72,45
1598958569000,69,42
1598958869000,67,57
1598959169000,70,23
1598959469000,67,44
1598959769000,68,37
1598960069000,67,42
1598960369000,67,63
1598960669000,65,48
1598960969000,68,41
1598961269000,68,31
1598961569000,74,13
1598961869000,75,22
1598962169000,74,27
1598962469000,75,20
1598962769000,73,22
1598963069000,73,25
1598963369000,72,20
1598963669000,72,29
1598963969000,66,52
1598964269000,66,43
1598964569000,65,53
1598964869000,65,39
1598965169000,65,38
1598965469000,64,45
1598965769000,64,48
1598966069000,63,53
1598966369000,69,27
1598966669000,67,30
1598966969000,69,26
1598967269000,68,37
1598967569000,68,32
1598967869000,65,55
1598968169000,69,27
1598968469000,68,30
1598968769000,70,17
1598969069000,68,39
1598969369000,64,44
1598969669000,69,31
1598969969000,71,33
1598970269000,74,23
1598970569000,74,55
1598970869000,75,29
1598971169000,71,35
1598971469000,75,20
1598971769000,68,35
1598972069000,66,37
1598972369000,65,47
1598972669000,71,25
1598972969000,66,32
1598973269000,68,29
1598973569000,69,33
1598973869000,64,47
1598974169000,64,41
1598974469000,69,35
1598974769000,69,21
1598975069000,75,15
1598975369000,74,20
1598975669000,75,23
1598975969000,69,32
1598976269000,69,33
1598976569000,69,46
1598976869000,0,0
1598977169000,0,0
1598977469000,0,0
1598977769000,67,52
1598978069000,69,41
1598978369000,70,21
1598978669000,66,39
1598978969000,66,41
1598979269000,67,34
1598979569000,67,38
1598979869000,67,38
1598980169000,68,44
1598980469000,68,46
1598980769000,70,30
1598981069000,71,31
1598981369000,68,33
1598981669000,72,33
1598981969000,0,0
1599198121000,0,0
1599198421000,0,0
1599198721000,71,35
1599199021000,71,34
1599199321000,72,39
1599199621000,69,45
1599199921000,71,36
1599200221000,74,17
1599200521000,71,37
1599200821000,71,35
1599201121000,71,38
1599201421000,70,39
1599201721000,70,34
1599202021000,70,35
1599202321000,71,32
1599202621000,75,27
1599202921000,73,39
1599203221000,72,34
1599203521000,73,25
1599203821000,69,49
1599204121000,68,49
1599204421000,69,48
1599204721000,70,22
1599205021000,67,25
1599205321000,66,46
1599205621000,69,37
1599205921000,70,43
1599206221000,66,52
1599206521000,71,31
1599206821000,70,43
1599207121000,68,39
1599207421000,67,48
1599207721000,67,49
1599208021000,66,53
1599208321000,66,50
1599208621000,71,30
1599208921000,69,13
1599209221000,71,15
1599209521000,71,15
1599209821000,70,15
1599210121000,66,42
1599210421000,69,14
1599210721000,69,14
1599211021000,69,36
1599211321000,72,28
1599211621000,73,32
1599211921000,67,46
1599212221000,67,49
1599212521000,64,54
1599212821000,71,29
1599213121000,72,20
1599213421000,70,30
1599213721000,65,57
1599214021000,67,56
1599214321000,67,47
1599214621000,66,44
1599214921000,66,52
1599215221000,71,25
1599215521000,75,18
1599215821000,75,35
1599216121000,70,30
1599216421000,75,26
1599216721000,70,51
1599217021000,66,41
1599217321000,69,43
1599217621000,65,41
1599217921000,65,50
1599218221000,65,41
1599218521000,66,42
1599218821000,72,24
1599219121000,72,19
1599219421000,72,17
1599219721000,73,18
1599220021000,72,18
1599220321000,70,22
1599220621000,63,51
1599220921000,65,46
1599221221000,72,25
1599221521000,74,19
1599221821000,70,31
1599222121000,70,33
1599222421000,66,29
1599222721000,68,36
1599223021000,69,18
1599223321000,67,32
1599223621000,65,36
1599223921000,63,33
1599224221000,64,33
1599224521000,65,42
1599224821000,63,63
1599225121000,66,52
1599225421000,64,59
1599225721000,67,47
1599226021000,71,27
1599226321000,71,46
1599226621000,70,25
1599226921000,70,16
1599227221000,67,52
1599227521000,68,17
1599227821000,66,40
1599228121000,68,18
1599228421000,69,18
1599228721000,68,31
1599229021000,69,31
1599229321000,67,54
1599229621000,70,54
1599229921000,70,41
1599230221000,71,36
1599230521000,74,22
1599230821000,79,21
1599231121000,91,15
1599287883000,0,0
1599288183000,0,0
1599288483000,70,59
1599288783000,70,35
1599289083000,67,97
1599289383000,73,39
1599289683000,73,33
1599289983000,68,93
1599290283000,71,44
1599290583000,69,61
1599290883000,69,77
1599291183000,70,36
1599291483000,73,37
1599291783000,74,43
1599292083000,74,53
1599292383000,76,52
1599292683000,75,79
1599292983000,72,54
1599293283000,73,63
1599293583000,74,67
1599293883000,70,46
1599294183000,73,42
1599294483000,73,31
1599294783000,69,42
1599295083000,71,42
1599295383000,71,41
1599295683000,74,25
1599295983000,74,41
1599296283000,72,47
1599296583000,72,34
1599296883000,75,29
1599297183000,75,24
1599297483000,75,39
1599297783000,73,47
1599298083000,69,39
1599298383000,73,29
1599298683000,70,36
1599298983000,68,50
1599299283000,69,43
1599299583000,67,52
1599299883000,72,17
1599300183000,67,41
1599300483000,65,43
1599300783000,63,38
1599301083000,63,37
1599301383000,64,36
1599301683000,66,17
1599301983000,63,38
1599302283000,67,18
1599302583000,72,22
1599302883000,71,48
1599303183000,69,39
1599303483000,69,21
1599303783000,64,52
1599304083000,65,48
1599304383000,65,40
1599304683000,65,46
1599304983000,59,63
1599305283000,61,56
1599305583000,62,58
1599305883000,65,21
1599306183000,66,22
1599306483000,71,30
1599306783000,70,21
1599307083000,71,27
1599307383000,71,28
1599307683000,71,20
1599307983000,70,26
1599308283000,70,25
1599308583000,67,36
1599308883000,66,36
1599309183000,68,31
1599309483000,69,19
1599309783000,65,36
1599310083000,66,39
1599310383000,68,16
1599310683000,67,18
1599310983000,69,19
1599311283000,64,35
1599311583000,68,17
1599311883000,68,17
1599312183000,69,16
1599312483000,70,18
1599312783000,66,43
1599313083000,68,50
1599313383000,68,49
1599313683000,66,26
1599313983000,63,34
1599314283000,68,24
1599314583000,70,19
1599314883000,71,16
1599315183000,69,33
1599315483000,67,36
1599315783000,62,45
1599316083000,62,55
1599316383000,63,54
1599316683000,63,54
1599316983000,67,34
1599317283000,65,48
1599317583000,65,54
1599317883000,66,45
1599318183000,73,25
1599318483000,70,25
1599318783000,67,33
1599319083000,71,29
1599319383000,71,19
1599319683000,67,35
1599319983000,66,39
1599320283000,77,39
1599320583000,77,34
1599320883000,74,36
1599377821000,0,0
1599378121000,0,0
1599378421000,0,0
1599378721000,0,0
1599379021000,66,39
1599379321000,66,42
1599379621000,66,44
1599379921000,63,48
1599380221000,65,61
1599380521000,64,58
1599380821000,64,56
1599381121000,62,55
1599381421000,67,46
1599381721000,62,57
1599382021000,64,54
1599382321000,70,13
1599382621000,71,13
1599382921000,71,14
1599383221000,0,0
1599383521000,71,30
1599383821000,69,49
1599384121000,68,59
1599384421000,68,36
1599384721000,68,28
1599385021000,64,33
1599385321000,64,35
1599385621000,63,43
1599385921000,63,47
1599386221000,65,47
1599386521000,63,51
1599386821000,62,64
1599387121000,64,50
1599387421000,67,42
1599387721000,73,22
1599388021000,74,17
1599388321000,74,16
1599388621000,70,37
1599388921000,72,24
1599389221000,66,43
1599389521000,67,53
1599389821000,66,55
1599390121000,64,53
1599390421000,63,57
1599390721000,63,53
1599391021000,0,0
1599391321000,63,55
1599391621000,64,51
1599391921000,64,47
1599392221000,64,52
1599392521000,65,45
1599392821000,65,49
1599393121000,66,50
1599393421000,67,51
1599393721000,67,30
1599394021000,70,27
1599394321000,71,32
1599394621000,70,31
1599394921000,69,29
1599395221000,67,49
1599395521000,70,23
1599395821000,70,19
1599396121000,64,56
1599396421000,61,59
1599396721000,61,60
1599397021000,66,50
1599397321000,63,49
1599397621000,61,50
1599397921000,60,63
1599398221000,60,70
1599398521000,62,52
1599398821000,65,20
1599399121000,65,21
1599399421000,70,32
1599399721000,67,50
1599400021000,72,17
1599400321000,70,22
1599400621000,70,27
1599400921000,70,23
1599401221000,69,31
1599401521000,71,40
1599401821000,68,31
1599402121000,68,29
1599402421000,66,40
1599402721000,61,71
1599403021000,61,59
1599403321000,61,58
1599403621000,62,56
1599403921000,66,49
1599404221000,63,58
1599404521000,0,0
1599463743000,0,0
1599464043000,69,47
1599464343000,68,36
1599464643000,74,15
1599464943000,71,29
1599465243000,71,22
1599465543000,72,26
1599465843000,69,23
1599466143000,70,18
1599466443000,72,22
1599466743000,73,15
1599467043000,72,14
1599467343000,72,14
1599467643000,70,31
1599467943000,73,25
1599468243000,74,38
1599468543000,72,53
1599468843000,74,35
1599469143000,66,35
1599469443000,68,29
1599469743000,71,20
1599470043000,72,15
1599470343000,71,19
1599470643000,65,24
1599470943000,64,26
1599471243000,64,26
1599471543000,68,30
1599471843000,69,26
1599472143000,67,25
1599472443000,65,32
1599472743000,71,16
1599473043000,72,32
1599473343000,70,46
1599473643000,70,43
1599473943000,73,42
1599474243000,70,48
1599474543000,72,18
1599474843000,70,20
1599475143000,65,26
1599475443000,62,31
1599475743000,62,31
1599476043000,61,45
1599476343000,60,39
1599476643000,60,38
1599476943000,60,38
1599477243000,60,38
1599477543000,59,42
1599477843000,59,42
1599478143000,59,43
1599478443000,62,52
1599478743000,63,38
1599479043000,62,45
1599479343000,61,42
1599479643000,65,28
1599479943000,69,18
1599480243000,68,31
1599480543000,69,27
1599480843000,66,20
1599481143000,66,26
1599481443000,65,23
1599481743000,64,22
1599482043000,64,46
1599482343000,61,59
1599482643000,62,54
1599482943000,68,22
1599483243000,71,20
1599483543000,62,50
1599483843000,66,39
1599484143000,73,26
1599484443000,74,22
1599484743000,70,38
1599485043000,65,53
1599485343000,64,42
1599485643000,62,38
1599485943000,64,47
1599486243000,63,39
1599486543000,60,46
1599486843000,60,52
1599487143000,62,46
1599487443000,61,45
1599487743000,61,50
1599488043000,61,51
1599488343000,69,35
1599488643000,70,22
1599488943000,73,16
1599489243000,72,15
1599489543000,66,33
1599489843000,66,34
1599490143000,68,34
1599490443000,69,21
1599490743000,71,20
1599491043000,65,50
1599491343000,65,43
1599491643000,67,41
1599491943000,64,44
1599492243000,62,53
1599492543000,65,51
1599492843000,66,19
1599493143000,67,19
1599493443000,63,42
1599493743000,64,50
1599494043000,75,42
1599494343000,73,37
1599494643000,70,34
1599494943000,68,44
1599544741000,0,0
1599545041000,0,0
1599545341000,66,37
1599545641000,66,36
1599545941000,70,26
1599546241000,68,28
1599546541000,68,22
1599546841000,68,25
1599547141000,68,25
1599547441000,68,24
1599547741000,68,22
1599548041000,68,24
1599548341000,66,47
1599548641000,63,49
1599548941000,63,44
1599549241000,67,44
1599549541000,67,47
1599549841000,67,59
1599550141000,68,56
1599550441000,66,52
1599550741000,65,52
1599551041000,67,29
1599551341000,65,42
1599551641000,62,33
1599551941000,63,39
1599552241000,65,31
1599552541000,66,43
1599552841000,65,44
1599553141000,66,27
1599553441000,64,51
1599553741000,65,47
1599554041000,64,32
1599554341000,66,58
1599554641000,68,68
1599554941000,66,63
1599555241000,68,45
1599555541000,65,66
1599555841000,68,64
1599556141000,66,29
1599556441000,65,23
1599556741000,62,45
1599557041000,60,40
1599557341000,62,50
1599557641000,60,38
1599557941000,60,45
1599558241000,61,39
1599558541000,60,41
1599558841000,61,42
1599559141000,65,30
1599559441000,64,26
1599559741000,63,25
1599560041000,0,0
1599560341000,0,0
1599560641000,0,0
1599560941000,63,42
1599561241000,64,62
1599561541000,64,85
1599561841000,65,98
1599562141000,64,86
1599562441000,64,64
1599562741000,63,58
1599563041000,58,52
1599563341000,58,51
1599563641000,61,45
1599563941000,61,31
1599564241000,64,43
1599564541000,64,36
1599564841000,60,34
1599565141000,60,34
1599565441000,61,38
1599565741000,62,38
1599566041000,65,27
1599566341000,60,46
1599566641000,63,31
1599566941000,62,48
1599567241000,62,43
1599567541000,65,56
1599567841000,64,36
1599568141000,66,38
1599568441000,64,49
1599568741000,67,34
1599569041000,65,44
1599569341000,66,36
1599569641000,66,45
1599569941000,64,49
1599570241000,63,39
1599570541000,65,31
1599570841000,64,35
1599571141000,59,41
1599571441000,59,43
1599571741000,60,43
1599572041000,60,45
1599572341000,60,48
1599572641000,58,46
1599572941000,60,39
1599573241000,60,39
1599573541000,59,45
1599573841000,66,35
1599574141000,67,39
1599574441000,66,51
1599574741000,65,61
1599575041000,67,43
1599575341000,67,33
1599575641000,63,37
1599575941000,61,44
1599576241000,63,39
1599576541000,61,33
1599576841000,62,29
1599577141000,62,30
1599577441000,62,33
1599577741000,62,31
1599578041000,63,26
1599578341000,68,39
1599578641000,69,42
1599578941000,64,41
1599579241000,64,41
1599579541000,65,45
1599579841000,67,51
1599580141000,64,40
1599580441000,67,42
1599580741000,66,38
1599581041000,67,46
1599581341000,69,40
1599581641000,66,46
1599581941000,63,42
1599582241000,0,0
1599582541000,0,0
1599582841000,66,53
1599583141000,66,42
1599583441000,64,49
1599635013000,65,51
1599635313000,68,16
1599635613000,68,16
1599635913000,66,53
1599636213000,65,59
1599636513000,65,36
1599636813000,67,15
1599637113000,67,14
1599637413000,68,16
1599637713000,68,19
1599638013000,67,61
1599638313000,65,63
1599638613000,70,41
1599638913000,72,35
1599639213000,70,32
1599639513000,70,56
1599639813000,69,46
1599640113000,65,44
1599640413000,64,35
1599640713000,63,37
1599641013000,63,39
1599641313000,63,42
1599641613000,63,43
1599641913000,65,41
1599642213000,64,37
1599642513000,64,32
1599642813000,64,44
1599643113000,65,38
1599643413000,66,33
1599643713000,66,36
1599644013000,69,39
1599644313000,65,23
1599644613000,66,53
1599644913000,68,57
1599645213000,66,47
1599645513000,66,47
1599645813000,67,44
1599646113000,67,39
1599646413000,67,19
1599646713000,66,20
1599647013000,65,18
1599647313000,66,30
1599647613000,65,36
1599647913000,68,17
1599648213000,66,31
1599648513000,66,34
1599648813000,65,46
1599649113000,63,41
1599649413000,65,44
1599649713000,65,39
1599650013000,65,47
1599650313000,69,37
1599650613000,68,34
1599650913000,66,27
1599651213000,64,34
1599651513000,65,34
1599651813000,62,46
1599652113000,65,38
1599652413000,63,32
1599652713000,64,23
1599653013000,62,40
1599653313000,65,36
1599653613000,67,35
1599653913000,67,35
1599654213000,67,35
1599654513000,66,35
1599654813000,66,40
1599655113000,65,39
1599655413000,63,44
1599655713000,67,31
1599656013000,70,32
1599656313000,71,25
1599656613000,68,27
1599656913000,65,38
1599657213000,66,45
1599657513000,67,36
1599657813000,65,38
1599658113000,68,20
1599658413000,62,35
1599658713000,59,45
1599659013000,61,43
1599659313000,65,20
1599659613000,66,18
1599659913000,65,33
1599660213000,66,36
1599660513000,67,20
1599660813000,69,27
1599661113000,68,27
1599661413000,68,26
1599661713000,70,33
1599662013000,67,41
1599662313000,66,44
1599662613000,67,26
1599662913000,65,37
1599663213000,68,33
1599663513000,62,54
1599663813000,66,55
1599664113000,67,40
1599664413000,61,54
1599664713000,62,46
1599665013000,65,47
1599665313000,62,45
1599665613000,67,23
1599665913000,73,28
1599715713000,0,0
1599716013000,72,47
1599716313000,71,56
1599716613000,69,38
1599716913000,69,43
1599717213000,68,38
1599717513000,68,47
1599717813000,71,38
1599718113000,74,40
1599718413000,73,42
1599718713000,75,38
1599719013000,71,36
1599719313000,71,41
1599719613000,74,35
1599719913000,69,50
1599720213000,67,42
1599720513000,70,37
1599720813000,72,35
1599721113000,71,47
1599721413000,67,50
1599721713000,71,35
1599722013000,67,46
1599722313000,67,52
1599722613000,67,55
1599722913000,68,56
1599723213000,69,50
1599723513000,71,34
1599723813000,71,27
1599724113000,72,27
1599724413000,71,35
1599724713000,71,34
1599725013000,69,44
1599725313000,70,38
1599725613000,69,40
1599725913000,69,45
1599726213000,69,42
1599726513000,70,37
1599726813000,68,44
1599727113000,70,37
1599727413000,69,41
1599727713000,67,45
1599728013000,66,48
1599728313000,66,48
1599728613000,66,46
1599728913000,65,52
1599729213000,70,37
1599729513000,68,40
1599729813000,71,20
1599730113000,70,29
1599730413000,68,42
1599730713000,66,50
1599731013000,65,61
1599731313000,64,61
1599731613000,66,52
1599731913000,68,31
1599732213000,68,36
1599732513000,66,37
1599732813000,65,50
1599733113000,64,55
1599733413000,67,53
1599733713000,66,41
1599734013000,66,47
1599734313000,71,35
1599734613000,70,41
1599734913000,69,34
1599735213000,69,18
1599735513000,68,19
1599735813000,67,18
1599736113000,67,21
1599736413000,67,20
1599736713000,62,54
1599737013000,60,65
1599737313000,66,20
1599737613000,66,21
1599737913000,68,50
1599738213000,62,48
1599738513000,66,25
1599738813000,62,54
1599739113000,63,23
1599739413000,64,33
1599739713000,63,28
1599740013000,66,32
1599740313000,66,60
1599740613000,69,28
1599740913000,72,36
1599741213000,69,33
1599741513000,68,47
1599741813000,63,55
1599742113000,66,25
1599742413000,63,49
1599742713000,60,53
1599743013000,60,57
1599743313000,60,57
1599743613000,59,58
1599743913000,63,45
1599744213000,65,27
1599744513000,65,26
1599744813000,66,30
1599745113000,68,36
1599745413000,68,39
1599745713000,70,31
1599746013000,67,37
1599746313000,70,39
1599746613000,68,39
1599746913000,70,29
1599747213000,69,35
1599747513000,68,21
1599747813000,65,27
1599748113000,66,30
1599748413000,68,27
1599748713000,65,47
1599749013000,67,28
1599749313000,66,38
1599749613000,62,28
1599749913000,63,26
1599750213000,64,26
1599750513000,65,27
1599750813000,66,28
1599751113000,69,23
1599751413000,67,47
1599751713000,67,69
1599752013000,67,49
1599752313000,66,22
1599752613000,63,55
1599752913000,66,26
1599753213000,67,21
1599753513000,69,23
1599753813000,70,34
1599754113000,69,34
1599754413000,73,31
1599754713000,73,39
1599755013000,0,0
1599755313000,72,51
1599755613000,67,36
1599802533000,0,0
1599802833000,0,0
1599803133000,73,27
1599803433000,73,17
1599803733000,73,15
1599804033000,71,39
1599804333000,74,14
1599804633000,74,15
1599804933000,72,25
1599805233000,71,43
1599805533000,75,30
1599805833000,74,19
1599806133000,73,45
1599806433000,73,44
1599806733000,71,36
1599807033000,70,47
1599807333000,71,39
1599807633000,73,26
1599807933000,70,50
1599808233000,70,50
1599808533000,71,55
1599808833000,71,50
1599809133000,64,44
1599809433000,64,30
1599809733000,63,33
1599810033000,63,40
1599810333000,70,23
1599810633000,71,34
1599810933000,71,33
1599811233000,70,40
1599811533000,71,41
1599811833000,70,29
1599812133000,70,38
1599812433000,64,40
1599812733000,69,21
1599813033000,69,21
1599813333000,67,40
1599813633000,70,21
1599813933000,70,20
1599814233000,70,19
1599814533000,70,35
1599814833000,68,39
1599815133000,66,37
1599815433000,65,49
1599815733000,67,39
1599816033000,70,19
1599816333000,73,15
1599816633000,72,19
1599816933000,73,19
1599817233000,71,17
1599817533000,0,0
1599817833000,73,37
1599818133000,71,36
1599818433000,69,45
1599818733000,66,33
1599819033000,66,36
1599819333000,70,14
1599819633000,69,19
1599819933000,69,34
1599820233000,69,18
1599820533000,69,17
1599820833000,70,16
1599821133000,70,16
1599821433000,70,16
1599821733000,68,51
1599822033000,67,32
1599822333000,70,21
1599822633000,68,30
1599822933000,70,22
1599823233000,68,28
1599823533000,67,32
1599823833000,65,30
1599824133000,65,28
1599824433000,65,24
1599824733000,65,24
1599825033000,65,22
1599825333000,64,39
1599825633000,64,32
1599825933000,64,31
1599826233000,64,35
1599826533000,68,30
1599826833000,70,25
1599827133000,69,26
1599827433000,72,21
1599827733000,71,56
1599828033000,71,40
1599828333000,69,26
1599828633000,64,41
1599828933000,65,46
1599829233000,61,53
1599829533000,60,49
1599829833000,60,53
1599830133000,60,55
1599830433000,64,31
1599830733000,0,0
1599831033000,0,0
1599831333000,64,54
1599831633000,68,26
1599831933000,72,29
1599832233000,72,33
1599832533000,69,33
1599832833000,70,22
1599833133000,67,31
1599833433000,0,0
1599833733000,0,0
1599834033000,0,0
1599834333000,68,31
1599834633000,67,25
1599834933000,65,31
1599835233000,68,28
1599835533000,68,28
1599835833000,67,37
1599836133000,68,25
1599836433000,69,28
1599836733000,65,38
1599837033000,72,44
1599837333000,69,38
1599837633000,0,0
1599837933000,71,29
1599838233000,70,18
1599838533000,72,18
1599838833000,73,21
1599839133000,71,38
1599839433000,69,36
1599839733000,68,33
1599840033000,0,0
1599840333000,78,28
1599840633000,71,42
1599840933000,71,55
1599841233000,0,0
1599841533000,0,0
1599982740000,0,0
1599983040000,70,29
1599983340000,69,38
1599983640000,68,17
1599983940000,69,45
1599984240000,68,53
1599984540000,67,66
1599984840000,67,78
1599985140000,66,67
1599985440000,73,56
1599985740000,66,31
1599986040000,66,18
1599986340000,66,18
1599986640000,66,22
1599986940000,66,26
1599987240000,67,35
1599987540000,70,17
1599987840000,70,31
1599988140000,74,29
1599988440000,75,29
1599988740000,73,25
1599989040000,69,29
1599989340000,68,54
1599989640000,67,35
1599989940000,64,32
1599990240000,68,24
1599990540000,66,32
1599990840000,68,27
1599991140000,66,18
1599991440000,66,17
1599991740000,67,16
1599992040000,62,37
1599992340000,65,30
1599992640000,66,16
1599992940000,66,17
1599993240000,67,15
1599993540000,66,29
1599993840000,69,42
1599994140000,71,38
1599994440000,69,30
1599994740000,70,19
1599995040000,67,17
1599995340000,70,16
1599995640000,70,34
1599995940000,65,31
1599996240000,63,50
1599996540000,60,70
1599996840000,59,49
1599997140000,60,53
1599997440000,60,56
1599997740000,61,44
1599998040000,65,30
1599998340000,67,18
1599998640000,66,29
1599998940000,64,17
1599999240000,65,50
1599999540000,71,19
1599999840000,69,37
1600000140000,71,28
1600000440000,66,29
1600000740000,62,44
1600001040000,60,43
1600001340000,64,49
1600001640000,60,46
1600001940000,63,18
1600002240000,61,34
1600002540000,59,48
1600002840000,63,19
1600003140000,59,56
1600003440000,59,52
1600003740000,61,48
1600004040000,62,58
1600004340000,64,50
1600004640000,68,27
1600004940000,69,34
1600005240000,67,45
1600005540000,66,35
1600005840000,66,33
1600006140000,67,40
1600006440000,63,47
1600006740000,65,42
1600007040000,65,22
1600007340000,61,70
1600007640000,59,68
1600007940000,65,31
1600008240000,64,28
1600008540000,65,28
1600008840000,61,71
1600009140000,64,58
1600009440000,61,74
1600009740000,66,46
1600010040000,66,50
1600010340000,69,31
1600010640000,71,36
1600062663000,0,0
1600062963000,67,34
1600063263000,65,40
1600063563000,64,37
1600063863000,65,40
1600064163000,68,41
1600064463000,66,43
1600064763000,62,39
1600065063000,63,36
1600065363000,63,38
1600065663000,63,41
1600065963000,63,40
1600066263000,64,39
1600066563000,66,45
1600066863000,71,51
1600067163000,74,29
1600067463000,74,34
1600067763000,72,27
1600068063000,68,34
1600068363000,66,47
1600068663000,65,41
1600068963000,64,44
1600069263000,66,37
1600069563000,63,43
1600069863000,62,46
1600070163000,62,47
1600070463000,63,44
1600070763000,63,42
1600071063000,62,42
1600071363000,61,47
1600071663000,61,45
1600071963000,63,50
1600072263000,61,65
1600072563000,68,38
1600072863000,68,45
1600073163000,62,69
1600073463000,61,59
1600073763000,59,53
1600074063000,58,56
1600074363000,58,60
1600074663000,58,58
1600074963000,0,0
1600075263000,0,0
1600075563000,61,52
1600075863000,63,50
1600076163000,65,32
1600076463000,67,39
1600076763000,69,46
1600077063000,74,29
1600077363000,68,46
1600077663000,65,42
1600077963000,66,38
1600078263000,63,44
1600078563000,63,33
1600078863000,61,38
1600079163000,58,64
1600079463000,60,42
1600079763000,59,60
1600080063000,56,62
1600080363000,56,63
1600080663000,57,61
1600080963000,56,54
1600081263000,57,51
1600081563000,58,53
1600081863000,57,46
1600082163000,60,59
1600082463000,61,61
1600082763000,69,17
1600083063000,67,33
1600083363000,66,28
1600083663000,66,45
1600083963000,67,24
1600084263000,65,42
1600084563000,62,45
1600084863000,63,38
1600085163000,62,31
1600085463000,61,34
1600085763000,60,45
1600086063000,61,41
1600086363000,59,44
1600086663000,57,57
1600086963000,57,56
1600087263000,58,52
1600087563000,59,46
1600087863000,62,37
1600088163000,63,31
1600088463000,67,32
1600088763000,67,38
1600089063000,68,28
1600089363000,67,27
1600089663000,66,23
1600089963000,69,24
1600090263000,65,23
1600090563000,64,40
1600090863000,66,26
1600091163000,65,21
1600091463000,64,20
1600091763000,62,24
1600092063000,62,22
1600092363000,64,25
1600092663000,63,29
1600092963000,65,43
1600093263000,64,31
1600093563000,66,36
1600093863000,67,23
1600094163000,70,26
1600094463000,71,31
1600094763000,70,21
1600095063000,71,15
1600095363000,67,40
1600095663000,77,18
1600095963000,0,0
1600096263000,0,0
1600096563000,0,0
1600096863000,0,0
1600097163000,0,0
1600097463000,0,0
1600097763000,0,0
1600098063000,0,0
1600098363000,0,0
1600098663000,0,0
1600098963000,62,48
1600099263000,61,42
1600099563000,66,28
1600099863000,66,19
1600100163000,66,25
1600100463000,68,20
1600100763000,69,17
1600101063000,68,20
1600101363000,67,43
1600101663000,72,21
1600101963000,71,22
1600102263000,69,40
1600102563000,67,27
1600102863000,0,0
1600103163000,0,0
1600149780000,0,0
1600150080000,0,0
1600150380000,0,0
1600150680000,66,32
1600150980000,66,33
1600151280000,66,18
1600151580000,66,20
1600151880000,66,16
1600152180000,66,17
1600152480000,68,19
1600152780000,68,17
1600153080000,68,16
1600153380000,68,17
1600153680000,68,17
1600153980000,72,30
1600154280000,71,38
1600154580000,70,47
1600154880000,70,37
1600155180000,68,34
1600155480000,66,40
1600155780000,63,39
1600156080000,60,30
1600156380000,63,30
1600156680000,65,19
1600156980000,66,35
1600157280000,68,19
1600157580000,69,40
1600157880000,0,0
1600158180000,72,27
1600158480000,71,34
1600158780000,66,31
1600159080000,0,0
1600159380000,66,23
1600159680000,65,16
1600159980000,61,32
1600160280000,60,29
1600160580000,60,42
1600160880000,64,18
1600161180000,64,18
1600161480000,63,19
1600161780000,64,19
1600162080000,64,18
1600162380000,63,18
1600162680000,64,16
1600162980000,66,31
1600163280000,65,20
1600163580000,66,21
1600163880000,68,36
1600164180000,67,28
1600164480000,67,17
1600164780000,69,32
1600165080000,67,14
1600165380000,67,27
1600165680000,68,26
1600165980000,66,34
1600166280000,66,34
1600166580000,65,38
1600166880000,59,37
1600167180000,63,30
1600167480000,63,30
1600167780000,60,44
1600168080000,59,32
1600168380000,60,40
1600168680000,67,40
1600168980000,60,47
1600169280000,63,32
1600169580000,64,30
1600169880000,65,29
1600170180000,66,25
1600170480000,67,25
1600170780000,66,22
1600171080000,67,20
1600171380000,71,19
1600171680000,70,21
1600171980000,71,27
1600172280000,71,20
1600172580000,68,24
1600172880000,67,31
1600173180000,68,32
1600173480000,70,25
1600173780000,63,44
1600174080000,63,44
1600174380000,68,27
1600174680000,67,15
1600174980000,67,14
1600175280000,67,26
1600175580000,68,27
1600175880000,65,39
1600176180000,67,22
1600176480000,67,19
1600176780000,65,39
1600177080000,63,26
1600177380000,63,25
1600177680000,64,24
1600177980000,66,22
1600178280000,68,37
1600178580000,71,24
1600178880000,70,37
1600179180000,67,35
1600179480000,67,28
1600179780000,66,49
1600180080000,61,43
1600180380000,64,32
1600180680000,63,47
1600180980000,64,31
1600181280000,61,40
1600181580000,61,43
1600181880000,63,43
1600182180000,66,30
1600182480000,66,27
1600182780000,66,34
1600183080000,71,26
1600183380000,69,43
1600183680000,74,26
1600183980000,73,40
1600184280000,0,0
1600184580000,73,40
1600184880000,68,49
1600185180000,0,0
1600236422000,70,47
1600236722000,67,64
1600237022000,69,41
1600237322000,67,52
1600237622000,70,25
1600237922000,66,40
1600238222000,62,49
1600238522000,61,47
1600238822000,62,43
1600239122000,62,45
1600239422000,62,44
1600239722000,63,46
1600240022000,64,48
1600240322000,63,43
1600240622000,64,49
1600240922000,64,48
1600241222000,64,51
1600241522000,64,54
1600241822000,72,40
1600242122000,71,23
1600242422000,70,47
1600242722000,69,37
1600243022000,67,48
1600243322000,68,44
1600243622000,64,55
1600243922000,65,61
1600244222000,67,30
1600244522000,67,17
1600244822000,66,47
1600245122000,64,62
1600245422000,65,38
1600245722000,63,55
1600246022000,72,26
1600246322000,72,29
1600246622000,68,31
1600246922000,69,22
1600247222000,65,51
1600247522000,64,59
1600247822000,61,65
1600248122000,62,62
1600248422000,65,41
1600248722000,64,18
1600249022000,63,31
1600249322000,64,19
1600249622000,65,18
1600249922000,64,19
1600250222000,63,37
1600250522000,61,59
1600250822000,64,36
1600251122000,66,18
1600251422000,0,0
1600251722000,65,43
1600252022000,70,29
1600252322000,72,16
1600252622000,73,18
1600252922000,69,21
1600253222000,68,24
1600253522000,64,35
1600253822000,63,38
1600254122000,64,44
1600254422000,62,38
1600254722000,62,55
1600255022000,64,36
1600255322000,65,38
1600255622000,65,21
1600255922000,65,20
1600256222000,66,18
1600256522000,65,29
1600256822000,68,36
1600257122000,72,18
1600257422000,73,18
1600257722000,70,31
1600258022000,71,18
1600258322000,70,21
1600258622000,68,32
1600258922000,67,31
1600259222000,69,39
1600259522000,67,19
1600259822000,67,18
1600260122000,67,19
1600260422000,67,22
1600260722000,67,18
1600261022000,66,19
1600261322000,65,37
1600261622000,68,33
1600261922000,71,18
1600262222000,72,16
1600262522000,70,31
1600262822000,72,21
1600263122000,68,36
1600263422000,66,23
1600263722000,64,26
1600264022000,64,22
1600264322000,63,51
1600264622000,65,37
1600264922000,64,37
1600265222000,67,22
1600265522000,66,21
1600265822000,67,22
1600266122000,67,42
1600266422000,67,19
1600266722000,66,34
1600267022000,68,19
1600267322000,68,31
1600267622000,69,28
1600267922000,72,20
1600268222000,73,24
1600268522000,73,14
1600268822000,73,17
1600269122000,73,18
1600269422000,73,37
1600269722000,77,32
1600324980000,0,0
1600325280000,67,52
1600325580000,68,36
1600325880000,67,33
1600326180000,67,32
1600326480000,68,17
1600326780000,63,32
1600327080000,62,26
1600327380000,67,33
1600327680000,64,44
1600327980000,63,45
1600328280000,63,52
1600328580000,63,41
1600328880000,63,56
1600329180000,63,44
1600329480000,63,39
1600329780000,62,44
1600330080000,61,46
1600330380000,62,36
1600330680000,62,46
1600330980000,70,40
1600331280000,69,40
1600331580000,68,37
1600331880000,65,51
1600332180000,63,53
1600332480000,60,38
1600332780000,61,42
1600333080000,64,32
1600333380000,65,25
1600333680000,63,35
1600333980000,59,35
1600334280000,63,51
1600334580000,60,78
1600334880000,65,47
1600335180000,63,31
1600335480000,64,35
1600335780000,64,31
1600336080000,63,30
1600336380000,64,31
1600336680000,66,43
1600336980000,67,42
1600337280000,67,43
1600337580000,65,37
1600337880000,66,38
1600338180000,65,53
1600338480000,65,31
1600338780000,62,30
1600339080000,61,32
1600339380000,64,32
1600339680000,66,65
1600339980000,62,51
1600340280000,64,34
1600340580000,57,61
1600340880000,61,58
1600341180000,64,49
1600341480000,64,44
1600341780000,66,25
1600342080000,69,21
1600342380000,62,51
1600342680000,65,55
1600342980000,65,35
1600343280000,65,33
1600343580000,62,48
1600343880000,64,36
1600344180000,65,46
1600344480000,61,55
1600344780000,63,37
1600345080000,64,29
1600345380000,65,26
1600345680000,64,27
1600345980000,64,26
1600346280000,64,28
1600346580000,65,23
1600346880000,65,24
1600347180000,68,26
1600347480000,68,33
1600347780000,70,22
1600348080000,69,19
1600348380000,66,43
1600348680000,69,33
1600348980000,64,47
1600349280000,64,37
1600349580000,0,0
1600349880000,64,32
1600350180000,61,39
1600350480000,64,30
1600350780000,65,29
1600351080000,65,42
1600351380000,64,29
1600351680000,65,33
1600351980000,67,28
1600352280000,63,27
1600352580000,66,32
1600352880000,70,40
1600353180000,70,26
1600353480000,67,30
1600353780000,66,29
1600354080000,66,42
1600354380000,68,34
1600354680000,0,0
1600354980000,67,32
1600355280000,63,52
1600355580000,63,69
1600355880000,64,47
1600356180000,62,60
1600356480000,66,50
1600356780000,68,42
1600357080000,66,39
1600357380000,0,0
1600357680000,68,47
1600357980000,70,22
1600358280000,70,33
1600358580000,0,0
1600358880000,0,0
1600359180000,0,0
1600501259000,0,0
1600501559000,69,31
1600501859000,68,14
1600502159000,67,14
1600502459000,67,14
1600502759000,67,14
1600503059000,67,28
1600503359000,66,12
1600503659000,66,12
1600503959000,66,11
1600504259000,67,11
1600504559000,67,12
1600504859000,67,12
1600505159000,69,22
1600505459000,72,20
1600505759000,71,33
1600506059000,69,42
1600506359000,68,35
1600506659000,65,48
1600506959000,63,46
1600507259000,65,27
1600507559000,65,22
1600507859000,65,21
1600508159000,65,19
1600508459000,65,18
1600508759000,66,19
1600509059000,64,40
1600509359000,64,31
1600509659000,69,24
1600509959000,74,15
1600510259000,73,19
1600510559000,72,13
1600510859000,68,34
1600511159000,63,55
1600511459000,63,57
1600511759000,62,53
1600512059000,61,32
1600512359000,61,33
1600512659000,60,57
1600512959000,60,36
1600513259000,61,30
1600513559000,62,24
1600513859000,65,48
1600514159000,61,63
1600514459000,65,44
1600514759000,63,27
1600515059000,63,19
1600515359000,63,37
1600515659000,64,21
1600515959000,65,41
1600516259000,72,16
1600516559000,72,19
1600516859000,70,25
1600517159000,68,37
1600517459000,67,31
1600517759000,70,16
1600518059000,63,51
1600518359000,62,55
1600518659000,63,49
1600518959000,61,52
1600519259000,61,51
1600519559000,61,52
1600519859000,61,49
1600520159000,62,60
1600520459000,62,55
1600520759000,64,44
1600521059000,70,21
1600521359000,74,15
1600521659000,73,18
1600521959000,71,18
1600522259000,70,34
1600522559000,71,16
1600522859000,70,19
1600523159000,68,53
1600523459000,67,35
1600523759000,67,17
1600524059000,65,42
1600524359000,67,28
1600524659000,61,65
1600524959000,66,36
1600525259000,71,31
1600525559000,72,18
1600525859000,71,34
1600526159000,64,67
1600526459000,66,42
1600526759000,68,38
1600527059000,68,38
1600527359000,69,24
1600527659000,70,20
1600527959000,70,18
1600528259000,68,38
1600528559000,68,48
1600528859000,64,60
1600529159000,68,51
1600529459000,68,47
1600529759000,0,0
1600584061000,72,30
1600584361000,70,13
1600584661000,67,31
1600584961000,67,14
1600585261000,67,13
1600585561000,67,13
1600585861000,67,14
1600586161000,69,41
1600586461000,71,34
1600586761000,69,40
1600587061000,70,30
1600587361000,70,38
1600587661000,70,29
1600587961000,69,47
1600588261000,67,35
1600588561000,69,14
1600588861000,69,14
1600589161000,70,13
1600589461000,69,13
1600589761000,70,13
1600590061000,70,14
1600590361000,70,13
1600590661000,66,38
1600590961000,64,51
1600591261000,71,13
1600591561000,71,13
1600591861000,70,45
1600592161000,74,20
1600592461000,73,23
1600592761000,70,26
1600593061000,71,20
1600593361000,69,30
1600593661000,67,48
1600593961000,69,30
1600594261000,63,38
1600594561000,68,34
1600594861000,66,44
1600595161000,69,29
1600595461000,67,21
1600595761000,65,44
1600596061000,65,41
1600596361000,65,24
1600596661000,66,15
1600596961000,67,14
1600597261000,67,14
1600597561000,67,14
1600597861000,66,17
1600598161000,69,22
1600598461000,70,24
1600598761000,69,37
1600599061000,73,21
1600599361000,70,31
1600599661000,68,31
1600599961000,69,22
1600600261000,66,39
1600600561000,64,39
1600600861000,64,37
1600601161000,66,18
1600601461000,67,18
1600601761000,65,19
1600602061000,64,18
1600602361000,64,21
1600602661000,65,18
1600602961000,63,34
1600603261000,60,56
1600603561000,59,43
1600603861000,62,38
1600604161000,69,17
1600604461000,70,24
1600604761000,68,27
1600605061000,69,24
1600605361000,70,34
1600605661000,69,34
1600605961000,68,39
1600606261000,67,50
1600606561000,66,42
1600606861000,69,51
1600607161000,68,38
1600607461000,64,46
1600607761000,63,42
1600608061000,61,39
1600608361000,66,38
1600608661000,0,0
1600667398000,69,41
1600667698000,69,46
1600667998000,70,48
1600668298000,70,51
1600668598000,67,58
1600668898000,69,48
1600669198000,68,48
1600669498000,68,44
1600669798000,69,44
1600670098000,71,48
1600670398000,74,45
1600670698000,76,44
1600670998000,75,32
1600671298000,77,29
1600671598000,77,19
1600671898000,73,36
1600672198000,72,29
1600672498000,70,43
1600672798000,70,39
1600673098000,70,35
1600673398000,69,32
1600673698000,71,31
1600673998000,74,23
1600674298000,69,31
1600674598000,69,44
1600674898000,76,28
1600675198000,74,24
1600675498000,75,28
1600675798000,73,41
1600676098000,74,21
1600676398000,71,37
1600676698000,68,39
1600676998000,75,14
1600677298000,74,18
1600677598000,69,41
1600677898000,71,44
1600678198000,74,41
1600678498000,68,39
1600678798000,69,46
1600679098000,71,35
1600679398000,70,42
1600679698000,71,41
1600679998000,70,47
1600680298000,69,57
1600680598000,71,38
1600680898000,73,18
1600681198000,71,31
1600681498000,76,33
1600681798000,74,31
1600682098000,74,42
1600682398000,72,35
1600682698000,79,20
1600682998000,76,27
1600683298000,74,29
1600683598000,73,32
1600683898000,71,31
1600684198000,70,20
1600684498000,70,20
1600684798000,68,37
1600685098000,69,25
1600685398000,68,27
1600685698000,67,38
1600685998000,68,33
1600686298000,68,30
1600686598000,68,32
1600686898000,69,24
1600687198000,69,26
1600687498000,71,33
1600687798000,69,38
1600688098000,73,25
1600688398000,74,22
1600688698000,73,27
1600688998000,72,34
1600689298000,70,24
1600689598000,65,32
1600689898000,70,22
1600690198000,72,15
1600690498000,71,16
1600690798000,71,14
1600691098000,67,34
1600691398000,68,25
1600691698000,64,38
1600691998000,69,20
1600692298000,69,31
1600692598000,68,30
1600692898000,70,38
1600693198000,71,33
1600693498000,69,55
1600693798000,69,58
1600694098000,70,39
1600694398000,70,25
1600694698000,69,32
1600694998000,69,32
1600695298000,72,19
1600695598000,66,35
1600695898000,68,37
1600696198000,69,25
1600696498000,70,38
1600696798000,74,29
1600697098000,0,0
1600753981000,0,0
1600754281000,69,31
1600754581000,66,61
1600754881000,65,57
1600755181000,65,57
1600755481000,65,49
1600755781000,65,48
1600756081000,66,48
1600756381000,66,48
1600756681000,67,45
1600756981000,68,45
1600757281000,69,46
1600757581000,71,42
1600757881000,75,25
1600758181000,74,26
1600758481000,72,31
1600758781000,68,43
1600759081000,69,41
1600759381000,66,32
1600759681000,65,46
1600759981000,66,50
1600760281000,69,39
1600760581000,70,21
1600760881000,64,64
1600761181000,66,52
1600761481000,67,28
1600761781000,64,44
1600762081000,64,53
1600762381000,68,37
1600762681000,71,22
1600762981000,71,36
1600763281000,72,29
1600763581000,70,31
1600763881000,71,30
1600764181000,66,48
1600764481000,67,71
1600764781000,64,54
1600765081000,63,70
1600765381000,0,0
1600765681000,69,40
1600765981000,70,23
1600766281000,65,61
1600766581000,65,64
1600766881000,65,60
1600767181000,66,57
1600767481000,66,55
1600767781000,66,56
1600768081000,70,28
1600768381000,69,45
1600768681000,70,41
1600768981000,69,22
1600769281000,70,40
1600769581000,70,34
1600769881000,66,38
1600770181000,67,35
1600770481000,66,38
1600770781000,65,38
1600771081000,66,32
1600771381000,66,30
1600771681000,66,46
1600771981000,64,58
1600772281000,64,37
1600772581000,64,34
1600772881000,63,36
1600773181000,64,36
1600773481000,65,28
1600773781000,66,39
1600774081000,71,33
1600774381000,73,23
1600774681000,71,25
1600774981000,71,32
1600775281000,69,33
1600775581000,66,42
1600775881000,66,41
1600776181000,66,41
1600776481000,68,27
1600776781000,68,25
1600777081000,68,25
1600777381000,68,26
1600777681000,67,21
1600777981000,66,24
1600778281000,61,49
1600778581000,63,41
1600778881000,67,28
1600779181000,67,46
1600779481000,67,47
1600779781000,70,37
1600780081000,66,50
1600780381000,68,45
1600780681000,68,38
1600780981000,70,45
1600781281000,66,46
1600781581000,70,36
1600781881000,69,35
1600782181000,64,44
1600782481000,71,39
1600782781000,69,23
1600783081000,70,29
1600783381000,68,41
1600783681000,69,33
1600783981000,66,44
1600784281000,69,42
1600784581000,70,25
1600784881000,70,38
1600785181000,72,49
1600785481000,71,42
1600785781000,69,45
1600786081000,73,25
1600786381000,68,33
1600786681000,72,45
1600786981000,73,39
1600841583000,0,0
1600841883000,66,43
1600842183000,66,47
1600842483000,65,40
1600842783000,66,46
1600843083000,66,44
1600843383000,71,15
1600843683000,70,16
1600843983000,70,20
1600844283000,68,44
1600844583000,70,28
1600844883000,68,40
1600845183000,72,21
1600845483000,71,20
1600845783000,69,27
1600846083000,67,35
1600846383000,66,20
1600846683000,68,16
1600846983000,68,15
1600847283000,68,14
1600847583000,68,19
1600847883000,66,16
1600848183000,66,16
1600848483000,66,17
1600848783000,66,16
1600849083000,66,34
1600849383000,68,27
1600849683000,71,15
1600849983000,68,19
1600850283000,67,22
1600850583000,66,24
1600850883000,65,31
1600851183000,67,21
1600851483000,67,28
1600851783000,65,33
1600852083000,66,18
1600852383000,65,37
1600852683000,64,26
1600852983000,65,48
1600853283000,66,16
1600853583000,66,18
1600853883000,59,49
1600854183000,65,16
1600854483000,65,16
1600854783000,66,27
1600855083000,67,35
1600855383000,0,0
1600855683000,72,18
1600855983000,70,25
1600856283000,70,36
1600856583000,69,34
1600856883000,64,60
1600857183000,69,20
1600857483000,68,22
1600857783000,67,28
1600858083000,63,46
1600858383000,65,16
1600858683000,65,21
1600858983000,66,17
1600859283000,65,19
1600859583000,65,27
1600859883000,66,25
1600860183000,64,38
1600860483000,65,20
1600860783000,65,23
1600861083000,64,43
1600861383000,66,28
1600861683000,73,31
1600861983000,67,41
1600862283000,69,41
1600862583000,68,53
1600862883000,0,0
1600863183000,66,57
1600863483000,62,54
1600863783000,62,59
1600864083000,65,79
1600864383000,60,68
1600864683000,68,28
1600864983000,0,0
1600865283000,67,41
1600865583000,71,17
1600865883000,71,18
1600866183000,73,50
1600866483000,69,36
1600866783000,70,33
1600867083000,74,21
1600867383000,73,26
1600867683000,72,36
1600867983000,71,50
1600868283000,0,0
1600868583000,70,27
1600868883000,73,17
1600869183000,72,28
1600869483000,74,35
1600869783000,0,0
1600870083000,0,0
1600870383000,0,0
1600870683000,0,0
1600870983000,0,0
1600871283000,0,0
1600871583000,0,0
1600871883000,0,0
1600872183000,0,0
1600872483000,69,31
1600872783000,72,19
1600873083000,0,0
1600873383000,0,0
1600873683000,75,47
1600873983000,0,0
1600874283000,0,0
1600927860000,68,35
1600928160000,69,39
1600928460000,67,32
1600928760000,67,37
1600929060000,67,38
1600929360000,68,30
1600929660000,69,41
1600929960000,70,37
1600930260000,71,29
1600930560000,71,31
1600930860000,72,29
1600931160000,74,24
1600931460000,74,54
1600931760000,77,20
1600932060000,75,34
1600932360000,72,40
1600932660000,74,31
1600932960000,72,36
1600933260000,73,23
1600933560000,69,44
1600933860000,68,36
1600934160000,69,35
1600934460000,70,38
1600934760000,69,53
1600935060000,67,53
1600935360000,67,55
1600935660000,66,57
1600935960000,65,53
1600936260000,66,54
1600936560000,68,56
1600936860000,73,21
1600937160000,73,36
1600937460000,73,19
1600937760000,71,31
1600938060000,72,24
1600938360000,70,35
1600938660000,69,38
1600938960000,67,36
1600939260000,66,46
1600939560000,68,40
1600939860000,72,16
1600940160000,72,17
1600940460000,72,16
1600940760000,72,17
1600941060000,72,16
1600941360000,72,16
1600941660000,72,16
1600941960000,72,16
1600942260000,73,38
1600942560000,72,18
1600942860000,70,31
1600943160000,72,27
1600943460000,73,18
1600943760000,66,33
1600944060000,67,38
1600944360000,69,16
1600944660000,62,38
1600944960000,61,44
1600945260000,62,47
1600945560000,66,28
1600945860000,67,20
1600946160000,68,17
1600946460000,62,49
1600946760000,68,40
1600947060000,72,33
1600947360000,65,43
1600947660000,69,29
1600947960000,69,26
1600948260000,62,45
1600948560000,65,45
1600948860000,65,63
1600949160000,67,40
1600949460000,71,27
1600949760000,74,47
1600950060000,72,36
1600950360000,72,28
1600950660000,74,17
1600950960000,73,16
1600951260000,72,17
1600951560000,72,25
1600951860000,72,22
1600952160000,71,19
1600952460000,72,18
1600952760000,72,18
1600953060000,72,19
1600953360000,72,18
1600953660000,70,36
1600953960000,67,48
1600954260000,66,63
1600954560000,68,33
1600954860000,70,32
1600955160000,67,36
1600955460000,69,35
1600955760000,74,19
1600956060000,75,20
1600956360000,69,32
1600956660000,73,18
1600956960000,73,18
1600957260000,71,34
1600957560000,74,16
1600957860000,73,34
1600958160000,64,51
1600958460000,0,0
1600958760000,0,0
1600959060000,0,0
1600959360000,68,55
1600959660000,67,35
1600959960000,69,35
1600960260000,72,16
1600960560000,74,17
1600960860000,74,24
1600961160000,79,31
1600961460000,76,30
1600961760000,0,0
1600962060000,0,0
1600962360000,0,0
1600962660000,0,0
1601013962000,0,0
1601014262000,0,0
1601014562000,70,44
1601014862000,68,44
1601015162000,66,41
1601015462000,67,37
1601015762000,68,33
1601016062000,74,19
1601016362000,73,17
1601016662000,74,17
1601016962000,74,17
1601017262000,74,17
1601017562000,75,17
1601017862000,74,32
1601018162000,77,49
1601018462000,76,37
1601018762000,76,26
1601019062000,77,18
1601019362000,74,44
1601019662000,70,45
1601019962000,75,22
1601020262000,75,12
1601020562000,66,40
1601020862000,68,27
1601021162000,70,12
1601021462000,72,14
1601021762000,72,16
1601022062000,69,20
1601022362000,73,18
1601022662000,74,29
1601022962000,72,17
1601023262000,73,28
1601023562000,72,40
1601023862000,69,43
1601024162000,73,16
1601024462000,70,36
1601024762000,70,28
1601025062000,70,16
1601025362000,68,17
1601025662000,68,16
1601025962000,68,17
1601026262000,68,18
1601026562000,67,19
1601026862000,70,20
1601027162000,68,17
1601027462000,68,36
1601027762000,65,51
1601028062000,73,18
1601028362000,72,28
1601028662000,76,17
1601028962000,75,23
1601029262000,72,29
1601029562000,73,13
1601029862000,72,20
1601030162000,69,18
1601030462000,69,17
1601030762000,69,15
1601031062000,65,33
1601031362000,69,15
1601031662000,68,26
1601031962000,64,47
1601032262000,62,47
1601032562000,64,56
1601032862000,69,16
1601033162000,69,36
1601033462000,68,32
1601033762000,70,17
1601034062000,70,38
1601034362000,72,20
1601034662000,72,14
1601034962000,74,16
1601035262000,71,20
1601035562000,71,16
1601035862000,69,23
1601036162000,68,18
1601036462000,65,42
1601036762000,67,35
1601037062000,68,18
1601037362000,63,54
1601037662000,64,63
1601037962000,66,47
1601038262000,66,52
1601038562000,63,47
1601038862000,61,41
1601039162000,61,38
1601039462000,69,52
1601039762000,68,40
1601040062000,72,18
1601040362000,73,19
1601040662000,73,23
1601040962000,69,37
1601041262000,66,41
1601041562000,71,16
1601041862000,70,15
1601042162000,72,23
1601042462000,63,48
1601042762000,68,40
1601043062000,71,49
1601043362000,68,45
1601043662000,72,35
1601043962000,76,19
1601044262000,72,14
1601044562000,74,16
1601044862000,72,31
1601045162000,69,44
1601045462000,67,51
1601045762000,67,46
1601100059000,0,0
1601100359000,0,0
1601100659000,0,0
1601100959000,70,49
1601101259000,73,32
1601101559000,73,38
1601101859000,72,36
1601102159000,73,38
1601102459000,73,49
1601102759000,73,41
1601103059000,72,46
1601103359000,73,45
1601103659000,74,48
1601103959000,73,48
1601104259000,77,43
1601104559000,75,54
1601104859000,75,44
1601105159000,74,31
1601105459000,74,33
1601105759000,74,19
1601106059000,74,27
1601106359000,70,34
1601106659000,71,37
1601106959000,74,24
1601107259000,72,24
1601107559000,72,18
1601107859000,72,42
1601108159000,74,31
1601108459000,73,23
1601108759000,73,20
1601109059000,71,21
1601109359000,69,25
1601109659000,68,22
1601109959000,62,46
1601110259000,66,29
1601110559000,63,38
1601110859000,61,49
1601111159000,61,51
1601111459000,62,46
1601111759000,61,48
1601112059000,65,30
1601112359000,61,48
1601112659000,66,32
1601112959000,70,15
1601113259000,70,23
1601113559000,68,33
1601113859000,64,33
1601114159000,64,33
1601114459000,61,65
1601114759000,61,63
1601115059000,61,49
1601115359000,61,48
1601115659000,62,55
1601115959000,60,59
1601116259000,60,59
1601116559000,61,55
1601116859000,60,54
1601117159000,60,54
1601117459000,61,51
1601117759000,66,38
1601118059000,70,22
1601118359000,70,22
1601118659000,71,15
1601118959000,69,20
1601119259000,71,21
1601119559000,67,27
1601119859000,69,26
1601120159000,68,21
1601120459000,69,31
1601120759000,65,47
1601121059000,62,64
1601121359000,61,45
1601121659000,61,44
1601121959000,62,38
1601122259000,62,42
1601122559000,62,44
1601122859000,62,41
1601123159000,63,39
1601123459000,64,35
1601123759000,66,41
1601124059000,66,38
1601124359000,65,31
1601124659000,63,38
1601124959000,63,46
1601125259000,64,47
1601125559000,60,63
1601125859000,60,63
1601126159000,60,51
1601126459000,62,44
1601126759000,60,50
1601127059000,61,46
1601127359000,65,40
1601127659000,74,16
1601127959000,74,25
1601128259000,70,26
1601128559000,77,14
1601128859000,72,44
1601129159000,0,0
1601187902000,67,43
1601188202000,0,0
1601188502000,70,24
1601188802000,0,0
1601189102000,69,20
1601189402000,70,24
1601189702000,70,19
1601190002000,71,20
1601190302000,71,21
1601190602000,71,13
1601190902000,70,18
1601191202000,67,44
1601191502000,72,21
1601191802000,74,17
1601192102000,73,19
1601192402000,73,26
1601192702000,73,15
1601193002000,0,0
1601193302000,0,0
1601193602000,0,0
1601193902000,0,0
1601194202000,0,0
1601194502000,0,0
1601194802000,0,0
1601195102000,70,34
1601195402000,73,24
1601195702000,75,20
1601196002000,74,23
1601196302000,0,0
1601196602000,0,0
1601196902000,69,19
1601197202000,68,23
1601197502000,68,22
1601197802000,68,24
1601198102000,69,20
1601198402000,64,49
1601198702000,67,22
1601199002000,67,14
1601199302000,69,26
1601199602000,74,18
1601199902000,64,45
1601200202000,72,17
1601200502000,71,18
1601200802000,69,19
1601201102000,69,24
1601201402000,71,15
1601201702000,70,16
1601202002000,70,15
1601202302000,70,15
1601202602000,69,15
1601202902000,70,17
1601203202000,69,18
1601203502000,70,17
1601203802000,69,30
1601204102000,64,36
1601204402000,68,15
1601204702000,69,20
1601205002000,69,16
1601205302000,72,25
1601205602000,72,28
1601205902000,71,22
1601206202000,73,21
1601206502000,72,27
1601206802000,72,27
1601207102000,73,19
1601207402000,70,20
1601207702000,70,21
1601208002000,65,33
1601208302000,67,37
1601208602000,69,40
1601208902000,66,38
1601209202000,66,25
1601209502000,67,24
1601209802000,68,29
1601210102000,65,20
1601210402000,65,23
1601210702000,66,21
1601211002000,66,31
1601211302000,0,0
1601211602000,0,0
1601211902000,0,0
1601212202000,71,20
1601212502000,68,30
1601212802000,72,22
1601213102000,73,17
1601213402000,0,0
1601213702000,70,21
1601214002000,72,18
1601214302000,71,20
1601214602000,69,40
1601214902000,0,0
1601215202000,0,0
1601215502000,0,0
1601215802000,0,0
1601216102000,0,0
1601216402000,0,0
1601216702000,73,28
1601217002000,71,28
1601217302000,69,41
1601217602000,73,23
1601217902000,75,14
1601218202000,70,30
1601218502000,74,21
1601218802000,70,34
1601219102000,73,50
1601268119000,0,0
1601268419000,0,0
1601268719000,0,0
1601269019000,0,0
1601269319000,0,0
1601269619000,0,0
1601269919000,0,0
1601270219000,0,0
1601270519000,74,24
1601270819000,71,32
1601271119000,69,36
1601271419000,74,18
1601271719000,77,13
1601272019000,72,26
1601272319000,71,26
1601272619000,72,26
1601272919000,74,23
1601273219000,74,27
1601273519000,73,25
1601273819000,78,28
1601274119000,81,18
1601274419000,81,21
1601274719000,78,20
1601275019000,78,23
1601275319000,77,22
1601275619000,76,24
1601275919000,79,20
1601276219000,80,19
1601276519000,80,19
1601276819000,81,18
1601277119000,82,17
1601277419000,78,25
1601277719000,78,24
1601278019000,73,28
1601278319000,70,30
1601278619000,70,32
1601278919000,76,20
1601279219000,75,18
1601279519000,76,26
1601279819000,76,20
1601280119000,78,35
1601280419000,77,21
1601280719000,75,35
1601281019000,74,28
1601281319000,72,30
1601281619000,0,0
1601281919000,69,26
1601282219000,69,22
1601282519000,70,37
1601282819000,70,34
1601283119000,69,31
1601283419000,69,29
1601283719000,70,29
1601284019000,71,28
1601284319000,72,24
1601284619000,73,19
1601284919000,73,24
1601285219000,74,17
1601285519000,72,23
1601285819000,70,36
1601286119000,64,49
1601286419000,67,38
1601286719000,67,40
1601287019000,67,38
1601287319000,67,41
1601287619000,69,36
1601287919000,68,40
1601288219000,63,44
1601288519000,69,32
1601288819000,67,44
1601289119000,68,33
1601289419000,69,34
1601289719000,69,30
1601290019000,69,32
1601290319000,73,25
1601290619000,77,13
1601290919000,76,24
1601291219000,78,18
1601291519000,76,24
1601291819000,74,27
1601292119000,70,28
1601292419000,67,31
1601292719000,67,30
1601293019000,67,31
1601293319000,68,29
1601293619000,68,26
1601293919000,68,29
1601294219000,67,34
1601294519000,70,19
1601294819000,72,13
1601295119000,69,24
1601295419000,71,22
1601295719000,73,19
1601296019000,74,15
1601296319000,75,11
1601296619000,75,17
1601296919000,75,15
1601297219000,73,23
1601297519000,74,18
1601297819000,70,39
1601298119000,73,18
1601298419000,73,18
1601298719000,74,17
1601299019000,72,25
1601299319000,67,36
1601299619000,68,39
1601299919000,67,37
1601300219000,73,18
1601300519000,75,17
1601300819000,75,17
1601301119000,78,32
1601301419000,71,35
1601301719000,71,32
1601302019000,70,29
1601302319000,72,25
1601302619000,75,18
1601302919000,72,23
1601303219000,70,28
1601303519000,67,36
1601303819000,70,45
1601304119000,72,22
1601304419000,71,24
1601304719000,71,39
1601305019000,69,31
1601305319000,68,38
1601305619000,68,38
1601305919000,69,36
1601306219000,69,37
1601306519000,69,29
1601306819000,73,39
1601359681000,0,0
1601359981000,69,40
1601360281000,72,37
1601360581000,68,35
1601360881000,68,61
1601361181000,72,24
1601361481000,66,27
1601361781000,66,29
1601362081000,72,19
1601362381000,74,10
1601362681000,69,32
1601362981000,70,32
1601363281000,73,25
1601363581000,71,21
1601363881000,72,34
1601364181000,74,38
1601364481000,76,30
1601364781000,74,25
1601365081000,70,38
1601365381000,74,19
1601365681000,69,40
1601365981000,68,28
1601366281000,67,26
1601366581000,67,30
1601366881000,68,30
1601367181000,66,31
1601367481000,66,39
1601367781000,67,35
1601368081000,70,24
1601368381000,70,21
1601368681000,72,39
1601368981000,73,17
1601369281000,70,34
1601369581000,70,27
1601369881000,69,39
1601370181000,69,47
1601370481000,69,42
1601370781000,70,37
1601371081000,74,36
1601371381000,77,19
1601371681000,79,19
1601371981000,75,26
1601372281000,73,20
1601372581000,69,30
1601372881000,66,36
1601373181000,68,26
1601373481000,67,28
1601373781000,66,33
1601374081000,68,14
1601374381000,70,14
1601374681000,70,13
1601374981000,70,15
1601375281000,66,35
1601375581000,63,42
1601375881000,63,43
1601376181000,64,49
1601376481000,62,60
1601376781000,69,30
1601377081000,70,35
1601377381000,68,42
1601377681000,70,44
1601377981000,64,45
1601378281000,62,58
1601378581000,65,52
1601378881000,67,31
1601379181000,64,33
1601379481000,69,22
1601379781000,71,18
1601380081000,72,17
1601380381000,70,32
1601380681000,67,46
1601380981000,69,36
1601381281000,73,27
1601381581000,75,31
1601381881000,73,27
1601382181000,75,16
1601382481000,71,32
1601382781000,73,20
1601383081000,69,36
1601383381000,72,25
1601383681000,67,44
1601383981000,72,16
1601384281000,73,17
1601384581000,71,35
1601384881000,64,41
1601385181000,65,41
1601385481000,70,23
1601385781000,74,15
1601386081000,75,18
1601386381000,68,38
1601386681000,71,34
1601386981000,77,18
1601387281000,75,19
1601387581000,70,35
1601387881000,77,17
1601388181000,76,19
1601388481000,74,33
1601388781000,70,40
1601389081000,68,46
1601389381000,70,40
1601389681000,69,30
1601389981000,67,47
1601390281000,73,28
1601390581000,70,43
1601390881000,70,45
1601391181000,72,36
1601391481000,71,35
1601443678000,0,0
1601443978000,76,33
1601444278000,77,38
1601444578000,0,0
1601444878000,0,0
1601445178000,0,0
1601445478000,75,28
1601445778000,73,36
1601446078000,73,33
1601446378000,72,34
1601446678000,72,28
1601446978000,73,24
1601447278000,74,24
1601447578000,74,21
1601447878000,76,26
1601448178000,77,29
1601448478000,80,36
1601448778000,78,36
1601449078000,76,21
1601449378000,78,22
1601449678000,75,29
1601449978000,79,23
1601450278000,78,27
1601450578000,71,34
1601450878000,70,35
1601451178000,71,32
1601451478000,71,35
1601451778000,70,45
1601452078000,69,35
1601452378000,68,33
1601452678000,69,28
1601452978000,68,30
1601453278000,67,40
1601453578000,67,35
1601453878000,68,32
1601454178000,68,33
1601454478000,68,26
1601454778000,74,12
1601455078000,70,29
1601455378000,69,32
1601455678000,73,32
1601455978000,78,16
1601456278000,79,18
1601456578000,75,20
1601456878000,74,25
1601457178000,73,32
1601457478000,76,15
1601457778000,69,38
1601458078000,67,37
1601458378000,68,41
1601458678000,69,24
1601458978000,69,24
1601459278000,69,27
1601459578000,69,29
1601459878000,67,45
1601460178000,65,45
1601460478000,66,65
1601460778000,68,43
1601461078000,66,56
1601461378000,74,18
1601461678000,75,19
1601461978000,75,18
1601462278000,75,18
1601462578000,71,31
1601462878000,72,26
1601463178000,74,20
1601463478000,70,28
1601463778000,67,35
1601464078000,68,43
1601464378000,68,40
1601464678000,68,39
1601464978000,68,39
1601465278000,69,33
1601465578000,70,34
1601465878000,69,33
1601466178000,71,33
1601466478000,70,19
1601466778000,72,15
1601467078000,63,62
1601467378000,71,24
1601467678000,74,32
1601467978000,74,25
1601468278000,74,25
1601468578000,72,27
1601468878000,73,23
1601469178000,74,21
1601469478000,71,31
1601469778000,68,29
1601470078000,69,39
1601470378000,68,43
1601470678000,68,39
1601470978000,67,40
1601471278000,68,33
1601471578000,73,13
1601471878000,69,31
1601472178000,67,38
1601472478000,70,30
1601472778000,73,33
1601473078000,78,22
1601473378000,76,19
1601473678000,75,26
1601473978000,73,21
1601474278000,75,19
1601474578000,69,46
1601474878000,69,48
1601475178000,76,52
1601475478000,95,34
1601619808000,0,0
1601620108000,80,30
1601620408000,76,26
1601620708000,72,30
1601621008000,72,25
1601621308000,72,27
1601621608000,73,19
1601621908000,74,19
1601622208000,75,18
1601622508000,76,18
1601622808000,77,19
1601623108000,77,17
1601623408000,78,21
1601623708000,76,31
1601624008000,75,23
1601624308000,73,33
1601624608000,71,43
1601624908000,71,31
1601625208000,71,39
1601625508000,70,37
1601625808000,69,33
1601626108000,70,35
1601626408000,73,32
1601626708000,73,28
1601627008000,71,37
1601627308000,71,34
1601627608000,79,38
1601627908000,73,27
1601628208000,73,22
1601628508000,74,19
1601628808000,70,32
1601629108000,67,37
1601629408000,68,34
1601629708000,72,22
1601630008000,67,37
1601630308000,68,35
1601630608000,68,37
1601630908000,67,37
1601631208000,68,33
1601631508000,67,39
1601631808000,67,39
1601632108000,73,20
1601632408000,75,16
1601632708000,76,12
1601633008000,75,18
1601633308000,73,20
1601633608000,70,24
1601633908000,68,24
1601634208000,72,19
1601634508000,71,25
1601634808000,73,12
1601635108000,73,11
1601635408000,70,38
1601635708000,76,22
1601636008000,76,31
1601636308000,76,15
1601636608000,75,23
1601636908000,76,14
1601637208000,74,15
1601637508000,75,12
1601637808000,72,29
1601638108000,73,17
1601638408000,74,11
1601638708000,75,11
1601639008000,75,11
1601639308000,75,10
1601639608000,75,10
1601639908000,76,12
1601640208000,76,11
1601640508000,73,19
1601640808000,75,19
1601641108000,77,18
1601641408000,78,15
1601641708000,77,18
1601642008000,77,18
1601642308000,74,23
1601642608000,76,13
1601642908000,75,27
1601643208000,72,32
1601643508000,76,15
1601643808000,74,26
1601644108000,73,38
1601644408000,76,27
1601644708000,78,21
1601645008000,78,13
1601645308000,74,21
1601645608000,78,25
1601645908000,74,23
1601646208000,77,20
1601646508000,78,13
1601646808000,77,16
1601647108000,79,16
1601647408000,74,37
1601647708000,0,0
1601708552000,0,0
1601708852000,73,34
1601709152000,74,28
1601709452000,71,40
1601709752000,73,29
1601710052000,73,39
1601710352000,74,31
1601710652000,74,30
1601710952000,74,30
1601711252000,74,32
1601711552000,73,34
1601711852000,72,44
1601712152000,72,39
1601712452000,71,39
1601712752000,72,39
1601713052000,76,42
1601713352000,80,23
1601713652000,79,26
1601713952000,76,37
1601714252000,75,39
1601714552000,74,50
1601714852000,72,55
1601715152000,71,45
1601715452000,72,40
1601715752000,73,60
1601716052000,74,39
1601716352000,72,43
1601716652000,72,51
1601716952000,70,44
1601717252000,70,41
1601717552000,69,46
1601717852000,70,47
1601718152000,75,43
1601718452000,77,35
1601718752000,76,28
1601719052000,75,34
1601719352000,73,50
1601719652000,71,41
1601719952000,73,42
1601720252000,71,41
1601720552000,70,45
1601720852000,70,46
1601721152000,69,44
1601721452000,72,29
1601721752000,68,39
1601722052000,69,53
1601722352000,71,32
1601722652000,68,29
1601722952000,71,31
1601723252000,72,27
1601723552000,66,33
1601723852000,66,35
1601724152000,70,30
1601724452000,68,31
1601724752000,74,24
1601725052000,72,38
1601725352000,73,35
1601725652000,76,35
1601725952000,74,42
1601726252000,70,31
1601726552000,67,32
1601726852000,70,35
1601727152000,70,24
1601727452000,70,32
1601727752000,69,32
1601728052000,69,30
1601728352000,69,31
1601728652000,70,36
1601728952000,74,26
1601729252000,77,26
1601729552000,75,34
1601729852000,74,33
1601730152000,74,27
1601730452000,74,26
1601730752000,70,29
1601731052000,69,25
1601731352000,69,28
1601731652000,69,23
1601731952000,71,30
1601732252000,71,43
1601732552000,76,27
1601732852000,76,21
1601733152000,71,37
1601733452000,71,37
1601733752000,74,43
1601734052000,78,19
1601734352000,77,31
1601734652000,78,14
1601734952000,76,24
1601735252000,75,33
1601735552000,70,35
1601735852000,72,34
1601736152000,72,25
1601736452000,72,26
1601736752000,68,30
1601737052000,69,33
1601737352000,68,37
1601737652000,68,35
1601737952000,76,32
1601738252000,71,41
1601738552000,78,25
1601738852000,75,28
1601739152000,75,25
1601739452000,75,29
1601739752000,77,22
1601740052000,74,28
1601740352000,0,0
1601796029000,0,0
1601796329000,0,0
1601796629000,73,18
1601796929000,71,51
1601797229000,67,40
1601797529000,68,50
1601797829000,69,55
1601798129000,69,40
1601798429000,69,41
1601798729000,68,38
1601799029000,70,38
1601799329000,70,38
1601799629000,70,39
1601799929000,69,44
1601800229000,69,43
1601800529000,69,42
1601800829000,69,39
1601801129000,69,43
1601801429000,74,33
1601801729000,75,30
1601802029000,73,35
1601802329000,74,25
1601802629000,70,54
1601802929000,72,43
1601803229000,71,31
1601803529000,72,12
1601803829000,73,29
1601804129000,70,16
1601804429000,0,0
1601804729000,0,0
1601805029000,0,0
1601805329000,66,60
1601805629000,66,46
1601805929000,65,50
1601806229000,66,44
1601806529000,66,48
1601806829000,70,38
1601807129000,74,28
1601807429000,71,41
1601807729000,71,34
1601808029000,69,52
1601808329000,71,59
1601808629000,66,46
1601808929000,70,31
1601809229000,71,21
1601809529000,68,48
1601809829000,69,45
1601810129000,67,42
1601810429000,69,32
1601810729000,68,26
1601811029000,71,15
1601811329000,69,23
1601811629000,71,16
1601811929000,68,29
1601812229000,63,52
1601812529000,62,60
1601812829000,68,24
1601813129000,71,29
1601813429000,72,32
1601813729000,73,24
1601814029000,72,31
1601814329000,68,48
1601814629000,68,43
1601814929000,62,48
1601815229000,63,49
1601815529000,64,56
1601815829000,62,44
1601816129000,62,36
1601816429000,62,34
1601816729000,62,38
1601817029000,62,45
1601817329000,71,27
1601817629000,71,26
1601817929000,74,25
1601818229000,76,28
1601818529000,72,38
1601818829000,71,23
1601819129000,70,35
1601819429000,71,31
1601819729000,71,31
1601820029000,71,59
1601878051000,0,0
1601878351000,68,40
1601878651000,65,40
1601878951000,64,46
1601879251000,62,57
1601879551000,63,52
1601879851000,62,50
1601880151000,61,58
1601880451000,61,50
1601880751000,60,47
1601881051000,61,46
1601881351000,61,48
1601881651000,63,58
1601881951000,61,53
1601882251000,63,59
1601882551000,70,25
1601882851000,69,35
1601883151000,69,34
1601883451000,68,34
1601883751000,67,27
1601884051000,58,95
1601884351000,58,60
1601884651000,59,114
1601884951000,58,53
1601885251000,58,62
1601885551000,57,74
1601885851000,57,55
1601886151000,57,65
1601886451000,56,77
1601886751000,59,92
1601887051000,58,62
1601887351000,60,53
1601887651000,59,69
1601887951000,59,62
1601888251000,60,60
1601888551000,60,56
1601888851000,60,57
1601889151000,68,37
1601889451000,71,33
1601889751000,69,33
1601890051000,68,24
1601890351000,69,26
1601890651000,68,19
1601890951000,64,40
1601891251000,65,41
1601891551000,59,62
1601891851000,59,75
1601892151000,58,63
1601892451000,59,66
1601892751000,59,61
1601893051000,60,50
1601893351000,59,56
1601893651000,59,59
1601893951000,59,64
1601894251000,59,64
1601894551000,59,60
1601894851000,60,63
1601895151000,61,63
1601895451000,60,49
1601895751000,67,27
1601896051000,73,19
1601896351000,72,13
1601896651000,70,26
1601896951000,68,19
1601897251000,61,47
1601897551000,59,57
1601897851000,60,56
1601898151000,59,55
1601898451000,59,60
1601898751000,60,49
1601899051000,62,53
1601899351000,59,54
1601899651000,60,55
1601899951000,59,55
1601900251000,60,58
1601900551000,65,38
1601900851000,69,28
1601901151000,72,19
1601901451000,69,39
1601901751000,71,19
1601902051000,70,23
1601902351000,69,38
1601902651000,69,29
1601902951000,62,58
1601903251000,61,55
1601903551000,62,51
1601903851000,63,48
1601904151000,67,47
1601904451000,60,52
1601904751000,60,56
1601905051000,59,51
1601905351000,61,41
1601905651000,65,45
1601905951000,62,55
1601906251000,68,36
1601906551000,73,54
1601906851000,72,45
1601965713000,0,0
1601966013000,0,0
1601966313000,0,0
1601966613000,0,0
1601966913000,0,0
1601967213000,0,0
1601967513000,0,0
1601967813000,0,0
1601968113000,0,0
1601968413000,0,0
1601968713000,0,0
1601969013000,64,81
1601969313000,65,64
1601969613000,73,20
1601969913000,72,28
1601970213000,72,35
1601970513000,64,52
1601970813000,67,28
1601971113000,68,27
1601971413000,66,51
1601971713000,67,48
1601972013000,67,49
1601972313000,66,41
1601972613000,63,56
1601972913000,62,54
1601973213000,61,60
1601973513000,66,57
1601973813000,67,44
1601974113000,68,40
1601974413000,69,16
1601974713000,70,19
1601975013000,70,26
1601975313000,63,61
1601975613000,61,61
1601975913000,62,49
1601976213000,61,60
1601976513000,62,55
1601976813000,62,52
1601977113000,62,59
1601977413000,62,63
1601977713000,62,68
1601978013000,59,59
1601978313000,59,60
1601978613000,63,43
1601978913000,66,36
1601979213000,68,39
1601979513000,67,39
1601979813000,66,41
1601980113000,64,49
1601980413000,63,48
1601980713000,61,54
1601981013000,62,49
1601981313000,60,58
1601981613000,62,42
1601981913000,63,40
1601982213000,60,49
1601982513000,60,50
1601982813000,60,59
1601983113000,59,64
1601983413000,59,70
1601983713000,60,70
1601984013000,59,71
1601984313000,59,64
1601984613000,65,46
1601984913000,72,19
1601985213000,71,21
1601985513000,67,32
1601985813000,69,31
1601986113000,63,60
1601986413000,60,78
1601986713000,59,61
1601987013000,59,55
1601987313000,58,60
1601987613000,59,51
1601987913000,58,62
1601988213000,60,50
1601988513000,58,56
1601988813000,61,47
1601989113000,64,54
1601989413000,62,61
1601989713000,63,51
1601990013000,70,27
1601990313000,72,34
1601990613000,70,42
1601990913000,65,64
1601991213000,61,63
1601991513000,60,66
1601991813000,63,37
1601992113000,65,41
1601992413000,64,44
1601992713000,0,0
1601993013000,73,54
1602145832000,61,70
1602146132000,63,106
1602146432000,69,16
1602146732000,67,20
1602147032000,66,18
1602147332000,67,17
1602147632000,68,16
1602147932000,68,16
1602148232000,68,16
1602148532000,69,14
1602148832000,69,15
1602149132000,69,14
1602149432000,65,54
1602149732000,64,57
1602150032000,64,52
1602150332000,64,50
1602150632000,65,44
1602150932000,64,45
1602151232000,65,47
1602151532000,67,51
1602151832000,68,34
1602152132000,67,23
1602152432000,65,59
1602152732000,61,33
1602153032000,60,39
1602153332000,59,40
1602153632000,59,45
1602153932000,58,68
1602154232000,64,27
1602154532000,67,16
1602154832000,66,32
1602155132000,58,70
1602155432000,57,71
1602155732000,61,50
1602156032000,70,17
1602156332000,71,27
1602156632000,68,33
1602156932000,70,30
1602157232000,66,32
1602157532000,67,17
1602157832000,62,47
1602158132000,58,55
1602158432000,58,65
1602158732000,57,74
1602159032000,57,71
1602159332000,58,69
1602159632000,57,63
1602159932000,56,70
1602160232000,55,67
1602160532000,56,72
1602160832000,57,69
1602161132000,58,114
1602161432000,59,61
1602161732000,60,52
1602162032000,64,34
1602162332000,67,18
1602162632000,67,36
1602162932000,60,64
1602163232000,62,60
1602163532000,65,29
1602163832000,61,59
1602164132000,56,79
1602164432000,57,72
1602164732000,62,52
1602165032000,65,26
1602165332000,67,36
1602165632000,61,61
1602165932000,66,27
1602166232000,67,20
1602166532000,64,58
1602166832000,72,27
1602167132000,78,18
1602167432000,0,0
1602223353000,0,0
1602223653000,66,38
1602223953000,62,78
1602224253000,66,39
1602224553000,62,71
1602224853000,67,17
1602225153000,67,16
1602225453000,67,16
1602225753000,68,15
1602226053000,68,14
1602226353000,68,16
1602226653000,66,49
1602226953000,67,43
1602227253000,74,26
1602227553000,72,15
1602227853000,72,16
1602228153000,63,40
1602228453000,62,25
1602228753000,62,26
1602229053000,63,33
1602229353000,66,21
1602229653000,68,18
1602229953000,68,19
1602230253000,67,18
1602230553000,67,16
1602230853000,66,21
1602231153000,61,49
1602231453000,57,98
1602231753000,64,49
1602232053000,71,26
1602232353000,68,30
1602232653000,67,18
1602232953000,64,20
1602233253000,64,18
1602233553000,62,26
1602233853000,58,40
1602234153000,59,47
1602234453000,59,43
1602234753000,59,43
1602235053000,0,0
1602235353000,0,0
1602235653000,0,0
1602235953000,0,0
1602236253000,0,0
1602236553000,0,0
1602236853000,0,0
1602237153000,0,0
1602237453000,57,48
1602237753000,59,46
1602238053000,65,32
1602238353000,66,40
1602238653000,66,38
1602238953000,65,31
1602239253000,62,40
1602239553000,58,47
1602239853000,61,71
1602240153000,64,63
1602240453000,58,50
1602240753000,57,49
1602241053000,57,53
1602241353000,58,51
1602241653000,58,56
1602241953000,63,32
1602242253000,65,19
1602242553000,67,16
1602242853000,70,23
1602243153000,71,25
1602243453000,72,19
1602243753000,71,22
1602244053000,68,27
1602244353000,67,28
1602244653000,65,25
1602244953000,65,25
1602245253000,65,23
1602245553000,64,27
1602245853000,64,27
1602246153000,61,36
1602246453000,60,51
1602246753000,60,54
1602247053000,61,71
1602247353000,61,45
1602247653000,64,33
1602247953000,68,32
1602248253000,68,28
1602248553000,69,15
1602248853000,64,29
1602249153000,61,55
1602249453000,59,69
1602249753000,61,57
1602250053000,60,58
1602250353000,60,59
1602250653000,60,57
1602250953000,63,49
1602251253000,68,18
1602251553000,65,62
1602251853000,62,56
1602252153000,68,37
1602252453000,0,0
1602252753000,0,0
1602253053000,0,0
1602309871000,57,54
1602310171000,56,41
1602310471000,56,41
1602310771000,57,41
1602311071000,57,43
1602311371000,57,54
1602311671000,57,41
1602311971000,57,35
1602312271000,58,43
1602312571000,59,52
1602312871000,58,55
1602313171000,58,55
1602313471000,59,51
1602313771000,59,52
1602314071000,67,42
1602314371000,69,21
1602314671000,71,13
1602314971000,67,20
1602315271000,62,45
1602315571000,66,15
1602315871000,66,14
1602316171000,65,14
1602316471000,65,15
1602316771000,60,49
1602317071000,58,58
1602317371000,58,65
1602317671000,67,17
1602317971000,70,22
1602318271000,68,42
1602318571000,66,47
1602318871000,69,17
1602319171000,69,46
1602319471000,0,0
1602319771000,65,23
1602320071000,63,56
1602320371000,62,54
1602320671000,62,42
1602320971000,64,17
1602321271000,65,18
1602321571000,65,15
1602321871000,65,14
1602322171000,65,13
1602322471000,61,51
1602322771000,70,19
1602323071000,70,36
1602323371000,69,29
1602323671000,68,27
1602323971000,75,23
1602324271000,74,27
1602324571000,66,36
1602324871000,64,44
1602325171000,62,39
1602325471000,64,23
1602325771000,60,43
1602326071000,60,49
1602326371000,60,44
1602326671000,60,41
1602326971000,64,17
1602327271000,65,16
1602327571000,66,17
1602327871000,66,16
1602328171000,67,31
1602328471000,66,15
1602328771000,65,14
1602329071000,67,17
1602329371000,69,27
1602329671000,72,14
1602329971000,71,27
1602330271000,76,15
1602330571000,69,37
1602330871000,70,21
1602331171000,63,31
1602331471000,65,32
1602331771000,69,16
1602332071000,66,19
1602332371000,65,32
1602332671000,65,33
1602332971000,67,22
1602333271000,60,45
1602333571000,60,58
1602333871000,60,63
1602334171000,61,58
1602334471000,60,43
1602334771000,62,42
1602335071000,64,42
1602335371000,70,22
1602335671000,69,16
1602335971000,74,16
1602336271000,73,14
1602336571000,67,37
1602336871000,61,47
1602337171000,60,53
1602337471000,61,51
1602337771000,61,44
1602338071000,61,53
1602338371000,60,58
1602338671000,63,53
1602338971000,58,49
1602339271000,59,54
1602339571000,63,55
1602339871000,69,33
1602340171000,73,18
1602340471000,75,16
1602340771000,66,43
1602341071000,67,30
1602341371000,0,0
1602341671000,0,0
1602403653000,0,0
1602403953000,69,41
1602404253000,65,51
1602404553000,69,14
1602404853000,69,13
1602405153000,70,12
1602405453000,70,32
1602405753000,67,50
1602406053000,67,49
1602406353000,68,44
1602406653000,67,44
1602406953000,68,48
1602407253000,67,46
1602407553000,66,48
1602407853000,70,39
1602408153000,73,29
1602408453000,72,30
1602408753000,72,26
1602409053000,70,31
1602409353000,70,19
1602409653000,70,12
1602409953000,71,10
1602410253000,67,24
1602410553000,64,35
1602410853000,66,28
1602411153000,70,14
1602411453000,71,13
1602411753000,73,20
1602412053000,71,35
1602412353000,74,25
1602412653000,72,18
1602412953000,72,21
1602413253000,73,29
1602413553000,71,33
1602413853000,71,19
1602414153000,70,18
1602414453000,70,19
1602414753000,65,47
1602415053000,63,66
1602415353000,62,57
1602415653000,62,60
1602415953000,61,70
1602416253000,63,68
1602416553000,61,64
1602416853000,61,53
1602417153000,62,38
1602417453000,63,51
1602417753000,66,31
1602418053000,69,22
1602418353000,67,37
1602418653000,68,19
1602418953000,64,42
1602419253000,66,18
1602419553000,68,17
1602419853000,67,14
1602420153000,67,20
1602420453000,66,39
1602420753000,66,19
1602421053000,67,17
1602421353000,67,18
1602421653000,67,17
1602421953000,69,17
1602422253000,70,43
1602422553000,71,29
1602422853000,72,31
1602423153000,71,29
1602423453000,70,33
1602423753000,76,34
1602424053000,77,25
1602424353000,68,45
1602424653000,69,43
1602424953000,68,19
1602425253000,67,22
1602425553000,65,41
1602425853000,0,0
1602426153000,65,50
1602426453000,64,69
1602426753000,63,73
1602427053000,72,56
1602427353000,0,0
1602481650000,0,0
1602481950000,66,35
1602482250000,66,39
1602482550000,68,22
1602482850000,67,17
1602483150000,66,16
1602483450000,67,16
1602483750000,67,16
1602484050000,66,17
1602484350000,67,17
1602484650000,67,20
1602484950000,67,16
1602485250000,67,17
1602485550000,67,15
1602485850000,68,15
1602486150000,69,16
1602486450000,70,29
1602486750000,71,37
1602487050000,71,54
1602487350000,69,56
1602487650000,69,51
1602487950000,66,21
1602488250000,68,18
1602488550000,61,25
1602488850000,61,24
1602489150000,61,32
1602489450000,65,27
1602489750000,64,21
1602490050000,64,18
1602490350000,64,17
1602490650000,64,18
1602490950000,64,18
1602491250000,64,18
1602491550000,65,19
1602491850000,68,27
1602492150000,68,54
1602492450000,68,44
1602492750000,68,29
1602493050000,67,43
1602493350000,65,53
1602493650000,61,28
1602493950000,63,24
1602494250000,67,26
1602494550000,67,25
1602494850000,0,0
1602495150000,61,30
1602495450000,65,37
1602495750000,60,31
1602496050000,61,29
1602496350000,66,26
1602496650000,65,18
1602496950000,65,18
1602497250000,65,17
1602497550000,65,31
1602497850000,64,28
1602498150000,65,46
1602498450000,66,62
1602498750000,68,69
1602499050000,69,39
1602499350000,68,31
1602499650000,63,22
1602499950000,62,34
1602500250000,62,34
1602500550000,62,34
1602500850000,61,34
1602501150000,61,33
1602501450000,61,36
1602501750000,61,36
1602502050000,65,25
1602502350000,64,15
1602502650000,66,24
1602502950000,64,21
1602503250000,67,20
1602503550000,68,40
1602503850000,70,36
1602504150000,70,16
1602504450000,66,26
1602504750000,66,34
1602505050000,69,31
1602505350000,63,34
1602505650000,62,29
1602505950000,63,30
1602506250000,64,32
1602506550000,67,27
1602506850000,63,32
1602507150000,61,37
1602507450000,62,35
1602507750000,62,37
1602508050000,62,34
1602508350000,65,50
1602508650000,67,39
1602508950000,68,35
1602509250000,69,40
1602509550000,74,24
1602509850000,73,27
1602510150000,72,30
1602510450000,69,20
1602510750000,64,29
1602511050000,65,28
1602511350000,0,0
1602570152000,0,0
1602570452000,59,51
1602570752000,60,59
1602571052000,65,19
1602571352000,65,19
1602571652000,65,17
1602571952000,66,17
1602572252000,60,52
1602572552000,60,46
1602572852000,60,49
1602573152000,60,54
1602573452000,62,61
1602573752000,70,38
1602574052000,72,31
1602574352000,70,46
1602574652000,70,68
1602574952000,69,59
1602575252000,72,17
1602575552000,71,21
1602575852000,66,44
1602576152000,65,47
1602576452000,65,44
1602576752000,65,47
1602577052000,65,52
1602577352000,68,25
1602577652000,70,14
1602577952000,70,13
1602578252000,70,23
1602578552000,70,27
1602578852000,71,29
1602579152000,71,31
1602579452000,67,40
1602579752000,70,20
1602580052000,70,14
1602580352000,66,35
1602580652000,65,49
1602580952000,63,51
1602581252000,67,35
1602581552000,62,68
1602581852000,60,62
1602582152000,60,69
1602582452000,58,58
1602582752000,59,35
1602583052000,59,37
1602583352000,59,35
1602583652000,59,38
1602583952000,59,39
1602584252000,60,64
1602584552000,66,51
1602584852000,69,33
1602585152000,70,17
1602585452000,68,24
1602585752000,74,16
1602586052000,67,21
1602586352000,69,20
1602586652000,68,26
1602586952000,64,20
1602587252000,65,17
1602587552000,65,17
1602587852000,64,17
1602588152000,64,16
1602588452000,64,16
1602588752000,65,15
1602589052000,65,16
1602589352000,66,16
1602589652000,66,17
1602589952000,66,15
1602590252000,65,16
1602590552000,67,17
1602590852000,69,27
1602591152000,70,23
1602591452000,71,29
1602591752000,70,28
1602592052000,71,16
1602592352000,72,16
1602592652000,71,19
1602592952000,65,47
1602593252000,62,59
1602593552000,63,54
1602593852000,64,30
1602594152000,64,31
1602594452000,63,33
1602594752000,62,66
1602595052000,60,46
1602595352000,61,51
1602595652000,59,49
1602595952000,62,45
1602596252000,0,0
1602596552000,68,39
1602596852000,64,44
1602597152000,66,38
1602597452000,72,27
1602597752000,68,31
1602598052000,69,34
1602598352000,76,54
1602746462000,64,56
1602746762000,64,47
1602747062000,64,47
1602747362000,64,47
1602747662000,64,46
1602747962000,64,46
1602748262000,64,38
1602748562000,65,25
1602748862000,67,14
1602749162000,68,13
1602749462000,68,22
1602749762000,72,26
1602750062000,71,38
1602750362000,69,34
1602750662000,67,39
1602750962000,65,48
1602751262000,63,48
1602751562000,63,37
1602751862000,63,57
1602752162000,61,62
1602752462000,62,50
1602752762000,65,42
1602753062000,67,17
1602753362000,65,37
1602753662000,63,44
1602753962000,68,13
1602754262000,66,16
1602754562000,66,14
1602754862000,66,15
1602755162000,66,15
1602755462000,68,15
1602755762000,72,19
1602756062000,72,24
1602756362000,71,27
1602756662000,70,32
1602756962000,69,24
1602757262000,67,16
1602757562000,67,16
1602757862000,65,39
1602758162000,59,54
1602758462000,59,55
1602758762000,60,67
1602759062000,59,45
1602759362000,60,45
1602759662000,60,33
1602759962000,60,34
1602760262000,61,36
1602760562000,64,40
1602760862000,66,40
1602761162000,72,25
1602761462000,70,33
1602761762000,70,37
1602762062000,65,38
1602762362000,67,36
1602762662000,66,25
1602762962000,62,33
1602763262000,61,30
1602763562000,61,32
1602763862000,60,41
1602764162000,60,40
1602764462000,64,26
1602764762000,60,37
1602765062000,60,47
1602765362000,60,48
1602765662000,59,49
1602765962000,59,66
1602766262000,64,47
1602766562000,67,37
1602766862000,66,42
1602767162000,69,15
1602767462000,69,24
1602767762000,68,17
1602768062000,67,19
1602768362000,67,21
1602768662000,68,21
1602768962000,64,50
1602769262000,59,53
1602769562000,63,56
1602769862000,63,48
1602770162000,67,38
1602770462000,68,54
1602770762000,72,51
1602771062000,73,49
1602771362000,71,32
1602771662000,0,0
1602829259000,0,0
1602829559000,59,63
1602829859000,59,60
1602830159000,58,56
1602830459000,59,56
1602830759000,59,63
1602831059000,58,67
1602831359000,59,61
1602831659000,64,23
1602831959000,66,18
1602832259000,67,16
1602832559000,69,27
1602832859000,74,19
1602833159000,70,38
1602833459000,74,21
1602833759000,74,13
1602834059000,72,15
1602834359000,72,14
1602834659000,72,13
1602834959000,66,42
1602835259000,65,49
1602835559000,65,47
1602835859000,64,49
1602836159000,63,57
1602836459000,64,58
1602836759000,67,37
1602837059000,67,43
1602837359000,70,32
1602837659000,69,26
1602837959000,70,27
1602838259000,72,14
1602838559000,72,12
1602838859000,68,27
1602839159000,64,45
1602839459000,63,49
1602839759000,64,50
1602840059000,63,58
1602840359000,66,20
1602840659000,66,15
1602840959000,66,15
1602841259000,66,18
1602841559000,67,15
1602841859000,64,44
1602842159000,60,60
1602842459000,63,49
1602842759000,66,37
1602843059000,70,22
1602843359000,71,15
1602843659000,71,20
1602843959000,68,42
1602844259000,71,33
1602844559000,72,31
1602844859000,67,27
1602845159000,65,34
1602845459000,62,49
1602845759000,62,48
1602846059000,63,44
1602846359000,62,51
1602846659000,62,46
1602846959000,61,48
1602847259000,61,52
1602847559000,63,49
1602847859000,62,51
1602848159000,62,60
1602848459000,62,49
1602848759000,62,59
1602849059000,64,39
1602849359000,64,38
1602849659000,68,30
1602849959000,71,22
1602850259000,69,31
1602850559000,68,33
1602850859000,66,28
1602851159000,62,48
1602851459000,63,55
1602851759000,61,46
1602852059000,61,60
1602852359000,61,64
1602852659000,62,59
1602852959000,61,47
1602853259000,62,51
1602853559000,62,63
1602853859000,63,48
1602854159000,63,50
1602854459000,63,57
1602854759000,69,36
1602855059000,77,14
1602855359000,72,47
1602855659000,65,44
1602855959000,68,46
1602856259000,66,55
1602856559000,71,50
1602856859000,0,0
1602918061000,68,47
1602918361000,70,50
1602918661000,70,37
1602918961000,69,36
1602919261000,70,53
1602919561000,72,35
1602919861000,72,37
1602920161000,71,44
1602920461000,0,0
1602920761000,0,0
1602921061000,0,0
1602921361000,74,44
1602921661000,74,20
1602921961000,74,19
1602922261000,74,15
1602922561000,74,19
1602922861000,69,72
1602923161000,67,60
1602923461000,67,62
1602923761000,67,54
1602924061000,67,60
1602924361000,66,86
1602924661000,77,35
1602924961000,74,42
1602925261000,71,32
1602925561000,73,40
1602925861000,65,43
1602926161000,67,41
1602926461000,65,43
1602926761000,60,64
1602927061000,62,48
1602927361000,66,30
1602927661000,69,27
1602927961000,67,34
1602928261000,68,21
1602928561000,67,26
1602928861000,65,45
1602929161000,71,27
1602929461000,75,27
1602929761000,73,21
1602930061000,72,22
1602930361000,72,29
1602930661000,69,30
1602930961000,71,23
1602931261000,72,14
1602931561000,70,16
1602931861000,70,16
1602932161000,70,16
1602932461000,70,16
1602932761000,71,15
1602933061000,71,16
1602933361000,71,25
1602933661000,62,65
1602933961000,60,63
1602934261000,61,43
1602934561000,61,47
1602934861000,61,53
1602935161000,67,33
1602935461000,74,15
1602935761000,71,24
1602936061000,69,23
1602936361000,70,26
1602936661000,70,26
1602936961000,68,24
1602937261000,69,24
1602937561000,67,30
1602937861000,70,22
1602938161000,70,18
1602938461000,70,19
1602938761000,67,35
1602939061000,60,57
1602939361000,60,53
1602939661000,58,60
1602939961000,59,49
1602940261000,61,49
1602940561000,67,19
1602940861000,66,21
1602941161000,68,23
1602941461000,66,55
1602941761000,64,59
1602942061000,71,42
1602942361000,71,42
1602942661000,75,26
1602942961000,66,35
1602943261000,68,37
1602943561000,61,30
1602943861000,61,36
1602944161000,61,36
1602944461000,65,34
1602944761000,69,15
1602945061000,68,15
1602945361000,68,30
1602945661000,67,23
1602945961000,64,40
1602946261000,62,57
1602946561000,70,28
1602946861000,67,49
1602947161000,0,0
1602947461000,0,0
1602947761000,0,0
1602948061000,0,0
1602948361000,0,0
1602948661000,0,0
1602948961000,0,0
1602949261000,0,0
1602949561000,0,0
1603088400000,0,0
1603088700000,66,35
1603089000000,62,40
1603089300000,62,40
1603089600000,63,32
1603089900000,68,15
1603090200000,68,15
1603090500000,68,14
1603090800000,68,13
1603091100000,68,13
1603091400000,68,15
1603091700000,68,13
1603092000000,68,15
1603092300000,68,14
1603092600000,70,12
1603092900000,72,29
1603093200000,74,21
1603093500000,74,26
1603093800000,73,22
1603094100000,69,29
1603094400000,69,19
1603094700000,65,41
1603095000000,69,14
1603095300000,69,14
1603095600000,60,49
1603095900000,63,45
1603096200000,66,39
1603096500000,61,54
1603096800000,66,35
1603097100000,71,31
1603097400000,75,26
1603097700000,71,29
1603098000000,73,29
1603098300000,72,25
1603098600000,76,24
1603098900000,73,25
1603099200000,69,37
1603099500000,72,15
1603099800000,67,33
1603100100000,64,49
1603100400000,63,56
1603100700000,65,40
1603101000000,68,15
1603101300000,67,15
1603101600000,67,14
1603101900000,65,29
1603102200000,63,38
1603102500000,63,39
1603102800000,64,52
1603103100000,61,66
1603103400000,64,57
1603103700000,68,37
1603104000000,71,13
1603104300000,68,38
1603104600000,68,22
1603104900000,68,20
1603105200000,66,40
1603105500000,63,51
1603105800000,63,51
1603106100000,63,64
1603106400000,64,42
1603106700000,70,17
1603107000000,70,24
1603107300000,68,19
1603107600000,68,36
1603107900000,71,21
1603108200000,70,24
1603108500000,72,17
1603108800000,69,30
1603109100000,68,20
1603109400000,64,39
1603109700000,64,28
1603110000000,64,45
1603110300000,60,61
1603110600000,64,40
1603110900000,64,33
1603111200000,63,39
1603111500000,63,40
1603111800000,63,41
1603112100000,63,55
1603112400000,67,45
1603112700000,68,33
1603113000000,67,36
1603113300000,73,16
1603113600000,69,31
1603113900000,67,24
1603114200000,66,18
1603114500000,67,15
1603114800000,68,13
1603115100000,72,18
1603115400000,64,62
1603115700000,69,47
1603116000000,0,0
1603116300000,0,0
1603180022000,66,51
1603180322000,64,44
1603180622000,61,43
1603180922000,62,41
1603181222000,62,41
1603181522000,62,39
1603181822000,62,39
1603182122000,65,41
1603182422000,63,40
1603182722000,63,39
1603183022000,65,39
1603183322000,65,40
1603183622000,65,42
1603183922000,65,39
1603184222000,69,36
1603184522000,70,22
1603184822000,70,42
1603185122000,69,25
1603185422000,67,36
1603185722000,65,35
1603186022000,65,43
1603186322000,63,38
1603186622000,62,42
1603186922000,62,46
1603187222000,63,52
1603187522000,67,20
1603187822000,67,14
1603188122000,67,14
1603188422000,66,15
1603188722000,67,15
1603189022000,66,15
1603189322000,67,19
1603189622000,67,32
1603189922000,67,35
1603190222000,70,21
1603190522000,70,23
1603190822000,69,35
1603191122000,66,46
1603191422000,65,39
1603191722000,62,43
1603192022000,59,45
1603192322000,60,44
1603192622000,58,62
1603192922000,59,61
1603193222000,60,54
1603193522000,62,47
1603193822000,64,50
1603194122000,57,60
1603194422000,58,47
1603194722000,59,38
1603195022000,59,48
1603195322000,59,47
1603195622000,64,43
1603195922000,70,36
1603196222000,69,38
1603196522000,70,37
1603196822000,72,34
1603197122000,71,37
1603197422000,71,36
1603197722000,70,20
1603198022000,65,27
1603198322000,63,51
1603198622000,64,47
1603198922000,65,32
1603199222000,65,43
1603199522000,65,52
1603199822000,61,42
1603200122000,62,50
1603200422000,60,46
1603200722000,61,51
1603201022000,61,54
1603201322000,64,49
1603201622000,67,34
1603201922000,68,48
1603202222000,69,34
1603202522000,68,48
1603202822000,66,54
1603203122000,67,64
1603203422000,0,0
1603203722000,0,0
1603433460000,0,0
1603433760000,57,52
1603434060000,57,51
1603434360000,56,53
1603434660000,57,52
1603434960000,57,51
1603435260000,57,51
1603435560000,59,54
1603435860000,58,51
1603436160000,59,48
1603436460000,60,53
1603436760000,60,52
1603437060000,60,84
1603437360000,62,67
1603437660000,63,49
1603437960000,66,49
1603438260000,71,67
1603438560000,73,27
1603438860000,72,15
1603439160000,70,25
1603439460000,70,20
1603439760000,72,15
1603440060000,72,15
1603440360000,71,24
1603440660000,68,34
1603440960000,69,13
1603441260000,69,35
1603441560000,70,13
1603441860000,71,13
1603442160000,70,29
1603442460000,76,48
1603442760000,74,41
1603443060000,73,41
1603443360000,73,34
1603443660000,73,11
1603443960000,70,71
1603444260000,69,41
1603444560000,67,49
1603444860000,62,66
1603445160000,65,52
1603445460000,69,15
1603445760000,69,22
1603446060000,70,14
1603446360000,71,14
1603446660000,72,18
1603446960000,64,55
1603447260000,63,71
1603447560000,62,70
1603447860000,68,38
1603448160000,68,21
1603448460000,72,25
1603448760000,72,56
1603449060000,74,22
1603449360000,71,31
1603449660000,72,23
1603449960000,67,49
1603450260000,63,36
1603450560000,63,48
1603450860000,62,55
1603451160000,62,57
1603451460000,63,56
1603451760000,63,54
1603452060000,62,55
1603452360000,63,57
1603452660000,63,54
1603452960000,64,50
1603453260000,62,42
1603453560000,62,78
1603453860000,62,48
1603454160000,66,26
1603454460000,66,19
1603454760000,68,46
1603455060000,72,23
1603455360000,73,31
1603455660000,72,31
1603455960000,73,24
1603456260000,70,41
1603456560000,71,42
1603456860000,72,28
1603457160000,74,28
1603457460000,64,43
1603457760000,63,45
1603458060000,64,47
1603458360000,63,54
1603458660000,63,59
1603458960000,63,62
1603459260000,63,65
1603459560000,63,61
1603459860000,69,37
1603460160000,63,48
1603460460000,62,39
1603460760000,65,51
1603461060000,63,55
1603461360000,69,47
1603461660000,67,51
1603461960000,70,36
1603462260000,66,54
1603462560000,68,44
1603462860000,66,57
1603463160000,64,48
1603463460000,66,56
1603463760000,65,49
1603464060000,73,56
1603464360000,81,49
1603464660000,91,27
1603528263000,0,0
1603528563000,65,54
1603528863000,60,63
1603529163000,61,56
1603529463000,60,58
1603529763000,64,36
1603530063000,61,55
1603530363000,62,50
1603530663000,63,72
1603530963000,62,51
1603531263000,62,51
1603531563000,63,51
1603531863000,63,51
1603532163000,64,86
1603532463000,70,70
1603532763000,74,48
1603533063000,75,22
1603533363000,75,14
1603533663000,72,16
1603533963000,66,36
1603534263000,71,13
1603534563000,69,20
1603534863000,68,13
1603535163000,68,13
1603535463000,68,13
1603535763000,69,12
1603536063000,66,42
1603536363000,64,54
1603536663000,61,60
1603536963000,61,76
1603537263000,62,51
1603537563000,69,45
1603537863000,75,30
1603538163000,74,19
1603538463000,74,27
1603538763000,71,43
1603539063000,72,30
1603539363000,72,22
1603539663000,68,57
1603539963000,0,0
1603540263000,0,0
1603540563000,0,0
1603540863000,0,0
1603541163000,0,0
1603541463000,0,0
1603541763000,0,0
1603542063000,61,45
1603542363000,61,41
1603542663000,61,44
1603542963000,61,43
1603543263000,0,0
1603543563000,0,0
1603543863000,0,0
1603544163000,70,25
1603544463000,68,43
1603544763000,0,0
1603545063000,67,47
1603545363000,65,54
1603545663000,66,49
1603545963000,63,49
1603546263000,61,72
1603546563000,62,59
1603546863000,63,43
1603547163000,63,58
1603547463000,64,65
1603547763000,62,67
1603548063000,0,0
1603548363000,69,36
1603548663000,75,23
1603548963000,0,0
1603549263000,75,19
1603549563000,0,0
1603549863000,0,0
1603550163000,0,0
1603550463000,68,32
1603550763000,65,53
1603551063000,64,65
1603551363000,64,48
1603551663000,65,59
1603551963000,68,32
1603552263000,71,34
1603552563000,67,36
1603552863000,0,0
1603553163000,0,0
1603553463000,0,0
1603612920000,68,31
1603613220000,68,33
1603613520000,69,28
1603613820000,70,14
1603614120000,70,13
1603614420000,70,12
1603614720000,70,12
1603615020000,71,12
1603615320000,71,11
1603615620000,71,11
1603615920000,70,11
1603616220000,70,12
1603616520000,70,11
1603616820000,72,36
1603617120000,77,24
1603617420000,77,18
1603617720000,75,30
1603618020000,74,34
1603618320000,68,59
1603618620000,72,24
1603618920000,66,47
1603619220000,64,49
1603619520000,65,49
1603619820000,63,28
1603620120000,63,29
1603620420000,62,48
1603620720000,68,19
1603621020000,68,16
1603621320000,68,40
1603621620000,69,24
1603621920000,73,34
1603622220000,74,35
1603622520000,73,18
1603622820000,74,19
1603623120000,71,22
1603623420000,68,31
1603623720000,70,15
1603624020000,69,27
1603624320000,69,16
1603624620000,69,15
1603624920000,69,16
1603625220000,68,16
1603625520000,68,15
1603625820000,68,16
1603626120000,68,18
1603626420000,69,18
1603626720000,65,40
1603627020000,69,17
1603627320000,67,24
1603627620000,70,29
1603627920000,70,24
1603628220000,70,23
1603628520000,70,20
1603628820000,69,28
1603629120000,69,33
1603629420000,69,24
1603629720000,69,22
1603630020000,70,20
1603630320000,69,21
1603630620000,70,28
1603630920000,64,19
1603631220000,65,36
1603631520000,62,37
1603631820000,61,52
1603632120000,67,38
1603632420000,71,16
1603632720000,72,32
1603633020000,71,14
1603633320000,71,32
1603633620000,70,20
1603633920000,68,30
1603634220000,67,53
1603634520000,67,49
1603634820000,67,55
1603635120000,64,56
1603635420000,68,35
1603635720000,68,25
1603636020000,66,37
1603636320000,69,29
1603636620000,64,47
1603636920000,71,26
1603637220000,71,24
1603637520000,71,26
1603637820000,70,43
1603638120000,68,46
1603638420000,67,42
1603638720000,71,17
1603639020000,66,44
1603639320000,68,20
1603639620000,68,33
1603639920000,69,27
1603640220000,72,52
1603640520000,0,0
1603640820000,70,28
1603641120000,77,33
1603695723000,66,66
1603696023000,63,116
1603696323000,64,63
1603696623000,65,53
1603696923000,66,48
1603697223000,65,44
1603697523000,66,43
1603697823000,67,39
1603698123000,69,39
1603698423000,70,35
1603698723000,70,40
1603699023000,71,36
1603699323000,70,35
1603699623000,70,37
1603699923000,71,45
1603700223000,75,27
1603700523000,77,22
1603700823000,77,19
1603701123000,71,25
1603701423000,69,34
1603701723000,70,33
1603702023000,71,32
1603702323000,71,33
1603702623000,72,64
1603702923000,73,50
1603703223000,73,45
1603703523000,73,41
1603703823000,74,43
1603704123000,0,0
1603704423000,78,19
1603704723000,81,14
1603705023000,79,32
1603705323000,76,28
1603705623000,76,30
1603705923000,76,25
1603706223000,73,38
1603706523000,74,31
1603706823000,74,31
1603707123000,75,58
1603707423000,75,38
1603707723000,75,36
1603708023000,75,33
1603708323000,76,26
1603708623000,75,32
1603708923000,75,33
1603709223000,70,44
1603709523000,72,15
1603709823000,71,31
1603710123000,75,13
1603710423000,74,21
1603710723000,74,18
1603711023000,74,27
1603711323000,72,48
1603711623000,72,46
1603711923000,71,20
1603712223000,71,19
1603712523000,67,42
1603712823000,67,39
1603713123000,68,36
1603713423000,69,35
1603713723000,69,32
1603714023000,68,42
1603714323000,65,59
1603714623000,73,25
1603714923000,74,20
1603715223000,72,32
1603715523000,73,35
1603715823000,74,24
1603716123000,68,32
1603716423000,69,19
1603716723000,70,19
1603717023000,71,16
1603717323000,71,16
1603717623000,71,16
1603717923000,71,17
1603718223000,71,19
1603718523000,66,59
1603718823000,61,64
1603719123000,68,20
1603719423000,69,21
1603719723000,71,21
1603720023000,68,50
1603720323000,74,26
1603720623000,75,31
1603720923000,68,61
1603721223000,69,31
1603721523000,68,40
1603721823000,68,35
1603722123000,68,25
1603779961000,60,69
1603780261000,60,56
1603780561000,60,61
1603780861000,59,56
1603781161000,59,55
1603781461000,59,56
1603781761000,59,58
1603782061000,62,51
1603782361000,66,17
1603782661000,67,17
1603782961000,67,16
1603783261000,69,23
1603783561000,73,18
1603783861000,75,25
1603784161000,74,27
1603784461000,73,16
1603784761000,71,12
1603785061000,72,11
1603785361000,72,11
1603785661000,72,12
1603785961000,71,18
1603786261000,66,48
1603786561000,66,44
1603786861000,67,47
1603787161000,67,48
1603787461000,71,45
1603787761000,69,51
1603788061000,74,33
1603788361000,74,25
1603788661000,74,22
1603788961000,75,19
1603789261000,73,25
1603789561000,72,19
1603789861000,65,46
1603790161000,64,50
1603790461000,66,39
1603790761000,68,13
1603791061000,69,12
1603791361000,66,32
1603791661000,64,50
1603791961000,64,47
1603792261000,64,49
1603792561000,65,52
1603792861000,66,45
1603793161000,66,61
1603793461000,65,55
1603793761000,72,34
1603794061000,72,22
1603794361000,71,30
1603794661000,70,15
1603794961000,70,15
1603795261000,69,30
1603795561000,63,67
1603795861000,64,56
1603796161000,64,56
1603796461000,63,82
1603796761000,61,88
1603797061000,65,78
1603797361000,63,66
1603797661000,64,57
1603797961000,65,43
1603798261000,65,47
1603798561000,71,15
1603798861000,71,15
1603799161000,73,14
1603799461000,74,35
1603799761000,79,16
1603800061000,73,22
1603800361000,73,30
1603800661000,72,18
1603800961000,73,20
1603801261000,76,18
1603801561000,70,32
1603801861000,71,22
1603802161000,71,27
1603802461000,68,20
1603802761000,67,20
1603803061000,67,19
1603803361000,66,19
1603803661000,66,21
1603803961000,63,76
1603804261000,64,69
1603804561000,65,57
1603804861000,66,54
1603805161000,65,60
1603805461000,70,31
1603805761000,71,43
1603806061000,71,16
1603806361000,69,37
1603806661000,71,16
1603806961000,72,17
1603807261000,73,43
1603807561000,68,58
1603807861000,68,63
1603808161000,66,56
1603808461000,70,41
1603808761000,63,43
1603809061000,64,59
1603809361000,70,41
1603809661000,65,35
1603809961000,66,50
1603810261000,69,47
1603810561000,0,0
1603872419000,0,0
1603872719000,63,63
1603873019000,61,55
1603873319000,62,56
1603873619000,62,54
1603873919000,63,48
1603874219000,64,52
1603874519000,65,44
1603874819000,66,49
1603875119000,66,51
1603875419000,66,48
1603875719000,67,50
1603876019000,67,50
1603876319000,68,49
1603876619000,69,50
1603876919000,71,47
1603877219000,79,30
1603877519000,78,26
1603877819000,75,31
1603878119000,72,45
1603878419000,65,56
1603878719000,65,52
1603879019000,66,48
1603879319000,65,53
1603879619000,65,52
1603879919000,66,51
1603880219000,67,47
1603880519000,66,59
1603880819000,65,56
1603881119000,66,58
1603881419000,67,50
1603881719000,68,52
1603882019000,68,51
1603882319000,71,40
1603882619000,72,17
1603882919000,73,22
1603883219000,75,16
1603883519000,72,28
1603883819000,70,31
1603884119000,70,27
1603884419000,69,31
1603884719000,67,36
1603885019000,67,32
1603885319000,67,33
1603885619000,68,34
1603885919000,67,38
1603886219000,67,40
1603886519000,66,44
1603886819000,67,36
1603887119000,67,42
1603887419000,66,42
1603887719000,67,39
1603888019000,71,42
1603888319000,76,17
1603888619000,75,32
1603888919000,72,23
1603889219000,72,25
1603889519000,72,13
1603889819000,72,14
1603890119000,72,15
1603890419000,74,16
1603890719000,71,17
1603891019000,71,16
1603891319000,68,37
1603891619000,68,30
1603891919000,70,13
1603892219000,68,57
1603892519000,63,61
1603892819000,62,69
1603893119000,62,65
1603893419000,66,60
1603893719000,68,19
1603894019000,68,21
1603894319000,69,19
1603894619000,70,18
1603894919000,74,27
1603895219000,76,18
1603895519000,77,14
1603895819000,74,17
1603896119000,82,33
1603896419000,69,47
1603956362000,0,0
1603956662000,69,29
1603956962000,69,17
1603957262000,69,19
1603957562000,69,13
1603957862000,70,13
1603958162000,66,32
1603958462000,66,30
1603958762000,69,27
1603959062000,72,20
1603959362000,72,16
1603959662000,65,22
1603959962000,71,26
1603960262000,74,36
1603960562000,75,25
1603960862000,74,36
1603961162000,71,42
1603961462000,69,36
1603961762000,71,33
1603962062000,71,35
1603962362000,72,36
1603962662000,73,35
1603962962000,75,35
1603963262000,73,37
1603963562000,73,35
1603963862000,74,35
1603964162000,74,34
1603964462000,74,35
1603964762000,75,40
1603965062000,74,17
1603965362000,76,16
1603965662000,78,26
1603965962000,76,17
1603966262000,75,18
1603966562000,73,29
1603966862000,67,26
1603967162000,73,29
1603967462000,74,18
1603967762000,74,19
1603968062000,72,23
1603968362000,72,20
1603968662000,73,19
1603968962000,75,18
1603969262000,75,17
1603969562000,77,23
1603969862000,78,25
1603970162000,75,36
1603970462000,73,60
1603970762000,75,14
1603971062000,77,14
1603971362000,0,0
1603971662000,0,0
1603971962000,0,0
1603972262000,0,0
1603972562000,0,0
1603972862000,0,0
1603973162000,0,0
1603973462000,0,0
1603973762000,0,0
1603974062000,0,0
1603974362000,0,0
1603974662000,74,16
1603974962000,76,14
1603975262000,73,32
1603975562000,71,31
1603975862000,73,31
1603976162000,74,21
1603976462000,70,26
1603976762000,72,18
1603977062000,74,11
1603977362000,74,12
1603977662000,73,13
1603977962000,74,12
1603978262000,74,12
1603978562000,71,26
1603978862000,70,32
1603979162000,75,29
1603979462000,79,28
1603979762000,75,23
1603980062000,0,0
1604039758000,0,0
1604040058000,0,0
1604040358000,0,0
1604040658000,69,27
1604040958000,73,15
1604041258000,72,14
1604041558000,72,13
1604041858000,72,13
1604042158000,73,12
1604042458000,71,39
1604042758000,75,15
1604043058000,71,28
1604043358000,71,30
1604043658000,70,39
1604043958000,70,33
1604044258000,70,40
1604044558000,70,44
1604044858000,72,46
1604045158000,74,48
1604045458000,77,49
1604045758000,76,50
1604046058000,73,55
1604046358000,73,58
1604046658000,75,33
1604046958000,75,35
1604047258000,74,22
1604047558000,73,29
1604047858000,74,30
1604048158000,73,25
1604048458000,74,18
1604048758000,73,35
1604049058000,73,34
1604049358000,73,47
1604049658000,75,45
1604049958000,75,40
1604050258000,74,38
1604050558000,75,46
1604050858000,74,47
1604051158000,73,63
1604051458000,72,54
1604051758000,71,39
1604052058000,70,34
1604052358000,69,33
1604052658000,70,37
1604052958000,69,41
1604053258000,69,39
1604053558000,73,24
1604053858000,73,25
1604054158000,74,14
1604054458000,74,13
1604054758000,74,18
1604055058000,71,44
1604055358000,71,62
1604055658000,71,53
1604055958000,72,47
1604056258000,73,25
1604056558000,74,15
1604056858000,73,15
1604057158000,73,13
1604057458000,73,18
1604057758000,73,19
1604058058000,73,17
1604058358000,68,46
1604058658000,71,42
1604058958000,71,49
1604059258000,71,45
1604059558000,70,34
1604059858000,69,42
1604060158000,71,41
1604060458000,68,26
1604060758000,71,29
1604061058000,68,33
1604061358000,66,34
1604061658000,66,32
1604061958000,67,32
1604062258000,67,29
1604062558000,70,41
1604062858000,68,42
1604063158000,72,33
1604063458000,71,53
1604063758000,73,32
1604064058000,74,50
1604064358000,71,42
1604064658000,70,31
1604064958000,70,31
1604065258000,69,33
1604065558000,68,36
1604065858000,67,31
1604066158000,67,30
1604066458000,71,38
1604066758000,73,34
1604067058000,70,42
1604067358000,71,31
1604067658000,70,35
1604067958000,70,37
1604068258000,75,48
1604068558000,77,43
1604068858000,0,0
1604131142000,0,0
1604131442000,0,0
1604131742000,68,34
1604132042000,69,30
1604132342000,68,33
1604132642000,69,39
1604132942000,69,37
1604133242000,70,35
1604133542000,71,28
1604133842000,71,30
1604134142000,71,29
1604134442000,71,30
1604134742000,72,28
1604135042000,79,29
1604135342000,82,20
1604135642000,78,27
1604135942000,77,23
1604136242000,76,24
1604136542000,74,25
1604136842000,73,27
1604137142000,73,29
1604137442000,74,36
1604137742000,75,26
1604138042000,74,18
1604138342000,77,10
1604138642000,72,40
1604138942000,73,36
1604139242000,74,32
1604139542000,79,29
1604139842000,78,25
1604140142000,77,22
1604140442000,76,18
1604140742000,77,23
1604141042000,74,28
1604141342000,74,28
1604141642000,72,33
1604141942000,72,35
1604142242000,73,33
1604142542000,73,35
1604142842000,72,33
1604143142000,73,34
1604143442000,74,34
1604143742000,70,44
1604144042000,70,45
1604144342000,66,51
1604144642000,74,26
1604144942000,72,34
1604145242000,73,27
1604145542000,75,21
1604145842000,76,36
1604146142000,70,27
1604146442000,70,26
1604146742000,72,36
1604147042000,70,40
1604147342000,70,35
1604147642000,71,33
1604147942000,71,34
1604148242000,71,32
1604148542000,70,42
1604148842000,71,36
1604149142000,73,29
1604149442000,72,37
1604149742000,74,24
1604150042000,77,15
1604150342000,76,21
1604150642000,77,31
1604150942000,76,22
1604151242000,75,20
1604151542000,74,23
1604151842000,72,38
1604152142000,74,16
1604152442000,67,43
1604152742000,66,52
1604153042000,68,44
1604153342000,66,36
1604153642000,67,48
1604153942000,75,17
1604154242000,74,21
1604154542000,76,16
1604154842000,75,20
1604155142000,68,41
1604155442000,73,33
1604155742000,75,33
1604156042000,77,27
1604156342000,76,20
1604216939000,0,0
1604217239000,69,43
1604217539000,65,55
1604217839000,72,26
1604218139000,67,28
1604218439000,67,29
1604218739000,67,31
1604219039000,75,20
1604219339000,75,15
1604219639000,75,15
1604219939000,70,39
1604220239000,70,37
1604220539000,73,53
1604220839000,77,23
1604221139000,75,25
1604221439000,74,29
1604221739000,72,33
1604222039000,68,31
1604222339000,68,26
1604222639000,68,26
1604222939000,67,32
1604223239000,67,28
1604223539000,67,48
1604223839000,67,50
1604224139000,68,49
1604224439000,67,53
1604224739000,66,29
1604225039000,66,27
1604225339000,71,42
1604225639000,74,42
1604225939000,77,21
1604226239000,0,0
1604226539000,0,0
1604226839000,75,20
1604227139000,75,21
1604227439000,75,14
1604227739000,73,19
1604228039000,69,28
1604228339000,68,25
1604228639000,68,37
1604228939000,69,34
1604229239000,69,26
1604229539000,69,27
1604229839000,68,30
1604230139000,66,44
1604230439000,67,40
1604230739000,67,37
1604231039000,67,48
1604231339000,72,25
1604231639000,74,28
1604231939000,76,12
1604232239000,0,0
1604232539000,78,29
1604232839000,71,36
1604233139000,68,22
1604233439000,68,23
1604233739000,70,25
1604234039000,69,38
1604234339000,69,20
1604234639000,70,23
1604234939000,69,29
1604235239000,69,42
1604235539000,70,30
1604235839000,76,17
1604236139000,72,27
1604236439000,77,21
1604236739000,68,40
1604237039000,77,30
1604237339000,71,26
1604237639000,76,21
1604237939000,73,36
1604238239000,74,23
1604238539000,71,25
1604238839000,69,44
1604239139000,67,43
1604239439000,67,45
1604239739000,67,42
1604240039000,66,83
1604240339000,67,80
1604240639000,70,60
1604240939000,72,23
1604241239000,74,51
1604241539000,71,34
1604241839000,74,28
1604242139000,78,18
1604242439000,76,20
1604242739000,75,25
1604243039000,75,23
1604243339000,75,28
1604243639000,76,31
1604243939000,77,29
1604244239000,77,30
1604244539000,77,30
1604244839000,78,28
1604245139000,77,28
1604245439000,78,27
1604245739000,78,30
1604246039000,71,72
1604246339000,75,36
1604246639000,76,16
1604246939000,0,0
1604303402000,0,0
1604303702000,74,27
1604304002000,70,35
1604304302000,69,33
1604304602000,70,36
1604304902000,69,30
1604305202000,71,32
1604305502000,70,25
1604305802000,70,27
1604306102000,71,22
1604306402000,70,24
1604306702000,71,23
1604307002000,72,34
1604307302000,74,21
1604307602000,73,28
1604307902000,73,24
1604308202000,71,28
1604308502000,0,0
1604308802000,69,38
1604309102000,66,30
1604309402000,68,32
1604309702000,70,42
1604310002000,67,42
1604310302000,64,39
1604310602000,64,37
1604310902000,64,41
1604311202000,67,37
1604311502000,73,20
1604311802000,75,21
1604312102000,72,23
1604312402000,72,17
1604312702000,75,32
1604313002000,73,25
1604313302000,76,22
1604313602000,75,12
1604313902000,69,30
1604314202000,67,34
1604314502000,67,31
1604314802000,66,38
1604315102000,67,35
1604315402000,67,34
1604315702000,67,37
1604316002000,66,40
1604316302000,66,40
1604316602000,66,37
1604316902000,65,42
1604317202000,68,30
1604317502000,70,38
1604317802000,74,14
1604318102000,74,19
1604318402000,73,13
1604318702000,72,20
1604319002000,66,34
1604319302000,65,38
1604319602000,65,39
1604319902000,67,34
1604320202000,67,36
1604320502000,67,33
1604320802000,67,31
1604321102000,68,35
1604321402000,71,28
1604321702000,76,10
1604322002000,75,18
1604322302000,77,14
1604322602000,71,36
1604322902000,73,19
1604323202000,72,16
1604323502000,72,15
1604323802000,72,16
1604324102000,71,18
1604324402000,68,32
1604324702000,64,42
1604325002000,64,42
1604325302000,64,41
1604325602000,65,44
1604325902000,66,41
1604326202000,73,21
1604326502000,73,29
1604326802000,73,34
1604327102000,76,19
1604327402000,77,27
1604327702000,74,38
1604328002000,68,47
1604328302000,74,23
1604328602000,74,13
1604328902000,71,21
1604329202000,70,33
1604329502000,67,40
1604329802000,70,43
1604330102000,72,34
1604330402000,71,36
1604330702000,71,44
1604331002000,74,34
1604391238000,0,0
1604391538000,63,53
1604391838000,63,48
1604392138000,64,47
1604392438000,65,42
1604392738000,66,41
1604393038000,68,36
1604393338000,70,43
1604393638000,70,47
1604393938000,73,45
1604394238000,75,45
1604394538000,70,57
1604394838000,74,56
1604395138000,77,34
1604395438000,75,38
1604395738000,74,43
1604396038000,72,43
1604396338000,70,48
1604396638000,69,48
1604396938000,68,50
1604397238000,69,48
1604397538000,69,46
1604397838000,69,49
1604398138000,70,44
1604398438000,71,44
1604398738000,70,41
1604399038000,70,43
1604399338000,70,51
1604399638000,71,32
1604399938000,72,26
1604400238000,76,21
1604400538000,75,25
1604400838000,73,26
1604401138000,72,39
1604401438000,70,42
1604401738000,66,62
1604402038000,64,61
1604402338000,64,43
1604402638000,64,47
1604402938000,65,42
1604403238000,64,47
1604403538000,61,57
1604403838000,62,68
1604404138000,62,50
1604404438000,63,50
1604404738000,63,55
1604405038000,68,34
1604405338000,71,13
1604405638000,75,22
1604405938000,72,29
1604406238000,72,26
1604406538000,75,23
1604406838000,76,16
1604407138000,0,0
1604407438000,73,28
1604407738000,0,0
1604408038000,67,47
1604408338000,64,44
1604408638000,62,54
1604408938000,63,50
1604409238000,62,55
1604409538000,62,55
1604409838000,62,47
1604410138000,62,78
1604410438000,62,55
1604410738000,65,47
1604411038000,68,47
1604411338000,70,22
1604411638000,70,33
1604411938000,65,47
1604412238000,63,53
1604412538000,65,34
1604412838000,68,23
1604413138000,70,21
1604413438000,71,22
1604413738000,0,0
1604414038000,0,0
1604414338000,74,24
1604414638000,75,30
1604414938000,73,31
1604415238000,70,35
1604415538000,69,44
1604415838000,70,27
1604416138000,67,46
1604416438000,68,35
1604416738000,66,44
1604417038000,0,0
1604417338000,0,0
1604647893000,65,60
1604648193000,63,47
1604648493000,63,51
1604648793000,61,51
1604649093000,61,50
1604649393000,61,49
1604649693000,61,49
1604649993000,62,53
1604650293000,63,48
1604650593000,66,34
1604650893000,68,16
1604651193000,68,17
1604651493000,69,16
1604651793000,69,21
1604652093000,69,17
1604652393000,72,28
1604652693000,74,26
1604652993000,79,38
1604653293000,73,34
1604653593000,72,38
1604653893000,69,52
1604654193000,66,80
1604654493000,65,42
1604654793000,62,46
1604655093000,62,40
1604655393000,61,42
1604655693000,61,52
1604655993000,62,51
1604656293000,60,51
1604656593000,60,42
1604656893000,60,37
1604657193000,65,49
1604657493000,71,54
1604657793000,71,25
1604658093000,70,36
1604658393000,70,40
1604658693000,71,16
1604658993000,69,18
1604659293000,67,31
1604659593000,60,46
1604659893000,60,47
1604660193000,60,49
1604660493000,60,50
1604660793000,60,53
1604661093000,60,63
1604661393000,60,50
1604661693000,60,53
1604661993000,59,52
1604662293000,60,54
1604662593000,60,57
1604662893000,61,62
1604663193000,63,56
1604663493000,70,17
1604663793000,66,44
1604664093000,67,28
1604664393000,69,24
1604664693000,67,37
1604664993000,66,39
1604665293000,66,43
1604665593000,64,67
1604665893000,64,42
1604666193000,0,0
1604666493000,0,0
1604666793000,0,0
1604667093000,0,0
1604667393000,0,0
1604667693000,0,0
1604667993000,0,0
1604668293000,0,0
1604668593000,0,0
1604668893000,63,56
1604669193000,60,50
1604669493000,61,57
1604669793000,61,51
1604670093000,69,34
1604670393000,65,20
1604670693000,66,19
1604670993000,67,17
1604671293000,69,17
1604671593000,60,59
1604671893000,62,47
1604672193000,65,62
1604672493000,66,28
1604672793000,68,43
1604673093000,73,20
1604673393000,68,40
1604673693000,68,37
1604673993000,70,24
1604674293000,68,36
1604674593000,64,51
1604674893000,68,35
1604675193000,0,0
1604739571000,0,0
1604739871000,67,27
1604740171000,67,33
1604740471000,66,46
1604740771000,68,42
1604741071000,68,58
1604741371000,73,40
1604741671000,77,35
1604741971000,74,47
1604742271000,76,41
1604742571000,76,57
1604742871000,73,43
1604743171000,73,37
1604743471000,75,12
1604743771000,75,12
1604744071000,75,14
1604744371000,71,31
1604744671000,66,48
1604744971000,67,49
1604745271000,67,49
1604745571000,69,32
1604745871000,66,35
1604746171000,66,49
1604746471000,65,36
1604746771000,65,40
1604747071000,69,15
1604747371000,67,25
1604747671000,70,33
1604747971000,72,30
1604748271000,75,33
1604748571000,74,18
1604748871000,70,29
1604749171000,62,34
1604749471000,62,30
1604749771000,62,29
1604750071000,62,55
1604750371000,61,45
1604750671000,60,46
1604750971000,60,46
1604751271000,61,48
1604751571000,60,45
1604751871000,61,48
1604752171000,65,29
1604752471000,71,17
1604752771000,74,18
1604753071000,72,20
1604753371000,68,28
1604753671000,73,24
1604753971000,72,22
1604754271000,71,19
1604754571000,69,28
1604754871000,68,26
1604755171000,67,27
1604755471000,66,28
1604755771000,67,21
1604756071000,68,19
1604756371000,68,23
1604756671000,67,32
1604756971000,59,54
1604757271000,61,56
1604757571000,61,60
1604757871000,61,53
1604758171000,66,47
1604758471000,64,40
1604758771000,61,50
1604759071000,64,42
1604759371000,63,49
1604759671000,66,33
1604759971000,68,27
1604760271000,63,60
1604760571000,65,31
1604760871000,61,63
1604761171000,63,56
1604761471000,68,27
1604761771000,68,31
1604762071000,61,61
1604762371000,62,58
1604762671000,61,60
1604762971000,60,52
1604763271000,62,51
1604763571000,62,70
1604763871000,61,56
1604764171000,62,57
1604764471000,68,37
1604764771000,69,37
1604765071000,71,33
1604765371000,63,57
1604765671000,62,54
1604765971000,0,0
1604826753000,61,67
1604827053000,58,41
1604827353000,59,49
1604827653000,58,51
1604827953000,59,47
1604828253000,59,60
1604828553000,57,62
1604828853000,57,58
1604829153000,57,57
1604829453000,58,62
1604829753000,58,60
1604830053000,59,61
1604830353000,59,65
1604830653000,65,63
1604830953000,70,35
1604831253000,70,48
1604831553000,69,43
1604831853000,70,23
1604832153000,64,43
1604832453000,62,53
1604832753000,61,55
1604833053000,61,56
1604833353000,61,56
1604833653000,62,55
1604833953000,63,48
1604834253000,62,50
1604834553000,62,52
1604834853000,62,52
1604835153000,63,52
1604835453000,63,55
1604835753000,64,53
1604836053000,70,40
1604836353000,73,52
1604836653000,71,17
1604836953000,71,31
1604837253000,69,26
1604837553000,69,19
1604837853000,65,37
1604838153000,58,67
1604838453000,59,55
1604838753000,64,24
1604839053000,60,37
1604839353000,58,56
1604839653000,58,56
1604839953000,58,66
1604840253000,56,65
1604840553000,57,63
1604840853000,59,65
1604841153000,65,48
1604841453000,66,55
1604841753000,70,21
1604842053000,73,17
1604842353000,69,33
1604842653000,69,31
1604842953000,71,26
1604843253000,61,50
1604843553000,58,52
1604843853000,61,48
1604844153000,65,22
1604844453000,66,20
1604844753000,60,45
1604845053000,59,62
1604845353000,60,62
1604845653000,60,58
1604845953000,61,48
1604846253000,61,69
1604846553000,61,71
1604846853000,61,54
1604847153000,67,37
1604847453000,63,45
1604847753000,71,27
1604848053000,72,20
1604848353000,71,21
1604848653000,71,21
1604848953000,70,35
1604849253000,62,42
1604849553000,63,51
1604849853000,62,84
1604850153000,63,61
1604850453000,64,52
1604850753000,64,43
1604851053000,66,46
1604851353000,60,46
1604851653000,59,43
1604851953000,61,77
1604852253000,60,71
1604852553000,60,73
1604852853000,63,46
1604853153000,70,38
1604853453000,71,45
1604853753000,64,45
1604854053000,62,50
1604854353000,62,48
1604854653000,66,71
1604908651000,0,0
1604908951000,62,50
1604909251000,61,46
1604909551000,60,47
1604909851000,60,47
1604910151000,61,44
1604910451000,61,47
1604910751000,61,47
1604911051000,62,48
1604911351000,63,50
1604911651000,60,47
1604911951000,60,52
1604912251000,61,51
1604912551000,61,52
1604912851000,62,52
1604913151000,70,38
1604913451000,69,49
1604913751000,67,40
1604914051000,68,32
1604914351000,70,16
1604914651000,70,16
1604914951000,70,16
1604915251000,70,16
1604915551000,64,48
1604915851000,61,54
1604916151000,60,55
1604916451000,61,63
1604916751000,59,67
1604917051000,60,68
1604917351000,64,48
1604917651000,73,29
1604917951000,67,47
1604918251000,64,52
1604918551000,66,49
1604918851000,63,49
1604919151000,62,57
1604919451000,62,52
1604919751000,64,46
1604920051000,64,46
1604920351000,63,48
1604920651000,65,46
1604920951000,65,47
1604921251000,64,46
1604921551000,65,49
1604921851000,64,50
1604922151000,65,45
1604922451000,65,45
1604922751000,65,60
1604923051000,63,47
1604923351000,65,48
1604923651000,65,57
1604923951000,69,30
1604924251000,65,57
1604924551000,64,55
1604924851000,67,42
1604925151000,68,37
1604925451000,69,41
1604925751000,64,57
1604926051000,59,67
1604926351000,61,49
1604926651000,60,45
1604926951000,60,74
1604927251000,59,82
1604927551000,60,81
1604927851000,60,74
1604928151000,62,56
1604928451000,62,49
1604928751000,63,48
1604929051000,63,53
1604929351000,65,50
1604929651000,69,46
1604929951000,71,33
1604930251000,71,31
1604930551000,69,51
1604930851000,62,45
1604931151000,62,34
1604931451000,61,36
1604931751000,60,56
1604932051000,61,69
1604932351000,60,73
1604932651000,60,71
1604932951000,60,73
1604933251000,61,69
1604933551000,62,57
1604933851000,63,72
1604934151000,61,44
1604934451000,65,44
1604934751000,67,35
1604935051000,67,60
1604935351000,64,61
1604935651000,64,43
1604935951000,70,55
1604936251000,0,0
1604999374000,0,0
1604999674000,60,42
1604999974000,58,52
1605000274000,58,51
1605000574000,58,49
1605000874000,59,45
1605001174000,59,45
1605001474000,56,68
1605001774000,57,68
1605002074000,56,73
1605002374000,58,66
1605002674000,59,63
1605002974000,59,59
1605003274000,62,60
1605003574000,73,43
1605003874000,68,43
1605004174000,65,48
1605004474000,66,34
1605004774000,67,24
1605005074000,64,50
1605005374000,59,79
1605005674000,60,75
1605005974000,59,76
1605006274000,64,52
1605006574000,63,61
1605006874000,61,63
1605007174000,61,65
1605007474000,61,69
1605007774000,60,75
1605008074000,68,46
1605008374000,69,42
1605008674000,70,33
1605008974000,70,31
1605009274000,68,30
1605009574000,68,36
1605009874000,62,50
1605010174000,68,14
1605010474000,62,46
1605010774000,60,54
1605011074000,59,56
1605011374000,59,57
1605011674000,59,59
1605011974000,59,59
1605012274000,60,55
1605012574000,60,57
1605012874000,59,65
1605013174000,62,59
1605013474000,60,60
1605013774000,69,33
1605014074000,67,44
1605014374000,65,40
1605014674000,64,35
1605014974000,65,49
1605015274000,66,18
1605015574000,59,80
1605015874000,56,86
1605016174000,59,67
1605016474000,58,56
1605016774000,58,58
1605017074000,59,62
1605017374000,60,61
1605017674000,61,69
1605017974000,65,66
1605018274000,73,24
1605018574000,73,29
1605018874000,69,35
1605019174000,69,46
1605019474000,73,46
1605019774000,68,42
1605020074000,65,72
1605020374000,61,84
1605020674000,61,89
1605020974000,62,73
1605021274000,67,60
1605082861000,56,97
1605083161000,57,93
1605083461000,57,86
1605083761000,57,82
1605084061000,57,80
1605084361000,58,71
1605084661000,58,67
1605084961000,60,58
1605085261000,60,62
1605085561000,60,61
1605085861000,62,57
1605086161000,63,55
1605086461000,64,54
1605086761000,67,45
1605087061000,69,33
1605087361000,66,64
1605087661000,65,27
1605087961000,62,46
1605088261000,61,51
1605088561000,61,57
1605088861000,63,45
1605089161000,63,47
1605089461000,63,48
1605089761000,63,44
1605090061000,63,48
1605090361000,67,37
1605090661000,69,48
1605090961000,71,38
1605091261000,73,32
1605091561000,69,42
1605091861000,62,50
1605092161000,60,64
1605092461000,60,61
1605092761000,60,58
1605093061000,60,57
1605093361000,61,52
1605093661000,61,55
1605093961000,60,61
1605094261000,60,58
1605094561000,60,58
1605094861000,61,59
1605095161000,59,66
1605095461000,62,64
1605095761000,65,34
1605096061000,68,18
1605096361000,70,25
1605096661000,68,34
1605096961000,66,52
1605097261000,68,24
1605097561000,66,44
1605097861000,64,54
1605098161000,63,56
1605098461000,64,50
1605098761000,62,57
1605099061000,64,49
1605099361000,64,51
1605099661000,63,54
1605099961000,64,50
1605100261000,63,52
1605100561000,64,47
1605100861000,65,47
1605101161000,64,60
1605101461000,60,59
1605101761000,62,63
1605102061000,62,50
1605102361000,59,72
1605102661000,64,49
1605102961000,61,66
1605103261000,58,84
1605103561000,58,76
1605103861000,59,73
1605104161000,59,72
1605104461000,60,73
1605104761000,60,69
1605105061000,59,94
1605105361000,60,88
1605105661000,62,75
1605105961000,64,67
1605106261000,68,51
1605106561000,67,64
1605106861000,67,59
1605107161000,63,80
1605107461000,60,78
1605107761000,62,63
1605108061000,63,51
1605108361000,62,55
1605108661000,64,66
1605108961000,63,76
1605109261000,60,99
1605109561000,60,90
1605109861000,60,80
1605110161000,61,82
1605110461000,0,0
1605167342000,0,0
1605167642000,56,63
1605167942000,59,73
1605168242000,56,69
1605168542000,56,77
1605168842000,57,73
1605169142000,57,71
1605169442000,58,75
1605169742000,55,61
1605170042000,55,64
1605170342000,55,59
1605170642000,56,66
1605170942000,57,65
1605171242000,56,69
1605171542000,57,68
1605171842000,60,60
1605172142000,65,48
1605172442000,71,44
1605172742000,71,18
1605173042000,63,67
1605173342000,57,80
1605173642000,57,78
1605173942000,57,70
1605174242000,57,76
1605174542000,55,87
1605174842000,55,80
1605175142000,55,82
1605175442000,56,83
1605175742000,56,81
1605176042000,57,82
1605176342000,58,80
1605176642000,57,86
1605176942000,60,80
1605177242000,65,55
1605177542000,72,19
1605177842000,68,42
1605178142000,68,34
1605178442000,65,47
1605178742000,58,78
1605179042000,57,75
1605179342000,57,81
1605179642000,57,78
1605179942000,58,73
1605180242000,57,79
1605180542000,57,78
1605180842000,54,68
1605181142000,54,65
1605181442000,54,75
1605181742000,54,77
1605182042000,54,91
1605182342000,57,92
1605182642000,57,157
1605182942000,61,85
1605183242000,68,35
1605183542000,62,72
1605183842000,0,0
1605184142000,0,0
1605184442000,0,0
1605184742000,0,0
1605185042000,59,85
1605185342000,59,78
1605185642000,61,72
1605185942000,60,73
1605186242000,61,76
1605186542000,60,83
1605186842000,57,74
1605187142000,65,34
1605187442000,69,20
1605187742000,74,25
1605188042000,72,23
1605188342000,67,23
1605188642000,57,65
1605188942000,56,77
1605189242000,55,64
1605189542000,0,0
1605189842000,0,0
1605190142000,0,0
1605190442000,53,90
1605190742000,53,88
1605191042000,55,85
1605191342000,54,88
1605191642000,54,79
1605191942000,56,75
1605192242000,61,73
1605192542000,65,78
1605192842000,70,51
1605193142000,0,0
1605193442000,0,0
1605248341000,0,0
1605248641000,57,62
1605248941000,56,69
1605249241000,55,77
1605249541000,55,64
1605249841000,54,65
1605250141000,55,60
1605250441000,55,61
1605250741000,56,57
1605251041000,56,59
1605251341000,58,67
1605251641000,56,77
1605251941000,69,31
1605252241000,68,57
1605252541000,65,68
1605252841000,62,55
1605253141000,58,73
1605253441000,57,69
1605253741000,56,70
1605254041000,56,70
1605254341000,57,73
1605254641000,56,68
1605254941000,57,67
1605255241000,57,76
1605255541000,56,91
1605255841000,55,68
1605256141000,54,73
1605256441000,55,79
1605256741000,59,82
1605257041000,64,60
1605257341000,68,38
1605257641000,65,67
1605257941000,68,61
1605258241000,68,49
1605258541000,64,49
1605258841000,64,50
1605259141000,61,56
1605259441000,58,79
1605259741000,58,75
1605260041000,60,72
1605260341000,60,70
1605260641000,59,70
1605260941000,60,71
1605261241000,59,71
1605261541000,60,63
1605261841000,61,66
1605262141000,61,66
1605262441000,62,61
1605262741000,57,77
1605263041000,63,58
1605263341000,69,52
1605263641000,70,23
1605263941000,63,36
1605264241000,60,54
1605264541000,61,40
1605264841000,60,50
1605265141000,0,0
1605265441000,0,0
1605265741000,0,0
1605266041000,61,50
1605266341000,62,49
1605266641000,63,53
1605266941000,55,74
1605267241000,57,78
1605267541000,58,73
1605267841000,65,46
1605268141000,66,50
1605268441000,67,44
1605268741000,70,33
1605269041000,71,32
1605269341000,71,33
1605269641000,68,38
1605269941000,68,25
1605270241000,64,41
1605270541000,61,63
1605270841000,62,60
1605271141000,63,53
1605271441000,62,62
1605271741000,62,60
1605272041000,61,65
1605272341000,56,77
1605272641000,56,86
1605272941000,56,86
1605273241000,60,78
1605273541000,61,74
1605273841000,68,34
1605274141000,69,37
1605274441000,67,31
1605274741000,67,38
1605275041000,64,63
1605275341000,59,93
1605275641000,58,87
1605275941000,57,74
1605276241000,56,79
1605276541000,57,71
1605276841000,57,73
1605277141000,59,65
1605277441000,59,81
1605277741000,58,68
1605278041000,59,62
1605278341000,64,69
1605278641000,64,78
1605278941000,64,71
1605279241000,65,61
1605279541000,70,24
1605279841000,74,38
1605346503000,60,61
1605346803000,58,60
1605347103000,59,59
1605347403000,59,50
1605347703000,58,51
1605348003000,59,55
1605348303000,60,54
1605348603000,60,55
1605348903000,60,52
1605349203000,61,51
1605349503000,61,51
1605349803000,61,48
1605350103000,62,51
1605350403000,61,53
1605350703000,64,48
1605351003000,73,27
1605351303000,74,21
1605351603000,72,17
1605351903000,72,22
1605352203000,71,16
1605352503000,71,15
1605352803000,70,17
1605353103000,63,48
1605353403000,61,59
1605353703000,61,63
1605354003000,61,61
1605354303000,60,64
1605354603000,58,64
1605354903000,57,68
1605355203000,60,66
1605355503000,60,70
1605355803000,70,16
1605356103000,70,28
1605356403000,71,22
1605356703000,69,27
1605357003000,71,30
1605357303000,69,36
1605357603000,68,19
1605357903000,69,16
1605358203000,68,18
1605358503000,59,61
1605358803000,60,58
1605359103000,59,63
1605359403000,59,62
1605359703000,59,63
1605360003000,62,56
1605360303000,60,61
1605360603000,59,68
1605360903000,68,25
1605361203000,62,51
1605361503000,63,61
1605361803000,68,40
1605362103000,68,44
1605362403000,67,23
1605362703000,64,46
1605363003000,60,61
1605363303000,61,59
1605363603000,62,55
1605363903000,63,50
1605364203000,63,51
1605364503000,63,53
1605364803000,63,53
1605365103000,62,58
1605365403000,60,58
1605365703000,60,56
1605366003000,64,58
1605366303000,68,36
1605366603000,71,31
1605366903000,74,23
1605367203000,71,21
1605367503000,68,27
1605367803000,67,19
1605368103000,68,19
1605368403000,64,58
1605368703000,61,62
1605369003000,60,60
1605369303000,60,73
1605369603000,64,61
1605369903000,67,64
1605370203000,60,54
1605370503000,58,56
1605370803000,59,56
1605371103000,64,58
1605371403000,69,27
1605371703000,68,17
1605372003000,71,25
1605372303000,69,37
1605372603000,66,58
1605372903000,69,31
1605373203000,70,26
1605373503000,0,0
1605510902000,0,0
1605511202000,61,52
1605511502000,62,59
1605511802000,62,49
1605512102000,61,56
1605512402000,61,54
1605512702000,62,51
1605513002000,61,54
1605513302000,61,53
1605513602000,62,49
1605513902000,62,55
1605514202000,62,58
1605514502000,62,54
1605514802000,62,53
1605515102000,63,56
1605515402000,66,48
1605515702000,72,35
1605516002000,71,21
1605516302000,71,16
1605516602000,68,28
1605516902000,69,12
1605517202000,69,12
1605517502000,69,24
1605517802000,67,36
1605518102000,69,12
1605518402000,66,38
1605518702000,60,71
1605519002000,59,75
1605519302000,59,70
1605519602000,62,57
1605519902000,69,36
1605520202000,71,27
1605520502000,71,22
1605520802000,71,25
1605521102000,70,21
1605521402000,68,18
1605521702000,68,17
1605522002000,68,18
1605522302000,68,19
1605522602000,68,17
1605522902000,67,18
1605523202000,64,38
1605523502000,65,18
1605523802000,65,18
1605524102000,63,56
1605524402000,64,35
1605524702000,64,18
1605525002000,65,17
1605525302000,64,19
1605525602000,59,55
1605525902000,58,55
1605526202000,61,63
1605526502000,70,52
1605526802000,72,19
1605527102000,71,17
1605527402000,68,29
1605527702000,68,18
1605528002000,67,25
1605528302000,67,35
1605528602000,67,17
1605528902000,67,17
1605529202000,68,17
1605529502000,66,23
1605529802000,62,54
1605530102000,61,54
1605530402000,61,57
1605530702000,61,59
1605531002000,61,70
1605531302000,60,69
1605531602000,59,61
1605531902000,60,47
1605532202000,61,50
1605532502000,61,43
1605532802000,61,47
1605533102000,61,59
1605533402000,70,24
1605533702000,68,49
1605534002000,67,29
1605534302000,66,35
1605534602000,69,22
1605534902000,70,20
1605535202000,71,21
1605535502000,68,26
1605535802000,68,19
1605536102000,63,64
1605536402000,63,72
1605536702000,63,79
1605537002000,64,84
1605537302000,64,83
1605537602000,65,80
1605537902000,64,84
1605538202000,65,50
1605538502000,63,49
1605538802000,67,53
1605539102000,65,59
1605539402000,60,65
1605539702000,62,74
1605540002000,64,74
1605540302000,64,73
1605540602000,63,56
1605540902000,68,29
1605541202000,70,23
1605541502000,73,32
1605541802000,75,35
1605542102000,0,0
1605598560000,0,0
1605598860000,58,54
1605599160000,58,55
1605599460000,59,53
1605599760000,59,51
1605600060000,60,52
1605600360000,61,52
1605600660000,61,51
1605600960000,62,55
1605601260000,61,53
1605601560000,61,57
1605601860000,61,53
1605602160000,63,49
1605602460000,65,52
1605602760000,66,49
1605603060000,67,36
1605603360000,72,18
1605603660000,67,43
1605603960000,62,45
1605604260000,62,36
1605604560000,62,44
1605604860000,62,44
1605605160000,62,56
1605605460000,62,39
1605605760000,67,15
1605606060000,67,23
1605606360000,63,54
1605606660000,66,42
1605606960000,67,29
1605607260000,71,16
1605607560000,70,38
1605607860000,70,20
1605608160000,71,18
1605608460000,65,38
1605608760000,64,42
1605609060000,64,40
1605609360000,63,46
1605609660000,63,44
1605609960000,62,51
1605610260000,62,54
1605610560000,61,53
1605610860000,61,57
1605611160000,64,37
1605611460000,65,31
1605611760000,61,48
1605612060000,62,52
1605612360000,64,46
1605612660000,62,61
1605612960000,69,33
1605613260000,68,27
1605613560000,69,18
1605613860000,68,24
1605614160000,69,16
1605614460000,63,45
1605614760000,63,47
1605615060000,63,47
1605615360000,63,49
1605615660000,64,47
1605615960000,63,40
1605616260000,59,50
1605616560000,59,39
1605616860000,60,46
1605617160000,64,17
1605617460000,65,16
1605617760000,65,15
1605618060000,63,21
1605618360000,60,54
1605618660000,69,23
1605618960000,70,30
1605619260000,69,24
1605619560000,70,27
1605619860000,68,33
1605620160000,69,34
1605620460000,68,28
1605620760000,64,51
1605621060000,61,60
1605621360000,61,63
1605621660000,61,59
1605621960000,61,56
1605622260000,61,57
1605622560000,61,58
1605622860000,60,58
1605623160000,61,52
1605623460000,64,70
1605623760000,66,46
1605624060000,70,34
1605624360000,69,27
1605624660000,71,27
1605624960000,66,41
1605625260000,67,52
1605625560000,68,46
1605625860000,69,20
1605626160000,66,58
1605626460000,65,53
1605626760000,64,73
1605688022000,0,0
1605688322000,0,0
1605688622000,61,67
1605688922000,61,63
1605689222000,61,59
1605689522000,62,56
1605689822000,63,54
1605690122000,63,49
1605690422000,64,52
1605690722000,65,47
1605691022000,65,50
1605691322000,65,50
1605691622000,66,46
1605691922000,70,37
1605692222000,69,46
1605692522000,70,34
1605692822000,66,76
1605693122000,64,50
1605693422000,64,49
1605693722000,64,50
1605694022000,64,49
1605694322000,65,47
1605694622000,65,46
1605694922000,65,47
1605695222000,64,55
1605695522000,63,58
1605695822000,64,52
1605696122000,71,25
1605696422000,71,27
1605696722000,70,30
1605697022000,71,29
1605697322000,72,17
1605697622000,69,27
1605697922000,65,47
1605698222000,64,50
1605698522000,64,52
1605698822000,64,51
1605699122000,63,52
1605699422000,64,52
1605699722000,63,63
1605700022000,61,60
1605700322000,62,55
1605700622000,62,55
1605700922000,64,62
1605701222000,67,45
1605701522000,71,20
1605701822000,70,18
1605702122000,65,46
1605702422000,72,14
1605702722000,68,37
1605703022000,70,27
1605703322000,65,43
1605703622000,64,44
1605703922000,65,35
1605704222000,64,40
1605704522000,63,40
1605704822000,64,44
1605705122000,64,38
1605705422000,65,40
1605705722000,65,39
1605706022000,67,41
1605706322000,64,52
1605706622000,69,40
1605706922000,71,23
1605707222000,73,18
1605707522000,72,23
1605707822000,72,21
1605708122000,72,29
1605708422000,69,49
1605708722000,70,32
1605709022000,62,63
1605709322000,62,53
1605709622000,63,48
1605709922000,64,42
1605710222000,64,45
1605710522000,64,53
1605710822000,63,53
1605711122000,64,61
1605711422000,61,73
1605711722000,65,48
1605712022000,68,46
1605712322000,71,42
1605712622000,68,47
1605712922000,69,39
1605713222000,72,30
1605774181000,0,0
1605774481000,61,54
1605774781000,61,54
1605775081000,61,50
1605775381000,61,48
1605775681000,62,50
1605775981000,64,45
1605776281000,64,46
1605776581000,66,44
1605776881000,66,43
1605777181000,67,49
1605777481000,70,37
1605777781000,70,40
1605778081000,71,36
1605778381000,69,34
1605778681000,65,40
1605778981000,65,44
1605779281000,65,46
1605779581000,64,48
1605779881000,64,50
1605780181000,65,47
1605780481000,64,51
1605780781000,63,53
1605781081000,64,51
1605781381000,66,53
1605781681000,62,69
1605781981000,67,51
1605782281000,68,39
1605782581000,73,31
1605782881000,70,29
1605783181000,69,54
1605783481000,64,42
1605783781000,63,47
1605784081000,62,48
1605784381000,62,55
1605784681000,60,54
1605784981000,60,58
1605785281000,61,60
1605785581000,60,61
1605785881000,60,62
1605786181000,58,59
1605786481000,60,68
1605786781000,60,72
1605787081000,64,57
1605787381000,69,45
1605787681000,69,37
1605787981000,72,36
1605788281000,70,36
1605788581000,70,27
1605788881000,67,38
1605789181000,66,48
1605789481000,70,18
1605789781000,63,42
1605790081000,63,55
1605790381000,64,59
1605790681000,64,61
1605790981000,64,57
1605791281000,64,60
1605791581000,64,63
1605791881000,64,58
1605792181000,61,53
1605792481000,62,54
1605792781000,66,47
1605793081000,66,51
1605793381000,69,45
1605793681000,70,34
1605793981000,65,62
1605794281000,63,52
1605794581000,64,53
1605794881000,62,59
1605795181000,61,60
1605795481000,62,64
1605795781000,63,84
1605796081000,64,53
1605796381000,66,54
1605796681000,67,33
1605796981000,68,50
1605797281000,62,67
1605797581000,64,59
1605797881000,63,62
1605798181000,64,69
1605798481000,64,64
1605798781000,68,24
1605799081000,63,83
1605799381000,64,75
1605799681000,67,58
1605799981000,0,0
1605852242000,0,0
1605852542000,0,0
1605852842000,62,51
1605853142000,62,44
1605853442000,61,45
1605853742000,62,53
1605854042000,62,53
1605854342000,60,62
1605854642000,62,62
1605854942000,63,53
1605855242000,63,63
1605855542000,63,55
1605855842000,64,65
1605856142000,74,14
1605856442000,76,21
1605856742000,75,23
1605857042000,73,14
1605857342000,69,32
1605857642000,66,47
1605857942000,65,50
1605858242000,72,16
1605858542000,72,14
1605858842000,72,14
1605859142000,72,17
1605859442000,72,14
1605859742000,66,50
1605860042000,62,57
1605860342000,62,63
1605860642000,62,65
1605860942000,66,74
1605861242000,71,40
1605861542000,75,34
1605861842000,77,32
1605862142000,71,34
1605862442000,72,21
1605862742000,72,14
1605863042000,66,43
1605863342000,63,52
1605863642000,62,47
1605863942000,68,22
1605864242000,69,18
1605864542000,70,17
1605864842000,71,18
1605865142000,67,42
1605865442000,71,18
1605865742000,71,17
1605866042000,67,54
1605866342000,69,24
1605866642000,66,42
1605866942000,70,25
1605867242000,73,28
1605867542000,71,19
1605867842000,66,42
1605868142000,65,73
1605868442000,64,70
1605868742000,63,53
1605869042000,62,52
1605869342000,62,51
1605869642000,63,43
1605869942000,63,63
1605870242000,67,34
1605870542000,67,46
1605870842000,65,47
1605871142000,66,49
1605871442000,65,57
1605871742000,65,54
1605872042000,64,60
1605872342000,61,60
1605872642000,70,29
1605872942000,71,31
1605873242000,72,19
1605873542000,70,23
1605873842000,69,19
1605874142000,71,17
1605874442000,68,27
1605874742000,72,24
1605875042000,73,17
1605875342000,69,45
1605875642000,69,31
1605875942000,67,41
1605876242000,66,42
1605876542000,66,45
1605876842000,67,45
1605877142000,65,50
1605877442000,66,47
1605877742000,65,52
1605878042000,66,47
1605878342000,66,66
1605878642000,0,0
1605878942000,0,0
1605879242000,73,27
1605879542000,68,28
1605879842000,71,23
1605880142000,71,20
1605880442000,66,59
1605880742000,64,57
1605881042000,64,58
1605881342000,64,58
1605881642000,65,54
1605881942000,63,68
1605882242000,63,68
1605882542000,64,65
1605882842000,69,53
1605883142000,72,29
1605883442000,74,31
1605883742000,77,14
1605884042000,69,54
1605884342000,66,60
1605884642000,67,67
1605884942000,70,55
1605885242000,71,36
1605885542000,0,0
1605885842000,0,0
1606027502000,0,0
1606027802000,0,0
1606028102000,69,43
1606028402000,68,45
1606028702000,66,38
1606029002000,67,40
1606029302000,67,35
1606029602000,68,38
1606029902000,70,36
1606030202000,74,51
1606030502000,75,24
1606030802000,73,12
1606031102000,75,17
1606031402000,70,34
1606031702000,71,35
1606032002000,72,35
1606032302000,70,41
1606032602000,77,31
1606032902000,79,24
1606033202000,76,31
1606033502000,77,25
1606033802000,72,32
1606034102000,70,36
1606034402000,69,38
1606034702000,69,38
1606035002000,69,38
1606035302000,69,38
1606035602000,70,38
1606035902000,69,40
1606036202000,70,38
1606036502000,70,35
1606036802000,71,36
1606037102000,69,38
1606037402000,69,37
1606037702000,72,30
1606038002000,76,13
1606038302000,76,22
1606038602000,78,15
1606038902000,75,26
1606039202000,70,34
1606039502000,75,17
1606039802000,69,46
1606040102000,67,49
1606040402000,67,54
1606040702000,70,31
1606041002000,67,49
1606041302000,66,43
1606041602000,68,42
1606041902000,66,39
1606042202000,68,43
1606042502000,70,31
1606042802000,69,34
1606043102000,76,16
1606043402000,73,35
1606043702000,76,23
1606044002000,75,25
1606044302000,74,26
1606044602000,73,15
1606044902000,71,15
1606045202000,72,14
1606045502000,74,15
1606045802000,68,46
1606046102000,65,49
1606046402000,64,49
1606046702000,65,41
1606047002000,66,38
1606047302000,66,47
1606047602000,65,49
1606047902000,65,47
1606048202000,63,49
1606048502000,68,28
1606048802000,69,49
1606049102000,0,0
1606049402000,70,26
1606049702000,73,18
1606050002000,66,44
1606050302000,68,27
1606050602000,72,18
1606050902000,73,13
1606051202000,72,15
1606051502000,70,24
1606051802000,71,41
1606112279000,69,45
1606112579000,68,41
1606112879000,68,51
1606113179000,68,44
1606113479000,66,50
1606113779000,67,47
1606114079000,68,44
1606114379000,68,42
1606114679000,69,39
1606114979000,71,36
1606115279000,71,35
1606115579000,72,37
1606115879000,74,40
1606116179000,75,19
1606116479000,74,24
1606116779000,76,29
1606117079000,71,34
1606117379000,70,27
1606117679000,74,29
1606117979000,73,20
1606118279000,72,36
1606118579000,70,43
1606118879000,71,32
1606119179000,67,43
1606119479000,68,47
1606119779000,75,17
1606120079000,77,18
1606120379000,78,15
1606120679000,72,33
1606120979000,71,38
1606121279000,70,25
1606121579000,71,16
1606121879000,71,15
1606122179000,70,18
1606122479000,67,42
1606122779000,66,44
1606123079000,70,31
1606123379000,71,44
1606123679000,0,0
1606123979000,64,44
1606124279000,65,44
1606124579000,70,32
1606124879000,74,21
1606125179000,74,19
1606125479000,67,32
1606125779000,72,15
1606126079000,69,27
1606126379000,70,20
1606126679000,0,0
1606126979000,0,0
1606127279000,66,45
1606127579000,66,42
1606127879000,66,44
1606128179000,66,50
1606128479000,67,54
1606128779000,68,61
1606129079000,69,56
1606129379000,70,37
1606129679000,75,21
1606129979000,77,20
1606130279000,75,17
1606130579000,75,19
1606130879000,76,19
1606131179000,72,22
1606131479000,73,13
1606131779000,73,13
1606132079000,73,16
1606132379000,72,14
1606132679000,72,15
1606132979000,72,14
1606133279000,72,16
1606133579000,73,15
1606133879000,72,14
1606134179000,70,17
1606134479000,67,38
1606134779000,70,38
1606135079000,63,62
1606135379000,72,18
1606135679000,67,38
1606135979000,68,35
1606136279000,65,40
1606136579000,64,43
1606136879000,62,47
1606137179000,62,44
1606137479000,64,31
1606137779000,64,42
1606138079000,63,63
1606138379000,74,25
1606138679000,73,16
1606138979000,74,20
1606139279000,68,30
1606139579000,72,34
1606139879000,70,33
1606140179000,65,60
1606140479000,68,39
1606140779000,64,43
1606141079000,66,52
1606141379000,64,54
1606141679000,63,60
1606141979000,70,41
1606142279000,71,28
1606142579000,75,23
1606142879000,0,0
1606143179000,0,0
1606143479000,0,0
1606143779000,0,0
1606201379000,69,40
1606201679000,67,40
1606201979000,67,39
1606202279000,69,40
1606202579000,71,36
1606202879000,72,31
1606203179000,73,32
1606203479000,74,31
1606203779000,75,30
1606204079000,76,30
1606204379000,76,26
1606204679000,78,31
1606204979000,79,23
1606205279000,81,16
1606205579000,78,21
1606205879000,77,24
1606206179000,0,0
1606206479000,0,0
1606206779000,0,0
1606207079000,0,0
1606207379000,74,45
1606207679000,74,32
1606207979000,71,41
1606208279000,70,37
1606208579000,71,38
1606208879000,75,14
1606209179000,75,23
1606209479000,74,12
1606209779000,74,13
1606210079000,74,13
1606210379000,69,34
1606210679000,73,26
1606210979000,76,28
1606211279000,74,29
1606211579000,75,35
1606211879000,74,25
1606212179000,74,19
1606212479000,73,14
1606212779000,73,18
1606213079000,73,19
1606213379000,73,18
1606213679000,73,19
1606213979000,73,23
1606214279000,73,19
1606214579000,73,16
1606214879000,73,16
1606215179000,73,16
1606215479000,71,35
1606215779000,72,31
1606216079000,73,27
1606216379000,73,25
1606216679000,73,17
1606216979000,74,16
1606217279000,73,14
1606217579000,69,25
1606217879000,64,44
1606218179000,68,36
1606218479000,71,16
1606218779000,72,16
1606219079000,71,34
1606219379000,64,49
1606219679000,65,45
1606219979000,64,45
1606220279000,68,33
1606220579000,71,17
1606220879000,73,35
1606221179000,71,31
1606221479000,74,19
1606221779000,72,24
1606222079000,74,16
1606222379000,71,29
1606222679000,76,28
1606222979000,73,20
1606223279000,72,19
1606223579000,71,19
1606223879000,69,36
1606224179000,67,38
1606224479000,67,35
1606224779000,66,43
1606225079000,67,40
1606225379000,68,45
1606225679000,72,17
1606225979000,72,28
1606226279000,65,45
1606226579000,67,46
1606226879000,72,36
1606227179000,75,24
1606227479000,72,36
1606227779000,75,23
1606228079000,74,23
1606228379000,70,36
1606228679000,67,27
1606228979000,69,32
1606229279000,69,31
1606229579000,68,45
1606229879000,69,35
1606230179000,72,38
1606230479000,71,43
1606230779000,0,0
1606295579000,0,0
1606295879000,71,26
1606296179000,70,18
1606296479000,71,17
1606296779000,71,17
1606297079000,71,15
1606297379000,72,14
1606297679000,70,36
1606297979000,72,22
1606298279000,66,31
1606298579000,66,26
1606298879000,66,34
1606299179000,73,15
1606299479000,71,20
1606299779000,76,36
1606300079000,75,48
1606300379000,72,34
1606300679000,74,35
1606300979000,75,20
1606301279000,71,23
1606301579000,68,30
1606301879000,68,29
1606302179000,72,24
1606302479000,72,21
1606302779000,68,36
1606303079000,68,33
1606303379000,68,39
1606303679000,68,33
1606303979000,68,37
1606304279000,72,16
1606304579000,73,25
1606304879000,75,27
1606305179000,77,20
1606305479000,76,33
1606305779000,74,17
1606306079000,76,19
1606306379000,74,32
1606306679000,73,39
1606306979000,75,20
1606307279000,74,28
1606307579000,74,15
1606307879000,73,15
1606308179000,72,24
1606308479000,67,29
1606308779000,67,32
1606309079000,67,32
1606309379000,67,32
1606309679000,67,32
1606309979000,68,34
1606310279000,69,36
1606310579000,68,23
1606310879000,71,21
1606311179000,74,19
1606311479000,72,27
1606311779000,71,17
1606312079000,70,25
1606312379000,66,37
1606312679000,66,39
1606312979000,67,45
1606313279000,69,35
1606313579000,68,35
1606313879000,71,14
1606314179000,73,27
1606314479000,74,33
1606314779000,76,33
1606315079000,76,28
1606315379000,71,40
1606315679000,71,25
1606315979000,73,22
1606316279000,74,37
1606316579000,0,0
1606379702000,0,0
1606380002000,0,0
1606380302000,0,0
1606380602000,0,0
1606380902000,0,0
1606381202000,0,0
1606381502000,0,0
1606381802000,62,48
1606382102000,62,45
1606382402000,63,43
1606382702000,64,41
1606383002000,65,38
1606383302000,66,40
1606383602000,66,39
1606383902000,67,39
1606384202000,68,44
1606384502000,74,41
1606384802000,76,26
1606385102000,76,31
1606385402000,76,20
1606385702000,73,23
1606386002000,71,35
1606386302000,69,35
1606386602000,69,37
1606386902000,70,30
1606387202000,71,29
1606387502000,71,36
1606387802000,67,43
1606388102000,74,25
1606388402000,77,33
1606388702000,82,17
1606389002000,74,32
1606389302000,72,35
1606389602000,70,32
1606389902000,70,39
1606390202000,74,14
1606390502000,72,19
1606390802000,69,34
1606391102000,69,32
1606391402000,69,33
1606391702000,70,30
1606392002000,70,33
1606392302000,71,32
1606392602000,72,27
1606392902000,71,18
1606393202000,67,50
1606393502000,73,17
1606393802000,72,41
1606394102000,72,36
1606394402000,74,15
1606394702000,73,20
1606395002000,69,32
1606395302000,68,44
1606395602000,65,48
1606395902000,65,44
1606396202000,65,45
1606396502000,65,45
1606396802000,66,41
1606397102000,66,39
1606397402000,66,50
1606397702000,65,52
1606398002000,67,49
1606398302000,74,34
1606398602000,74,36
1606398902000,75,34
1606399202000,76,38
1606399502000,73,28
1606399802000,71,34
1606400102000,75,17
1606400402000,73,29
1606400702000,73,33
1606401002000,66,48
1606401302000,70,36
1606401602000,73,19
1606401902000,70,39
1606402202000,65,54
1606402502000,66,50
1606402802000,65,48
1606403102000,72,26
1606403402000,73,17
1606403702000,73,17
1606404002000,74,14
1606404302000,74,29
1606404602000,71,41
1606404902000,74,33
1606405202000,76,32
1606405502000,0,0
1606405802000,70,55
1606406102000,0,0
1606406402000,75,31
1606406702000,0,0
1606407002000,0,0
1606464659000,0,0
1606464959000,63,79
1606465259000,66,55
1606465559000,65,57
1606465859000,65,60
1606466159000,65,57
1606466459000,65,54
1606466759000,67,51
1606467059000,70,30
1606467359000,72,13
1606467659000,73,13
1606467959000,73,13
1606468259000,71,19
1606468559000,67,45
1606468859000,66,46
1606469159000,71,32
1606469459000,76,10
1606469759000,76,26
1606470059000,77,33
1606470359000,78,35
1606470659000,77,37
1606470959000,74,75
1606471259000,69,35
1606471559000,70,67
1606471859000,76,10
1606472159000,68,37
1606472459000,72,38
1606472759000,73,42
1606473059000,74,18
1606473359000,74,23
1606473659000,67,47
1606473959000,68,48
1606474259000,68,51
1606474559000,69,45
1606474859000,78,36
1606475159000,76,49
1606475459000,80,57
1606475759000,75,41
1606476059000,76,20
1606476359000,75,26
1606476659000,71,32
1606476959000,66,44
1606477259000,68,40
1606477559000,75,14
1606477859000,75,14
1606478159000,69,33
1606478459000,70,34
1606478759000,69,34
1606479059000,70,33
1606479359000,70,35
1606479659000,70,37
1606479959000,69,40
1606480259000,72,30
1606480559000,74,34
1606480859000,73,40
1606481159000,74,48
1606481459000,71,25
1606481759000,67,35
1606482059000,67,36
1606482359000,66,39
1606482659000,66,34
1606482959000,69,19
1606483259000,67,24
1606483559000,67,44
1606483859000,67,39
1606484159000,71,28
1606484459000,78,39
1606484759000,79,25
1606485059000,71,25
1606485359000,74,28
1606485659000,71,45
1606485959000,69,48
1606486259000,67,39
1606486559000,68,40
1606486859000,67,47
1606487159000,68,40
1606487459000,74,14
1606487759000,66,45
1606488059000,67,40
1606488359000,67,47
1606488659000,66,45
1606488959000,66,49
1606489259000,66,48
1606489559000,69,38
1606489859000,72,29
1606490159000,77,12
1606490459000,76,15
1606490759000,65,51
1606491059000,66,42
1606491359000,66,36
1606491659000,69,31
1606491959000,65,45
1606492259000,65,41
1606492559000,66,30
1606492859000,72,37
1606493159000,72,21
1606493459000,73,25
1606493759000,72,36
1606494059000,75,24
1606494359000,76,19
1606494659000,75,15
1606494959000,70,43
1606495259000,69,52
1606495559000,65,45
1606495859000,74,28
1606496159000,73,19
1606496459000,67,44
1606496759000,80,39
1606497059000,78,37
1606497359000,0,0
1606638538000,0,0
1606638838000,0,0
1606639138000,75,20
1606639438000,74,20
1606639738000,74,17
1606640038000,74,13
1606640338000,74,15
1606640638000,75,13
1606640938000,75,11
1606641238000,74,15
1606641538000,72,24
1606641838000,73,19
1606642138000,75,19
1606642438000,75,31
1606642738000,76,28
1606643038000,76,19
1606643338000,74,20
1606643638000,75,32
1606643938000,75,10
1606644238000,75,9
1606644538000,68,27
1606644838000,68,24
1606645138000,68,27
1606645438000,69,24
1606645738000,68,28
1606646038000,71,29
1606646338000,73,29
1606646638000,76,24
1606646938000,75,35
1606647238000,75,25
1606647538000,74,22
1606647838000,71,22
1606648138000,69,28
1606648438000,70,24
1606648738000,68,21
1606649038000,71,25
1606649338000,71,31
1606649638000,73,28
1606649938000,74,23
1606650238000,75,13
1606650538000,74,16
1606650838000,75,17
1606651138000,77,13
1606651438000,75,16
1606651738000,75,33
1606652038000,75,18
1606652338000,72,25
1606652638000,72,27
1606652938000,70,29
1606653238000,69,28
1606653538000,69,27
1606653838000,70,27
1606654138000,69,28
1606654438000,69,30
1606654738000,69,30
1606655038000,72,35
1606655338000,74,19
1606655638000,73,14
1606655938000,72,19
1606656238000,73,25
1606656538000,72,22
1606656838000,71,24
1606657138000,70,29
1606657438000,70,30
1606657738000,70,28
1606658038000,72,28
1606658338000,75,17
1606658638000,74,28
1606658938000,75,22
1606659238000,74,19
1606659538000,74,27
1606659838000,73,21
1606660138000,74,19
1606660438000,76,26
1606660738000,73,37
1606661038000,76,25
1606661338000,74,35
1606661638000,75,27
1606661938000,74,30
1606662238000,76,11
1606662538000,75,11
1606662838000,76,11
1606663138000,77,11
1606663438000,77,14
1606663738000,72,26
1606664038000,74,22
1606664338000,74,20
1606664638000,73,22
1606664938000,75,26
1606665238000,75,37
1606665538000,76,15
1606665838000,77,18
1606666138000,74,25
1606666438000,74,33
1606666738000,76,27
1606667038000,78,19
1606667338000,75,34
1606667638000,77,34
1606667938000,0,0
1606722841000,0,0
1606723141000,68,41
1606723441000,65,41
1606723741000,63,47
1606724041000,66,32
1606724341000,68,27
1606724641000,62,50
1606724941000,63,47
1606725241000,64,41
1606725541000,64,44
1606725841000,65,43
1606726141000,66,42
1606726441000,66,47
1606726741000,72,36
1606727041000,74,31
1606727341000,69,42
1606727641000,67,33
1606727941000,67,33
1606728241000,67,32
1606728541000,67,33
1606728841000,68,33
1606729141000,68,41
1606729441000,67,55
1606729741000,67,41
1606730041000,72,25
1606730341000,66,40
1606730641000,67,41
1606730941000,67,37
1606731241000,68,37
1606731541000,68,41
1606731841000,69,36
1606732141000,69,38
1606732441000,68,46
1606732741000,69,29
1606733041000,71,29
1606733341000,74,19
1606733641000,77,19
1606733941000,75,23
1606734241000,75,19
1606734541000,76,28
1606734841000,69,33
1606735141000,71,26
1606735441000,73,36
1606735741000,73,20
1606736041000,74,17
1606736341000,74,16
1606736641000,72,47
1606736941000,69,40
1606737241000,0,0
1606737541000,0,0
1606737841000,0,0
1606738141000,0,0
1606738441000,69,38
1606738741000,73,19
1606739041000,74,30
1606739341000,77,30
1606739641000,74,14
1606739941000,75,36
1606740241000,69,40
1606740541000,75,13
1606740841000,72,15
1606741141000,72,15
1606741441000,72,14
1606741741000,72,15
1606742041000,73,14
1606742341000,72,15
1606742641000,72,15
1606742941000,72,14
1606743241000,72,15
1606743541000,73,14
1606743841000,73,14
1606744141000,73,14
1606744441000,0,0
1606744741000,70,41
1606745041000,70,37
1606745341000,74,13
1606745641000,70,36
1606745941000,66,50
1606746241000,67,44
1606746541000,69,35
1606746841000,71,18
1606747141000,70,48
1606747441000,69,15
1606747741000,69,50
1606748041000,70,43
1606748341000,72,31
1606748641000,76,32
1606748941000,0,0
1606812784000,0,0
1606813084000,0,0
1606813384000,64,54
1606813684000,63,54
1606813984000,64,49
1606814284000,66,46
1606814584000,67,44
1606814884000,68,38
1606815184000,69,37
1606815484000,69,38
1606815784000,71,33
1606816084000,73,41
1606816384000,71,31
1606816684000,75,21
1606816984000,76,17
1606817284000,74,12
1606817584000,75,11
1606817884000,73,13
1606818184000,70,32
1606818484000,67,45
1606818784000,68,47
1606819084000,69,37
1606819384000,69,37
1606819684000,70,35
1606819984000,69,38
1606820284000,70,35
1606820584000,70,31
1606820884000,72,34
1606821184000,71,35
1606821484000,73,34
1606821784000,77,16
1606822084000,78,15
1606822384000,76,27
1606822684000,76,17
1606822984000,75,17
1606823284000,74,13
1606823584000,73,14
1606823884000,67,43
1606824184000,66,44
1606824484000,67,40
1606824784000,73,12
1606825084000,71,32
1606825384000,68,38
1606825684000,68,32
1606825984000,68,44
1606826284000,66,43
1606826584000,68,45
1606826884000,76,16
1606827184000,76,21
1606827484000,77,16
1606827784000,79,14
1606828084000,77,20
1606828384000,75,23
1606828684000,76,15
1606828984000,74,14
1606829284000,74,14
1606829584000,70,38
1606829884000,67,41
1606830184000,67,42
1606830484000,66,43
1606830784000,67,44
1606831084000,67,42
1606831384000,73,15
1606831684000,74,15
1606831984000,74,15
1606832284000,73,29
1606832584000,71,36
1606832884000,74,21
1606833184000,77,10
1606833484000,75,12
1606833784000,75,18
1606834084000,72,29
1606834384000,74,15
1606834684000,74,25
1606834984000,71,47
1606835284000,68,57
1606835584000,71,38
1606835884000,73,39
1606836184000,70,37
1606836484000,75,16
1606836784000,74,27
1606837084000,67,40
1606837384000,94,32
1606837684000,95,28
1606899721000,66,48
1606900021000,64,49
1606900321000,60,59
1606900621000,61,60
1606900921000,61,55
1606901221000,61,58
1606901521000,61,60
1606901821000,62,57
1606902121000,63,53
1606902421000,64,50
1606902721000,64,51
1606903021000,66,45
1606903321000,65,47
1606903621000,65,45
1606903921000,67,41
1606904221000,66,50
1606904521000,75,31
1606904821000,73,34
1606905121000,74,31
1606905421000,69,27
1606905721000,66,40
1606906021000,65,43
1606906321000,64,48
1606906621000,64,50
1606906921000,64,53
1606907221000,66,50
1606907521000,62,61
1606907821000,62,63
1606908121000,61,64
1606908421000,61,69
1606908721000,71,45
1606909021000,76,18
1606909321000,75,23
1606909621000,76,15
1606909921000,74,23
1606910221000,69,35
1606910521000,68,40
1606910821000,67,43
1606911121000,66,48
1606911421000,66,47
1606911721000,66,48
1606912021000,66,46
1606912321000,65,50
1606912621000,66,50
1606912921000,65,52
1606913221000,65,51
1606913521000,65,52
1606913821000,65,48
1606914121000,66,40
1606914421000,71,18
1606914721000,70,34
1606915021000,68,50
1606915321000,73,26
1606915621000,69,35
1606915921000,69,32
1606916221000,66,52
1606916521000,62,59
1606916821000,60,55
1606917121000,61,64
1606917421000,62,56
1606917721000,0,0
1606918021000,69,35
1606918321000,73,30
1606918621000,75,19
1606918921000,72,33
1606919221000,77,19
1606919521000,74,28
1606919821000,65,48
1606920121000,64,54
1606920421000,70,18
1606920721000,61,77
1606921021000,64,73
1606921321000,62,59
1606921621000,66,53
1606921921000,69,30
1606922221000,70,31
1606922521000,0,0
1606922821000,65,68
1606923121000,65,71
1606923421000,0,0
1606984443000,0,0
1606984743000,0,0
1606985043000,62,63
1606985343000,63,55
1606985643000,63,52
1606985943000,65,49
1606986243000,66,45
1606986543000,68,39
1606986843000,69,38
1606987143000,68,54
1606987443000,66,51
1606987743000,71,40
1606988043000,76,55
1606988343000,74,41
1606988643000,72,34
1606988943000,69,39
1606989243000,70,33
1606989543000,69,36
1606989843000,69,37
1606990143000,68,43
1606990443000,69,39
1606990743000,68,38
1606991043000,68,41
1606991343000,68,40
1606991643000,68,37
1606991943000,66,53
1606992243000,63,47
1606992543000,64,69
1606992843000,72,34
1606993143000,74,23
1606993443000,76,25
1606993743000,74,36
1606994043000,71,34
1606994343000,74,28
1606994643000,66,58
1606994943000,66,47
1606995243000,65,48
1606995543000,65,51
1606995843000,64,52
1606996143000,64,51
1606996443000,64,54
1606996743000,64,51
1606997043000,64,57
1606997343000,67,52
1606997643000,63,54
1606997943000,64,55
1606998243000,67,52
1606998543000,72,49
1606998843000,72,37
1606999143000,74,19
1606999443000,75,15
1606999743000,75,14
1607000043000,73,15
1607000343000,72,17
1607000643000,71,26
1607000943000,66,42
1607001243000,66,47
1607001543000,66,42
1607001843000,65,49
1607002143000,65,48
1607002443000,65,48
1607002743000,65,47
1607003043000,65,56
1607003343000,64,53
1607003643000,71,39
1607003943000,74,30
1607004243000,75,19
1607004543000,72,29
1607004843000,70,34
1607005143000,63,61
1607005443000,68,39
1607005743000,65,31
1607006043000,62,53
1607006343000,63,61
1607006643000,63,64
1607006943000,62,60
1607007243000,61,59
1607007543000,64,58
1607007843000,72,45
1607008143000,70,39
1607008443000,68,60
1607008743000,74,24
1607009043000,72,24
1607009343000,0,0
1607066941000,0,0
1607067241000,62,42
1607067541000,63,41
1607067841000,62,42
1607068141000,62,41
1607068441000,62,40
1607068741000,62,41
1607069041000,64,39
1607069341000,64,36
1607069641000,66,38
1607069941000,0,0
1607070241000,72,24
1607070541000,73,53
1607070841000,75,41
1607071141000,74,62
1607071441000,74,70
1607071741000,72,63
1607072041000,71,71
1607072341000,69,106
1607072641000,67,135
1607072941000,69,81
1607073241000,67,115
1607073541000,66,97
1607073841000,66,64
1607074141000,67,43
1607074441000,69,50
1607074741000,69,35
1607075041000,70,44
1607075341000,69,34
1607075641000,70,51
1607075941000,72,71
1607076241000,75,80
1607076541000,0,0
1607076841000,70,102
1607077141000,69,109
1607077441000,67,102
1607077741000,0,0
1607078041000,71,88
1607078341000,70,45
1607078641000,67,90
1607078941000,66,82
1607079241000,68,59
1607079541000,66,44
1607079841000,66,63
1607080141000,65,56
1607080441000,65,55
1607080741000,66,54
1607081041000,66,77
1607081341000,63,40
1607081641000,61,30
1607081941000,60,34
1607082241000,65,55
1607082541000,68,95
1607082841000,68,65
1607083141000,67,101
1607083441000,68,99
1607083741000,67,85
1607084041000,65,49
1607084341000,64,36
1607084641000,64,39
1607084941000,63,33
1607085241000,64,53
1607085541000,63,39
1607085841000,64,39
1607086141000,64,31
1607086441000,68,16
1607086741000,69,16
1607087041000,69,14
1607087341000,64,56
1607087641000,68,60
1607087941000,74,45
1607088241000,74,42
1607088541000,74,30
1607088841000,73,27
1607089141000,70,39
1607089441000,66,48
1607089741000,68,55
1607090041000,64,43
1607090341000,63,28
1607090641000,64,29
1607090941000,63,31
1607091241000,63,32
1607091541000,63,31
1607091841000,63,29
1607092141000,63,33
1607092441000,65,37
1607092741000,64,39
1607093041000,68,40
1607093341000,69,42
1607093641000,71,34
1607093941000,67,40
1607094241000,64,43
1607094541000,63,32
1607094841000,67,45
1607095141000,69,40
1607095441000,0,0
1607326831000,68,39
1607327131000,69,43
1607327431000,68,45
1607327731000,69,35
1607328031000,68,47
1607328331000,65,51
1607328631000,66,51
1607328931000,65,44
1607329231000,67,39
1607329531000,66,43
1607329831000,66,45
1607330131000,65,46
1607330431000,66,43
1607330731000,66,46
1607331031000,66,45
1607331331000,65,48
1607331631000,64,48
1607331931000,64,48
1607332231000,70,15
1607332531000,75,28
1607332831000,74,18
1607333131000,75,17
1607333431000,72,20
1607333731000,62,53
1607334031000,63,44
1607334331000,69,17
1607334631000,67,29
1607334931000,65,39
1607335231000,64,46
1607335531000,64,45
1607335831000,63,55
1607336131000,66,18
1607336431000,65,19
1607336731000,61,72
1607337031000,67,38
1607337331000,69,46
1607337631000,74,37
1607337931000,73,22
1607338231000,70,27
1607338531000,64,48
1607338831000,65,44
1607339131000,63,47
1607339431000,65,33
1607339731000,65,27
1607340031000,66,26
1607340331000,60,59
1607340631000,58,69
1607340931000,59,62
1607341231000,59,62
1607341531000,65,18
1607341831000,62,46
1607342131000,61,55
1607342431000,58,69
1607342731000,70,14
1607343031000,67,46
1607343331000,70,24
1607343631000,0,0
1607343931000,0,0
1607344231000,0,0
1607344531000,0,0
1607344831000,59,45
1607345131000,60,41
1607345431000,60,46
1607345731000,60,57
1607346031000,67,18
1607346331000,60,41
1607346631000,65,48
1607346931000,73,15
1607347231000,73,22
1607347531000,70,31
1607347831000,65,40
1607348131000,68,34
1607348431000,63,50
1607348731000,63,47
1607349031000,63,42
1607349331000,61,78
1607349631000,69,24
1607349931000,68,27
1607350231000,69,24
1607350531000,66,26
1607350831000,66,52
1607351131000,66,40
1607351431000,59,57
1607351731000,60,54
1607352031000,71,20
1607352331000,69,33
1607352631000,72,27
1607352931000,77,24
1607353231000,69,39
1607353531000,67,40
1607353831000,65,54
1607354131000,63,60
1607354431000,69,32
1607354731000,69,35
1607355031000,61,56
1607355331000,60,53
1607355631000,63,56
1607355931000,62,77
1607356231000,62,54
1607356531000,63,60
1607356831000,64,61
1607357131000,77,29
1607357431000,78,47
1607357731000,0,0
1607418333000,0,0
1607418633000,63,42
1607418933000,62,45
1607419233000,61,47
1607419533000,61,44
1607419833000,62,42
1607420133000,62,48
1607420433000,60,51
1607420733000,60,49
1607421033000,61,49
1607421333000,63,47
1607421633000,64,55
1607421933000,70,41
1607422233000,71,39
1607422533000,64,43
1607422833000,64,41
1607423133000,61,37
1607423433000,61,42
1607423733000,61,40
1607424033000,61,38
1607424333000,61,38
1607424633000,62,38
1607424933000,61,42
1607425233000,61,43
1607425533000,64,58
1607425833000,64,44
1607426133000,69,32
1607426433000,71,22
1607426733000,72,37
1607427033000,74,19
1607427333000,70,43
1607427633000,69,34
1607427933000,69,18
1607428233000,68,16
1607428533000,67,17
1607428833000,64,30
1607429133000,67,25
1607429433000,67,16
1607429733000,67,17
1607430033000,67,17
1607430333000,67,17
1607430633000,67,17
1607430933000,67,17
1607431233000,66,41
1607431533000,67,38
1607431833000,70,21
1607432133000,68,27
1607432433000,69,47
1607432733000,70,23
1607433033000,70,14
1607433333000,70,14
1607433633000,68,32
1607433933000,65,36
1607434233000,66,16
1607434533000,67,16
1607434833000,67,15
1607435133000,69,33
1607435433000,68,17
1607435733000,68,17
1607436033000,68,17
1607436333000,68,18
1607436633000,65,48
1607436933000,69,26
1607437233000,73,18
1607437533000,74,33
1607437833000,71,38
1607438133000,70,31
1607438433000,71,16
1607438733000,68,34
1607439033000,68,41
1607439333000,67,28
1607439633000,62,41
1607439933000,62,29
1607440233000,61,37
1607440533000,62,36
1607440833000,62,45
1607441133000,62,41
1607441433000,66,43
1607441733000,69,44
1607442033000,65,45
1607442333000,67,39
1607442633000,64,40
1607442933000,71,36
1607443233000,66,48
1607443533000,71,30
1607443833000,73,28
1607444133000,73,20
1607444433000,74,44
1607444733000,72,30
1607504671000,62,39
1607504971000,62,41
1607505271000,63,42
1607505571000,63,38
1607505871000,64,39
1607506171000,64,37
1607506471000,64,39
1607506771000,66,34
1607507071000,66,29
1607507371000,67,28
1607507671000,68,30
1607507971000,68,29
1607508271000,68,31
1607508571000,69,30
1607508871000,70,30
1607509171000,70,26
1607509471000,73,33
1607509771000,73,22
1607510071000,73,19
1607510371000,72,23
1607510671000,70,25
1607510971000,71,30
1607511271000,68,32
1607511571000,67,36
1607511871000,67,34
1607512171000,67,40
1607512471000,68,39
1607512771000,66,41
1607513071000,66,41
1607513371000,66,41
1607513671000,66,51
1607513971000,69,29
1607514271000,71,32
1607514571000,74,27
1607514871000,68,38
1607515171000,65,42
1607515471000,62,47
1607515771000,63,49
1607516071000,62,53
1607516371000,62,51
1607516671000,62,47
1607516971000,61,52
1607517271000,61,54
1607517571000,61,54
1607517871000,61,52
1607518171000,62,48
1607518471000,61,55
1607518771000,60,55
1607519071000,61,63
1607519371000,69,31
1607519671000,71,21
1607519971000,71,22
1607520271000,67,66
1607520571000,70,15
1607520871000,62,49
1607521171000,62,58
1607521471000,61,58
1607521771000,61,46
1607522071000,61,52
1607522371000,61,50
1607522671000,63,56
1607522971000,59,62
1607523271000,61,56
1607523571000,67,49
1607523871000,71,33
1607524171000,72,41
1607524471000,72,28
1607524771000,73,21
1607525071000,73,25
1607525371000,71,24
1607525671000,64,56
1607525971000,63,43
1607526271000,60,55
1607526571000,63,51
1607526871000,67,19
1607527171000,67,19
1607527471000,68,16
1607527771000,68,18
1607528071000,71,21
1607528371000,67,49
1607528671000,66,34
1607528971000,69,33
1607529271000,71,33
1607529571000,66,48
1607529871000,71,30
1607588673000,64,43
1607588973000,62,105
1607589273000,62,71
1607589573000,62,41
1607589873000,62,43
1607590173000,62,43
1607590473000,61,41
1607590773000,62,41
1607591073000,65,38
1607591373000,69,46
1607591673000,71,31
1607591973000,73,29
1607592273000,73,29
1607592573000,74,14
1607592873000,71,40
1607593173000,71,16
1607593473000,70,27
1607593773000,63,46
1607594073000,62,46
1607594373000,62,46
1607594673000,62,46
1607594973000,62,43
1607595273000,66,42
1607595573000,61,45
1607595873000,61,41
1607596173000,61,40
1607596473000,60,42
1607596773000,60,49
1607597073000,65,34
1607597373000,61,49
1607597673000,68,61
1607597973000,68,44
1607598273000,71,41
1607598573000,70,20
1607598873000,69,24
1607599173000,69,21
1607599473000,68,25
1607599773000,68,18
1607600073000,69,18
1607600373000,63,47
1607600673000,60,47
1607600973000,61,30
1607601273000,61,34
1607601573000,61,31
1607601873000,62,30
1607602173000,62,28
1607602473000,61,33
1607602773000,61,32
1607603073000,62,82
1607603373000,65,35
1607603673000,70,40
1607603973000,71,25
1607604273000,65,51
1607604573000,70,24
1607604873000,66,20
1607605173000,66,31
1607605473000,66,24
1607605773000,60,45
1607606073000,59,40
1607606373000,60,47
1607606673000,0,0
1607606973000,0,0
1607607273000,63,79
1607607573000,70,39
1607607873000,65,64
1607608173000,69,34
1607608473000,71,28
1607608773000,68,35
1607609073000,66,37
1607609373000,62,55
1607609673000,61,62
1607609973000,60,61
1607610273000,60,64
1607610573000,0,0
1607610873000,0,0
1607611173000,0,0
1607611473000,58,61
1607611773000,65,22
1607612073000,62,40
1607612373000,61,43
1607612673000,0,0
1607612973000,70,39
1607613273000,69,41
1607613573000,71,29
1607613873000,75,69
1607614173000,68,18
1607669611000,64,45
1607669911000,64,38
1607670211000,63,44
1607670511000,60,43
1607670811000,61,43
1607671111000,61,41
1607671411000,62,41
1607671711000,62,42
1607672011000,63,39
1607672311000,63,42
1607672611000,64,44
1607672911000,65,53
1607673211000,70,49
1607673511000,74,14
1607673811000,73,29
1607674111000,72,15
1607674411000,68,17
1607674711000,67,17
1607675011000,67,17
1607675311000,67,16
1607675611000,60,48
1607675911000,60,44
1607676211000,60,61
1607676511000,60,42
1607676811000,59,43
1607677111000,59,50
1607677411000,62,43
1607677711000,65,19
1607678011000,61,53
1607678311000,65,63
1607678611000,72,15
1607678911000,71,16
1607679211000,67,37
1607679511000,69,14
1607679811000,70,29
1607680111000,68,14
1607680411000,69,13
1607680711000,65,53
1607681011000,67,44
1607681311000,63,54
1607681611000,68,17
1607681911000,66,25
1607682211000,68,31
1607682511000,70,12
1607682811000,64,47
1607683111000,62,45
1607683411000,68,24
1607683711000,64,55
1607684011000,72,16
1607684311000,74,15
1607684611000,73,15
1607684911000,73,14
1607685211000,74,12
1607685511000,76,25
1607685811000,71,42
1607686111000,70,15
1607686411000,70,15
1607686711000,66,34
1607687011000,61,84
1607687311000,65,48
1607687611000,62,42
1607687911000,62,36
1607688211000,63,40
1607688511000,61,51
1607688811000,61,54
1607689111000,64,37
1607689411000,61,42
1607689711000,67,31
1607690011000,69,15
1607690311000,70,24
1607690611000,67,27
1607690911000,69,18
1607691211000,69,18
1607691511000,68,15
1607691811000,69,15
1607692111000,68,19
1607692411000,64,37
1607692711000,66,17
1607693011000,65,17
1607693311000,65,16
1607693611000,63,35
1607693911000,71,22
1607694211000,70,27
1607694511000,69,41
1607694811000,69,23
1607695111000,69,29
1607695411000,65,38
1607695711000,67,44
1607696011000,67,41
1607696311000,60,57
1607696611000,62,48
1607696911000,60,61
1607697211000,59,64
1607697511000,59,67
1607697811000,59,57
1607698111000,60,48
1607698411000,63,61
1607698711000,62,56
1607699011000,68,28
1607699311000,74,20
1607699611000,70,38
1607699911000,71,27
1607700211000,70,32
1607700511000,68,66
1607700811000,67,56
1607701111000,68,46
1607701411000,67,53
1607701711000,67,46
1607702011000,68,33
1607702311000,0,0
1607761173000,64,51
1607761473000,62,47
1607761773000,62,40
1607762073000,64,38
1607762373000,65,37
1607762673000,70,19
1607762973000,73,13
1607763273000,69,30
1607763573000,68,36
1607763873000,70,20
1607764173000,72,27
1607764473000,71,29
1607764773000,73,34
1607765073000,70,42
1607765373000,70,33
1607765673000,64,39
1607765973000,65,26
1607766273000,67,36
1607766573000,63,45
1607766873000,59,58
1607767173000,65,40
1607767473000,67,15
1607767773000,66,38
1607768073000,71,21
1607768373000,71,24
1607768673000,73,18
1607768973000,79,24
1607769273000,72,23
1607769573000,70,15
1607769873000,70,18
1607770173000,66,27
1607770473000,63,45
1607770773000,63,52
1607771073000,63,39
1607771373000,65,44
1607771673000,60,42
1607771973000,61,44
1607772273000,60,42
1607772573000,60,43
1607772873000,60,44
1607773173000,60,48
1607773473000,61,53
1607773773000,63,54
1607774073000,60,65
1607774373000,64,43
1607774673000,66,47
1607774973000,66,35
1607775273000,67,30
1607775573000,71,28
1607775873000,64,43
1607776173000,61,62
1607776473000,61,59
1607776773000,59,66
1607777073000,59,61
1607777373000,60,63
1607777673000,60,46
1607777973000,59,40
1607778273000,59,48
1607778573000,60,46
1607778873000,59,63
1607779173000,60,57
1607779473000,66,48
1607779773000,70,39
1607780073000,67,70
1607780373000,62,82
1607780673000,61,60
1607780973000,62,71
1607781273000,59,73
1607781573000,57,78
1607781873000,59,62
1607782173000,62,46
1607782473000,62,40
1607782773000,62,43
1607783073000,61,63
1607783373000,64,48
1607783673000,69,38
1607783973000,70,51
1607784273000,74,16
1607784573000,69,32
1607784873000,69,52
1607785173000,64,69
1607785473000,62,52
1607785773000,62,60
1607786073000,60,60
1607786373000,59,61
1607786673000,59,58
1607786973000,58,63
1607787273000,59,55
1607787573000,59,54
1607787873000,59,56
1607788173000,60,59
1607788473000,60,77
1607788773000,64,65
1607789073000,66,52
1607789373000,70,24
1607789673000,67,36
1607789973000,69,40
1607790273000,64,67
1607790573000,63,60
1607790873000,60,75
1607791173000,61,70
1607791473000,61,61
1607791773000,60,64
1607792073000,61,68
1607792373000,62,66
1607792673000,67,47
1607792973000,0,0
1607848891000,67,42
1607849191000,62,44
1607849491000,59,61
1607849791000,58,51
1607850091000,58,49
1607850391000,58,46
1607850691000,60,47
1607850991000,60,49
1607851291000,60,50
1607851591000,60,51
1607851891000,60,44
1607852191000,59,48
1607852491000,59,59
1607852791000,60,47
1607853091000,65,51
1607853391000,75,16
1607853691000,71,33
1607853991000,71,33
1607854291000,64,63
1607854591000,63,57
1607854891000,61,58
1607855191000,61,59
1607855491000,61,58
1607855791000,65,40
1607856091000,69,36
1607856391000,63,38
1607856691000,61,76
1607856991000,71,33
1607857291000,71,30
1607857591000,72,21
1607857891000,72,22
1607858191000,69,32
1607858491000,68,25
1607858791000,68,21
1607859091000,61,49
1607859391000,60,61
1607859691000,59,70
1607859991000,59,67
1607860291000,60,57
1607860591000,61,38
1607860891000,59,60
1607861191000,60,47
1607861491000,61,65
1607861791000,58,61
1607862091000,57,68
1607862391000,62,39
1607862691000,59,56
1607862991000,67,40
1607863291000,74,12
1607863591000,68,40
1607863891000,70,44
1607864191000,72,25
1607864491000,64,42
1607864791000,62,49
1607865091000,62,58
1607865391000,61,61
1607865691000,61,60
1607865991000,61,56
1607866291000,60,61
1607866591000,60,64
1607866891000,59,64
1607867191000,59,64
1607867491000,61,64
1607867791000,59,74
1607868091000,61,52
1607868391000,62,58
1607868691000,68,26
1607868991000,69,20
1607869291000,69,29
1607869591000,68,38
1607869891000,67,27
1607870191000,72,32
1607870491000,71,31
1607870791000,74,31
1607871091000,63,47
1607871391000,0,0
1607871691000,0,0
1607871991000,0,0
1607872291000,0,0
1607872591000,0,0
1607872891000,0,0
1607873191000,65,59
1607873491000,63,58
1607873791000,66,35
1607874091000,71,31
1607874391000,68,39
1607874691000,70,29
1607874991000,66,47
1607875291000,64,62
1607875591000,64,51
1607875891000,63,42
1607876191000,63,60
1607876491000,62,62
1607876791000,61,60
1607877091000,62,58
1607877391000,63,51
1607877691000,63,49
1607877991000,67,55
1607878291000,0,0
1607878591000,0,0
1607878891000,0,0
1607929713000,72,27
1607930013000,70,38
1607930313000,68,45
1607930613000,67,33
1607930913000,67,55
1607931213000,67,39
1607931513000,67,65
1607931813000,70,45
1607932113000,73,30
1607932413000,74,20
1607932713000,73,30
1607933013000,75,50
1607933313000,78,41
1607933613000,76,43
1607933913000,75,32
1607934213000,73,36
1607934513000,73,24
1607934813000,70,32
1607935113000,73,16
1607935413000,70,32
1607935713000,68,46
1607936013000,70,37
1607936313000,68,38
1607936613000,66,59
1607936913000,67,41
1607937213000,69,31
1607937513000,69,32
1607937813000,67,40
1607938113000,70,19
1607938413000,75,17
1607938713000,74,25
1607939013000,74,33
1607939313000,75,39
1607939613000,73,38
1607939913000,72,25
1607940213000,71,14
1607940513000,69,31
1607940813000,68,34
1607941113000,68,18
1607941413000,68,15
1607941713000,67,25
1607942013000,62,45
1607942313000,0,0
1607942613000,0,0
1607942913000,0,0
1607943213000,0,0
1607943513000,0,0
1607943813000,0,0
1607944113000,0,0
1607944413000,0,0
1607944713000,0,0
1607945013000,66,81
1607945313000,71,18
1607945613000,70,34
1607945913000,71,22
1607946213000,72,19
1607946513000,70,17
1607946813000,71,18
1607947113000,67,35
1607947413000,69,17
1607947713000,68,20
1607948013000,64,35
1607948313000,69,15
1607948613000,65,51
1607948913000,64,33
1607949213000,69,15
1607949513000,70,15
1607949813000,70,13
1607950113000,69,14
1607950413000,69,15
1607950713000,70,14
1607951013000,70,20
1607951313000,67,48
1607951613000,69,18
1607951913000,70,23
1607952213000,70,40
1607952513000,70,25
1607952813000,72,19
1607953113000,70,37
1607953413000,69,30
1607953713000,66,36
1607954013000,68,17
1607954313000,62,43
1607954613000,61,48
1607954913000,69,15
1607955213000,69,15
1607955513000,69,15
1607955813000,68,17
1607956113000,69,17
1607956413000,70,16
1607956713000,70,17
1607957013000,71,25
1607957313000,72,19
1607957613000,72,21
1607957913000,69,25
1607958213000,64,53
1607958513000,70,17
1607958813000,69,19
1607959113000,68,41
1607959413000,68,43
1607959713000,70,31
1607960013000,64,37
1607960313000,70,23
1607960613000,0,0
1608015091000,0,0
1608015391000,73,19
1608015691000,69,28
1608015991000,68,33
1608016291000,65,37
1608016591000,64,35
1608016891000,65,35
1608017191000,64,36
1608017491000,64,35
1608017791000,64,38
1608018091000,64,38
1608018391000,64,40
1608018691000,64,40
1608018991000,71,29
1608019291000,70,43
1608019591000,75,30
1608019891000,73,20
1608020191000,70,25
1608020491000,65,36
1608020791000,65,28
1608021091000,71,14
1608021391000,0,0
1608021691000,68,43
1608021991000,69,20
1608022291000,70,11
1608022591000,70,10
1608022891000,71,10
1608023191000,70,11
1608023491000,64,34
1608023791000,63,39
1608024091000,63,40
1608024391000,62,47
1608024691000,65,44
1608024991000,64,51
1608025291000,70,30
1608025591000,72,31
1608025891000,70,44
1608026191000,71,28
1608026491000,68,26
1608026791000,66,27
1608027091000,67,27
1608027391000,67,13
1608027691000,66,31
1608027991000,61,52
1608028291000,66,28
1608028591000,67,17
1608028891000,63,43
1608029191000,64,42
1608029491000,67,17
1608029791000,68,47
1608030091000,70,24
1608030391000,69,34
1608030691000,68,50
1608030991000,71,56
1608031291000,68,43
1608031591000,68,41
1608031891000,71,29
1608032191000,69,16
1608032491000,68,24
1608032791000,64,46
1608033091000,66,31
1608033391000,67,29
1608033691000,63,50
1608033991000,60,57
1608034291000,61,48
1608034591000,59,58
1608034891000,60,53
1608035191000,60,41
1608035491000,61,29
1608035791000,61,29
1608036091000,61,30
1608036391000,61,31
1608036691000,62,30
1608036991000,65,31
1608037291000,71,46
1608037591000,72,40
1608037891000,76,27
1608038191000,71,28
1608038491000,71,35
1608038791000,70,29
1608039091000,71,27
1608039391000,66,35
1608039691000,69,23
1608039991000,69,29
1608040291000,69,16
1608040591000,69,16
1608040891000,69,20
1608041191000,69,18
1608041491000,63,48
1608041791000,64,39
1608042091000,67,43
1608042391000,70,44
1608042691000,71,25
1608042991000,69,23
1608043291000,71,28
1608043591000,67,28
1608043891000,63,43
1608044191000,67,32
1608044491000,60,44
1608044791000,60,38
1608045091000,67,29
1608045391000,68,16
1608045691000,69,14
1608045991000,70,14
1608046291000,69,15
1608046591000,68,27
1608046891000,70,44
1608047191000,71,34
1608047491000,75,23
1608047791000,74,37
1608048091000,0,0
1608100413000,69,36
1608100713000,68,30
1608101013000,68,34
1608101313000,66,58
1608101613000,66,63
1608101913000,66,61
1608102213000,66,56
1608102513000,66,47
1608102813000,67,37
1608103113000,69,31
1608103413000,66,35
1608103713000,66,38
1608104013000,67,43
1608104313000,67,43
1608104613000,68,38
1608104913000,68,35
1608105213000,68,39
1608105513000,69,34
1608105813000,69,34
1608106113000,73,34
1608106413000,73,33
1608106713000,73,28
1608107013000,75,35
1608107313000,74,30
1608107613000,71,36
1608107913000,69,49
1608108213000,62,45
1608108513000,63,54
1608108813000,60,48
1608109113000,60,47
1608109413000,59,51
1608109713000,66,60
1608110013000,60,58
1608110313000,60,53
1608110613000,58,55
1608110913000,58,57
1608111213000,60,61
1608111513000,59,54
1608111813000,59,61
1608112113000,59,72
1608112413000,62,61
1608112713000,72,38
1608113013000,74,19
1608113313000,71,29
1608113613000,79,28
1608113913000,74,23
1608114213000,72,32
1608114513000,70,33
1608114813000,71,17
1608115113000,69,27
1608115413000,68,31
1608115713000,69,13
1608116013000,66,34
1608116313000,61,45
1608116613000,61,49
1608116913000,60,51
1608117213000,60,50
1608117513000,65,34
1608117813000,69,14
1608118113000,68,39
1608118413000,61,35
1608118713000,64,51
1608119013000,66,39
1608119313000,69,38
1608119613000,69,44
1608119913000,70,24
1608120213000,66,62
1608120513000,67,64
1608120813000,68,64
1608121113000,63,62
1608121413000,63,55
1608121713000,69,27
1608122013000,69,16
1608122313000,69,16
1608122613000,71,14
1608122913000,70,15
1608123213000,71,14
1608123513000,66,45
1608123813000,65,48
1608124113000,67,45
1608124413000,65,48
1608124713000,67,43
1608125013000,71,15
1608125313000,69,35
1608125613000,71,37
1608125913000,73,20
1608126213000,72,33
1608126513000,66,35
1608126813000,65,38
1608127113000,62,46
1608127413000,62,56
1608127713000,62,44
1608128013000,65,38
1608128313000,68,34
1608128613000,69,18
1608128913000,65,48
1608129213000,70,20
1608129513000,71,15
1608129813000,70,40
1608130113000,63,38
1608130413000,64,42
1608130713000,71,34
1608131013000,70,40
1608131313000,68,48
1608131613000,67,50
1608131913000,67,58
1608132213000,69,59
1608132513000,66,59
1608132813000,66,57
1608133113000,68,56
1608133413000,65,53
1608133713000,65,52
1608134013000,66,58
1608134313000,74,30
1608134613000,73,20
1608134913000,73,27
1608135213000,71,27
1608135513000,75,28
1608135813000,0,0
1608186751000,0,0
1608187051000,75,26
1608187351000,72,36
1608187651000,72,37
1608187951000,71,34
1608188251000,70,45
1608188551000,69,41
1608188851000,71,42
1608189151000,71,36
1608189451000,70,34
1608189751000,70,35
1608190051000,71,30
1608190351000,71,37
1608190651000,71,43
1608190951000,73,40
1608191251000,76,24
1608191551000,76,22
1608191851000,74,22
1608192151000,71,39
1608192451000,67,40
1608192751000,67,39
1608193051000,66,40
1608193351000,66,41
1608193651000,66,49
1608193951000,63,48
1608194251000,63,49
1608194551000,63,51
1608194851000,63,53
1608195151000,64,50
1608195451000,63,51
1608195751000,62,54
1608196051000,62,53
1608196351000,69,37
1608196651000,70,31
1608196951000,70,31
1608197251000,69,45
1608197551000,69,39
1608197851000,68,49
1608198151000,64,51
1608198451000,62,50
1608198751000,63,46
1608199051000,70,31
1608199351000,62,48
1608199651000,61,49
1608199951000,60,53
1608200251000,60,56
1608200551000,60,59
1608200851000,60,63
1608201151000,60,66
1608201451000,61,64
1608201751000,60,58
1608202051000,63,53
1608202351000,69,33
1608202651000,66,50
1608202951000,69,26
1608203251000,67,34
1608203551000,63,50
1608203851000,63,53
1608204151000,63,50
1608204451000,62,54
1608204751000,62,59
1608205051000,61,53
1608205351000,60,56
1608205651000,64,47
1608205951000,70,20
1608206251000,62,48
1608206551000,62,44
1608206851000,62,66
1608207151000,68,33
1608207451000,67,37
1608207751000,70,29
1608208051000,70,46
1608208351000,73,22
1608208651000,74,15
1608208951000,71,13
1608209251000,70,15
1608209551000,70,13
1608209851000,70,13
1608210151000,70,13
1608210451000,70,14
1608210751000,69,16
1608211051000,67,32
1608211351000,63,52
1608211651000,64,66
1608211951000,65,43
1608212251000,65,54
1608212551000,65,44
1608212851000,67,41
1608213151000,74,29
1608213451000,72,20
1608213751000,75,26
1608214051000,74,17
1608214351000,76,11
1608214651000,72,19
1608214951000,71,17
1608215251000,71,25
1608215551000,69,23
1608215851000,69,20
1608216151000,70,26
1608216451000,69,38
1608216751000,0,0
1608274203000,63,43
1608274503000,65,38
1608274803000,68,29
1608275103000,68,43
1608275403000,62,62
1608275703000,64,41
1608276003000,65,17
1608276303000,65,16
1608276603000,66,15
1608276903000,68,37
1608277203000,66,19
1608277503000,66,18
1608277803000,66,17
1608278103000,68,15
1608278403000,68,13
1608278703000,68,14
1608279003000,68,13
1608279303000,68,14
1608279603000,68,14
1608279903000,68,13
1608280203000,69,14
1608280503000,74,29
1608280803000,75,25
1608281103000,74,13
1608281403000,72,13
1608281703000,68,31
1608282003000,70,13
1608282303000,68,34
1608282603000,62,95
1608282903000,66,46
1608283203000,62,69
1608283503000,62,51
1608283803000,67,21
1608284103000,69,17
1608284403000,72,15
1608284703000,72,13
1608285003000,74,17
1608285303000,72,11
1608285603000,69,27
1608285903000,65,34
1608286203000,67,30
1608286503000,63,48
1608286803000,64,42
1608287103000,64,55
1608287403000,62,40
1608287703000,61,41
1608288003000,61,45
1608288303000,63,59
1608288603000,59,64
1608288903000,61,44
1608289203000,70,46
1608289503000,73,20
1608289803000,72,19
1608290103000,72,22
1608290403000,70,17
1608290703000,69,19
1608291003000,65,64
1608291303000,68,19
1608291603000,69,18
1608291903000,69,19
1608292203000,69,20
1608292503000,66,51
1608292803000,66,18
1608293103000,66,31
1608293403000,61,51
1608293703000,60,57
1608294003000,60,58
1608294303000,60,65
1608294603000,60,58
1608294903000,61,60
1608295203000,60,83
1608295503000,66,36
1608295803000,71,18
1608296103000,69,24
1608296403000,69,21
1608296703000,69,16
1608297003000,71,19
1608297303000,66,20
1608297603000,67,19
1608297903000,64,30
1608298203000,66,20
1608298503000,64,44
1608298803000,62,57
1608299103000,62,55
1608299403000,62,45
1608299703000,61,36
1608300003000,61,33
1608300303000,61,52
1608300603000,66,27
1608300903000,67,17
1608301203000,64,52
1608301503000,66,38
1608301803000,69,18
1608302103000,68,24
1608302403000,72,16
1608302703000,70,20
1608303003000,65,37
1608303303000,65,52
1608303603000,69,41
1608303903000,70,32
1608304203000,72,49
1608304503000,71,39
1608304803000,80,35
1608305103000,74,40
1608367922000,68,33
1608368222000,66,38
1608368522000,66,42
1608368822000,66,41
1608369122000,0,0
1608369422000,0,0
1608369722000,0,0
1608370022000,0,0
1608370322000,0,0
1608370622000,0,0
1608370922000,0,0
1608371222000,0,0
1608371522000,0,0
1608371822000,0,0
1608372122000,0,0
1608372422000,0,0
1608372722000,0,0
1608373022000,0,0
1608373322000,0,0
1608373622000,71,49
1608373922000,69,48
1608374222000,67,43
1608374522000,68,45
1608374822000,64,48
1608375122000,64,48
1608375422000,64,55
1608375722000,63,59
1608376022000,63,47
1608376322000,63,54
1608376622000,0,0
1608376922000,61,53
1608377222000,60,54
1608377522000,65,39
1608377822000,73,38
1608378122000,0,0
1608378422000,73,22
1608378722000,74,27
1608379022000,66,45
1608379322000,65,48
1608379622000,63,53
1608379922000,65,53
1608380222000,63,57
1608380522000,64,51
1608380822000,65,51
1608381122000,65,46
1608381422000,65,52
1608381722000,65,57
1608382022000,65,55
1608382322000,65,56
1608382622000,61,80
1608382922000,62,71
1608383222000,65,61
1608383522000,65,54
1608383822000,66,72
1608384122000,67,56
1608384422000,0,0
1608384722000,64,61
1608385022000,65,49
1608385322000,66,50
1608385622000,60,63
1608385922000,61,67
1608386222000,62,87
1608386522000,62,80
1608386822000,64,62
1608387122000,62,95
1608387422000,64,69
1608387722000,68,44
1608388022000,65,63
1608388322000,70,46
1608388622000,68,49
1608388922000,70,29
1608389222000,68,32
1608389522000,64,56
1608389822000,68,17
1608390122000,69,23
1608390422000,69,26
1608390722000,69,28
1608391022000,71,30
1608391322000,65,66
1608391622000,65,63
1608391922000,0,0
1608392222000,67,72
1608392522000,66,67
1608392822000,64,66
1608393122000,68,45
1608393422000,66,53
1608393722000,0,0
1608394022000,0,0
1608394322000,0,0
1608394622000,0,0
1608394922000,0,0
1608452759000,0,0
1608453059000,61,54
1608453359000,62,49
1608453659000,62,47
1608453959000,61,47
1608454259000,61,45
1608454559000,61,47
1608454859000,61,44
1608455159000,61,52
1608455459000,63,45
1608455759000,63,50
1608456059000,62,51
1608456359000,61,50
1608456659000,63,50
1608456959000,63,48
1608457259000,67,47
1608457559000,69,46
1608457859000,68,45
1608458159000,69,29
1608458459000,63,59
1608458759000,62,59
1608459059000,62,59
1608459359000,61,65
1608459659000,60,77
1608459959000,61,65
1608460259000,68,19
1608460559000,66,43
1608460859000,61,69
1608461159000,62,64
1608461459000,62,52
1608461759000,65,65
1608462059000,62,56
1608462359000,74,34
1608462659000,73,32
1608462959000,76,31
1608463259000,71,35
1608463559000,72,26
1608463859000,72,13
1608464159000,71,15
1608464459000,69,16
1608464759000,68,16
1608465059000,67,15
1608465359000,66,26
1608465659000,59,50
1608465959000,59,56
1608466259000,60,54
1608466559000,59,54
1608466859000,60,59
1608467159000,60,60
1608467459000,62,52
1608467759000,61,58
1608468059000,60,74
1608468359000,65,43
1608468659000,63,65
1608468959000,61,68
1608469259000,59,53
1608469559000,69,24
1608469859000,62,53
1608470159000,66,38
1608470459000,61,72
1608470759000,58,68
1608471059000,57,96
1608471359000,57,82
1608471659000,56,78
1608471959000,55,77
1608472259000,56,74
1608472559000,56,69
1608472859000,57,76
1608473159000,58,66
1608473459000,60,51
1608473759000,60,49
1608474059000,60,53
1608474359000,62,62
1608474659000,70,20
1608474959000,71,19
1608475259000,66,41
1608475559000,69,34
1608475859000,60,95
1608476159000,68,44
1608476459000,58,73
1608476759000,59,54
1608477059000,59,62
1608477359000,59,66
1608477659000,62,65
1608477959000,59,74
1608478259000,61,63
1608478559000,62,51
1608478859000,63,48
1608479159000,63,48
1608479459000,64,44
1608479759000,64,41
1608480059000,64,45
1608480359000,63,57
1608480659000,67,65
1608480959000,65,51
1608481259000,66,51
1608481559000,73,22
1608481859000,73,22
1608482159000,73,38
1608482459000,70,39
1608482759000,0,0
1608541202000,65,38
1608541502000,64,52
1608541802000,64,53
1608542102000,64,48
1608542402000,64,52
1608542702000,67,51
1608543002000,66,45
1608543302000,63,50
1608543602000,62,51
1608543902000,61,53
1608544202000,62,58
1608544502000,63,39
1608544802000,62,49
1608545102000,61,56
1608545402000,61,58
1608545702000,61,54
1608546002000,66,52
1608546302000,71,38
1608546602000,71,45
1608546902000,71,14
1608547202000,68,30
1608547502000,62,57
1608547802000,62,57
1608548102000,62,61
1608548402000,62,66
1608548702000,61,80
1608549002000,62,49
1608549302000,62,62
1608549602000,59,54
1608549902000,62,59
1608550202000,69,49
1608550502000,74,33
1608550802000,75,37
1608551102000,75,17
1608551402000,71,29
1608551702000,70,34
1608552002000,72,55
1608552302000,70,27
1608552602000,69,28
1608552902000,70,17
1608553202000,63,51
1608553502000,62,65
1608553802000,61,47
1608554102000,59,62
1608554402000,59,64
1608554702000,60,59
1608555002000,59,68
1608555302000,60,56
1608555602000,59,61
1608555902000,61,45
1608556202000,62,31
1608556502000,62,59
1608556802000,62,38
1608557102000,72,36
1608557402000,66,54
1608557702000,69,33
1608558002000,64,53
1608558302000,64,60
1608558602000,62,38
1608558902000,64,34
1608559202000,64,44
1608559502000,61,26
1608559802000,62,23
1608560102000,62,53
1608560402000,61,62
1608560702000,69,40
1608561002000,72,26
1608561302000,68,26
1608561602000,68,35
1608561902000,70,30
1608562202000,68,40
1608562502000,65,61
1608562802000,69,37
1608563102000,61,55
1608563402000,63,43
1608563702000,62,53
1608564002000,63,42
1608564302000,63,40
1608564602000,63,53
1608564902000,63,49
1608565202000,63,49
1608565502000,67,29
1608565802000,68,53
1608566102000,70,46
1608566402000,74,24
1608566702000,78,30
1608567002000,76,37
1608567302000,72,24
1608567602000,71,38
1608567902000,65,71
1608568202000,70,47
1608568502000,66,44
1608568802000,66,31
1608569102000,64,42
1608569402000,63,44
1608569702000,64,34
1608570002000,66,32
1608570302000,75,55
1608570602000,73,37
1608570902000,0,0
1608571202000,69,45
1608571502000,0,0
1608629099000,0,0
1608629399000,65,49
1608629699000,65,50
1608629999000,64,49
1608630299000,64,48
1608630599000,64,52
1608630899000,64,52
1608631199000,65,49
1608631499000,65,55
1608631799000,68,58
1608632099000,76,22
1608632399000,72,53
1608632699000,73,26
1608632999000,73,12
1608633299000,69,40
1608633599000,65,59
1608633899000,71,68
1608634199000,64,54
1608634499000,65,51
1608634799000,64,50
1608635099000,64,55
1608635399000,63,62
1608635699000,63,30
1608635999000,62,56
1608636299000,62,65
1608636599000,62,63
1608636899000,62,54
1608637199000,65,40
1608637499000,73,33
1608637799000,72,41
1608638099000,70,28
1608638399000,71,29
1608638699000,67,50
1608638999000,64,54
1608639299000,63,49
1608639599000,63,28
1608639899000,63,46
1608640199000,63,60
1608640499000,65,61
1608640799000,61,66
1608641099000,61,69
1608641399000,61,68
1608641699000,61,53
1608641999000,61,53
1608642299000,61,65
1608642599000,63,66
1608642899000,72,31
1608643199000,69,40
1608643499000,69,38
1608643799000,71,23
1608644099000,69,21
1608644399000,69,19
1608644699000,70,18
1608644999000,71,20
1608645299000,65,56
1608645599000,67,57
1608645899000,63,63
1608646199000,63,66
1608646499000,62,66
1608646799000,63,66
1608647099000,63,70
1608647399000,66,65
1608647699000,78,19
1608647999000,78,22
1608648299000,75,23
1608648599000,74,13
1608648899000,71,31
1608649199000,66,53
1608649499000,66,63
1608649799000,64,70
1608650099000,62,59
1608650399000,62,65
1608650699000,63,60
1608650999000,63,53
1608651299000,64,43
1608651599000,65,35
1608651899000,65,45
1608652199000,66,48
1608652499000,65,48
1608652799000,66,47
1608653099000,68,66
1608653399000,70,55
1608653699000,73,36
1608653999000,75,27
1608654299000,75,30
1608654599000,71,50
1608654899000,69,52
1608655199000,68,46
1608655499000,69,47
1608655799000,67,55
1608656099000,65,63
1608656399000,74,45
1608656699000,0,0
1608793168000,0,0
1608793468000,0,0
1608793768000,70,30
1608794068000,71,32
1608794368000,71,34
1608794668000,70,37
1608794968000,70,37
1608795268000,70,35
1608795568000,71,31
1608795868000,71,32
1608796168000,73,33
1608796468000,69,47
1608796768000,76,16
1608797068000,78,14
1608797368000,79,18
1608797668000,75,28
1608797968000,70,35
1608798268000,67,39
1608798568000,68,33
1608798868000,68,33
1608799168000,69,34
1608799468000,66,43
1608799768000,66,40
1608800068000,67,38
1608800368000,67,39
1608800668000,67,38
1608800968000,66,40
1608801268000,66,40
1608801568000,66,38
1608801868000,71,33
1608802168000,76,41
1608802468000,73,24
1608802768000,70,38
1608803068000,69,47
1608803368000,67,51
1608803668000,65,52
1608803968000,67,44
1608804268000,69,44
1608804568000,67,44
1608804868000,67,46
1608805168000,64,57
1608805468000,67,48
1608805768000,65,52
1608806068000,69,30
1608806368000,72,25
1608806668000,77,22
1608806968000,71,35
1608807268000,68,46
1608807568000,66,49
1608807868000,63,51
1608808168000,64,50
1608808468000,65,44
1608808768000,65,41
1608809068000,65,41
1608809368000,65,38
1608809668000,65,44
1608809968000,65,40
1608810268000,65,40
1608810568000,67,52
1608810868000,71,27
1608811168000,73,28
1608811468000,70,49
1608811768000,67,60
1608812068000,65,47
1608812368000,64,49
1608812668000,65,52
1608812968000,63,51
1608813268000,62,59
1608813568000,61,65
1608813868000,61,63
1608814168000,63,62
1608814468000,62,61
1608814768000,64,54
1608815068000,64,53
1608815368000,63,57
1608815668000,63,53
1608815968000,63,54
1608816268000,65,51
1608816568000,71,34
1608816868000,74,18
1608817168000,71,33
1608817468000,71,31
1608817768000,71,32
1608818068000,74,21
1608818368000,76,19
1608818668000,77,24
1608818968000,74,23
1608819268000,72,19
1608819568000,67,60
1608819868000,71,30
1608820168000,71,28
1608820468000,67,48
1608820768000,63,58
1608821068000,0,0
1608821368000,63,93
1608821668000,0,0
1608821968000,67,63
1608822268000,67,68
1608822568000,69,55
1608822868000,70,53
1608883171000,0,0
1608883471000,0,0
1608883771000,75,31
1608884071000,76,32
1608884371000,78,34
1608884671000,77,38
1608884971000,76,30
1608885271000,0,0
1608885571000,80,23
1608885871000,74,36
1608886171000,75,39
1608886471000,77,13
1608886771000,78,13
1608887071000,78,12
1608887371000,78,13
1608887671000,78,11
1608887971000,78,13
1608888271000,74,29
1608888571000,73,28
1608888871000,73,29
1608889171000,72,29
1608889471000,72,27
1608889771000,73,33
1608890071000,73,46
1608890371000,77,27
1608890671000,72,29
1608890971000,76,14
1608891271000,75,14
1608891571000,74,13
1608891871000,74,13
1608892171000,70,33
1608892471000,67,45
1608892771000,66,48
1608893071000,65,55
1608893371000,65,56
1608893671000,75,14
1608893971000,76,15
1608894271000,78,17
1608894571000,76,25
1608894871000,72,43
1608895171000,73,37
1608895471000,72,31
1608895771000,74,24
1608896071000,72,27
1608896371000,68,35
1608896671000,66,59
1608896971000,64,51
1608897271000,66,41
1608897571000,66,46
1608897871000,66,48
1608898171000,67,42
1608898471000,71,33
1608898771000,75,25
1608899071000,74,18
1608899371000,73,18
1608899671000,71,39
1608899971000,69,41
1608900271000,67,42
1608900571000,68,39
1608900871000,68,53
1608901171000,69,59
1608901471000,69,52
1608901771000,69,54
1608902071000,67,56
1608902371000,68,54
1608902671000,68,58
1608902971000,70,16
1608903271000,73,30
1608903571000,73,24
1608903871000,75,28
1608904171000,72,32
1608904471000,76,19
1608904771000,75,19
1608905071000,71,38
1608905371000,70,44
1608905671000,72,35
1608905971000,69,34
1608906271000,72,13
1608906571000,72,15
1608906871000,71,22
1608907171000,65,47
1608907471000,65,51
1608907771000,66,47
1608908071000,65,57
1608908371000,69,43
1608908671000,73,20
1608908971000,75,20
1608909271000,78,14
1608909571000,74,30
1608909871000,73,34
1608910171000,73,26
1608910471000,74,24
1608910771000,74,24
1608911071000,67,59
1608911371000,66,51
1608911671000,65,59
1608911971000,66,57
1608912271000,66,53
1608912571000,66,50
1608912871000,67,49
1608913171000,71,33
1608913471000,75,19
1608913771000,73,41
1608914071000,74,35
1608914371000,72,45
1608914671000,70,34
1608914971000,75,28
1608915271000,76,27
1608915571000,0,0
1608972569000,0,0
1608972869000,71,36
1608973169000,69,44
1608973469000,69,36
1608973769000,71,31
1608974069000,70,30
1608974369000,71,30
1608974669000,71,28
1608974969000,71,29
1608975269000,72,24
1608975569000,73,25
1608975869000,71,32
1608976169000,74,35
1608976469000,79,24
1608976769000,77,20
1608977069000,79,36
1608977369000,78,10
1608977669000,78,10
1608977969000,74,31
1608978269000,68,47
1608978569000,69,42
1608978869000,70,44
1608979169000,75,13
1608979469000,76,12
1608979769000,76,22
1608980069000,76,29
1608980369000,76,17
1608980669000,78,32
1608980969000,75,30
1608981269000,79,17
1608981569000,78,16
1608981869000,79,14
1608982169000,78,9
1608982469000,77,9
1608982769000,74,20
1608983069000,70,30
1608983369000,70,30
1608983669000,69,32
1608983969000,69,34
1608984269000,68,39
1608984569000,68,43
1608984869000,68,37
1608985169000,70,32
1608985469000,69,36
1608985769000,71,56
1608986069000,74,23
1608986369000,72,29
1608986669000,72,25
1608986969000,68,37
1608987269000,69,43
1608987569000,67,43
1608987869000,66,41
1608988169000,68,37
1608988469000,69,43
1608988769000,68,48
1608989069000,69,40
1608989369000,70,41
1608989669000,76,30
1608989969000,77,17
1608990269000,78,24
1608990569000,79,22
1608990869000,75,35
1608991169000,76,38
1608991469000,74,33
1608991769000,73,31
1608992069000,74,27
1608992369000,75,28
1608992669000,75,28
1608992969000,75,26
1608993269000,74,26
1608993569000,73,28
1608993869000,73,30
1608994169000,72,40
1608994469000,72,39
1608994769000,70,29
1608995069000,73,27
1608995369000,73,30
1608995669000,74,23
1608995969000,77,17
1608996269000,75,25
1608996569000,72,32
1608996869000,74,27
1608997169000,76,27
1608997469000,76,23
1608997769000,70,43
1608998069000,69,43
1608998369000,71,37
1608998669000,71,39
1608998969000,70,43
1608999269000,70,38
1608999569000,69,42
1608999869000,67,64
1609000169000,66,57
1609000469000,67,62
1609000769000,67,57
1609001069000,68,47
1609001369000,73,38
1609001669000,76,23
1609001969000,71,42
1609002269000,75,26
1609002569000,65,54
1609002869000,71,33
1609003169000,68,49
1609003469000,63,40
1609003769000,64,37
1609004069000,64,41
1609004369000,65,46
1609004669000,65,42
1609004969000,66,43
1609005269000,0,0
1609005569000,0,0
1609005869000,71,54
1609006169000,70,49
1609006469000,69,54
1609062002000,0,0
1609062302000,0,0
1609062602000,66,35
1609062902000,66,35
1609063202000,67,29
1609063502000,67,33
1609063802000,67,36
1609064102000,67,33
1609064402000,68,33
1609064702000,73,40
1609065002000,75,26
1609065302000,73,39
1609065602000,72,37
1609065902000,67,37
1609066202000,67,41
1609066502000,67,45
1609066802000,66,47
1609067102000,67,45
1609067402000,67,42
1609067702000,66,50
1609068002000,65,49
1609068302000,65,52
1609068602000,64,51
1609068902000,64,55
1609069202000,65,52
1609069502000,74,23
1609069802000,74,25
1609070102000,73,25
1609070402000,74,15
1609070702000,70,27
1609071002000,73,17
1609071302000,70,36
1609071602000,65,55
1609071902000,63,64
1609072202000,60,60
1609072502000,61,64
1609072802000,63,49
1609073102000,63,42
1609073402000,63,47
1609073702000,62,55
1609074002000,63,64
1609074302000,67,45
1609074602000,70,28
1609074902000,71,21
1609075202000,68,45
1609075502000,74,22
1609075802000,73,34
1609076102000,70,29
1609076402000,72,21
1609076702000,67,46
1609077002000,71,30
1609077302000,69,37
1609077602000,68,43
1609077902000,68,42
1609078202000,67,44
1609078502000,66,48
1609078802000,67,45
1609079102000,68,42
1609079402000,67,57
1609079702000,61,60
1609080002000,65,43
1609080302000,65,53
1609080602000,69,26
1609080902000,69,30
1609081202000,68,34
1609081502000,71,16
1609081802000,63,55
1609082102000,63,56
1609082402000,64,55
1609082702000,65,56
1609083002000,63,54
1609083302000,64,53
1609083602000,64,52
1609083902000,66,57
1609084202000,63,51
1609084502000,67,33
1609084802000,69,32
1609085102000,74,17
1609085402000,75,13
1609085702000,71,40
1609086002000,70,38
1609086302000,66,55
1609086602000,65,58
1609086902000,63,54
1609087202000,62,65
1609087502000,63,59
1609087802000,64,48
1609088102000,64,51
1609088402000,64,65
1609088702000,64,66
1609089002000,67,53
1609089302000,67,54
1609089602000,64,54
1609089902000,69,33
1609090202000,72,32
1609090502000,67,59
1609090802000,65,46
1609091102000,65,42
1609146540000,0,0
1609146840000,68,35
1609147140000,63,50
1609147440000,63,64
1609147740000,64,49
1609148040000,63,56
1609148340000,64,51
1609148640000,65,44
1609148940000,65,51
1609149240000,64,48
1609149540000,64,45
1609149840000,64,46
1609150140000,64,56
1609150440000,66,55
1609150740000,71,39
1609151040000,68,53
1609151340000,66,61
1609151640000,66,54
1609151940000,63,63
1609152240000,59,80
1609152540000,62,67
1609152840000,61,56
1609153140000,62,58
1609153440000,61,71
1609153740000,63,59
1609154040000,64,51
1609154340000,64,50
1609154640000,66,45
1609154940000,67,49
1609155240000,66,50
1609155540000,66,50
1609155840000,68,51
1609156140000,72,39
1609156440000,78,18
1609156740000,72,28
1609157040000,69,50
1609157340000,69,45
1609157640000,68,45
1609157940000,68,43
1609158240000,68,41
1609158540000,72,42
1609158840000,67,53
1609159140000,68,47
1609159440000,61,59
1609159740000,65,75
1609160040000,63,60
1609160340000,61,56
1609160640000,61,57
1609160940000,62,62
1609161240000,65,51
1609161540000,71,20
1609161840000,76,23
1609162140000,74,37
1609162440000,71,36
1609162740000,71,31
1609163040000,68,57
1609163340000,69,48
1609163640000,67,48
1609163940000,68,43
1609164240000,67,43
1609164540000,67,42
1609164840000,66,47
1609165140000,67,35
1609165440000,68,33
1609165740000,67,43
1609166040000,67,48
1609166340000,68,48
1609166640000,68,42
1609166940000,73,45
1609167240000,69,38
1609167540000,68,42
1609167840000,69,44
1609168140000,74,44
1609168440000,66,53
1609168740000,65,52
1609169040000,64,61
1609169340000,65,48
1609169640000,65,50
1609169940000,67,37
1609170240000,62,72
1609170540000,63,65
1609170840000,63,65
1609171140000,64,59
1609171440000,65,56
1609171740000,68,61
1609172040000,71,44
1609172340000,72,43
1609172640000,74,18
1609172940000,74,32
1609173240000,73,17
1609173540000,71,55
1609173840000,69,57
1609174140000,69,55
1609174440000,69,52
1609174740000,69,52
1609175040000,70,52
1609175340000,68,55
1609175640000,67,56
1609175940000,67,39
1609176240000,70,58
1609176540000,68,48
1609176840000,72,46
1609177140000,67,50
1609177440000,69,47
1609177740000,65,39
1609318293000,0,0
1609318593000,62,65
1609318893000,64,49
1609319193000,63,52
1609319493000,60,59
1609319793000,61,57
1609320093000,69,19
1609320393000,69,36
1609320693000,63,66
1609320993000,67,46
1609321293000,65,22
1609321593000,66,26
1609321893000,66,19
1609322193000,66,19
1609322493000,67,22
1609322793000,67,19
1609323093000,67,27
1609323393000,72,26
1609323693000,73,45
1609323993000,69,59
1609324293000,68,45
1609324593000,67,27
1609324893000,67,18
1609325193000,69,23
1609325493000,67,18
1609325793000,67,17
1609326093000,66,22
1609326393000,67,17
1609326693000,67,32
1609326993000,70,50
1609327293000,74,48
1609327593000,73,56
1609327893000,76,45
1609328193000,71,46
1609328493000,68,20
1609328793000,68,18
1609329093000,68,18
1609329393000,68,21
1609329693000,68,19
1609329993000,68,27
1609330293000,69,58
1609330593000,66,23
1609330893000,67,22
1609331193000,67,24
1609331493000,67,23
1609331793000,67,40
1609332093000,66,41
1609332393000,67,52
1609332693000,69,42
1609332993000,73,25
1609333293000,74,22
1609333593000,73,31
1609333893000,74,23
1609334193000,72,28
1609334493000,68,40
1609334793000,67,33
1609335093000,66,37
1609335393000,66,34
1609335693000,66,36
1609335993000,65,38
1609336293000,65,34
1609336593000,64,45
1609336893000,63,58
1609337193000,63,58
1609337493000,65,53
1609337793000,65,39
1609338093000,66,47
1609338393000,66,37
1609338693000,69,45
1609338993000,72,37
1609339293000,67,43
1609339593000,72,27
1609339893000,66,35
1609340193000,65,59
1609340493000,66,53
1609340793000,64,54
1609341093000,65,42
1609341393000,65,40
1609341693000,65,46
1609341993000,70,50
1609342293000,72,27
1609342593000,73,32
1609342893000,75,29
1609343193000,74,40
1609343493000,0,0
1609343793000,0,0
1609344093000,0,0
1609344393000,0,0
1609402951000,0,0
1609403251000,68,44
1609403551000,64,53
1609403851000,64,38
1609404151000,63,25
1609404451000,62,28
1609404751000,62,28
1609405051000,61,43
1609405351000,61,57
1609405651000,60,57
1609405951000,59,64
1609406251000,59,58
1609406551000,61,55
1609406851000,59,59
1609407151000,59,62
1609407451000,59,61
1609407751000,60,61
1609408051000,60,61
1609408351000,67,59
1609408651000,69,48
1609408951000,68,58
1609409251000,67,45
1609409551000,64,38
1609409851000,64,54
1609410151000,64,59
1609410451000,61,68
1609410751000,61,62
1609411051000,61,67
1609411351000,63,70
1609411651000,63,45
1609411951000,67,46
1609412251000,71,35
1609412551000,69,52
1609412851000,72,48
1609413151000,73,37
1609413451000,70,34
1609413751000,66,35
1609414051000,64,43
1609414351000,69,14
1609414651000,70,15
1609414951000,70,16
1609415251000,66,43
1609415551000,61,67
1609415851000,64,58
1609416151000,69,18
1609416451000,63,62
1609416751000,62,58
1609417051000,62,59
1609417351000,61,56
1609417651000,63,38
1609417951000,64,35
1609418251000,66,41
1609418551000,67,39
1609418851000,68,32
1609419151000,69,37
1609419451000,68,36
1609419751000,66,41
1609420051000,67,35
1609420351000,63,38
1609420651000,62,47
1609420951000,62,56
1609421251000,62,57
1609421551000,61,61
1609421851000,61,59
1609422151000,63,57
1609422451000,63,57
1609422751000,63,56
1609423051000,65,47
1609423351000,68,16
1609423651000,66,48
1609423951000,64,53
1609424251000,67,51
1609424551000,68,40
1609424851000,63,65
1609425151000,62,47
1609425451000,67,22
1609425751000,61,80
1609426051000,57,89
1609426351000,61,72
1609426651000,64,75
1609426951000,68,67
1609491214000,0,0
1609491514000,63,67
1609491814000,62,61
1609492114000,61,57
1609492414000,62,52
1609492714000,61,62
1609493014000,60,71
1609493314000,60,67
1609493614000,60,55
1609493914000,61,48
1609494214000,60,47
1609494514000,60,45
1609494814000,59,52
1609495114000,59,65
1609495414000,60,68
1609495714000,66,61
1609496014000,65,53
1609496314000,71,57
1609496614000,68,19
1609496914000,66,39
1609497214000,0,0
1609497514000,70,23
1609497814000,70,14
1609498114000,67,28
1609498414000,65,40
1609498714000,64,39
1609499014000,64,41
1609499314000,65,39
1609499614000,64,41
1609499914000,64,41
1609500214000,65,39
1609500514000,68,43
1609500814000,70,40
1609501114000,72,41
1609501414000,72,46
1609501714000,70,44
1609502014000,75,20
1609502314000,72,25
1609502614000,0,0
1609502914000,0,0
1609503214000,104,25
1609503514000,65,48
1609503814000,67,42
1609504114000,63,54
1609504414000,67,47
1609504714000,72,33
1609505014000,69,30
1609505314000,72,25
1609505614000,73,16
1609505914000,0,0
1609506214000,67,45
1609506514000,68,36
1609506814000,64,52
1609507114000,63,48
1609507414000,63,47
1609507714000,63,47
1609508014000,62,52
1609508314000,62,50
1609508614000,62,48
1609508914000,63,51
1609509214000,63,45
1609509514000,63,42
1609509814000,63,41
1609510114000,64,40
1609510414000,63,53
1609510714000,65,43
1609511014000,69,30
1609511314000,69,28
1609511614000,70,29
1609511914000,64,54
1609512214000,0,0
1609512514000,0,0
1609512814000,0,0
1609513114000,0,0
1609513414000,67,37
1609513714000,63,56
1609514014000,63,77
1609514314000,64,64
1609514614000,64,65
1609514914000,65,49
1609515214000,68,41
1609515514000,72,30
1609515814000,68,33
1609516114000,68,34
1609516414000,68,42
1609516714000,65,55
1609517014000,65,59
1609517314000,64,56
1609517614000,65,55
1609517914000,65,55
1609518214000,65,61
1609518514000,65,49
1609518814000,0,0
1609575930000,65,38
1609576230000,68,16
1609576530000,68,17
1609576830000,69,15
1609577130000,68,17
1609577430000,64,42
1609577730000,63,46
1609578030000,62,47
1609578330000,61,42
1609578630000,60,51
1609578930000,61,30
1609579230000,62,26
1609579530000,69,40
1609579830000,73,33
1609580130000,72,44
1609580430000,73,12
1609580730000,69,23
1609581030000,69,26
1609581330000,70,15
1609581630000,70,14
1609581930000,70,14
1609582230000,65,46
1609582530000,63,50
1609582830000,63,52
1609583130000,65,45
1609583430000,68,39
1609583730000,71,21
1609584030000,71,26
1609584330000,70,36
1609584630000,73,31
1609584930000,69,16
1609585230000,69,16
1609585530000,67,17
1609585830000,64,29
1609586130000,60,44
1609586430000,62,43
1609586730000,66,14
1609587030000,65,15
1609587330000,65,15
1609587630000,65,15
1609587930000,65,14
1609588230000,65,16
1609588530000,65,17
1609588830000,63,30
1609589130000,61,42
1609589430000,63,43
1609589730000,57,69
1609590030000,65,38
1609590330000,65,42
1609590630000,66,28
1609590930000,65,62
1609591230000,62,48
1609591530000,60,53
1609591830000,61,50
1609592130000,60,58
1609592430000,61,51
1609592730000,61,51
1609593030000,61,53
1609593330000,62,52
1609593630000,62,49
1609593930000,67,27
1609594230000,67,20
1609594530000,68,34
1609594830000,70,27
1609595130000,71,21
1609595430000,70,25
1609595730000,72,21
1609596030000,72,23
1609596330000,69,27
1609596630000,67,36
1609596930000,66,44
1609597230000,65,52
1609597530000,65,47
1609597830000,66,42
1609598130000,66,42
1609598430000,66,44
1609598730000,66,45
1609599030000,66,47
1609599330000,64,59
1609599630000,59,69
1609599930000,68,30
1609600230000,71,18
1609600530000,72,35
1609600830000,70,20
1609601130000,69,23
1609601430000,67,37
1609601730000,64,62
1609602030000,61,52
1609602330000,63,42
1609602630000,62,53
1609602930000,61,57
1609603230000,63,43
1609603530000,63,52
1609603830000,62,60
1609604130000,64,61
1609604430000,67,42
1609604730000,72,24
1609605030000,69,32
1609605330000,74,16
1609605630000,69,41
1609605930000,70,35
1609606230000,68,32
1609606530000,65,41
1609606830000,0,0
1609664732000,0,0
1609665032000,0,0
1609665332000,0,0
1609665632000,0,0
1609665932000,60,66
1609666232000,61,66
1609666532000,61,58
1609666832000,62,53
1609667132000,62,52
1609667432000,63,49
1609667732000,60,58
1609668032000,59,52
1609668332000,59,60
1609668632000,59,59
1609668932000,60,53
1609669232000,60,56
1609669532000,60,54
1609669832000,59,56
1609670132000,62,49
1609670432000,72,34
1609670732000,72,26
1609671032000,71,36
1609671332000,67,46
1609671632000,61,73
1609671932000,59,72
1609672232000,57,99
1609672532000,58,86
1609672832000,59,86
1609673132000,59,113
1609673432000,61,74
1609673732000,0,0
1609674032000,0,0
1609674332000,61,58
1609674632000,61,61
1609674932000,65,57
1609675232000,0,0
1609675532000,71,17
1609675832000,69,21
1609676132000,74,31
1609676432000,67,43
1609676732000,64,32
1609677032000,69,19
1609677332000,68,29
1609677632000,61,48
1609677932000,61,45
1609678232000,61,51
1609678532000,62,48
1609678832000,61,51
1609679132000,62,49
1609679432000,63,44
1609679732000,64,44
1609680032000,64,53
1609680332000,58,79
1609680632000,57,70
1609680932000,57,67
1609681232000,57,66
1609681532000,57,67
1609681832000,58,69
1609682132000,62,77
1609682432000,65,35
1609682732000,62,56
1609683032000,66,43
1609683332000,69,19
1609683632000,60,60
1609683932000,58,70
1609684232000,63,37
1609684532000,65,16
1609684832000,66,17
1609685132000,65,17
1609685432000,65,17
1609685732000,65,18
1609686032000,68,20
1609686332000,63,65
1609686632000,69,36
1609686932000,72,26
1609687232000,74,23
1609687532000,73,33
1609687832000,0,0
1609688132000,66,52
1609688432000,63,63
1609688732000,63,63
1609689032000,66,48
1609689332000,63,59
1609689632000,62,61
1609689932000,62,52
1609690232000,63,55
1609690532000,63,57
1609690832000,59,64
1609691132000,60,39
1609691432000,0,0
1609691732000,71,49
1609692032000,76,17
1609692332000,73,34
1609692632000,67,42
1609692932000,66,51
1609693232000,68,25
1609693532000,69,25
1609693832000,72,40
1609694132000,78,17
1609742372000,63,51
1609742672000,62,46
1609742972000,62,44
1609743272000,60,54
1609743572000,64,24
1609743872000,66,18
1609744172000,66,18
1609744472000,66,16
1609744772000,67,16
1609745072000,65,24
1609745372000,63,34
1609745672000,66,14
1609745972000,66,14
1609746272000,67,13
1609746572000,64,64
1609746872000,66,49
1609747172000,70,30
1609747472000,70,34
1609747772000,70,25
1609748072000,68,22
1609748372000,69,17
1609748672000,68,17
1609748972000,68,15
1609749272000,68,19
1609749572000,67,15
1609749872000,67,15
1609750172000,68,32
1609750472000,63,61
1609750772000,63,42
1609751072000,66,18
1609751372000,68,33
1609751672000,71,28
1609751972000,71,26
1609752272000,71,22
1609752572000,72,25
1609752872000,69,24
1609753172000,63,43
1609753472000,58,58
1609753772000,60,42
1609754072000,60,49
1609754372000,60,55
1609754672000,61,48
1609754972000,61,47
1609755272000,63,54
1609755572000,65,31
1609755872000,67,31
1609756172000,63,58
1609756472000,62,56
1609756772000,62,53
1609757072000,63,56
1609757372000,71,19
1609757672000,67,37
1609757972000,66,33
1609758272000,72,10
1609758572000,67,35
1609758872000,71,12
1609759172000,65,47
1609759472000,61,54
1609759772000,60,57
1609760072000,60,57
1609760372000,60,51
1609760672000,62,42
1609760972000,61,46
1609761272000,60,54
1609761572000,61,57
1609761872000,60,57
1609762172000,63,59
1609762472000,64,49
1609762772000,62,62
1609763072000,61,50
1609763372000,61,61
1609763672000,62,75
1609763972000,64,38
1609764272000,67,18
1609764572000,66,24
1609764872000,62,56
1609765172000,62,62
1609765472000,64,52
1609765772000,71,16
1609766072000,72,19
1609766372000,73,25
1609766672000,71,31
1609766972000,71,37
1609767272000,64,45
1609767572000,70,19
1609767872000,65,46
1609768172000,63,58
1609768472000,63,42
1609768772000,62,50
1609769072000,62,55
1609769372000,62,56
1609769672000,62,54
1609769972000,63,51
1609770272000,63,49
1609770572000,65,45
1609770872000,61,52
1609771172000,65,22
1609771472000,66,21
1609771772000,67,45
1609772072000,68,39
1609772372000,64,53
1609772672000,62,54
1609772972000,63,65
1609773272000,61,71
1609773572000,65,58
1609773872000,60,49
1609774172000,62,44
1609774472000,67,52
1609774772000,67,50
1609775072000,77,52
1609833393000,63,49
1609833693000,61,49
1609833993000,60,52
1609834293000,60,49
1609834593000,60,48
1609834893000,59,59
1609835193000,59,64
1609835493000,59,59
1609835793000,59,62
1609836093000,60,77
1609836393000,60,50
1609836693000,60,57
1609836993000,63,62
1609837293000,71,45
1609837593000,72,48
1609837893000,70,39
1609838193000,74,47
1609838493000,71,52
1609838793000,69,49
1609839093000,71,19
1609839393000,66,40
1609839693000,64,31
1609839993000,63,38
1609840293000,63,54
1609840593000,62,60
1609840893000,61,58
1609841193000,62,56
1609841493000,62,58
1609841793000,62,56
1609842093000,62,57
1609842393000,63,55
1609842693000,64,52
1609842993000,65,74
1609843293000,68,40
1609843593000,67,55
1609843893000,70,43
1609844193000,70,41
1609844493000,67,39
1609844793000,70,26
1609845093000,62,57
1609845393000,60,59
1609845693000,60,66
1609845993000,61,56
1609846293000,60,48
1609846593000,59,51
1609846893000,61,51
1609847193000,58,72
1609847493000,60,63
1609847793000,59,68
1609848093000,64,53
1609848393000,0,0
1609848693000,0,0
1609848993000,65,49
1609849293000,61,69
1609849593000,60,67
1609849893000,58,65
1609850193000,59,62
1609850493000,58,69
1609850793000,57,75
1609851093000,57,69
1609851393000,58,71
1609851693000,58,85
1609851993000,56,64
1609852293000,57,59
1609852593000,57,51
1609852893000,56,64
1609853193000,56,62
1609853493000,57,59
1609853793000,60,66
1609854093000,58,69
1609854393000,65,73
1609854693000,68,45
1609854993000,69,39
1609855293000,61,62
1609855593000,59,64
1609855893000,58,96
1609856193000,60,76
1609856493000,58,78
1609856793000,59,76
1609857093000,60,70
1609857393000,61,64
1609857693000,62,71
1609857993000,55,100
1609858293000,59,101
1609858593000,62,76
1609858893000,62,75
1609859193000,66,65
1609917748000,0,0
1609918048000,57,68
1609918348000,58,101
1609918648000,55,105
1609918948000,52,82
1609919248000,52,61
1609919548000,52,64
1609919848000,53,56
1609920148000,54,50
1609920448000,53,58
1609920748000,55,64
1609921048000,54,60
1609921348000,55,58
1609921648000,56,50
1609921948000,56,61
1609922248000,58,57
1609922548000,56,74
1609922848000,62,51
1609923148000,66,52
1609923448000,67,29
1609923748000,64,29
1609924048000,66,25
1609924348000,65,23
1609924648000,65,23
1609924948000,64,21
1609925248000,58,56
1609925548000,57,88
1609925848000,58,55
1609926148000,58,57
1609926448000,58,68
1609926748000,58,40
1609927048000,63,64
1609927348000,61,33
1609927648000,59,29
1609927948000,66,25
1609928248000,64,50
1609928548000,70,38
1609928848000,70,38
1609929148000,71,38
1609929448000,72,48
1609929748000,68,50
1609930048000,70,33
1609930348000,69,28
1609930648000,65,37
1609930948000,61,38
1609931248000,60,45
1609931548000,60,41
1609931848000,60,41
1609932148000,60,39
1609932448000,60,40
1609932748000,60,36
1609933048000,60,40
1609933348000,59,54
1609933648000,59,57
1609933948000,60,59
1609934248000,61,37
1609934548000,62,74
1609934848000,59,49
1609935148000,60,56
1609935448000,66,59
1609935748000,64,41
1609936048000,63,34
1609936348000,63,50
1609936648000,71,34
1609936948000,72,54
1609937248000,72,38
1609937548000,64,47
1609937848000,62,56
1609938148000,62,54
1609938448000,63,46
1609938748000,63,50
1609939048000,63,47
1609939348000,63,49
1609939648000,65,42
1609939948000,64,50
1609940248000,66,51
1609940548000,61,61
1609940848000,65,48
1609941148000,70,36
1609941448000,72,22
1609941748000,72,25
1609942048000,71,27
1609942348000,69,36
1609942648000,65,41
1609942948000,64,59
1609943248000,64,44
1609943548000,64,52
1609943848000,62,56
1609944148000,64,46
1609944448000,63,54
1609944748000,64,41
1609945048000,65,49
1609945348000,60,60
1609945648000,61,40
1609945948000,60,68
1609946248000,60,57
1609946548000,65,43
1609946848000,68,37
1609947148000,63,47
1609947448000,62,57
1609947748000,62,55
1609948048000,61,68
1609948348000,62,52
1609948648000,60,63
1609948948000,59,56
1609949248000,61,72
1609949548000,63,55
1609949848000,63,51
1609950148000,68,46
1609950448000,76,27
1609950748000,0,0
1609951048000,82,39
1610004213000,60,59
1610004513000,58,53
1610004813000,58,65
1610005113000,59,72
1610005413000,58,74
1610005713000,58,117
1610006013000,55,65
1610006313000,55,55
1610006613000,56,49
1610006913000,56,49
1610007213000,59,66
1610007513000,56,71
1610007813000,56,52
1610008113000,56,61
1610008413000,56,68
1610008713000,57,70
1610009013000,57,74
1610009313000,58,64
1610009613000,0,0
1610009913000,0,0
1610010213000,58,70
1610010513000,65,79
1610010813000,68,46
1610011113000,69,31
1610011413000,67,44
1610011713000,65,44
1610012013000,64,29
1610012313000,65,17
1610012613000,65,16
1610012913000,65,17
1610013213000,61,44
1610013513000,65,29
1610013813000,61,61
1610014113000,58,45
1610014413000,61,49
1610014713000,62,34
1610015013000,66,52
1610015313000,68,50
1610015613000,69,52
1610015913000,70,48
1610016213000,65,48
1610016513000,65,62
1610016813000,63,31
1610017113000,60,33
1610017413000,59,52
1610017713000,58,60
1610018013000,58,63
1610018313000,58,62
1610018613000,58,61
1610018913000,58,62
1610019213000,58,58
1610019513000,59,56
1610019813000,63,58
1610020113000,60,39
1610020413000,61,37
1610020713000,63,22
1610021013000,60,59
1610021313000,62,42
1610021613000,64,34
1610021913000,66,33
1610022213000,68,34
1610022513000,66,33
1610022813000,61,30
1610023113000,57,51
1610023413000,57,59
1610023713000,56,49
1610024013000,56,62
1610024313000,57,57
1610024613000,56,55
1610024913000,57,62
1610025213000,57,64
1610025513000,58,59
1610025813000,57,60
1610026113000,60,78
1610026413000,67,36
1610026713000,68,39
1610027013000,68,37
1610027313000,66,55
1610027613000,71,34
1610027913000,70,42
1610028213000,68,20
1610028513000,62,43
1610028813000,60,44
1610029113000,60,46
1610029413000,60,51
1610029713000,60,55
1610030013000,61,68
1610030313000,60,53
1610030613000,59,72
1610030913000,61,75
1610031213000,65,84
1610031513000,67,47
1610092051000,0,0
1610092351000,61,66
1610092651000,61,72
1610092951000,61,62
1610093251000,61,54
1610093551000,62,53
1610093851000,62,53
1610094151000,62,56
1610094451000,63,53
1610094751000,64,54
1610095051000,65,46
1610095351000,65,47
1610095651000,66,46
1610095951000,65,48
1610096251000,66,50
1610096551000,67,49
1610096851000,71,48
1610097151000,71,41
1610097451000,74,17
1610097751000,73,14
1610098051000,70,22
1610098351000,66,37
1610098651000,65,44
1610098951000,63,66
1610099251000,61,69
1610099551000,62,57
1610099851000,62,55
1610100151000,59,63
1610100451000,64,36
1610100751000,66,17
1610101051000,66,19
1610101351000,66,19
1610101651000,65,30
1610101951000,0,0
1610102251000,74,29
1610102551000,74,52
1610102851000,72,26
1610103151000,71,34
1610103451000,72,24
1610103751000,71,18
1610104051000,67,22
1610104351000,69,17
1610104651000,69,15
1610104951000,69,17
1610105251000,68,18
1610105551000,68,17
1610105851000,68,20
1610106151000,68,18
1610106451000,69,37
1610106751000,67,24
1610107051000,69,32
1610107351000,69,30
1610107651000,69,37
1610107951000,67,44
1610108251000,72,33
1610108551000,68,36
1610108851000,69,34
1610109151000,70,32
1610109451000,69,18
1610109751000,68,25
1610110051000,68,35
1610110351000,69,30
1610110651000,68,29
1610110951000,68,29
1610111251000,67,27
1610111551000,66,33
1610111851000,61,66
1610112151000,61,65
1610112451000,66,39
1610112751000,70,35
1610113051000,70,37
1610113351000,69,27
1610113651000,68,21
1610113951000,69,21
1610114251000,64,42
1610114551000,63,44
1610114851000,61,56
1610115151000,62,75
1610115451000,62,88
1610115751000,61,72
1610116051000,61,72
1610116351000,63,56
1610116651000,62,64
1610116951000,62,57
1610117251000,62,77
1610117551000,67,49
1610117851000,0,0
1610118151000,64,61
1610118451000,69,27
1610118751000,71,43
1610119051000,74,24
1610119351000,72,29
1610119651000,73,26
1610119951000,69,55
1610120251000,68,36
1610120551000,67,44
1610120851000,69,29
1610121151000,64,72
1610121451000,66,59
1610121751000,67,49
1610122051000,0,0
1610269651000,64,47
1610269951000,62,77
1610270251000,63,38
1610270551000,60,43
1610270851000,60,44
1610271151000,61,43
1610271451000,61,42
1610271751000,61,43
1610272051000,61,44
1610272351000,62,41
1610272651000,63,42
1610272951000,63,42
1610273251000,63,45
1610273551000,63,45
1610273851000,64,41
1610274151000,64,45
1610274451000,72,41
1610274751000,69,54
1610275051000,72,27
1610275351000,71,36
1610275651000,70,35
1610275951000,66,43
1610276251000,67,29
1610276551000,63,39
1610276851000,61,56
1610277151000,62,51
1610277451000,62,50
1610277751000,63,49
1610278051000,66,24
1610278351000,64,42
1610278651000,63,58
1610278951000,62,52
1610279251000,71,32
1610279551000,70,47
1610279851000,72,22
1610280151000,70,36
1610280451000,64,54
1610280751000,63,51
1610281051000,65,49
1610281351000,57,66
1610281651000,58,61
1610281951000,58,68
1610282251000,59,58
1610282551000,60,60
1610282851000,62,48
1610283151000,62,40
1610283451000,62,42
1610283751000,62,75
1610284051000,67,47
1610284351000,69,41
1610284651000,74,25
1610284951000,74,21
1610285251000,70,34
1610285551000,66,53
1610285851000,66,49
1610286151000,62,54
1610286451000,63,66
1610286751000,63,63
1610287051000,63,58
1610287351000,62,59
1610287651000,61,64
1610287951000,61,61
1610288251000,61,60
1610288551000,62,59
1610288851000,61,60
1610289151000,62,59
1610289451000,62,57
1610289751000,64,50
1610290051000,72,23
1610290351000,73,18
1610290651000,68,24
1610290951000,69,38
1610291251000,69,37
1610291551000,67,36
1610291851000,61,54
1610292151000,65,37
1610292451000,67,19
1610292751000,63,80
1610293051000,67,28
1610293351000,65,77
1610293651000,62,79
1610293951000,64,85
1610294251000,57,76
1610294551000,62,51
1610294851000,67,27
1610295151000,73,21
1610295451000,71,31
1610295751000,72,26
1610296051000,70,34
1610296351000,69,39
1610296651000,67,37
1610296951000,66,36
1610297251000,67,20
1610297551000,68,19
1610297851000,68,22
1610298151000,68,19
1610298451000,69,22
1610298751000,67,56
1610299051000,66,45
1610299351000,63,57
1610299651000,63,43
1610299951000,67,30
1610300251000,65,36
1610300551000,65,44
1610300851000,63,59
1610351612000,72,20
1610351912000,69,23
1610352212000,72,15
1610352512000,69,34
1610352812000,66,50
1610353112000,69,28
1610353412000,69,16
1610353712000,69,15
1610354012000,69,25
1610354312000,66,50
1610354612000,66,44
1610354912000,67,49
1610355212000,71,14
1610355512000,71,15
1610355812000,65,62
1610356112000,64,64
1610356412000,64,66
1610356712000,64,50
1610357012000,64,53
1610357312000,64,45
1610357612000,66,47
1610357912000,77,15
1610358212000,74,24
1610358512000,73,32
1610358812000,70,27
1610359112000,66,51
1610359412000,70,13
1610359712000,70,12
1610360012000,69,13
1610360312000,69,13
1610360612000,62,47
1610360912000,66,42
1610361212000,71,12
1610361512000,68,33
1610361812000,71,33
1610362112000,71,27
1610362412000,73,31
1610362712000,78,32
1610363012000,70,30
1610363312000,69,38
1610363612000,73,34
1610363912000,70,38
1610364212000,67,32
1610364512000,66,37
1610364812000,0,0
1610365112000,70,15
1610365412000,70,14
1610365712000,65,33
1610366012000,63,40
1610366312000,64,40
1610366612000,67,16
1610366912000,68,16
1610367212000,67,19
1610367512000,63,52
1610367812000,64,48
1610368112000,66,51
1610368412000,63,63
1610368712000,65,51
1610369012000,66,51
1610369312000,60,39
1610369612000,70,20
1610369912000,70,22
1610370212000,68,32
1610370512000,63,38
1610370812000,0,0
1610371112000,0,0
1610371412000,67,23
1610371712000,67,22
1610372012000,69,22
1610372312000,68,19
1610372612000,67,27
1610372912000,64,48
1610373212000,71,26
1610373512000,68,29
1610373812000,70,31
1610374112000,66,46
1610374412000,62,42
1610374712000,62,40
1610375012000,60,82
1610375312000,60,71
1610375612000,61,70
1610375912000,60,75
1610376212000,61,70
1610376512000,60,60
1610376812000,61,73
1610377112000,61,66
1610377412000,65,65
1610377712000,63,61
1610378012000,68,46
1610378312000,77,21
1610378612000,72,46
1610378912000,62,63
1610379212000,64,71
1610379512000,61,68
1610379812000,59,59
1610380112000,61,63
1610380412000,75,43
1610440170000,63,53
1610440470000,61,57
1610440770000,61,56
1610441070000,61,58
1610441370000,60,63
1610441670000,60,47
1610441970000,59,49
1610442270000,59,38
1610442570000,60,42
1610442870000,60,42
1610443170000,61,42
1610443470000,62,42
1610443770000,62,43
1610444070000,62,44
1610444370000,63,46
1610444670000,64,41
1610444970000,65,50
1610445270000,66,49
1610445570000,67,53
1610445870000,72,49
1610446170000,76,36
1610446470000,74,24
1610446770000,77,24
1610447070000,76,36
1610447370000,71,39
1610447670000,66,47
1610447970000,67,37
1610448270000,67,41
1610448570000,67,45
1610448870000,67,44
1610449170000,68,45
1610449470000,67,42
1610449770000,68,42
1610450070000,65,52
1610450370000,63,62
1610450670000,64,53
1610450970000,71,38
1610451270000,65,38
1610451570000,65,49
1610451870000,63,53
1610452170000,60,57
1610452470000,60,61
1610452770000,59,56
1610453070000,58,54
1610453370000,58,51
1610453670000,58,51
1610453970000,59,51
1610454270000,59,54
1610454570000,58,57
1610454870000,60,54
1610455170000,60,51
1610455470000,63,50
1610455770000,71,20
1610456070000,69,28
1610456370000,68,29
1610456670000,69,30
1610456970000,65,46
1610457270000,64,46
1610457570000,61,56
1610457870000,63,49
1610458170000,62,48
1610458470000,64,60
1610458770000,60,56
1610459070000,62,54
1610459370000,60,57
1610459670000,59,54
1610459970000,60,55
1610460270000,60,48
1610460570000,60,56
1610460870000,60,58
1610461170000,59,63
1610461470000,61,67
1610461770000,64,52
1610462070000,66,45
1610462370000,70,40
1610462670000,63,59
1610462970000,65,72
1610463270000,68,30
1610463570000,0,0
1610528372000,62,49
1610528672000,62,56
1610528972000,61,51
1610529272000,60,46
1610529572000,61,51
1610529872000,62,45
1610530172000,60,59
1610530472000,59,54
1610530772000,59,56
1610531072000,60,57
1610531372000,61,58
1610531672000,65,52
1610531972000,71,48
1610532272000,71,42
1610532572000,71,18
1610532872000,67,41
1610533172000,65,50
1610533472000,64,54
1610533772000,64,55
1610534072000,65,56
1610534372000,65,58
1610534672000,66,60
1610534972000,61,61
1610535272000,62,60
1610535572000,61,71
1610535872000,63,50
1610536172000,68,49
1610536472000,76,23
1610536772000,70,40
1610537072000,69,42
1610537372000,69,28
1610537672000,63,48
1610537972000,62,48
1610538272000,62,50
1610538572000,62,56
1610538872000,62,57
1610539172000,62,55
1610539472000,62,56
1610539772000,63,50
1610540072000,62,52
1610540372000,63,55
1610540672000,64,57
1610540972000,62,82
1610541272000,58,66
1610541572000,62,46
1610541872000,66,42
1610542172000,68,33
1610542472000,68,36
1610542772000,67,45
1610543072000,68,45
1610543372000,65,64
1610543672000,64,70
1610543972000,65,64
1610544272000,65,65
1610544572000,64,63
1610544872000,60,86
1610545172000,60,78
1610545472000,61,75
1610545772000,62,72
1610546072000,63,74
1610546372000,66,65
1610546672000,72,32
1610546972000,69,36
1610547272000,66,47
1610547572000,64,43
1610547872000,62,65
1610548172000,59,62
1610548472000,60,68
1610548772000,58,71
1610549072000,59,67
1610549372000,59,67
1610549672000,60,71
1610549972000,61,59
1610550272000,62,47
1610550572000,62,60
1610550872000,61,71
1610551172000,68,30
1610551472000,70,31
1610551772000,67,45
1610552072000,74,23
1610552372000,0,0
1610552672000,0,0
1610616659000,70,40
1610616959000,69,41
1610617259000,69,38
1610617559000,66,49
1610617859000,67,53
1610618159000,67,45
1610618459000,68,42
1610618759000,67,41
1610619059000,69,41
1610619359000,68,42
1610619659000,69,43
1610619959000,69,44
1610620259000,69,44
1610620559000,68,60
1610620859000,70,53
1610621159000,75,23
1610621459000,68,74
1610621759000,65,43
1610622059000,65,41
1610622359000,66,41
1610622659000,66,42
1610622959000,65,46
1610623259000,66,45
1610623559000,66,42
1610623859000,64,46
1610624159000,65,45
1610624459000,65,46
1610624759000,65,46
1610625059000,65,58
1610625359000,72,32
1610625659000,74,41
1610625959000,74,60
1610626259000,75,40
1610626559000,68,46
1610626859000,68,41
1610627159000,68,38
1610627459000,68,40
1610627759000,68,50
1610628059000,69,39
1610628359000,70,46
1610628659000,70,38
1610628959000,70,36
1610629259000,70,41
1610629559000,70,37
1610629859000,70,39
1610630159000,70,40
1610630459000,71,46
1610630759000,71,60
1610631059000,76,26
1610631359000,75,42
1610631659000,74,23
1610631959000,71,25
1610632259000,68,26
1610632559000,66,31
1610632859000,65,29
1610633159000,66,28
1610633459000,63,46
1610633759000,64,48
1610634059000,63,46
1610634359000,63,49
1610634659000,63,42
1610634959000,64,33
1610635259000,64,38
1610635559000,67,76
1610635859000,63,61
1610636159000,64,70
1610636459000,64,64
1610636759000,65,60
1610637059000,71,44
1610637359000,0,0
1610769483000,0,0
1610769783000,0,0
1610770083000,0,0
1610770383000,0,0
1610770683000,0,0
1610770983000,0,0
1610771283000,0,0
1610771583000,0,0
1610771883000,0,0
1610772183000,0,0
1610772483000,0,0
1610772783000,0,0
1610773083000,0,0
1610773383000,0,0
1610773683000,0,0
1610773983000,0,0
1610774283000,0,0
1610774583000,0,0
1610774883000,0,0
1610775183000,0,0
1610775483000,0,0
1610775783000,0,0
1610776083000,0,0
1610776383000,0,0
1610776683000,0,0
1610776983000,0,0
1610777283000,0,0
1610777583000,0,0
1610777883000,0,0
1610778183000,0,0
1610778483000,0,0
1610778783000,0,0
1610779083000,0,0
1610779383000,0,0
1610779683000,0,0
1610779983000,0,0
1610780283000,0,0
1610780583000,0,0
1610780883000,0,0
1610781183000,0,0
1610781483000,0,0
1610781783000,0,0
1610782083000,0,0
1610782383000,0,0
1610782683000,0,0
1610782983000,0,0
1610783283000,0,0
1610783583000,0,0
1610783883000,0,0
1610784183000,0,0
1610784483000,0,0
1610784783000,0,0
1610785083000,0,0
1610785383000,0,0
1610785683000,0,0
1610785983000,0,0
1610786283000,0,0
1610786583000,0,0
1610786883000,0,0
1610787183000,0,0
1610787483000,0,0
1610787783000,0,0
1610788083000,0,0
1610788383000,77,30
1610788683000,0,0
1610788983000,0,0
1610789283000,0,0
1610789583000,0,0
1610789883000,0,0
1610790183000,74,45
1610790483000,76,38
1610790783000,74,22
1610791083000,73,61
1610791383000,74,35
1610791683000,72,76
1610791983000,74,70
1610792283000,74,64
1610792583000,71,75
1610792883000,70,106
1610793183000,72,52
1610793483000,71,37
1610793783000,71,41
1610794083000,72,39
1610794383000,70,82
1610794683000,71,75
1610794983000,77,47
1610795283000,80,31
1610795583000,78,46
1610795883000,80,36
1610796183000,79,25
1610796483000,78,14
1610796783000,76,22
1610797083000,76,17
1610797383000,76,15
1610797683000,75,13
1610797983000,73,22
1610798283000,70,35
1610798583000,71,35
1610798883000,69,43
1610799183000,68,45
1610799483000,67,42
1610799783000,67,45
1610800083000,67,51
1610800383000,73,39
1610800683000,78,28
1610800983000,80,23
1610801283000,78,19
1610801583000,77,34
1610801883000,77,24
1610802183000,73,24
1610802483000,71,25
1610802783000,72,30
1610803083000,70,31
1610803383000,70,33
1610803683000,70,34
1610803983000,71,34
1610804283000,70,37
1610804583000,71,34
1610804883000,77,20
1610805183000,70,36
1610805483000,74,30
1610805783000,76,29
1610806083000,77,30
1610806383000,81,19
1610806683000,81,21
1610806983000,77,32
1610807283000,75,19
1610807583000,70,36
1610807883000,68,36
1610808183000,69,32
1610808483000,69,33
1610808783000,68,33
1610809083000,68,33
1610809383000,72,23
1610809683000,76,13
1610809983000,76,12
1610810283000,76,21
1610810583000,71,53
1610810883000,74,54
1610811183000,71,32
1610811483000,75,35
1610811783000,74,33
1610812083000,73,36
1610812383000,76,33
1610812683000,76,19
1610812983000,74,20
1610813283000,78,20
1610813583000,77,20
1610813883000,76,22
1610814183000,73,28
1610873220000,0,0
1610873520000,61,36
1610873820000,64,33
1610874120000,67,34
1610874420000,61,39
1610874720000,61,36
1610875020000,62,43
1610875320000,64,43
1610875620000,64,21
1610875920000,64,24
1610876220000,65,30
1610876520000,71,33
1610876820000,73,54
1610877120000,75,46
1610877420000,73,71
1610877720000,74,63
1610878020000,71,42
1610878320000,70,39
1610878620000,70,37
1610878920000,71,54
1610879220000,72,43
1610879520000,70,86
1610879820000,70,37
1610880120000,70,39
1610880420000,71,38
1610880720000,74,28
1610881020000,75,14
1610881320000,72,31
1610881620000,74,35
1610881920000,79,20
1610882220000,80,19
1610882520000,78,18
1610882820000,74,32
1610883120000,76,27
1610883420000,73,29
1610883720000,71,26
1610884020000,68,30
1610884320000,69,31
1610884620000,66,53
1610884920000,66,46
1610885220000,66,59
1610885520000,67,41
1610885820000,65,29
1610886120000,65,33
1610886420000,65,39
1610886720000,65,41
1610887020000,66,42
1610887320000,68,36
1610887620000,68,25
1610887920000,73,20
1610888220000,74,16
1610888520000,72,29
1610888820000,71,37
1610889120000,72,30
1610889420000,71,34
1610889720000,65,35
1610890020000,67,34
1610890320000,67,35
1610890620000,68,37
1610890920000,68,42
1610891220000,67,45
1610891520000,64,41
1610891820000,73,25
1610892120000,74,22
1610892420000,76,30
1610892720000,74,34
1610893020000,73,32
1610893320000,68,39
1610893620000,69,24
1610893920000,68,32
1610894220000,65,27
1610894520000,65,34
1610894820000,64,42
1610895120000,66,42
1610895420000,65,29
1610895720000,66,24
1610896020000,66,27
1610896320000,66,26
1610896620000,67,29
1610896920000,68,27
1610897220000,68,49
1610897520000,71,38
1610897820000,76,27
1610898120000,74,29
1610898420000,74,34
1610898720000,77,18
1610899020000,70,50
1610899320000,67,61
1610899620000,67,63
1610899920000,65,47
1610900220000,68,32
1610900520000,68,33
1610900820000,71,40
1610901120000,71,50
1610901420000,70,50
1610901720000,71,48
1610902020000,71,26
1610902320000,68,32
1610902620000,69,33
1610902920000,0,0
1610961182000,0,0
1610961482000,75,25
1610961782000,72,32
1610962082000,73,32
1610962382000,74,29
1610962682000,70,29
1610962982000,70,28
1610963282000,69,30
1610963582000,69,37
1610963882000,70,37
1610964182000,73,40
1610964482000,73,22
1610964782000,71,39
1610965082000,78,20
1610965382000,79,33
1610965682000,78,28
1610965982000,77,29
1610966282000,74,20
1610966582000,74,13
1610966882000,74,13
1610967182000,74,13
1610967482000,69,38
1610967782000,71,34
1610968082000,73,14
1610968382000,72,14
1610968682000,72,18
1610968982000,71,17
1610969282000,72,17
1610969582000,71,19
1610969882000,72,18
1610970182000,71,18
1610970482000,72,18
1610970782000,69,44
1610971082000,74,31
1610971382000,74,36
1610971682000,75,17
1610971982000,72,20
1610972282000,74,19
1610972582000,74,18
1610972882000,74,18
1610973182000,68,28
1610973482000,66,35
1610973782000,63,40
1610974082000,64,47
1610974382000,64,39
1610974682000,63,41
1610974982000,65,36
1610975282000,69,33
1610975582000,73,27
1610975882000,73,33
1610976182000,75,24
1610976482000,70,39
1610976782000,71,25
1610977082000,73,34
1610977382000,67,37
1610977682000,65,46
1610977982000,65,39
1610978282000,66,36
1610978582000,67,34
1610978882000,73,24
1610979182000,74,14
1610979482000,66,49
1610979782000,66,45
1610980082000,69,51
1610980382000,68,34
1610980682000,70,38
1610980982000,73,25
1610981282000,78,18
1610981582000,75,25
1610981882000,77,26
1610982182000,74,26
1610982482000,72,24
1610982782000,75,25
1610983082000,74,45
1610983382000,73,44
1610983682000,73,46
1610983982000,74,42
1610984282000,73,43
1610984582000,73,42
1610984882000,74,45
1610985182000,68,64
1610985482000,71,42
1610985782000,70,51
1610986082000,69,37
1610986382000,67,54
1610986682000,66,50
1610986982000,68,49
1610987282000,71,29
1610987582000,68,45
1610987882000,64,57
1610988182000,72,46
1610988482000,76,40
1610988782000,0,0
1611041219000,0,0
1611041519000,72,31
1611041819000,71,35
1611042119000,71,31
1611042419000,70,32
1611042719000,70,29
1611043019000,70,27
1611043319000,70,29
1611043619000,71,30
1611043919000,72,28
1611044219000,72,34
1611044519000,77,28
1611044819000,79,28
1611045119000,78,28
1611045419000,73,25
1611045719000,71,29
1611046019000,69,19
1611046319000,69,22
1611046619000,69,24
1611046919000,69,26
1611047219000,70,25
1611047519000,69,29
1611047819000,68,27
1611048119000,70,37
1611048419000,70,38
1611048719000,68,34
1611049019000,73,23
1611049319000,74,33
1611049619000,76,29
1611049919000,75,29
1611050219000,72,29
1611050519000,70,33
1611050819000,69,36
1611051119000,68,32
1611051419000,70,34
1611051719000,67,30
1611052019000,67,40
1611052319000,68,38
1611052619000,66,38
1611052919000,65,40
1611053219000,66,44
1611053519000,66,41
1611053819000,66,48
1611054119000,73,19
1611054419000,72,34
1611054719000,76,25
1611055019000,75,18
1611055319000,76,29
1611055619000,75,28
1611055919000,73,23
1611056219000,72,30
1611056519000,74,16
1611056819000,68,44
1611057119000,65,48
1611057419000,64,48
1611057719000,68,33
1611058019000,72,16
1611058319000,71,17
1611058619000,65,40
1611058919000,64,48
1611059219000,64,50
1611059519000,64,50
1611059819000,64,50
1611060119000,64,54
1611060419000,70,47
1611060719000,74,23
1611061019000,77,14
1611061319000,72,20
1611061619000,71,31
1611061919000,71,23
1611062219000,67,40
1611062519000,70,26
1611062819000,71,15
1611063119000,65,28
1611063419000,64,35
1611063719000,64,36
1611064019000,64,32
1611064319000,62,54
1611064619000,64,59
1611064919000,69,40
1611065219000,69,51
1611065519000,65,48
1611065819000,65,55
1611066119000,73,23
1611066419000,74,20
1611066719000,70,36
1611067019000,69,45
1611067319000,69,39
1611067619000,65,44
1611067919000,63,51
1611068219000,64,52
1611068519000,65,52
1611068819000,64,53
1611069119000,65,40
1611069419000,68,43
1611135902000,70,60
1611136202000,67,54
1611136502000,66,47
1611136802000,65,47
1611137102000,66,44
1611137402000,66,48
1611137702000,68,40
1611138002000,69,40
1611138302000,71,36
1611138602000,72,33
1611138902000,73,36
1611139202000,75,34
1611139502000,74,42
1611139802000,74,34
1611140102000,75,32
1611140402000,72,38
1611140702000,68,46
1611141002000,70,36
1611141302000,69,39
1611141602000,69,38
1611141902000,68,46
1611142202000,71,35
1611142502000,69,37
1611142802000,70,35
1611143102000,70,34
1611143402000,71,36
1611143702000,71,32
1611144002000,74,34
1611144302000,72,26
1611144602000,72,35
1611144902000,73,36
1611145202000,69,35
1611145502000,71,24
1611145802000,72,23
1611146102000,70,26
1611146402000,70,28
1611146702000,71,24
1611147002000,71,26
1611147302000,71,25
1611147602000,71,27
1611147902000,71,28
1611148202000,67,52
1611148502000,73,21
1611148802000,71,31
1611149102000,75,15
1611149402000,76,21
1611149702000,76,17
1611150002000,77,15
1611150302000,74,23
1611150602000,69,28
1611150902000,70,24
1611151202000,71,24
1611151502000,71,20
1611151802000,72,19
1611152102000,70,30
1611152402000,71,26
1611152702000,72,21
1611153002000,70,27
1611153302000,68,59
1611153602000,66,51
1611153902000,74,29
1611154202000,73,35
1611154502000,75,39
1611154802000,67,58
1611155102000,68,46
1611155402000,69,42
1611155702000,71,38
1611156002000,71,46
1611156302000,71,40
1611156602000,69,48
1611156902000,75,29
1611157202000,79,38
1611157502000,81,29
1611219092000,75,38
1611219392000,73,39
1611219692000,70,44
1611219992000,73,43
1611220292000,71,42
1611220592000,74,43
1611220892000,73,36
1611221192000,75,46
1611221492000,76,44
1611221792000,76,43
1611222092000,71,42
1611222392000,73,42
1611222692000,74,43
1611222992000,75,41
1611223292000,76,39
1611223592000,76,35
1611223892000,77,32
1611224192000,76,29
1611224492000,80,27
1611224792000,78,26
1611225092000,0,0
1611225392000,0,0
1611225692000,0,0
1611225992000,68,38
1611226292000,67,43
1611226592000,68,36
1611226892000,68,42
1611227192000,68,41
1611227492000,68,47
1611227792000,68,46
1611228092000,68,44
1611228392000,69,47
1611228692000,69,45
1611228992000,69,42
1611229292000,68,47
1611229592000,76,27
1611229892000,75,28
1611230192000,0,0
1611230492000,0,0
1611230792000,74,35
1611231092000,77,19
1611231392000,70,40
1611231692000,70,39
1611231992000,72,30
1611232292000,71,32
1611232592000,73,31
1611232892000,72,33
1611233192000,72,32
1611233492000,73,35
1611233792000,73,35
1611234092000,73,32
1611234392000,73,36
1611234692000,73,33
1611234992000,74,35
1611235292000,74,35
1611235592000,73,39
1611235892000,78,37
1611236192000,72,41
1611236492000,74,31
1611236792000,73,31
1611237092000,68,41
1611237392000,68,47
1611237692000,66,60
1611237992000,68,47
1611238292000,67,46
1611238592000,67,43
1611238892000,70,38
1611239192000,69,38
1611239492000,69,39
1611239792000,68,45
1611240092000,69,46
1611240392000,69,57
1611240692000,73,35
1611301591000,63,42
1611301891000,64,43
1611302191000,63,44
1611302491000,63,39
1611302791000,63,38
1611303091000,63,34
1611303391000,64,38
1611303691000,64,36
1611303991000,65,33
1611304291000,67,41
1611304591000,72,42
1611304891000,76,34
1611305191000,73,58
1611305491000,71,62
1611305791000,68,42
1611306091000,69,43
1611306391000,69,39
1611306691000,67,31
1611306991000,68,42
1611307291000,68,44
1611307591000,68,43
1611307891000,69,42
1611308191000,69,39
1611308491000,71,46
1611308791000,71,42
1611309091000,74,36
1611309391000,75,25
1611309691000,77,35
1611309991000,75,40
1611310291000,76,20
1611310591000,75,13
1611310891000,76,11
1611311191000,74,21
1611311491000,68,46
1611311791000,68,38
1611312091000,68,45
1611312391000,68,46
1611312691000,66,47
1611312991000,67,43
1611313291000,68,45
1611313591000,68,42
1611313891000,75,22
1611314191000,77,19
1611314491000,74,30
1611314791000,74,24
1611315091000,73,29
1611315391000,68,26
1611315691000,69,21
1611315991000,69,40
1611316291000,68,43
1611316591000,67,46
1611316891000,67,45
1611317191000,68,45
1611317491000,68,44
1611317791000,68,53
1611318091000,65,59
1611318391000,67,52
1611318691000,72,35
1611318991000,72,28
1611319291000,76,19
1611319591000,68,26
1611319891000,70,37
1611320191000,70,38
1611320491000,72,27
1611320791000,67,43
1611321091000,69,35
1611321391000,69,36
1611321691000,69,35
1611321991000,65,52
1611322291000,65,41
1611322591000,66,44
1611322891000,70,47
1611323191000,75,28
1611323491000,75,27
1611323791000,75,25
1611324091000,73,24
1611324391000,80,22
1611324691000,76,20
1611324991000,73,33
1611325291000,72,36
1611325591000,77,16
1611325891000,74,35
1611326191000,76,13
1611326491000,75,14
1611326791000,76,15
1611327091000,69,40
1611327391000,70,45
1611327691000,72,48
1611327991000,72,48
1611328291000,72,47
1611328591000,72,45
1611328891000,73,47
1611329191000,70,54
1611329491000,68,51
1611329791000,70,49
1611330091000,70,52
1611330391000,76,42
1611330691000,0,0
1611396573000,70,36
1611396873000,66,30
1611397173000,66,32
1611397473000,66,38
1611397773000,67,36
1611398073000,67,37
1611398373000,69,36
1611398673000,69,36
1611398973000,69,36
1611399273000,70,35
1611399573000,70,39
1611399873000,76,33
1611400173000,76,32
1611400473000,76,25
1611400773000,72,34
1611401073000,76,17
1611401373000,77,10
1611401673000,76,10
1611401973000,77,11
1611402273000,77,12
1611402573000,77,10
1611402873000,76,28
1611403173000,69,35
1611403473000,69,35
1611403773000,72,29
1611404073000,76,36
1611404373000,78,32
1611404673000,78,15
1611404973000,78,25
1611405273000,79,19
1611405573000,71,42
1611405873000,71,39
1611406173000,73,35
1611406473000,73,34
1611406773000,71,38
1611407073000,69,50
1611407373000,69,50
1611407673000,70,47
1611407973000,70,43
1611408273000,71,41
1611408573000,71,43
1611408873000,71,40
1611409173000,75,28
1611409473000,79,15
1611409773000,78,18
1611410073000,73,36
1611410373000,80,16
1611410673000,79,17
1611410973000,80,12
1611411273000,66,51
1611411573000,67,40
1611411873000,67,42
1611412173000,66,45
1611412473000,68,33
1611412773000,68,34
1611413073000,67,36
1611413373000,66,52
1611413673000,74,29
1611413973000,75,32
1611414273000,77,20
1611414573000,76,28
1611414873000,77,29
1611415173000,79,10
1611415473000,72,42
1611415773000,69,43
1611416073000,70,47
1611416373000,70,42
1611416673000,70,43
1611416973000,70,41
1611417273000,69,48
1611417573000,70,35
1611417873000,71,36
1611418173000,70,38
1611418473000,70,40
1611418773000,75,26
1611419073000,77,27
1611419373000,70,41
1611419673000,75,32
1611419973000,79,19
1611420273000,75,41
1611420573000,76,16
1611420873000,77,25
1611421173000,76,16
1611421473000,76,42
1611421773000,79,32
1611422073000,76,43
1611422373000,71,49
1611481531000,65,42
1611481831000,66,43
1611482131000,64,44
1611482431000,65,41
1611482731000,65,41
1611483031000,0,0
1611483331000,0,0
1611483631000,0,0
1611483931000,0,0
1611484231000,69,47
1611484531000,68,45
1611484831000,70,43
1611485131000,72,37
1611485431000,75,58
1611485731000,77,44
1611486031000,76,38
1611486331000,74,34
1611486631000,71,43
1611486931000,70,48
1611487231000,67,55
1611487531000,69,44
1611487831000,70,42
1611488131000,71,40
1611488431000,71,39
1611488731000,71,38
1611489031000,71,42
1611489331000,71,38
1611489631000,72,41
1611489931000,82,18
1611490231000,76,33
1611490531000,78,28
1611490831000,77,20
1611491131000,74,33
1611491431000,73,30
1611491731000,71,42
1611492031000,99,31
1611492331000,0,0
1611492631000,0,0
1611492931000,64,57
1611493231000,0,0
1611493531000,0,0
1611493831000,0,0
1611494131000,0,0
1611494431000,0,0
1611494731000,0,0
1611495031000,75,25
1611495331000,77,28
1611495631000,75,29
1611495931000,77,19
1611496231000,75,19
1611496531000,76,18
1611496831000,76,21
1611497131000,75,22
1611497431000,71,32
1611497731000,74,31
1611498031000,70,38
1611498331000,70,40
1611498631000,70,44
1611498931000,70,46
1611499231000,71,42
1611499531000,71,46
1611499831000,72,51
1611500131000,66,66
1611500431000,75,28
1611500731000,73,37
1611501031000,75,30
1611501331000,77,21
1611501631000,78,19
1611501931000,77,16
1611502231000,72,37
1611502531000,71,37
1611502831000,70,46
1611503131000,0,0
1611503431000,0,0
1611503731000,0,0
1611504031000,68,52
1611504331000,68,52
1611504631000,69,44
1611504931000,69,42
1611505231000,70,46
1611505531000,74,44
1611505831000,77,20
1611506131000,77,30
1611506431000,76,20
1611506731000,77,25
1611507031000,77,19
1611507331000,75,32
1611507631000,77,27
1611564393000,0,0
1611564693000,64,59
1611564993000,64,54
1611565293000,62,47
1611565593000,62,50
1611565893000,62,52
1611566193000,63,55
1611566493000,63,54
1611566793000,69,41
1611567093000,74,17
1611567393000,71,34
1611567693000,73,39
1611567993000,75,40
1611568293000,77,30
1611568593000,74,37
1611568893000,72,36
1611569193000,71,37
1611569493000,70,52
1611569793000,71,53
1611570093000,68,47
1611570393000,69,42
1611570693000,70,36
1611570993000,70,37
1611571293000,70,42
1611571593000,69,41
1611571893000,70,39
1611572193000,71,48
1611572493000,73,33
1611572793000,76,29
1611573093000,79,23
1611573393000,76,34
1611573693000,74,31
1611573993000,72,39
1611574293000,70,43
1611574593000,73,15
1611574893000,72,14
1611575193000,73,13
1611575493000,70,25
1611575793000,66,47
1611576093000,66,39
1611576393000,73,14
1611576693000,72,13
1611576993000,73,13
1611577293000,73,12
1611577593000,73,13
1611577893000,72,22
1611578193000,69,47
1611578493000,73,37
1611578793000,76,34
1611579093000,75,30
1611579393000,76,25
1611579693000,73,35
1611579993000,68,53
1611580293000,67,43
1611580593000,67,44
1611580893000,66,47
1611581193000,66,41
1611581493000,66,45
1611581793000,66,45
1611582093000,66,47
1611582393000,67,59
1611582693000,66,51
1611582993000,65,40
1611583293000,65,41
1611583593000,69,32
1611583893000,72,38
1611584193000,73,30
1611584493000,78,20
1611584793000,77,19
1611585093000,74,20
1611585393000,76,17
1611585693000,77,21
1611585993000,75,23
1611586293000,72,39
1611586593000,71,51
1611586893000,0,0
1611587193000,68,71
1611587493000,66,62
1611587793000,65,73
1611588093000,67,68
1611588393000,67,65
1611588693000,70,55
1611588993000,69,42
1611589293000,70,46
1611740402000,72,33
1611740702000,69,44
1611741002000,66,47
1611741302000,66,44
1611741602000,67,38
1611741902000,69,41
1611742202000,70,40
1611742502000,70,39
1611742802000,72,41
1611743102000,70,50
1611743402000,73,50
1611743702000,79,18
1611744002000,78,31
1611744302000,72,39
1611744602000,77,15
1611744902000,75,12
1611745202000,71,36
1611745502000,69,41
1611745802000,69,45
1611746102000,68,47
1611746402000,69,47
1611746702000,69,55
1611747002000,68,67
1611747302000,71,37
1611747602000,76,21
1611747902000,78,19
1611748202000,79,18
1611748502000,76,23
1611748802000,71,28
1611749102000,67,41
1611749402000,67,38
1611749702000,65,54
1611750002000,64,55
1611750302000,65,48
1611750602000,65,52
1611750902000,65,54
1611751202000,66,52
1611751502000,65,57
1611751802000,64,55
1611752102000,65,53
1611752402000,64,56
1611752702000,66,62
1611753002000,68,52
1611753302000,76,26
1611753602000,71,43
1611753902000,78,27
1611754202000,72,35
1611754502000,69,41
1611754802000,72,35
1611755102000,71,33
1611755402000,68,58
1611755702000,64,59
1611756002000,63,57
1611756302000,62,55
1611756602000,63,61
1611756902000,64,57
1611757202000,64,58
1611757502000,64,54
1611757802000,65,58
1611758102000,65,63
1611758402000,71,34
1611758702000,75,35
1611759002000,74,33
1611759302000,76,22
1611759602000,69,52
1611759902000,70,55
1611760202000,71,53
1611760502000,72,42
1611760802000,71,41
1611761102000,72,40
1611761402000,73,40
1611761702000,72,45
1611762002000,68,67
1611762302000,66,62
1611762602000,73,48
1611762902000,80,23
1611763202000,0,0
1611824339000,69,42
1611824639000,69,43
1611824939000,62,50
1611825239000,62,49
1611825539000,63,48
1611825839000,62,50
1611826139000,64,52
1611826439000,63,59
1611826739000,64,51
1611827039000,65,53
1611827339000,66,51
1611827639000,66,55
1611827939000,67,56
1611828239000,66,56
1611828539000,67,57
1611828839000,77,30
1611829139000,75,34
1611829439000,72,39
1611829739000,70,44
1611830039000,66,57
1611830339000,61,71
1611830639000,63,58
1611830939000,63,60
1611831239000,63,58
1611831539000,64,49
1611831839000,64,54
1611832139000,63,61
1611832439000,63,58
1611832739000,63,57
1611833039000,67,51
1611833339000,74,25
1611833639000,75,26
1611833939000,74,25
1611834239000,77,31
1611834539000,74,31
1611834839000,75,19
1611835139000,74,23
1611835439000,69,44
1611835739000,68,49
1611836039000,69,39
1611836339000,70,32
1611836639000,71,31
1611836939000,72,31
1611837239000,72,32
1611837539000,72,29
1611837839000,70,46
1611838139000,67,45
1611838439000,68,54
1611838739000,76,23
1611839039000,74,42
1611839339000,75,30
1611839639000,72,37
1611839939000,71,38
1611840239000,79,21
1611840539000,73,31
1611840839000,73,30
1611841139000,69,44
1611841439000,70,41
1611841739000,71,32
1611842039000,72,32
1611842339000,72,36
1611842639000,71,38
1611842939000,68,49
1611843239000,72,31
1611843539000,67,39
1611843839000,66,43
1611844139000,67,41
1611844439000,67,43
1611844739000,73,24
1611845039000,73,32
1611845339000,74,28
1611845639000,69,41
1611845939000,76,20
1611846239000,76,28
1611846539000,73,45
1611846839000,71,32
1611847139000,67,51
1611847439000,72,22
1611847739000,66,61
1611848039000,67,61
1611848339000,68,67
1611848639000,66,62
1611907802000,0,0
1611908102000,65,52
1611908402000,65,45
1611908702000,66,40
1611909002000,67,44
1611909302000,68,47
1611909602000,68,44
1611909902000,68,45
1611910202000,70,40
1611910502000,71,36
1611910802000,71,41
1611911102000,68,39
1611911402000,76,22
1611911702000,73,41
1611912002000,74,28
1611912302000,70,41
1611912602000,69,27
1611912902000,71,26
1611913202000,73,15
1611913502000,71,36
1611913802000,70,40
1611914102000,72,15
1611914402000,73,15
1611914702000,73,17
1611915002000,73,17
1611915302000,73,17
1611915602000,73,25
1611915902000,75,30
1611916202000,75,29
1611916502000,74,41
1611916802000,73,22
1611917102000,73,30
1611917402000,72,37
1611917702000,71,35
1611918002000,71,25
1611918302000,71,18
1611918602000,70,25
1611918902000,66,35
1611919202000,63,50
1611919502000,63,54
1611919802000,62,56
1611920102000,61,55
1611920402000,62,53
1611920702000,63,52
1611921002000,60,54
1611921302000,61,49
1611921602000,0,0
1611921902000,66,41
1611922202000,68,32
1611922502000,76,26
1611922802000,76,29
1611923102000,77,27
1611923402000,74,59
1611923702000,75,35
1611924002000,73,18
1611924302000,74,14
1611924602000,73,14
1611924902000,73,14
1611925202000,73,15
1611925502000,71,19
1611925802000,68,39
1611926102000,66,46
1611926402000,67,48
1611926702000,66,49
1611927002000,67,46
1611927302000,66,46
1611927602000,67,38
1611927902000,73,23
1611928202000,74,24
1611928502000,75,14
1611928802000,75,21
1611929102000,73,25
1611929402000,75,16
1611929702000,73,27
1611930002000,70,38
1611930302000,70,35
1611930602000,70,21
1611930902000,69,25
1611931202000,70,23
1611931502000,70,25
1611931802000,70,23
1611932102000,67,41
1611932402000,0,0
1611932702000,63,54
1611933002000,73,21
1611933302000,75,13
1611933602000,76,25
1611933902000,0,0
1611934202000,69,47
1611934502000,69,43
1611934802000,68,43
1611935102000,66,50
1611935402000,65,55
1611935702000,67,53
1611936002000,66,56
1611936302000,72,48
1611936602000,0,0
1611936902000,0,0
1611998283000,0,0
1611998583000,58,57
1611998883000,57,106
1611999183000,56,64
1611999483000,56,60
1611999783000,57,60
1612000083000,58,71
1612000383000,59,61
1612000683000,59,59
1612000983000,60,57
1612001283000,61,51
1612001583000,62,51
1612001883000,63,49
1612002183000,66,45
1612002483000,72,33
1612002783000,71,28
1612003083000,70,32
1612003383000,64,35
1612003683000,61,54
1612003983000,62,64
1612004283000,61,58
1612004583000,61,57
1612004883000,62,52
1612005183000,62,52
1612005483000,67,22
1612005783000,68,13
1612006083000,68,13
1612006383000,64,71
1612006683000,59,68
1612006983000,67,53
1612007283000,67,61
1612007583000,66,59
1612007883000,72,32
1612008183000,68,42
1612008483000,70,48
1612008783000,76,39
1612009083000,75,14
1612009383000,72,17
1612009683000,61,59
1612009983000,59,62
1612010283000,60,59
1612010583000,60,57
1612010883000,60,62
1612011183000,60,68
1612011483000,60,60
1612011783000,60,59
1612012083000,61,59
1612012383000,62,54
1612012683000,63,52
1612012983000,64,49
1612013283000,63,71
1612013583000,63,56
1612013883000,67,65
1612014183000,71,30
1612014483000,71,17
1612014783000,72,17
1612015083000,71,17
1612015383000,70,29
1612015683000,63,58
1612015983000,64,53
1612016283000,64,53
1612016583000,65,56
1612016883000,64,65
1612017183000,70,34
1612017483000,73,26
1612017783000,73,36
1612018083000,76,17
1612018383000,71,51
1612018683000,61,71
1612018983000,61,78
1612019283000,62,71
1612019583000,62,72
1612019883000,63,68
1612020183000,63,67
1612020483000,64,60
1612020783000,63,66
1612021083000,64,68
1612021383000,65,62
1612021683000,65,59
1612021983000,65,60
1612022283000,68,54
1612022583000,75,26
1612084561000,65,38
1612084861000,64,44
1612085161000,63,37
1612085461000,63,36
1612085761000,61,50
1612086061000,65,30
1612086361000,67,18
1612086661000,60,61
1612086961000,60,54
1612087261000,60,58
1612087561000,60,55
1612087861000,65,48
1612088161000,72,36
1612088461000,76,23
1612088761000,73,16
1612089061000,72,15
1612089361000,68,17
1612089661000,65,47
1612089961000,61,62
1612090261000,61,65
1612090561000,61,64
1612090861000,60,63
1612091161000,60,66
1612091461000,61,62
1612091761000,66,20
1612092061000,65,20
1612092361000,66,21
1612092661000,66,23
1612092961000,65,20
1612093261000,66,27
1612093561000,73,64
1612093861000,70,21
1612094161000,69,20
1612094461000,65,35
1612094761000,64,42
1612095061000,67,31
1612095361000,67,21
1612095661000,67,22
1612095961000,60,67
1612096261000,57,67
1612096561000,59,54
1612096861000,60,44
1612097161000,59,95
1612097461000,56,100
1612097761000,58,74
1612098061000,64,60
1612098361000,72,14
1612098661000,74,14
1612098961000,68,39
1612099261000,66,36
1612099561000,67,31
1612099861000,71,24
1612100161000,64,39
1612100461000,61,47
1612100761000,60,51
1612101061000,60,50
1612101361000,59,57
1612101661000,58,73
1612101961000,58,62
1612102261000,57,66
1612102561000,56,73
1612102861000,60,48
1612103161000,60,50
1612103461000,62,43
1612103761000,61,51
1612104061000,0,0
1612104361000,69,36
1612104661000,71,28
1612104961000,65,52
1612105261000,61,57
1612105561000,65,42
1612105861000,65,43
1612106161000,63,56
1612106461000,63,50
1612106761000,64,51
1612107061000,64,59
1612107361000,64,49
1612107661000,64,49
1612107961000,65,48
1612108261000,65,45
1612108561000,63,64
1612108861000,68,75
1612109161000,71,25
1612109461000,75,20
1612109761000,0,0
1612110061000,74,15
1612110361000,66,54
1612110661000,64,68
1612110961000,67,54
1612111261000,0,0
